Coleta,Dia,Vaso,MQ2,MQ3,MQ7,MQ8,MQ135,MQ138,Classe
dia 20 sem pressao - Soja Heter,20,,12976,12975,12973,4433,12972,7732,0
dia 20 sem pressao - Soja Heter,20,,12944,12960,12953,5043,12961,7736,0
dia 20 sem pressao - Soja Heter,20,,12963,12962,12959,4833,12964,7736,0
dia 20 sem pressao - Soja Heter,20,,12997,13017,12982,4687,13003,7737,0
dia 20 sem pressao - Soja Heter,20,,12960,12969,12961,4675,12964,7729,0
dia 20 sem pressao - Soja Heter,20,,12966,12963,12968,4525,12953,7732,0
dia 20 sem pressao - Soja Heter,20,,12969,12970,12958,4729,12977,7743,0
dia 20 sem pressao - Soja Heter,20,,12948,12955,12947,4598,12965,7729,0
dia 20 sem pressao - Soja Heter,20,,12998,13000,12999,4574,12999,7740,0
dia 20 sem pressao - Soja Heter,20,,13003,13005,12998,4692,13002,7730,0
dia 20 sem pressao - Soja Heter,20,,12996,12995,12997,4326,13000,7728,0
dia 20 sem pressao - Soja Heter,20,,12993,12986,13012,4876,12979,7732,0
dia 20 sem pressao - Soja Heter,20,,12966,12959,12968,4822,12973,7726,0
dia 20 sem pressao - Soja Heter,20,,13030,13041,12981,4916,13036,7732,0
dia 20 sem pressao - Soja Heter,20,,13017,13014,13019,4749,13011,7735,0
dia 20 sem pressao - Soja Heter,20,,13019,13018,13013,4817,13017,7730,0
dia 20 sem pressao - Soja Heter,20,,13010,13017,13015,4796,13011,7728,0
dia 20 sem pressao - Soja Heter,20,,13240,13238,13238,4978,13243,7713,0
dia 20 sem pressao - Soja Heter,20,,13253,13251,13255,4754,13242,7716,0
dia 20 sem pressao - Soja Heter,20,,13263,13262,13263,4874,13262,7725,0
dia 20 sem pressao - Soja Heter,20,,13267,13266,13271,4873,13270,7724,0
dia 20 sem pressao - Soja Heter,20,,13219,13216,13204,5069,13229,7715,0
dia 20 sem pressao - Soja Heter,20,,13229,13233,13220,4674,13223,7706,0
dia 20 sem pressao - Soja Heter,20,,12963,12946,12946,5019,12918,7721,0
dia 20 sem pressao - Soja Heter,20,,12909,12921,12918,4977,12902,7714,0
dia 20 sem pressao - Soja Heter,20,,12891,12898,12918,4933,12903,7716,0
dia 20 sem pressao - Soja Heter,20,,12933,12905,12938,5014,12927,7722,0
dia 20 sem pressao - Soja Heter,20,,12891,12891,12892,4278,12864,7713,0
dia 20 sem pressao - Soja Heter,20,,12972,12960,12973,4786,12951,7709,0
dia 20 sem pressao - Soja Heter,20,,12997,12996,13007,4875,12989,7704,0
dia 20 sem pressao - Soja Heter,20,,13026,12992,12987,4804,12996,7697,0
dia 20 sem pressao - Soja Heter,20,,12885,12882,12885,4777,12869,7701,0
dia 20 sem pressao - Soja Heter,20,,12856,12874,12880,4779,12871,7694,0
dia 20 sem pressao - Soja Heter,20,,12885,12899,12892,4866,12875,7696,0
dia 20 sem pressao - Soja Heter,20,,12902,12900,12909,4825,12890,7695,0
dia 20 sem pressao - Soja Heter,20,,12883,12884,12892,4475,12876,7686,0
dia 20 sem pressao - Soja Heter,20,,12876,12873,12898,4989,12860,7696,0
dia 20 sem pressao - Soja Heter,20,,12885,12883,12883,5075,12890,7704,0
dia 20 sem pressao - Soja Heter,20,,12851,12848,12853,4489,12868,7696,0
dia 20 sem pressao - Soja Heter,20,,12857,12847,12870,4955,12848,7688,0
dia 20 sem pressao - Soja Heter,20,,12856,12859,12866,5115,12855,7688,0
dia 20 sem pressao - Soja Heter,20,,12862,12872,12881,4786,12878,7686,0
dia 20 sem pressao - Soja Heter,20,,12773,12749,12772,5006,12773,7710,0
dia 20 sem pressao - Soja Heter,20,,12769,12767,12771,4848,12767,7720,0
dia 20 sem pressao - Soja Heter,20,,12743,12741,12735,4842,12748,7737,0
dia 20 sem pressao - Soja Heter,20,,12738,12745,12724,4852,12741,7712,0
dia 20 sem pressao - Soja Heter,20,,12738,12730,12731,4736,12731,7700,0
dia 20 sem pressao - Soja Heter,20,,12722,12727,12721,4757,12728,7694,0
dia 20 sem pressao - Soja Heter,20,,12722,12714,12735,4782,12714,7688,0
dia 20 sem pressao - Soja Heter,20,,12737,12739,12735,4794,12741,7708,0
dia 20 sem pressao - Soja Heter,20,,12749,12751,12747,4851,12749,7704,0
dia 20 sem pressao - Soja Heter,20,,12773,12773,12774,4381,12773,7702,0
dia 20 sem pressao - Soja Heter,20,,12754,12752,12754,4912,12749,7697,0
dia 20 sem pressao - Soja Heter,20,,12765,12766,12762,4871,12767,7701,0
dia 20 sem pressao - Soja Heter,20,,12702,12702,12697,4973,12703,7686,0
dia 20 sem pressao - Soja Heter,20,,12774,12776,12774,4890,12771,7703,0
dia 20 sem pressao - Soja Heter,20,,12769,12762,12774,4909,12781,7698,0
dia 20 sem pressao - Soja Heter,20,,12777,12781,12770,4321,12775,7691,0
dia 20 sem pressao - Soja Heter,20,,12753,12752,12757,4406,12752,7688,0
dia 20 sem pressao - Soja Heter,20,,12763,12764,12774,4979,12760,7691,0
dia 20 sem pressao - Soja Heter,20,,12765,12766,12765,4884,12764,7689,0
dia 20 sem pressao - Soja Heter,20,,12755,12756,12756,4930,12744,7682,0
dia 20 sem pressao - Soja Heter,20,,12775,12771,12762,4413,12765,7681,0
dia 20 sem pressao - Soja Heter,20,,12753,12739,12744,4930,12746,7676,0
dia 20 sem pressao - Soja Heter,20,,12658,12670,12672,4965,12667,7666,0
dia 20 sem pressao - Soja Heter,20,,12708,12717,12690,4985,12729,7682,0
dia 20 sem pressao - Soja Heter,20,,12761,12764,12755,4954,12768,7690,0
dia 20 sem pressao - Soja Heter,20,,12786,12793,12776,4901,12783,7694,0
dia 20 sem pressao - Soja Heter,20,,12746,12774,12725,5048,12776,7693,0
dia 20 sem pressao - Soja Heter,20,,12768,12772,12777,4935,12773,7693,0
dia 20 sem pressao - Soja Heter,20,,12740,12731,12743,4902,12745,7682,0
dia 20 sem pressao - Soja Heter,20,,12768,12767,12769,4909,12751,7685,0
dia 20 sem pressao - Soja Heter,20,,12777,12776,12775,4926,12777,7679,0
dia 20 sem pressao - Soja Heter,20,,12784,12784,12778,4666,12783,7672,0
dia 20 sem pressao - Soja Heter,20,,12777,12778,12778,4964,12778,7677,0
dia 20 sem pressao - Soja Heter,20,,12761,12760,12764,5023,12756,7679,0
dia 20 sem pressao - Soja Heter,20,,12757,12758,12743,4930,12758,7678,0
dia 20 sem pressao - Soja Heter,20,,12745,12745,12740,4881,12745,7675,0
dia 20 sem pressao - Soja Heter,20,,12742,12747,12739,4894,12742,7667,0
dia 20 sem pressao - Soja Heter,20,,12705,12698,12690,5038,12717,7674,0
dia 20 sem pressao - Soja Heter,20,,12745,12752,12744,4927,12751,7678,0
dia 20 sem pressao - Soja Heter,20,,12764,12759,12764,4920,12764,7674,0
dia 20 sem pressao - Soja Heter,20,,12785,12777,12767,4814,12787,7671,0
dia 20 sem pressao - Soja Heter,20,,12768,12773,12770,4856,12779,7669,0
dia 20 sem pressao - Soja Heter,20,,12806,12808,12814,4403,12784,7653,0
dia 20 sem pressao - Soja Heter,20,,12773,12777,12772,4839,12771,7664,0
dia 20 sem pressao - Soja Heter,20,,12755,12755,12755,4868,12753,7663,0
dia 20 sem pressao - Soja Heter,20,,12779,12786,12779,4826,12786,7672,0
dia 20 sem pressao - Soja Heter,20,,12758,12755,12775,4803,12761,7665,0
dia 20 sem pressao - Soja Heter,20,,12750,12748,12755,4952,12746,7667,0
dia 20 sem pressao - Soja Heter,20,,12770,12781,12766,4822,12783,7674,0
dia 20 sem pressao - Soja Heter,20,,12705,12705,12703,4825,12702,7644,0
dia 20 sem pressao - Soja Heter,20,,12701,12698,12695,4781,12696,7640,0
dia 20 sem pressao - Soja Heter,20,,12690,12690,12686,4813,12692,7636,0
dia 20 sem pressao - Soja Heter,20,,12674,12675,12686,4857,12672,7634,0
dia 20 sem pressao - Soja Heter,20,,12691,12695,12683,4770,12691,7661,0
dia 20 sem pressao - Soja Heter,20,,12718,12717,12705,4796,12716,7683,0
dia 20 sem pressao - Soja Heter,20,,12720,12719,12708,4413,12715,7678,0
dia 20 sem pressao - Soja Heter,20,,12726,12721,12725,4777,12719,7671,0
dia 20 sem pressao - Soja Heter,20,,12725,12724,12725,4748,12708,7664,0
dia 20 sem pressao - Soja Heter,20,,12723,12724,12723,4730,12724,7654,0
dia 20 sem pressao - Soja Heter,20,,12715,12716,12712,4784,12716,7651,0
dia 20 sem pressao - Soja Heter,20,,12721,12727,12720,4808,12720,7650,0
dia 20 sem pressao - Soja Heter,20,,12720,12717,12722,4383,12717,7636,0
dia 20 sem pressao - Soja Heter,20,,12709,12710,12712,4730,12713,7641,0
dia 20 sem pressao - Soja Heter,20,,12710,12710,12710,4700,12700,7641,0
dia 20 sem pressao - Soja Heter,20,,12707,12707,12707,4741,12708,7629,0
dia 20 sem pressao - Soja Heter,20,,12705,12703,12706,4771,12702,7640,0
dia 20 sem pressao - Soja Heter,20,,12697,12696,12696,4805,12695,7630,0
dia 20 sem pressao - Soja Heter,20,,12658,12659,12659,4716,12660,7623,0
dia 20 sem pressao - Soja Heter,20,,12662,12662,12658,4749,12661,7622,0
dia 20 sem pressao - Soja Heter,20,,12648,12648,12647,4781,12653,7623,0
dia 20 sem pressao - Soja Heter,20,,12653,12656,12651,4874,12658,7619,0
dia 20 sem pressao - Soja Heter,20,,12659,12660,12661,4941,12658,7626,0
dia 20 sem pressao - Soja Heter,20,,12684,12681,12685,4314,12698,7624,0
dia 20 sem pressao - Soja Heter,20,,12667,12666,12677,4926,12663,7623,0
dia 20 sem pressao - Soja Heter,20,,12635,12628,12631,4905,12628,7610,0
dia 20 sem pressao - Soja Heter,20,,12647,12655,12656,4898,12661,7616,0
dia 20 sem pressao - Soja Heter,20,,12671,12664,12670,4874,12676,7617,0
dia 20 sem pressao - Soja Heter,20,,12653,12661,12662,5040,12667,7618,0
dia 20 sem pressao - Soja Heter,20,,12668,12667,12673,4832,12665,7624,0
dia 20 sem pressao - Soja Heter,20,,12655,12653,12660,4908,12649,7616,0
dia 20 sem pressao - Soja Heter,20,,12688,12689,12688,4867,12691,7627,0
dia 20 sem pressao - Soja Heter,20,,12694,12697,12688,4930,12704,7621,0
dia 20 sem pressao - Soja Heter,20,,12694,12698,12692,4976,12720,7627,0
dia 20 sem pressao - Soja Heter,20,,12658,12658,12662,4324,12667,7611,0
dia 20 sem pressao - Soja Heter,20,,12691,12675,12689,4956,12674,7612,0
dia 20 sem pressao - Soja Heter,20,,12654,12656,12680,4934,12651,7609,0
dia 20 sem pressao - Soja Heter,20,,12686,12668,12696,4885,12666,7617,0
dia 20 sem pressao - Soja Heter,20,,12663,12666,12676,5043,12659,7614,0
dia 20 sem pressao - Soja Heter,20,,12662,12670,12662,4920,12681,7615,0
dia 20 sem pressao - Soja Heter,20,,12865,12859,12866,4805,12871,7666,0
dia 20 sem pressao - Soja Heter,20,,12857,12856,12853,4881,12858,7658,0
dia 20 sem pressao - Soja Heter,20,,12843,12846,12840,4973,12847,7658,0
dia 20 sem pressao - Soja Heter,20,,12782,12779,12774,4947,12785,7644,0
dia 20 sem pressao - Soja Heter,20,,12877,12876,12877,4935,12878,7668,0
dia 20 sem pressao - Soja Heter,20,,12895,12886,12889,4376,12892,7661,0
dia 20 sem pressao - Soja Heter,20,,12894,12877,12891,4952,12876,7660,0
dia 20 sem pressao - Soja Heter,20,,12894,12897,12892,4959,12894,7663,0
dia 20 sem pressao - Soja Heter,20,,12892,12880,12889,4939,12881,7663,0
dia 20 sem pressao - Soja Heter,20,,12873,12876,12870,4951,12875,7659,0
dia 20 sem pressao - Soja Heter,20,,12873,12873,12897,5014,12874,7663,0
dia 20 sem pressao - Soja Heter,20,,12831,12822,12840,4916,12828,7655,0
dia 20 sem pressao - Soja Heter,20,,12829,12825,12831,4934,12822,7653,0
dia 20 sem pressao - Soja Heter,20,,12840,12841,12837,4994,12839,7652,0
dia 20 sem pressao - Soja Heter,20,,12838,12846,12842,4969,12844,7656,0
dia 20 sem pressao - Soja Heter,20,,12782,12796,12763,4984,12826,7653,0
dia 20 sem pressao - Soja Heter,20,,12828,12831,12827,4298,12835,7656,0
dia 20 sem pressao - Soja Heter,20,,12852,12847,12862,4988,12843,7666,0
dia 20 sem pressao - Soja Heter,20,,12869,12869,12878,4955,12872,7693,0
dia 20 sem pressao - Soja Heter,20,,12855,12845,12854,5001,12843,7696,0
dia 20 sem pressao - Soja Heter,20,,12792,12822,12800,4985,12821,7680,0
dia 20 sem pressao - Soja Heter,20,,12834,12808,12836,4895,12794,7666,0
dia 20 sem pressao - Soja Heter,20,,12690,12572,12615,4941,12701,7636,0
dia 20 sem pressao - Soja Heter,20,,12726,12709,12738,4388,12757,7644,0
dia 20 sem pressao - Soja Heter,20,,12862,12865,12860,5036,12863,7667,0
dia 20 sem pressao - Soja Heter,20,,12877,12874,12887,5011,12876,7671,0
dia 20 sem pressao - Soja Heter,20,,12882,12886,12872,5025,12876,7671,0
dia 20 sem pressao - Soja Heter,20,,12814,12818,12816,4991,12812,7656,0
dia 20 sem pressao - Soja Heter,20,,12816,12806,12808,5026,12809,7650,0
dia 20 sem pressao - Soja Heter,20,,12795,12801,12793,4999,12810,7653,0
dia 20 sem pressao - Soja Heter,20,,12790,12785,12786,5018,12792,7656,0
dia 20 sem pressao - Soja Heter,20,,12780,12789,12782,5019,12791,7647,0
dia 20 sem pressao - Soja Heter,20,,12805,12810,12802,5030,12801,7646,0
dia 20 sem pressao - Soja Heter,20,,12797,12802,12803,5013,12798,7645,0
dia 20 sem pressao - Soja Heter,20,,12774,12791,12768,4359,12776,7636,0
dia 20 sem pressao - Soja Heter,20,,12777,12788,12768,4978,12793,7637,0
dia 20 sem pressao - Soja Heter,20,,12781,12777,12770,5048,12762,7634,0
dia 20 sem pressao - Soja Heter,20,,12776,12783,12771,5041,12779,7636,0
dia 20 sem pressao - Soja Heter,20,,12767,12759,12768,5058,12765,7637,0
dia 20 sem pressao - Soja Heter,20,,12782,12794,12785,5050,12789,7635,0
dia 20 sem pressao - Soja Heter,20,,12779,12773,12781,5006,12767,7636,0
dia 20 sem pressao - Soja Heter,20,,12758,12758,12762,5004,12768,7626,0
dia 20 sem pressao - Soja Heter,20,,12683,12735,12729,5020,12331,7348,0
dia 20 sem pressao - Soja Heter,20,,12634,12661,12622,5037,12675,7603,0
dia 20 sem pressao - Soja Heter,20,,12701,12703,12693,5016,12699,7634,0
dia 20 sem pressao - Soja Heter,20,,12702,12721,12693,4475,12700,7655,0
dia 20 sem pressao - Soja Heter,20,,12678,12685,12685,4527,12688,7682,0
dia 20 sem pressao - Soja Heter,20,,12688,12685,12702,4922,12677,7700,0
dia 20 sem pressao - Soja Heter,20,,12688,12678,12689,4958,12687,7714,0
dia 20 sem pressao - Soja Heter,20,,12700,12704,12709,4928,12697,7728,0
dia 20 sem pressao - Soja Heter,20,,12719,12694,12722,5077,12710,7746,0
dia 20 sem pressao - Soja Heter,20,,12722,12700,12714,4995,12708,7759,0
dia 20 sem pressao - Soja Heter,20,,12703,12714,12730,4989,12730,7776,0
dia 20 sem pressao - Soja Heter,20,,12703,12709,12693,4986,12707,7780,0
dia 20 sem pressao - Soja Heter,20,,12739,12742,12742,4945,12742,7796,0
dia 20 sem pressao - Soja Heter,20,,12755,12738,12744,4983,12684,7794,0
dia 20 sem pressao - Soja Heter,20,,12799,12802,12801,4476,12790,7828,0
dia 20 sem pressao - Soja Heter,20,,12911,12903,12911,4986,12908,7864,0
dia 20 sem pressao - Soja Heter,20,,12907,12894,12904,4984,12888,7870,0
dia 20 sem pressao - Soja Heter,20,,12920,12916,12917,4916,12919,7878,0
dia 20 sem pressao - Soja Heter,20,,12916,12922,12918,4913,12922,7893,0
dia 20 sem pressao - Soja Heter,20,,12913,12909,12939,4962,12911,7892,0
dia 20 sem pressao - Soja Heter,20,,12704,12930,12954,4924,12939,7907,0
dia 20 sem pressao - Soja Heter,20,,12962,12972,12964,4915,12976,7923,0
dia 20 sem pressao - Soja Heter,20,,12956,12957,12965,4932,12956,7920,0
dia 20 sem pressao - Soja Heter,20,,12902,12890,12901,4927,12896,7911,0
dia 20 sem pressao - Soja Heter,20,,12899,12898,12898,4914,12905,7915,0
dia 20 sem pressao - Soja Heter,20,,12934,12942,12932,4702,12930,7922,0
dia 20 sem pressao - Soja Heter,20,,12941,12945,12939,4898,12937,7927,0
dia 20 sem pressao - Soja Heter,20,,12941,12942,12944,4908,12935,7927,0
dia 20 sem pressao - Soja Heter,20,,12930,12930,12919,4371,12936,7945,0
dia 20 sem pressao - Soja Heter,20,,12915,12931,12918,4596,12937,7966,0
dia 20 sem pressao - Soja Heter,20,,12899,12877,12896,4744,12853,7959,0
dia 20 sem pressao - Soja Heter,20,,12884,12894,12885,4776,12883,7957,0
dia 20 sem pressao - Soja Heter,20,,12910,12904,12908,4816,12885,7918,0
dia 20 sem pressao - Soja Heter,20,,12885,12906,12904,4853,12908,7911,0
dia 20 sem pressao - Soja Heter,20,,12916,12918,12917,4841,12921,7897,0
dia 20 sem pressao - Soja Heter,20,,12924,12908,12923,4895,12900,7874,0
dia 20 sem pressao - Soja Heter,20,,12888,12889,12895,4897,12891,7853,0
dia 20 sem pressao - Soja Heter,20,,12886,12883,12890,4895,12891,7848,0
dia 20 sem pressao - Soja Heter,20,,12886,12881,12889,4904,12884,7838,0
dia 20 sem pressao - Soja Heter,20,,12886,12889,12887,5014,12888,7828,0
dia 20 sem pressao - Soja Heter,20,,12884,12882,12883,4346,12894,7803,0
dia 20 sem pressao - Soja Heter,20,,12884,12884,12907,4912,12881,7798,0
dia 20 sem pressao - Soja Heter,20,,12845,12885,12850,4924,12882,7787,0
dia 20 sem pressao - Soja Heter,20,,12888,12891,12887,4924,12909,7772,0
dia 20 sem pressao - Soja Heter,20,,12875,12874,12868,4912,12873,7758,0
dia 20 sem pressao - Soja Heter,20,,12835,12821,12851,4974,12829,7734,0
dia 20 sem pressao - Soja Heter,20,,12795,12787,12793,4869,12793,7727,0
dia 20 sem pressao - Soja Heter,20,,12731,12746,12727,4988,12747,7705,0
dia 20 sem pressao - Soja Heter,20,,12695,12718,12701,4940,12745,7689,0
dia 20 sem pressao - Soja Heter,20,,12736,12744,12728,4895,12749,7689,0
dia 20 sem pressao - Soja Heter,20,,12787,12799,12784,4939,12808,7694,0
dia 20 sem pressao - Soja Heter,20,,12819,12817,12825,4400,12819,7682,0
dia 20 sem pressao - Soja Heter,20,,12791,12789,12768,4914,12787,7676,0
dia 20 sem pressao - Soja Heter,20,,12805,12805,12805,4833,12804,7675,0
dia 20 sem pressao - Soja Heter,20,,12794,12803,12780,4864,12793,7664,0
dia 20 sem pressao - Soja Heter,20,,12812,12812,12815,4792,12816,7659,0
dia 20 sem pressao - Soja Heter,20,,12831,12838,12833,4750,12910,7644,0
dia 20 sem pressao - Soja Heter,20,,12916,12914,12919,4676,12912,7670,0
dia 20 sem pressao - Soja Heter,20,,12900,12902,12907,4727,12899,7660,0
dia 20 sem pressao - Soja Heter,20,,12897,12881,12913,4728,12887,7655,0
dia 20 sem pressao - Soja Heter,20,,12921,12920,12922,4909,12906,7651,0
dia 20 sem pressao - Soja Heter,20,,12905,12893,12908,4992,12898,7641,0
dia 20 sem pressao - Soja Heter,20,,12886,12892,12885,4480,12917,7643,0
dia 20 sem pressao - Soja Heter,20,,12892,12887,12897,4913,12890,7635,0
dia 20 sem pressao - Soja Heter,20,,12890,12893,12894,4927,12893,7632,0
dia 20 sem pressao - Soja Heter,20,,12874,12870,12863,4912,12871,7627,0
dia 20 sem pressao - Soja Heter,20,,12889,12886,12889,4933,12885,7626,0
dia 20 sem pressao - Soja Heter,20,,12902,12905,12902,4988,12897,7623,0
dia 20 sem pressao - Soja Heter,20,,12902,12905,12905,4901,12909,7625,0
dia 20 sem pressao - Soja Heter,20,,12903,12900,12909,4882,12921,7620,0
dia 20 sem pressao - Soja Heter,20,,12879,12885,12877,4905,12885,7617,0
dia 20 sem pressao - Soja Heter,20,,12891,12887,12908,4936,12875,7613,0
dia 20 sem pressao - Soja Heter,20,,12872,12876,12878,5036,12882,7612,0
dia 20 sem pressao - Soja Heter,20,,12889,12873,12878,5003,12884,7606,0
dia 20 sem pressao - Soja Heter,20,,12887,12891,12882,4896,12893,7604,0
dia 20 sem pressao - Soja Heter,20,,12895,12880,12891,4982,12876,7606,0
dia 20 sem pressao - Soja Heter,20,,12879,12870,12883,4859,12883,7602,0
dia 20 sem pressao - Soja Heter,20,,12885,12887,12888,4857,12892,7599,0
dia 20 sem pressao - Soja Heter,20,,12881,12879,12880,4437,12874,7575,0
dia 20 sem pressao - Soja Heter,20,,12853,12831,12859,4671,12847,7572,0
dia 20 sem pressao - Soja Heter,20,,12832,12830,12819,4707,12849,7586,0
dia 20 sem pressao - Soja Heter,20,,12905,12907,12891,4217,12906,7607,0
dia 20 sem pressao - Soja Heter,20,,12850,12862,12854,4606,12863,7591,0
dia 20 sem pressao - Soja Heter,20,,12938,12937,12928,4707,12908,7612,0
dia 20 sem pressao - Soja Heter,20,,12905,12903,12905,4666,12910,7598,0
dia 20 sem pressao - Soja Heter,20,,12895,12911,12928,4640,12925,7586,0
dia 20 sem pressao - Soja Heter,20,,12889,12904,12902,4554,12886,7566,0
dia 20 sem pressao - Soja Heter,20,,12888,12890,12886,4678,12875,7581,0
dia 20 sem pressao - Soja Heter,20,,12866,12882,12885,4705,12887,7591,0
dia 20 sem pressao - Soja Heter,20,,12895,12913,12952,4765,12896,7608,0
dia 20 sem pressao - Soja Heter,20,,12915,12885,12923,4766,12890,7612,0
dia 20 sem pressao - Soja Heter,20,,12924,12898,12927,4347,12950,7598,0
dia 20 sem pressao - Soja Heter,20,,12860,12873,12897,4778,12914,7599,0
dia 20 sem pressao - Soja Heter,20,,12883,12901,12862,4694,12897,7589,0
dia 20 sem pressao - Soja Heter,20,,12884,12887,12852,4708,12886,7588,0
dia 20 sem pressao - Soja Heter,20,,12851,12861,12892,4670,12848,7574,0
dia 20 sem pressao - Soja Heter,20,,12851,12867,12868,4683,12865,7576,0
dia 20 sem pressao - Soja Heter,20,,12884,12885,12871,4632,12854,7574,0
dia 20 sem pressao - Soja Heter,20,,12801,12780,12793,4549,12811,7567,0
dia 20 sem pressao - Soja Heter,20,,12851,12819,12831,4520,12843,7541,0
dia 20 sem pressao - Soja Heter,20,,12834,12819,12826,4220,12832,7527,0
dia 20 sem pressao - Soja Heter,20,,12887,12871,12875,4201,12894,7542,0
dia 20 sem pressao - Soja Heter,20,,12834,12832,12873,4116,12846,7553,0
dia 20 sem pressao - Soja Heter,20,,12826,12783,12868,4142,12821,7518,0
dia 20 sem pressao - Soja Heter,20,,12842,12845,12808,4109,12772,7529,0
dia 20 sem pressao - Soja Heter,20,,12794,12811,12839,4070,12808,7524,0
dia 20 sem pressao - Soja Heter,20,,12876,12893,12857,4075,12907,7540,0
dia 20 sem pressao - Soja Heter,20,,12833,12806,12837,4077,12835,7541,0
dia 20 sem pressao - Soja Heter,20,,12826,12841,12850,3995,12819,7520,0
dia 20 sem pressao - Soja Heter,20,,12812,12830,12848,3995,12850,7519,0
dia 20 sem pressao - Soja Heter,20,,12858,12868,12881,3990,12893,7507,0
dia 20 sem pressao - Soja Heter,20,,12887,12882,12893,4076,12906,7522,0
dia 20 sem pressao - Soja Heter,20,,12856,12874,12872,3996,12864,7510,0
dia 20 sem pressao - Soja Heter,20,,12827,12758,12817,4052,12830,7508,0
dia 20 sem pressao - Soja Heter,20,,12866,12893,12861,4096,12878,7516,0
dia 20 sem pressao - Soja Heter,20,,12809,12782,12855,4086,12814,7501,0
dia 20 sem pressao - Soja Heter,20,,12858,12889,12849,4154,12845,7491,0
dia 20 sem pressao - Soja Heter,20,,12842,12829,12877,4176,12899,7503,0
dia 20 sem pressao - Soja Heter,20,,12860,12871,12874,4104,12871,7517,0
dia 20 sem pressao - Soja Heter,20,,12823,12820,12839,4091,12842,7503,0
dia 20 sem pressao - Soja Heter,20,,12873,12856,12868,4017,12876,7508,0
dia 20 sem pressao - Soja Heter,20,,12886,12882,12881,4070,12888,7510,0
dia 20 sem pressao - Soja Heter,20,,12881,12882,12880,4004,12874,7497,0
dia 20 sem pressao - Soja Heter,20,,12873,12842,12878,3956,12867,7504,0
dia 20 sem pressao - Soja Heter,20,,12866,12863,12866,4028,12889,7509,0
dia 20 sem pressao - Soja Heter,20,,12863,12856,12880,4117,12904,7512,0
dia 20 sem pressao - Soja Heter,20,,12898,12896,12906,4052,12902,7508,0
dia 20 sem pressao - Soja Heter,20,,13085,13079,13087,4080,12956,7524,0
dia 20 sem pressao - Soja Heter,20,,12848,12841,12851,4067,12830,7521,0
dia 20 sem pressao - Soja Heter,20,,12815,12810,12802,4085,12821,7519,0
dia 20 sem pressao - Soja Heter,20,,12819,12827,12787,4058,12829,7520,0
dia 20 sem pressao - Soja Heter,20,,12826,12838,12956,4093,12832,7526,0
dia 20 sem pressao - Soja Heter,20,,12842,12852,12851,4117,12845,7521,0
dia 20 sem pressao - Soja Heter,20,,12832,12834,12830,4079,12836,7548,0
dia 20 sem pressao - Soja Heter,20,,12830,12831,12840,3961,12839,7578,0
dia 20 sem pressao - Soja Heter,20,,12853,12849,12856,3993,12849,7571,0
dia 20 sem pressao - Soja Heter,20,,12873,12858,12873,4085,12855,7557,0
dia 20 sem pressao - Soja Heter,20,,12850,12850,12862,4112,12853,7550,0
dia 20 sem pressao - Soja Heter,20,,12848,12854,12846,4130,12871,7546,0
dia 20 sem pressao - Soja Heter,20,,12833,12841,12762,4056,12851,7533,0
dia 20 sem pressao - Soja Heter,20,,12843,12858,12847,4011,12863,7533,0
dia 20 sem pressao - Soja Heter,20,,12834,12834,12846,4071,12836,7531,0
dia 20 sem pressao - Soja Heter,20,,12843,12840,12856,4063,12846,7534,0
dia 20 sem pressao - Soja Heter,20,,12870,12869,12867,4183,12851,7531,0
dia 20 sem pressao - Soja Heter,20,,12824,12811,12836,4081,12812,7526,0
dia 20 sem pressao - Soja Heter,20,,12829,12841,12844,4131,12840,7528,0
dia 20 sem pressao - Soja Heter,20,,12870,12874,12877,4016,12873,7536,0
dia 20 sem pressao - Soja Heter,20,,12853,12840,12862,3962,12863,7533,0
dia 20 sem pressao - Soja Heter,20,,12866,12866,12863,4040,12872,7532,0
dia 20 sem pressao - Soja Heter,20,,12851,12859,12860,4015,12872,7526,0
dia 20 sem pressao - Soja Heter,20,,12844,12838,12835,4055,12834,7525,0
dia 20 sem pressao - Soja Heter,20,,12848,12846,12845,4050,12843,7524,0
dia 20 sem pressao - Soja Heter,20,,12880,12880,12883,4144,12880,7522,0
dia 20 sem pressao - Soja Heter,20,,12880,12879,12880,4034,12880,7533,0
dia 20 sem pressao - Soja Heter,20,,12895,12905,12904,3967,12891,7525,0
dia 20 sem pressao - Soja Heter,20,,12881,12877,12890,4046,12889,7525,0
dia 20 sem pressao - Soja Heter,20,,12875,12876,12864,4035,12874,7529,0
dia 20 sem pressao - Soja Heter,20,,12854,12863,12854,4039,12844,7523,0
dia 20 sem pressao - Soja Heter,20,,12848,12849,12854,3973,12842,7521,0
dia 20 sem pressao - Soja Heter,20,,12847,12846,12846,4047,12846,7520,0
dia 20 sem pressao - Soja Heter,20,,12826,12824,12827,3893,12823,7522,0
dia 20 sem pressao - Soja Heter,20,,12853,12855,12853,3869,12856,7526,0
dia 20 sem pressao - Soja Heter,20,,12862,12858,12853,3874,12851,7520,0
dia 20 sem pressao - Soja Heter,20,,12871,12871,12886,3889,12867,7520,0
dia 20 sem pressao - Soja Heter,20,,12886,12885,12879,3778,12892,7492,0
dia 20 sem pressao - Soja Heter,20,,12881,12868,12882,3818,12856,7521,0
dia 20 sem pressao - Soja Heter,20,,12870,12870,12870,3788,12871,7516,0
dia 20 sem pressao - Soja Heter,20,,12876,12876,12873,3865,12876,7514,0
dia 20 sem pressao - Soja Heter,20,,12899,12892,12888,3892,12901,7518,0
dia 20 sem pressao - Soja Heter,20,,12895,12873,12890,3870,12874,7510,0
dia 20 sem pressao - Soja Heter,20,,12876,12874,12879,3860,12870,7515,0
dia 20 sem pressao - Soja Heter,20,,12859,12857,12859,3871,12858,7514,0
dia 20 sem pressao - Soja Heter,20,,12856,12857,12856,3831,12857,7506,0
dia 20 sem pressao - Soja Heter,20,,12858,12862,12857,3791,12876,7514,0
dia 20 sem pressao - Soja Heter,20,,12890,12889,12888,3766,12886,7507,0
dia 20 sem pressao - Soja Heter,20,,12870,12870,12870,3859,12869,7515,0
dia 20 sem pressao - Soja Heter,20,,12879,12864,12870,3832,12866,7515,0
dia 20 sem pressao - Soja Heter,20,,12872,12873,12872,3859,12872,7507,0
dia 20 sem pressao - Soja Heter,20,,12891,12890,12896,3841,12893,7505,0
dia 20 sem pressao - Soja Heter,20,,12883,12878,12878,3876,12878,7510,0
dia 20 sem pressao - Soja Heter,20,,12878,12876,12879,3958,12876,7506,0
dia 20 sem pressao - Soja Heter,20,,12883,12882,12882,4023,12882,7507,0
dia 20 sem pressao - Soja Heter,20,,12887,12886,12888,4012,12888,7499,0
dia 20 sem pressao - Soja Heter,20,,12873,12874,12873,4017,12874,7509,0
dia 20 sem pressao - Soja Heter,20,,12868,12867,12869,4004,12868,7507,0
dia 20 sem pressao - Soja Heter,20,,12810,12789,12812,3960,12787,7511,0
dia 20 sem pressao - Soja Heter,20,,12815,12833,12829,3709,12826,7537,0
dia 20 sem pressao - Soja Heter,20,,12829,12800,12823,3950,12817,7547,0
dia 20 sem pressao - Soja Heter,20,,12842,12847,12831,3966,12851,7538,0
dia 20 sem pressao - Soja Heter,20,,12819,12805,12822,4004,12818,7524,0
dia 20 sem pressao - Soja Heter,20,,12845,12846,12844,4033,12846,7519,0
dia 20 sem pressao - Soja Heter,20,,12846,12844,12848,3995,12850,7527,0
dia 20 sem pressao - Soja Heter,20,,12838,12835,12845,4022,12837,7517,0
dia 20 sem pressao - Soja Heter,20,,12824,12814,12832,4048,12819,7503,0
dia 20 sem pressao - Soja Heter,20,,12815,12812,12822,4031,12815,7506,0
dia 20 sem pressao - Soja Heter,20,,12815,12817,12802,4035,12817,7506,0
dia 20 sem pressao - Soja Heter,20,,12830,12826,12830,4042,12811,7508,0
dia 20 sem pressao - Soja Heter,20,,12845,12842,12847,4011,12839,7508,0
dia 20 sem pressao - Soja Heter,20,,12827,12827,12826,3996,12827,7502,0
dia 20 sem pressao - Soja Heter,20,,12811,12806,12808,4012,12800,7502,0
dia 20 sem pressao - Soja Heter,20,,12803,12801,12817,4058,12803,7497,0
dia 20 sem pressao - Soja Heter,20,,12815,12814,12816,4029,12820,7501,0
dia 20 sem pressao - Soja Heter,20,,12823,12830,12822,4027,12832,7501,0
dia 20 sem pressao - Soja Heter,20,,12839,12851,12809,4074,12858,7503,0
dia 20 sem pressao - Soja Heter,20,,12822,12821,12833,4024,12816,7506,0
dia 20 sem pressao - Soja Heter,20,,12791,12771,12791,4052,12779,7498,0
dia 20 sem pressao - Soja Heter,20,,12804,12796,12797,4096,12802,7494,0
dia 20 sem pressao - Soja Heter,20,,12869,12877,12859,4112,12885,7507,0
dia 20 sem pressao - Soja Heter,20,,12831,12811,12835,4126,12793,7492,0
dia 20 sem pressao - Soja Heter,20,,12866,12867,12863,4088,12880,7506,0
dia 20 sem pressao - Soja Heter,20,,12867,12868,12867,4132,12870,7503,0
dia 20 sem pressao - Soja Heter,20,,12897,12895,12891,4098,12889,7507,0
dia 20 sem pressao - Soja Heter,20,,12920,12912,12916,4116,12912,7508,0
dia 20 sem pressao - Soja Heter,20,,12873,12860,12911,4090,12841,7494,0
dia 20 sem pressao - Soja Heter,20,,12866,12844,12855,4100,12839,7494,0
dia 20 sem pressao - Soja Heter,20,,12854,12855,12850,4201,12838,7504,0
dia 20 sem pressao - Soja Heter,20,,12856,12854,12865,4222,12857,7498,0
dia 20 sem pressao - Soja Heter,20,,12873,12885,12878,4099,12895,7495,0
dia 20 sem pressao - Soja Heter,20,,12863,12850,12850,4096,12868,7500,0
dia 20 sem pressao - Soja Heter,20,,12894,12907,12890,4108,12898,7498,0
dia 20 sem pressao - Soja Heter,20,,12888,12861,12882,3991,12859,7489,0
dia 20 sem pressao - Soja Heter,20,,12865,12878,12852,4073,12881,7522,0
dia 20 sem pressao - Soja Heter,20,,12851,12860,12863,4024,12871,7506,0
dia 20 sem pressao - Soja Heter,20,,12825,12821,12837,4110,12822,7497,0
dia 20 sem pressao - Soja Heter,20,,12839,12848,12845,4108,12864,7500,0
dia 20 sem pressao - Soja Heter,20,,12889,12896,12905,4064,12891,7504,0
dia 20 sem pressao - Soja Heter,20,,12885,12894,12893,4112,12902,7505,0
dia 20 sem pressao - Soja Heter,20,,12901,12883,12905,4097,12874,7499,0
dia 20 sem pressao - Soja Heter,20,,12895,12882,12903,4175,12871,7498,0
dia 20 sem pressao - Soja Heter,20,,12858,12847,12857,4123,12852,7495,0
dia 20 sem pressao - Soja Heter,20,,12878,12871,12893,4175,12873,7501,0
dia 20 sem pressao - Soja Heter,20,,12872,12864,12871,3961,12857,7501,0
dia 20 sem pressao - Soja Heter,20,,12859,12868,12855,4013,12865,7504,0
dia 20 sem pressao - Soja Heter,20,,12854,12855,12858,4024,12854,7502,0
dia 20 sem pressao - Soja Heter,20,,12857,12858,12860,4009,12859,7498,0
dia 20 sem pressao - Soja Heter,20,,12869,12865,12865,4001,12866,7498,0
dia 20 sem pressao - Soja Heter,20,,12896,12899,12895,4137,12897,7508,0
dia 20 sem pressao - Soja Heter,20,,12870,12880,12869,4050,12888,7501,0
dia 20 sem pressao - Soja Heter,20,,12866,12885,12859,3973,12873,7518,0
dia 20 sem pressao - Soja Heter,20,,12868,12871,12853,3828,12863,7536,0
dia 20 sem pressao - Soja Heter,20,,12845,12843,12847,3892,12847,7526,0
dia 20 sem pressao - Soja Heter,20,,12841,12839,12842,3901,12846,7518,0
dia 20 sem pressao - Soja Heter,20,,12870,12871,12873,3898,12871,7519,0
dia 20 sem pressao - Soja Heter,20,,12882,12883,12878,3915,12883,7517,0
dia 20 sem pressao - Soja Heter,20,,12846,12828,12846,4089,12847,7504,0
dia 20 sem pressao - Soja Heter,20,,12856,12835,12850,3983,12853,7500,0
dia 20 sem pressao - Soja Heter,20,,12853,12837,12834,4049,12826,7498,0
dia 20 sem pressao - Soja Heter,20,,12834,12846,12845,4065,12826,7499,0
dia 20 sem pressao - Soja Heter,20,,12854,12847,12856,4078,12844,7488,0
dia 20 sem pressao - Soja Heter,20,,12867,12862,12863,3989,12861,7488,0
dia 20 sem pressao - Soja Heter,20,,12827,12820,12831,4080,12820,7479,0
dia 20 sem pressao - Soja Heter,20,,12856,12880,12859,4085,12883,7488,0
dia 20 sem pressao - Soja Heter,20,,12860,12859,12854,4087,12859,7492,0
dia 20 sem pressao - Soja Heter,20,,12848,12859,12853,4097,12859,7497,0
dia 20 sem pressao - Soja Heter,20,,12845,12834,12830,4168,12832,7480,0
dia 20 sem pressao - Soja Heter,20,,12873,12852,12864,4072,12869,7502,0
dia 20 sem pressao - Soja Heter,20,,12871,12874,12875,4092,12855,7492,0
dia 20 sem pressao - Soja Heter,20,,12892,12888,12878,4099,12869,7492,0
dia 20 sem pressao - Soja Heter,20,,12889,12888,12882,4073,12894,7490,0
dia 20 sem pressao - Soja Heter,20,,13083,13096,13090,4160,13088,7459,0
dia 20 sem pressao - Soja Heter,20,,13125,13128,13125,4021,13129,7468,0
dia 20 sem pressao - Soja Heter,20,,13117,13126,13113,4189,13125,7479,0
dia 20 sem pressao - Soja Heter,20,,12810,12830,12835,4061,12831,7478,0
dia 20 sem pressao - Soja Heter,20,,12815,12802,12814,4127,12816,7478,0
dia 20 sem pressao - Soja Heter,20,,12833,12831,12832,4199,12833,7478,0
dia 20 sem pressao - Soja Heter,20,,12848,12848,12846,4210,12844,7486,0
dia 20 sem pressao - Soja Heter,20,,12796,12797,12800,4130,12800,7466,0
dia 20 sem pressao - Soja Heter,20,,12801,12803,12803,4096,12813,7471,0
dia 20 sem pressao - Soja Heter,20,,12819,12819,12801,4151,12822,7477,0
dia 20 sem pressao - Soja Heter,20,,12810,12819,12811,4110,12835,7481,0
dia 20 sem pressao - Soja Heter,20,,12837,12832,12832,4162,12840,7471,0
dia 20 sem pressao - Soja Heter,20,,12796,12779,12797,4233,12803,7478,0
dia 20 sem pressao - Soja Heter,20,,12812,12812,12811,4107,12793,7476,0
dia 20 sem pressao - Soja Heter,20,,12800,12799,12797,4072,12783,7472,0
dia 20 sem pressao - Soja Heter,20,,12792,12786,12779,4074,12783,7458,0
dia 20 sem pressao - Soja Heter,20,,12794,12796,12796,4113,12796,7462,0
dia 20 sem pressao - Soja Heter,20,,12800,12798,12791,3997,12797,7452,0
dia 20 sem pressao - Soja Heter,20,,12791,12792,12794,4076,12779,7461,0
dia 20 sem pressao - Soja Heter,20,,12776,12771,12780,4129,12764,7452,0
dia 20 sem pressao - Soja Heter,20,,12793,12786,12796,4093,12786,7459,0
dia 20 sem pressao - Soja Heter,20,,12781,12780,12783,4037,12778,7449,0
dia 20 sem pressao - Soja Heter,20,,12815,12805,12816,4134,12807,7455,0
dia 20 sem pressao - Soja Heter,20,,12813,12811,12815,3923,12795,7432,0
dia 20 sem pressao - Soja Heter,20,,12841,12835,12829,3948,12829,7372,0
dia 20 sem pressao - Soja Heter,20,,12798,12802,12808,3975,12803,7430,0
dia 20 sem pressao - Soja Heter,20,,12825,12824,12819,3935,12814,7454,0
dia 20 sem pressao - Soja Heter,20,,12796,12794,12793,3924,12797,7458,0
dia 20 sem pressao - Soja Heter,20,,12805,12804,12809,3839,12806,7464,0
dia 20 sem pressao - Soja Heter,20,,12793,12791,12794,3958,12789,7462,0
dia 20 sem pressao - Soja Heter,20,,12811,12807,12809,4120,12806,7464,0
dia 20 sem pressao - Soja Heter,20,,12809,12811,12810,3815,12812,7467,0
dia 20 sem pressao - Soja Heter,20,,12802,12807,12780,3827,12796,7506,0
dia 20 sem pressao - Soja Heter,20,,12807,12809,12808,3746,12806,7453,0
dia 20 sem pressao - Soja Heter,20,,12832,12825,12831,3764,12827,7437,0
dia 20 sem pressao - Soja Heter,20,,12836,12838,12835,3766,12831,7432,0
dia 20 sem pressao - Soja Heter,20,,12824,12839,12838,3802,12835,7418,0
dia 20 sem pressao - Soja Heter,20,,12828,12834,12826,3794,12830,7420,0
dia 20 sem pressao - Soja Heter,20,,12826,12836,12835,3808,12837,7415,0
dia 20 sem pressao - Soja Heter,20,,12821,12821,12822,3898,12827,7390,0
dia 20 sem pressao - Soja Heter,20,,12834,12835,12833,3840,12834,7404,0
dia 20 sem pressao - Soja Heter,20,,12837,12842,12830,3842,12852,7387,0
dia 20 sem pressao - Soja Heter,20,,12841,12839,12841,3865,12827,7487,0
dia 20 sem pressao - Soja Heter,20,,12833,12826,12837,4109,12832,7474,0
dia 20 sem pressao - Soja Heter,20,,12831,12836,12839,3846,12855,7402,0
dia 20 sem pressao - Soja Heter,20,,12835,12849,12832,3874,12852,7401,0
dia 20 sem pressao - Soja Heter,20,,12857,12863,12862,3913,12859,7467,0
dia 20 sem pressao - Soja Heter,20,,12872,12865,12871,3952,12874,7457,0
dia 20 sem pressao - Soja Heter,20,,12820,12821,12817,3830,12840,7380,0
dia 20 sem pressao - Soja Heter,20,,12868,12866,12865,3825,12863,7401,0
dia 20 sem pressao - Soja Heter,20,,12868,12863,12869,3854,12865,7404,0
dia 20 sem pressao - Soja Heter,20,,12864,12879,12865,3866,12863,7399,0
dia 20 sem pressao - Soja Heter,20,,12901,12884,12910,3864,12890,7402,0
dia 20 sem pressao - Soja Heter,20,,12915,12895,12892,3798,12921,7411,0
dia 20 sem pressao - Soja Heter,20,,12932,12937,12923,3757,12931,7407,0
dia 20 sem pressao - Soja Heter,20,,12889,12887,12889,3788,12882,7398,0
dia 20 sem pressao - Soja Heter,20,,12891,12882,12898,3763,12889,7395,0
dia 20 sem pressao - Soja Heter,20,,12892,12891,12890,3756,12890,7403,0
dia 20 sem pressao - Soja Heter,20,,12871,12871,12873,3791,12886,7387,0
dia 20 sem pressao - Soja Heter,20,,13052,13049,13052,4326,13053,7494,0
dia 20 sem pressao - Soja Heter,20,,13066,13066,13062,4339,13060,7503,0
dia 20 sem pressao - Soja Heter,20,,13085,13079,13083,4302,13071,7515,0
dia 20 sem pressao - Soja Heter,20,,13081,13085,13071,4306,13086,7517,0
dia 20 sem pressao - Soja Heter,20,,13133,13136,13113,4410,13131,7529,0
dia 20 sem pressao - Soja Heter,20,,13145,13144,13144,4312,13142,7537,0
dia 20 sem pressao - Soja Heter,20,,13170,13166,13163,4316,13159,7535,0
dia 20 sem pressao - Soja Heter,20,,13177,13177,13166,4349,13179,7546,0
dia 20 sem pressao - Soja Heter,20,,13166,13165,13165,4323,13166,7543,0
dia 20 sem pressao - Soja Heter,20,,13175,13177,13177,4389,13152,7544,0
dia 20 sem pressao - Soja Heter,20,,13158,13174,13146,4148,13179,7555,0
dia 20 sem pressao - Soja Heter,20,,13176,13179,13177,4378,13181,7557,0
dia 20 sem pressao - Soja Heter,20,,13172,13176,13167,4397,13176,7561,0
dia 20 sem pressao - Soja Heter,20,,13168,13180,13165,4393,13178,7560,0
dia 20 sem pressao - Soja Heter,20,,13163,13165,13148,4391,13159,7559,0
dia 20 sem pressao - Soja Heter,20,,13148,13133,13135,4357,13135,7563,0
dia 20 sem pressao - Soja Heter,20,,13158,13153,13156,4471,13151,7570,0
dia 20 sem pressao - Soja Heter,20,,13165,13164,13168,4337,13161,7567,0
dia 20 sem pressao - Soja Heter,20,,13167,13155,13175,4326,13146,7571,0
dia 20 sem pressao - Soja Heter,20,,13151,13152,13159,4312,13166,7566,0
dia 20 sem pressao - Soja Heter,20,,13204,13200,13204,4439,13202,7576,0
dia 20 sem pressao - Soja Heter,20,,13220,13210,13213,4387,13228,7583,0
dia 20 sem pressao - Soja Heter,20,,13210,13197,13208,4385,13227,7580,0
dia 20 sem pressao - Soja Heter,20,,13207,13212,13213,4373,13193,7584,0
dia 20 sem pressao - Soja Heter,20,,13186,13178,13187,4310,13183,7598,0
dia 20 sem pressao - Soja Heter,20,,13212,13215,13210,4381,13215,7621,0
dia 20 sem pressao - Soja Heter,20,,13242,13239,13242,4251,13244,7645,0
dia 20 sem pressao - Soja Heter,20,,13238,13240,13240,4249,13218,7645,0
dia 20 sem pressao - Soja Heter,20,,13237,13233,13234,4263,13233,7645,0
dia 20 sem pressao - Soja Heter,20,,13261,13237,13257,4253,13231,7626,0
dia 20 sem pressao - Soja Heter,20,,13231,13231,13238,4250,13231,7626,0
dia 20 sem pressao - Soja Heter,20,,13230,13233,13230,4318,13226,7618,0
dia 20 sem pressao - Soja Heter,20,,13232,13230,13217,4349,13226,7616,0
dia 20 sem pressao - Soja Heter,20,,13211,13213,13213,4345,13215,7616,0
dia 20 sem pressao - Soja Heter,20,,13166,13162,13315,4330,13162,7612,0
dia 20 sem pressao - Soja Heter,20,,13220,13228,13226,4303,13231,7606,0
dia 20 sem pressao - Soja Heter,20,,13215,13209,13213,4379,13215,7600,0
dia 20 sem pressao - Soja Heter,20,,13213,13212,13212,4162,13216,7592,0
dia 20 sem pressao - Soja Heter,20,,13214,13214,13219,4192,13214,7585,0
dia 20 sem pressao - Soja Heter,20,,13206,13203,13213,4325,13199,7591,0
dia 20 sem pressao - Soja Heter,20,,13204,13205,13203,4332,13206,7588,0
dia 20 sem pressao - Soja Heter,20,,13204,13195,13201,4321,13199,7588,0
dia 20 sem pressao - Soja Heter,20,,13191,13188,13195,4264,13202,7586,0
dia 20 sem pressao - Soja Heter,20,,13184,13195,13167,4447,13208,7581,0
dia 20 sem pressao - Soja Heter,20,,13195,13194,13207,4411,13194,7590,0
dia 20 sem pressao - Soja Heter,20,,13214,13218,13253,4481,13224,7590,0
dia 20 sem pressao - Soja Heter,20,,13197,13203,13200,4370,13220,7586,0
dia 20 sem pressao - Soja Heter,20,,13328,13327,13322,4406,13328,7584,0
dia 20 sem pressao - Soja Heter,20,,13322,13214,13330,4299,13202,7584,0
dia 20 sem pressao - Soja Heter,20,,13219,13213,13205,4203,13205,7581,0
dia 20 sem pressao - Soja Heter,20,,13198,13194,13205,4274,13188,7583,0
dia 20 sem pressao - Soja Heter,20,,13225,13227,13225,4271,13220,7584,0
dia 20 sem pressao - Soja Heter,20,,13224,13284,13216,4348,13306,7579,0
dia 20 sem pressao - Soja Heter,20,,13218,13225,13242,4348,13231,7585,0
dia 20 sem pressao - Soja Heter,20,,13222,13216,13234,4435,13216,7588,0
dia 20 sem pressao - Soja Heter,20,,13227,13225,13227,4317,13221,7590,0
dia 20 sem pressao - Soja Heter,20,,13215,13213,13204,4311,13208,7587,0
dia 20 sem pressao - Soja Heter,20,,13203,13212,13190,4355,13217,7584,0
dia 20 sem pressao - Soja Heter,20,,13220,13224,13211,4280,13234,7586,0
dia 20 sem pressao - Soja Heter,20,,13212,13228,13227,4298,13232,7587,0
dia 20 sem pressao - Soja Heter,20,,13223,13222,13212,4166,13222,7585,0
dia 20 sem pressao - Soja Heter,20,,13196,13199,13180,4336,13205,7581,0
dia 20 sem pressao - Soja Heter,20,,13207,13207,13207,4254,13205,7575,0
dia 20 sem pressao - Soja Heter,20,,13206,13206,13198,4384,13206,7581,0
dia 20 sem pressao - Soja Heter,20,,13197,13197,13179,4420,13198,7575,0
dia 20 sem pressao - Soja Heter,20,,13201,13203,13188,4253,13199,7577,0
dia 20 sem pressao - Soja Heter,20,,13192,13199,13178,4347,13201,7580,0
dia 20 sem pressao - Soja Heter,20,,13206,13209,13184,4332,13213,7582,0
dia 20 sem pressao - Soja Heter,20,,13186,13198,13201,4357,13201,7581,0
dia 20 sem pressao - Soja Heter,20,,13175,13199,13190,4311,13189,7574,0
dia 20 sem pressao - Soja Heter,20,,13200,13185,13185,4260,13200,7572,0
dia 20 sem pressao - Soja Heter,20,,13200,13197,13188,4318,13199,7580,0
dia 20 sem pressao - Soja Heter,20,,13201,13200,13196,4262,13195,7578,0
dia 20 sem pressao - Soja Heter,20,,13225,13221,13210,4275,13223,7581,0
dia 20 sem pressao - Soja Heter,20,,13227,13228,13216,4414,13239,7576,0
dia 20 sem pressao - Soja Heter,20,,13192,13196,13210,4311,13197,7569,0
dia 20 sem pressao - Soja Heter,20,,13201,13221,13212,4192,13220,7566,0
dia 20 sem pressao - Soja Heter,20,,13223,13219,13223,4247,13215,7599,0
dia 20 sem pressao - Soja Heter,20,,13206,13210,13196,4189,13209,7623,0
dia 20 sem pressao - Soja Heter,20,,13210,13201,13194,4238,13198,7622,0
dia 20 sem pressao - Soja Heter,20,,13188,13205,13170,4171,13203,7601,0
dia 20 sem pressao - Soja Heter,20,,13195,13218,13213,4128,13225,7597,0
dia 20 sem pressao - Soja Heter,20,,13232,13207,13230,4076,13242,7589,0
dia 20 sem pressao - Soja Heter,20,,13236,13230,13232,3976,13218,7580,0
dia 20 sem pressao - Soja Heter,20,,13218,13196,13217,3988,13199,7578,0
dia 20 sem pressao - Soja Heter,20,,13218,13202,13207,3994,13216,7567,0
dia 20 sem pressao - Soja Heter,20,,13217,13195,13214,4040,13208,7569,0
dia 20 sem pressao - Soja Heter,20,,13246,13242,13235,4004,13232,7572,0
dia 20 sem pressao - Soja Heter,20,,13238,13221,13241,4044,13206,7573,0
dia 20 sem pressao - Soja Heter,20,,13230,13229,13238,4119,13246,7563,0
dia 20 sem pressao - Soja Heter,20,,13246,13259,13257,3992,13259,7574,0
dia 20 sem pressao - Soja Heter,20,,13253,13241,13256,3959,13256,7568,0
dia 20 sem pressao - Soja Heter,20,,13263,13252,13264,3999,13267,7562,0
dia 20 sem pressao - Soja Heter,20,,13246,13248,13247,3980,13247,7556,0
dia 20 sem pressao - Soja Heter,20,,13261,13254,13269,4000,13246,7556,0
dia 20 sem pressao - Soja Heter,20,,13250,13250,13263,3975,13263,7552,0
dia 20 sem pressao - Soja Heter,20,,13242,13254,13251,3955,13256,7554,0
dia 20 sem pressao - Soja Heter,20,,13260,13257,13250,3986,13254,7559,0
dia 20 sem pressao - Soja Heter,20,,13241,13230,13240,4002,13220,7557,0
dia 20 sem pressao - Soja Heter,20,,13244,13224,13232,3979,13248,7559,0
dia 20 sem pressao - Soja Heter,20,,13244,13247,13235,4064,13252,7560,0
dia 20 sem pressao - Soja Heter,20,,13248,13245,13252,3948,13241,7559,0
dia 20 sem pressao - Soja Heter,20,,13225,13227,13223,4010,13221,7553,0
dia 20 sem pressao - Soja Heter,20,,13213,13213,13215,4015,13212,7553,0
dia 20 sem pressao - Soja Heter,20,,13213,13205,13185,3939,13206,7551,0
dia 20 sem pressao - Soja Heter,20,,13207,13214,13212,3971,13210,7547,0
dia 20 sem pressao - Soja Heter,20,,13229,13238,13203,3889,13239,7549,0
dia 20 sem pressao - Soja Heter,20,,13221,13221,13228,4002,13227,7547,0
dia 20 sem pressao - Soja Heter,20,,13251,13254,13249,3985,13258,7553,0
dia 20 sem pressao - Soja Heter,20,,13234,13241,13235,4019,13247,7552,0
dia 20 sem pressao - Soja Heter,20,,13228,13229,13229,3998,13230,7557,0
dia 20 sem pressao - Soja Heter,20,,13220,13235,13234,3936,13239,7549,0
dia 20 sem pressao - Soja Heter,20,,13256,13258,13248,3943,13257,7551,0
dia 20 sem pressao - Soja Heter,20,,13258,13263,13259,3956,13258,7547,0
dia 20 sem pressao - Soja Heter,20,,13228,13237,13238,3976,13236,7538,0
dia 20 sem pressao - Soja Heter,20,,13233,13222,13235,4003,13242,7537,0
dia 20 sem pressao - Soja Heter,20,,13235,13233,13236,4071,13236,7534,0
dia 20 sem pressao - Soja Heter,20,,13248,13247,13251,4131,13238,7540,0
dia 20 sem pressao - Soja Heter,20,,13228,13226,13226,4017,13227,7540,0
dia 20 sem pressao - Soja Heter,20,,13223,13227,13229,4034,13229,7537,0
dia 20 sem pressao - Soja Heter,20,,13219,13212,13204,4050,13218,7539,0
dia 20 sem pressao - Soja Heter,20,,13209,13209,13209,4080,13210,7533,0
dia 20 sem pressao - Soja Heter,20,,13208,13207,13206,3985,13207,7527,0
dia 20 sem pressao - Soja Heter,20,,13202,13199,13205,4101,13185,7527,0
dia 20 sem pressao - Soja Heter,20,,13204,13198,13205,4101,13204,7524,0
dia 20 sem pressao - Soja Heter,20,,13225,13215,13215,4060,13217,7527,0
dia 20 sem pressao - Soja Heter,20,,13213,13218,13196,4132,13219,7526,0
dia 20 sem pressao - Soja Heter,20,,13201,13217,13209,4200,13209,7522,0
dia 20 sem pressao - Soja Heter,20,,13183,13181,13178,4152,13189,7526,0
dia 20 sem pressao - Soja Heter,20,,13205,13210,13198,4096,13208,7526,0
dia 20 sem pressao - Soja Heter,20,,13205,13187,13210,4062,13203,7552,0
dia 20 sem pressao - Soja Heter,20,,13198,13179,13197,4164,13199,7578,0
dia 20 sem pressao - Soja Heter,20,,13174,13168,13175,4063,13164,7572,0
dia 20 sem pressao - Soja Heter,20,,13176,13173,13176,4060,13164,7552,0
dia 20 sem pressao - Soja Heter,20,,13197,13195,13182,4127,13190,7553,0
dia 20 sem pressao - Soja Heter,20,,13188,13205,13176,4120,13208,7548,0
dia 20 sem pressao - Soja Heter,20,,13200,13185,13201,4131,13187,7541,0
dia 20 sem pressao - Soja Heter,20,,13200,13204,13203,4130,13211,7535,0
dia 20 sem pressao - Soja Heter,20,,13201,13202,13200,4173,13194,7532,0
dia 20 sem pressao - Soja Heter,20,,13192,13200,13196,4174,13198,7525,0
dia 20 sem pressao - Soja Heter,20,,13206,13207,13207,4341,13208,7526,0
dia 20 sem pressao - Soja Heter,20,,13217,13195,13220,4222,13188,7527,0
dia 20 sem pressao - Soja Heter,20,,13210,13201,13206,4159,13205,7525,0
dia 20 sem pressao - Soja Heter,20,,13174,13178,13176,4170,13184,7517,0
dia 20 sem pressao - Soja Heter,20,,13164,13164,13168,4178,13155,7509,0
dia 20 sem pressao - Soja Heter,20,,13142,13153,13131,4185,13142,7502,0
dia 20 sem pressao - Soja Heter,20,,13125,13124,13128,4158,13122,7503,0
dia 20 sem pressao - Soja Heter,20,,13132,13130,13131,4126,13123,7515,0
dia 20 sem pressao - Soja Heter,20,,13141,13131,13143,4221,13143,7506,0
dia 20 sem pressao - Soja Heter,20,,13152,13150,13146,4112,13150,7503,0
dia 20 sem pressao - Soja Heter,20,,13148,13151,13151,4146,13147,7501,0
dia 20 sem pressao - Soja Heter,20,,13166,13165,13159,4040,13177,7500,0
dia 20 sem pressao - Soja Heter,20,,13145,13145,13127,4187,13144,7498,0
dia 20 sem pressao - Soja Heter,20,,13128,13129,13112,4210,13128,7494,0
dia 20 sem pressao - Soja Heter,20,,13122,13135,13134,4154,13126,7492,0
dia 20 sem pressao - Soja Heter,20,,13141,13130,13143,4197,13142,7494,0
dia 20 sem pressao - Soja Heter,20,,13146,13146,13143,4083,13148,7499,0
dia 20 sem pressao - Soja Heter,20,,13141,13141,13126,4124,13139,7492,0
dia 20 sem pressao - Soja Heter,20,,13147,13148,13131,4149,13149,7492,0
dia 20 sem pressao - Soja Heter,20,,13131,13140,13144,4171,13146,7489,0
dia 20 sem pressao - Soja Heter,20,,13126,13142,13140,4189,13147,7489,0
dia 20 sem pressao - Soja Heter,20,,13149,13133,13149,4226,13149,7488,0
dia 20 sem pressao - Soja Heter,20,,13156,13137,13156,4252,13157,7491,0
dia 20 sem pressao - Soja Heter,20,,13160,13159,13159,4162,13159,7493,0
dia 20 sem pressao - Soja Heter,20,,13168,13174,13165,4168,13167,7494,0
dia 20 sem pressao - Soja Heter,20,,13169,13166,13149,4260,13163,7491,0
dia 20 sem pressao - Soja Heter,20,,13156,13165,13158,4184,13164,7491,0
dia 20 sem pressao - Soja Heter,20,,13154,13168,13169,4196,13168,7491,0
dia 20 sem pressao - Soja Heter,20,,13178,13177,13174,4056,13172,7486,0
dia 20 sem pressao - Soja Heter,20,,13150,13165,13165,4205,13167,7488,0
dia 20 sem pressao - Soja Heter,20,,13155,13138,13153,4232,13153,7483,0
dia 20 sem pressao - Soja Heter,20,,13160,13170,13155,4225,13168,7487,0
dia 20 sem pressao - Soja Heter,20,,13172,13173,13166,4185,13156,7483,0
dia 20 sem pressao - Soja Heter,20,,13176,13171,13177,4314,13173,7479,0
dia 20 sem pressao - Soja Heter,20,,13154,13164,13163,4214,13164,7488,0
dia 20 sem pressao - Soja Heter,20,,13160,13158,13161,4279,13145,7485,0
dia 20 sem pressao - Soja Heter,20,,13151,13151,13150,4245,13145,7482,0
dia 20 sem pressao - Soja Heter,20,,13175,13172,13158,4260,13148,7480,0
dia 20 sem pressao - Soja Heter,20,,13146,13153,13148,4244,13140,7481,0
dia 20 sem pressao - Soja Heter,20,,13150,13151,13151,4162,13148,7465,0
dia 20 sem pressao - Soja Heter,20,,13150,13149,13143,4254,13147,7468,0
dia 20 sem pressao - Soja Heter,20,,13140,13158,13156,4408,13155,7480,0
dia 20 sem pressao - Soja Heter,20,,13118,13124,13118,4230,13129,7496,0
dia 20 sem pressao - Soja Heter,20,,13119,13120,13137,4199,13118,7526,0
dia 20 sem pressao - Soja Heter,20,,13167,13166,13140,4201,13167,7530,0
dia 20 sem pressao - Soja Heter,20,,13160,13161,13145,4202,13160,7515,0
dia 20 sem pressao - Soja Heter,20,,13146,13165,13160,4274,13156,7509,0
dia 20 sem pressao - Soja Heter,20,,13182,13179,13210,4248,13179,7507,0
dia 20 sem pressao - Soja Heter,20,,13183,13182,13182,4273,13186,7500,0
dia 20 sem pressao - Soja Heter,20,,13184,13183,13175,4304,13183,7492,0
dia 20 sem pressao - Soja Heter,20,,13195,13195,13192,4262,13197,7492,0
dia 20 sem pressao - Soja Heter,20,,13165,13168,13142,4273,13172,7489,0
dia 20 sem pressao - Soja Heter,20,,13169,13165,13160,4159,13167,7482,0
dia 20 sem pressao - Soja Heter,20,,13149,13140,13146,4329,13148,7476,0
dia 20 sem pressao - Soja Heter,20,,13295,13316,13313,4212,13316,7482,0
dia 20 sem pressao - Soja Heter,20,,13306,13298,13312,4253,13313,7475,0
dia 20 sem pressao - Soja Heter,20,,13311,13308,13308,4303,13304,7478,0
dia 20 sem pressao - Soja Heter,20,,13314,13313,13313,4420,13297,7475,0
dia 20 sem pressao - Soja Heter,20,,13297,13318,13288,4309,13312,7478,0
dia 20 sem pressao - Soja Heter,20,,13309,13293,13299,4255,13306,7470,0
dia 20 sem pressao - Soja Heter,20,,13309,13292,13306,4300,13306,7467,0
dia 20 sem pressao - Soja Heter,20,,13312,13299,13314,4343,13316,7468,0
dia 20 sem pressao - Soja Heter,20,,13324,13322,13325,4337,13311,7469,0
dia 20 sem pressao - Soja Heter,20,,13323,13317,13328,4343,13288,7461,0
dia 20 sem pressao - Soja Heter,20,,13302,13298,13304,4126,13289,7454,0
dia 20 sem pressao - Soja Heter,20,,13302,13306,13289,4312,13296,7461,0
dia 20 sem pressao - Soja Heter,20,,13322,13324,13306,4351,13307,7463,0
dia 20 sem pressao - Soja Heter,20,,13301,13299,13303,4418,13295,7451,0
dia 20 sem pressao - Soja Heter,20,,13310,13313,13310,4368,13317,7458,0
dia 20 sem pressao - Soja Heter,20,,13302,13299,13307,4446,13303,7461,0
dia 20 sem pressao - Soja Heter,20,,13295,13278,13296,4336,13294,7457,0
dia 20 sem pressao - Soja Heter,20,,13305,13294,13304,4337,13298,7454,0
dia 20 sem pressao - Soja Heter,20,,13301,13301,13294,4323,13279,7454,0
dia 20 sem pressao - Soja Heter,20,,13314,13311,13314,4296,13307,7450,0
dia 20 sem pressao - Soja Heter,20,,13299,13302,13298,4094,13294,7451,0
dia 20 sem pressao - Soja Heter,20,,13278,13276,13279,4344,13281,7442,0
dia 20 sem pressao - Soja Heter,20,,13270,13280,13285,4343,13284,7446,0
dia 20 sem pressao - Soja Heter,20,,13274,13272,13273,4333,13276,7451,0
dia 20 sem pressao - Soja Heter,20,,13271,13274,13270,4327,13273,7448,0
dia 20 sem pressao - Soja Heter,20,,13285,13278,13271,4357,13279,7447,0
dia 20 sem pressao - Soja Heter,20,,13282,13281,13279,4272,13283,7446,0
dia 20 sem pressao - Soja Heter,20,,13283,13282,13285,4308,13283,7446,0
dia 20 sem pressao - Soja Heter,20,,13280,13280,13275,4320,13281,7441,0
dia 20 sem pressao - Soja Heter,20,,13280,13281,13281,4346,13282,7443,0
dia 20 sem pressao - Soja Heter,20,,13269,13277,13270,4347,13279,7449,0
dia 20 sem pressao - Soja Heter,20,,13278,13275,13280,4170,13277,7438,0
dia 20 sem pressao - Soja Heter,20,,13280,13277,13278,4301,13278,7443,0
dia 20 sem pressao - Soja Heter,20,,13293,13291,13293,4383,13294,7443,0
dia 20 sem pressao - Soja Heter,20,,13281,13261,13277,4364,13278,7449,0
dia 20 sem pressao - Soja Heter,20,,13275,13271,13272,4294,13269,7447,0
dia 20 sem pressao - Soja Heter,20,,13285,13282,13287,4315,13268,7438,0
dia 20 sem pressao - Soja Heter,20,,13289,13278,13287,4338,13290,7440,0
dia 20 sem pressao - Soja Heter,20,,13254,13273,13261,4276,13261,7435,0
dia 20 sem pressao - Soja Heter,20,,13273,13274,13272,4290,13273,7426,0
dia 20 sem pressao - Soja Heter,20,,13292,13291,13290,4284,13292,7431,0
dia 20 sem pressao - Soja Heter,20,,13277,13279,13276,4115,13279,7456,0
dia 20 sem pressao - Soja Heter,20,,13275,13273,13274,4185,13272,7490,0
dia 20 sem pressao - Soja Heter,20,,13272,13270,13272,4175,13261,7487,0
dia 20 sem pressao - Soja Heter,20,,13360,13360,13363,4029,13352,7483,0
dia 20 sem pressao - Soja Heter,20,,13309,13308,13310,4222,13308,7456,0
dia 20 sem pressao - Soja Heter,20,,13281,13281,13285,4191,13281,7443,0
dia 20 sem pressao - Soja Heter,20,,13285,13282,13283,4186,13284,7451,0
dia 20 sem pressao - Soja Heter,20,,13269,13269,13257,4181,13269,7444,0
dia 20 sem pressao - Soja Heter,20,,13256,13256,13255,4149,13237,7442,0
dia 20 sem pressao - Soja Heter,20,,13287,13277,13287,4158,13285,7449,0
dia 20 sem pressao - Soja Heter,20,,13286,13294,13279,4183,13281,7444,0
dia 20 sem pressao - Soja Heter,20,,13307,13303,13297,4281,13309,7434,0
dia 20 sem pressao - Soja Heter,20,,13303,13307,13312,4247,13305,7437,0
dia 20 sem pressao - Soja Heter,20,,13376,13376,13352,4209,13372,7452,0
dia 20 sem pressao - Soja Heter,20,,13317,13322,13306,4029,13325,7435,0
dia 20 sem pressao - Soja Heter,20,,13338,13336,13337,4077,13336,7424,0
dia 20 sem pressao - Soja Heter,20,,13315,13317,13319,4246,13317,7436,0
dia 20 sem pressao - Soja Heter,20,,13323,13326,13324,4256,13327,7436,0
dia 20 sem pressao - Soja Heter,20,,13310,13309,13309,4276,13313,7433,0
dia 20 sem pressao - Soja Heter,20,,13312,13315,13316,4333,13320,7435,0
dia 20 sem pressao - Soja Heter,20,,13306,13303,13309,4274,13301,7440,0
dia 20 sem pressao - Soja Heter,20,,13310,13309,13310,4272,13295,7437,0
dia 20 sem pressao - Soja Heter,20,,13305,13302,13303,4239,13304,7423,0
dia 20 sem pressao - Soja Heter,20,,13305,13301,13307,4265,13300,7423,0
dia 20 sem pressao - Soja Heter,20,,13305,13305,13313,4274,13306,7429,0
dia 20 sem pressao - Soja Heter,20,,13282,13306,13293,4291,13302,7434,0
dia 20 sem pressao - Soja Heter,20,,13315,13310,13322,4274,13317,7433,0
dia 20 sem pressao - Soja Heter,20,,13299,13286,13304,4275,13306,7428,0
dia 20 sem pressao - Soja Heter,20,,13307,13312,13304,4232,13291,7431,0
dia 20 sem pressao - Soja Heter,20,,13342,13340,13342,4256,13324,7431,0
dia 20 sem pressao - Soja Heter,20,,13312,13308,13312,4073,13303,7421,0
dia 20 sem pressao - Soja Heter,20,,13298,13288,13279,4263,13293,7414,0
dia 20 sem pressao - Soja Heter,20,,13336,13325,13345,4348,13336,7423,0
dia 20 sem pressao - Soja Heter,20,,13315,13304,13309,4247,13329,7423,0
dia 20 sem pressao - Soja Heter,20,,13304,13301,13301,4238,13299,7420,0
dia 20 sem pressao - Soja Heter,20,,13303,13304,13300,4097,13309,7436,0
dia 20 sem pressao - Soja Heter,20,,13279,13278,13288,4227,13279,7426,0
dia 20 sem pressao - Soja Heter,20,,13309,13308,13310,4213,13309,7421,0
dia 20 sem pressao - Soja Heter,20,,13286,13295,13282,4174,13294,7421,0
dia 20 sem pressao - Soja Heter,20,,13300,13307,13302,4240,13306,7419,0
dia 20 sem pressao - Soja Heter,20,,13297,13286,13297,4296,13288,7432,0
dia 20 sem pressao - Soja Heter,20,,13270,13278,13277,4345,13255,7451,0
dia 20 sem pressao - Soja Heter,20,,13273,13268,13285,4264,13277,7419,0
dia 20 sem pressao - Soja Heter,20,,13293,13293,13293,4249,13278,7463,0
dia 20 sem pressao - Soja Heter,20,,13285,13287,13288,4168,13288,7405,0
dia 20 sem pressao - Soja Heter,20,,13267,13270,13270,4181,13274,7401,0
dia 20 sem pressao - Soja Heter,20,,13283,13281,13284,4152,13282,7406,0
dia 20 sem pressao - Soja Heter,20,,13290,13294,13282,4218,13292,7410,0
dia 20 sem pressao - Soja Heter,20,,13294,13293,13299,4229,13294,7406,0
dia 20 sem pressao - Soja Heter,20,,13317,13310,13317,4235,13305,7402,0
dia 20 sem pressao - Soja Heter,20,,13290,13294,13289,4254,13299,7402,0
dia 20 sem pressao - Soja Heter,20,,13269,13270,13279,4131,13272,7399,0
dia 20 sem pressao - Soja Heter,20,,13290,13293,13270,4285,13296,7443,0
dia 20 sem pressao - Soja Heter,20,,13248,13256,13223,4225,13258,7490,0
dia 20 sem pressao - Soja Heter,20,,13281,13286,13288,4221,13284,7493,0
dia 20 sem pressao - Soja Heter,20,,13300,13308,13305,4322,13309,7453,0
dia 20 sem pressao - Soja Heter,20,,13310,13310,13305,4252,13310,7476,0
dia 20 sem pressao - Soja Heter,20,,13313,13314,13312,4476,13311,7456,0
dia 20 sem pressao - Soja Heter,20,,13297,13299,13297,4494,13304,7447,0
dia 20 sem pressao - Soja Heter,20,,13295,13293,13294,4279,13292,7433,0
dia 20 sem pressao - Soja Heter,20,,13290,13289,13288,4511,13292,7433,0
dia 20 sem pressao - Soja Heter,20,,13332,13333,13326,4593,13338,7431,0
dia 20 sem pressao - Soja Heter,20,,13280,13302,13297,4543,13312,7429,0
dia 20 sem pressao - Soja Heter,20,,13335,13339,13334,4569,13337,7431,0
dia 20 sem pressao - Soja Heter,20,,13346,13345,13348,4565,13341,7427,0
dia 20 sem pressao - Soja Heter,20,,13344,13341,13343,4555,13341,7427,0
dia 20 sem pressao - Soja Heter,20,,13284,13293,13285,4543,13292,7422,0
dia 20 sem pressao - Soja Heter,20,,13314,13308,13314,4504,13310,7429,0
dia 20 sem pressao - Soja Heter,20,,13328,13326,13319,4541,13325,7428,0
dia 20 sem pressao - Soja Heter,20,,13304,13301,13308,4560,13301,7421,0
dia 20 sem pressao - Soja Heter,20,,13313,13329,13319,4207,13326,7427,0
dia 20 sem pressao - Soja Heter,20,,13321,13336,13318,4555,13335,7427,0
dia 20 sem pressao - Soja Heter,20,,13337,13337,13338,4594,13340,7426,0
dia 20 sem pressao - Soja Heter,20,,13345,13333,13348,4581,13330,7426,0
dia 20 sem pressao - Soja Heter,20,,13324,13323,13324,4609,13324,7422,0
dia 20 sem pressao - Soja Heter,20,,13355,13357,13354,4731,13357,7427,0
dia 20 sem pressao - Soja Heter,20,,13360,13345,13347,4601,13348,7405,0
dia 20 sem pressao - Soja Heter,20,,13333,13328,13336,4491,13335,7394,0
dia 20 sem pressao - Soja Heter,20,,13335,13332,13336,4461,13327,7404,0
dia 20 sem pressao - Soja Heter,20,,13335,13334,13332,4514,13328,7407,0
dia 20 sem pressao - Soja Heter,20,,13378,13367,13380,4595,13354,7405,0
dia 20 sem pressao - Soja Heter,20,,13385,13401,13361,4616,13403,7404,0
dia 20 sem pressao - Soja Heter,20,,13353,13362,13361,4553,13369,7409,0
dia 20 sem pressao - Soja Heter,20,,13367,13391,13364,4565,13398,7430,0
dia 20 sem pressao - Soja Heter,20,,13396,13397,13394,4556,13398,7433,0
dia 20 sem pressao - Soja Heter,20,,13366,13366,13366,4555,13386,7433,0
dia 20 sem pressao - Soja Heter,20,,13400,13380,13400,4598,13353,7430,0
dia 20 sem pressao - Soja Heter,20,,13403,13401,13401,4533,13394,7428,0
dia 20 sem pressao - Soja Heter,20,,13388,13383,13390,4564,13356,7426,0
dia 20 sem pressao - Soja Heter,20,,13375,13363,13381,4613,13356,7423,0
dia 20 sem pressao - Soja Heter,20,,13383,13381,13383,4576,13380,7428,0
dia 20 sem pressao - Soja Heter,20,,13380,13377,13381,4502,13369,7430,0
dia 20 sem pressao - Soja Heter,20,,13387,13357,13375,4622,13340,7433,0
dia 20 sem pressao - Soja Heter,20,,13355,13356,13360,4561,13356,7431,0
dia 20 sem pressao - Soja Heter,20,,13358,13364,13356,4606,13364,7426,0
dia 20 sem pressao - Soja Heter,20,,13372,13374,13364,4614,13374,7418,0
dia 20 sem pressao - Soja Heter,20,,13372,13376,13367,4693,13375,7427,0
dia 20 sem pressao - Soja Heter,20,,13373,13371,13376,4540,13359,7430,0
dia 20 sem pressao - Soja Heter,20,,13367,13364,13370,4618,13346,7428,0
dia 20 sem pressao - Soja Heter,20,,13344,13338,13333,4647,13328,7420,0
dia 20 sem pressao - Soja Heter,20,,13347,13345,13349,4638,13338,7408,0
dia 20 sem pressao - Soja Heter,20,,13330,13328,13333,4605,13327,7410,0
dia 20 sem pressao - Soja Heter,20,,13344,13333,13350,4251,13353,7409,0
dia 20 sem pressao - Soja Heter,20,,13361,13361,13359,4642,13360,7420,0
dia 20 sem pressao - Soja Heter,20,,13347,13343,13350,4692,13346,7410,0
dia 20 sem pressao - Soja Heter,20,,13318,13319,13318,4638,13317,7441,0
dia 20 sem pressao - Soja Heter,20,,13327,13325,13324,4599,13325,7463,0
dia 20 sem pressao - Soja Heter,20,,13334,13335,13335,4533,13330,7465,0
dia 20 sem pressao - Soja Heter,20,,13335,13333,13334,4575,13328,7442,0
dia 20 sem pressao - Soja Heter,20,,13347,13349,13347,4750,13349,7436,0
dia 20 sem pressao - Soja Heter,20,,13341,13353,13353,4822,13349,7440,0
dia 20 sem pressao - Soja Heter,20,,13321,13333,13338,4650,13332,7432,0
dia 20 sem pressao - Soja Heter,20,,13332,13340,13348,4685,13333,7428,0
dia 20 sem pressao - Soja Heter,20,,13364,13351,13351,4706,13370,7433,0
dia 20 sem pressao - Soja Heter,20,,13362,13353,13361,4696,13355,7430,0
dia 20 sem pressao - Soja Heter,20,,13350,13348,13351,4272,13331,7421,0
dia 20 sem pressao - Soja Heter,20,,13316,13310,13318,4722,13294,7424,0
dia 20 sem pressao - Soja Heter,20,,13312,13311,13312,4769,13302,7416,0
dia 20 sem pressao - Soja Heter,20,,13295,13295,13296,4777,13283,7411,0
dia 20 sem pressao - Soja Heter,20,,13300,13308,13306,4775,13301,7405,0
dia 20 sem pressao - Soja Heter,20,,13284,13283,13288,4736,13277,7410,0
dia 20 sem pressao - Soja Heter,20,,13292,13307,13312,4821,13308,7421,0
dia 20 sem pressao - Soja Heter,20,,13293,13277,13300,4797,13283,7410,0
dia 20 sem pressao - Soja Heter,20,,13281,13265,13289,4803,13278,7413,0
dia 20 sem pressao - Soja Heter,20,,13146,13174,13115,4791,13149,7389,0
dia 20 sem pressao - Soja Heter,20,,13259,13269,13256,4761,13257,7408,0
dia 20 sem pressao - Soja Heter,20,,13323,13321,13328,4312,13298,7409,0
dia 20 sem pressao - Soja Heter,20,,13318,13335,13322,4760,13337,7413,0
dia 20 sem pressao - Soja Heter,20,,13333,13336,13337,4767,13337,7412,0
dia 20 sem pressao - Soja Heter,20,,13317,13327,13317,4760,13326,7414,0
dia 20 sem pressao - Soja Heter,20,,13289,13283,13304,4745,13289,7411,0
dia 20 sem pressao - Soja Heter,20,,13300,13290,13311,4827,13291,7409,0
dia 20 sem pressao - Soja Heter,20,,13290,13297,13303,4790,13275,7413,0
dia 20 sem pressao - Soja Heter,20,,13319,13310,13304,4769,13286,7409,0
dia 20 sem pressao - Soja Heter,20,,13328,13328,13322,4791,13316,7414,0
dia 20 sem pressao - Soja Heter,20,,13333,13335,13343,4759,13320,7417,0
dia 20 sem pressao - Soja Heter,20,,13335,13325,13337,4786,13334,7408,0
dia 20 sem pressao - Soja Heter,20,,13319,13310,13332,4775,13306,7417,0
dia 20 sem pressao - Soja Heter,20,,13311,13303,13318,4695,13314,7414,0
dia 20 sem pressao - Soja Heter,20,,13300,13286,13303,4681,13297,7406,0
dia 20 sem pressao - Soja Heter,20,,13302,13295,13285,4695,13262,7402,0
dia 20 sem pressao - Soja Heter,20,,13318,13325,13322,4679,13305,7408,0
dia 20 sem pressao - Soja Heter,20,,13326,13326,13328,4341,13306,7403,0
dia 20 sem pressao - Soja Heter,20,,13358,13354,13356,4674,13341,7412,0
dia 20 sem pressao - Soja Heter,20,,13354,13353,13354,4656,13339,7413,0
dia 20 sem pressao - Soja Heter,20,,13342,13336,13344,4684,13333,7401,0
dia 20 sem pressao - Soja Heter,20,,13345,13347,13343,4619,13345,7410,0
dia 20 sem pressao - Soja Heter,20,,13309,13321,13324,4800,13326,7409,0
dia 20 sem pressao - Soja Heter,20,,13357,13336,13335,4681,13351,7423,0
dia 20 sem pressao - Soja Heter,20,,13379,13362,13392,4674,13341,7416,0
dia 20 sem pressao - Soja Heter,20,,13353,13346,13382,4701,13329,7417,0
dia 20 sem pressao - Soja Heter,20,,13368,13365,13371,4698,13353,7417,0
dia 20 sem pressao - Soja Heter,20,,13367,13376,13367,4661,13371,7407,0
dia 20 sem pressao - Soja Heter,20,,13365,13373,13374,4271,13361,7410,0
dia 20 sem pressao - Soja Heter,20,,13374,13369,13371,4724,13370,7404,0
dia 20 sem pressao - Soja Heter,20,,13364,13365,13361,4726,13364,7406,0
dia 20 sem pressao - Soja Heter,20,,13367,13364,13370,4711,13364,7411,0
dia 20 sem pressao - Soja Heter,20,,13362,13358,13352,4719,13359,7438,0
dia 20 sem pressao - Soja Heter,20,,13378,13378,13381,4773,13369,7459,0
dia 20 sem pressao - Soja Heter,20,,13358,13360,13363,4599,13364,7465,0
dia 20 sem pressao - Soja Heter,20,,13362,13362,13372,4754,13364,7459,0
dia 20 sem pressao - Soja Heter,20,,13356,13372,13373,4637,13372,7448,0
dia 20 sem pressao - Soja Heter,20,,13376,13361,13376,4604,13376,7439,0
dia 20 sem pressao - Soja Heter,20,,13380,13359,13370,4512,13379,7433,0
dia 20 sem pressao - Soja Heter,20,,13391,13388,13391,4671,13370,7436,0
dia 20 sem pressao - Soja Heter,20,,13375,13378,13384,4684,13356,7430,0
dia 20 sem pressao - Soja Heter,20,,13454,13419,13459,4362,13405,7431,0
dia 20 sem pressao - Soja Heter,20,,13440,13417,13408,4699,13403,7434,0
dia 20 sem pressao - Soja Heter,20,,13365,13365,13359,4660,13369,7410,0
dia 20 sem pressao - Soja Heter,20,,13355,13347,13362,4699,13360,7408,0
dia 20 sem pressao - Soja Heter,20,,13445,13452,13384,4619,13448,7431,0
dia 20 sem pressao - Soja Heter,20,,13452,13451,13445,4647,13450,7427,0
dia 20 sem pressao - Soja Heter,20,,13436,13420,13433,4658,13439,7432,0
dia 20 sem pressao - Soja Heter,20,,13442,13424,13446,4677,13443,7429,0
dia 20 sem pressao - Soja Heter,20,,13410,13410,13408,4652,13393,7421,0
dia 20 sem pressao - Soja Heter,20,,13399,13402,13398,4700,13403,7409,0
dia 20 sem pressao - Soja Heter,20,,13448,13449,13452,4687,13449,7422,0
dia 20 sem pressao - Soja Heter,20,,13439,13440,13439,4702,13439,7424,0
dia 20 sem pressao - Soja Heter,20,,13432,13433,13430,4707,13429,7415,0
dia 20 sem pressao - Soja Heter,20,,13425,13442,13426,4673,13438,7416,0
dia 20 sem pressao - Soja Heter,20,,13400,13399,13400,4289,13384,7414,0
dia 20 sem pressao - Soja Heter,20,,13397,13393,13391,4704,13393,7402,0
dia 20 sem pressao - Soja Heter,20,,13403,13404,13403,4647,13405,7405,0
dia 20 sem pressao - Soja Heter,20,,13397,13407,13410,4699,13406,7422,0
dia 20 sem pressao - Soja Heter,20,,13388,13404,13405,4690,13403,7413,0
dia 20 sem pressao - Soja Heter,20,,13366,13377,13389,4718,13377,7409,0
dia 20 sem pressao - Soja Heter,20,,13388,13378,13383,4689,13387,7406,0
dia 20 sem pressao - Soja Heter,20,,13391,13373,13393,4682,13387,7408,0
dia 20 sem pressao - Soja Heter,20,,13402,13384,13402,4295,13400,7438,0
dia 20 sem pressao - Soja Heter,20,,13396,13380,13398,4622,13396,7446,0
dia 20 sem pressao - Soja Heter,20,,13389,13392,13389,4599,13375,7444,0
dia 20 sem pressao - Soja Heter,20,,13397,13394,13396,4632,13379,7445,0
dia 20 sem pressao - Soja Heter,20,,13387,13387,13386,4615,13387,7435,0
dia 20 sem pressao - Soja Heter,20,,13403,13404,13403,4582,13402,7438,0
dia 20 sem pressao - Soja Heter,20,,13397,13380,13396,4553,13396,7437,0
dia 20 sem pressao - Soja Heter,20,,13396,13397,13396,4532,13380,7405,0
dia 20 sem pressao - Soja Heter,20,,13401,13398,13399,4633,13384,7401,0
dia 20 sem pressao - Soja Heter,20,,13394,13394,13395,4613,13384,7402,0
dia 20 sem pressao - Soja Heter,20,,13381,13390,13400,4629,13386,7395,0
dia 20 sem pressao - Soja Heter,20,,13392,13393,13395,4386,13389,7390,0
dia 20 sem pressao - Soja Heter,20,,13399,13394,13395,4682,13387,7396,0
dia 20 sem pressao - Soja Heter,20,,13400,13398,13396,4660,13400,7397,0
dia 20 sem pressao - Soja Heter,20,,13381,13386,13377,4607,13387,7392,0
dia 20 sem pressao - Soja Heter,20,,13399,13396,13400,4627,13400,7401,0
dia 20 sem pressao - Soja Heter,20,,13410,13392,13407,4427,13395,7398,0
dia 20 sem pressao - Soja Heter,20,,13395,13406,13402,4361,13405,7387,0
dia 20 sem pressao - Soja Heter,20,,13374,13388,13391,4693,13389,7402,0
dia 20 sem pressao - Soja Heter,20,,13388,13377,13390,4640,13393,7398,0
dia 20 sem pressao - Soja Heter,20,,13393,13375,13383,4624,13393,7398,0
dia 20 sem pressao - Soja Heter,20,,13407,13386,13399,4621,13399,7399,0
dia 20 sem pressao - Soja Heter,20,,13399,13398,13397,4620,13399,7426,0
dia 20 sem pressao - Soja Heter,20,,13403,13403,13404,4512,13406,7450,0
dia 20 sem pressao - Soja Heter,20,,13404,13406,13384,4209,13406,7446,0
dia 20 sem pressao - Soja Heter,20,,13412,13412,13396,4583,13414,7429,0
dia 20 sem pressao - Soja Heter,20,,13420,13420,13401,4543,13420,7419,0
dia 20 sem pressao - Soja Heter,20,,13395,13409,13409,4545,13408,7416,0
dia 20 sem pressao - Soja Heter,20,,13399,13415,13414,4575,13415,7415,0
dia 20 sem pressao - Soja Heter,20,,13404,13427,13417,4630,13409,7413,0
dia 20 sem pressao - Soja Heter,20,,13409,13413,13409,4614,13412,7414,0
dia 20 sem pressao - Soja Heter,20,,13405,13406,13404,4478,13397,7406,0
dia 20 sem pressao - Soja Heter,20,,13401,13402,13401,4582,13398,7404,0
dia 20 sem pressao - Soja Heter,20,,13380,13374,13364,4634,13369,7382,0
dia 20 sem pressao - Soja Heter,20,,13405,13405,13391,4622,13405,7392,0
dia 20 sem pressao - Soja Heter,20,,13396,13399,13395,4369,13400,7387,0
dia 20 sem pressao - Soja Heter,20,,13395,13393,13383,4605,13390,7392,0
dia 20 sem pressao - Soja Heter,20,,13386,13387,13392,4633,13393,7392,0
dia 20 sem pressao - Soja Heter,20,,13402,13405,13406,4765,13389,7396,0
dia 20 sem pressao - Soja Heter,20,,13407,13399,13410,4426,13392,7387,0
dia 20 sem pressao - Soja Heter,20,,13390,13382,13371,4458,13381,7412,0
dia 20 sem pressao - Soja Heter,20,,13303,13299,13309,4618,13256,7415,0
dia 20 sem pressao - Soja Heter,20,,13369,13366,13370,4619,13367,7411,0
dia 20 sem pressao - Soja Heter,20,,13379,13378,13376,4606,13375,7423,0
dia 20 sem pressao - Soja Heter,20,,13370,13370,13367,4581,13374,7410,0
dia 20 sem pressao - Soja Heter,20,,13396,13399,13396,4598,13401,7415,0
dia 20 sem pressao - Soja Heter,20,,13378,13375,13377,4258,13374,7410,0
dia 20 sem pressao - Soja Heter,20,,13371,13379,13375,4602,13380,7408,0
dia 20 sem pressao - Soja Heter,20,,13408,13409,13406,4699,13409,7399,0
dia 20 sem pressao - Soja Heter,20,,13330,13332,13329,4668,13331,7435,0
dia 20 sem pressao - Soja Heter,20,,13409,13409,13392,4673,13409,7386,0
dia 20 sem pressao - Soja Heter,20,,13238,13236,13214,4580,13233,7411,0
dia 20 sem pressao - Soja Heter,20,,13217,13219,13218,4605,13221,7415,0
dia 20 sem pressao - Soja Heter,20,,13227,13225,13222,4596,13225,7410,0
dia 20 sem pressao - Soja Heter,20,,13241,13210,13239,4603,13168,7406,0
dia 20 sem pressao - Soja Heter,20,,13245,13244,13248,4571,13244,7418,0
dia 20 sem pressao - Soja Heter,20,,13251,13253,13249,4610,13247,7418,0
dia 20 sem pressao - Soja Heter,20,,13203,13203,13184,4331,13202,7406,0
dia 20 sem pressao - Soja Heter,20,,13191,13196,13180,4654,13197,7410,0
dia 20 sem pressao - Soja Heter,20,,13196,13195,13175,4630,13192,7409,0
dia 20 sem pressao - Soja Heter,20,,13349,13354,13346,4669,13357,7386,0
dia 20 sem pressao - Soja Heter,20,,13339,13356,13357,4642,13318,7401,0
dia 20 sem pressao - Soja Heter,20,,13205,13225,13222,4683,13220,7404,0
dia 20 sem pressao - Soja Heter,20,,13231,13230,13226,4579,13229,7412,0
dia 20 sem pressao - Soja Heter,20,,13183,13183,13181,4643,13184,7424,0
dia 20 sem pressao - Soja Heter,20,,13170,13157,13165,4680,13162,7419,0
dia 20 sem pressao - Soja Heter,20,,13177,13176,13176,4601,13178,7415,0
dia 20 sem pressao - Soja Heter,20,,13142,13146,13144,4627,13150,7412,0
dia 20 sem pressao - Soja Heter,20,,13183,13181,13170,4636,13180,7421,0
dia 20 sem pressao - Soja Heter,20,,13186,13187,13187,4634,13178,7414,0
dia 20 sem pressao - Soja Heter,20,,13176,13186,13173,4622,13186,7407,0
dia 20 sem pressao - Soja Heter,20,,13168,13120,13168,4651,13183,7408,0
dia 20 sem pressao - Soja Heter,20,,13271,13270,13255,4710,13272,7406,0
dia 20 sem pressao - Soja Heter,20,,13202,13205,13201,4304,13197,7411,0
dia 20 sem pressao - Soja Heter,20,,13197,13191,13209,4486,13225,7479,0
dia 20 sem pressao - Soja Heter,20,,13213,13234,13228,4517,13233,7494,0
dia 20 sem pressao - Soja Heter,20,,13240,13235,13251,4655,13211,7462,0
dia 20 sem pressao - Soja Heter,20,,13223,13222,13225,4557,13213,7435,0
dia 20 sem pressao - Soja Heter,20,,13236,13232,13225,4581,13218,7431,0
dia 20 sem pressao - Soja Heter,20,,13227,13225,13227,4614,13221,7428,0
dia 20 sem pressao - Soja Heter,20,,13222,13219,13223,4645,13219,7417,0
dia 20 sem pressao - Soja Heter,20,,13205,13199,13202,4561,13221,7416,0
dia 20 sem pressao - Soja Heter,20,,13209,13208,13196,4591,13209,7415,0
dia 20 sem pressao - Soja Heter,20,,13139,13140,13144,4592,13144,7396,0
dia 20 sem pressao - Soja Heter,20,,13085,13084,13087,4568,13085,7387,0
dia 20 sem pressao - Soja Heter,20,,13119,13113,13104,4694,13124,7390,0
dia 20 sem pressao - Soja Heter,20,,13082,13075,13096,4728,13092,7379,0
dia 20 sem pressao - Soja Heter,20,,13055,13057,13055,4579,13068,7373,0
dia 20 sem pressao - Soja Heter,20,,13076,13079,13079,4531,13075,7376,0
dia 20 sem pressao - Soja Heter,20,,13077,13076,13077,4598,13068,7365,0
dia 20 sem pressao - Soja Heter,20,,13065,13053,13085,4635,13046,7362,0
dia 20 sem pressao - Soja Heter,20,,13245,13252,13244,4591,13257,7421,0
dia 20 sem pressao - Soja Heter,20,,13269,13268,13269,4266,13266,7409,0
dia 20 sem pressao - Soja Heter,20,,13266,13265,13271,4546,13264,7402,0
dia 20 sem pressao - Soja Heter,20,,13282,13272,13268,4536,13279,7405,0
dia 20 sem pressao - Soja Heter,20,,13284,13281,13275,4576,13284,7402,0
dia 20 sem pressao - Soja Heter,20,,13296,13296,13296,4508,13297,7404,0
dia 20 sem pressao - Soja Heter,20,,13292,13296,13293,4544,13297,7404,0
dia 20 sem pressao - Soja Heter,20,,13284,13285,13285,4329,13288,7385,0
dia 20 sem pressao - Soja Heter,20,,13259,13255,13261,4575,13260,7388,0
dia 20 sem pressao - Soja Heter,20,,13264,13265,13266,4572,13270,7387,0
dia 20 sem pressao - Soja Heter,20,,13296,13287,13293,4528,13308,7389,0
dia 20 sem pressao - Soja Heter,20,,13295,13289,13295,4487,13288,7392,0
dia 20 sem pressao - Soja Heter,20,,13299,13299,13295,4517,13300,7387,0
dia 20 sem pressao - Soja Heter,20,,13276,13286,13263,4286,13290,7386,0
dia 20 sem pressao - Soja Heter,20,,13274,13267,13260,4567,13263,7385,0
dia 20 sem pressao - Soja Heter,20,,13283,13279,13263,4533,13274,7384,0
dia 20 sem pressao - Soja Heter,20,,13268,13277,13274,4509,13283,7386,0
dia 20 sem pressao - Soja Heter,20,,13258,13281,13274,4545,13293,7387,0
dia 20 sem pressao - Soja Heter,20,,13279,13266,13280,4562,13280,7383,0
dia 20 sem pressao - Soja Heter,20,,13286,13295,13272,4548,13285,7391,0
dia 20 sem pressao - Soja Heter,20,,13300,13297,13294,4259,13293,7380,0
dia 20 sem pressao - Soja Heter,20,,13272,13272,13261,4516,13269,7381,0
dia 20 sem pressao - Soja Heter,20,,13238,13253,13255,4571,13251,7376,0
dia 20 sem pressao - Soja Heter,20,,13238,13250,13253,4579,13255,7380,0
dia 20 sem pressao - Soja Heter,20,,13266,13277,13280,4270,13274,7375,0
dia 20 sem pressao - Soja Heter,20,,13261,13278,13276,4560,13285,7379,0
dia 20 sem pressao - Soja Heter,20,,13277,13265,13277,4527,13279,7380,0
dia 20 sem pressao - Soja Heter,20,,13289,13265,13288,4600,13285,7379,0
dia 20 sem pressao - Soja Heter,20,,13293,13292,13288,4513,13281,7380,0
dia 20 sem pressao - Soja Heter,20,,13295,13301,13295,4556,13282,7384,0
dia 20 sem pressao - Soja Heter,20,,13283,13285,13273,4563,13284,7385,0
dia 20 sem pressao - Soja Heter,20,,13269,13274,13270,4544,13272,7373,0
dia 20 sem pressao - Soja Heter,20,,13279,13295,13286,4493,13285,7381,0
dia 20 sem pressao - Soja Heter,20,,13285,13279,13286,4494,13285,7377,0
dia 20 sem pressao - Soja Heter,20,,13264,13249,13267,4525,13264,7370,0
dia 20 sem pressao - Soja Heter,20,,13249,13245,13255,4519,13247,7363,0
dia 20 sem pressao - Soja Heter,20,,13236,13236,13232,4443,13231,7392,0
dia 20 sem pressao - Soja Heter,20,,13308,13302,13296,4496,13308,7419,0
dia 20 sem pressao - Soja Heter,20,,13287,13297,13301,4478,13309,7421,0
dia 20 sem pressao - Soja Heter,20,,13294,13283,13293,4490,13298,7395,0
dia 20 sem pressao - Soja Heter,20,,13271,13269,13283,4496,13269,7389,0
dia 20 sem pressao - Soja Heter,20,,13332,13325,13324,4558,13314,7389,0
dia 20 sem pressao - Soja Heter,20,,13282,13281,13286,4236,13251,7383,0
dia 20 sem pressao - Soja Heter,20,,13240,13212,13253,4347,13223,7386,0
dia 20 sem pressao - Soja Heter,20,,13203,13203,13205,4484,13202,7384,0
dia 20 sem pressao - Soja Heter,20,,13224,13231,13204,4485,13243,7382,0
dia 20 sem pressao - Soja Heter,20,,13256,13262,13219,4561,13249,7390,0
dia 20 sem pressao - Soja Heter,20,,13216,13255,13244,4497,13253,7383,0
dia 20 sem pressao - Soja Heter,20,,13255,13273,13271,4521,13277,7384,0
dia 20 sem pressao - Soja Heter,20,,13282,13281,13284,4276,13293,7388,0
dia 20 sem pressao - Soja Heter,20,,13289,13286,13303,4269,13283,7386,0
dia 20 sem pressao - Soja Heter,20,,13274,13285,13272,4284,13282,7385,0
dia 20 sem pressao - Soja Heter,20,,13292,13289,13286,4275,13266,7382,0
dia 20 sem pressao - Soja Heter,20,,13321,13314,13297,4298,13305,7382,0
dia 20 sem pressao - Soja Heter,20,,13291,13289,13293,4310,13285,7375,0
dia 20 sem pressao - Soja Heter,20,,13299,13298,13296,4330,13298,7378,0
dia 20 sem pressao - Soja Heter,20,,13308,13312,13303,4370,13298,7376,0
dia 20 sem pressao - Soja Heter,20,,13286,13290,13282,4382,13279,7372,0
dia 20 sem pressao - Soja Heter,20,,13242,13250,13245,4388,13246,7366,0
dia 20 sem pressao - Soja Heter,20,,13252,13261,13257,4279,13261,7352,0
dia 20 sem pressao - Soja Heter,20,,13285,13298,13272,4586,13292,7356,0
dia 20 sem pressao - Soja Heter,20,,13287,13281,13304,4553,13275,7356,0
dia 20 sem pressao - Soja Heter,20,,13308,13308,13306,4479,13311,7363,0
dia 20 sem pressao - Soja Heter,20,,13296,13318,13291,4494,13316,7365,0
dia 20 sem pressao - Soja Heter,20,,13331,13324,13333,4376,13321,7367,0
dia 20 sem pressao - Soja Heter,20,,13315,13318,13319,4220,13324,7353,0
dia 20 sem pressao - Soja Heter,20,,13338,13335,13338,4519,13340,7358,0
dia 20 sem pressao - Soja Heter,20,,13335,13335,13335,4498,13334,7360,0
dia 20 sem pressao - Soja Heter,20,,13344,13334,13336,4529,13331,7359,0
dia 20 sem pressao - Soja Heter,20,,13329,13331,13332,4422,13338,7407,0
dia 20 sem pressao - Soja Heter,20,,13340,13337,13332,4539,13335,7363,0
dia 20 sem pressao - Soja Heter,20,,13334,13320,13327,4547,13317,7362,0
dia 20 sem pressao - Soja Heter,20,,13301,13307,13312,4583,13311,7352,0
dia 20 sem pressao - Soja Heter,20,,13321,13316,13327,4542,13324,7358,0
dia 20 sem pressao - Soja Heter,20,,13339,13335,13334,4512,13332,7350,0
dia 20 sem pressao - Soja Heter,20,,13329,13326,13329,4466,13329,7350,0
dia 20 sem pressao - Soja Heter,20,,13358,13358,13344,4260,13345,7343,0
dia 20 sem pressao - Soja Heter,20,,13347,13335,13340,4490,13324,7350,0
dia 20 sem pressao - Soja Heter,20,,13319,13330,13315,4476,13338,7350,0
dia 20 sem pressao - Soja Heter,20,,13338,13329,13336,4497,13329,7348,0
dia 20 sem pressao - Soja Heter,20,,13299,13301,13298,4472,13302,7347,0
dia 20 sem pressao - Soja Heter,20,,13321,13320,13293,4570,13331,7335,0
dia 20 sem pressao - Soja Heter,20,,13319,13313,13323,4578,13317,7395,0
dia 20 sem pressao - Soja Heter,20,,13338,13339,13332,4492,13333,7376,0
dia 20 sem pressao - Soja Heter,20,,13334,13345,13331,4549,13357,7343,0
dia 20 sem pressao - Soja Heter,20,,13357,13357,13346,4549,13348,7337,0
dia 20 sem pressao - Soja Heter,20,,13381,13377,13382,4549,13383,7345,0
dia 20 sem pressao - Soja Heter,20,,13383,13386,13393,4267,13385,7344,0
dia 20 sem pressao - Soja Heter,20,,13412,13394,13409,4493,13414,7381,0
dia 20 sem pressao - Soja Heter,20,,13410,13426,13422,4411,13411,7405,0
dia 20 sem pressao - Soja Heter,20,,13403,13394,13392,4487,13384,7397,0
dia 20 sem pressao - Soja Heter,20,,13515,13600,13468,4499,13601,7382,0
dia 20 sem pressao - Soja Heter,20,,13609,13611,13610,4503,13610,7371,0
dia 20 sem pressao - Soja Heter,20,,13600,13600,13603,4508,13600,7369,0
dia 20 sem pressao - Soja Heter,20,,13603,13599,13580,4549,13594,7370,0
dia 20 sem pressao - Soja Heter,20,,13631,13624,13635,4384,13620,7368,0
dia 20 sem pressao - Soja Heter,20,,13595,13597,13591,4253,13592,7350,0
dia 20 sem pressao - Soja Heter,20,,13575,13575,13578,4540,13581,7349,0
dia 20 sem pressao - Soja Heter,20,,13602,13600,13601,4519,13599,7352,0
dia 20 sem pressao - Soja Heter,20,,13603,13604,13603,4541,13601,7355,0
dia 20 sem pressao - Soja Heter,20,,13619,13602,13620,4508,13614,7351,0
dia 20 sem pressao - Soja Heter,20,,13600,13599,13600,4547,13597,7347,0
dia 20 sem pressao - Soja Heter,20,,13600,13599,13594,4534,13598,7345,0
dia 20 sem pressao - Soja Heter,20,,13611,13612,13614,4533,13606,7346,0
dia 20 sem pressao - Soja Heter,20,,13603,13603,13605,4516,13604,7346,0
dia 20 sem pressao - Soja Heter,20,,13602,13602,13601,4504,13602,7346,0
dia 20 sem pressao - Soja Heter,20,,13590,13593,13589,4575,13598,7342,0
dia 20 sem pressao - Soja Heter,20,,13610,13613,13611,4548,13608,7340,0
dia 20 sem pressao - Soja Heter,20,,13621,13620,13620,4486,13622,7346,0
dia 20 sem pressao - Soja Heter,20,,13628,13626,13629,4491,13622,7343,0
dia 20 sem pressao - Soja Heter,20,,13640,13638,13637,4478,13638,7344,0
dia 20 sem pressao - Soja Heter,20,,13630,13631,13632,4489,13628,7343,0
dia 20 sem pressao - Soja Heter,20,,13612,13609,13611,4543,13608,7346,0
dia 20 sem pressao - Soja Heter,20,,13620,13618,13615,4217,13613,7346,0
dia 20 sem pressao - Soja Heter,20,,13615,13611,13621,4616,13622,7350,0
dia 20 sem pressao - Soja Heter,20,,13602,13600,13603,4525,13600,7355,0
dia 20 sem pressao - Soja Heter,20,,13601,13599,13600,4534,13598,7350,0
dia 20 sem pressao - Soja Heter,20,,13605,13604,13606,4545,13601,7346,0
dia 20 sem pressao - Soja Heter,20,,13588,13589,13594,4772,13589,7343,0
dia 20 sem pressao - Soja Heter,20,,13586,13588,13585,4619,13588,7347,0
dia 20 sem pressao - Soja Heter,20,,13582,13585,13583,4706,13589,7343,0
dia 20 sem pressao - Soja Heter,20,,13582,13583,13582,4708,13581,7341,0
dia 20 sem pressao - Soja Heter,20,,13587,13584,13585,4709,13580,7336,0
dia 20 sem pressao - Soja Heter,20,,13590,13590,13590,4703,13514,7354,0
dia 20 sem pressao - Soja Heter,20,,13614,13613,13612,4760,13611,7353,0
dia 20 sem pressao - Soja Heter,20,,13605,13601,13605,4686,13602,7348,0
dia 20 sem pressao - Soja Heter,20,,13606,13608,13590,4720,13608,7347,0
dia 20 sem pressao - Soja Heter,20,,13611,13610,13609,4720,13609,7340,0
dia 20 sem pressao - Soja Heter,20,,13597,13589,13594,4747,13596,7327,0
dia 20 sem pressao - Soja Heter,20,,13533,13460,13535,4700,13313,7345,0
dia 20 sem pressao - Soja Heter,20,,13330,13332,13331,4703,13331,7346,0
dia 20 sem pressao - Soja Heter,20,,13277,13274,13275,4728,13284,7344,0
dia 20 sem pressao - Soja Heter,20,,13274,13269,13272,4741,13263,7339,0
dia 20 sem pressao - Soja Heter,20,,13272,13267,13272,4741,13274,7338,0
dia 20 sem pressao - Soja Heter,20,,13263,13266,13272,4728,13270,7338,0
dia 20 sem pressao - Soja Heter,20,,13305,13301,13304,4750,13303,7350,0
dia 20 sem pressao - Soja Heter,20,,13309,13310,13309,4658,13306,7344,0
dia 20 sem pressao - Soja Heter,20,,13285,13287,13289,4637,13288,7340,0
dia 20 sem pressao - Soja Heter,20,,13321,13321,13318,4643,13318,7343,0
dia 20 sem pressao - Soja Heter,20,,13307,13304,13308,4748,13302,7345,0
dia 20 sem pressao - Soja Heter,20,,13324,13323,13324,4235,13318,7339,0
dia 20 sem pressao - Soja Heter,20,,13314,13315,13306,4615,13318,7370,0
dia 20 sem pressao - Soja Heter,20,,13281,13282,13270,4616,13284,7385,0
dia 20 sem pressao - Soja Heter,20,,13306,13304,13305,4580,13303,7391,0
dia 20 sem pressao - Soja Heter,20,,13295,13295,13278,4599,13295,7387,0
dia 20 sem pressao - Soja Heter,20,,13281,13299,13294,4629,13291,7367,0
dia 20 sem pressao - Soja Heter,20,,13280,13303,13285,4691,13305,7363,0
dia 20 sem pressao - Soja Heter,20,,13289,13304,13308,4311,13304,7354,0
dia 20 sem pressao - Soja Heter,20,,13315,13305,13297,4515,13303,7354,0
dia 20 sem pressao - Soja Heter,20,,13302,13315,13319,4489,13318,7356,0
dia 20 sem pressao - Soja Heter,20,,13295,13284,13290,4498,13299,7353,0
dia 20 sem pressao - Soja Heter,20,,13321,13296,13321,4567,13313,7354,0
dia 20 sem pressao - Soja Heter,20,,13304,13326,13308,4523,13314,7357,0
dia 20 sem pressao - Soja Heter,20,,13335,13337,13313,4544,13328,7354,0
dia 20 sem pressao - Soja Heter,20,,13335,13335,13328,4563,13335,7352,0
dia 20 sem pressao - Soja Heter,20,,13323,13339,13337,4507,13343,7348,0
dia 20 sem pressao - Soja Heter,20,,13343,13328,13343,4461,13345,7348,0
dia 20 sem pressao - Soja Heter,20,,13339,13331,13339,4411,13340,7345,0
dia 20 sem pressao - Soja Heter,20,,13329,13331,13328,4171,13316,7342,0
dia 20 sem pressao - Soja Heter,20,,13342,13341,13342,4414,13325,7347,0
dia 20 sem pressao - Soja Heter,20,,13350,13341,13352,4262,13323,7337,0
dia 20 sem pressao - Soja Heter,20,,13323,13321,13326,4390,13316,7343,0
dia 20 sem pressao - Soja Heter,20,,13327,13326,13328,4361,13316,7339,0
dia 20 sem pressao - Soja Heter,20,,13326,13345,13334,4378,13344,7337,0
dia 20 sem pressao - Soja Heter,20,,13307,13324,13324,4349,13322,7347,0
dia 20 sem pressao - Soja Heter,20,,13300,13316,13321,4385,13319,7343,0
dia 20 sem pressao - Soja Heter,20,,13326,13309,13326,4404,13322,7334,0
dia 20 sem pressao - Soja Heter,20,,13321,13305,13321,4348,13333,7330,0
dia 20 sem pressao - Soja Heter,20,,13323,13323,13324,4388,13307,7333,0
dia 20 sem pressao - Soja Heter,20,,13325,13325,13323,4171,13310,7328,0
dia 20 sem pressao - Soja Heter,20,,13307,13309,13307,4348,13309,7324,0
dia 20 sem pressao - Soja Heter,20,,13306,13308,13307,4324,13308,7320,0
dia 20 sem pressao - Soja Heter,20,,13325,13389,13324,4329,13612,7343,0
dia 20 sem pressao - Soja Heter,20,,13633,13635,13634,4365,13638,7339,0
dia 20 sem pressao - Soja Heter,20,,13641,13641,13640,4369,13644,7328,0
dia 20 sem pressao - Soja Heter,20,,13645,13647,13646,4335,13647,7326,0
dia 20 sem pressao - Soja Heter,20,,13643,13643,13643,4328,13644,7321,0
dia 20 sem pressao - Soja Heter,20,,13644,13646,13641,4373,13647,7322,0
dia 20 sem pressao - Soja Heter,20,,13353,13342,13353,4402,13340,7329,0
dia 20 sem pressao - Soja Heter,20,,13368,13369,13353,4344,13355,7361,0
dia 20 sem pressao - Soja Heter,20,,13352,13357,13350,4037,13361,7360,0
dia 20 sem pressao - Soja Heter,20,,13360,13359,13355,4114,13356,7359,0
dia 20 sem pressao - Soja Heter,20,,13360,13358,13358,4161,13357,7354,0
dia 20 sem pressao - Soja Heter,20,,13365,13365,13364,4225,13365,7363,0
dia 20 sem pressao - Soja Heter,20,,13360,13359,13360,4160,13360,7360,0
dia 20 sem pressao - Soja Heter,20,,13364,13363,13361,4350,13368,7363,0
dia 20 sem pressao - Soja Heter,20,,13364,13362,13363,4267,13344,7355,0
dia 20 sem pressao - Soja Heter,20,,13345,13344,13342,4234,13343,7352,0
dia 20 sem pressao - Soja Heter,20,,13341,13343,13342,4192,13342,7325,0
dia 20 sem pressao - Soja Heter,20,,13342,13342,13341,4203,13341,7324,0
dia 20 sem pressao - Soja Heter,20,,13341,13344,13339,4181,13334,7323,0
dia 20 sem pressao - Soja Heter,20,,13345,13345,13344,4057,13347,7321,0
dia 20 sem pressao - Soja Heter,20,,13342,13342,13340,4295,13350,7313,0
dia 20 sem pressao - Soja Heter,20,,13341,13343,13337,4198,13352,7345,0
dia 20 sem pressao - Soja Heter,20,,13369,13376,13365,4209,13366,7369,0
dia 20 sem pressao - Soja Heter,20,,13365,13362,13379,4135,13370,7363,0
dia 20 sem pressao - Soja Heter,20,,13403,13395,13398,4164,13396,7348,0
dia 20 sem pressao - Soja Heter,20,,13401,13400,13386,4148,13399,7335,0
dia 20 sem pressao - Soja Heter,20,,13389,13386,13388,4083,13388,7331,0
dia 20 sem pressao - Soja Heter,20,,13388,13388,13380,3989,13385,7320,0
dia 20 sem pressao - Soja Heter,20,,13410,13398,13404,4192,13393,7324,0
dia 20 sem pressao - Soja Heter,20,,13403,13397,13381,4160,13372,7324,0
dia 20 sem pressao - Soja Heter,20,,13386,13390,13385,4137,13386,7327,0
dia 20 sem pressao - Soja Heter,20,,13603,13614,13594,4149,13613,7306,0
dia 20 sem pressao - Soja Heter,20,,13613,13609,13620,4261,13606,7310,0
dia 20 sem pressao - Soja Heter,20,,13326,13317,13501,4222,13306,7334,0
dia 20 sem pressao - Soja Heter,20,,13297,13300,13300,4274,13295,7329,0
dia 20 sem pressao - Soja Heter,20,,13299,13310,13301,4077,13309,7321,0
dia 20 sem pressao - Soja Heter,20,,13320,13318,13321,4256,13319,7319,0
dia 20 sem pressao - Soja Heter,20,,13312,13309,13292,4277,13309,7316,0
dia 20 sem pressao - Soja Heter,20,,13315,13315,13316,4207,13316,7311,0
dia 20 sem pressao - Soja Heter,20,,13313,13313,13313,4256,13311,7310,0
dia 20 sem pressao - Soja Heter,20,,13329,13331,13355,4195,13340,7311,0
dia 20 sem pressao - Soja Heter,20,,13327,13341,13327,4235,13324,7304,0
dia 20 sem pressao - Soja Heter,20,,13302,13293,13300,4142,13263,7303,0
dia 20 sem pressao - Soja Heter,20,,13319,13328,13317,4283,13320,7307,0
dia 20 sem pressao - Soja Heter,20,,13320,13319,13320,4246,13317,7317,0
dia 20 sem pressao - Soja Heter,20,,13349,13351,13358,4268,13353,7318,0
dia 20 sem pressao - Soja Heter,20,,13191,13189,13318,4255,13189,7277,0
dia 20 sem pressao - Soja Heter,20,,13337,13337,13337,4215,13336,7317,0
dia 20 sem pressao - Soja Heter,20,,13335,13332,13336,4243,13332,7264,0
dia 20 sem pressao - Soja Heter,20,,13330,13276,13328,4077,13190,7281,0
dia 20 sem pressao - Soja Heter,20,,13357,13358,13355,4218,13357,7322,0
dia 20 sem pressao - Soja Heter,20,,13350,13352,13351,4140,13354,7310,0
dia 20 sem pressao - Soja Heter,20,,13333,13335,13316,4146,13342,7313,0
dia 20 sem pressao - Soja Heter,20,,13198,13268,13190,4188,13319,7303,0
dia 20 sem pressao - Soja Heter,20,,13335,13340,13334,4221,13328,7311,0
dia 20 sem pressao - Soja Heter,20,,13332,13341,13327,4303,13341,7322,0
dia 20 sem pressao - Soja Heter,20,,13329,13325,13327,4195,13319,7303,0
dia 20 sem pressao - Soja Heter,20,,13349,13352,13348,4159,13344,7303,0
dia 20 sem pressao - Soja Heter,20,,13344,13343,13329,4181,13342,7309,0
dia 20 sem pressao - Soja Heter,20,,13361,13359,13337,4196,13361,7316,0
dia 20 sem pressao - Soja Heter,20,,13359,13368,13341,4284,13375,7312,0
dia 20 sem pressao - Soja Heter,20,,13351,13344,13356,3966,13340,7298,0
dia 20 sem pressao - Soja Heter,20,,13251,13348,13202,4049,13348,7300,0
dia 20 sem pressao - Soja Heter,20,,13320,13313,13321,4022,13315,7288,0
dia 20 sem pressao - Soja Heter,20,,13320,13319,13320,4006,13319,7290,0
dia 20 sem pressao - Soja Heter,20,,13347,13345,13324,4133,13322,7293,0
dia 20 sem pressao - Soja Heter,20,,13343,13351,13338,4021,13336,7306,0
dia 20 sem pressao - Soja Heter,20,,13341,13345,13354,4052,13347,7309,0
dia 20 sem pressao - Soja Heter,20,,13330,13324,13329,4015,13322,7292,0
dia 20 sem pressao - Soja Heter,20,,13323,13322,13326,3996,13323,7280,0
dia 20 sem pressao - Soja Heter,20,,13318,13316,13318,3937,13312,7274,0
dia 20 sem pressao - Soja Heter,20,,13318,13328,13326,3921,13329,7274,0
dia 20 sem pressao - Soja Heter,20,,13342,13342,13346,3889,13339,7285,0
dia 20 sem pressao - Soja Heter,20,,13345,13345,13323,3923,13345,7288,0
dia 20 sem pressao - Soja Heter,20,,13354,13350,13328,3911,13349,7318,0
dia 20 sem pressao - Soja Heter,20,,13374,13369,13358,3825,13364,7333,0
dia 20 sem pressao - Soja Heter,20,,13338,13338,13336,3867,13340,7355,0
dia 20 sem pressao - Soja Heter,20,,13324,13343,13312,3915,13347,7337,0
dia 20 sem pressao - Soja Heter,20,,13345,13354,13334,4014,13351,7328,0
dia 20 sem pressao - Soja Heter,20,,13332,13336,13338,3871,13332,7309,0
dia 20 sem pressao - Soja Heter,20,,13316,13338,13336,3914,13342,7300,0
dia 20 sem pressao - Soja Heter,20,,13349,13345,13356,3914,13343,7303,0
dia 20 sem pressao - Soja Heter,20,,13342,13343,13326,3912,13342,7297,0
dia 20 sem pressao - Soja Heter,20,,13326,13327,13312,3907,13322,7292,0
dia 20 sem pressao - Soja Heter,20,,13346,13344,13307,3992,13341,7294,0
dia 20 sem pressao - Soja Heter,20,,13349,13349,13358,3932,13330,7295,0
dia 20 sem pressao - Soja Heter,20,,13360,13355,13361,3972,13358,7262,0
dia 20 sem pressao - Soja Heter,20,,13370,13365,13371,3957,13370,7263,0
dia 20 sem pressao - Soja Heter,20,,13369,13371,13350,3982,13376,7257,0
dia 20 sem pressao - Soja Heter,20,,13361,13381,13391,3983,13376,7264,0
dia 20 sem pressao - Soja Heter,20,,13362,13372,13330,3883,13374,7255,0
dia 20 sem pressao - Soja Heter,20,,13337,13320,13318,3995,13350,7252,0
dia 20 sem pressao - Soja Heter,20,,13424,13445,13439,4043,13447,7273,0
dia 20 sem pressao - Soja Heter,20,,13454,13437,13453,3978,13445,7272,0
dia 20 sem pressao - Soja Heter,20,,13461,13457,13461,3980,13466,7282,0
dia 20 sem pressao - Soja Heter,20,,13473,13473,13475,4069,13462,7276,0
dia 20 sem pressao - Soja Heter,20,,13475,13481,13495,3901,13493,7341,0
dia 20 sem pressao - Soja Heter,20,,13492,13476,13484,3904,13475,7337,0
dia 20 sem pressao - Soja Heter,20,,13493,13468,13482,3918,13480,7335,0
dia 20 sem pressao - Soja Heter,20,,13456,13443,13463,3965,13454,7330,0
dia 20 sem pressao - Soja Heter,20,,13457,13467,13474,3985,13450,7333,0
dia 20 sem pressao - Soja Heter,20,,13460,13465,13462,3948,13467,7338,0
dia 20 sem pressao - Soja Heter,20,,13500,13488,13501,3959,13500,7331,0
dia 20 sem pressao - Soja Heter,20,,13463,13464,13434,4024,13460,7332,0
dia 20 sem pressao - Soja Heter,20,,13484,13486,13485,3986,13467,7331,0
dia 20 sem pressao - Soja Heter,20,,13477,13480,13478,3984,13476,7322,0
dia 20 sem pressao - Soja Heter,20,,13479,13477,13475,4014,13474,7322,0
dia 20 sem pressao - Soja Heter,20,,13467,13467,13445,4018,13453,7331,0
dia 20 sem pressao - Soja Heter,20,,13439,13455,13454,4021,13456,7327,0
dia 20 sem pressao - Soja Heter,20,,13431,13417,13429,4028,13429,7320,0
dia 20 sem pressao - Soja Heter,20,,13448,13440,13447,4005,13444,7317,0
dia 20 sem pressao - Soja Heter,20,,13440,13439,13439,3985,13425,7318,0
dia 20 sem pressao - Soja Heter,20,,13418,13442,13436,3938,13442,7328,0
dia 20 sem pressao - Soja Heter,20,,13448,13448,13434,3912,13449,7325,0
dia 20 sem pressao - Soja Heter,20,,13438,13452,13450,3880,13454,7324,0
dia 20 sem pressao - Soja Heter,20,,13461,13445,13461,3856,13463,7325,0
dia 20 sem pressao - Soja Heter,20,,13461,13460,13460,3865,13449,7322,0
dia 20 sem pressao - Soja Heter,20,,13466,13469,13467,3916,13450,7313,0
dia 20 sem pressao - Soja Heter,20,,13463,13464,13461,3820,13444,7313,0
dia 20 sem pressao - Soja Heter,20,,13413,13415,13410,3832,13406,7309,0
dia 20 sem pressao - Soja Heter,20,,13443,13443,13447,3873,13432,7301,0
dia 20 sem pressao - Soja Heter,20,,13365,13365,13365,3849,13364,7291,0
dia 20 sem pressao - Soja Heter,20,,13382,13370,13366,3870,13364,7296,0
dia 20 sem pressao - Soja Heter,20,,13433,13439,13447,3889,13439,7300,0
dia 20 sem pressao - Soja Heter,20,,13447,13448,13447,3895,13456,7307,0
dia 20 sem pressao - Soja Heter,20,,13488,13488,13487,3943,13485,7311,0
dia 20 sem pressao - Soja Heter,20,,13500,13491,13489,3896,13488,7353,0
dia 20 sem pressao - Soja Heter,20,,13472,13472,13473,3826,13455,7380,0
dia 20 sem pressao - Soja Heter,20,,13443,13449,13447,3871,13446,7375,0
dia 20 sem pressao - Soja Heter,20,,13467,13466,13427,3878,13466,7360,0
dia 20 sem pressao - Soja Heter,20,,13452,13462,13456,3941,13458,7355,0
dia 20 sem pressao - Soja Heter,20,,13454,13449,13454,3865,13430,7336,0
dia 20 sem pressao - Soja Heter,20,,13460,13461,13464,3877,13457,7324,0
dia 20 sem pressao - Soja Heter,20,,13461,13461,13462,3882,13452,7327,0
dia 20 sem pressao - Soja Heter,20,,13465,13468,13467,3862,13467,7317,0
dia 20 sem pressao - Soja Heter,20,,13474,13472,13472,3810,13470,7325,0
dia 20 sem pressao - Soja Heter,20,,13474,13479,13477,3966,13472,7318,0
dia 20 sem pressao - Soja Heter,20,,13488,13485,13488,3892,13482,7311,0
dia 20 sem pressao - Soja Heter,20,,13461,13467,13467,3916,13461,7318,0
dia 20 sem pressao - Soja Heter,20,,13460,13459,13451,3928,13455,7311,0
dia 20 sem pressao - Soja Heter,20,,13455,13457,13457,3891,13457,7313,0
dia 20 sem pressao - Soja Heter,20,,13463,13471,13475,3917,13465,7310,0
dia 20 sem pressao - Soja Heter,20,,13495,13502,13501,3940,13511,7300,0
dia 20 sem pressao - Soja Heter,20,,13513,13512,13525,3899,13500,7308,0
dia 20 sem pressao - Soja Heter,20,,13521,13509,13506,3909,13501,7306,0
dia 20 sem pressao - Soja Heter,20,,13516,13522,13521,3927,13501,7303,0
dia 20 sem pressao - Soja Heter,20,,13525,13520,13526,3895,13524,7306,0
dia 20 sem pressao - Soja Heter,20,,13515,13515,13521,3851,13520,7301,0
dia 20 sem pressao - Soja Heter,20,,13520,13528,13529,3856,13519,7304,0
dia 20 sem pressao - Soja Heter,20,,13493,13491,13491,3842,13485,7298,0
dia 20 sem pressao - Soja Heter,20,,13490,13484,13494,3840,13485,7298,0
dia 20 sem pressao - Soja Heter,20,,13486,13478,13488,3819,13481,7294,0
dia 20 sem pressao - Soja Heter,20,,13486,13483,13477,3840,13489,7295,0
dia 20 sem pressao - Soja Heter,20,,13503,13510,13514,3816,13512,7304,0
dia 20 sem pressao - Soja Heter,20,,13493,13505,13498,4034,13488,7294,0
dia 20 sem pressao - Soja Heter,20,,13500,13496,13501,3930,13506,7302,0
dia 20 sem pressao - Soja Heter,20,,13505,13507,13507,4045,13509,7298,0
dia 20 sem pressao - Soja Heter,20,,13540,13543,13541,3904,13549,7296,0
dia 20 sem pressao - Soja Heter,20,,13524,13524,13522,3994,13526,7294,0
dia 20 sem pressao - Soja Heter,20,,13512,13512,13510,3932,13519,7302,0
dia 20 sem pressao - Soja Heter,20,,13520,13520,13524,3943,13521,7297,0
dia 20 sem pressao - Soja Heter,20,,13515,13511,13517,3957,13510,7298,0
dia 20 sem pressao - Soja Heter,20,,13539,13546,13535,3945,13545,7299,0
dia 20 sem pressao - Soja Heter,20,,13520,13518,13527,3988,13519,7302,0
dia 20 sem pressao - Soja Heter,20,,13523,13513,13512,3947,13516,7309,0
dia 20 sem pressao - Soja Heter,20,,13521,13532,13518,4027,13538,7298,0
dia 20 sem pressao - Soja Heter,20,,13522,13524,13517,4000,13525,7303,0
dia 20 sem pressao - Soja Heter,20,,13543,13542,13544,3978,13543,7301,0
dia 20 sem pressao - Soja Heter,20,,13517,13519,13523,4023,13519,7300,0
dia 20 sem pressao - Soja Heter,20,,13514,13520,13513,3921,13511,7282,0
dia 20 sem pressao - Soja Heter,20,,13502,13507,13508,3943,13507,7290,0
dia 20 sem pressao - Soja Heter,20,,13500,13499,13503,3954,13500,7291,0
dia 20 sem pressao - Soja Heter,20,,13525,13509,13524,3950,13501,7294,0
dia 20 sem pressao - Soja Heter,20,,13518,13513,13519,3919,13514,7296,0
dia 20 sem pressao - Soja Heter,20,,13562,13562,13559,3993,13562,7305,0
dia 20 sem pressao - Soja Heter,20,,13554,13549,13573,4027,13533,7300,0
dia 20 sem pressao - Soja Heter,20,,13552,13546,13553,3978,13546,7297,0
dia 20 sem pressao - Soja Heter,20,,13548,13541,13550,4028,13556,7303,0
dia 20 sem pressao - Soja Heter,20,,13555,13554,13560,3982,13573,7300,0
dia 20 sem pressao - Soja Heter,20,,13548,13528,13543,4085,13539,7334,0
dia 20 sem pressao - Soja Heter,20,,13552,13547,13555,3973,13550,7367,0
dia 20 sem pressao - Soja Heter,20,,13552,13555,13548,3950,13554,7367,0
dia 20 sem pressao - Soja Heter,20,,13555,13557,13574,4055,13569,7344,0
dia 20 sem pressao - Soja Heter,20,,13581,13579,13583,3903,13583,7333,0
dia 20 sem pressao - Soja Heter,20,,13592,13596,13597,4004,13600,7331,0
dia 20 sem pressao - Soja Heter,20,,13620,13615,13614,3998,13608,7327,0
dia 20 sem pressao - Soja Heter,20,,13600,13603,13607,3981,13603,7321,0
dia 20 sem pressao - Soja Heter,20,,13595,13592,13573,4034,13592,7317,0
dia 20 sem pressao - Soja Heter,20,,13582,13597,13606,4127,13597,7304,0
dia 20 sem pressao - Soja Heter,20,,13617,13613,13596,4023,13611,7321,0
dia 20 sem pressao - Soja Heter,20,,13597,13596,13598,3969,13596,7321,0
dia 20 sem pressao - Soja Heter,20,,13613,13606,13609,3968,13614,7322,0
dia 20 sem pressao - Soja Heter,20,,13621,13620,13618,3930,13624,7318,0
dia 20 sem pressao - Soja Heter,20,,13628,13617,13617,3988,13620,7312,0
dia 20 sem pressao - Soja Heter,20,,13585,13573,13572,3829,13569,7313,0
dia 20 sem pressao - Soja Heter,20,,13556,13557,13541,3952,13557,7349,0
dia 20 sem pressao - Soja Heter,20,,13554,13555,13544,3982,13557,7330,0
dia 20 sem pressao - Soja Heter,20,,13541,13559,13559,3979,13558,7327,0
dia 20 sem pressao - Soja Heter,20,,13568,13562,13573,3963,13568,7324,0
dia 20 sem pressao - Soja Heter,20,,13562,13577,13578,3944,13577,7316,0
dia 20 sem pressao - Soja Heter,20,,13542,13557,13554,4006,13559,7313,0
dia 20 sem pressao - Soja Heter,20,,13552,13550,13546,3905,13555,7313,0
dia 20 sem pressao - Soja Heter,20,,13606,13621,13625,4061,13619,7313,0
dia 20 sem pressao - Soja Heter,20,,13623,13602,13620,4079,13616,7313,0
dia 20 sem pressao - Soja Heter,20,,13619,13612,13615,4081,13618,7309,0
dia 20 sem pressao - Soja Heter,20,,13617,13612,13616,4082,13624,7307,0
dia 20 sem pressao - Soja Heter,20,,13622,13629,13623,3990,13624,7311,0
dia 20 sem pressao - Soja Heter,20,,13628,13618,13660,3956,13633,7306,0
dia 20 sem pressao - Soja Heter,20,,13629,13630,13629,4007,13638,7305,0
dia 20 sem pressao - Soja Heter,20,,13633,13639,13616,4011,13638,7309,0
dia 20 sem pressao - Soja Heter,20,,13643,13644,13624,3922,13657,7308,0
dia 20 sem pressao - Soja Heter,20,,13637,13642,13617,4026,13646,7313,0
dia 20 sem pressao - Soja Heter,20,,13646,13656,13627,4006,13661,7311,0
dia 20 sem pressao - Soja Heter,20,,13610,13625,13624,3986,13628,7317,0
dia 20 sem pressao - Soja Heter,20,,13636,13632,13638,3985,13637,7315,0
dia 20 sem pressao - Soja Heter,20,,13642,13619,13639,3994,13639,7312,0
dia 20 sem pressao - Soja Heter,20,,13629,13631,13631,3958,13632,7326,0
dia 20 sem pressao - Soja Heter,20,,13634,13634,13636,3993,13638,7319,0
dia 20 sem pressao - Soja Heter,20,,13642,13638,13642,3990,13635,7315,0
dia 20 sem pressao - Soja Heter,20,,13559,13555,13551,4029,13556,7311,0
dia 20 sem pressao - Soja Heter,20,,13567,13571,13548,3963,13565,7314,0
dia 20 sem pressao - Soja Heter,20,,13552,13565,13560,3970,13560,7308,0
dia 20 sem pressao - Soja Heter,20,,13642,13641,13626,4039,13578,7312,0
dia 20 sem pressao - Soja Heter,20,,13568,13570,13561,3963,13572,7311,0
dia 20 sem pressao - Soja Heter,20,,13545,13557,13564,3958,13558,7310,0
dia 20 sem pressao - Soja Heter,20,,13561,13568,13577,3924,13573,7315,0
dia 20 sem pressao - Soja Heter,20,,13564,13566,13572,3881,13567,7307,0
dia 20 sem pressao - Soja Heter,20,,13587,13580,13576,3842,13576,7303,0
dia 20 sem pressao - Soja Heter,20,,13584,13589,13570,3965,13594,7304,0
dia 20 sem pressao - Soja Heter,20,,13564,13581,13589,3945,13582,7305,0
dia 20 sem pressao - Soja Heter,20,,13575,13577,13588,3927,13577,7311,0
dia 20 sem pressao - Soja Heter,20,,13590,13575,13584,3936,13595,7306,0
dia 20 sem pressao - Soja Heter,20,,13589,13585,13578,3819,13594,7341,0
dia 20 sem pressao - Soja Heter,20,,13581,13576,13576,3819,13576,7375,0
dia 20 sem pressao - Soja Heter,20,,13652,13632,13653,3852,13568,7366,0
dia 20 sem pressao - Soja Heter,20,,13537,13565,13568,3892,13568,7343,0
dia 20 sem pressao - Soja Heter,20,,13531,13552,13550,3962,13547,7332,0
dia 20 sem pressao - Soja Heter,20,,13556,13524,13549,3962,13540,7318,0
dia 20 sem pressao - Soja Heter,20,,13572,13550,13579,3966,13569,7320,0
dia 20 sem pressao - Soja Heter,20,,13583,13577,13586,3976,13576,7321,0
dia 20 sem pressao - Soja Heter,20,,13580,13581,13577,3974,13567,7327,0
dia 20 sem pressao - Soja Heter,20,,13568,13571,13572,3909,13559,7309,0
dia 20 sem pressao - Soja Heter,20,,13581,13584,13578,3925,13565,7319,0
dia 20 sem pressao - Soja Heter,20,,13568,13568,13565,3949,13570,7307,0
dia 20 sem pressao - Soja Heter,20,,13570,13570,13568,3992,13572,7301,0
dia 20 sem pressao - Soja Heter,20,,13575,13574,13576,4031,13574,7307,0
dia 20 sem pressao - Soja Heter,20,,13569,13576,13573,4059,13580,7310,0
dia 20 sem pressao - Soja Heter,20,,13561,13544,13565,4108,13553,7307,0
dia 20 sem pressao - Soja Heter,20,,13580,13581,13552,4106,13581,7311,0
dia 20 sem pressao - Soja Heter,20,,13582,13584,13573,4002,13583,7308,0
dia 20 sem pressao - Soja Heter,20,,13665,13669,13643,4057,13618,7303,0
dia 20 sem pressao - Soja Heter,20,,13556,13556,13537,4021,13561,7305,0
dia 20 sem pressao - Soja Heter,20,,13562,13561,13560,3970,13557,7306,0
dia 20 sem pressao - Soja Heter,20,,13569,13568,13567,4006,13567,7296,0
dia 20 sem pressao - Soja Heter,20,,13561,13561,13562,4012,13561,7299,0
dia 20 sem pressao - Soja Heter,20,,13631,13609,13613,4031,13590,7295,0
dia 20 sem pressao - Soja Heter,20,,13549,13554,13547,4008,13559,7291,0
dia 20 sem pressao - Soja Heter,20,,13628,13643,13643,4051,13649,7286,0
dia 20 sem pressao - Soja Heter,20,,13654,13653,13636,4018,13665,7298,0
dia 20 sem pressao - Soja Heter,20,,13650,13637,13626,3998,13635,7293,0
dia 20 sem pressao - Soja Heter,20,,13649,13667,13664,4003,13669,7291,0
dia 20 sem pressao - Soja Heter,20,,13649,13664,13666,3993,13667,7290,0
dia 20 sem pressao - Soja Heter,20,,13669,13672,13678,4104,13662,7285,0
dia 20 sem pressao - Soja Heter,20,,13676,13676,13663,3965,13683,7290,0
dia 20 sem pressao - Soja Heter,20,,13659,13660,13650,3980,13660,7290,0
dia 20 sem pressao - Soja Heter,20,,13671,13671,13655,3963,13670,7294,0
dia 20 sem pressao - Soja Heter,20,,13650,13669,13667,3977,13667,7284,0
dia 20 sem pressao - Soja Heter,20,,13563,13556,13560,3974,13559,7290,0
dia 20 sem pressao - Soja Heter,20,,13582,13565,13578,3903,13580,7282,0
dia 20 sem pressao - Soja Heter,20,,13583,13564,13582,3936,13582,7287,0
dia 20 sem pressao - Soja Heter,20,,13587,13551,13580,3979,13562,7289,0
dia 20 sem pressao - Soja Heter,20,,13587,13577,13589,4054,13582,7294,0
dia 20 sem pressao - Soja Heter,20,,13587,13592,13581,4027,13580,7295,0
dia 20 sem pressao - Soja Heter,20,,13588,13590,13587,3951,13570,7283,0
dia 20 sem pressao - Soja Heter,20,,13575,13564,13601,3938,13559,7283,0
dia 20 sem pressao - Soja Heter,20,,13587,13592,13582,3973,13574,7290,0
dia 20 sem pressao - Soja Heter,20,,13599,13598,13594,3970,13601,7279,0
dia 20 sem pressao - Soja Heter,20,,13597,13596,13598,3995,13597,7285,0
dia 20 sem pressao - Soja Heter,20,,13561,13565,13550,4030,13577,7279,0
dia 20 sem pressao - Soja Heter,20,,13611,13610,13602,4146,13603,7289,0
dia 20 sem pressao - Soja Heter,20,,13577,13602,13568,4007,13592,7298,0
dia 20 sem pressao - Soja Heter,20,,13595,13595,13596,3986,13570,7290,0
dia 20 sem pressao - Soja Heter,20,,13603,13608,13606,3964,13614,7288,0
dia 20 sem pressao - Soja Heter,20,,13619,13615,13602,3929,13619,7289,0
dia 20 sem pressao - Soja Heter,20,,13609,13604,13610,3919,13609,7318,0
dia 20 sem pressao - Soja Heter,20,,13600,13600,13600,3805,13599,7363,0
dia 20 sem pressao - Soja Heter,20,,13603,13603,13604,3835,13586,7359,0
dia 20 sem pressao - Soja Heter,20,,13569,13592,13579,3865,13611,7334,0
dia 20 sem pressao - Soja Heter,20,,13576,13592,13596,3869,13592,7330,0
dia 20 sem pressao - Soja Heter,20,,13570,13587,13580,3886,13585,7321,0
dia 20 sem pressao - Soja Heter,20,,13609,13592,13609,3906,13599,7313,0
dia 20 sem pressao - Soja Heter,20,,13635,13598,13632,3956,13602,7306,0
dia 20 sem pressao - Soja Heter,20,,13634,13631,13638,3983,13609,7310,0
dia 20 sem pressao - Soja Heter,20,,13646,13643,13626,3986,13640,7316,0
dia 20 sem pressao - Soja Heter,20,,13640,13642,13626,3983,13637,7305,0
dia 20 sem pressao - Soja Heter,20,,13643,13643,13644,4019,13640,7319,0
dia 20 sem pressao - Soja Heter,20,,13613,13613,13633,3935,13630,7307,0
dia 20 sem pressao - Soja Heter,20,,13624,13619,13621,3944,13618,7303,0
dia 20 sem pressao - Soja Heter,20,,13635,13630,13618,3862,13628,7296,0
dia 20 sem pressao - Soja Heter,20,,13618,13622,13618,3945,13621,7296,0
dia 20 sem pressao - Soja Heter,20,,13620,13626,13624,3954,13627,7295,0
dia 20 sem pressao - Soja Heter,20,,13630,13636,13630,3956,13630,7296,0
dia 20 sem pressao - Soja Heter,20,,13633,13634,13634,3970,13633,7292,0
dia 20 sem pressao - Soja Heter,20,,13641,13642,13621,4018,13636,7291,0
dia 20 sem pressao - Soja Heter,20,,13628,13629,13627,3910,13628,7300,0
dia 20 sem pressao - Soja Heter,20,,13622,13614,13615,3962,13614,7288,0
dia 20 sem pressao - Soja Heter,20,,13628,13626,13628,3899,13626,7285,0
dia 20 sem pressao - Soja Heter,20,,13666,13665,13668,3959,13667,7290,0
dia 20 sem pressao - Soja Heter,20,,13689,13686,13683,3951,13678,7298,0
dia 20 sem pressao - Soja Heter,20,,13701,13696,13693,3887,13693,7294,0
dia 20 sem pressao - Soja Heter,20,,13672,13672,13685,3938,13679,7296,0
dia 20 sem pressao - Soja Heter,20,,13665,13666,13671,3909,13665,7299,0
dia 20 sem pressao - Soja Heter,20,,13665,13667,13670,3929,13662,7299,0
dia 20 sem pressao - Soja Heter,20,,13653,13658,13630,4024,13668,7296,0
dia 20 sem pressao - Soja Heter,20,,13683,13685,13663,3953,13680,7292,0
dia 20 sem pressao - Soja Heter,20,,13700,13703,13703,3866,13705,7302,0
dia 20 sem pressao - Soja Heter,20,,13694,13692,13676,3948,13701,7293,0
dia 20 sem pressao - Soja Heter,20,,13703,13699,13690,4011,13704,7292,0
dia 20 sem pressao - Soja Heter,20,,13680,13700,13704,3995,13694,7318,0
dia 20 sem pressao - Soja Heter,20,,13665,13688,13678,3940,13680,7303,0
dia 20 sem pressao - Soja Heter,20,,13682,13673,13673,4026,13669,7294,0
dia 20 sem pressao - Soja Heter,20,,13709,13707,13697,3979,13703,7304,0
dia 20 sem pressao - Soja Heter,20,,13700,13676,13698,3987,13670,7296,0
dia 20 sem pressao - Soja Heter,20,,13660,13661,13660,3957,13654,7293,0
dia 20 sem pressao - Soja Heter,20,,13680,13678,13678,3981,13675,7300,0
dia 20 sem pressao - Soja Heter,20,,13666,13651,13668,3960,13650,7282,0
dia 20 sem pressao - Soja Heter,20,,13648,13650,13648,4054,13652,7287,0
dia 20 sem pressao - Soja Heter,20,,13646,13642,13637,4041,13632,7280,0
dia 20 sem pressao - Soja Heter,20,,13630,13629,13627,3995,13628,7286,0
dia 20 sem pressao - Soja Heter,20,,13631,13631,13630,3972,13629,7284,0
dia 20 sem pressao - Soja Heter,20,,13663,13662,13654,4121,13658,7299,0
dia 20 sem pressao - Soja Heter,20,,13642,13648,13648,4046,13642,7304,0
dia 20 sem pressao - Soja Heter,20,,13658,13660,13652,4020,13658,7299,0
dia 20 sem pressao - Soja Heter,20,,13629,13644,13633,4048,13642,7292,0
dia 20 sem pressao - Soja Heter,20,,13643,13654,13647,4073,13652,7296,0
dia 20 sem pressao - Soja Heter,20,,13650,13654,13651,4041,13651,7298,0
dia 20 sem pressao - Soja Heter,20,,13652,13660,13654,3935,13659,7289,0
dia 20 sem pressao - Soja Heter,20,,13661,13670,13664,3996,13731,7312,0
dia 20 sem pressao - Soja Heter,20,,13759,13751,13761,3966,13749,7345,0
dia 20 sem pressao - Soja Heter,20,,13750,13753,13753,3881,13752,7349,0
dia 20 sem pressao - Soja Heter,20,,13617,13615,13615,3954,13615,7336,0
dia 20 sem pressao - Soja Heter,20,,13615,13612,13591,3887,13614,7316,0
dia 20 sem pressao - Soja Heter,20,,13615,13609,13612,4006,13606,7315,0
dia 20 sem pressao - Soja Heter,20,,13620,13620,13618,4093,13620,7305,0
dia 20 sem pressao - Soja Heter,20,,13724,13727,13724,3899,13730,7303,0
dia 20 sem pressao - Soja Heter,20,,13731,13746,13733,4038,13748,7296,0
dia 20 sem pressao - Soja Heter,20,,13711,13713,13711,4048,13715,7292,0
dia 20 sem pressao - Soja Heter,20,,13736,13744,13735,4051,13743,7286,0
dia 20 sem pressao - Soja Heter,20,,13750,13759,13749,3983,13759,7284,0
dia 20 sem pressao - Soja Heter,20,,13728,13727,13717,4155,13732,7286,0
dia 20 sem pressao - Soja Heter,20,,13729,13730,13728,4067,13729,7294,0
dia 20 sem pressao - Soja Heter,20,,13728,13729,13731,4062,13727,7284,0
dia 20 sem pressao - Soja Heter,20,,13737,13734,13738,4114,13739,7286,0
dia 20 sem pressao - Soja Heter,20,,13733,13732,13734,4106,13723,7284,0
dia 20 sem pressao - Soja Heter,20,,13723,13730,13714,4173,13717,7282,0
dia 20 sem pressao - Soja Heter,20,,13737,13743,13735,4151,13737,7287,0
dia 20 sem pressao - Soja Heter,20,,13747,13739,13749,4151,13742,7290,0
dia 20 sem pressao - Soja Heter,20,,13754,13758,13745,4100,13752,7283,0
dia 20 sem pressao - Soja Heter,20,,13622,13613,13620,4067,13628,7288,0
dia 20 sem pressao - Soja Heter,20,,13621,13638,13620,4054,13637,7285,0
dia 20 sem pressao - Soja Heter,20,,13695,13690,13682,3941,13689,7270,0
dia 20 sem pressao - Soja Heter,20,,13681,13679,13679,3999,13675,7278,0
dia 20 sem pressao - Soja Heter,20,,13670,13668,13676,3980,13672,7283,0
dia 20 sem pressao - Soja Heter,20,,13655,13657,13652,3929,13655,7278,0
dia 20 sem pressao - Soja Heter,20,,13653,13653,13637,4017,13654,7277,0
dia 20 sem pressao - Soja Heter,20,,13635,13651,13654,4154,13654,7274,0
dia 20 sem pressao - Soja Heter,20,,13634,13651,13649,3989,13651,7261,0
dia 20 sem pressao - Soja Heter,20,,13675,13669,13676,4167,13674,7283,0
dia 20 sem pressao - Soja Heter,20,,13681,13681,13681,4048,13681,7282,0
dia 20 sem pressao - Soja Heter,20,,13677,13676,13677,4097,13673,7269,0
dia 20 sem pressao - Soja Heter,20,,13672,13671,13672,4099,13674,7230,0
dia 20 sem pressao - Soja Heter,20,,13667,13673,13663,4003,13669,7226,0
dia 20 sem pressao - Soja Heter,20,,13679,13680,13681,4070,13678,7233,0
dia 20 sem pressao - Soja Heter,20,,13685,13682,13685,4085,13680,7246,0
dia 20 sem pressao - Soja Heter,20,,13667,13673,13656,4113,13672,7270,0
dia 20 sem pressao - Soja Heter,20,,13651,13661,13659,4099,13658,7270,0
dia 20 sem pressao - Soja Heter,20,,13630,13643,13645,4228,13652,7275,0
dia 20 sem pressao - Soja Heter,20,,13656,13654,13661,4081,13660,7287,0
dia 20 sem pressao - Soja Heter,20,,13662,13668,13656,4072,13664,7276,0
dia 20 sem pressao - Soja Heter,20,,13668,13671,13647,4087,13673,7276,0
dia 20 sem pressao - Soja Heter,20,,13684,13682,13679,4000,13697,7281,0
dia 20 sem pressao - Soja Heter,20,,13672,13675,13679,4056,13678,7277,0
dia 20 sem pressao - Soja Heter,20,,13696,13703,13692,4041,13709,7274,0
dia 20 sem pressao - Soja Heter,20,,13706,13706,13703,4016,13705,7278,0
dia 20 sem pressao - Soja Heter,20,,13701,13698,13680,4103,13702,7276,0
dia 20 sem pressao - Soja Heter,20,,13697,13691,13694,4074,13692,7271,0
dia 20 sem pressao - Soja Heter,20,,13677,13700,13699,4087,13699,7273,0
dia 20 sem pressao - Soja Heter,20,,13693,13693,13697,4116,13696,7273,0
dia 20 sem pressao - Soja Heter,20,,13697,13691,13697,4011,13690,7282,0
dia 20 sem pressao - Soja Heter,20,,13692,13689,13696,4017,13687,7313,0
dia 20 sem pressao - Soja Heter,20,,13679,13679,13677,4092,13675,7345,0
dia 20 sem pressao - Soja Heter,20,,13694,13696,13694,4029,13702,7344,0
dia 20 sem pressao - Soja Heter,20,,13696,13696,13696,4010,13698,7321,0
dia 20 sem pressao - Soja Heter,20,,13684,13686,13688,4066,13692,7313,0
dia 20 sem pressao - Soja Heter,20,,13672,13672,13674,4059,13673,7308,0
dia 20 sem pressao - Soja Heter,20,,13682,13687,13683,3987,13694,7292,0
dia 20 sem pressao - Soja Heter,20,,13704,13709,13707,4095,13710,7305,0
dia 20 sem pressao - Soja Heter,20,,13709,13710,13709,4122,13710,7300,0
dia 20 sem pressao - Soja Heter,20,,13714,13703,13717,4071,13690,7293,0
dia 20 sem pressao - Soja Heter,20,,13716,13717,13715,4129,13716,7294,0
dia 20 sem pressao - Soja Heter,20,,13712,13708,13713,4172,13710,7293,0
dia 20 sem pressao - Soja Heter,20,,13689,13689,13691,4066,13687,7301,0
Página3,20,,5479,11358,186,3410,13649,5032,0
Página3,20,,5481,11378,187,3409,13651,5035,0
Página3,20,,5482,11380,187,3410,13658,5038,0
Página3,20,,5484,11359,186,3409,13658,5036,0
Página3,20,,5495,11362,186,3411,13641,5035,0
Página3,20,,5506,11365,186,3411,13643,5033,0
Página3,20,,5489,11399,187,3410,13610,5033,0
Página3,20,,5495,11523,187,3412,13564,5032,0
Página3,20,,5492,11479,187,3413,13586,5032,0
Página3,20,,5485,11473,187,3413,13585,5031,0
Página3,20,,5479,11464,187,3414,13585,5030,0
Página3,20,,5477,11463,187,3415,13583,5029,0
Página3,20,,5477,11472,186,3414,13570,5030,0
Página3,20,,5477,11462,187,3414,13568,5031,0
Página3,20,,5474,11464,186,3415,13582,5028,0
Página3,20,,5474,11454,188,3414,13572,5028,0
Página3,20,,5472,11458,187,3415,13572,5027,0
Página3,20,,5471,11451,187,3417,13582,5026,0
Página3,20,,5469,11441,187,3418,13579,5026,0
Página3,20,,5470,11446,187,3419,13566,5027,0
Página3,20,,5465,11325,187,3419,13677,5026,0
Página3,20,,5467,11446,187,3419,13554,5025,0
Página3,20,,5467,11447,187,3419,13552,5025,0
Página3,20,,5467,11456,186,3410,13556,5024,0
Página3,20,,5465,11449,187,3417,13553,5025,0
Página3,20,,5465,11450,187,3421,13551,5025,0
Página3,20,,5461,11407,187,3421,13547,5023,0
Página3,20,,5456,11449,187,3423,13554,5022,0
Página3,20,,5453,11449,186,3424,13551,5022,0
Página3,20,,5460,11427,187,3425,13548,5022,0
Página3,20,,5460,11437,188,3426,13522,5021,0
Página3,20,,5452,11443,187,3428,13546,5020,0
Página3,20,,5456,11424,187,3424,13549,5020,0
Página3,20,,5455,11445,188,3427,13550,5019,0
Página3,20,,5452,11444,186,3429,13546,5019,0
Página3,20,,5452,11439,187,3431,13552,5012,0
Página3,20,,5452,11421,187,3432,13521,5018,0
Página3,20,,5458,11434,187,3429,13522,5012,0
Página3,20,,5448,11417,188,3431,13538,5016,0
Página3,20,,5444,11425,188,3433,13535,5016,0
Página3,20,,5451,11418,188,3434,13542,5016,0
Página3,20,,5448,11423,188,3433,13534,5015,0
Página3,20,,5447,11423,188,3429,13540,5013,0
Página3,20,,5443,11416,188,3426,13540,5011,0
Página3,20,,5438,11391,188,3426,13498,5007,0
Página3,20,,5431,11401,188,3429,13511,5007,0
Página3,20,,5438,11385,187,3431,13515,5006,0
Página3,20,,5437,11392,188,3434,13489,5005,0
Página3,20,,5437,11377,187,3434,13508,4998,0
Página3,20,,5435,11380,187,3435,13496,5004,0
Página3,20,,5432,11379,188,3439,13497,5004,0
Página3,20,,5426,11377,186,3442,13487,5002,0
Página3,20,,5436,11370,187,3441,13498,5002,0
Página3,20,,5436,11388,188,3443,13495,5002,0
Página3,20,,5434,11371,187,3441,13472,5003,0
Página3,20,,5432,11361,188,3444,13464,4995,0
Página3,20,,5432,11374,187,3444,13487,4995,0
Página3,20,,5432,11379,187,3446,13492,5001,0
Página3,20,,5472,11846,188,3448,13229,5000,0
Página3,20,,5477,11890,188,3449,13183,5002,0
Página3,20,,5473,11918,191,3453,13183,5000,0
Página3,20,,5473,11922,190,3450,13183,4993,0
Página3,20,,5472,11910,189,3452,13161,4998,0
Página3,20,,5472,11903,188,3453,13157,4997,0
Página3,20,,5467,11882,189,3454,13118,4997,0
Página3,20,,5469,11909,190,3457,13138,4996,0
Página3,20,,5470,11927,190,3456,13155,4996,0
Página3,20,,5470,11932,191,3459,13152,4995,0
Página3,20,,5466,11921,190,3472,13139,4995,0
Página3,20,,5461,11889,189,3457,13145,4994,0
Página3,20,,5464,11910,189,3457,13141,4993,0
Página3,20,,5465,11922,191,3481,13124,4994,0
Página3,20,,5463,11897,191,3481,13095,4994,0
Página3,20,,5460,11863,191,3482,13077,4993,0
Página3,20,,5460,11889,191,3481,13124,4993,0
Página3,20,,5461,11866,191,3481,13177,4992,0
Página3,20,,5465,11928,192,3484,13142,4992,0
Página3,20,,5461,11922,189,3456,13132,4991,0
Página3,20,,5460,11913,189,3457,13137,4991,0
Página3,20,,5459,11918,187,3457,13155,4991,0
Página3,20,,5409,11349,187,3456,13473,4990,0
Página3,20,,5453,11869,187,3458,13190,4992,0
Página3,20,,5454,11864,188,3460,13163,4989,0
Página3,20,,5454,11875,189,3459,13166,4989,0
Página3,20,,5452,11860,190,3459,13151,4990,0
Página3,20,,5448,11841,188,3458,13185,4989,0
Página3,20,,5447,11822,188,3457,13178,4988,0
Página3,20,,5451,11840,188,3455,13181,4988,0
Página3,20,,5450,11868,188,3460,13182,4987,0
Página3,20,,5448,11858,190,3466,13165,4987,0
Página3,20,,5445,11851,189,3461,13162,4986,0
Página3,20,,5444,11844,187,3463,13159,4986,0
Página3,20,,5441,11833,188,3461,13152,4985,0
Página3,20,,5441,11831,189,3461,13153,4985,0
Página3,20,,5441,11832,189,3459,13149,4985,0
Página3,20,,5444,11839,189,3461,13160,4984,0
Página3,20,,5444,11863,188,3462,13160,4983,0
Página3,20,,5442,11859,189,3458,13163,4983,0
Página3,20,,5439,11857,189,3451,13131,4980,0
Página3,20,,5435,11855,189,3449,13143,4979,0
Página3,20,,5428,11841,188,3452,13142,4979,0
Página3,20,,5434,11845,189,3456,13115,4978,0
Página3,20,,5428,11863,188,3459,13128,4977,0
Página3,20,,5428,11862,188,3459,13126,4977,0
Página3,20,,5428,11814,188,3461,13090,4976,0
Página3,20,,5432,11807,187,3461,13104,4976,0
Página3,20,,5431,11825,189,3461,13109,4978,0
Página3,20,,5421,11811,187,3460,13144,4977,0
Página3,20,,5418,11793,188,3463,13131,4976,0
Página3,20,,5420,11748,188,3463,13102,4975,0
Página3,20,,5420,11759,187,3464,13112,4975,0
Página3,20,,5421,11763,187,3465,13126,4975,0
Página3,20,,5416,11694,189,3465,13143,4974,0
Página3,20,,5416,11733,189,3469,13136,4973,0
Página3,20,,5413,11710,188,3468,13138,4972,0
Página3,20,,5412,11722,189,3469,13133,4966,0
Página3,20,,5415,11691,188,3469,13128,4956,0
Página3,20,,5394,11590,188,3469,13191,4970,0
Página3,20,,5401,11576,189,3471,13201,4970,0
Página3,20,,5408,11666,188,3473,13131,4969,0
Página3,20,,5406,11685,188,3474,13093,4969,0
Página3,20,,5391,11531,188,3477,13168,4964,0
Página3,20,,5402,11644,188,3475,13143,4962,0
Página3,20,,5402,11648,188,3475,13148,4962,0
Página3,20,,5402,11643,187,3476,13143,4967,0
Página3,20,,5398,11612,187,3477,13153,4967,0
Página3,20,,5399,11637,189,3477,13201,4967,0
Página3,20,,5399,11610,188,3475,13161,4969,0
Página3,20,,5376,11377,187,3479,13285,4966,0
Página3,20,,5390,11550,187,3477,13174,4964,0
Página3,20,,5389,11550,187,3479,13174,4959,0
Página3,20,,5389,11564,187,3482,13192,4965,0
Página3,20,,5397,11629,187,3483,13164,4966,0
Página3,20,,5397,11659,188,3483,13121,4965,0
Página3,20,,5391,11610,190,3490,13175,4964,0
Página3,20,,5403,11735,189,3496,13114,4964,0
Página3,20,,5402,11736,189,3488,13111,4965,0
Página3,20,,5399,11701,188,3486,13128,4964,0
Página3,20,,5397,11685,188,3484,13136,4965,0
Página3,20,,5396,11693,190,3484,13108,4964,0
Página3,20,,5395,11689,188,3488,13123,4958,0
Página3,20,,5393,11657,190,3486,13115,4962,0
Página3,20,,5396,11673,190,3498,13100,4963,0
Página3,20,,5396,11680,189,3491,13063,4963,0
Página3,20,,5396,11681,189,3491,13084,4963,0
Página3,20,,5390,11619,187,3490,13117,4963,0
Página3,20,,5394,11669,188,3489,13098,4963,0
Página3,20,,5390,11641,188,3490,13062,4963,0
Página3,20,,5393,11663,187,3492,13092,4963,0
Página3,20,,5389,11669,189,3493,13092,4962,0
Página3,20,,5387,11671,188,3493,13087,4962,0
Página3,20,,5384,11595,188,3496,13127,4963,0
Página3,20,,5392,11718,189,3492,13110,4961,0
Página3,20,,5391,11697,190,3487,13112,4959,0
Página3,20,,5374,11616,190,3481,13101,4951,0
Página3,20,,5384,11677,190,3492,13145,4955,0
Página3,20,,5378,11624,187,3491,13118,4955,0
Página3,20,,5377,11549,188,3493,13147,4949,0
Página3,20,,5378,11634,188,3495,13142,4949,0
Página3,20,,5376,11622,189,3497,13133,4952,0
Página3,20,,5378,11609,190,3498,13138,4954,0
Página3,20,,5374,11595,188,3496,13135,4955,0
Página3,20,,5383,11679,189,3498,13112,4955,0
Página3,20,,5385,11673,191,3503,13120,4954,0
Página3,20,,5388,11697,188,3503,13073,4955,0
Página3,20,,5384,11646,188,3505,13097,4955,0
Página3,20,,5386,11656,189,3507,13115,4955,0
Página3,20,,5399,11703,189,3517,13075,4955,0
Página3,20,,5397,11721,187,3509,13073,4949,0
Página3,20,,5401,11728,189,3509,13063,4952,0
Página3,20,,5398,11699,190,3511,13066,4954,0
Página3,20,,5381,11662,188,3514,13118,4955,0
Página3,20,,5428,11708,190,3513,13077,4954,0
Página3,20,,5428,11695,190,3512,13064,4954,0
Página3,20,,5429,11703,191,3515,13050,4954,0
Página3,20,,5420,11632,189,3517,13087,4953,0
Página3,20,,5427,11675,188,3525,13055,4953,0
Página3,20,,5424,11654,189,3527,13066,4954,0
Página3,20,,5425,11662,189,3526,13048,4955,0
Página3,20,,5422,11629,189,3524,13015,4955,0
Página3,20,,5422,11634,189,3539,13050,4949,0
Página3,20,,5424,11658,190,3527,13036,4946,0
Página3,20,,5417,11600,187,3526,13031,4952,0
Página3,20,,5419,11647,189,3528,13007,4952,0
Página3,20,,5421,11644,188,3527,13014,4953,0
Página3,20,,5419,11627,187,3528,12991,4951,0
Página3,20,,5417,11618,190,3535,12987,4951,0
Página3,20,,5424,11661,189,3533,12951,4951,0
Página3,20,,5421,11653,188,3535,12934,4951,0
Página3,20,,5420,11632,190,3539,12914,4952,0
Página3,20,,5418,11607,190,3538,12942,4950,0
Página3,20,,5418,11619,190,3542,12929,4950,0
Página3,20,,5417,11615,189,3543,12927,4950,0
Página3,20,,5414,11593,191,3556,12903,4949,0
Página3,20,,5416,11614,191,3567,12919,4949,0
Página3,20,,5416,11590,191,3571,12953,4950,0
Página3,20,,5409,11537,191,3571,12997,4949,0
Página3,20,,5402,11511,190,3566,12987,4948,0
Página3,20,,5415,11598,190,3568,12937,4949,0
Página3,20,,5415,11602,191,3566,12940,4948,0
Página3,20,,5417,11615,191,3568,12958,4951,0
Página3,20,,5413,11626,190,3563,12961,4948,0
Página3,20,,5412,11573,188,3554,12983,4948,0
Página3,20,,5412,11603,189,3543,12998,4949,0
Página3,20,,5412,11600,189,3544,12990,4943,0
Página3,20,,5405,11537,190,3556,13061,4942,0
Página3,20,,5406,11586,189,3543,13032,4947,0
Página3,20,,5407,11573,190,3544,13020,4946,0
Página3,20,,5408,11610,190,3519,13032,4946,0
Página3,20,,5396,11576,189,3517,13020,4943,0
Página3,20,,5399,11546,189,3522,13018,4942,0
Página3,20,,5400,11541,188,3524,13020,4942,0
Página3,20,,5396,11519,189,3527,13009,4941,0
Página3,20,,5393,11530,189,3527,13028,4942,0
Página3,20,,5396,11525,188,3530,13032,4941,0
Página3,20,,5391,11536,189,3533,13058,4941,0
Página3,20,,5394,11565,188,3532,12969,4941,0
Página3,20,,5395,11528,188,3533,13028,4941,0
Página3,20,,5399,11548,186,3536,13029,4941,0
Página3,20,,5393,11583,187,3532,13042,4942,0
Página3,20,,5398,11557,190,3542,13024,4940,0
Página3,20,,5399,11565,189,3539,13035,4940,0
Página3,20,,5392,11492,190,3541,13041,4940,0
Página3,20,,5392,11518,189,3543,13013,4939,0
Página3,20,,5395,11550,190,3544,12994,4940,0
Página3,20,,5395,11554,189,3539,12988,4940,0
Página3,20,,5390,11570,189,3542,12997,4939,0
Página3,20,,5380,11469,188,3542,13049,4939,0
Página3,20,,5385,11539,189,3542,13004,4939,0
Página3,20,,5395,11540,190,3542,13030,4940,0
Página3,20,,5393,11549,188,3542,12988,4939,0
Página3,20,,5395,11578,188,3542,13010,4938,0
Página3,20,,5395,11558,188,3545,13037,4938,0
Página3,20,,5396,11595,188,3546,13022,4938,0
Página3,20,,5395,11586,188,3547,13020,4939,0
Página3,20,,5395,11585,188,3547,13026,4939,0
Página3,20,,5392,11578,188,3548,13024,4938,0
Página3,20,,5385,11566,189,3548,13009,4938,0
Página3,20,,5388,11518,186,3548,13011,4937,0
Página3,20,,5387,11534,188,3548,12997,4937,0
Página3,20,,5390,11541,190,3547,12966,4938,0
Página3,20,,5391,11568,188,3548,13016,4937,0
Página3,20,,5381,11543,188,3548,12994,4937,0
Página3,20,,5383,11555,189,3548,13010,4936,0
Página3,20,,5389,11546,187,3550,13014,4937,0
Página3,20,,5389,11561,188,3551,13007,4936,0
Página3,20,,5384,11558,189,3546,13001,4937,0
Página3,20,,5380,11552,187,3552,13011,4936,0
Página3,20,,5380,11518,187,3553,12988,4936,0
Página3,20,,5390,11572,189,3553,13007,4936,0
Página3,20,,5390,11571,188,3553,13005,4937,0
Página3,20,,5388,11533,187,3552,12982,4936,0
Página3,20,,5390,11533,190,3552,13016,4936,0
Página3,20,,5395,11533,190,3555,13013,4935,0
Página3,20,,5395,11555,189,3556,13011,4935,0
Página3,20,,5389,11545,189,3556,12995,4935,0
Página3,20,,5383,11509,188,3558,12974,4934,0
Página3,20,,5403,11571,189,3557,12995,4934,0
Página3,20,,5398,11565,188,3556,13005,4934,0
Página3,20,,5393,11515,189,3557,12983,4933,0
Página3,20,,5396,11540,188,3556,12971,4933,0
Página3,20,,5389,11551,189,3558,13003,4933,0
Página3,20,,5396,11562,191,3549,12983,4932,0
Página3,20,,5394,11492,190,3542,12990,4929,0
Página3,20,,5383,11484,190,3541,12991,4928,0
Página3,20,,5393,11546,190,3548,12983,4927,0
Página3,20,,5393,11541,189,3499,12986,4927,0
Página3,20,,5391,11533,189,3547,12994,4928,0
Página3,20,,5392,11551,189,3551,12988,4927,0
Página3,20,,5394,11561,189,3555,12982,4928,0
Página3,20,,5391,11539,188,3555,13002,4930,0
Página3,20,,5391,11534,189,3557,12990,4928,0
Página3,20,,5391,11532,188,3560,12975,4929,0
Página3,20,,5385,11485,186,3560,12894,4926,0
Página3,20,,5388,11503,188,3561,12914,4927,0
Página3,20,,5393,11545,189,3564,12974,4927,0
Página3,20,,5393,11574,190,3557,12980,4927,0
Página3,20,,5391,11559,188,3559,12974,4926,0
Página3,20,,5390,11549,188,3561,12989,4926,0
Página3,20,,5385,11557,188,3564,12970,4926,0
Página3,20,,5393,11573,188,3565,12995,4925,0
Página3,20,,5390,11568,189,3565,12944,4925,0
Página3,20,,5390,11541,186,3566,12985,4924,0
Página3,20,,5386,11551,188,3566,12983,4924,0
Página3,20,,5383,11531,189,3568,12909,4923,0
Página3,20,,5384,11530,189,3567,12936,4925,0
Página3,20,,5390,11562,188,3565,12972,4923,0
Página3,20,,5387,11545,189,3567,12970,4923,0
Página3,20,,5383,11513,189,3565,12959,4923,0
Página3,20,,5387,11530,188,3566,12947,4922,0
Página3,20,,5386,11537,188,3567,12949,4922,0
Página3,20,,5385,11522,188,3565,12948,4922,0
Página3,20,,5382,11512,188,3567,12965,4921,0
Página3,20,,5376,11520,187,3566,12964,4921,0
Página3,20,,5378,11540,188,3565,12977,4922,0
Página3,20,,5385,11526,188,3565,12988,4921,0
Página3,20,,5387,11519,188,3562,12993,4922,0
Página3,20,,5386,11545,188,3568,12982,4923,0
Página3,20,,5387,11559,188,3564,12986,4922,0
Página3,20,,5384,11514,189,3562,12994,4922,0
Página3,20,,5383,11531,187,3565,13004,4922,0
Página3,20,,5384,11525,187,3565,13002,4922,0
Página3,20,,5388,11549,187,3562,13007,4923,0
Página3,20,,5385,11553,188,3567,13010,4922,0
Página3,20,,5387,11570,189,3569,13030,4922,0
Página3,20,,5383,11546,187,3566,13028,4922,0
Página3,20,,5384,11544,187,3570,13013,4922,0
Página3,20,,5379,11520,187,3570,13020,4923,0
Página3,20,,5380,11504,189,3567,13044,4922,0
Página3,20,,5381,11529,188,3569,13051,4922,0
Página3,20,,5384,11562,188,3568,13032,4922,0
Página3,20,,5384,11554,187,3567,13033,4922,0
Página3,20,,5387,11563,188,3570,13025,4922,0
Página3,20,,5385,11572,189,3570,13016,4923,0
Página3,20,,5382,11544,188,3570,13025,4921,0
Página3,20,,5383,11553,188,3573,13007,4922,0
Página3,20,,5380,11534,190,3565,13023,4921,0
Página3,20,,5370,11466,189,3555,13063,4919,0
Página3,20,,5372,11498,189,3553,13091,4920,0
Página3,20,,5368,11455,188,3560,13113,4917,0
Página3,20,,5376,11500,188,3561,13093,4916,0
Página3,20,,5381,11590,189,3563,13027,4917,0
Página3,20,,5370,11489,188,3566,13094,4917,0
Página3,20,,5369,11479,188,3568,13083,4916,0
Página3,20,,5369,11478,188,3570,13090,4916,0
Página3,20,,5370,11490,188,3572,13091,4916,0
Página3,20,,5376,11538,188,3573,13046,4916,0
Página3,20,,5377,11560,188,3574,13030,4916,0
Página3,20,,5375,11543,188,3574,13037,4916,0
Página3,20,,5367,11474,188,3575,13064,4916,0
Página3,20,,5370,11500,187,3576,12951,4914,0
Página3,20,,5369,11513,188,3579,13060,4916,0
Página3,20,,5361,11469,188,3580,13077,4916,0
Página3,20,,5363,11491,188,3580,13073,4916,0
Página3,20,,5361,11472,189,3582,13082,4916,0
Página3,20,,5361,11466,188,3584,13080,4916,0
Página3,20,,5370,11530,188,3584,13049,4917,0
Página3,20,,5367,11525,188,3582,13029,4916,0
Página3,20,,5368,11560,190,3585,13009,4916,0
Página3,20,,5365,11509,190,3584,13054,4917,0
Página3,20,,5356,11446,188,3583,13050,4916,0
Página3,20,,5363,11496,189,3586,13018,4917,0
Página3,20,,5364,11495,189,3586,13036,4919,0
Página3,20,,5356,11446,188,3584,12929,4916,0
Página3,20,,5357,11497,188,3586,13013,4917,0
Página3,20,,5364,11513,188,3586,13025,4917,0
Página3,20,,5351,11400,188,3586,13075,4917,0
Página3,20,,5358,11445,188,3583,13014,4915,0
Página3,20,,5362,11491,188,3587,13023,4916,0
Página3,20,,5362,11492,188,3590,13022,4917,0
Página3,20,,5361,11512,187,3588,12973,4917,0
Página3,20,,5369,11562,187,3589,12995,4917,0
Página3,20,,5369,11565,189,3590,13030,4916,0
Página3,20,,5369,11557,190,3594,13011,4917,0
Página3,20,,5362,11497,188,3594,13048,4917,0
Página3,20,,5360,11488,188,3595,13044,4918,0
Página3,20,,5369,11577,189,3601,12991,4917,0
Página3,20,,5361,11502,190,3598,13043,4917,0
Página3,20,,5370,11573,189,3594,13004,4918,0
Página3,20,,5360,11493,189,3598,13025,4917,0
Página3,20,,5363,11526,190,3601,13024,4918,0
Página3,20,,5359,11472,188,3601,13046,4917,0
Página3,20,,5359,11480,189,3600,13036,4918,0
Página3,20,,5367,11492,191,3603,13021,4919,0
Página3,20,,5361,11498,190,3601,13038,4918,0
Página3,20,,5366,11515,189,3598,13033,4918,0
Página3,20,,5364,11491,189,3602,13024,4918,0
Página3,20,,5365,11506,189,3603,13033,4919,0
Página3,20,,5362,11504,188,3598,13033,4919,0
Página3,20,,5363,11491,190,3603,13042,4919,0
Página3,20,,5361,11485,189,3599,13045,4912,0
Página3,20,,5363,11498,191,3595,13035,4918,0
Página3,20,,5367,11550,190,3586,12994,4916,0
Página3,20,,5359,11486,190,3589,12913,4914,0
Página3,20,,5365,11501,190,3596,12979,4908,0
Página3,20,,5361,11463,189,3599,13022,4914,0
Página3,20,,5366,11510,190,3600,12984,4910,0
Página3,20,,5355,11430,190,3599,12881,4914,0
Página3,20,,5361,11441,189,3603,12947,4914,0
Página3,20,,5354,11405,188,3602,12866,4913,0
Página3,20,,5349,11363,188,3604,12781,4914,0
Página3,20,,5356,11423,189,3605,12876,4914,0
Página3,20,,5357,11437,187,3603,12888,4914,0
Página3,20,,5352,11461,188,3604,12902,4914,0
Página3,20,,5360,11458,190,3605,12906,4907,0
Página3,20,,5358,11450,189,3607,12911,4907,0
Página3,20,,5353,11415,189,3605,12925,4913,0
Página3,20,,5351,11400,186,3605,12933,4913,0
Página3,20,,5352,11402,188,3606,12926,4913,0
Página3,20,,5353,11413,189,3608,12906,4913,0
Página3,20,,5353,11408,188,3608,12920,4907,0
Página3,20,,5359,11469,188,3609,12967,4913,0
Página3,20,,5357,11456,189,3610,12993,4908,0
Página3,20,,5360,11468,187,3610,12970,4915,0
Página3,20,,5356,11452,188,3610,12989,4907,0
Página3,20,,5356,11453,188,3610,12989,4908,0
Página3,20,,5364,11525,188,3612,12981,4913,0
Página3,20,,5357,11462,189,3614,12985,4913,0
Página3,20,,5356,11459,187,3611,12984,4914,0
Página3,20,,5355,11453,190,3604,12959,4913,0
Página3,20,,5356,11459,188,3609,12969,4906,0
Página3,20,,5356,11464,188,3609,12965,4907,0
Página3,20,,5357,11480,188,3610,12956,4913,0
Página3,20,,5356,11462,187,3610,12971,4913,0
Página3,20,,5355,11459,189,3614,12967,4913,0
Página3,20,,5354,11446,188,3619,12956,4913,0
Página3,20,,5356,11448,189,3617,12944,4913,0
Página3,20,,5354,11457,187,3621,12953,4913,0
Página3,20,,5358,11466,188,3619,12953,4915,0
Página3,20,,5356,11451,189,3619,12952,4911,0
Página3,20,,5352,11435,188,3625,12953,4913,0
Página3,20,,5352,11426,188,3620,12947,4914,0
Página3,20,,5341,11335,188,3620,12889,4913,0
Página3,20,,5342,11354,189,3620,12868,4914,0
Página3,20,,5342,11335,188,3622,12910,4914,0
Página3,20,,5341,11331,187,3622,12881,4915,0
Página3,20,,5348,11388,189,3625,12864,4914,0
Página3,20,,5347,11390,189,3622,12852,4915,0
Página3,20,,5346,11381,188,3626,12980,4915,0
Página3,20,,5347,11377,188,3628,12959,4916,0
Página3,20,,5346,11386,188,3627,12955,4909,0
Página3,20,,5341,11342,188,3627,12954,4909,0
Página3,20,,5343,11348,190,3628,12964,4915,0
Página3,20,,5352,11408,188,3629,12948,4915,0
Página3,20,,5352,11441,189,3632,12950,4916,0
Página3,20,,5346,11363,188,3614,12975,4915,0
Página3,20,,5341,11369,191,3604,12974,4914,0
Página3,20,,5345,11408,191,3605,13021,4913,0
Página3,20,,5344,11415,190,3616,12997,4913,0
Página3,20,,5338,11349,190,3617,12927,4913,0
Página3,20,,5341,11380,190,3621,12894,4912,0
Página3,20,,5336,11335,190,3623,12910,4913,0
Página3,20,,5336,11341,188,3623,12902,4913,0
Página3,20,,5335,11323,187,3625,12905,4913,0
Página3,20,,5330,11312,190,3628,12908,4913,0
Página3,20,,5330,11340,188,3626,12873,4913,0
Página3,20,,5341,11352,188,3628,12848,4913,0
Página3,20,,5335,11291,187,3627,12884,4914,0
Página3,20,,5340,11388,187,3630,12846,4914,0
Página3,20,,5335,11368,189,3636,12882,4914,0
Página3,20,,5335,11302,188,3637,12902,4914,0
Página3,20,,5332,11331,188,3639,12914,4907,0
Página3,20,,5337,11389,189,3638,12783,4906,0
Página3,20,,5333,11315,189,3638,12818,4908,0
Página3,20,,5324,11296,189,3638,12837,4907,0
Página3,20,,5322,11340,190,3639,12782,4904,0
Página3,20,,5322,11300,189,3641,12829,4910,0
Página3,20,,5329,11278,188,3636,12816,4910,0
Página3,20,,5330,11310,187,3638,12796,4911,0
Página3,20,,5334,11369,189,3637,12823,4913,0
Página3,20,,5338,11360,190,3641,12856,4911,0
Página3,20,,5339,11403,190,3640,12949,4910,0
Página3,20,,5343,11413,188,3639,12957,4911,0
Página3,20,,5336,11369,190,3639,12982,4912,0
Página3,20,,5348,11446,189,3640,12979,4906,0
Página3,20,,5347,11427,189,3638,12969,4911,0
Página3,20,,5344,11414,189,3638,12964,4911,0
Página3,20,,5345,11433,189,3639,12955,4911,0
Página3,20,,5345,11434,189,3640,12950,4912,0
Página3,20,,5350,11473,190,3641,12945,4912,0
Página3,20,,5338,11430,189,3637,12986,4912,0
Página3,20,,5340,11420,188,3638,12956,4912,0
Página3,20,,5340,11453,189,3641,12967,4912,0
Página3,20,,5342,11441,189,3639,12947,4912,0
Página3,20,,5344,11428,188,3639,12952,4912,0
Página3,20,,5337,11368,188,3639,12981,4913,0
Página3,20,,5342,11401,189,3639,12979,4912,0
Página3,20,,5342,11400,189,3642,12977,4913,0
Página3,20,,5345,11444,189,3641,12940,4912,0
Página3,20,,5348,11472,189,3641,12923,4912,0
Página3,20,,5354,11476,190,3644,12927,4908,0
Página3,20,,5343,11439,191,3638,12952,4912,0
Página3,20,,5339,11445,189,3637,12948,4912,0
Página3,20,,5338,11440,190,3642,12944,4913,0
Página3,20,,5349,11470,190,3639,12933,4912,0
Página3,20,,5349,11476,189,3643,12938,4912,0
Página3,20,,5341,11470,190,3640,12906,4914,0
Página3,20,,5332,11346,187,3640,12921,4913,0
Página3,20,,5345,11438,189,3641,12909,4912,0
Página3,20,,5339,11487,188,3642,12925,4914,0
Página3,20,,5347,11454,189,3632,12879,4914,0
Página3,20,,5344,11462,190,3619,12905,4911,0
Página3,20,,5337,11408,191,3618,12948,4911,0
Página3,20,,5344,11451,191,3629,12908,4912,0
Página3,20,,5339,11398,190,3629,12919,4911,0
Página3,20,,5343,11443,191,3632,12918,4911,0
Página3,20,,5344,11457,191,3632,12867,4911,0
Página3,20,,5337,11400,191,3635,12914,4911,0
Página3,20,,5345,11468,190,3636,12913,4913,0
Página3,20,,5290,10924,188,3631,12903,4906,0
Página3,20,,5287,10930,189,3635,13126,4905,0
Página3,20,,5300,11046,188,3639,13077,4911,0
Página3,20,,5292,11067,187,3642,13136,4912,0
Página3,20,,5289,10950,188,3645,13176,4912,0
Página3,20,,5294,10955,187,3646,13153,4913,0
Página3,20,,5346,11458,189,3647,12853,4912,0
Página3,20,,5342,11427,190,3645,12900,4912,0
Página3,20,,5341,11416,190,3647,12821,4913,0
Página3,20,,5343,11452,191,3648,12861,4912,0
Página3,20,,5428,11620,192,3659,13034,4988,0
Página3,20,,5438,11633,192,3659,13077,4994,0
Página3,20,,5447,11653,192,3660,13068,5002,0
Página3,20,,5451,11624,191,3663,13037,5018,0
Página3,20,,5463,11662,192,3663,13125,5026,0
Página3,20,,5473,11650,194,3666,13022,5036,0
Página3,20,,5475,11652,193,3666,13034,5046,0
Página3,20,,5484,11655,193,3669,13031,5054,0
Página3,20,,5488,11654,194,3672,13062,5061,0
Página3,20,,5490,11665,192,3670,13065,5074,0
Página3,20,,5495,11655,193,3668,13081,5071,0
Página3,20,,5507,11690,194,3669,13061,5083,0
Página3,20,,5521,11741,194,3671,13176,5090,0
Página3,20,,5523,11752,193,3675,13166,5097,0
Página3,20,,5525,11715,195,3676,13157,5098,0
Página3,20,,5535,11782,195,3678,13226,5102,0
Página3,20,,5542,11806,195,3676,13264,5107,0
Página3,20,,5547,11829,196,3678,13279,5121,0
Página3,20,,5550,11819,195,3683,13271,5118,0
Página3,20,,5555,11845,195,3682,13282,5121,0
Página3,20,,5557,11832,195,3684,13275,5132,0
Página3,20,,5559,11837,193,3683,13302,5136,0
Página3,20,,5561,11836,197,3684,13294,5140,0
Página3,20,,5574,11899,196,3677,13364,5146,0
Página3,20,,5574,11895,196,3683,13367,5149,0
Página3,20,,5576,11896,196,3684,13367,5152,0
Página3,20,,5579,11919,196,3687,13382,5150,0
Página3,20,,5581,11920,196,3687,13386,5153,0
Página3,20,,5583,11900,195,3686,13385,5162,0
Página3,20,,5583,11904,197,3706,13384,5165,0
Página3,20,,5587,11931,194,3690,13372,5167,0
Página3,20,,5587,11887,196,3689,13359,5169,0
Página3,20,,5589,11936,197,3694,13398,5165,0
Página3,20,,5591,11939,195,3697,13410,5168,0
Página3,20,,5593,11949,197,3689,13416,5170,0
Página3,20,,5593,11944,196,3693,13418,5171,0
Página3,20,,5591,11922,198,3679,13393,5179,0
Página3,20,,5588,11883,198,3686,13349,5180,0
Página3,20,,5583,11842,198,3685,13329,5182,0
Página3,20,,5584,11863,198,3685,13331,5181,0
Página3,20,,5584,11857,197,3697,13311,5182,0
Página3,20,,5561,11784,198,3699,13248,5182,0
Página3,20,,5575,11806,198,3702,13208,5183,0
Página3,20,,5565,11713,198,3702,13191,5183,0
Página3,20,,5569,11748,197,3703,13198,5183,0
Página3,20,,5566,11712,196,3703,13158,5184,0
Página3,20,,5578,11821,199,3703,13283,5184,0
Página3,20,,5578,11819,198,3703,13265,5184,0
Página3,20,,5574,11827,196,3702,13292,5186,0
Página3,20,,5582,11815,197,3704,13266,5185,0
Página3,20,,5580,11816,197,3703,13245,5186,0
Página3,20,,5578,11817,197,3704,13267,5188,0
Página3,20,,5564,11698,196,3703,13187,5186,0
Página3,20,,5562,11655,197,3703,13230,5187,0
Página3,20,,5585,11871,197,3709,13405,5188,0
Página3,20,,5579,11882,196,3710,13391,5188,0
Página3,20,,5591,11873,198,3708,13409,5189,0
Página3,20,,5583,11866,197,3705,13400,5189,0
Página3,20,,5529,11437,195,3708,13669,5189,0
Página3,20,,5539,11439,195,3706,13658,5190,0
Página3,20,,5541,11466,196,3709,13639,5190,0
Página3,20,,5538,11433,194,3706,13643,5190,0
Página3,20,,5539,11451,196,3708,13641,5190,0
Página3,20,,5539,11460,196,3707,13642,5190,0
Página3,20,,5541,11473,196,3707,13640,5189,0
Página3,20,,5525,11458,195,3706,13599,5189,0
Página3,20,,5530,11473,195,3706,13633,5189,0
Página3,20,,5533,11454,194,3708,13613,5189,0
Página3,20,,5536,11456,197,3702,13595,5189,0
Página3,20,,5538,11476,194,3704,13620,5187,0
Página3,20,,5535,11473,194,3706,13606,5188,0
Página3,20,,5530,11477,195,3706,13607,5187,0
Página3,20,,5531,11446,196,3705,13614,5186,0
Página3,20,,5536,11479,195,3706,13622,5186,0
Página3,20,,5527,11402,193,3702,13625,5186,0
Página3,20,,5516,11312,194,3702,13509,5185,0
Página3,20,,5509,11326,194,3700,13528,5184,0
Página3,20,,5518,11392,196,3702,13619,5183,0
Página3,20,,5523,11405,194,3697,13624,5184,0
Página3,20,,5525,11473,194,3702,13627,5183,0
Página3,20,,5533,11467,193,3701,13618,5184,0
Página3,20,,5530,11467,194,3689,13600,5182,0
Página3,20,,5529,11461,193,3687,13577,5182,0
Página3,20,,5530,11457,193,3687,13586,5183,0
Página3,20,,5528,11461,194,3685,13590,5182,0
Página3,20,,5525,11449,194,3690,13576,5181,0
Página3,20,,5506,11273,194,3693,13421,5181,0
Página3,20,,5521,11413,193,3697,13625,5181,0
Página3,20,,5516,11411,193,3697,13606,5180,0
Página3,20,,5513,11399,195,3691,13617,5178,0
Página3,20,,5519,11413,195,3677,13617,5172,0
Página3,20,,5518,11404,195,3664,13564,5169,0
Página3,20,,5515,11442,194,3660,13567,5174,0
Página3,20,,5499,11437,194,3671,13587,5173,0
Página3,20,,5514,11429,195,3676,13599,5173,0
Página3,20,,5511,11405,195,3678,13587,5172,0
Página3,20,,5499,11326,195,3682,13509,5172,0
Página3,20,,5508,11394,193,3679,13554,5171,0
Página3,20,,5506,11374,196,3681,13523,5170,0
Página3,20,,5503,11365,195,3685,13515,5170,0
Página3,20,,5502,11344,195,3685,13481,5170,0
Página3,20,,5504,11361,194,3687,13507,5169,0
Página3,20,,5510,11375,194,3690,13526,5172,0
Página3,20,,5504,11369,194,3691,13521,5171,0
Página3,20,,5502,11356,190,3681,13505,5173,0
Página3,20,,5502,11356,193,3677,13506,5170,0
Página3,20,,5500,11357,191,3654,13512,5169,0
Página3,20,,5499,11356,190,3655,13511,5168,0
Página3,20,,5499,11358,192,3656,13505,5169,0
Página3,20,,5498,11351,191,3655,13498,5167,0
Página3,20,,5490,11354,191,3659,13503,5166,0
Página3,20,,5488,11347,191,3655,13497,5166,0
Página3,20,,5494,11338,192,3656,13490,5164,0
Página3,20,,5495,11362,193,3657,13487,5166,0
Página3,20,,5501,11407,190,3651,13468,5165,0
Página3,20,,5491,11398,192,3655,13464,5164,0
Página3,20,,5492,11394,190,3664,13463,5163,0
Página3,20,,5496,11379,191,3656,13463,5163,0
Página3,20,,5496,11398,192,3671,13454,5162,0
Página3,20,,5495,11392,192,3657,13444,5163,0
Página3,20,,5497,11411,193,3657,13441,5163,0
Página3,20,,5494,11385,192,3657,13450,5163,0
Página3,20,,5485,11322,191,3657,13501,5156,0
Página3,20,,5485,11329,192,3660,13495,5162,0
Página3,20,,5483,11331,193,3657,13485,5162,0
Página3,20,,5488,11353,191,3652,13467,5163,0
Página3,20,,5488,11355,191,3656,13482,5156,0
Página3,20,,5487,11350,190,3655,13466,5162,0
Página3,20,,5489,11354,192,3655,13462,5163,0
Página3,20,,5486,11348,190,3654,13438,5162,0
Página3,20,,5485,11343,191,3657,13455,5149,0
Página3,20,,5486,11338,192,3654,13468,5160,0
Página3,20,,5484,11320,191,3653,13445,5160,0
Página3,20,,5478,11325,191,3656,13407,5159,0
Página3,20,,5517,11607,192,3655,13213,5152,0
Página3,20,,5517,11670,193,3655,13220,5154,0
Página3,20,,5516,11677,191,3651,13203,5158,0
Página3,20,,5511,11592,193,3646,13247,5157,0
Página3,20,,5517,11679,192,3652,13232,5158,0
Página3,20,,5513,11663,192,3650,13206,5157,0
Página3,20,,5511,11669,191,3651,13179,5150,0
Página3,20,,5506,11610,191,3649,13245,5152,0
Página3,20,,5515,11668,192,3649,13207,5152,0
Página3,20,,5505,11668,191,3649,13203,5150,0
Página3,20,,5510,11662,194,3666,13211,5150,0
Página3,20,,5506,11667,193,3631,13201,5154,0
Página3,20,,5504,11671,192,3611,13291,5152,0
Página3,20,,5503,11682,194,3643,13308,5151,0
Página3,20,,5505,11676,193,3651,13306,5151,0
Página3,20,,5502,11648,192,3656,13293,5151,0
Página3,20,,5500,11636,192,3660,13289,5152,0
Página3,20,,5500,11633,192,3665,13305,5151,0
Página3,20,,5510,11721,193,3667,13241,5151,0
Página3,20,,5510,11746,194,3672,13222,5152,0
Página3,20,,5483,11491,192,3674,13348,5152,0
Página3,20,,5509,11730,193,3672,13202,5152,0
Página3,20,,5497,11682,193,3673,13282,5151,0
Página3,20,,5510,11517,193,3674,13367,5151,0
Página3,20,,5506,11693,192,3673,13240,5151,0
Página3,20,,5485,11505,193,3671,13296,5152,0
Página3,20,,5501,11670,192,3667,13350,5151,0
Página3,20,,5473,11634,192,3669,13260,5152,0
Página3,20,,5497,11626,192,3670,13355,5152,0
Página3,20,,5493,11624,192,3671,13342,5151,0
Página3,20,,5494,11627,193,3670,13349,5153,0
Página3,20,,5488,11623,194,3670,13335,5153,0
Página3,20,,5500,11673,194,3671,13312,5152,0
Página3,20,,5503,11688,194,3674,13428,5153,0
Página3,20,,5500,11694,193,3674,13317,5153,0
Página3,20,,5495,11707,192,3674,13395,5147,0
Página3,20,,5512,11774,193,3673,13372,5148,0
Página3,20,,5480,11546,193,3671,13453,5153,0
Página3,20,,5482,11529,191,3672,13380,5153,0
Página3,20,,5498,11680,193,3675,13385,5153,0
Página3,20,,5498,11683,193,3676,13407,5150,0
Página3,20,,5497,11689,191,3677,13396,5148,0
Página3,20,,5489,11627,192,3675,13326,5155,0
Página3,20,,5488,11667,193,3673,13385,5154,0
Página3,20,,5497,11690,192,3675,13449,5148,0
Página3,20,,5503,11604,193,3675,13479,5154,0
Página3,20,,5502,11734,193,3672,13435,5154,0
Página3,20,,5505,11764,194,3674,13455,5158,0
Página3,20,,5504,11751,192,3671,13436,5149,0
Página3,20,,5501,11737,192,3673,13447,5153,0
Página3,20,,5489,11653,192,3672,13469,5156,0
Página3,20,,5505,11784,192,3669,13396,5156,0
Página3,20,,5495,11765,191,3668,13401,5157,0
Página3,20,,5499,11734,192,3668,13398,5157,0
Página3,20,,5504,11784,192,3668,13430,5157,0
Página3,20,,5493,11675,192,3671,13498,5157,0
Página3,20,,5488,11644,192,3671,13513,5157,0
Página3,20,,5488,11647,192,3671,13479,5158,0
Página3,20,,5486,11595,193,3671,13498,5157,0
Página3,20,,5491,11658,193,3670,13515,5158,0
Página3,20,,5489,11653,192,3674,13519,5158,0
Página3,20,,5489,11655,192,3672,13510,5158,0
Página3,20,,5486,11565,193,3670,13555,5158,0
Página3,20,,5486,11623,191,3670,13529,5158,0
Página3,20,,5460,11390,191,3671,13658,5160,0
Página3,20,,5443,11213,191,3651,13738,5160,0
Página3,20,,5491,11685,193,3639,13495,5157,0
Página3,20,,5503,11825,192,3620,13421,5156,0
Página3,20,,5490,11716,192,3629,13488,5155,0
Página3,20,,5504,11839,194,3639,13415,5155,0
Página3,20,,5505,11849,192,3639,13408,5155,0
Página3,20,,5503,11837,191,3641,13416,5158,0
Página3,20,,5504,11848,192,3643,13406,5157,0
Página3,20,,5504,11846,191,3643,13400,5156,0
Página3,20,,5505,11855,192,3644,13398,5156,0
Página3,20,,5502,11834,192,3648,13401,5156,0
Página3,20,,5500,11833,192,3650,13404,5156,0
Página3,20,,5502,11776,192,3647,13323,5158,0
Página3,20,,5505,11860,192,3647,13375,5157,0
Página3,20,,5504,11867,192,3652,13355,5157,0
Página3,20,,5504,11900,193,3653,13331,5156,0
Página3,20,,5497,11795,192,3654,13389,5157,0
Página3,20,,5497,11799,192,3655,13370,5158,0
Página3,20,,5488,11732,192,3658,13411,5158,0
Página3,20,,5495,11772,191,3657,13389,5157,0
Página3,20,,5496,11790,192,3658,13371,5157,0
Página3,20,,5493,11782,192,3657,13304,5157,0
Página3,20,,5497,11737,191,3659,13477,5157,0
Página3,20,,5470,11571,190,3659,13563,5158,0
Página3,20,,5500,11877,192,3657,13382,5158,0
Página3,20,,5497,11826,193,3657,13413,5157,0
Página3,20,,5495,11808,191,3658,13426,5157,0
Página3,20,,5495,11816,193,3659,13416,5157,0
Página3,20,,5486,11746,192,3658,13446,5156,0
Página3,20,,5494,11846,192,3664,13394,5158,0
Página3,20,,5495,11818,192,3660,13438,5157,0
Página3,20,,5490,11788,192,3659,13441,5157,0
Página3,20,,5488,11775,192,3658,13451,5157,0
Página3,20,,5496,11841,193,3659,13416,5157,0
Página3,20,,5490,11784,192,3658,13457,5159,0
Página3,20,,5488,11771,192,3655,13467,5157,0
Página3,20,,5496,11833,191,3658,13431,5157,0
Página3,20,,5507,11934,193,3661,13380,5157,0
Página3,20,,5490,11801,193,3659,13462,5157,0
Página3,20,,5492,11772,192,3661,13472,5157,0
Página3,20,,5488,11782,192,3662,13475,5158,0
Página3,20,,5493,11775,192,3658,13462,5157,0
Página3,20,,5488,11805,191,3663,13454,5157,0
Página3,20,,5507,12004,193,3663,13367,5157,0
Página3,20,,5508,11957,191,3661,13378,5157,0
Página3,20,,5509,11955,192,3662,13382,5157,0
Página3,20,,5508,11971,192,3658,13372,5157,0
Página3,20,,5503,11935,193,3661,13390,5156,0
Página3,20,,5501,11871,191,3658,13472,5157,0
Página3,20,,5506,11969,192,3665,13370,5156,0
Página3,20,,5501,11945,193,3665,13385,5156,0
Página3,20,,5506,11977,192,3660,13372,5159,0
Página3,20,,5498,11965,191,3665,13367,5137,0
Página3,20,,5503,11975,192,3665,13359,5155,0
Página3,20,,5496,11974,191,3666,13360,5155,0
Página3,20,,5501,11973,192,3649,13356,5156,0
Página3,20,,5496,11939,194,3633,13348,5153,0
Página3,20,,5470,11839,192,3629,13360,5153,0
Página3,20,,5507,12026,191,3641,13398,5154,0
Página3,20,,5480,11852,191,3643,13481,5152,0
Página3,20,,5503,12005,194,3648,13398,5152,0
Página3,20,,5503,12014,192,3654,13396,5153,0
Página3,20,,5493,11967,192,3653,13408,5152,0
Página3,20,,5503,12020,193,3658,13391,5153,0
Página3,20,,5502,12006,194,3656,13410,5155,0
Página3,20,,5481,11829,191,3657,13506,5153,0
Página3,20,,5502,12006,193,3660,13406,5153,0
Página3,20,,5501,12004,192,3659,13407,5154,0
Página3,20,,5500,11995,192,3651,13415,5154,0
Página3,20,,5503,12014,192,3656,13401,5155,0
Página3,20,,5501,12003,193,3656,13404,5156,0
Página3,20,,5498,11983,193,3661,13399,5155,0
Página3,20,,5497,11978,193,3665,13402,5155,0
Página3,20,,5494,11956,194,3666,13414,5155,0
Página3,20,,5502,12015,192,3667,13372,5157,0
Página3,20,,5500,11999,192,3669,13371,5156,0
Página3,20,,5481,11829,193,3666,13481,5156,0
Página3,20,,5500,11995,192,3670,13376,5156,0
Página3,20,,5499,11991,192,3671,13381,5156,0
Página3,20,,5502,12013,192,3670,13371,5159,0
Página3,20,,5500,11993,193,3667,13380,5157,0
Página3,20,,5498,11984,194,3669,13390,5158,0
Página3,20,,5470,11719,193,3670,13507,5157,0
Página3,20,,5501,12008,193,3672,13373,5158,0
Página3,20,,5500,12005,191,3674,13366,5158,0
Página3,20,,5501,12006,192,3670,13372,5159,0
Página3,20,,5499,12020,192,3675,13360,5159,0
Página3,20,,5502,12028,193,3678,13362,5159,0
Página3,20,,5501,12020,193,3678,13370,5159,0
Página3,20,,5500,12011,192,3680,13380,5161,0
Página3,20,,5503,12024,193,3680,13389,5166,0
Página3,20,,5504,12025,194,3677,13377,5160,0
Página3,20,,5500,12013,193,3681,13381,5161,0
Página3,20,,5502,12029,193,3677,13376,5162,0
Página3,20,,5493,12008,193,3680,13386,5161,0
Página3,20,,5493,12007,193,3680,13395,5163,0
Página3,20,,5496,12015,194,3680,13379,5163,0
Página3,20,,5505,12051,192,3679,13360,5163,0
Página3,20,,5505,12047,193,3678,13368,5163,0
Página3,20,,5504,12054,194,3681,13355,5162,0
Página3,20,,5504,12053,194,3682,13356,5163,0
Página3,20,,5506,12050,193,3684,13365,5163,0
Página3,20,,5503,12047,194,3680,13359,5162,0
Página3,20,,5503,12050,193,3684,13354,5162,0
Página3,20,,5504,12053,194,3686,13349,5162,0
Página3,20,,5502,12038,193,3689,13351,5163,0
Página3,20,,5501,12039,194,3687,13346,5162,0
Página3,20,,5500,12027,193,3691,13350,5162,0
Página3,20,,5499,12030,194,3689,13339,5161,0
Página3,20,,5499,12025,194,3688,13336,5161,0
Página3,20,,5496,12013,194,3674,13337,5159,0
Página3,20,,5488,11960,195,3655,13359,5157,0
Página3,20,,5490,11985,194,3651,13336,5155,0
Página3,20,,5490,12003,195,3663,13328,5154,0
Página3,20,,5493,12011,194,3670,13323,5154,0
Página3,20,,5491,11985,193,3662,13352,5155,0
Página3,20,,5489,11995,193,3669,13336,5154,0
Página3,20,,5489,11989,194,3662,13342,5155,0
Página3,20,,5487,11979,193,3669,13339,5153,0
Página3,20,,5481,11931,194,3671,13349,5153,0
Página3,20,,5487,11984,193,3670,13336,5154,0
Página3,20,,5486,11977,193,3673,13338,5153,0
Página3,20,,5486,11969,193,3671,13341,5153,0
Página3,20,,5485,11964,193,3671,13344,5152,0
Página3,20,,5481,11909,192,3668,13372,5152,0
Página3,20,,5490,12000,193,3670,13333,5152,0
Página3,20,,5486,11984,191,3666,13332,5152,0
Página3,20,,5487,11985,193,3664,13331,5152,0
Página3,20,,5489,12013,192,3665,13315,5152,0
Página3,20,,5489,12005,193,3668,13321,5152,0
Página3,20,,5487,11994,193,3668,13336,5153,0
Página3,20,,5486,11979,191,3668,13348,5154,0
Página3,20,,5486,11979,192,3666,13347,5152,0
Página3,20,,5485,11979,192,3666,13350,5153,0
Página3,20,,5484,11978,191,3666,13347,5154,0
Página3,20,,5484,11948,192,3666,13345,5154,0
Página3,20,,5477,12009,192,3661,13329,5154,0
Página3,20,,5486,11994,191,3659,13347,5154,0
Página3,20,,5484,11980,192,3660,13354,5154,0
Página3,20,,5480,11970,192,3661,13320,5155,0
Página3,20,,5481,11935,191,3662,13357,5155,0
Página3,20,,5483,11961,192,3659,13360,5156,0
Página3,20,,5483,11973,192,3660,13340,5156,0
Página3,20,,5484,11970,192,3660,13335,5157,0
Página3,20,,5481,11940,193,3659,13349,5157,0
Página3,20,,5479,11958,192,3660,13350,5157,0
Página3,20,,5482,11960,192,3659,13345,5157,0
Página3,20,,5468,11855,191,3660,13416,5160,0
Página3,20,,5480,11974,192,3656,13345,5157,0
Página3,20,,5484,11980,192,3656,13346,5158,0
Página3,20,,5484,11978,191,3660,13347,5159,0
Página3,20,,5484,11975,192,3659,13350,5159,0
Página3,20,,5484,11976,191,3660,13356,5159,0
Página3,20,,5485,11985,193,3664,13355,5160,0
Página3,20,,5482,11975,193,3659,13363,5160,0
Página3,20,,5484,11981,192,3660,13358,5160,0
Página3,20,,5483,11970,192,3660,13362,5160,0
Página3,20,,5483,11984,192,3660,13349,5160,0
Página3,20,,5482,11988,192,3658,13354,5161,0
Página3,20,,5483,11970,191,3656,13370,5161,0
Página3,20,,5485,11991,193,3659,13360,5161,0
Página3,20,,5483,11975,192,3660,13365,5161,0
Página3,20,,5485,11994,193,3661,13395,5161,0
Página3,20,,5477,11965,193,3660,13416,5163,0
Página3,20,,5481,11961,194,3642,13414,5160,0
Página3,20,,5478,11952,193,3629,13419,5159,0
Página3,20,,5476,11937,192,3633,13422,5158,0
Página3,20,,5478,11965,194,3641,13392,5158,0
Página3,20,,5474,11937,192,3647,13415,5157,0
Página3,20,,5477,11952,193,3644,13405,5156,0
Página3,20,,5478,11963,193,3648,13393,5157,0
Página3,20,,5481,11962,192,3651,13396,5154,0
Página3,20,,5485,12028,194,3649,13353,5157,0
Página3,20,,5485,12024,192,3652,13366,5157,0
Página3,20,,5425,11535,192,3647,13622,5152,0
Página3,20,,5397,11285,191,3650,13764,5152,0
Página3,20,,5420,11494,191,3651,13638,5151,0
Página3,20,,5417,11451,190,3653,13671,5153,0
Página3,20,,5415,11447,191,3650,13643,5149,0
Página3,20,,5481,12048,193,3654,13320,5146,0
Página3,20,,5477,12033,192,3656,13327,5146,0
Página3,20,,5473,12005,192,3656,13345,5145,0
Página3,20,,5464,11996,192,3653,13349,5145,0
Página3,20,,5469,11992,191,3652,13347,5144,0
Página3,20,,5467,11973,193,3655,13377,5143,0
Página3,20,,5465,11968,193,3654,13367,5143,0
Página3,20,,5463,12002,193,3655,13342,5141,0
Página3,20,,5461,12000,194,3655,13350,5143,0
Página3,20,,5468,11999,194,3652,13359,5141,0
Página3,20,,5463,11972,192,3656,13383,5143,0
Página3,20,,5462,11961,193,3657,13389,5140,0
Página3,20,,5460,11948,193,3647,13399,5141,0
Página3,20,,5462,11957,194,3650,13395,5142,0
Página3,20,,5460,11960,192,3648,13384,5140,0
Página3,20,,5457,11956,191,3648,13393,5139,0
Página3,20,,5457,11951,193,3652,13406,5138,0
Página3,20,,5459,11957,193,3655,13409,5138,0
Página3,20,,5458,11978,194,3655,13408,5141,0
Página3,20,,5464,11968,192,3657,13436,5147,0
Página3,20,,5479,12077,192,3662,13369,5146,0
Página3,20,,5478,12058,193,3655,13489,5147,0
Página3,20,,5419,11529,192,3665,13674,5147,0
Página3,20,,5420,11535,190,3651,13680,5148,0
Página3,20,,5421,11532,190,3652,13688,5150,0
Página3,20,,5420,11518,192,3665,13695,5150,0
Página3,20,,5421,11519,191,3666,13696,5151,0
Página3,20,,5421,11518,192,3656,13695,5151,0
Página3,20,,5422,11521,191,3646,13692,5151,0
Página3,20,,5421,11518,192,3663,13701,5154,0
Página3,20,,5424,11518,192,3656,13698,5153,0
Página3,20,,5422,11518,193,3656,13697,5153,0
Página3,20,,5424,11523,191,3676,13696,5154,0
Página3,20,,5423,11520,193,3666,13697,5154,0
Página3,20,,5425,11520,192,3668,13697,5155,0
Página3,20,,5425,11521,193,3664,13700,5155,0
Página3,20,,5425,11520,193,3662,13697,5156,0
Página3,20,,5425,11518,192,3658,13699,5155,0
Página3,20,,5424,11516,192,3647,13701,5155,0
Página3,20,,5422,11497,193,3644,13711,5156,0
Página3,20,,5425,11513,190,3642,13698,5157,0
Página3,20,,5424,11511,193,3635,13699,5153,0
Página3,20,,5422,11511,193,3629,13695,5154,0
Página3,20,,5422,11511,190,3638,13692,5154,0
Página3,20,,5421,11504,191,3644,13690,5155,0
Página3,20,,5421,11505,191,3633,13689,5154,0
Página3,20,,5415,11496,191,3648,13674,5149,0
Página3,20,,5414,11499,190,3638,13676,5147,0
Página3,20,,5415,11504,192,3638,13673,5150,0
Página3,20,,5417,11531,191,3634,13685,5147,0
Página3,20,,5418,11539,191,3640,13695,5146,0
Página3,20,,5416,11527,191,3640,13691,5146,0
Página3,20,,5416,11535,191,3645,13698,5144,0
Página3,20,,5414,11530,191,3643,13694,5142,0
Página3,20,,5414,11528,192,3644,13686,5143,0
Página3,20,,5413,11530,191,3647,13690,5141,0
Página3,20,,5415,11534,191,3645,13688,5142,0
Página3,20,,5413,11530,193,3657,13687,5141,0
Página3,20,,5418,11541,191,3665,13700,5146,0
Página3,20,,5419,11547,192,3649,13699,5147,0
Página3,20,,5418,11537,192,3643,13702,5147,0
Página3,20,,5420,11547,191,3654,13698,5147,0
Página3,20,,5419,11539,190,3655,13695,5147,0
Página3,20,,5418,11533,191,3645,13691,5147,0
Página3,20,,5419,11541,190,3642,13700,5150,0
Página3,20,,5420,11545,191,3640,13699,5148,0
Página3,20,,5420,11546,190,3649,13700,5147,0
Página3,20,,5420,11546,191,3646,13700,5148,0
Página3,20,,5422,11558,190,3646,13716,5148,0
Página3,20,,5422,11556,191,3643,13718,5149,0
Página3,20,,5423,11561,189,3640,13718,5149,0
Página3,20,,5422,11557,192,3641,13716,5149,0
Página3,20,,5421,11549,191,3638,13720,5149,0
Página3,20,,5422,11559,192,3641,13713,5150,0
Página3,20,,5422,11556,191,3641,13708,5149,0
Página3,20,,5422,11558,189,3640,13714,5151,0
Página3,20,,5422,11559,190,3638,13710,5150,0
Página3,20,,5422,11554,191,3639,13708,5150,0
Página3,20,,5421,11554,191,3638,13709,5150,0
Página3,20,,5422,11557,192,3641,13710,5150,0
Página3,20,,5422,11558,191,3641,13707,5150,0
Página3,20,,5423,11558,191,3638,13710,5151,0
Página3,20,,5423,11557,190,3643,13710,5151,0
Página3,20,,5422,11558,190,3641,13708,5150,0
Página3,20,,5422,11561,190,3641,13708,5150,0
Página3,20,,5422,11559,191,3641,13706,5151,0
Página3,20,,5422,11558,190,3643,13703,5151,0
Página3,20,,5423,11559,191,3638,13701,5151,0
Página3,20,,5423,11566,191,3639,13712,5150,0
Página3,20,,5420,11548,192,3637,13717,5150,0
Página3,20,,5422,11566,191,3640,13718,5150,0
Página3,20,,5422,11563,192,3636,13717,5152,0
Página3,20,,5421,11559,191,3632,13714,5150,0
Página3,20,,5420,11559,190,3635,13706,5151,0
Página3,20,,5420,11544,191,3632,13703,5149,0
Página3,20,,5418,11547,192,3604,13704,5148,0
Página3,20,,5416,11557,191,3601,13702,5146,0
Página3,20,,5416,11557,191,3611,13704,5145,0
Página3,20,,5416,11555,190,3616,13705,5146,0
Página3,20,,5418,11563,192,3618,13709,5145,0
Página3,20,,5416,11557,189,3617,13699,5145,0
Página3,20,,5415,11563,192,3619,13710,5145,0
Página3,20,,5414,11552,191,3620,13695,5144,0
Página3,20,,5417,11573,191,3618,13723,5147,0
Página3,20,,5417,11570,191,3623,13714,5145,0
Página3,20,,5417,11562,191,3626,13715,5147,0
Página3,20,,5418,11578,190,3625,13731,5145,0
Página3,20,,5418,11578,190,3626,13730,5145,0
Página3,20,,5418,11582,190,3623,13732,5145,0
Página3,20,,5417,11578,190,3626,13728,5145,0
Página3,20,,5418,11574,191,3624,13722,5145,0
Página3,20,,5418,11574,190,3625,13713,5145,0
Página3,20,,5421,11599,190,3626,13719,5145,0
Página3,20,,5420,11596,192,3626,13725,5145,0
Página3,20,,5423,11623,191,3628,13692,5145,0
Página3,20,,5423,11635,190,3625,13712,5147,0
Página3,20,,5423,11617,191,3622,13679,5145,0
Página3,20,,5424,11630,190,3621,13691,5144,0
Página3,20,,5421,11595,190,3624,13695,5145,0
Página3,20,,5422,11609,191,3626,13713,5144,0
Página3,20,,5425,11635,191,3625,13694,5144,0
Página3,20,,5401,11421,191,3624,13818,5146,0
Página3,20,,5420,11590,191,3624,13715,5144,0
Página3,20,,5418,11573,191,3624,13718,5144,0
Página3,20,,5417,11566,190,3623,13726,5143,0
Página3,20,,5417,11569,190,3624,13726,5144,0
Página3,20,,5417,11571,189,3621,13730,5143,0
Página3,20,,5419,11569,191,3618,13725,5144,0
Página3,20,,5417,11566,191,3614,13701,5144,0
Página3,20,,5417,11565,190,3618,13690,5144,0
Página3,20,,5415,11552,190,3620,13705,5138,0
Página3,20,,5417,11569,190,3618,13732,5139,0
Página3,20,,5411,11567,189,3614,13732,5144,0
Página3,20,,5416,11555,189,3606,13726,5143,0
Página3,20,,5415,11547,190,3611,13725,5143,0
Página3,20,,5416,11545,189,3613,13725,5143,0
Página3,20,,5417,11568,190,3612,13711,5143,0
Página3,20,,5416,11563,190,3612,13721,5143,0
Página3,20,,5416,11556,189,3614,13719,5143,0
Página3,20,,5409,11565,191,3614,13719,5143,0
Página3,20,,5413,11546,190,3614,13719,5143,0
Página3,20,,5411,11521,190,3614,13713,5144,0
Página3,20,,5398,11377,190,3617,13821,5144,0
Página3,20,,5415,11547,191,3617,13716,5143,0
Página3,20,,5414,11557,190,3619,13709,5143,0
Página3,20,,5411,11520,190,3619,13723,5144,0
Página3,20,,5411,11520,189,3619,13737,5138,0
Página3,20,,5412,11507,191,3615,13743,5138,0
Página3,20,,5411,11499,191,3616,13741,5144,0
Página3,20,,5408,11497,190,3603,13743,5143,0
Página3,20,,5421,11564,192,3580,13782,5142,0
Página3,20,,5398,11432,189,3578,13791,5141,0
Página3,20,,5398,11488,191,3591,13764,5141,0
Página3,20,,5410,11617,188,3595,13695,5140,0
Página3,20,,5397,11486,191,3598,13729,5140,0
Página3,20,,5408,11461,190,3600,13778,5143,0
Página3,20,,5412,11566,191,3597,13709,5141,0
Página3,20,,5414,11571,189,3602,13704,5140,0
Página3,20,,5413,11564,191,3602,13708,5141,0
Página3,20,,5413,11566,189,3606,13719,5141,0
Página3,20,,5406,11563,188,3604,13711,5142,0
Página3,20,,5408,11581,188,3604,13715,5142,0
Página3,20,,5406,11557,190,3606,13707,5141,0
Página3,20,,5406,11558,189,3604,13719,5141,0
Página3,20,,5411,11550,189,3607,13713,5142,0
Página3,20,,5411,11549,189,3606,13708,5142,0
Página3,20,,5413,11563,189,3599,13704,5142,0
Página3,20,,5412,11560,190,3600,13709,5142,0
Página3,20,,5405,11562,190,3602,13716,5142,0
Página3,20,,5405,11565,189,3604,13714,5142,0
Página3,20,,5407,11566,189,3601,13713,5143,0
Página3,20,,5412,11548,189,3602,13717,5143,0
Página3,20,,5413,11567,189,3605,13711,5143,0
Página3,20,,5406,11559,190,3604,13704,5144,0
Página3,20,,5415,11578,189,3599,13733,5145,0
Página3,20,,5413,11577,189,3604,13734,5144,0
Página3,20,,5414,11576,189,3601,13736,5144,0
Página3,20,,5415,11586,190,3601,13736,5145,0
Página3,20,,5414,11585,188,3601,13738,5145,0
Página3,20,,5409,11583,189,3599,13736,5145,0
Página3,20,,5408,11591,189,3599,13748,5146,0
Página3,20,,5414,11575,188,3597,13741,5146,0
Página3,20,,5416,11573,189,3597,13748,5149,0
Página3,20,,5416,11595,189,3593,13741,5147,0
Página3,20,,5415,11578,190,3596,13745,5146,0
Página3,20,,5416,11598,190,3595,13744,5147,0
Página3,20,,5415,11595,189,3597,13742,5146,0
Página3,20,,5414,11578,189,3594,13729,5146,0
Página3,20,,5416,11580,190,3596,13726,5147,0
Página3,20,,5416,11588,189,3594,13741,5147,0
Página3,20,,5415,11587,188,3595,13737,5147,0
Página3,20,,5408,11580,188,3598,13724,5147,0
Página3,20,,5409,11584,189,3590,13732,5147,0
Página3,20,,5419,11580,187,3586,13744,5149,0
Página3,20,,5414,11577,191,3590,13734,5148,0
Página3,20,,5415,11581,189,3591,13748,5147,0
Página3,20,,5416,11588,191,3592,13748,5147,0
Página3,20,,5414,11564,190,3591,13754,5148,0
Página3,20,,5408,11571,190,3592,13756,5148,0
Página3,20,,5395,11461,189,3591,13815,5149,0
Página3,20,,5419,11617,188,3589,13712,5149,0
Página3,20,,5417,11598,189,3592,13740,5148,0
Página3,20,,5415,11604,189,3593,13743,5149,0
Página3,20,,5411,11599,190,3593,13742,5149,0
Página3,20,,5419,11608,189,3583,13751,5151,0
Página3,20,,5415,11602,189,3562,13757,5147,0
Página3,20,,5418,11634,189,3560,13743,5145,0
Página3,20,,5417,11616,187,3565,13742,5145,0
Página3,20,,5417,11624,190,3573,13734,5144,0
Página3,20,,5414,11607,189,3581,13742,5145,0
Página3,20,,5411,11612,188,3582,13751,5144,0
Página3,20,,5408,11605,189,3584,13748,5145,0
Página3,20,,5415,11565,189,3583,13736,5145,0
Página3,20,,5416,11600,189,3584,13751,5144,0
Página3,20,,5415,11595,188,3588,13750,5145,0
Página3,20,,5399,11460,188,3590,13811,5144,0
Página3,20,,5391,11450,189,3591,13826,5145,0
Página3,20,,5417,11652,189,3591,13694,5145,0
Página3,20,,5417,11644,189,3587,13696,5147,0
Página3,20,,5416,11608,188,3591,13717,5146,0
Página3,20,,5416,11607,190,3590,13709,5147,0
Página3,20,,5418,11620,189,3589,13715,5146,0
Página3,20,,5402,11481,189,3591,13792,5146,0
Página3,20,,5423,11660,190,3593,13686,5146,0
Página3,20,,5418,11632,189,3594,13693,5146,0
Página3,20,,5418,11627,188,3592,13701,5146,0
Página3,20,,5419,11633,189,3586,13696,5146,0
Página3,20,,5413,11588,189,3590,13713,5146,0
Página3,20,,5415,11590,190,3590,13710,5146,0
Página3,20,,5414,11590,189,3589,13711,5146,0
Página3,20,,5412,11597,191,3590,13712,5146,0
Página3,20,,5420,11630,189,3588,13716,5146,0
Página3,20,,5423,11659,190,3593,13706,5146,0
Página3,20,,5420,11635,189,3591,13689,5147,0
Página3,20,,5415,11585,189,3585,13717,5148,0
Página3,20,,5415,11591,189,3580,13727,5147,0
Página3,20,,5415,11590,188,3580,13742,5147,0
Página3,20,,5417,11608,188,3587,13733,5147,0
Página3,20,,5418,11609,189,3587,13734,5147,0
Página3,20,,5416,11603,189,3583,13736,5148,0
Página3,20,,5417,11598,189,3584,13729,5148,0
Página3,20,,5416,11565,190,3584,13694,5148,0
Página3,20,,5419,11607,189,3585,13751,5148,0
Página3,20,,5419,11608,190,3584,13750,5149,0
Página3,20,,5414,11597,190,3587,13738,5148,0
Página3,20,,5421,11604,190,3585,13755,5150,0
Página3,20,,5420,11603,189,3583,13751,5149,0
Página3,20,,5419,11602,189,3586,13744,5149,0
Página3,20,,5420,11601,189,3586,13742,5149,0
Página3,20,,5421,11611,189,3585,13756,5148,0
Página3,20,,5421,11612,188,3589,13764,5149,0
Página3,20,,5421,11612,190,3582,13762,5149,0
Página3,20,,5421,11610,187,3584,13758,5148,0
Página3,20,,5415,11605,190,3584,13757,5148,0
Página3,20,,5413,11602,189,3584,13751,5147,0
Página3,20,,5420,11592,189,3583,13749,5150,0
Página3,20,,5418,11593,190,3565,13743,5148,0
Página3,20,,5418,11590,189,3573,13745,5147,0
Página3,20,,5416,11588,188,3559,13731,5146,0
Página3,20,,5409,11529,190,3541,13764,5145,0
Página3,20,,5419,11622,189,3537,13713,5144,0
Página3,20,,5420,11623,188,3550,13713,5143,0
Página3,20,,5417,11600,188,3553,13683,5144,0
Página3,20,,5414,11596,188,3559,13677,5143,0
Página3,20,,5410,11592,188,3558,13671,5142,0
Página3,20,,5409,11587,188,3558,13662,5141,0
Página3,20,,5410,11591,188,3564,13656,5140,0
Página3,20,,5422,11580,189,3563,13658,5141,0
Página3,20,,5426,11656,188,3560,13623,5143,0
Página3,20,,5423,11644,189,3557,13626,5140,0
Página3,20,,5423,11645,188,3556,13626,5139,0
Página3,20,,5423,11647,187,3560,13626,5140,0
Página3,20,,5413,11549,187,3553,13680,5139,0
Página3,20,,5408,11519,188,3559,13697,5140,0
Página3,20,,5429,11681,188,3562,13605,5141,0
Página3,20,,5425,11659,189,3560,13610,5140,0
Página3,20,,5423,11639,187,3558,13616,5140,0
Página3,20,,5424,11641,189,3560,13632,5140,0
Página3,20,,5426,11650,188,3558,13633,5140,0
Página3,20,,5429,11662,188,3541,13636,5139,0
Página3,20,,5427,11656,188,3549,13635,5140,0
Página3,20,,5426,11656,189,3549,13632,5140,0
Página3,20,,5426,11644,188,3549,13616,5140,0
Página3,20,,5427,11661,187,3548,13636,5141,0
Página3,20,,5428,11663,189,3552,13631,5141,0
Página3,20,,5427,11658,188,3546,13623,5141,0
Página3,20,,5427,11658,188,3551,13619,5141,0
Página3,20,,5426,11654,187,3550,13618,5140,0
Página3,20,,5429,11667,188,3551,13650,5141,0
Página3,20,,5433,11685,190,3550,13659,5142,0
Página3,20,,5431,11679,188,3545,13655,5141,0
Página3,20,,5432,11688,188,3547,13666,5141,0
Página3,20,,5431,11664,189,3543,13650,5141,0
Página3,20,,5431,11679,188,3542,13627,5141,0
Página3,20,,5431,11680,188,3541,13617,5142,0
Página3,20,,5433,11676,188,3536,13623,5141,0
Página3,20,,5423,11669,188,3541,13615,5140,0
Página3,20,,5421,11661,188,3540,13609,5140,0
Página3,20,,5429,11650,188,3542,13610,5140,0
Página3,20,,5426,11618,188,3541,13603,5139,0
Página3,20,,5428,11641,186,3542,13591,5140,0
Página3,20,,5430,11656,188,3544,13617,5139,0
Página3,20,,5429,11662,187,3544,13597,5139,0
Página3,20,,5429,11658,187,3544,13593,5139,0
Página3,20,,5430,11665,188,3551,13617,5133,0
Página3,20,,5428,11653,188,3544,13595,5141,0
Página3,20,,5421,11648,187,3537,13598,5139,0
Página3,20,,5422,11662,187,3538,13613,5139,0
Página3,20,,5429,11648,186,3540,13616,5139,0
Página3,20,,5430,11659,187,3539,13614,5139,0
Página3,20,,5429,11641,187,3539,13629,5139,0
Página3,20,,5429,11658,187,3530,13624,5140,0
Página3,20,,5429,11661,188,3536,13617,5139,0
Página3,20,,5429,11667,188,3519,13623,5138,0
Página3,20,,5429,11665,186,3502,13629,5136,0
Página3,20,,5427,11668,187,3497,13618,5135,0
Página3,20,,5428,11671,185,3507,13616,5135,0
Página3,20,,5428,11677,185,3512,13615,5135,0
Página3,20,,5423,11672,186,3513,13621,5135,0
Página3,20,,5422,11672,187,3518,13624,5135,0
Página3,20,,5419,11650,186,3518,13640,5135,0
Página3,20,,5423,11651,187,3519,13643,5135,0
Página3,20,,5427,11643,185,3520,13643,5135,0
Página3,20,,5428,11658,187,3522,13629,5136,0
Página3,20,,5429,11658,186,3519,13649,5133,0
Página3,20,,5423,11659,187,3518,13651,5137,0
Página3,20,,5429,11650,187,3522,13652,5139,0
Página3,20,,5429,11638,186,3523,13655,5139,0
Página3,20,,5428,11645,186,3524,13654,5138,0
Página3,20,,5428,11646,186,3523,13654,5139,0
Página3,20,,5429,11646,187,3523,13671,5133,0
Página3,20,,5431,11652,187,3528,13675,5139,0
Página3,20,,5430,11637,187,3522,13674,5140,0
Página3,20,,5431,11638,187,3524,13675,5140,0
Página3,20,,5430,11648,187,3525,13660,5139,0
Página3,20,,5431,11651,188,3528,13674,5133,0
Página3,20,,5431,11649,186,3526,13681,5131,0
Página3,20,,5432,11649,187,3530,13674,5133,0
Página3,20,,5432,11649,188,3526,13674,5131,0
Página3,20,,5431,11647,187,3526,13672,5133,0
Página3,20,,5431,11649,187,3525,13672,5130,0
Página3,20,,5431,11646,186,3526,13673,5135,0
Página3,20,,5431,11649,187,3526,13678,5136,0
Página3,20,,5411,11491,187,3524,13473,5129,0
Página3,20,,5432,11658,187,3527,13685,5135,0
Página3,20,,5434,11670,187,3527,13697,5135,0
Página3,20,,5434,11667,187,3526,13697,5135,0
Página3,20,,5431,11645,187,3525,13668,5136,0
Página3,20,,5432,11643,185,3528,13666,5137,0
Página3,20,,5431,11639,186,3530,13658,5136,0
Página3,20,,5431,11641,186,3530,13661,5137,0
Página3,20,,5431,11643,187,3527,13660,5137,0
Página3,20,,5431,11640,187,3528,13660,5137,0
Página3,20,,5431,11639,187,3525,13663,5139,0
Página3,20,,5432,11637,187,3522,13660,5138,0
Página3,20,,5430,11638,185,3521,13650,5138,0
Página3,20,,5431,11638,187,3523,13659,5139,0
Página3,20,,5431,11640,186,3524,13660,5138,0
Página3,20,,5433,11629,186,3525,13664,5138,0
Página3,20,,5432,11641,187,3523,13663,5140,0
Página3,20,,5431,11644,187,3518,13664,5139,0
Página3,20,,5432,11642,186,3520,13663,5139,0
Página3,20,,5432,11642,188,3522,13664,5139,0
Página3,20,,5427,11630,187,3522,13640,5136,0
Página3,20,,5432,11645,185,3519,13666,5139,0
Página3,20,,5431,11639,187,3520,13669,5140,0
Página3,20,,5431,11636,186,3521,13663,5140,0
Página3,20,,5431,11637,187,3522,13661,5140,0
Página3,20,,5424,11632,187,3508,13657,5140,0
Página3,20,,5422,11630,187,3493,13653,5139,0
Página3,20,,5429,11636,187,3490,13664,5138,0
Página3,20,,5429,11631,188,3500,13665,5137,0
Página3,20,,5428,11632,187,3506,13666,5140,0
Página3,20,,5430,11633,186,3506,13672,5139,0
Página3,20,,5430,11637,187,3508,13667,5139,0
Página3,20,,5431,11640,186,3509,13661,5140,0
Página3,20,,5432,11657,186,3511,13675,5139,0
Página3,20,,5431,11647,186,3513,13670,5140,0
Página3,20,,5432,11657,187,3514,13681,5141,0
Página3,20,,5436,11684,186,3502,13718,5141,0
Página3,20,,5434,11673,186,3507,13703,5142,0
Página3,20,,5435,11671,187,3510,13703,5142,0
Página3,20,,5435,11675,186,3512,13703,5142,0
Página3,20,,5441,11682,187,3515,13720,5143,0
Página3,20,,5434,11658,186,3510,13682,5143,0
Página3,20,,5437,11681,188,3513,13711,5144,0
Página3,20,,5440,11698,187,3516,13675,5144,0
Página3,20,,5440,11690,187,3515,13682,5144,0
Página3,20,,5441,11697,187,3514,13693,5144,0
Página3,20,,5441,11700,187,3519,13686,5145,0
Página3,20,,5440,11685,186,3520,13665,5144,0
Página3,20,,5439,11683,186,3519,13669,5144,0
Página3,20,,5441,11698,186,3520,13688,5145,0
Página3,20,,5440,11693,187,3521,13680,5145,0
Página3,20,,5441,11688,187,3521,13679,5144,0
Página3,20,,5438,11684,187,3517,13667,5145,0
Página3,20,,5430,11605,186,3517,13548,5145,0
Página3,20,,5437,11667,187,3519,13642,5145,0
Página3,20,,5437,11667,187,3519,13644,5144,0
Página3,20,,5439,11665,186,3520,13643,5144,0
Página3,20,,5438,11679,186,3518,13664,5146,0
Página3,20,,5437,11660,185,3519,13633,5144,0
Página3,20,,5435,11649,187,3516,13661,5144,0
Página3,20,,5431,11671,187,3519,13653,5143,0
Página3,20,,5437,11648,186,3518,13651,5143,0
Página3,20,,5440,11668,187,3517,13670,5142,0
Página3,20,,5437,11666,187,3513,13648,5142,0
Página3,20,,5439,11679,185,3516,13669,5142,0
Página3,20,,5438,11671,187,3514,13672,5142,0
Página3,20,,5435,11672,187,3511,13664,5141,0
Página3,20,,5432,11670,187,3509,13664,5142,0
Página3,20,,5434,11691,186,3509,13683,5142,0
Página3,20,,5441,11694,185,3504,13672,5142,0
Página3,20,,5441,11691,186,3506,13668,5142,0
Página3,20,,5439,11685,185,3508,13670,5142,0
Página3,20,,5441,11687,186,3508,13673,5142,0
Página3,20,,5435,11695,186,3508,13671,5145,0
Página3,20,,5442,11683,186,3506,13663,5143,0
Página3,20,,5440,11683,186,3504,13652,5144,0
Página3,20,,5443,11707,185,3508,13690,5144,0
Página3,20,,5443,11713,186,3510,13686,5144,0
Página3,20,,5437,11719,186,3508,13703,5143,0
Página3,20,,5444,11710,185,3486,13682,5143,0
Página3,20,,5442,11711,187,3484,13687,5142,0
Página3,20,,5440,11738,186,3477,13654,5140,0
Página3,20,,5427,11596,186,3487,13742,5140,0
Página3,20,,5426,11585,186,3495,13742,5140,0
Página3,20,,5429,11602,187,3496,13774,5140,0
Página3,20,,5431,11617,187,3498,13778,5140,0
Página3,20,,5432,11630,185,3498,13769,5141,0
Página3,20,,5450,11778,186,3498,13680,5142,0
Página3,20,,5450,11785,187,3500,13684,5141,0
Página3,20,,5434,11642,186,3500,13766,5142,0
Página3,20,,5451,11783,186,3502,13690,5142,0
Página3,20,,5432,11623,185,3499,13770,5143,0
Página3,20,,5434,11666,187,3502,13758,5143,0
Página3,20,,5451,11777,187,3499,13691,5143,0
Página3,20,,5447,11785,187,3502,13698,5144,0
Página3,20,,5427,11629,185,3498,13783,5143,0
Página3,20,,5448,11734,186,3502,13718,5143,0
Página3,20,,5426,11681,186,3499,13712,5145,0
Página3,20,,5428,11571,185,3497,13818,5144,0
Página3,20,,5444,11659,187,3500,13775,5144,0
Página3,20,,5443,11754,185,3501,13721,5144,0
Página3,20,,5437,11631,186,3501,13778,5144,0
Página3,20,,5431,11581,184,3500,13783,5144,0
Página3,20,,5431,11588,186,3498,13751,5145,0
Página3,20,,5444,11724,187,3499,13684,5144,0
Página3,20,,5444,11713,186,3502,13669,5144,0
Página3,20,,5441,11709,187,3503,13683,5143,0
Página3,20,,5443,11708,186,3495,13693,5136,0
Página3,20,,5433,11611,184,3493,13755,5143,0
Página3,20,,5431,11570,184,3488,13771,5142,0
Página3,20,,5428,11558,185,3488,13762,5142,0
Página3,20,,5429,11581,184,3487,13752,5142,0
Página3,20,,5429,11581,184,3487,13768,5141,0
Página3,20,,5430,11593,186,3486,13786,5137,0
Página3,20,,5432,11596,184,3485,13790,5137,0
Página3,20,,5447,11773,185,3483,13688,5144,0
Página3,20,,5443,11748,185,3482,13692,5143,0
Página3,20,,5436,11599,185,3483,13782,5144,0
Página3,20,,5430,11560,184,3483,13804,5144,0
Página3,20,,5430,11570,185,3482,13783,5144,0
Página3,20,,5431,11579,185,3483,13802,5146,0
Página3,20,,5453,11760,186,3483,13702,5145,0
Página3,20,,5453,11761,186,3482,13716,5140,0
Página3,20,,5434,11598,185,3481,13809,5140,0
Página3,20,,5452,11756,185,3484,13721,5145,0
Página3,20,,5435,11611,186,3483,13822,5147,0
Página3,20,,5454,11769,185,3482,13738,5146,0
Página3,20,,5438,11623,184,3483,13818,5147,0
Página3,20,,5438,11630,185,3482,13810,5147,0
Página3,20,,5457,11793,185,3483,13726,5147,0
Página3,20,,5455,11763,186,3484,13744,5147,0
Página3,20,,5453,11754,187,3480,13754,5150,0
Página3,20,,5451,11743,187,3484,13755,5149,0
Página3,20,,5450,11731,185,3484,13758,5148,0
Página3,20,,5443,11737,187,3469,13765,5148,0
Página3,20,,5442,11756,188,3456,13751,5147,0
Página3,20,,5450,11748,187,3455,13753,5146,0
Página3,20,,5448,11731,186,3462,13751,5146,0
Página3,20,,5448,11734,186,3469,13764,5148,0
Página3,20,,5448,11719,186,3467,13727,5147,0
Página3,20,,5458,11807,186,3472,13861,5141,0
Página3,20,,5458,11810,187,3474,13863,5141,0
Página3,20,,5456,11800,185,3477,13831,5148,0
Página3,20,,5456,11803,185,3479,13835,5148,0
Página3,20,,5458,11809,186,3478,13827,5149,0
Página3,20,,5458,11837,187,3482,13858,5149,0
Página3,20,,5457,11831,185,3483,13838,5149,0
Página3,20,,5458,11830,186,3482,13841,5149,0
Página3,20,,5454,11786,186,3483,13800,5149,0
Página3,20,,5458,11806,185,3484,13809,5150,0
Página3,20,,5453,11797,186,3479,13810,5145,0
Página3,20,,5455,11793,186,3480,13814,5149,0
Página3,20,,5452,11775,185,3483,13792,5149,0
Página3,20,,5455,11781,185,3484,13804,5149,0
Página3,20,,5398,11783,186,3483,13797,5151,0
Página3,20,,5455,11800,186,3481,13816,5152,0
Página3,20,,5453,11797,185,3482,13813,5150,0
Página3,20,,5457,11809,186,3481,13833,5150,0
Página3,20,,5457,11804,186,3483,13810,5150,0
Página3,20,,5456,11808,185,3473,13859,5150,0
Página3,20,,5456,11787,187,3471,13861,5151,0
Página3,20,,5457,11808,185,3478,13864,5151,0
Página3,20,,5457,11803,187,3476,13856,5151,0
Página3,20,,5458,11821,187,3478,13846,5151,0
Página3,20,,5458,11815,187,3479,13830,5151,0
Página3,20,,5461,11832,186,3479,13847,5152,0
Página3,20,,5460,11827,185,3476,13841,5152,0
Página3,20,,5461,11828,184,3477,13853,5152,0
Página3,20,,5461,11827,187,3475,13854,5152,0
Página3,20,,5456,11772,187,3476,13817,5152,0
Página3,20,,5456,11768,186,3475,13790,5154,0
Página3,20,,5452,11756,186,3474,13792,5152,0
Página3,20,,5453,11750,185,3476,13788,5151,0
Página3,20,,5452,11747,187,3476,13780,5152,0
Página3,20,,5455,11767,185,3477,13800,5152,0
Página3,20,,5454,11762,185,3476,13801,5151,0
Página3,20,,5458,11785,185,3474,13794,5152,0
Página3,20,,5455,11782,186,3471,13780,5151,0
Página3,20,,5455,11770,186,3470,13766,5151,0
Página3,20,,5456,11779,185,3469,13777,5151,0
Página3,20,,5456,11779,185,3469,13785,5152,0
Página3,20,,5453,11770,184,3469,13783,5153,0
Página3,20,,5456,11771,185,3464,13781,5152,0
Página3,20,,5454,11761,183,3466,13768,5151,0
Página3,20,,5455,11766,186,3465,13773,5151,0
Página3,20,,5457,11791,185,3464,13809,5151,0
Página3,20,,5458,11792,185,3461,13804,5152,0
Página3,20,,5460,11795,184,3463,13810,5152,0
Página3,20,,5458,11794,185,3448,13804,5148,0
Página3,20,,5457,11794,184,3430,13809,5143,0
Página3,20,,5454,11777,186,3428,13799,5148,0
Página3,20,,5454,11780,184,3434,13790,5148,0
Página3,20,,5454,11780,185,3437,13801,5149,0
Página3,20,,5454,11784,186,3440,13796,5148,0
Página3,20,,5456,11795,184,3441,13801,5149,0
Página3,20,,5458,11795,185,3442,13821,5150,0
Página3,20,,5454,11777,184,3444,13792,5150,0
Página3,20,,5455,11782,184,3445,13793,5150,0
Página3,20,,5449,11784,184,3445,13793,5151,0
Página3,20,,5452,11808,185,3447,13818,5151,0
Página3,20,,5459,11792,185,3446,13822,5151,0
Página3,20,,5460,11810,184,3442,13828,5152,0
Página3,20,,5460,11804,184,3443,13812,5152,0
Página3,20,,5460,11812,185,3444,13830,5153,0
Página3,20,,5459,11811,185,3447,13835,5152,0
Página3,20,,5462,11807,186,3445,13821,5152,0
Página3,20,,5462,11813,184,3445,13828,5155,0
Página3,20,,5464,11826,184,3448,13849,5154,0
Página3,20,,5463,11830,185,3446,13850,5155,0
Página3,20,,5463,11827,184,3450,13851,5155,0
Página3,20,,5465,11823,184,3449,13849,5154,0
Página3,20,,5458,11825,185,3449,13842,5156,0
Página3,20,,5461,11822,186,3448,13834,5155,0
Página3,20,,5457,11814,185,3447,13830,5155,0
Página3,20,,5463,11824,185,3446,13844,5155,0
Página3,20,,5465,11814,184,3447,13842,5156,0
Página3,20,,5466,11819,184,3447,13845,5158,0
Página3,20,,5468,11846,184,3443,13863,5156,0
Página3,20,,5470,11859,185,3445,13876,5157,0
Página3,20,,5469,11862,184,3446,13886,5157,0
Página3,20,,5469,11861,184,3448,13885,5156,0
Página3,20,,5462,11854,185,3450,13880,5156,0
Página3,20,,5465,11833,185,3452,13849,5158,0
Página3,20,,5463,11856,185,3451,13879,5156,0
Página3,20,,5462,11849,185,3446,13873,5156,0
Página3,20,,5470,11839,186,3448,13855,5156,0
Página3,20,,5469,11836,185,3448,13865,5158,0
Página3,20,,5473,11860,185,3447,13857,5158,0
Página3,20,,5470,11851,185,3443,13878,5157,0
Página3,20,,5471,11860,184,3441,13873,5158,0
Página3,20,,5471,11857,184,3444,13874,5158,0
Página3,20,,5463,11854,185,3443,13872,5158,0
Página3,20,,5464,11860,185,3445,13882,5160,0
Página3,20,,5471,11850,184,3444,13885,5159,0
Página3,20,,5470,11841,185,3445,13857,5159,0
Página3,20,,5473,11872,184,3444,13895,5159,0
Página3,20,,5473,11871,185,3443,13890,5159,0
Página3,20,,5465,11860,186,3443,13886,5159,0
Página3,20,,5463,11841,184,3443,13858,5160,0
Página3,20,,5466,11867,185,3442,13888,5158,0
Página3,20,,5466,11865,186,3443,13886,5157,0
Página3,20,,5472,11841,186,3441,13879,5158,0
Página3,20,,5470,11831,185,3443,13868,5157,0
Página3,20,,5472,11856,184,3424,13883,5157,0
Página3,20,,5467,11849,185,3411,13860,5155,0
Página3,20,,5459,11858,186,3409,13875,5154,0
Página3,20,,5468,11851,186,3420,13884,5154,0
Página3,20,,5460,11860,185,3422,13878,5153,0
Página3,20,,5468,11842,183,3422,13874,5154,0
Página3,20,,5468,11858,184,3424,13860,5153,0
Página3,20,,5468,11860,184,3422,13861,5153,0
Página3,20,,5470,11861,184,3421,13876,5150,0
Página3,20,,5468,11857,184,3419,13870,5153,0
Página3,20,,5466,11856,184,3419,13875,5153,0
Página3,20,,5462,11858,184,3422,13876,5153,0
Página3,20,,5470,11853,184,3422,13866,5153,0
Página3,20,,5467,11820,184,3417,13826,5152,0
Página3,20,,5464,11805,183,3413,13813,5152,0
Página3,20,,5464,11815,182,3415,13814,5152,0
Página3,20,,5462,11814,183,3416,13811,5150,0
Página3,20,,5463,11812,183,3413,13806,5149,0
Página3,20,,5462,11806,183,3415,13804,5148,0
Página3,20,,5464,11812,183,3416,13813,5148,0
Página3,20,,5463,11812,183,3412,13838,5147,0
Página3,20,,5463,11811,184,3413,13839,5146,0
Página3,20,,5464,11807,182,3412,13819,5145,0
Página3,20,,5465,11814,184,3412,13848,5144,0
Página3,20,,5459,11826,182,3411,13855,5147,0
Página3,20,,5464,11789,183,3408,13805,5144,0
Página3,20,,5453,11716,182,3408,13705,5144,0
Página3,20,,5451,11704,183,3408,13694,5144,0
Página3,20,,5468,11816,183,3409,13846,5144,0
Página3,20,,5467,11823,182,3408,13848,5145,0
Página3,20,,5467,11823,182,3407,13847,5145,0
Página3,20,,5466,11815,183,3410,13839,5145,0
Página3,20,,5462,11823,183,3409,13849,5144,0
Página3,20,,5461,11821,183,3409,13847,5144,0
Página3,20,,5456,11777,182,3409,13835,5144,0
Página3,20,,5469,11802,184,3407,13872,5147,0
Página3,20,,5473,11865,182,3406,13871,5145,0
Página3,20,,5469,11829,184,3396,13891,5145,0
Página3,20,,5469,11829,183,3404,13879,5144,0
Página3,20,,5471,11838,184,3404,13882,5144,0
Página3,20,,5476,11863,183,3406,13898,5145,0
Página3,20,,5473,11843,183,3400,13875,5146,0
Página3,20,,5472,11858,184,3405,13881,5145,0
Página3,20,,5460,11759,183,3402,13755,5146,0
Página3,20,,5463,11779,184,3404,13718,5147,0
Página3,20,,5463,11760,183,3405,13752,5146,0
Página3,20,,5460,11754,184,3407,13750,5148,0
Página3,20,,5462,11763,183,3403,13724,5146,0
Página3,20,,5460,11751,183,3404,13746,5147,0
Página3,20,,5464,11787,184,3407,13742,5148,0
Página3,20,,5461,11753,182,3405,13742,5148,0
Página3,20,,5461,11750,183,3405,13713,5148,0
Página3,20,,5460,11741,182,3406,13706,5148,0
Página3,20,,5453,11735,183,3406,13706,5149,0
Página3,20,,5453,11737,184,3404,13712,5149,0
Página3,20,,5469,11812,183,3393,13804,5149,0
Página3,20,,5464,11771,183,3379,13753,5148,0
Página3,20,,5463,11770,184,3380,13753,5147,0
Página3,20,,5462,11767,183,3387,13764,5149,0
Página3,20,,5462,11757,183,3390,13736,5149,0
Página3,20,,5463,11753,183,3398,13741,5149,0
Página3,20,,5461,11749,182,3398,13738,5148,0
Página3,20,,5462,11749,183,3398,13721,5149,0
Página3,20,,5461,11743,184,3401,13722,5149,0
Página3,20,,5463,11749,183,3402,13718,5150,0
Página3,20,,5463,11756,184,3402,13712,5149,0
Página3,20,,5464,11764,183,3403,13710,5149,0
Página3,20,,5463,11750,183,3402,13741,5149,0
Página3,20,,5465,11761,183,3403,13740,5149,0
Página3,20,,5464,11756,184,3404,13731,5152,0
Página3,20,,5464,11755,183,3406,13730,5150,0
Página3,20,,5462,11740,183,3406,13710,5150,0
Página3,20,,5462,11735,183,3405,13702,5150,0
Página3,20,,5464,11748,184,3406,13721,5151,0
Página3,20,,5464,11748,183,3406,13721,5151,0
Página3,20,,5466,11748,183,3404,13720,5153,0
Página3,20,,5465,11748,183,3404,13721,5152,0
Página3,20,,5465,11749,184,3404,13724,5153,0
Página3,20,,5466,11752,183,3405,13728,5153,0
Página3,20,,5467,11758,183,3403,13732,5153,0
Página3,20,,5467,11762,184,3404,13743,5154,0
Página3,20,,5468,11767,182,3401,13745,5157,0
Página3,20,,5468,11767,183,3402,13738,5155,0
Página3,20,,5468,11766,184,3401,13748,5157,0
Página3,20,,5469,11765,183,3399,13742,5157,0
Página3,20,,5468,11756,185,3401,13731,5156,0
Página3,20,,5468,11752,184,3402,13726,5157,0
Página3,20,,5468,11755,182,3404,13733,5157,0
Página3,20,,5469,11760,183,3405,13735,5157,0
Página3,20,,5469,11758,183,3404,13732,5157,0
Página3,20,,5468,11755,183,3405,13730,5158,0
Página3,20,,5472,11761,184,3403,13737,5160,0
Página3,20,,5469,11756,183,3402,13732,5158,0
Página3,20,,5470,11759,184,3403,13736,5157,0
Página3,20,,5468,11747,183,3402,13722,5159,0
Página3,20,,5469,11754,183,3403,13714,5158,0
Página4,20,,4902,11408,235,4325,13641,4645,0
Página4,20,,4904,11406,235,4327,13659,4639,0
Página4,20,,4901,11391,234,4327,13641,4645,0
Página4,20,,4908,11352,234,4327,13589,4645,0
Página4,20,,4899,11367,235,4336,13607,4639,0
Página4,20,,4873,11380,234,4334,13613,4644,0
Página4,20,,4872,11385,235,4337,13623,4645,0
Página4,20,,4884,11379,234,4339,13609,4644,0
Página4,20,,4885,11377,234,4343,13612,4644,0
Página4,20,,4883,11375,235,4343,13606,4644,0
Página4,20,,4880,11384,235,4342,13617,4644,0
Página4,20,,4876,11356,235,4343,13582,4644,0
Página4,20,,4882,11360,234,4345,13586,4644,0
Página4,20,,4879,11361,235,4346,13576,4645,0
Página4,20,,4879,11361,234,4347,13588,4645,0
Página4,20,,4875,11360,235,4351,13586,4645,0
Página4,20,,4882,11352,235,4352,13577,4645,0
Página4,20,,4877,11304,235,4351,13497,4645,0
Página4,20,,4864,11348,235,4357,13564,4644,0
Página4,20,,4864,11331,235,4355,13540,4645,0
Página4,20,,4885,11314,235,4357,13514,4646,0
Página4,20,,4880,11416,236,4358,13670,4646,0
Página4,20,,4891,11416,236,4362,13652,4646,0
Página4,20,,4883,11416,236,4365,13666,4640,0
Página4,20,,4871,11433,236,4367,13683,4640,0
Página4,20,,4890,11435,237,4369,13686,4647,0
Página4,20,,4885,11417,237,4374,13680,4647,0
Página4,20,,4887,11433,237,4374,13664,4647,0
Página4,20,,4874,11444,237,4377,13685,4641,0
Página4,20,,4885,11429,238,4383,13661,4648,0
Página4,20,,4889,11462,238,4382,13693,4649,0
Página4,20,,4890,11466,238,4384,13695,4644,0
Página4,20,,4894,11457,239,4388,13679,4648,0
Página4,20,,4896,11456,237,4387,13690,4648,0
Página4,20,,4893,11475,238,4391,13680,4649,0
Página4,20,,4895,11479,238,4393,13694,4645,0
Página4,20,,4896,11478,238,4403,13674,4643,0
Página4,20,,4877,11437,239,4398,13676,4649,0
Página4,20,,4900,11482,239,4402,13673,4649,0
Página4,20,,4894,11493,239,4404,13688,4650,0
Página4,20,,4897,11493,239,4405,13687,4650,0
Página4,20,,4900,11501,239,4408,13694,4652,0
Página4,20,,4896,11499,240,4412,13690,4651,0
Página4,20,,4900,11499,240,4413,13695,4651,0
Página4,20,,4902,11498,239,4416,13687,4651,0
Página4,20,,4907,11485,240,4418,13668,4650,0
Página4,20,,4903,11498,240,4420,13688,4651,0
Página4,20,,4910,11499,240,4423,13690,4652,0
Página4,20,,4905,11502,241,4423,13690,4651,0
Página4,20,,4903,11523,240,4427,13713,4651,0
Página4,20,,4897,11509,240,4430,13714,4652,0
Página4,20,,4897,11505,242,4434,13703,4653,0
Página4,20,,4883,11540,241,4437,13718,4652,0
Página4,20,,4906,11522,244,4446,13718,4653,0
Página4,20,,4906,11529,244,4450,13726,4653,0
Página4,20,,4882,11533,244,4454,13721,4653,0
Página4,20,,4902,11525,244,4457,13724,4652,0
Página4,20,,4894,11526,244,4460,13722,4652,0
Página4,20,,4902,11508,244,4464,13716,4652,0
Página4,20,,4901,11527,244,4467,13699,4652,0
Página4,20,,4904,11531,244,4467,13714,4653,0
Página4,20,,4892,11540,244,4468,13719,4649,0
Página4,20,,4905,11529,244,4470,13718,4654,0
Página4,20,,4903,11531,244,4471,13721,4654,0
Página4,20,,4894,11543,244,4473,13727,4653,0
Página4,20,,4906,11526,244,4476,13716,4654,0
Página4,20,,4915,11511,244,4475,13693,4656,0
Página4,20,,4920,11539,245,4480,13718,4656,0
Página4,20,,4916,11532,245,4483,13695,4656,0
Página4,20,,4920,11557,245,4483,13694,4657,0
Página4,20,,4903,11573,244,4488,13702,4657,0
Página4,20,,4924,11559,245,4489,13685,4657,0
Página4,20,,4917,11582,245,4498,13716,4660,0
Página4,20,,4915,11592,245,4500,13728,4659,0
Página4,20,,4921,11590,245,4498,13725,4659,0
Página4,20,,4928,11591,246,4501,13732,4660,0
Página4,20,,4917,11599,246,4506,13735,4661,0
Página4,20,,4908,11392,245,4502,13798,4663,0
Página4,20,,4914,11406,247,4510,13828,4662,0
Página4,20,,4904,11417,246,4508,13813,4664,0
Página4,20,,4914,11427,247,4515,13825,4663,0
Página4,20,,4916,11469,246,4515,13807,4664,0
Página4,20,,4923,11467,246,4515,13800,4664,0
Página4,20,,4922,11469,247,4520,13812,4665,0
Página4,20,,4922,11469,247,4520,13802,4665,0
Página4,20,,4921,11471,246,4523,13798,4666,0
Página4,20,,4902,11474,247,4526,13805,4666,0
Página4,20,,4909,11457,247,4527,13798,4667,0
Página4,20,,4928,11470,247,4528,13785,4668,0
Página4,20,,4920,11473,247,4532,13803,4668,0
Página4,20,,4924,11484,248,4533,13792,4669,0
Página4,20,,4927,11496,247,4536,13777,4669,0
Página4,20,,4922,11497,248,4539,13792,4667,0
Página4,20,,4927,11504,248,4541,13784,4669,0
Página4,20,,4930,11500,248,4543,13788,4670,0
Página4,20,,4927,11496,248,4545,13783,4670,0
Página4,20,,4928,11494,249,4547,13787,4670,0
Página4,20,,4928,11498,248,4549,13784,4671,0
Página4,20,,4928,11499,248,4551,13785,4671,0
Página4,20,,4933,11510,249,4552,13795,4673,0
Página4,20,,4932,11502,249,4559,13772,4672,0
Página4,20,,4932,11494,249,4561,13777,4672,0
Página4,20,,4915,11501,249,4562,13781,4673,0
Página4,20,,4917,11495,249,4564,13770,4672,0
Página4,20,,4935,11507,249,4566,13799,4675,0
Página4,20,,4953,11553,250,4567,13761,4674,0
Página4,20,,4942,11579,250,4571,13755,4675,0
Página4,20,,4938,11562,250,4574,13751,4674,0
Página4,20,,4932,11415,253,4581,13833,4677,0
Página4,20,,4944,11558,253,4585,13758,4675,0
Página4,20,,4943,11557,253,4587,13755,4674,0
Página4,20,,4939,11562,252,4589,13760,4673,0
Página4,20,,4939,11558,252,4592,13756,4674,0
Página4,20,,4941,11553,252,4593,13751,4674,0
Página4,20,,4933,11422,252,4596,13825,4674,0
Página4,20,,4930,11408,252,4594,13831,4674,0
Página4,20,,4932,11409,251,4594,13829,4674,0
Página4,20,,4932,11416,252,4600,13838,4675,0
Página4,20,,4927,11407,252,4599,13848,4677,0
Página4,20,,4932,11417,252,4604,13841,4676,0
Página4,20,,4933,11420,252,4604,13841,4676,0
Página4,20,,4933,11425,252,4605,13851,4678,0
Página4,20,,4930,11403,252,4607,13818,4677,0
Página4,20,,4926,11411,252,4609,13828,4677,0
Página4,20,,4931,11500,252,4615,13772,4677,0
Página4,20,,4933,11508,252,4614,13740,4677,0
Página4,20,,4943,11498,253,4618,13746,4678,0
Página4,20,,4931,11507,253,4620,13747,4678,0
Página4,20,,4947,11500,253,4622,13719,4678,0
Página4,20,,4949,11513,254,4624,13707,4677,0
Página4,20,,4947,11484,254,4625,13691,4679,0
Página4,20,,4952,11512,254,4627,13745,4679,0
Página4,20,,4948,11473,252,4627,13671,4679,0
Página4,20,,4950,11451,253,4629,13619,4679,0
Página4,20,,4951,11468,254,4632,13667,4673,0
Página4,20,,4943,11441,253,4637,13627,4680,0
Página4,20,,4949,11407,254,4634,13562,4680,0
Página4,20,,4944,11402,254,4637,13579,4680,0
Página4,20,,4945,11400,254,4638,13575,4680,0
Página4,20,,4943,11364,254,4638,13515,4680,0
Página4,20,,4939,11385,254,4639,13552,4682,0
Página4,20,,4946,11423,255,4645,13595,4681,0
Página4,20,,4942,11409,254,4646,13582,4680,0
Página4,20,,4942,11410,254,4648,13578,4680,0
Página4,20,,4940,11405,255,4650,13566,4681,0
Página4,20,,4938,11412,255,4653,13580,4680,0
Página4,20,,4944,11425,255,4653,13599,4681,0
Página4,20,,4941,11432,255,4657,13606,4682,0
Página4,20,,4928,11450,255,4661,13608,4682,0
Página4,20,,4924,11428,255,4663,13593,4682,0
Página4,20,,4922,11444,256,4667,13615,4683,0
Página4,20,,4926,11418,256,4669,13545,4682,0
Página4,20,,4930,11447,256,4670,13619,4682,0
Página4,20,,4929,11446,256,4675,13622,4683,0
Página4,20,,4944,11442,256,4675,13618,4682,0
Página4,20,,4946,11440,256,4674,13617,4682,0
Página4,20,,4944,11444,256,4675,13621,4684,0
Página4,20,,4940,11442,257,4679,13623,4683,0
Página4,20,,4944,11492,257,4684,13682,4684,0
Página4,20,,4943,11492,257,4684,13683,4683,0
Página4,20,,4863,11530,256,4688,13705,4684,0
Página4,20,,4862,11535,255,4684,13712,4684,0
Página4,20,,4863,11533,255,4688,13707,4684,0
Página4,20,,4861,11490,257,4689,13654,4685,0
Página4,20,,4859,11491,258,4689,13653,4684,0
Página4,20,,4931,11450,259,4689,13624,4683,0
Página4,20,,5031,11419,259,4694,13615,4682,0
Página4,20,,5025,11420,259,4697,13615,4682,0
Página4,20,,5044,11401,259,4698,13614,4682,0
Página4,20,,5012,11427,258,4698,13622,4683,0
Página4,20,,4958,11454,258,4706,13687,4684,0
Página4,20,,4994,11489,258,4705,13675,4683,0
Página4,20,,4996,11491,259,4709,13686,4682,0
Página4,20,,4997,11490,259,4714,13690,4677,0
Página4,20,,4999,11491,259,4716,13694,4684,0
Página4,20,,5003,11496,259,4716,13696,4685,0
Página4,20,,5021,11483,259,4715,13682,4685,0
Página4,20,,5018,11495,259,4718,13702,4685,0
Página4,20,,5011,11499,259,4719,13705,4685,0
Página4,20,,5015,11486,258,4719,13707,4686,0
Página4,20,,5047,11483,260,4722,13676,4685,0
Página4,20,,5049,11485,260,4723,13684,4686,0
Página4,20,,5048,11486,260,4727,13695,4680,0
Página4,20,,5049,11490,260,4729,13703,4681,0
Página4,20,,5049,11491,259,4730,13702,4687,0
Página4,20,,5049,11489,260,4732,13699,4686,0
Página4,20,,5049,11484,260,4733,13703,4689,0
Página4,20,,5047,11478,260,4735,13614,4681,0
Página4,20,,5047,11475,260,4739,13611,4687,0
Página4,20,,5045,11438,260,4742,13634,4687,0
Página4,20,,5044,11438,260,4743,13635,4687,0
Página4,20,,5042,11439,261,4748,13636,4687,0
Página4,20,,5040,11443,261,4750,13637,4688,0
Página4,20,,5040,11434,260,4753,13624,4687,0
Página4,20,,5038,11427,260,4752,13623,4688,0
Página4,20,,5031,11443,260,4755,13638,4687,0
Página4,20,,5063,11430,260,4756,13628,4687,0
Página4,20,,5051,11426,260,4753,13626,4688,0
Página4,20,,5048,11443,261,4763,13634,4688,0
Página4,20,,5042,11448,261,4764,13642,4688,0
Página4,20,,5039,11445,261,4766,13635,4688,0
Página4,20,,5041,11443,261,4768,13631,4688,0
Página4,20,,5042,11451,262,4771,13642,4688,0
Página4,20,,5047,11451,261,4772,13644,4689,0
Página4,20,,5036,11461,262,4775,13648,4688,0
Página4,20,,5027,11460,262,4776,13649,4688,0
Página4,20,,5054,11437,262,4780,13634,4689,0
Página4,20,,5054,11455,262,4782,13650,4688,0
Página4,20,,5056,11468,262,4781,13664,4694,0
Página4,20,,5054,11451,263,4786,13644,4689,0
Página4,20,,5052,11455,262,4787,13651,4689,0
Página4,20,,5051,11457,262,4791,13651,4689,0
Página4,20,,5047,11456,263,4793,13648,4689,0
Página4,20,,5048,11453,262,4794,13646,4689,0
Página4,20,,5047,11457,262,4793,13641,4690,0
Página4,20,,5047,11456,262,4799,13647,4690,0
Página4,20,,5046,11455,263,4797,13645,4690,0
Página4,20,,5046,11454,262,4797,13645,4690,0
Página4,20,,5041,11443,264,4803,13632,4691,0
Página4,20,,5044,11449,265,4805,13633,4690,0
Página4,20,,5042,11412,265,4808,13599,4688,0
Página4,20,,5037,11438,265,4811,13619,4689,0
Página4,20,,5038,11449,264,4816,13633,4687,0
Página4,20,,5042,11452,264,4818,13638,4687,0
Página4,20,,5039,11450,264,4815,13630,4687,0
Página4,20,,5042,11451,264,4817,13637,4687,0
Página4,20,,5048,11425,265,4817,13615,4686,0
Página4,20,,5052,11472,264,4819,13645,4689,0
Página4,20,,5050,11466,264,4822,13655,4688,0
Página4,20,,5044,11467,265,4823,13655,4687,0
Página4,20,,5046,11459,265,4825,13645,4687,0
Página4,20,,5051,11454,264,4826,13660,4688,0
Página4,20,,5050,11470,264,4827,13642,4686,0
Página4,20,,5056,11470,264,4831,13649,4688,0
Página4,20,,5056,11470,265,4832,13648,4688,0
Página4,20,,5064,11467,265,4833,13658,4683,0
Página4,20,,5064,11467,264,4834,13661,4688,0
Página4,20,,5059,11470,265,4835,13663,4688,0
Página4,20,,5061,11489,265,4835,13681,4686,0
Página4,20,,5056,11470,265,4839,13644,4689,0
Página4,20,,5053,11470,265,4843,13658,4683,0
Página4,20,,5054,11471,265,4847,13658,4689,0
Página4,20,,5054,11472,265,4845,13659,4689,0
Página4,20,,5057,11470,265,4846,13659,4688,0
Página4,20,,5057,11472,265,4851,13661,4689,0
Página4,20,,5055,11473,265,4851,13662,4689,0
Página4,20,,5059,11474,265,4853,13661,4689,0
Página4,20,,5058,11476,265,4859,13666,4691,0
Página4,20,,5058,11472,265,4856,13662,4690,0
Página4,20,,5060,11475,265,4856,13663,4691,0
Página4,20,,5057,11469,266,4860,13656,4684,0
Página4,20,,5056,11467,265,4861,13654,4690,0
Página4,20,,5056,11457,265,4862,13642,4690,0
Página4,20,,5056,11453,266,4862,13633,4690,0
Página4,20,,5054,11444,266,4866,13615,4685,0
Página4,20,,5057,11454,266,4866,13634,4690,0
Página4,20,,5057,11459,266,4867,13643,4690,0
Página4,20,,5056,11452,266,4870,13628,4690,0
Página4,20,,5055,11453,266,4869,13632,4691,0
Página4,20,,5056,11451,266,4874,13630,4690,0
Página4,20,,5058,11468,266,4876,13651,4686,0
Página4,20,,5056,11443,266,4879,13621,4691,0
Página4,20,,5056,11427,267,4883,13605,4690,0
Página4,20,,5056,11417,266,4880,13587,4690,0
Página4,20,,5057,11437,267,4886,13607,4690,0
Página4,20,,5058,11442,266,4886,13615,4690,0
Página4,20,,5057,11429,266,4883,13596,4690,0
Página4,20,,5056,11433,266,4887,13604,4689,0
Página4,20,,5057,11444,267,4889,13619,4690,0
Página4,20,,5057,11439,267,4890,13612,4690,0
Página4,20,,5058,11428,266,4890,13619,4690,0
Página4,20,,5058,11422,267,4891,13608,4691,0
Página4,20,,5062,11454,268,4890,13627,4692,0
Página4,20,,5053,11442,269,4889,13610,4690,0
Página4,20,,5066,11487,270,4887,13669,4689,0
Página4,20,,5058,11484,269,4898,13669,4688,0
Página4,20,,5064,11471,269,4902,13669,4688,0
Página4,20,,5064,11484,269,4905,13669,4688,0
Página4,20,,5064,11489,269,4908,13656,4687,0
Página4,20,,5067,11492,268,4915,13660,4688,0
Página4,20,,5065,11486,268,4912,13664,4687,0
Página4,20,,5066,11489,268,4915,13675,4681,0
Página4,20,,5067,11488,268,4915,13674,4688,0
Página4,20,,5066,11490,268,4917,13676,4688,0
Página4,20,,5066,11497,268,4919,13685,4690,0
Página4,20,,5067,11490,269,4921,13678,4685,0
Página4,20,,5066,11490,269,4922,13677,4683,0
Página4,20,,5066,11484,269,4923,13669,4689,0
Página4,20,,5063,11445,269,4923,13615,4689,0
Página4,20,,5062,11446,268,4926,13618,4689,0
Página4,20,,5063,11449,268,4927,13620,4690,0
Página4,20,,5062,11443,268,4927,13613,4690,0
Página4,20,,5061,11441,268,4929,13610,4690,0
Página4,20,,5064,11445,268,4931,13615,4691,0
Página4,20,,5067,11458,268,4932,13616,4686,0
Página4,20,,5066,11458,269,4933,13629,4692,0
Página4,20,,5064,11454,269,4935,13623,4692,0
Página4,20,,5066,11457,269,4939,13619,4691,0
Página4,20,,5069,11498,269,4941,13684,4692,0
Página4,20,,5069,11497,269,4942,13681,4692,0
Página4,20,,5069,11487,269,4944,13675,4691,0
Página4,20,,5070,11496,269,4944,13676,4692,0
Página4,20,,5071,11491,269,4947,13671,4692,0
Página4,20,,5071,11497,269,4949,13680,4692,0
Página4,20,,5071,11496,269,4950,13680,4692,0
Página4,20,,5068,11481,269,4951,13660,4693,0
Página4,20,,5070,11476,269,4949,13661,4692,0
Página4,20,,5071,11475,270,4952,13653,4693,0
Página4,20,,5072,11484,269,4955,13666,4693,0
Página4,20,,5072,11485,269,4958,13665,4693,0
Página4,20,,5072,11483,269,4955,13662,4693,0
Página4,20,,5073,11479,269,4954,13657,4693,0
Página4,20,,5073,11472,268,4953,13652,4694,0
Página4,20,,5073,11477,269,4955,13657,4694,0
Página4,20,,5074,11480,269,4955,13658,4693,0
Página4,20,,5067,11477,269,4959,13655,4694,0
Página4,20,,5074,11460,269,4959,13651,4694,0
Página4,20,,5077,11469,269,4960,13643,4694,0
Página4,20,,5072,11483,269,4961,13661,4697,0
Página4,20,,5070,11478,268,4962,13652,4695,0
Página4,20,,5070,11480,269,4964,13655,4695,0
Página4,20,,5077,11458,269,4964,13653,4694,0
Página4,20,,5079,11484,269,4968,13642,4694,0
Página4,20,,5082,11483,269,4966,13645,4695,0
Página4,20,,5075,11477,269,4970,13653,4695,0
Página4,20,,5082,11469,269,4971,13659,4695,0
Página4,20,,5082,11485,270,4973,13645,4695,0
Página4,20,,5084,11486,270,4971,13663,4695,0
Página4,20,,5083,11488,272,4962,13665,4694,0
Página4,20,,5082,11487,272,4965,13649,4693,0
Página4,20,,5082,11486,271,4975,13663,4686,0
Página4,20,,5083,11486,270,4984,13663,4691,0
Página4,20,,5083,11484,270,4981,13660,4692,0
Página4,20,,5083,11486,271,4985,13663,4693,0
Página4,20,,5084,11488,270,4984,13663,4692,0
Página4,20,,5082,11451,270,4988,13479,4692,0
Página4,20,,5084,11485,271,4991,13669,4699,0
Página4,20,,5084,11480,271,4989,13654,4693,0
Página4,20,,5084,11480,271,4992,13655,4693,0
Página4,20,,5083,11473,270,4995,13628,4693,0
Página4,20,,5080,11461,271,4996,13629,4693,0
Página4,20,,5081,11466,270,4999,13632,4693,0
Página4,20,,5082,11472,270,4998,13639,4694,0
Página4,20,,5082,11463,271,4997,13628,4694,0
Página4,20,,5081,11467,270,4997,13637,4695,0
Página4,20,,5082,11470,271,5002,13637,4695,0
Página4,20,,5082,11465,270,5003,13631,4695,0
Página4,20,,5081,11465,271,5005,13637,4696,0
Página4,20,,5084,11472,271,5007,13637,4696,0
Página4,20,,5082,11472,271,5011,13641,4695,0
Página4,20,,5081,11469,271,5013,13636,4696,0
Página4,20,,5081,11469,270,5008,13637,4695,0
Página4,20,,5080,11450,271,5009,13612,4696,0
Página4,20,,5080,11451,271,5007,13611,4697,0
Página4,20,,5080,11452,271,5011,13615,4697,0
Página4,20,,5080,11455,271,5011,13617,4697,0
Página4,20,,5080,11449,271,5016,13609,4696,0
Página4,20,,5080,11450,271,5015,13609,4697,0
Página4,20,,5081,11458,270,5015,13622,4699,0
Página4,20,,5083,11456,271,5015,13620,4697,0
Página4,20,,5081,11459,271,5018,13621,4697,0
Página4,20,,5081,11456,271,5018,13617,4697,0
Página4,20,,5081,11454,271,5019,13616,4698,0
Página4,20,,5079,11425,271,5022,13573,4696,0
Página4,20,,5063,11315,270,5019,13426,4696,0
Página4,20,,5066,11331,271,5024,13427,4696,0
Página4,20,,5067,11348,271,5030,13486,4697,0
Página4,20,,5069,11352,271,5025,13474,4696,0
Página4,20,,5064,11332,271,5026,13451,4696,0
Página4,20,,5075,11333,271,5031,13463,4692,0
Página4,20,,5074,11321,271,5034,13418,4697,0
Página4,20,,5077,11366,271,5035,13494,4698,0
Página4,20,,5070,11381,271,5035,13511,4697,0
Página4,20,,5077,11348,271,5035,13492,4696,0
Página4,20,,5071,11321,271,5036,13428,4698,0
Página4,20,,5084,11460,272,5040,13606,4697,0
Página4,20,,5086,11472,272,5042,13619,4698,0
Página4,20,,5087,11482,272,5044,13652,4692,0
Página4,20,,5088,11486,272,5045,13656,4698,0
Página4,20,,5089,11488,272,5047,13660,4698,0
Página4,20,,5087,11470,272,5045,13643,4700,0
Página4,20,,5088,11473,274,5038,13639,4699,0
Página4,20,,5090,11475,275,5029,13643,4698,0
Página4,20,,5089,11483,275,5033,13669,4697,0
Página4,20,,5090,11495,274,5047,13654,4696,0
Página4,20,,5090,11495,274,5051,13669,4690,0
Página4,20,,5091,11497,273,5056,13672,4695,0
Página4,20,,5091,11496,274,5056,13671,4695,0
Página4,20,,5091,11501,274,5056,13674,4697,0
Página4,20,,5092,11505,273,5061,13679,4698,0
Página4,20,,5091,11482,274,5067,13670,4696,0
Página4,20,,5092,11482,274,5068,13668,4696,0
Página4,20,,5092,11495,274,5069,13650,4696,0
Página4,20,,5093,11498,273,5068,13669,4690,0
Página4,20,,5094,11500,274,5075,13673,4691,0
Página4,20,,5098,11546,274,5072,13734,4691,0
Página4,20,,5098,11535,275,5065,13743,4697,0
Página4,20,,5099,11552,274,5071,13744,4697,0
Página4,20,,5098,11555,274,5072,13747,4697,0
Página4,20,,5099,11553,274,5074,13746,4698,0
Página4,20,,5098,11550,274,5076,13742,4697,0
Página4,20,,5098,11549,274,5079,13740,4698,0
Página4,20,,5100,11549,274,5076,13741,4698,0
Página4,20,,5100,11554,274,5081,13743,4697,0
Página4,20,,5101,11557,274,5087,13749,4699,0
Página4,20,,5101,11554,275,5084,13744,4698,0
Página4,20,,5101,11554,275,5091,13745,4698,0
Página4,20,,5101,11552,275,5093,13740,4699,0
Página4,20,,5091,11508,274,5093,13681,4699,0
Página4,20,,5096,11506,275,5095,13697,4699,0
Página4,20,,5100,11534,274,5088,13713,4699,0
Página4,20,,5100,11540,275,5096,13726,4699,0
Página4,20,,5100,11546,274,5097,13735,4700,0
Página4,20,,5094,11544,274,5098,13730,4700,0
Página4,20,,5094,11537,275,5101,13725,4699,0
Página4,20,,5106,11538,275,5102,13728,4703,0
Página4,20,,5098,11511,275,5100,13682,4699,0
Página4,20,,5094,11537,275,5103,13722,4700,0
Página4,20,,5100,11526,276,5103,13723,4699,0
Página4,20,,5100,11533,275,5104,13710,4700,0
Página4,20,,5100,11530,275,5105,13694,4693,0
Página4,20,,5098,11502,275,5104,13678,4694,0
Página4,20,,5100,11531,275,5106,13711,4694,0
Página4,20,,5100,11536,275,5108,13720,4700,0
Página4,20,,5102,11550,275,5110,13737,4701,0
Página4,20,,5102,11548,275,5111,13732,4700,0
Página4,20,,5102,11546,275,5106,13732,4702,0
Página4,20,,5099,11548,275,5112,13733,4702,0
Página4,20,,5103,11546,275,5112,13730,4700,0
Página4,20,,5102,11543,275,5114,13729,4699,0
Página4,20,,5103,11543,275,5116,13728,4700,0
Página4,20,,5101,11545,275,5118,13730,4700,0
Página4,20,,5101,11544,275,5115,13727,4700,0
Página4,20,,5103,11544,276,5119,13725,4700,0
Página4,20,,5102,11542,276,5117,13725,4700,0
Página4,20,,5105,11542,276,5119,13726,4700,0
Página4,20,,5105,11540,277,5114,13721,4700,0
Página4,20,,5104,11542,277,5097,13724,4701,0
Página4,20,,5104,11525,278,5099,13702,4698,0
Página4,20,,5105,11525,276,5109,13699,4697,0
Página4,20,,5103,11526,276,5116,13703,4697,0
Página4,20,,5104,11522,277,5119,13698,4697,0
Página4,20,,5104,11526,276,5122,13702,4696,0
Página4,20,,5103,11517,276,5126,13672,4696,0
Página4,20,,5085,11340,277,5127,13470,4695,0
Página4,20,,5094,11393,276,5124,13538,4695,0
Página4,20,,5104,11532,276,5128,13708,4692,0
Página4,20,,5107,11531,277,5134,13710,4696,0
Página4,20,,5102,11539,276,5131,13720,4696,0
Página4,20,,5109,11519,276,5135,13711,4696,0
Página4,20,,5110,11533,276,5135,13693,4696,0
Página4,20,,5110,11540,276,5136,13708,4697,0
Página4,20,,5110,11541,276,5137,13721,4690,0
Página4,20,,5110,11540,276,5139,13719,4697,0
Página4,20,,5110,11538,276,5140,13715,4696,0
Página4,20,,5110,11540,276,5139,13719,4696,0
Página4,20,,5109,11540,276,5139,13718,4699,0
Página4,20,,5110,11542,276,5140,13720,4697,0
Página4,20,,5108,11538,277,5144,13713,4697,0
Página4,20,,5109,11540,276,5150,13717,4697,0
Página4,20,,5112,11547,277,5154,13722,4699,0
Página4,20,,5109,11542,277,5146,13721,4699,0
Página4,20,,5110,11544,277,5149,13722,4698,0
Página4,20,,5109,11542,276,5149,13719,4698,0
Página4,20,,5109,11545,276,5152,13721,4699,0
Página4,20,,5109,11542,277,5151,13721,4698,0
Página4,20,,5109,11543,276,5152,13719,4698,0
Página4,20,,5110,11551,276,5153,13732,4699,0
Página4,20,,5111,11541,277,5150,13722,4694,0
Página4,20,,5111,11545,277,5152,13722,4698,0
Página4,20,,5110,11546,276,5152,13725,4698,0
Página4,20,,5112,11548,277,5153,13723,4697,0
Página4,20,,5112,11546,276,5154,13725,4698,0
Página4,20,,5112,11542,276,5162,13716,4698,0
Página4,20,,5111,11538,276,5158,13712,4698,0
Página4,20,,5112,11538,276,5158,13713,4698,0
Página4,20,,5111,11537,277,5157,13710,4698,0
Página4,20,,5112,11539,276,5157,13717,4698,0
Página4,20,,5114,11546,277,5160,13718,4699,0
Página4,20,,5113,11540,277,5156,13713,4698,0
Página4,20,,5108,11492,276,5159,13651,4697,0
Página4,20,,5109,11499,277,5159,13659,4697,0
Página4,20,,5109,11500,276,5161,13659,4697,0
Página4,20,,5102,11500,277,5162,13660,4697,0
Página4,20,,5109,11502,276,5175,13663,4698,0
Página4,20,,5104,11507,276,5167,13668,4699,0
Página4,20,,5110,11503,277,5165,13661,4693,0
Página4,20,,5111,11502,277,5168,13661,4698,0
Página4,20,,5115,11537,277,5171,13660,4697,0
Página4,20,,5106,11511,277,5170,13675,4703,0
Página4,20,,5111,11501,277,5170,13660,4698,0
Página4,20,,5114,11546,278,5160,13720,4694,0
Página4,20,,5102,11524,279,5143,13696,4688,0
Página4,20,,5101,11526,278,5145,13697,4684,0
Página4,20,,5100,11529,277,5156,13698,4683,0
Página4,20,,5101,11527,277,5164,13698,4682,0
Página4,20,,5101,11526,277,5167,13702,4681,0
Página4,20,,5102,11531,277,5168,13698,4681,0
Página4,20,,5101,11525,277,5169,13696,4681,0
Página4,20,,5100,11521,278,5173,13688,4680,0
Página4,20,,5100,11514,277,5173,13678,4680,0
Página4,20,,5099,11512,277,5177,13684,4679,0
Página4,20,,5095,11517,277,5179,13691,4681,0
Página4,20,,5096,11524,276,5183,13694,4681,0
Página4,20,,5184,11712,279,5194,13918,4759,0
Página4,20,,5200,11703,280,5197,13922,4770,0
Página4,20,,5209,11723,280,5199,13909,4778,0
Página4,20,,5220,11718,281,5202,13919,4785,0
Página4,20,,5229,11734,280,5207,13936,4794,0
Página4,20,,5238,11728,281,5212,13947,4803,0
Página4,20,,5245,11749,280,5205,13951,4817,0
Página4,20,,5253,11754,281,5207,13956,4827,0
Página4,20,,5262,11756,282,5211,13959,4835,0
Página4,20,,5267,11767,281,5207,13971,4842,0
Página4,20,,5274,11770,281,5207,13974,4851,0
Página4,20,,5283,11779,281,5202,13978,4858,0
Página4,20,,5274,11694,281,5206,13911,4864,0
Página4,20,,5287,11740,282,5210,13924,4870,0
Página4,20,,5293,11745,282,5207,13930,4876,0
Página4,20,,5300,11747,283,5202,13934,4887,0
Página4,20,,5307,11752,282,5207,13935,4891,0
Página4,20,,5308,11751,282,5207,13934,4896,0
Página4,20,,5312,11752,282,5209,13932,4900,0
Página4,20,,5316,11755,282,5211,13931,4904,0
Página4,20,,5320,11819,282,5214,14017,4909,0
Página4,20,,5330,11820,282,5213,14029,4914,0
Página4,20,,5333,11829,283,5217,14033,4917,0
Página4,20,,5336,11831,282,5217,14033,4921,0
Página4,20,,5340,11832,282,5218,14035,4925,0
Página4,20,,5335,11831,283,5218,14034,4928,0
Página4,20,,5347,11823,283,5222,14039,4932,0
Página4,20,,5342,11836,283,5221,14038,4935,0
Página4,20,,5345,11838,284,5223,14044,4941,0
Página4,20,,5353,11835,284,5222,14032,4943,0
Página4,20,,5354,11839,284,5225,14040,4945,0
Página4,20,,5356,11838,283,5227,14038,4947,0
Página4,20,,5359,11842,283,5229,14040,4950,0
Página4,20,,5352,11840,283,5230,14041,4952,0
Página4,20,,5354,11844,283,5231,14044,4953,0
Página4,20,,5362,11830,284,5233,14037,4956,0
Página4,20,,5363,11843,283,5235,14025,4958,0
Página4,20,,5363,11844,283,5237,14044,4955,0
Página4,20,,5368,11834,284,5235,14046,4965,0
Página4,20,,5365,11842,284,5237,14023,4965,0
Página4,20,,5366,11844,283,5231,14040,4960,0
Página4,20,,5368,11843,286,5201,14039,4971,0
Página4,20,,5368,11858,286,5197,14023,4973,0
Página4,20,,5367,11865,285,5216,14009,4972,0
Página4,20,,5368,11860,284,5217,13998,4973,0
Página4,20,,5368,11861,285,5222,14000,4975,0
Página4,20,,5363,11801,285,5228,14025,4974,0
Página4,20,,5365,11813,284,5235,14019,4974,0
Página4,20,,5365,11815,284,5232,14017,4975,0
Página4,20,,5366,11817,283,5236,14011,4976,0
Página4,20,,5366,11798,284,5239,14001,4974,0
Página4,20,,5368,11813,284,5236,14006,4978,0
Página4,20,,5366,11810,284,5235,13992,4978,0
Página4,20,,5367,11811,284,5238,13989,4979,0
Página4,20,,5366,11810,284,5240,13988,4980,0
Página4,20,,5367,11813,284,5240,13987,4978,0
Página4,20,,5368,11821,283,5243,13995,4980,0
Página4,20,,5368,11818,284,5226,13992,4981,0
Página4,20,,5365,11817,284,5210,13988,4979,0
Página4,20,,5361,11817,284,5209,13989,4981,0
Página4,20,,5368,11802,284,5212,13987,4981,0
Página4,20,,5370,11817,284,5213,13967,4982,0
Página4,20,,5369,11820,284,5212,13992,4982,0
Página4,20,,5368,11817,284,5214,13985,4983,0
Página4,20,,5361,11813,284,5215,13981,4982,0
Página4,20,,5368,11804,283,5212,13987,4983,0
Página4,20,,5368,11825,284,5212,13974,4984,0
Página4,20,,5369,11820,284,5212,13987,4978,0
Página4,20,,5368,11809,283,5211,13976,4978,0
Página4,20,,5367,11810,283,5210,13976,4985,0
Página4,20,,5366,11807,283,5212,13970,4984,0
Página4,20,,5366,11807,283,5212,13968,4985,0
Página4,20,,5368,11808,283,5211,13973,4985,0
Página4,20,,5361,11765,283,5214,13921,4986,0
Página4,20,,5365,11806,284,5216,13963,4985,0
Página4,20,,5365,11811,284,5215,13970,4986,0
Página4,20,,5365,11811,284,5214,13973,4986,0
Página4,20,,5366,11807,284,5219,13969,4984,0
Página4,20,,5365,11815,283,5216,13983,4985,0
Página4,20,,5364,11808,283,5221,13969,4985,0
Página4,20,,5364,11810,283,5220,13972,4985,0
Página4,20,,5364,11809,284,5218,13967,4986,0
Página4,20,,5363,11807,284,5220,13966,4986,0
Página4,20,,5365,11815,283,5219,13967,4985,0
Página4,20,,5363,11808,284,5220,13958,4985,0
Página4,20,,5360,11790,283,5220,13941,4984,0
Página4,20,,5361,11801,284,5221,13961,4986,0
Página4,20,,5361,11807,283,5222,13965,4984,0
Página4,20,,5361,11808,283,5220,13966,4985,0
Página4,20,,5362,11802,283,5217,13962,4984,0
Página4,20,,5360,11806,283,5222,13960,4985,0
Página4,20,,5360,11804,283,5222,13966,4983,0
Página4,20,,5353,11808,283,5218,13968,4983,0
Página4,20,,5360,11792,283,5220,13965,4984,0
Página4,20,,5352,11803,282,5218,13952,4982,0
Página4,20,,5358,11808,283,5218,13964,4985,0
Página4,20,,5358,11800,284,5207,13954,4985,0
Página4,20,,5356,11802,285,5193,13961,4985,0
Página4,20,,5355,11798,284,5193,13953,4981,0
Página4,20,,5354,11798,284,5205,13955,4979,0
Página4,20,,5354,11799,284,5214,13956,4980,0
Página4,20,,5354,11801,284,5210,13958,4978,0
Página4,20,,5354,11801,283,5213,13960,4980,0
Página4,20,,5354,11795,283,5212,13952,4979,0
Página4,20,,5353,11798,283,5212,13955,4979,0
Página4,20,,5346,11797,283,5220,13953,4980,0
Página4,20,,5352,11784,284,5220,13954,4979,0
Página4,20,,5354,11798,283,5220,13937,4979,0
Página4,20,,5352,11798,283,5219,13938,4979,0
Página4,20,,5352,11797,283,5223,13936,4980,0
Página4,20,,5351,11792,283,5221,13947,4973,0
Página4,20,,5351,11794,283,5222,13948,4979,0
Página4,20,,5351,11793,283,5224,13946,4978,0
Página4,20,,5353,11793,283,5223,13940,4978,0
Página4,20,,5350,11791,283,5225,13943,4973,0
Página4,20,,5349,11757,283,5225,13940,4978,0
Página4,20,,5349,11784,283,5224,13936,4978,0
Página4,20,,5347,11778,283,5226,13929,4976,0
Página4,20,,5348,11784,283,5227,13927,4976,0
Página4,20,,5348,11771,282,5226,13923,4976,0
Página4,20,,5348,11778,283,5228,13923,4975,0
Página4,20,,5347,11778,283,5227,13925,4976,0
Página4,20,,5347,11776,283,5224,13920,4975,0
Página4,20,,5348,11774,283,5223,13913,4974,0
Página4,20,,5347,11784,283,5222,13878,4972,0
Página4,20,,5350,11810,282,5212,13904,4975,0
Página4,20,,5350,11821,283,5220,13914,4975,0
Página4,20,,5349,11822,282,5219,13915,4973,0
Página4,20,,5350,11825,282,5220,13918,4974,0
Página4,20,,5351,11824,283,5216,13916,4974,0
Página4,20,,5350,11820,282,5222,13916,4974,0
Página4,20,,5351,11821,283,5225,13917,4974,0
Página4,20,,5349,11825,283,5225,13918,4973,0
Página4,20,,5349,11822,283,5227,13918,4973,0
Página4,20,,5350,11820,283,5230,13907,4972,0
Página4,20,,5349,11823,283,5227,13915,4972,0
Página4,20,,5347,11816,284,5222,13920,4972,0
Página4,20,,5346,11814,283,5224,13912,4972,0
Página4,20,,5345,11818,283,5227,13919,4970,0
Página4,20,,5341,11784,283,5226,13933,4970,0
Página4,20,,5335,11788,283,5225,13937,4970,0
Página4,20,,5334,11774,283,5221,13943,4969,0
Página4,20,,5339,11785,283,5223,13936,4969,0
Página4,20,,5330,11689,282,5223,13984,4968,0
Página4,20,,5328,11669,282,5224,13996,4968,0
Página4,20,,5321,11662,282,5224,14001,4967,0
Página4,20,,5329,11646,282,5224,14003,4968,0
Página4,20,,5338,11758,282,5229,13940,4967,0
Página4,20,,5338,11772,282,5233,13942,4967,0
Página4,20,,5340,11786,282,5233,13922,4966,0
Página4,20,,5338,11784,284,5249,13942,4967,0
Página4,20,,5330,11741,285,5227,13889,4965,0
Página4,20,,5321,11738,284,5219,13889,4963,0
Página4,20,,5332,11778,284,5241,13954,4961,0
Página4,20,,5325,11791,284,5251,13957,4961,0
Página4,20,,5332,11773,283,5256,13953,4960,0
Página4,20,,5332,11786,283,5261,13935,4960,0
Página4,20,,5330,11775,284,5261,13920,4959,0
Página4,20,,5328,11777,284,5265,13941,4952,0
Página4,20,,5328,11779,283,5261,13940,4960,0
Página4,20,,5327,11769,283,5261,13919,4959,0
Página4,20,,5327,11771,283,5263,13932,4951,0
Página4,20,,5325,11769,284,5264,13930,4958,0
Página4,20,,5322,11770,283,5265,13928,4957,0
Página4,20,,5325,11775,283,5266,13931,4958,0
Página4,20,,5326,11770,283,5262,13924,4959,0
Página4,20,,5324,11764,283,5266,13922,4957,0
Página4,20,,5323,11760,283,5265,13914,4957,0
Página4,20,,5320,11756,283,5267,13910,4956,0
Página4,20,,5320,11755,283,5266,13907,4955,0
Página4,20,,5317,11757,282,5266,13904,4956,0
Página4,20,,5318,11752,282,5266,13896,4958,0
Página4,20,,5314,11749,282,5268,13899,4950,0
Página4,20,,5153,11819,281,5272,13935,4957,0
Página4,20,,5135,11113,279,5245,13051,4954,0
Página4,20,,5127,11371,279,5244,13344,4954,0
Página4,20,,5136,11547,281,5271,13569,4956,0
Página4,20,,5135,11549,281,5265,13576,4955,0
Página4,20,,5137,11554,281,5269,13580,4954,0
Página4,20,,5133,11513,281,5270,13546,4954,0
Página4,20,,5133,11540,281,5271,13553,4953,0
Página4,20,,5130,11509,281,5271,13555,4955,0
Página4,20,,5130,11504,281,5270,13520,4949,0
Página4,20,,5128,11483,281,5276,13503,4953,0
Página4,20,,5128,11498,281,5275,13514,4952,0
Página4,20,,5128,11501,281,5276,13522,4952,0
Página4,20,,5130,11528,281,5273,13549,4952,0
Página4,20,,5130,11513,281,5282,13528,4953,0
Página4,20,,5129,11520,281,5274,13545,4952,0
Página4,20,,5100,11524,279,5257,13543,4953,0
Página4,20,,5132,11557,281,5276,13595,4952,0
Página4,20,,5134,11556,281,5279,13591,4952,0
Página4,20,,5135,11525,281,5275,13557,4959,0
Página4,20,,5131,11537,282,5277,13572,4953,0
Página4,20,,5130,11533,281,5277,13563,4953,0
Página4,20,,5135,11517,281,5283,13541,4954,0
Página4,20,,5138,11642,281,5274,13665,4953,0
Página4,20,,5142,11752,282,5282,13908,4954,0
Página4,20,,5145,11789,282,5282,13913,4953,0
Página4,20,,5145,11789,282,5284,13910,4953,0
Página4,20,,5148,11742,282,5282,13849,4952,0
Página4,20,,5142,11749,282,5281,13904,4952,0
Página4,20,,5145,11805,282,5288,13930,4952,0
Página4,20,,5148,11800,282,5283,13851,4952,0
Página4,20,,5147,11815,282,5286,13943,4953,0
Página4,20,,5148,11825,283,5277,13943,4953,0
Página4,20,,5149,11832,285,5268,13954,4952,0
Página4,20,,5150,11827,284,5265,13963,4951,0
Página4,20,,5149,11827,284,5272,13961,4950,0
Página4,20,,5148,11824,283,5279,13960,4949,0
Página4,20,,5150,11824,283,5278,13957,4949,0
Página4,20,,5151,11829,282,5288,13965,4950,0
Página4,20,,5150,11829,282,5283,13961,4948,0
Página4,20,,5149,11825,282,5283,13952,4949,0
Página4,20,,5150,11828,282,5283,13958,4949,0
Página4,20,,5149,11825,282,5289,13952,4949,0
Página4,20,,5153,11830,282,5286,13960,4950,0
Página4,20,,5151,11826,283,5288,13956,4952,0
Página4,20,,5149,11831,283,5286,13954,4949,0
Página4,20,,5148,11828,283,5289,13947,4950,0
Página4,20,,5148,11827,282,5290,13946,4949,0
Página4,20,,5149,11823,282,5294,13939,4949,0
Página4,20,,5147,11818,282,5288,13937,4950,0
Página4,20,,5150,11865,282,5291,13997,4949,0
Página4,20,,5148,11849,282,5292,13976,4949,0
Página4,20,,5148,11859,282,5291,13986,4949,0
Página4,20,,5149,11857,282,5290,13986,4949,0
Página4,20,,5329,11770,284,5289,13926,4950,0
Página4,20,,5469,11710,286,5284,13900,4948,0
Página4,20,,5470,11721,285,5282,13908,4948,0
Página4,20,,5471,11727,284,5281,13907,4947,0
Página4,20,,5471,11729,285,5286,13908,4948,0
Página4,20,,5467,11731,284,5284,13905,4949,0
Página4,20,,5468,11731,284,5291,13904,4949,0
Página4,20,,5463,11707,283,5287,13886,4948,0
Página4,20,,5465,11731,284,5287,13903,4948,0
Página4,20,,5455,11732,283,5287,13900,4948,0
Página4,20,,5460,11714,283,5278,13900,4948,0
Página4,20,,5461,11736,283,5278,13885,4948,0
Página4,20,,5458,11729,283,5277,13896,4950,0
Página4,20,,5457,11727,283,5278,13894,4950,0
Página4,20,,5449,11728,282,5278,13897,4949,0
Página4,20,,5448,11644,283,5278,13936,4950,0
Página4,20,,5451,11674,282,5276,13936,4952,0
Página4,20,,5450,11680,282,5279,13926,4951,0
Página4,20,,5449,11679,282,5280,13922,4951,0
Página4,20,,5450,11685,282,5278,13919,4950,0
Página4,20,,5441,11688,283,5280,13920,4951,0
Página4,20,,5448,11674,282,5281,13919,4951,0
Página4,20,,5452,11702,283,5280,13896,4951,0
Página4,20,,5444,11714,283,5282,13907,4952,0
Página4,20,,5447,11718,282,5284,13908,4952,0
Página4,20,,5452,11704,282,5282,13907,4951,0
Página4,20,,5452,11716,282,5284,13892,4952,0
Página4,20,,5452,11723,282,5290,13900,4950,0
Página4,20,,5453,11722,282,5284,13903,4948,0
Página4,20,,5453,11722,282,5288,13902,4953,0
Página4,20,,5450,11694,282,5285,13860,4953,0
Página4,20,,5450,11696,282,5287,13866,4953,0
Página4,20,,5451,11699,283,5282,13867,4953,0
Página4,20,,5443,11696,284,5274,13864,4953,0
Página4,20,,5451,11729,285,5271,13911,4953,0
Página4,20,,5459,11768,285,5270,13960,4952,0
Página4,20,,5458,11770,284,5275,13959,4950,0
Página4,20,,5458,11769,283,5277,13960,4951,0
Página4,20,,5458,11771,283,5280,13960,4951,0
Página4,20,,5458,11770,283,5280,13961,4950,0
Página4,20,,5458,11771,283,5283,13961,4951,0
Página4,20,,5464,11810,283,5281,13940,4952,0
Página4,20,,5459,11776,282,5285,13953,4952,0
Página4,20,,5459,11774,283,5285,13955,4951,0
Página4,20,,5459,11777,282,5285,13949,4951,0
Página4,20,,5458,11771,282,5287,13951,4951,0
Página4,20,,5450,11665,283,5292,14009,4951,0
Página4,20,,5462,11796,283,5287,13941,4952,0
Página4,20,,5458,11767,283,5289,13956,4952,0
Página4,20,,5457,11770,283,5289,13954,4951,0
Página4,20,,5457,11775,283,5291,13953,4951,0
Página4,20,,5455,11769,282,5290,13953,4952,0
Página4,20,,5452,11755,282,5288,13934,4952,0
Página4,20,,5457,11789,282,5291,13973,4952,0
Página4,20,,5456,11791,282,5286,13975,4952,0
Página4,20,,5453,11782,281,5285,13973,4952,0
Página4,20,,5449,11790,282,5293,13976,4951,0
Página4,20,,5454,11791,282,5294,13972,4952,0
Página4,20,,5455,11789,283,5295,13975,4952,0
Página4,20,,5455,11792,283,5296,13977,4952,0
Página4,20,,5455,11791,283,5299,13976,4952,0
Página4,20,,5447,11790,282,5302,13978,4952,0
Página4,20,,5452,11800,282,5297,13981,4954,0
Página4,20,,5453,11781,282,5300,13982,4948,0
Página4,20,,5450,11781,282,5300,13979,4952,0
Página4,20,,5447,11771,282,5296,13973,4952,0
Página4,20,,5443,11792,281,5295,13955,4952,0
Página4,20,,5431,11795,281,5298,13972,4951,0
Página4,20,,5427,11804,282,5301,13984,4950,0
Página4,20,,5409,11817,282,5298,13981,4953,0
Página4,20,,5482,11760,283,5302,13961,4951,0
Página4,20,,5483,11779,282,5300,13964,4946,0
Página4,20,,5482,11769,282,5300,13965,4952,0
Página4,20,,5481,11769,281,5296,13964,4952,0
Página4,20,,5481,11760,282,5294,13957,4952,0
Página4,20,,5482,11769,281,5295,13957,4952,0
Página4,20,,5480,11767,281,5289,13954,4952,0
Página4,20,,5479,11763,282,5298,13957,4952,0
Página4,20,,5479,11769,281,5282,13910,4943,0
Página4,20,,5478,11764,281,5293,13967,4953,0
Página4,20,,5479,11772,281,5293,13961,4953,0
Página4,20,,5478,11770,282,5298,13971,4952,0
Página4,20,,5479,11771,281,5299,13965,4952,0
Página4,20,,5479,11771,282,5301,13964,4952,0
Página4,20,,5478,11771,282,5306,13962,4952,0
Página4,20,,5479,11774,282,5305,13963,4952,0
Página4,20,,5478,11768,282,5304,13953,4952,0
Página4,20,,5477,11766,283,5295,13954,4948,0
Página4,20,,5476,11748,284,5280,13936,4952,0
Página4,20,,5475,11756,284,5283,13938,4950,0
Página4,20,,5474,11760,283,5288,13943,4949,0
Página4,20,,5474,11761,282,5292,13945,4948,0
Página4,20,,5474,11760,282,5294,13953,4949,0
Página4,20,,5475,11757,282,5301,13943,4949,0
Página4,20,,5475,11766,282,5297,13953,4949,0
Página4,20,,5476,11769,281,5294,13956,4948,0
Página4,20,,5475,11767,281,5291,13954,4948,0
Página4,20,,5475,11765,281,5293,13957,4949,0
Página4,20,,5478,11760,281,5291,13965,4950,0
Página4,20,,5474,11749,282,5293,13966,4949,0
Página4,20,,5474,11745,281,5294,13964,4949,0
Página4,20,,5475,11747,281,5296,13964,4949,0
Página4,20,,5474,11745,281,5295,13959,4948,0
Página4,20,,5472,11731,281,5291,13944,4950,0
Página4,20,,5472,11724,280,5298,13928,4949,0
Página4,20,,5469,11706,280,5289,13925,4948,0
Página4,20,,5468,11744,281,5292,13957,4949,0
Página4,20,,5474,11727,280,5291,13951,4948,0
Página4,20,,5474,11727,280,5290,13952,4949,0
Página4,20,,5474,11745,280,5290,13941,4949,0
Página4,20,,5469,11745,280,5291,13954,4951,0
Página4,20,,5474,11737,281,5287,13943,4950,0
Página4,20,,5473,11728,280,5287,13932,4950,0
Página4,20,,5476,11750,280,5291,13962,4950,0
Página4,20,,5470,11752,280,5295,13963,4949,0
Página4,20,,5479,11755,280,5295,13965,4950,0
Página4,20,,5477,11764,280,5293,13959,4950,0
Página4,20,,5478,11761,280,5297,13955,4950,0
Página4,20,,5468,11743,280,5294,13930,4950,0
Página4,20,,5475,11733,280,5294,13929,4950,0
Página4,20,,5477,11735,280,5297,13938,4951,0
Página4,20,,5475,11731,280,5295,13926,4950,0
Página4,20,,5476,11733,280,5296,13907,4950,0
Página4,20,,5476,11747,280,5293,13911,4950,0
Página4,20,,5475,11740,280,5294,13921,4945,0
Página4,20,,5475,11734,280,5294,13929,4952,0
Página4,20,,5477,11735,280,5297,13900,4952,0
Página4,20,,5476,11745,280,5301,13926,4944,0
Página4,20,,5475,11746,280,5296,13929,4950,0
Página4,20,,5476,11743,279,5294,13919,4951,0
Página4,20,,5475,11741,279,5296,13921,4951,0
Página4,20,,5475,11740,280,5296,13923,4952,0
Página4,20,,5476,11750,279,5293,13936,4951,0
Página4,20,,5477,11749,280,5294,13939,4951,0
Página4,20,,5476,11750,280,5291,13937,4951,0
Página4,20,,5476,11753,280,5297,13939,4951,0
Página4,20,,5472,11748,280,5301,13942,4952,0
Página4,20,,5479,11772,280,5292,13961,4952,0
Página4,20,,5479,11772,279,5297,13964,4952,0
Página4,20,,5480,11774,279,5294,13968,4951,0
Página4,20,,5479,11775,280,5296,13968,4952,0
Página4,20,,5478,11770,280,5292,13963,4953,0
Página4,20,,5479,11771,281,5293,13979,4955,0
Página4,20,,5476,11767,283,5280,13964,4952,0
Página4,20,,5471,11727,282,5276,13903,4952,0
Página4,20,,5471,11729,281,5284,13904,4951,0
Página4,20,,5476,11779,281,5292,13970,4951,0
Página4,20,,5477,11785,281,5292,13976,4949,0
Página4,20,,5470,11785,281,5294,13974,4949,0
Página4,20,,5475,11781,281,5293,13973,4951,0
Página4,20,,5479,11769,281,5294,13951,4945,0
Página4,20,,5477,11777,280,5292,13965,4951,0
Página4,20,,5476,11779,280,5288,13966,4951,0
Página4,20,,5470,11779,279,5286,13964,4950,0
Página4,20,,5477,11761,279,5297,13960,4951,0
Página4,20,,5480,11782,280,5300,13948,4951,0
Página4,20,,5477,11776,280,5296,13959,4951,0
Página4,20,,5473,11781,280,5295,13962,4951,0
Página4,20,,5479,11781,280,5300,13962,4951,0
Página4,20,,5478,11778,280,5302,13959,4951,0
Página4,20,,5478,11771,280,5298,13954,4952,0
Página4,20,,5472,11770,279,5301,13949,4952,0
Página4,20,,5473,11754,280,5300,13948,4951,0
Página4,20,,5471,11763,279,5301,13939,4951,0
Página4,20,,5478,11749,279,5301,13938,4951,0
Página4,20,,5477,11759,279,5300,13915,4951,0
Página4,20,,5482,11774,280,5298,13953,4947,0
Página4,20,,5458,11669,279,5289,13896,4952,0
Página4,20,,5477,11743,279,5293,13931,4951,0
Página4,20,,5478,11763,279,5295,13922,4952,0
Página4,20,,5478,11761,279,5298,13936,4948,0
Página4,20,,5478,11758,279,5294,13931,4949,0
Página4,20,,5478,11755,279,5298,13919,4950,0
Página4,20,,5481,11756,279,5293,13930,4952,0
Página4,20,,5481,11754,279,5291,13922,4953,0
Página4,20,,5482,11763,279,5292,13937,4953,0
Página4,20,,5485,11786,279,5293,13971,4954,0
Página4,20,,5486,11779,279,5293,13959,4955,0
Página4,20,,5487,11784,278,5288,13967,4954,0
Página4,20,,5487,11786,279,5290,13968,4954,0
Página4,20,,5487,11784,278,5292,13964,4954,0
Página4,20,,5488,11785,279,5290,13968,4954,0
Página4,20,,5488,11783,278,5286,13968,4956,0
Página4,20,,5489,11784,278,5290,13963,4955,0
Página4,20,,5488,11776,278,5286,13953,4956,0
Página4,20,,5490,11794,278,5293,13977,4955,0
Página4,20,,5488,11802,279,5292,13991,4956,0
Página4,20,,5489,11805,279,5289,13993,4955,0
Página4,20,,5490,11808,278,5285,13997,4957,0
Página4,20,,5493,11814,278,5286,14002,4957,0
Página4,20,,5490,11812,279,5286,14001,4956,0
Página4,20,,5491,11813,279,5287,14000,4956,0
Página4,20,,5491,11811,278,5292,14002,4956,0
Página4,20,,5491,11812,279,5290,14002,4957,0
Página4,20,,5492,11816,278,5290,14008,4957,0
Página4,20,,5492,11815,278,5290,14004,4957,0
Página4,20,,5493,11816,280,5280,14006,4957,0
Página4,20,,5492,11815,281,5263,14006,4957,0
Página4,20,,5499,11813,281,5270,14003,4955,0
Página4,20,,5497,11813,280,5276,14000,4954,0
Página4,20,,5497,11812,279,5280,14002,4954,0
Página4,20,,5495,11805,279,5280,13994,4954,0
Página4,20,,5491,11810,279,5286,13998,4955,0
Página4,20,,5493,11809,279,5283,13999,4954,0
Página4,20,,5493,11811,278,5280,13995,4952,0
Página4,20,,5498,11795,278,5282,13998,4953,0
Página4,20,,5498,11796,279,5286,13999,4952,0
Página4,20,,5502,11817,278,5284,13989,4954,0
Página4,20,,5499,11804,279,5282,13988,4953,0
Página4,20,,5492,11812,278,5283,14000,4953,0
Página4,20,,5490,11813,278,5284,13994,4953,0
Página4,20,,5499,11796,278,5283,13989,4953,0
Página4,20,,5499,11812,278,5279,13979,4953,0
Página4,20,,5500,11810,277,5279,13973,4954,0
Página4,20,,5499,11812,279,5289,13976,4953,0
Página4,20,,5498,11796,278,5291,13975,4948,0
Página4,20,,5500,11811,279,5293,13990,4954,0
Página4,20,,5500,11809,279,5291,13991,4953,0
Página4,20,,5502,11813,278,5289,13991,4954,0
Página4,20,,5500,11805,278,5289,13984,4948,0
Página4,20,,5498,11790,278,5293,13954,4955,0
Página4,20,,5499,11805,278,5287,13983,4954,0
Página4,20,,5498,11783,278,5286,13941,4954,0
Página4,20,,5499,11810,278,5286,13992,4954,0
Página4,20,,5499,11793,278,5288,13978,4955,0
Página4,20,,5500,11808,278,5287,13985,4954,0
Página4,20,,5500,11807,278,5287,13984,4955,0
Página4,20,,5501,11808,278,5285,13984,4956,0
Página4,20,,5501,11805,278,5290,13982,4955,0
Página4,20,,5501,11803,278,5285,13980,4956,0
Página4,20,,5504,11810,278,5281,13981,4958,0
Página4,20,,5500,11788,278,5281,13965,4956,0
Página4,20,,5501,11805,278,5284,13980,4949,0
Página4,20,,5501,11800,278,5284,13974,4955,0
Página4,20,,5502,11806,278,5283,13984,4958,0
Página4,20,,5498,11791,278,5288,13945,4951,0
Página4,20,,5502,11797,278,5286,13971,4950,0
Página4,20,,5495,11753,278,5290,13981,4952,0
Página4,20,,5502,11799,278,5288,13973,4956,0
Página4,20,,5503,11796,278,5285,13961,4956,0
Página4,20,,5504,11799,277,5285,13973,4957,0
Página4,20,,5497,11795,278,5286,13964,4956,0
Página4,20,,5501,11783,278,5285,13945,4956,0
Página4,20,,5497,11757,277,5287,13915,4956,0
Página4,20,,5496,11750,277,5286,13906,4956,0
Página4,20,,5491,11715,277,5285,13866,4957,0
Página4,20,,5498,11741,277,5282,13882,4956,0
Página4,20,,5500,11776,278,5283,13940,4956,0
Página4,20,,5499,11757,277,5289,13916,4956,0
Página4,20,,5500,11767,277,5290,13927,4957,0
Página4,20,,5497,11741,277,5289,13887,4956,0
Página4,20,,5490,11750,281,5272,13902,4956,0
Página4,20,,5497,11750,280,5268,13902,4955,0
Página4,20,,5495,11728,280,5272,13850,4956,0
Página4,20,,5496,11734,279,5277,13903,4954,0
Página4,20,,5497,11743,279,5280,13899,4953,0
Página4,20,,5497,11752,279,5281,13888,4954,0
Página4,20,,5498,11751,278,5284,13906,4948,0
Página4,20,,5498,11759,279,5286,13917,4955,0
Página4,20,,5501,11765,278,5290,13921,4955,0
Página4,20,,5499,11761,278,5290,13911,4955,0
Página4,20,,5500,11759,278,5290,13912,4955,0
Página4,20,,5495,11727,278,5287,13873,4955,0
Página4,20,,5494,11721,278,5287,13855,4956,0
Página4,20,,5496,11735,278,5288,13885,4957,0
Página4,20,,5495,11724,278,5286,13866,4956,0
Página4,20,,5495,11725,278,5286,13868,4955,0
Página4,20,,5500,11768,278,5288,13922,4956,0
Página4,20,,5499,11764,278,5289,13923,4956,0
Página4,20,,5499,11763,278,5285,13917,4956,0
Página4,20,,5508,11786,278,5293,13949,4963,0
Página4,20,,5507,11788,278,5294,13948,4964,0
Página4,20,,5508,11778,278,5293,13928,4965,0
Página4,20,,5505,11766,278,5288,13925,4966,0
Página4,20,,5492,11732,277,5289,13881,4963,0
Página4,20,,5500,11741,278,5293,13885,4967,0
Página4,20,,5498,11732,279,5281,13875,4963,0
Página4,20,,5498,11740,278,5285,13883,4962,0
Página4,20,,5496,11717,278,5288,13881,4961,0
Página4,20,,5501,11760,278,5283,13910,4961,0
Página4,20,,5500,11748,277,5287,13916,4962,0
Página4,20,,5501,11764,278,5287,13912,4963,0
Página4,20,,5497,11736,277,5293,13913,4960,0
Página4,20,,5500,11758,278,5295,13907,4960,0
Página4,20,,5494,11762,278,5297,13915,4961,0
Página4,20,,5501,11755,278,5296,13923,4961,0
Página4,20,,5502,11761,279,5296,13928,4961,0
Página4,20,,5504,11773,277,5295,13939,4960,0
Página4,20,,5503,11792,277,5283,13937,4961,0
Página4,20,,5503,11778,277,5286,13919,4960,0
Página4,20,,5500,11770,277,5282,13929,4954,0
Página4,20,,5503,11782,276,5283,13939,4961,0
Página4,20,,5502,11785,277,5282,13939,4961,0
Página4,20,,5499,11768,277,5282,13923,4960,0
Página4,20,,5501,11777,277,5282,13933,4961,0
Página4,20,,5500,11774,277,5280,13929,4960,0
Página4,20,,5500,11775,276,5280,13931,4960,0
Página4,20,,5502,11777,277,5280,13926,4962,0
Página4,20,,5501,11782,278,5281,13942,4961,0
Página4,20,,5501,11781,277,5275,13939,4961,0
Página4,20,,5500,11785,276,5261,13947,4961,0
Página4,20,,5499,11783,275,5256,13943,4962,0
Página4,20,,5502,11791,275,5254,13947,4961,0
Página4,20,,5501,11795,275,5254,13959,4964,0
Página4,20,,5501,11792,275,5256,13952,4963,0
Página4,20,,5500,11787,275,5256,13948,4963,0
Página4,20,,5495,11754,277,5248,13935,4963,0
Página4,20,,5489,11787,277,5231,13948,4961,0
Página4,20,,5495,11786,277,5235,13946,4959,0
Página4,20,,5491,11758,276,5238,13908,4958,0
Página4,20,,5496,11795,275,5238,13994,4958,0
Página4,20,,5505,11863,276,5243,14048,4957,0
Página4,20,,5505,11827,276,5246,14016,4958,0
Página4,20,,5505,11861,275,5247,14049,4958,0
Página4,20,,5503,11848,275,5244,14047,4958,0
Página4,20,,5505,11860,275,5242,14046,4958,0
Página4,20,,5507,11872,275,5240,14062,4960,0
Página4,20,,5505,11866,276,5240,14055,4959,0
Página4,20,,5505,11870,275,5240,14058,4959,0
Página4,20,,5505,11869,275,5241,14060,4959,0
Página4,20,,5505,11870,275,5242,14059,4958,0
Página4,20,,5505,11869,275,5241,14052,4958,0
Página4,20,,5499,11868,274,5240,14058,4959,0
Página4,20,,5497,11865,275,5244,14052,4958,0
Página4,20,,5507,11852,274,5241,14053,4959,0
Página4,20,,5504,11867,275,5243,14053,4960,0
Página4,20,,5504,11856,274,5238,14040,4959,0
Página4,20,,5494,11843,275,5243,14029,4954,0
Página4,20,,5504,11860,275,5244,14044,4960,0
Página4,20,,5503,11854,274,5241,14036,4960,0
Página4,20,,5504,11868,274,5245,14054,4960,0
Página4,20,,5496,11864,274,5239,14050,4961,0
Página4,20,,5503,11848,274,5242,14051,4961,0
Página4,20,,5502,11850,274,5238,14046,4963,0
Página4,20,,5495,11833,274,5237,14043,4961,0
Página4,20,,5501,11864,273,5238,14033,4961,0
Página4,20,,5500,11858,274,5240,14040,4955,0
Página4,20,,5500,11864,274,5239,14048,4961,0
Página4,20,,5500,11867,274,5235,14039,4964,0
Página4,20,,5495,11856,274,5236,14020,4961,0
Página4,20,,5494,11857,274,5237,14035,4955,0
Página4,20,,5494,11855,273,5237,14034,4960,0
Página4,20,,5490,11836,273,5236,14008,4961,0
Página4,20,,5487,11833,273,5235,14005,4961,0
Página4,20,,5485,11839,273,5232,14012,4961,0
Página4,20,,5482,11841,273,5236,14011,4960,0
Página4,20,,5448,11834,274,5235,14009,4960,0
Página4,20,,5507,11822,273,5235,13996,4961,0
Página4,20,,5508,11827,273,5235,14000,4961,0
Página4,20,,5513,11849,274,5233,14032,4962,0
Página4,20,,5513,11857,273,5232,14042,4961,0
Página4,20,,5513,11855,273,5231,14039,4961,0
Página4,20,,5513,11857,272,5230,14043,4956,0
Página4,20,,5506,11848,273,5225,14036,4960,0
Página4,20,,5514,11847,273,5228,14045,4960,0
Página4,20,,5515,11849,272,5234,14050,4961,0
Página4,20,,5514,11862,273,5237,14032,4960,0
Página4,20,,5514,11859,273,5231,14039,4958,0
Página4,20,,5513,11858,272,5231,14045,4953,0
Página4,20,,5515,11861,272,5231,14048,4959,0
Página4,20,,5516,11862,274,5221,14053,4961,0
Página4,20,,5513,11858,275,5209,14046,4959,0
Página4,20,,5512,11861,274,5207,14050,4960,0
Página4,20,,5512,11865,273,5211,14052,4958,0
Página4,20,,5512,11863,274,5216,14050,4958,0
Página4,20,,5511,11862,273,5218,14051,4957,0
Página4,20,,5512,11864,273,5218,14052,4956,0
Página4,20,,5513,11869,273,5216,14051,4957,0
Página4,20,,5513,11867,273,5219,14053,4960,0
Página4,20,,5512,11864,273,5225,14051,4958,0
Página4,20,,5512,11863,273,5225,14047,4959,0
Página4,20,,5512,11863,273,5225,14046,4958,0
Página4,20,,5514,11863,273,5221,14047,4959,0
Página4,20,,5512,11862,273,5220,14049,4960,0
Página4,20,,5516,11884,273,5218,14074,4960,0
Página4,20,,5515,11883,272,5218,14076,4959,0
Página4,20,,5515,11882,273,5219,14073,4960,0
Página4,20,,5515,11876,272,5219,14063,4959,0
Página4,20,,5513,11870,272,5217,14055,4959,0
Página4,20,,5515,11871,272,5218,14057,4959,0
Página4,20,,5514,11870,272,5216,14053,4960,0
Página4,20,,5514,11868,272,5218,14052,4960,0
Página4,20,,5514,11864,273,5222,14053,4960,0
Página4,20,,5514,11870,272,5221,14053,4960,0
Página4,20,,5515,11871,272,5219,14054,4960,0
Página4,20,,5508,11872,272,5220,14055,4960,0
Página4,20,,5508,11874,272,5220,14057,4961,0
Página4,20,,5515,11859,272,5220,14057,4961,0
Página4,20,,5516,11878,273,5219,14051,4961,0
Página4,20,,5516,11878,272,5220,14064,4957,0
Página4,20,,5516,11880,271,5216,14067,4960,0
Página4,20,,5517,11884,273,5214,14051,4961,0
Página4,20,,5515,11877,272,5218,14044,4960,0
Página4,20,,5516,11879,272,5216,14064,4955,0
Página4,20,,5515,11880,272,5221,14064,4955,0
Página4,20,,5515,11878,272,5220,14064,4960,0
Página4,20,,5515,11880,272,5221,14067,4961,0
Página4,20,,5516,11877,273,5216,14061,4963,0
Página4,20,,5517,11879,272,5214,14040,4961,0
Página4,20,,5515,11874,273,5212,14055,4955,0
Página4,20,,5513,11871,272,5221,14055,4957,0
Página4,20,,5517,11890,273,5212,14074,4963,0
Página4,20,,5516,11887,272,5212,14076,4961,0
Página4,20,,5516,11889,272,5212,14077,4961,0
Página4,20,,5516,11892,272,5214,14080,4962,0
Página4,20,,5516,11891,272,5214,14080,4961,0
Página4,20,,5517,11888,272,5218,14074,4961,0
Página4,20,,5519,11896,272,5215,14084,4958,0
Página4,20,,5517,11890,272,5212,14077,4961,0
Página4,20,,5516,11891,272,5213,14078,4962,0
Página4,20,,5516,11892,271,5208,14077,4960,0
Página4,20,,5516,11890,272,5210,14073,4961,0
Página4,20,,5517,11889,271,5209,14077,4961,0
Página4,20,,5516,11888,271,5214,14074,4962,0
Página4,20,,5516,11888,272,5209,14074,4962,0
Página4,20,,5515,11887,273,5203,14071,4962,0
Página4,20,,5497,11885,274,5191,14065,4961,0
Página4,20,,5478,11890,273,5192,14062,4959,0
Página4,20,,5477,11902,273,5204,14077,4960,0
Página4,20,,5475,11900,273,5212,14080,4961,0
Página4,20,,5475,11895,273,5209,14054,4961,0
Página4,20,,5477,11892,273,5207,14066,4960,0
Página4,20,,5477,11899,272,5203,14068,4959,0
Página4,20,,5477,11911,272,5204,14088,4959,0
Página4,20,,5475,11911,272,5203,14087,4959,0
Página4,20,,5474,11901,271,5204,14074,4963,0
Página4,20,,5475,11908,271,5202,14081,4961,0
Página4,20,,5472,11915,272,5211,14092,4961,0
Página4,20,,5465,11922,272,5199,14100,4961,0
Página4,20,,5406,11914,271,5207,14085,4961,0
Página4,20,,5506,11898,272,5203,14085,4961,0
Página4,20,,5508,11900,272,5204,14090,4963,0
Página4,20,,5513,11899,273,5215,14085,4961,0
Página4,20,,5511,11897,272,5213,14079,4959,0
Página4,20,,5512,11900,271,5201,14084,4961,0
Página4,20,,5504,11899,271,5204,14085,4962,0
Página4,20,,5510,11890,271,5202,14084,4962,0
Página4,20,,5511,11881,271,5198,14081,4963,0
Página4,20,,5509,11869,271,5206,14059,4961,0
Página4,20,,5508,11898,271,5197,14059,4961,0
Página4,20,,5507,11901,271,5197,14086,4955,0
Página4,20,,5507,11904,270,5197,14088,4961,0
Página4,20,,5505,11895,271,5196,14087,4963,0
Página4,20,,5505,11897,271,5191,14082,4963,0
Página4,20,,5502,11911,271,5194,14085,4965,0
Página4,20,,5502,11907,272,5203,14089,4965,0
Página4,20,,5495,11906,273,5206,14085,4963,0
Página4,20,,5501,11888,272,5206,14082,4964,0
Página4,20,,5496,11900,271,5213,14060,4964,0
Página4,20,,5497,11898,271,5206,14060,4963,0
Página4,20,,5495,11901,271,5206,14078,4958,0
Página4,20,,5502,11904,272,5184,14085,4964,0
Página4,20,,5503,11902,271,5188,14083,4964,0
Página4,20,,5503,11898,271,5184,14077,4963,0
Página4,20,,5502,11901,270,5192,14080,4963,0
Página4,20,,5502,11897,271,5195,14076,4964,0
Página4,20,,5501,11895,271,5188,14077,4962,0
Página4,20,,5496,11908,270,5188,14093,4963,0
Página4,20,,5503,11896,270,5185,14096,4965,0
Página4,20,,5498,11914,270,5190,14097,4963,0
Página4,20,,5501,11915,270,5185,14100,4964,0
Página4,20,,5503,11901,271,5190,14098,4963,0
Página4,20,,5503,11914,270,5190,14078,4963,0
Página4,20,,5504,11908,270,5188,14086,4958,0
Página4,20,,5508,11927,271,5186,14122,4964,0
Página4,20,,5505,11913,271,5187,14115,4964,0
Página4,20,,5503,11917,270,5190,14080,4965,0
Página4,20,,5503,11914,270,5189,14099,4959,0
Página4,20,,5505,11927,271,5186,14109,4965,0
Página4,20,,5507,11931,271,5186,14119,4965,0
Página4,20,,5501,11933,272,5179,14118,4966,0
Página4,20,,5496,11940,272,5167,14126,4964,0
Página4,20,,5493,11926,272,5165,14124,4963,0
Página4,20,,5486,11938,272,5173,14102,4962,0
Página4,20,,5373,11994,271,5178,14159,4957,0
Página4,20,,5461,11941,272,5184,14105,4959,0
Página4,20,,5484,11922,272,5178,14100,4962,0
Página4,20,,5495,11954,271,5176,14142,4964,0
Página4,20,,5492,11953,271,5183,14129,4963,0
Página4,20,,5493,11957,271,5185,14147,4957,0
Página4,20,,5492,11961,272,5185,14149,4963,0
Página4,20,,5491,11953,271,5183,14140,4963,0
Página4,20,,5492,11957,270,5182,14152,4964,0
Página4,20,,5494,11964,271,5175,14153,4966,0
Página4,20,,5492,11957,270,5181,14149,4964,0
Página4,20,,5491,11961,271,5182,14156,4965,0
Página4,20,,5493,11966,271,5180,14157,4964,0
Página4,20,,5517,11948,270,5179,14141,4965,0
Página4,20,,5518,11953,271,5183,14141,4966,0
Página4,20,,5514,11922,271,5177,14106,4965,0
Página4,20,,5511,11886,272,5194,14061,4964,0
Página4,20,,5513,11909,272,5195,14102,4965,0
Página4,20,,5518,11938,271,5230,14130,4965,0
Página4,20,,5517,11937,271,5226,14131,4966,0
Página4,20,,5521,11965,271,5227,14162,4965,0
Página4,20,,5519,11971,270,5227,14171,4965,0
Página4,20,,5528,11960,271,5228,14161,4964,0
Página4,20,,5526,11961,271,5227,14158,4964,0
Página4,20,,5535,11946,271,5228,14160,4965,0
Página4,20,,5542,11975,271,5226,14157,4967,0
Página4,20,,5536,11960,271,5226,14159,4965,0
Página4,20,,5529,11959,271,5225,14158,4963,0
Página4,20,,5536,11941,270,5221,14162,4964,0
Página4,20,,5536,11956,271,5223,14152,4964,0
Página4,20,,5536,11956,270,5225,14139,4963,0
Página4,20,,5536,11962,271,5225,14153,4964,0
Página4,20,,5536,11958,270,5230,14159,4957,0
Página4,20,,5537,11962,271,5227,14164,4963,0
Página4,20,,5529,11962,271,5230,14163,4963,0
Página4,20,,5523,11960,271,5228,14158,4962,0
Página4,20,,5525,11970,270,5225,14168,4959,0
Página4,20,,5518,11967,271,5230,14167,4957,0
Página4,20,,5516,11970,271,5228,14170,4963,0
Página4,20,,5511,11951,269,5210,14140,4963,0
Página4,20,,5511,11950,270,5222,14140,4962,0
Página4,20,,5514,11976,270,5212,14173,4963,0
Página4,20,,5514,11978,271,5225,14178,4964,0
Página4,20,,5514,11978,271,5228,14178,4966,0
Página4,20,,5512,11977,271,5224,14176,4965,0
Página4,20,,5509,11976,269,5209,14174,4964,0
Página4,20,,5510,11974,270,5210,14174,4964,0
Página4,20,,5513,11978,269,5209,14174,4966,0
Página4,20,,5510,11978,270,5199,14176,4965,0
Página4,20,,5511,11981,270,5209,14180,4964,0
Página4,20,,5509,11977,271,5198,14157,4964,0
Página4,20,,5507,11979,272,5180,14161,4965,0
Página4,20,,5497,11962,272,5181,14150,4962,0
Página4,20,,5508,11958,271,5184,14168,4962,0
Página4,20,,5513,11980,270,5193,14175,4960,0
Página4,20,,5513,11970,270,5194,14178,4960,0
Página4,20,,5511,11972,270,5193,14173,4960,0
Página4,20,,5512,11976,270,5192,14175,4962,0
Página4,20,,5511,11975,269,5190,14175,4960,0
Página4,20,,5510,11980,269,5192,14180,4961,0
Página4,20,,5507,11982,269,5192,14186,4961,0
Página4,20,,5507,11985,270,5192,14183,4960,0
Página4,20,,5508,11980,269,5193,14181,4961,0
Página4,20,,5501,11979,269,5194,14177,4960,0
Página4,20,,5501,11983,269,5193,14181,4961,0
Página4,20,,5500,11980,269,5192,14173,4961,0
Página4,20,,5495,11985,269,5191,14180,4961,0
Página4,20,,5468,12001,269,5193,14191,4963,0
Página4,20,,5482,11985,269,5193,14192,4961,0
Página4,20,,5478,12001,269,5191,14175,4961,0
Página4,20,,5473,12013,268,5191,14185,4955,0
Página4,20,,5482,12025,268,5188,14187,4957,0
Página4,20,,5473,12022,269,5186,14182,4964,0
Página4,20,,5477,11981,269,5188,14181,4962,0
Página4,20,,5478,11990,269,5189,14189,4962,0
Página4,20,,5478,11999,269,5186,14171,4962,0
Página4,20,,5478,11995,269,5185,14186,4956,0
Página4,20,,5479,11997,269,5190,14189,4957,0
Página4,20,,5477,11998,269,5185,14185,4956,0
Página4,20,,5478,11999,268,5185,14187,4963,0
Página4,20,,5478,11994,269,5186,14185,4963,0
Página4,20,,5477,11982,269,5183,14169,4962,0
Página4,20,,5481,11999,269,5181,14191,4964,0
Página4,20,,5478,11997,269,5178,14188,4957,0
Página4,20,,5478,11999,269,5179,14189,4964,0
Página4,20,,5478,12001,268,5179,14190,4964,0
Página4,20,,5478,12001,269,5181,14193,4962,0
Página4,20,,5478,12004,269,5180,14198,4964,0
Página4,20,,5478,12004,269,5174,14197,4964,0
Página4,20,,5477,11994,269,5180,14183,4963,0
Página4,20,,5477,11993,268,5178,14183,4964,0
Página4,20,,5477,11996,269,5175,14185,4963,0
Página4,20,,5474,11988,268,5173,14172,4963,0
Página4,20,,5477,11997,268,5171,14188,4967,0
Página4,20,,5473,11998,269,5171,14177,4964,0
Página4,20,,5476,12017,269,5171,14165,4965,0
Página4,20,,5474,12023,269,5171,14172,4965,0
Página4,20,,5476,12016,269,5179,14166,4965,0
Página4,20,,5477,12009,269,5176,14165,4965,0
Página4,20,,5473,12016,268,5180,14160,4966,0
Página4,20,,5473,12004,268,5176,14146,4965,0
Página4,20,,5485,12009,268,5173,14157,4964,0
Página4,20,,5486,11983,268,5172,14148,4965,0
Página4,20,,5476,11973,268,5171,14140,4965,0
Página4,20,,5485,11956,268,5170,14131,4965,0
Página4,20,,5482,11967,269,5159,14129,4966,0
Página4,20,,5479,11959,270,5141,14118,4964,0
Página4,20,,5479,11966,270,5141,14125,4966,0
Página4,20,,5476,11959,269,5140,14116,4963,0
Página4,20,,5477,11970,268,5143,14132,4962,0
Página4,20,,5476,11971,268,5148,14129,4962,0
Página4,20,,5469,11970,268,5149,14130,4962,0
Página4,20,,5465,11945,268,5145,14090,4966,0
Página4,20,,5470,11953,268,5139,14103,4964,0
Página4,20,,5461,11938,268,5144,14085,4963,0
Página4,20,,5428,11975,267,5146,14117,4963,0
Página4,20,,5428,11935,267,5143,14064,4964,0
Página4,20,,5438,11952,267,5143,14088,4964,0
Página4,20,,5431,11948,267,5139,14085,4964,0
Página4,20,,5427,11939,267,5141,14075,4964,0
Página4,20,,5424,11965,267,5145,14106,4965,0
Página4,20,,5420,11953,267,5140,14101,4964,0
Página4,20,,5423,11954,267,5144,14105,4965,0
Página4,20,,5412,11906,266,5140,14079,4964,0
Página4,20,,5406,11896,266,5142,14006,4963,0
Página4,20,,5485,11868,267,5138,14000,4964,0
Página4,20,,5476,11869,267,5133,13998,4964,0
Página4,20,,5483,11849,266,5131,14000,4966,0
Página4,20,,5488,11888,266,5130,13995,4965,0
Página4,20,,5493,11960,266,5122,14119,4965,0
Página4,20,,5491,11971,265,5124,14132,4966,0
Página4,20,,5487,11977,266,5123,14139,4965,0
Página4,20,,5495,11962,266,5126,14143,4964,0
Página4,20,,5494,11973,265,5121,14129,4966,0
Página4,20,,5497,11987,266,5132,14139,4965,0
Página4,20,,5495,11994,265,5126,14164,4960,0
Página4,20,,5498,11985,265,5125,14165,4960,0
Página4,20,,5499,11990,266,5125,14160,4964,0
Página4,20,,5500,12011,266,5122,14186,4960,0
Página4,20,,5495,12021,266,5124,14190,4961,0
Página4,20,,5484,11993,266,5121,14164,4964,0
Página4,20,,5483,12004,265,5124,14171,4965,0
Página4,20,,5479,11997,265,5122,14180,4964,0
Página4,20,,5459,12022,265,5124,14168,4963,0
Página4,20,,5434,12035,265,5119,14195,4961,0
Página4,20,,5430,12040,265,5120,14204,4961,0
Página4,20,,5426,12033,266,5120,14203,4960,0
Página4,20,,5421,12042,265,5116,14204,4967,0
Página4,20,,5429,12044,266,5116,14199,4965,0
Página4,20,,5413,12032,266,5116,14185,4967,0
Página4,20,,5494,12015,266,5113,14186,4969,0
Página4,20,,5497,12007,265,5111,14177,4960,0
Página4,20,,5496,12000,265,5114,14175,4967,0
Página4,20,,5492,12011,265,5113,14180,4965,0
Página4,20,,5498,12008,265,5115,14181,4967,0
Página4,20,,5498,12006,265,5114,14180,4966,0
Página4,20,,5498,12001,265,5121,14174,4967,0
Página4,20,,5494,11993,266,5115,14163,4967,0
Página4,20,,5548,11978,265,5118,14158,4966,0
Página4,20,,5524,11973,266,5109,14164,4967,0
Página4,20,,5523,11993,267,5094,14156,4963,0
Página4,20,,5520,11986,267,5093,14160,4961,0
Página4,20,,5514,11961,266,5098,14126,4964,0
Página4,20,,5512,11977,265,5104,14147,4964,0
Página4,20,,5515,11985,265,5108,14158,4965,0
Página4,20,,5516,11986,265,5107,14123,4963,0
Página4,20,,5517,11997,265,5106,14176,4963,0
Página4,20,,5517,12000,265,5105,14177,4964,0
Página4,20,,5520,12002,265,5103,14179,4965,0
Página4,20,,5523,12002,265,5102,14179,4964,0
Página4,20,,5518,12002,265,5102,14179,4965,0
Página4,20,,5520,11997,265,5096,14173,4964,0
Página4,20,,5520,11998,265,5094,14173,4964,0
Página4,20,,5520,11996,264,5098,14170,4964,0
Página4,20,,5520,11997,264,5098,14179,4966,0
Página4,20,,5519,12001,265,5098,14178,4965,0
Página4,20,,5518,12002,264,5097,14177,4967,0
Página4,20,,5518,12002,264,5093,14177,4964,0
Página4,20,,5519,12003,264,5096,14179,4964,0
Página4,20,,5512,12002,264,5097,14177,4966,0
Página4,20,,5521,11998,264,5093,14177,4965,0
Página4,20,,5523,12002,264,5096,14178,4966,0
Página4,20,,5523,12005,264,5093,14182,4967,0
Página4,20,,5523,12005,263,5092,14183,4966,0
Página4,20,,5518,12016,264,5091,14193,4965,0
Página4,20,,5528,12021,265,5088,14198,4970,0
Página4,20,,5527,12016,264,5090,14197,4967,0
Página4,20,,5527,12017,264,5087,14197,4968,0
Página4,20,,5527,12014,264,5089,14194,4968,0
Página4,20,,5528,12012,263,5088,14191,4967,0
Página4,20,,5529,12015,263,5085,14192,4969,0
Página4,20,,5528,12018,263,5083,14199,4970,0
Página4,20,,5538,12009,264,5080,14189,4967,0
Página4,20,,5539,12011,264,5082,14192,4968,0
Página4,20,,5537,12008,263,5087,14188,4967,0
Página4,20,,5537,12010,263,5087,14191,4968,0
Página4,20,,5533,12007,263,5090,14188,4970,0
Página4,20,,5540,12011,263,5076,14192,4969,0
Página4,20,,5538,12014,263,5079,14199,4969,0
Página4,20,,5537,12010,263,5079,14194,4968,0
Página4,20,,5538,12011,262,5081,14192,4969,0
Página4,20,,5530,12013,262,5080,14195,4969,0
Página4,20,,5531,12017,263,5072,14197,4969,0
Página4,20,,5531,12017,263,5074,14196,4969,0
Página4,20,,5538,12005,263,5076,14196,4969,0
Página4,20,,5537,12020,263,5077,14182,4969,0
Página4,20,,5538,12018,262,5074,14182,4971,0
Página4,20,,5538,12019,263,5070,14203,4964,0
Página4,20,,5531,12018,263,5071,14194,4968,0
Página4,20,,5539,12008,262,5067,14200,4971,0
Página4,20,,5541,12020,262,5065,14197,4969,0
Página4,20,,5535,12022,263,5065,14198,4971,0
Página4,20,,5546,12014,263,5064,14205,4971,0
Página4,20,,5538,12026,262,5065,14183,4964,0
Página4,20,,5544,12029,264,5036,14207,4969,0
Página4,20,,5545,12034,264,5027,14212,4969,0
Página4,20,,5543,12032,263,5041,14209,4967,0
Página4,20,,5544,12033,263,5048,14212,4968,0
Página4,20,,5541,12035,263,5053,14215,4967,0
Página4,20,,5540,12036,263,5051,14214,4968,0
Página4,20,,5550,12030,262,5050,14217,4968,0
Página4,20,,5544,12038,262,5045,14220,4968,0
Página4,20,,5544,12040,262,5046,14218,4970,0
Página4,20,,5546,12038,262,5045,14219,4967,0
Página4,20,,5539,12038,262,5045,14217,4968,0
Página4,20,,5538,12037,262,5047,14212,4969,0
Página4,20,,5548,12027,262,5047,14219,4971,0
Página4,20,,5547,12028,262,5047,14223,4970,0
Página4,20,,5547,12043,261,5046,14204,4969,0
Página4,20,,5548,12047,262,5046,14224,4966,0
Página4,20,,5550,12051,262,5048,14232,4963,0
Página4,20,,5551,12055,262,5048,14237,4970,0
Página4,20,,5551,12054,261,5051,14236,4972,0
Página4,20,,5553,12038,262,5048,14231,4972,0
Página4,20,,5551,12038,262,5048,14234,4970,0
Página4,20,,5552,12053,261,5046,14213,4970,0
Página4,20,,5552,12051,261,5046,14229,4965,0
Página4,20,,5552,12051,261,5045,14229,4965,0
Página4,20,,5554,12066,261,5045,14248,4972,0
Página4,20,,5554,12067,261,5046,14249,4973,0
Página4,20,,5554,12067,261,5046,14250,4974,0
Página4,20,,5551,12040,261,5044,14252,4973,0
Página4,20,,5554,12069,262,5044,14253,4975,0
Página4,20,,5556,12073,261,5035,14253,4972,0
Página4,20,,5554,12072,260,5038,14253,4974,0
Página4,20,,5554,12069,261,5039,14255,4974,0
Página4,20,,5554,12071,261,5039,14255,4975,0
Página4,20,,5554,12071,261,5042,14256,4973,0
Página4,20,,5555,12074,261,5040,14257,4974,0
Página4,20,,5562,12139,261,5041,14219,4975,0
Página4,20,,5561,12140,261,5040,14219,4975,0
Página4,20,,5561,12141,261,5034,14220,4975,0
Página4,20,,5561,12142,260,5034,14219,4975,0
Página4,20,,5561,12146,260,5031,14223,4975,0
Página4,20,,5557,12145,260,5027,14218,4974,0
Página4,20,,5561,12142,260,5028,14216,4975,0
Página4,20,,5561,12152,261,5030,14224,4975,0
Página4,20,,5558,12143,261,5029,14215,4974,0
Página4,20,,5558,12145,260,5031,14217,4975,0
Página4,20,,5557,12140,260,5032,14212,4977,0
Página4,20,,5556,12139,260,5030,14210,4975,0
Página4,20,,5557,12138,260,5029,14206,4975,0
Página4,20,,5555,12138,261,5031,14207,4975,0
Página4,20,,5551,12102,260,5030,14215,4976,0
Página4,20,,5550,12108,260,5029,14225,4975,0
Página4,20,,5550,12111,260,5028,14227,4975,0
Página4,20,,5545,12116,260,5026,14228,4975,0
Página4,20,,5484,12147,260,5026,14243,4973,0
Página4,20,,5490,12147,260,5027,14239,4974,0
Página4,20,,5504,12168,261,5015,14254,4982,0
Página4,20,,5499,12159,262,4992,14228,4975,0
Página4,20,,5504,12188,261,4990,14221,4974,0
Página4,20,,5506,12194,261,5000,14203,4967,0
Página4,20,,5522,12181,260,5005,14222,4975,0
Página4,20,,5539,12122,260,5007,14233,4973,0
Página4,20,,5540,12122,260,5006,14236,4972,0
Página4,20,,5535,12126,260,5007,14237,4972,0
Página4,20,,5543,12110,260,5006,14239,4973,0
Página4,20,,5542,12132,260,5007,14232,4977,0
Página4,20,,5540,12132,259,5003,14230,4976,0
Página4,20,,5540,12135,260,5015,14233,4976,0
Página4,20,,5538,12135,260,5007,14240,4973,0
Página4,20,,5530,12140,260,5003,14251,4968,0
Página4,20,,5532,12139,259,5005,14253,4973,0
Página4,20,,5536,12142,259,5004,14254,4975,0
Página4,20,,5538,12139,259,5003,14251,4974,0
Página4,20,,5539,12139,259,5003,14253,4975,0
Página4,20,,5540,12141,260,5003,14254,4976,0
Página4,20,,5544,12140,259,5003,14252,4976,0
Página4,20,,5546,12144,260,5000,14258,4976,0
Página4,20,,5543,12146,259,4998,14260,4976,0
Página4,20,,5548,12145,260,5001,14255,4976,0
Página4,20,,5544,12148,260,4994,14266,4975,0
Página4,20,,5566,12138,260,4997,14254,4974,0
Página4,20,,5567,12127,259,4999,14260,4974,0
Página4,20,,5567,12138,259,4997,14256,4974,0
Página4,20,,5566,12140,259,4999,14258,4972,0
Página4,20,,5568,12141,259,4998,14256,4973,0
Página4,20,,5568,12141,259,5001,14257,4973,0
Página4,20,,5569,12142,259,5000,14256,4974,0
Página4,20,,5572,12143,259,5006,14256,4975,0
Página4,20,,5571,12144,259,4998,14251,4974,0
Página4,20,,5573,12144,259,4996,14255,4973,0
Página4,20,,5576,12145,259,4997,14256,4975,0
Página4,20,,5574,12145,259,4993,14256,4974,0
Página4,20,,5575,12150,259,4993,14256,4973,0
Página4,20,,5573,12145,260,5001,14255,4974,0
Página4,20,,5573,12145,259,5004,14254,4975,0
Página4,20,,5573,12136,260,5009,14242,4973,0
Página4,20,,5574,12141,260,5008,14252,4974,0
Página4,20,,5572,12148,259,4996,14257,4974,0
Página4,20,,5574,12144,259,4997,14260,4974,0
Página4,20,,5575,12141,259,4999,14252,4974,0
Página4,20,,5575,12144,258,4996,14257,4973,0
Página4,20,,5574,12136,259,4998,14248,4974,0
Página4,20,,5573,12137,259,4998,14246,4975,0
Página4,20,,5572,12142,259,4999,14254,4973,0
Página4,20,,5572,12144,259,4992,14248,4976,0
Página4,20,,5573,12147,259,4997,14246,4973,0
Página4,20,,5576,12145,259,5002,14248,4974,0
Página4,20,,5577,12145,259,4994,14248,4973,0
Página4,20,,5577,12144,259,4993,14251,4976,0
Página4,20,,5578,12144,258,4993,14250,4976,0
Página4,20,,5581,12146,259,4978,14251,4973,0
Página4,20,,5580,12152,259,4956,14255,4973,0
Página4,20,,5581,12148,260,4958,14255,4974,0
Página4,20,,5589,12145,260,4966,14252,4970,0
Página4,20,,5588,12144,259,4975,14251,4972,0
Página4,20,,5590,12145,259,4976,14252,4970,0
Página4,20,,5592,12153,259,4982,14256,4972,0
Página4,20,,5594,12146,258,4971,14248,4963,0
Página4,20,,5592,12149,258,4978,14245,4972,0
Página4,20,,5593,12151,258,4974,14261,4973,0
Página4,20,,5593,12149,257,4983,14259,4972,0
Página4,20,,5586,12151,258,4983,14260,4972,0
Página4,20,,5587,12155,258,4981,14264,4972,0
Página4,20,,5586,12154,258,4983,14261,4974,0
Página4,20,,5591,12150,258,4979,14261,4971,0
Página4,20,,5593,12137,257,4979,14262,4973,0
Página4,20,,5594,12150,258,4979,14246,4972,0
Página4,20,,5594,12153,257,4979,14261,4969,0
Página4,20,,5597,12142,257,4981,14265,4974,0
Página4,20,,5593,12150,258,4986,14243,4972,0
Página4,20,,5593,12145,258,4984,14252,4972,0
Página4,20,,5595,12143,258,4982,14261,4967,0
Página4,20,,5594,12144,258,4976,14264,4973,0
Página4,20,,5594,12147,257,4980,14264,4975,0
Página4,20,,5596,12145,257,4974,14263,4971,0
Página4,20,,5595,12147,258,4978,14265,4975,0
Página4,20,,5597,12160,257,4974,14263,4974,0
Página4,20,,5596,12147,257,4978,14264,4975,0
Página4,20,,5597,12150,256,4985,14263,4975,0
Página4,20,,5597,12151,257,4989,14268,4975,0
Página4,20,,5597,12149,257,4981,14264,4975,0
Página4,20,,5598,12154,257,4982,14262,4976,0
Página4,20,,5598,12154,257,4972,14261,4976,0
Página4,20,,5600,12151,257,4972,14258,4976,0
Página4,20,,5599,12161,257,4972,14252,4977,0
Página4,20,,5600,12157,257,4964,14262,4976,0
Página4,20,,5599,12156,257,4965,14262,4976,0
Página4,20,,5600,12156,257,4971,14261,4975,0
Página4,20,,5600,12158,257,4969,14263,4976,0
Página4,20,,5599,12157,256,4969,14265,4975,0
Página4,20,,5601,12159,256,4975,14268,4978,0
Página4,20,,5601,12155,257,4969,14265,4976,0
Página4,20,,5603,12167,257,4968,14260,4978,0
Página4,20,,5601,12156,256,4966,14264,4976,0
Página4,20,,5601,12160,256,4958,14264,4979,0
Página4,20,,5604,12161,256,4956,14272,4978,0
Página5,20,,12637,12641,12635,5210,12633,7494,0
Página5,20,,12630,12565,12630,5219,12483,7460,0
Página5,20,,12406,12411,12408,5222,12413,7441,0
Página5,20,,12565,12564,12577,5260,12574,7478,0
Página5,20,,12592,12592,12591,5274,12584,7483,0
Página5,20,,12569,12570,12573,5399,12568,7491,0
Página5,20,,12583,12574,12585,5387,12569,7487,0
Página5,20,,12570,12582,12568,5338,12582,7487,0
Página5,20,,12558,12534,12562,5306,12537,7484,0
Página5,20,,12537,12541,12528,5321,12537,7483,0
Página5,20,,12546,12548,12546,5274,12549,7484,0
Página5,20,,12520,12520,12525,5378,12518,7477,0
Página5,20,,12511,12510,12510,5319,12509,7482,0
Página5,20,,12529,12528,12516,5331,12528,7482,0
Página5,20,,12560,12556,12558,5319,12554,7485,0
Página5,20,,12552,12557,12443,5267,12564,7487,0
Página5,20,,12552,12552,12504,5322,12553,7482,0
Página5,20,,12561,12555,12558,5381,12555,7487,0
Página5,20,,12554,12563,12562,5323,12558,7485,0
Página5,20,,12566,12567,12566,5289,12565,7487,0
Página5,20,,12563,12550,12560,5287,12553,7479,0
Página5,20,,12534,12531,12531,4748,12532,7468,0
Página5,20,,12547,12551,12550,5323,12548,7476,0
Página5,20,,12546,12547,12530,5298,12539,7477,0
Página5,20,,12533,12537,12539,5318,12531,7472,0
Página5,20,,12529,12525,12529,5290,12531,7473,0
Página5,20,,12524,12524,12531,5318,12527,7473,0
Página5,20,,12551,12546,12550,5259,12540,7489,0
Página5,20,,12546,12549,12549,5353,12546,7487,0
Página5,20,,12534,12530,12536,5277,12538,7483,0
Página5,20,,12499,12506,12492,5319,12506,7478,0
Página5,20,,12510,12512,12488,5330,12513,7476,0
Página5,20,,12499,12514,12508,5344,12511,7475,0
Página5,20,,12492,12489,12494,5417,12479,7475,0
Página5,20,,12489,12487,12498,5333,12490,7475,0
Página5,20,,12473,12471,12452,5312,12467,7463,0
Página5,20,,12465,12465,12452,5287,12463,7463,0
Página5,20,,12456,12471,12475,5311,12474,7462,0
Página5,20,,12497,12495,12496,5013,12493,7461,0
Página5,20,,12486,12492,12500,5267,12490,7465,0
Página5,20,,12502,12483,12497,5315,12496,7464,0
Página5,20,,12502,12497,12498,5320,12477,7463,0
Página5,20,,12482,12478,12494,5253,12460,7458,0
Página5,20,,12478,12488,12476,5324,12484,7452,0
Página5,20,,12495,12522,12489,5304,12513,7472,0
Página5,20,,12529,12528,12530,5292,12557,7468,0
Página5,20,,12541,12551,12541,5289,12554,7472,0
Página5,20,,12521,12519,12522,5286,12521,7470,0
Página5,20,,12534,12534,12521,5224,12532,7470,0
Página5,20,,12515,12514,12530,5244,12514,7490,0
Página5,20,,12462,12465,12461,5258,12461,7505,0
Página5,20,,12471,12472,12454,5313,12481,7505,0
Página5,20,,12476,12483,12460,5227,12471,7490,0
Página5,20,,12478,12472,12469,5278,12472,7471,0
Página5,20,,12477,12460,12456,5284,12460,7468,0
Página5,20,,12470,12495,12469,5279,12482,7465,0
Página5,20,,12463,12443,12476,5302,12451,7456,0
Página5,20,,12479,12481,12476,5300,12471,7463,0
Página5,20,,12470,12465,12464,5219,12467,7457,0
Página5,20,,12475,12472,12456,5225,12477,7457,0
Página5,20,,12455,12470,12464,5274,12472,7458,0
Página5,20,,12467,12444,12473,5291,12464,7457,0
Página5,20,,12491,12474,12477,4586,12498,7445,0
Página5,20,,12519,12507,12504,5215,12505,7453,0
Página5,20,,12520,12512,12523,5291,12510,7455,0
Página5,20,,12514,12493,12500,5209,12499,7456,0
Página5,20,,12489,12503,12485,5319,12488,7444,0
Página5,20,,12512,12506,12541,5234,12506,7455,0
Página5,20,,12517,12533,12530,4604,12533,7452,0
Página5,20,,12494,12498,12484,4581,12485,7433,0
Página5,20,,12485,12484,12489,5314,12481,7448,0
Página5,20,,12471,12466,12468,5300,12462,7444,0
Página5,20,,12499,12496,12487,5276,12498,7450,0
Página5,20,,12474,12472,12482,5267,12469,7448,0
Página5,20,,12497,12488,12499,5299,12492,7451,0
Página5,20,,12497,12494,12495,5234,12497,7443,0
Página5,20,,12489,12485,12503,5220,12481,7446,0
Página5,20,,12483,12473,12483,5202,12471,7441,0
Página5,20,,12410,12462,12457,5172,12462,7440,0
Página5,20,,12461,12458,12464,5124,12458,7438,0
Página5,20,,12479,12486,12480,5243,12483,7443,0
Página5,20,,12507,12501,12502,5248,12501,7450,0
Página5,20,,12512,12508,12523,5254,12509,7448,0
Página5,20,,12519,12519,12518,5249,12526,7453,0
Página5,20,,12514,12511,12516,5218,12518,7446,0
Página5,20,,12530,12539,12534,4526,12553,7454,0
Página5,20,,12534,12534,12528,5247,12534,7442,0
Página5,20,,12524,12541,12536,5276,12535,7452,0
Página5,20,,12532,12532,12533,5280,12534,7448,0
Página5,20,,12545,12544,12543,5286,12547,7450,0
Página5,20,,12539,12537,12536,5219,12538,7444,0
Página5,20,,12527,12527,12526,5250,12518,7447,0
Página5,20,,12497,12502,12492,5258,12512,7450,0
Página5,20,,12512,12516,12512,4638,12499,7442,0
Página5,20,,12501,12500,12501,5265,12500,7448,0
Página5,20,,12485,12488,12486,5212,12486,7444,0
Página5,20,,12490,12488,12485,5159,12485,7452,0
Página5,20,,12470,12480,12466,5173,12481,7442,0
Página5,20,,12479,12482,12482,5192,12477,7440,0
Página5,20,,12509,12507,12509,5226,12505,7442,0
Página5,20,,12507,12509,12501,5177,12511,7446,0
Página5,20,,12510,12513,12508,4768,12514,7437,0
Página5,20,,12515,12516,12512,5222,12514,7467,0
Página5,20,,12500,12499,12496,5213,12490,7501,0
Página5,20,,12496,12495,12499,5242,12493,7507,0
Página5,20,,12497,12491,12499,5295,12496,7492,0
Página5,20,,12511,12502,12506,5272,12516,7471,0
Página5,20,,12505,12504,12507,5277,12501,7464,0
Página5,20,,12509,12506,12504,5290,12503,7461,0
Página5,20,,12512,12510,12511,5218,12506,7462,0
Página5,20,,12523,12527,12530,5245,12526,7459,0
Página5,20,,12542,12547,12543,5272,12552,7458,0
Página5,20,,12580,12588,12580,5264,12590,7450,0
Página5,20,,12557,12555,12553,5256,12552,7448,0
Página5,20,,12551,12551,12550,4801,12549,7442,0
Página5,20,,12543,12544,12543,4482,12544,7439,0
Página5,20,,12553,12551,12549,5259,12550,7447,0
Página5,20,,12551,12533,12545,5221,12535,7445,0
Página5,20,,12511,12519,12513,5246,12522,7440,0
Página5,20,,12522,12523,12510,5359,12516,7435,0
Página5,20,,12483,12486,12487,5206,12486,7443,0
Página5,20,,12494,12512,12503,5840,12520,7449,0
Página5,20,,12510,12514,12512,6007,12516,7449,0
Página5,20,,12515,12496,12527,6098,12487,7449,0
Página5,20,,12542,12544,12545,6070,12546,7445,0
Página5,20,,12820,12820,12812,5200,12818,7384,0
Página5,20,,12586,12595,12591,5177,12586,7418,0
Página5,20,,12527,12549,12529,5190,12547,7427,0
Página5,20,,12522,12519,12520,5188,12529,7423,0
Página5,20,,12518,12519,12506,5248,12510,7425,0
Página5,20,,12499,12508,12480,4820,12507,7426,0
Página5,20,,12493,12490,12491,5234,12498,7432,0
Página5,20,,12506,12512,12496,5249,12506,7433,0
Página5,20,,12484,12486,12483,5259,12471,7437,0
Página5,20,,12470,12460,12476,5214,12450,7430,0
Página5,20,,12466,12463,12469,5345,12455,7430,0
Página5,20,,12450,12449,12455,5222,12448,7427,0
Página5,20,,12457,12450,12460,5210,12464,7430,0
Página5,20,,12455,12455,12452,5221,12449,7419,0
Página5,20,,12324,12329,12328,5202,12323,7420,0
Página5,20,,12325,12324,12330,4596,12322,7408,0
Página5,20,,12350,12327,12358,5295,12335,7417,0
Página5,20,,12341,12335,12327,5252,12332,7420,0
Página5,20,,12321,12319,12317,5242,12325,7412,0
Página5,20,,12319,12321,12322,5240,12324,7413,0
Página5,20,,12330,12317,12331,5281,12308,7409,0
Página5,20,,12443,12429,12449,5250,12435,7419,0
Página5,20,,12446,12437,12447,5270,12437,7423,0
Página5,20,,12405,12414,12417,5233,12418,7430,0
Página5,20,,12422,12420,12427,5266,12405,7418,0
Página5,20,,12382,12416,12382,5258,12414,7417,0
Página5,20,,12419,12421,12427,5296,12424,7424,0
Página5,20,,12411,12400,12421,5295,12406,7413,0
Página5,20,,12399,12404,12403,5250,12407,7409,0
Página5,20,,12388,12392,12384,5218,12395,7411,0
Página5,20,,12409,12420,12403,5196,12427,7444,0
Página5,20,,12438,12437,12436,5219,12432,7471,0
Página5,20,,12403,12405,12411,5192,12421,7455,0
Página5,20,,12432,12431,12433,5224,12430,7440,0
Página5,20,,12448,12441,12442,5255,12454,7439,0
Página5,20,,12434,12440,12452,5243,12442,7441,0
Página5,20,,12445,12445,12466,4474,12450,7431,0
Página5,20,,12404,12435,12426,5227,12433,7428,0
Página5,20,,12424,12403,12432,5236,12434,7426,0
Página5,20,,12401,12382,12400,5234,12380,7414,0
Página5,20,,12363,12378,12375,4439,12391,7408,0
Página5,20,,12409,12427,12425,5172,12426,7416,0
Página5,20,,12420,12402,12421,5159,12414,7414,0
Página5,20,,12422,12399,12422,5252,12408,7414,0
Página5,20,,12376,12348,12384,5261,12381,7404,0
Página5,20,,12399,12394,12390,4794,12382,7397,0
Página5,20,,12382,12409,12401,5241,12391,7412,0
Página5,20,,12414,12409,12410,5244,12384,7410,0
Página5,20,,12386,12388,12389,5243,12396,7397,0
Página5,20,,12338,12335,12342,5263,12298,7388,0
Página5,20,,12271,12250,12253,5128,12231,7371,0
Página5,20,,12236,12219,12260,5204,12201,7370,0
Página5,20,,12234,12232,12224,5191,12218,7369,0
Página5,20,,12284,12298,12184,5230,12299,7391,0
Página5,20,,12222,12211,12222,5288,12215,7395,0
Página5,20,,12244,12246,12254,5307,12230,7399,0
Página5,20,,12219,12220,12223,4453,12210,7383,0
Página5,20,,12235,12231,12231,5201,12209,7391,0
Página5,20,,12256,12242,12256,5155,12199,7389,0
Página5,20,,12289,12287,12281,5150,12294,7384,0
Página5,20,,12311,12307,12313,5149,12303,7377,0
Página5,20,,12330,12326,12329,5238,12327,7393,0
Página5,20,,12279,12294,12292,5061,12294,7381,0
Página5,20,,11958,11970,12299,5238,12267,7313,0
Página5,20,,12235,12282,12154,5114,12153,7363,0
Página5,20,,12307,12302,12306,5123,12309,7382,0
Página5,20,,11584,11588,11585,5084,11575,7215,0
Página5,20,,12297,12286,12299,4348,12304,7375,0
Página5,20,,12301,12280,12301,5162,12300,7374,0
Página5,20,,12296,12277,12298,5231,12296,7375,0
Página5,20,,12305,12301,12303,5204,12284,7372,0
Página5,20,,12323,12314,12326,5187,12291,7368,0
Página5,20,,12306,12306,12304,5304,12301,7372,0
Página5,20,,12240,12255,12261,5140,12251,7374,0
Página5,20,,12249,12231,12251,5186,12242,7369,0
Página5,20,,12262,12247,12259,5150,12263,7370,0
Página5,20,,12220,12204,12233,5161,12188,7361,0
Página5,20,,12228,12222,12228,5197,12207,7362,0
Página5,20,,12202,12215,12204,4601,12197,7347,0
Página5,20,,12194,12191,12195,5173,12192,7342,0
Página5,20,,12212,12213,12214,5200,12214,7347,0
Página5,20,,12230,12235,12232,5213,12226,7359,0
Página5,20,,12179,12166,12177,5152,12169,7375,0
Página5,20,,12184,12190,12182,5182,12182,7401,0
Página5,20,,12138,12137,12108,5106,12145,7390,0
Página5,20,,12187,12200,12188,5145,12211,7391,0
Página5,20,,12186,12186,12183,5193,12184,7382,0
Página5,20,,12154,12156,12154,5130,12137,7365,0
Página5,20,,12165,12161,12167,5185,12160,7365,0
Página5,20,,12175,12171,12179,5133,12172,7362,0
Página5,20,,12171,12169,12170,5165,12173,7357,0
Página5,20,,12162,12153,12162,4808,12166,7340,0
Página5,20,,12152,12154,12152,5150,12153,7345,0
Página5,20,,12183,12185,12188,5111,12184,7349,0
Página5,20,,12164,12162,12164,5122,12160,7343,0
Página5,20,,12188,12188,12183,5100,12186,7339,0
Página5,20,,12173,12165,12181,5231,12164,7340,0
Página5,20,,12183,12179,12184,5114,12180,7349,0
Página5,20,,12170,12182,12182,5151,12148,7334,0
Página5,20,,12142,12138,12151,5107,12153,7338,0
Página5,20,,12188,12191,12175,5133,12195,7334,0
Página5,20,,12216,12214,12204,5090,12210,7341,0
Página5,20,,12222,12206,12213,5161,12180,7340,0
Página5,20,,12220,12224,12230,5172,12221,7343,0
Página5,20,,12179,12183,12191,5168,12184,7339,0
Página5,20,,12196,12236,12210,5148,12242,7343,0
Página5,20,,12230,12227,12231,5204,12230,7345,0
Página5,20,,12249,12247,12248,5181,12314,7333,0
Página5,20,,12229,12225,12236,5216,12251,7341,0
Página5,20,,11700,12156,11607,5053,12174,7329,0
Página5,20,,12142,12143,12148,5167,12137,7326,0
Página5,20,,12161,12150,12167,5182,12147,7324,0
Página5,20,,12242,12245,12247,5230,12241,7341,0
Página5,20,,12239,12237,12241,5141,12234,7342,0
Página5,20,,12252,12254,12226,5171,12257,7343,0
Página5,20,,12259,12254,12256,5159,12253,7343,0
Página5,20,,12256,12254,12258,5180,12242,7344,0
Página5,20,,12239,12222,12230,5185,12221,7340,0
Página5,20,,12309,12309,12310,4521,12315,7352,0
Página5,20,,12270,12268,12282,5200,12261,7358,0
Página5,20,,12244,12244,12253,5167,12246,7363,0
Página5,20,,12228,12228,12233,5204,12232,7357,0
Página5,20,,12230,12214,12214,5174,12188,7353,0
Página5,20,,12221,12220,12216,5281,12219,7350,0
Página5,20,,12211,12214,12213,5204,12206,7356,0
Página5,20,,12170,12167,12168,5172,12175,7350,0
Página5,20,,12157,12157,12150,5165,12154,7342,0
Página5,20,,12134,12129,12136,5153,12133,7325,0
Página5,20,,12170,12178,12166,5264,12188,7346,0
Página5,20,,12162,12164,12174,5275,12162,7344,0
Página5,20,,12134,12142,12129,5198,12154,7339,0
Página5,20,,12117,12117,12120,5178,12114,7330,0
Página5,20,,12080,12090,12062,5212,12082,7318,0
Página5,20,,12094,12092,12098,4500,12091,7307,0
Página5,20,,12084,12090,12096,5265,12087,7318,0
Página5,20,,12087,12090,12078,5128,12091,7361,0
Página5,20,,12120,12114,12101,5166,12110,7389,0
Página5,20,,12099,12101,12095,5217,12092,7384,0
Página5,20,,12132,12132,12137,5178,12142,7371,0
Página5,20,,12137,12137,12137,5219,12138,7360,0
Página5,20,,12105,12116,12113,5193,12114,7353,0
Página5,20,,12146,12152,12132,5175,12166,7358,0
Página5,20,,12157,12154,12159,4854,12155,7346,0
Página5,20,,12163,12178,12163,5237,12172,7353,0
Página5,20,,12172,12178,12179,5231,12180,7350,0
Página5,20,,12156,12158,12153,5185,12165,7340,0
Página5,20,,12139,12144,12145,5193,12147,7357,0
Página5,20,,12169,12163,12167,4593,12152,7341,0
Página5,20,,12138,12133,12143,5194,12145,7346,0
Página5,20,,12135,12132,12147,5250,12073,7345,0
Página5,20,,12146,12138,12139,5170,12147,7342,0
Página5,20,,12123,12133,12136,5172,12134,7331,0
Página5,20,,12147,12151,12144,5167,12151,7342,0
Página5,20,,12140,12143,12125,5246,12144,7343,0
Página5,20,,12145,12136,12145,5257,12157,7339,0
Página5,20,,12156,12159,12144,5177,12160,7334,0
Página5,20,,12151,12151,12156,5170,12151,7331,0
Página5,20,,12186,12159,12172,5211,12164,7334,0
Página5,20,,12122,12102,12113,5290,12119,7324,0
Página5,20,,12134,12136,12135,5149,12137,7329,0
Página5,20,,12111,12099,12119,5218,12105,7322,0
Página5,20,,12139,12137,12132,5214,12105,7320,0
Página5,20,,12091,12095,12089,5213,12100,7306,0
Página5,20,,12132,12129,12145,4453,12144,7307,0
Página5,20,,12134,12131,12124,5252,12130,7308,0
Página5,20,,12115,12107,12106,5207,12112,7309,0
Página5,20,,12209,12213,12213,5196,12211,7309,0
Página5,20,,12195,12217,12211,5179,12166,7305,0
Página5,20,,12186,12181,12176,5228,12195,7315,0
Página5,20,,12174,12161,12179,5158,12178,7288,0
Página5,20,,12172,12156,12171,5185,12069,7310,0
Página5,20,,12034,12019,12038,5191,12007,7296,0
Página5,20,,12070,12066,12066,5203,12068,7302,0
Página5,20,,12053,12064,12051,5217,12061,7297,0
Página5,20,,12009,11992,12007,4589,12001,7272,0
Página5,20,,12022,12017,12023,5129,12014,7286,0
Página5,20,,12021,12022,12021,5089,12018,7291,0
Página5,20,,12030,12001,12030,5156,12014,7285,0
Página5,20,,11972,11973,11978,5128,11974,7288,0
Página5,20,,11957,11962,11957,5199,11958,7279,0
Página5,20,,11953,11965,11953,4519,11960,7285,0
Página5,20,,11928,11942,11948,5180,11945,7292,0
Página5,20,,11930,11911,11933,5170,11924,7281,0
Página5,20,,11910,11889,11909,5182,11906,7269,0
Página5,20,,11938,11939,11936,5153,11922,7279,0
Página5,20,,11962,11964,11962,4517,11952,7266,0
Página5,20,,12019,12012,12022,5109,11996,7267,0
Página5,20,,11955,11952,11953,5136,11957,7306,0
Página5,20,,11942,11945,11945,5125,11945,7329,0
Página5,20,,11943,11946,11958,4999,11941,7331,0
Página5,20,,11920,11934,11936,5048,11908,7309,0
Página5,20,,11946,11940,11905,5044,11951,7301,0
Página5,20,,11933,11941,11937,5095,11930,7291,0
Página5,20,,11868,11874,11871,4585,11877,7268,0
Página5,20,,11845,11848,11842,5122,11833,7276,0
Página5,20,,11859,11859,11849,5121,11842,7274,0
Página5,20,,11857,11862,11863,5105,11863,7263,0
Página5,20,,11839,11833,11839,5104,11838,7257,0
Página5,20,,11846,11844,11842,5174,11844,7269,0
Página5,20,,11846,11845,11843,4981,11827,7266,0
Página5,20,,11864,11851,11866,5133,11869,7266,0
Página5,20,,11870,11849,11863,4391,11869,7248,0
Página5,20,,11849,11830,11851,5076,11850,7252,0
Página5,20,,11854,11754,11846,5092,11844,7248,0
Página5,20,,11923,11960,11927,4461,11962,7272,0
Página5,20,,11939,11934,11951,5117,11937,7266,0
Página5,20,,11960,11941,11962,5021,11963,7265,0
Página5,20,,12003,11959,11962,5058,11999,7276,0
Página5,20,,11943,11938,12005,5103,11922,7260,0
Página5,20,,11993,11926,12002,5095,11930,7259,0
Página5,20,,11895,11968,11932,5099,11957,7265,0
Página5,20,,11922,11932,11920,5072,11884,7254,0
Página5,20,,11951,11943,11946,5112,11931,7244,0
Página5,20,,11920,11930,11935,5095,11930,7251,0
Página5,20,,12026,12066,12013,5108,12065,7288,0
Página5,20,,12109,12066,12094,5144,12083,7302,0
Página5,20,,12088,12095,12117,5059,12094,7308,0
Página5,20,,12106,12117,12121,5045,12097,7304,0
Página5,20,,12139,12138,12130,5120,12086,7309,0
Página5,20,,12113,12103,12130,5078,12099,7295,0
Página5,20,,12094,12092,12089,4368,12053,7284,0
Página5,20,,12021,12064,12037,5141,12052,7287,0
Página5,20,,12052,12076,12053,5130,12028,7267,0
Página5,20,,12143,12143,12144,5159,12140,7292,0
Página5,20,,12136,12147,12144,5159,12150,7304,0
Página5,20,,12164,12148,12167,5207,12163,7308,0
Página5,20,,12180,12162,12186,5058,12193,7316,0
Página5,20,,12173,12183,12186,5126,12187,7330,0
Página5,20,,12143,12163,12158,5139,12163,7310,0
Página5,20,,12127,12145,12093,5114,12146,7305,0
Página5,20,,12103,12102,12123,5133,12127,7302,0
Página5,20,,12155,12162,12152,5202,12179,7322,0
Página5,20,,12091,12125,12114,5205,12126,7306,0
Página5,20,,12136,12128,12096,5043,12146,7303,0
Página5,20,,12139,12143,12143,5050,12134,7297,0
Página5,20,,12123,12090,12101,5215,12126,7290,0
Página5,20,,12122,12037,12115,4372,11968,7265,0
Página5,20,,11985,12041,11989,5020,12031,7265,0
Página5,20,,12048,11980,12050,5090,12021,7277,0
Página5,20,,12058,12016,12071,4984,12027,7275,0
Página5,20,,12048,12008,12056,5089,12069,7313,0
Página5,20,,12062,12071,12063,5099,12053,7350,0
Página5,20,,12065,12064,12068,5148,12065,7348,0
Página5,20,,12048,12042,12042,5147,12044,7331,0
Página5,20,,12030,12032,12031,4324,12036,7309,0
Página5,20,,12014,12022,12007,5167,12021,7298,0
Página5,20,,12005,12005,11996,5097,12015,7291,0
Página5,20,,12019,12017,12023,5126,12014,7286,0
Página5,20,,12019,12020,12024,5143,12017,7277,0
Página5,20,,11996,12006,12012,5250,11996,7278,0
Página5,20,,12017,12016,12023,5157,12022,7284,0
Página5,20,,12043,12046,12045,5209,12046,7281,0
Página5,20,,12040,12036,12039,5146,12031,7275,0
Página5,20,,12035,12035,12036,5059,12036,7275,0
Página5,20,,12037,12030,12021,5087,12030,7269,0
Página5,20,,12011,12010,12010,4371,12016,7268,0
Página5,20,,12018,12017,12016,5172,12021,7273,0
Página5,20,,12034,12033,12033,5156,12037,7273,0
Página5,20,,12029,12028,12034,5217,12022,7270,0
Página5,20,,12013,12018,12018,5218,12022,7269,0
Página5,20,,12015,12024,12011,5118,12028,7269,0
Página5,20,,12024,12026,12022,5214,12024,7274,0
Página5,20,,12012,12013,12004,5169,12011,7264,0
Página5,20,,12016,12016,12017,5172,12019,7261,0
Página5,20,,12071,12071,12071,5147,12067,7255,0
Página5,20,,12074,12076,12069,5127,12077,7257,0
Página5,20,,11991,11989,12001,4510,11987,7249,0
Página5,20,,11982,11987,11981,5213,11986,7252,0
Página5,20,,11991,11994,11989,5228,11993,7254,0
Página5,20,,12015,12019,12016,5150,12004,7285,0
Página5,20,,12000,12000,11996,5267,12016,7267,0
Página5,20,,12000,11999,11990,5260,12001,7273,0
Página5,20,,12032,12017,12017,5249,12030,7269,0
Página5,20,,12011,12010,12012,5223,12008,7264,0
Página5,20,,11983,11987,11987,5224,11999,7254,0
Página5,20,,12007,12005,12008,5242,12001,7268,0
Página5,20,,11989,11989,11990,4436,11988,7241,0
Página5,20,,11988,11994,11988,5195,11995,7252,0
Página5,20,,12030,12028,12032,5247,12032,7260,0
Página5,20,,12046,12043,12045,5168,12047,7252,0
Página5,20,,12037,12031,12041,5216,12033,7257,0
Página5,20,,12077,12073,12085,5317,12056,7264,0
Página5,20,,12036,12030,12039,5134,12023,7259,0
Página5,20,,12010,12036,11996,5114,12040,7239,0
Página5,20,,12069,12072,12066,5117,12073,7251,0
Página5,20,,12078,12073,12071,5121,12083,7248,0
Página5,20,,12078,12077,12075,5169,12071,7250,0
Página5,20,,12085,12085,12074,4383,12087,7245,0
Página5,20,,12086,12064,12088,5136,12065,7239,0
Página5,20,,12062,12061,12065,5156,12062,7249,0
Página5,20,,12061,12062,12056,5169,12064,7247,0
Página5,20,,12090,12091,12089,5131,12092,7257,0
Página5,20,,12084,12081,12068,5140,12083,7295,0
Página5,20,,12065,12065,12051,5186,12062,7329,0
Página5,20,,12077,12079,12081,5068,12080,7315,0
Página5,20,,12079,12093,12097,5268,12097,7322,0
Página5,20,,12106,12102,12090,5200,12104,7308,0
Página5,20,,12082,12076,12068,5220,12082,7293,0
Página5,20,,12042,12056,12058,5147,12054,7283,0
Página5,20,,11974,11993,12002,5208,11982,7278,0
Página5,20,,11986,11975,11993,4473,11983,7268,0
Página5,20,,11999,11977,12000,5165,11996,7269,0
Página5,20,,11992,11987,11989,5204,11996,7270,0
Página5,20,,11990,11983,11996,5207,11977,7264,0
Página5,20,,11975,11973,11969,5219,11969,7254,0
Página5,20,,11984,11988,11986,5247,11987,7259,0
Página5,20,,11969,12005,11984,5205,12034,7266,0
Página5,20,,11996,11982,11998,5204,11996,7263,0
Página5,20,,12000,11993,12001,5214,12003,7256,0
Página5,20,,11993,11995,12000,5209,11983,7253,0
Página5,20,,12013,12012,12014,5214,12017,7248,0
Página5,20,,12002,11998,12004,4860,11977,7254,0
Página5,20,,12012,12012,12012,5078,11995,7250,0
Página5,20,,12014,12014,12015,5031,12016,7244,0
Página5,20,,12007,12007,12008,5086,12005,7244,0
Página5,20,,12010,12005,12011,5060,11996,7244,0
Página5,20,,12009,12010,12006,5046,11999,7241,0
Página5,20,,11982,11983,11980,4998,11979,7236,0
Página5,20,,11998,11998,11995,5036,11998,7238,0
Página5,20,,12005,12003,12006,4990,12003,7231,0
Página5,20,,12000,12002,12004,5123,12005,7246,0
Página5,20,,12009,12009,11998,5074,12011,7245,0
Página5,20,,12012,11994,12012,5182,12010,7252,0
Página5,20,,11992,11987,11991,5135,11964,7235,0
Página5,20,,12013,12008,12013,5107,12010,7238,0
Página5,20,,12003,12000,12003,5135,11995,7230,0
Página5,20,,12012,12011,12009,5187,12018,7238,0
Página5,20,,12010,12009,12016,4409,12012,7230,0
Página5,20,,12008,12004,12011,5083,12009,7235,0
Página5,20,,12000,12009,12006,5076,12016,7233,0
Página5,20,,12013,12026,12015,5014,12027,7237,0
Página5,20,,12022,12016,12018,5022,12019,7238,0
Página5,20,,12014,12010,12009,5088,12013,7237,0
Página5,20,,12018,12015,12013,5110,12010,7245,0
Página5,20,,12075,12077,12078,5136,12074,7230,0
Página5,20,,12072,12066,12072,5131,12067,7233,0
Página5,20,,12071,12072,12070,5103,12074,7236,0
Página5,20,,12058,12053,12059,5124,12056,7228,0
Página5,20,,12057,12066,12058,4784,12064,7223,0
Página5,20,,12024,12022,12027,5117,12021,7232,0
Página5,20,,12016,12016,12013,5052,12012,7226,0
Página5,20,,12032,12033,12033,5098,12033,7228,0
Página5,20,,12027,12027,12027,5109,12029,7230,0
Página5,20,,12043,12044,12042,5228,12034,7230,0
Página5,20,,12029,12027,12033,5266,12029,7234,0
Página5,20,,12015,12014,12015,5082,12017,7279,0
Página5,20,,12009,12010,12011,5142,12004,7300,0
Página5,20,,11996,12012,12012,5088,12011,7301,0
Página5,20,,12006,12019,12016,5082,12016,7280,0
Página5,20,,12012,11999,12011,5100,12014,7267,0
Página5,20,,12028,12021,12034,5102,12025,7257,0
Página5,20,,12022,12011,12031,4438,12025,7238,0
Página5,20,,11968,11955,11970,5098,11969,7239,0
Página5,20,,11971,11967,11971,5086,11952,7234,0
Página5,20,,11987,11985,11981,5097,11971,7232,0
Página5,20,,12001,12001,12001,5126,12002,7227,0
Página5,20,,11990,12000,11993,5179,12009,7231,0
Página5,20,,11991,11989,11991,5094,11989,7227,0
Página5,20,,11985,11990,11993,5067,11998,7223,0
Página5,20,,11992,11989,11990,5121,11986,7227,0
Página5,20,,11979,11976,11977,5092,11983,7225,0
Página5,20,,11984,11978,11988,5102,11978,7222,0
Página5,20,,11966,11967,11974,5191,11956,7225,0
Página5,20,,12013,12004,12009,5146,12001,7214,0
Página5,20,,12045,12043,12046,5163,12043,7215,0
Página5,20,,12042,12044,12043,5125,12046,7217,0
Página5,20,,12222,12223,12224,5435,12221,7233,0
Página5,20,,12196,12191,12201,5421,12199,7308,0
Página5,20,,12175,12187,12186,5285,12180,7319,0
Página5,20,,12175,12154,12169,5377,12167,7317,0
Página5,20,,12187,12177,12183,5344,12187,7321,0
Página5,20,,12179,12178,12186,5374,12167,7322,0
Página5,20,,12165,12165,12153,5399,12145,7317,0
Página5,20,,12167,12174,12171,4575,12193,7325,0
Página5,20,,12197,12152,12186,5379,12194,7296,0
Página5,20,,12216,12209,12215,5402,12199,7327,0
Página5,20,,12243,12247,12241,5415,12243,7330,0
Página5,20,,12252,12251,12251,5412,12249,7342,0
Página5,20,,11764,11764,11768,5346,11766,7238,0
Página5,20,,11765,11766,11765,5299,11751,7238,0
Página5,20,,11770,11772,11770,5314,11773,7227,0
Página5,20,,11772,11772,11772,5300,11773,7236,0
Página5,20,,11774,11775,11774,5311,11775,7237,0
Página5,20,,11778,11779,11782,5319,11779,7241,0
Página5,20,,11779,11763,11778,5406,11782,7250,0
Página5,20,,11781,11781,11781,5339,11766,7245,0
Página5,20,,11784,11784,11784,5298,11769,7242,0
Página5,20,,11785,11785,11785,5347,11785,7235,0
Página5,20,,11786,11788,11789,5404,11788,7243,0
Página5,20,,11790,11791,11790,4654,11791,7237,0
Página5,20,,11790,11791,11790,5405,11794,7275,0
Página5,20,,11782,11796,11795,5393,11796,7271,0
Página5,20,,11796,11780,11795,5347,11796,7258,0
Página5,20,,11798,11791,11797,5318,11797,7256,0
Página5,20,,11787,11803,11801,4548,11801,7255,0
Página5,20,,11803,11793,11803,5336,11801,7251,0
Página5,20,,11802,11786,11802,5333,11802,7253,0
Página5,20,,11803,11803,11803,5320,11803,7296,0
Página5,20,,11801,11802,11802,5283,11802,7326,0
Página5,20,,11804,11803,11803,5284,11803,7331,0
Página5,20,,11805,11807,11805,5289,11806,7312,0
Página5,20,,11808,11810,11808,4552,11810,7298,0
Página5,20,,11811,11812,11811,5321,11813,7287,0
Página5,20,,11826,11822,11820,5335,11824,7282,0
Página5,20,,11802,11802,11803,5336,11802,7280,0
Página5,20,,11801,11801,11801,5356,11801,7276,0
Página5,20,,11803,11806,11805,5462,11803,7275,0
Página5,20,,11805,11805,11806,5335,11807,7272,0
Página5,20,,11813,11813,11812,5365,11813,7264,0
Página5,20,,11810,11811,11810,5400,11810,7267,0
Página5,20,,11822,11823,11822,5352,11825,7262,0
Página5,20,,11803,11805,11800,5374,11802,7260,0
Página5,20,,11812,11810,11805,5354,11807,7261,0
Página5,20,,11804,11803,11803,4547,11802,7250,0
Página5,20,,11797,11796,11797,5351,11797,7257,0
Página5,20,,11795,11796,11795,5395,11795,7255,0
Página5,20,,11795,11795,11794,5314,11796,7253,0
Página5,20,,11804,11805,11803,5068,11803,7246,0
Página5,20,,11802,11802,11801,5348,11801,7252,0
Página5,20,,11800,11799,11800,5374,11799,7252,0
Página5,20,,11801,11801,11801,5361,11801,7246,0
Página5,20,,11801,11801,11801,5335,11800,7246,0
Página5,20,,11802,11801,11789,5393,11801,7247,0
Página5,20,,11803,11800,11805,5243,11800,7251,0
Página5,20,,11799,11800,11799,5358,11800,7247,0
Página5,20,,11819,11821,11819,5392,11824,7251,0
Página5,20,,11824,11825,11825,5366,11825,7247,0
Página5,20,,11821,11820,11813,5363,11821,7252,0
Página5,20,,11822,11820,11807,5045,11819,7249,0
Página5,20,,11816,11816,11801,5410,11817,7249,0
Página5,20,,11817,11817,11803,5435,11817,7247,0
Página5,20,,11804,11821,11819,5406,11821,7244,0
Página5,20,,11812,11821,11822,5436,11820,7245,0
Página5,20,,11839,11824,11839,5411,11842,7243,0
Página5,20,,11811,11811,11815,5467,11810,7255,0
Página5,20,,11795,11795,11811,5428,11795,7237,0
Página5,20,,11791,11791,11775,5395,11791,7231,0
Página5,20,,11777,11790,11792,5499,11793,7229,0
Página5,20,,11789,11788,11800,5360,11789,7235,0
Página5,20,,11778,11781,11779,4775,11784,7224,0
Página5,20,,11784,11784,11784,5447,11785,7222,0
Página5,20,,11786,11786,11771,5445,11785,7222,0
Página5,20,,11778,11790,11789,5413,11789,7223,0
Página5,20,,11785,11801,11800,5402,11806,7224,0
Página5,20,,11792,11797,11805,5519,11794,7222,0
Página5,20,,11806,11805,11811,5375,11803,7232,0
Página5,20,,11798,11797,11797,5351,11797,7227,0
Página5,20,,11797,11797,11798,5401,11797,7226,0
Página5,20,,11797,11797,11782,5363,11797,7226,0
Página5,20,,11783,11801,11799,5380,11801,7222,0
Página5,20,,11798,11798,11797,5347,11798,7268,0
Página5,20,,11806,11806,11806,5344,11806,7286,0
Página5,20,,11818,11820,11818,5345,11820,7281,0
Página5,20,,11823,11824,11823,5389,11823,7262,0
Página5,20,,11846,11856,11826,5386,11851,7253,0
Página5,20,,11815,11816,11800,5398,11817,7246,0
Página5,20,,11828,11824,11818,5327,11835,7237,0
Página5,20,,11790,11805,11805,5405,11808,7238,0
Página5,20,,11804,11803,11804,5377,11805,7243,0
Página5,20,,11805,11806,11806,5373,11806,7231,0
Página5,20,,11802,11802,11802,5358,11802,7230,0
Página5,20,,11803,11803,11803,5416,11804,7227,0
Página5,20,,11801,11801,11802,5422,11801,7222,0
Página5,20,,11804,11804,11804,4704,11803,7212,0
Página5,20,,11803,11801,11803,5336,11802,7217,0
Página5,20,,11797,11797,11782,5373,11798,7220,0
Página5,20,,11788,11802,11804,5373,11800,7212,0
Página5,20,,11800,11808,11816,5443,11809,7208,0
Página5,20,,11815,11800,11815,5456,11814,7212,0
Página5,20,,11812,11813,11812,5375,11813,7220,0
Página5,20,,11775,11775,11775,5379,11773,7216,0
Página5,20,,11761,11761,11746,5424,11762,7212,0
Página5,20,,11751,11761,11759,5385,11762,7211,0
Página5,20,,11746,11765,11762,5397,11765,7213,0
Página5,20,,11768,11770,11762,4881,11770,7209,0
Página5,20,,11752,11768,11768,5420,11767,7205,0
Página5,20,,11755,11770,11771,5387,11770,7206,0
Página5,20,,11786,11795,11781,5427,11790,7199,0
Página5,20,,11774,11757,11773,5370,11772,7203,0
Página5,20,,11772,11773,11774,5483,11758,7198,0
Página5,20,,11767,11777,11777,5359,11777,7205,0
Página5,20,,11794,11777,11787,5396,11775,7198,0
Página5,20,,11780,11786,11780,5420,11776,7196,0
Página5,20,,11781,11779,11781,5438,11764,7199,0
Página5,20,,11783,11778,11784,5510,11778,7190,0
Página5,20,,11781,11783,11779,4546,11776,7193,0
Página5,20,,11784,11784,11784,5394,11785,7203,0
Página5,20,,11781,11781,11764,5390,11782,7198,0
Página5,20,,11784,11787,11778,5377,11789,7194,0
Página5,20,,11767,11783,11785,5376,11782,7195,0
Página5,20,,11775,11789,11788,4523,11790,7186,0
Página5,20,,11776,11793,11791,5438,11787,7191,0
Página5,20,,11792,11782,11803,5411,11789,7190,0
Página5,20,,11797,11785,11795,5395,11801,7191,0
Página5,20,,11782,11781,11782,5433,11765,7192,0
Página5,20,,11796,11797,11787,5368,11789,7186,0
Página5,20,,11820,11817,11838,5356,11816,7195,0
Página5,20,,11799,11799,11784,5429,11802,7184,0
Página5,20,,11777,11786,11786,5370,11785,7188,0
Página5,20,,11770,11785,11785,5390,11785,7191,0
Página5,20,,11786,11770,11786,5437,11788,7192,0
Página5,20,,11788,11775,11789,4480,11790,7185,0
Página5,20,,11785,11783,11784,5418,11784,7234,0
Página5,20,,11789,11792,11787,5409,11801,7262,0
Página5,20,,11776,11791,11789,5406,11792,7259,0
Página5,20,,11790,11775,11790,5396,11789,7237,0
Página5,20,,11811,11794,11812,5450,11799,7225,0
Página5,20,,11784,11782,11787,5403,11787,7222,0
Página5,20,,11789,11773,11791,5430,11789,7216,0
Página5,20,,11806,11798,11805,5468,11797,7218,0
Página5,20,,11808,11809,11796,5440,11809,7211,0
Página5,20,,11782,11781,11768,5359,11780,7195,0
Página5,20,,11763,11777,11778,5393,11777,7192,0
Página5,20,,11787,11775,11781,5349,11793,7210,0
Página5,20,,11797,11783,11787,5357,11782,7201,0
Página5,20,,11797,11797,11804,5407,11792,7193,0
Página5,20,,11786,11786,11786,5391,11786,7191,0
Página5,20,,11790,11790,11790,5386,11792,7186,0
Página5,20,,11801,11797,11788,5450,11800,7183,0
Página5,20,,11795,11794,11799,4574,11794,7168,0
Página5,20,,11795,11794,11780,5395,11795,7178,0
Página5,20,,11808,11825,11817,5396,11828,7166,0
Página5,20,,11808,11825,11820,5414,11825,7165,0
Página5,20,,11800,11816,11816,5434,11816,7166,0
Página5,20,,11813,11799,11815,5388,11823,7165,0
Página5,20,,11814,11807,11802,5374,11806,7171,0
Página5,20,,11781,11797,11798,5295,11799,7164,0
Página5,20,,11783,11799,11797,5331,11798,7162,0
Página5,20,,11791,11801,11800,5246,11801,7164,0
Página5,20,,11872,11859,11874,5345,11873,7156,0
Página5,20,,11835,11838,11821,4509,11840,7157,0
Página5,20,,11840,11837,11824,4859,11838,7148,0
Página5,20,,11836,11836,11821,5269,11835,7153,0
Página5,20,,11826,11842,11841,5282,11842,7150,0
Página5,20,,11815,11832,11830,5262,11831,7155,0
Página5,20,,11817,11832,11832,4442,11832,7153,0
Página5,20,,11813,11828,11828,5304,11826,7156,0
Página5,20,,11820,11805,11822,5274,11820,7148,0
Página5,20,,11821,11807,11820,5247,11823,7153,0
Página5,20,,11822,11822,11822,5248,11806,7148,0
Página5,20,,11821,11822,11821,5284,11819,7146,0
Página5,20,,11845,11835,11824,5303,11838,7165,0
Página5,20,,11883,11883,11867,5289,11884,7164,0
Página5,20,,11880,11874,11870,5236,11873,7161,0
Página5,20,,11865,11880,11881,5285,11889,7160,0
Página5,20,,11918,11927,11925,5202,11925,7157,0
Página5,20,,11943,11949,11939,4539,11962,7168,0
Página5,20,,11922,11916,11926,5224,11935,7171,0
Página5,20,,11967,11953,11968,5272,11972,7179,0
Página5,20,,11967,11969,11968,5288,11954,7174,0
Página5,20,,11930,11940,11934,5276,11925,7170,0
Página5,20,,11968,11980,11973,5394,11973,7159,0
Página5,20,,11950,11967,11970,5286,11962,7183,0
Página5,20,,11947,11936,11957,5237,11962,7173,0
Página5,20,,11958,11942,11960,5221,11966,7168,0
Página5,20,,11962,11959,11964,4761,11961,7210,0
Página5,20,,11945,11934,11931,5201,11930,7239,0
Página5,20,,11914,11913,11897,5243,11910,7237,0
Página5,20,,11822,11836,11839,5519,11840,7213,0
Página5,20,,11837,11833,11838,5892,11841,7207,0
Página5,20,,11834,11833,11830,5801,11831,7201,0
Página5,20,,11819,11817,11823,5771,11813,7188,0
Página5,20,,11819,11824,11827,5880,11829,7191,0
Página5,20,,11839,11841,11830,5957,11832,7184,0
Página5,20,,11822,11841,11840,5909,11833,7176,0
Página5,20,,11812,11826,11824,5026,11825,7158,0
Página5,20,,11775,11787,11800,5807,11827,7151,0
Página5,20,,11915,12429,11836,5661,12707,7345,0
Página5,20,,12742,12722,12749,5455,12743,7357,0
Página5,20,,12756,12744,12747,5357,12761,7358,0
Página5,20,,12794,12794,12784,5485,12783,7367,0
Página5,20,,12700,12725,12733,5398,12726,7364,0
Página5,20,,12781,12762,12769,5416,12785,7378,0
Página5,20,,12776,12742,12796,5387,12755,7364,0
Página5,20,,12716,12731,12737,5366,12717,7359,0
Página5,20,,12754,12736,12753,5420,12710,7361,0
Página5,20,,12759,12738,12749,4462,12775,7372,0
Página5,20,,12782,12769,12780,5411,12784,7371,0
Página5,20,,12765,12777,12770,4559,12762,7363,0
Página5,20,,12759,12774,12756,5458,12785,7375,0
Página5,20,,12784,12786,12796,5458,12789,7378,0
Página5,20,,12954,12935,12946,5409,12945,7399,0
Página5,20,,12896,12917,12916,5451,12904,7403,0
Página5,20,,12898,12885,12899,5454,12906,7402,0
Página5,20,,12907,12877,12912,5486,12895,7397,0
Página5,20,,12993,12979,13006,5441,12971,7403,0
Página5,20,,13025,13027,12994,5432,12998,7402,0
Página5,20,,13011,13008,12999,4488,13029,7408,0
Página5,20,,12949,12919,12964,5445,12945,7388,0
Página5,20,,12955,12935,12963,5441,12947,7387,0
Página5,20,,12956,12969,12962,5455,12943,7387,0
Página5,20,,12948,12948,12956,5446,12939,7383,0
Página5,20,,12952,12949,12953,5346,12938,7368,0
Página5,20,,12951,12968,12949,5402,12964,7386,0
Página5,20,,12999,12991,12990,5389,12931,7383,0
Página5,20,,12964,12946,12975,5367,12928,7355,0
Página5,20,,12877,12944,12927,5359,12945,7358,0
Página5,20,,12928,12933,12932,5450,12969,7369,0
Página5,20,,12695,12755,12709,5370,12868,7372,0
Página5,20,,12739,12730,12746,5349,12829,7354,0
Página5,20,,12928,12930,12926,5433,12923,7372,0
Página5,20,,12892,12898,12860,5365,12875,7358,0
Página5,20,,12854,12847,12841,5410,12832,7354,0
Página5,20,,12844,12841,12845,5508,12821,7336,0
Página5,20,,12772,12749,12778,4628,12778,7324,0
Página5,20,,12722,12707,12718,5361,12736,7329,0
Página5,20,,12739,12726,12752,5327,12760,7332,0
Página5,20,,12909,12905,12911,5342,12911,7415,0
Página5,20,,12998,13002,12988,5347,13007,7442,0
Página5,20,,12902,12869,12928,5364,12903,7418,0
Página5,20,,12752,12803,12750,5308,12861,7396,0
Página5,20,,12885,12891,12893,4516,12868,7386,0
Página5,20,,12906,12896,12900,5377,12874,7389,0
Página5,20,,12966,12968,12964,5360,12941,7388,0
Página5,20,,12956,12948,12955,5394,12949,7383,0
Página5,20,,12931,12919,12944,5406,12914,7373,0
Página5,20,,12875,12873,12877,5331,12863,7352,0
Página5,20,,12846,12849,12878,5363,12854,7369,0
Página5,20,,12968,12988,12974,5424,12980,7383,0
Página5,20,,12988,12970,12983,5393,12989,7389,0
Página5,20,,12977,12955,12981,5379,12972,7386,0
Página5,20,,12904,12897,12915,5408,12904,7386,0
Página5,20,,12888,12893,12897,4690,12878,7379,0
Página5,20,,12898,12895,12892,5423,12874,7378,0
Página5,20,,12926,12934,12925,5469,12918,7381,0
Página5,20,,12952,12936,12948,4815,12948,7397,0
Página5,20,,12903,12885,12903,5436,12906,7380,0
Página5,20,,12883,12857,12884,5447,12875,7365,0
Página5,20,,12896,12880,12900,5454,12899,7374,0
Página5,20,,12880,12861,12882,5425,12875,7365,0
Página5,20,,12870,12872,12869,5432,12856,7370,0
Página5,20,,12919,12919,12917,5432,12901,7374,0
Página5,20,,12915,12911,12916,5425,12911,7361,0
Página5,20,,12887,12903,12905,5525,12911,7379,0
Página5,20,,12903,12915,12918,5403,12914,7369,0
Página5,20,,12905,12890,12907,5402,12906,7352,0
Página5,20,,12926,12932,12910,5408,12921,7369,0
Página5,20,,12907,12907,12905,5351,12888,7348,0
Página5,20,,12726,12733,12718,5369,12735,7314,0
Página5,20,,12730,12730,12726,5404,12733,7306,0
Página5,20,,12718,12722,12688,5368,12723,7302,0
Página5,20,,12810,12805,12782,5382,12807,7311,0
Página5,20,,12866,12886,12851,5357,12884,7306,0
Página5,20,,12816,12817,12812,4533,12817,7292,0
Página5,20,,12816,12827,12818,5355,12829,7304,0
Página5,20,,12808,12828,12822,5363,12842,7297,0
Página5,20,,12817,12809,12817,5357,12819,7289,0
Página5,20,,12780,12775,12779,5388,12747,7294,0
Página5,20,,12828,12812,12824,5464,12833,7292,0
Página5,20,,12806,12808,12792,5457,12808,7302,0
Página5,20,,12801,12804,12803,5370,12802,7306,0
Página5,20,,12796,12801,12805,5385,12808,7297,0
Página5,20,,12808,12807,12807,5328,12808,7290,0
Página5,20,,12796,12800,12799,5377,12802,7288,0
Página5,20,,12789,12788,12785,5384,12790,7304,0
Página5,20,,12791,12787,12790,5406,12783,7290,0
Página5,20,,12785,12778,12788,5395,12779,7287,0
Página5,20,,12776,12780,12776,5363,12783,7284,0
Página5,20,,12777,12776,12776,5380,12778,7285,0
Página5,20,,12792,12796,12792,4494,12802,7284,0
Página5,20,,12789,12776,12791,5377,12792,7340,0
Página5,20,,12780,12764,12781,5392,12778,7360,0
Página5,20,,12788,12790,12781,5342,12789,7359,0
Página5,20,,12793,12796,12791,5425,12796,7348,0
Página5,20,,12779,12778,12783,5369,12779,7336,0
Página5,20,,12779,12780,12778,5441,12778,7331,0
Página5,20,,12769,12763,12772,5367,12777,7324,0
Página5,20,,12776,12776,12773,4519,12777,7311,0
Página5,20,,12696,12744,12696,5337,12747,7307,0
Página5,20,,12762,12761,12763,5369,12764,7311,0
Página5,20,,12780,12779,12784,5381,12782,7315,0
Página5,20,,12753,12755,12749,5429,12700,7292,0
Página5,20,,12762,12744,12752,5393,12742,7317,0
Página5,20,,12749,12749,12749,5398,12745,7312,0
Página5,20,,12622,12610,12616,5387,12603,7290,0
Página5,20,,12647,12655,12669,5443,12607,7280,0
Página5,20,,12696,12702,12662,5439,12703,7297,0
Página5,20,,12737,12735,12735,5450,12735,7303,0
Página5,20,,12757,12767,12752,4589,12787,7298,0
Página5,20,,12783,12786,12800,5450,12783,7307,0
Página5,20,,12770,12767,12770,5434,12765,7300,0
Página5,20,,12774,12773,12775,5445,12771,7296,0
Página5,20,,12779,12776,12777,5446,12779,7293,0
Página5,20,,12786,12783,12788,5675,12782,7296,0
Página5,20,,12783,12790,12782,5443,12788,7296,0
Página5,20,,12810,12800,12804,5439,12793,7298,0
Página5,20,,12781,12780,12782,5425,12789,7294,0
Página5,20,,12752,12753,12754,5446,12747,7296,0
Página5,20,,12775,12767,12781,5447,12769,7286,0
Página5,20,,12781,12781,12781,4627,12782,7278,0
Página5,20,,12821,12821,12820,5431,12820,7285,0
Página5,20,,12810,12813,12812,5402,12818,7288,0
Página5,20,,12810,12809,12807,5405,12810,7287,0
Página5,20,,12807,12803,12826,5385,12806,7290,0
Página5,20,,12816,12810,12818,5270,12806,7278,0
Página5,20,,12796,12793,12803,5440,12791,7280,0
Página5,20,,12815,12821,12812,5254,12811,7272,0
Página5,20,,12807,12806,12805,5408,12804,7278,0
Página5,20,,12812,12812,12814,5380,12813,7275,0
Página5,20,,12821,12810,12822,5472,12809,7271,0
Página5,20,,12793,12789,12796,5355,12790,7262,0
Página5,20,,12798,12795,12797,5349,12795,7264,0
Página5,20,,12802,12796,12794,5367,12790,7266,0
Página5,20,,12765,12773,12770,5352,12767,7266,0
Página5,20,,12775,12778,12780,5317,12780,7272,0
Página5,20,,12796,12801,12795,4486,12802,7253,0
Página5,20,,12792,12799,12794,5384,12802,7267,0
Página5,20,,12778,12777,12781,5364,12780,7262,0
Página5,20,,12758,12754,12770,5365,12762,7256,0
Página5,20,,12774,12773,12777,5343,12777,7262,0
Página5,20,,12766,12750,12765,5483,12762,7240,0
Página5,20,,12776,12764,12773,5379,12770,7267,0
Página5,20,,12786,12784,12770,5381,12782,7303,0
Página5,20,,12759,12775,12782,5366,12772,7314,0
Página5,20,,12789,12776,12785,5360,12805,7314,0
Página5,20,,12763,12760,12763,5362,12746,7300,0
Página5,20,,12788,12779,12778,5395,12762,7286,0
Página5,20,,12787,12788,12785,5404,12791,7271,0
Página5,20,,12758,12751,12766,5460,12762,7259,0
Página5,20,,12752,12769,12768,4561,12768,7257,0
Página5,20,,12786,12802,12768,5340,12799,7263,0
Página5,20,,12783,12801,12799,5303,12811,7256,0
Página5,20,,12785,12803,12802,5401,12803,7256,0
Página5,20,,12810,12793,12804,5454,12809,7249,0
Página5,20,,12804,12804,12799,5373,12805,7261,0
Página5,20,,12798,12795,12782,5359,12796,7256,0
Página5,20,,12798,12800,12780,5379,12801,7254,0
Página5,20,,12810,12829,12828,5315,12838,7251,0
Página5,20,,12808,12811,12809,5341,12822,7254,0
Página5,20,,12835,12831,12833,4770,12827,7243,0
Página5,20,,12833,12830,12812,5374,12833,7248,0
Página5,20,,12810,12818,12827,5380,12817,7249,0
Página5,20,,12815,12832,12832,5377,12831,7248,0
Página5,20,,12823,12813,12825,5375,12824,7245,0
Página5,20,,12839,12825,12839,5115,12839,7230,0
Página5,20,,12829,12813,12823,5389,12828,7244,0
Página5,20,,12827,12799,12845,5431,12811,7241,0
Página5,20,,12800,12789,12803,5365,12789,7240,0
Página5,20,,12776,12808,12783,5417,12803,7244,0
Página5,20,,12812,12817,12775,5339,12812,7240,0
Página5,20,,12781,12790,12768,5456,12785,7246,0
Página5,20,,12744,12754,12764,5394,12775,7236,0
Página5,20,,12787,12804,12804,5399,12799,7243,0
Página5,20,,12819,12807,12822,5475,12826,7241,0
Página5,20,,12805,12816,12816,5351,12818,7240,0
Página5,20,,12823,12824,12817,4566,12824,7232,0
Página5,20,,12822,12819,12807,5310,12824,7239,0
Página5,20,,12789,12801,12807,5362,12802,7230,0
Página5,20,,12755,12777,12774,5297,12766,7223,0
Página5,20,,12836,12820,12836,5331,12839,7233,0
Página5,20,,12841,12838,12856,5250,12820,7225,0
Página5,20,,12814,12811,12826,5275,12816,7241,0
Página5,20,,12808,12808,12809,5346,12807,7237,0
Página5,20,,12787,12798,12787,5375,12804,7232,0
Página5,20,,12808,12809,12796,5345,12810,7228,0
Página5,20,,12764,12780,12794,5268,12785,7220,0
Página5,20,,12825,12853,12830,4524,12826,7219,0
Página5,20,,12821,12823,12833,5326,12821,7227,0
Página5,20,,12817,12823,12832,5315,12839,7228,0
Página5,20,,12850,12833,12853,5390,12856,7258,0
Página5,20,,12856,12861,12867,5355,12859,7245,0
Página5,20,,12828,12833,12850,4524,12830,7222,0
Página5,20,,12828,12819,12828,5378,12820,7227,0
Página5,20,,12842,12843,12842,5371,12835,7225,0
Página5,20,,12830,12830,12832,5372,12833,7217,0
Página5,20,,12830,12834,12837,5277,12829,7258,0
Página5,20,,12820,12817,12818,5365,12816,7286,0
Página5,20,,12788,12793,12794,5242,12794,7282,0
Página5,20,,12797,12797,12781,5249,12793,7268,0
Página5,20,,12799,12801,12782,4381,12812,7251,0
Página5,20,,12801,12803,12802,5348,12810,7251,0
Página5,20,,12834,12827,12836,5341,12825,7248,0
Página5,20,,12846,12851,12849,5370,12850,7243,0
Página5,20,,12876,12863,12881,5343,12861,7241,0
Página5,20,,12855,12862,12856,4701,12871,7229,0
Página5,20,,12878,12859,12880,5328,12852,7239,0
Página5,20,,12862,12863,12857,5418,12863,7244,0
Página5,20,,12855,12856,12839,5407,12856,7233,0
Página5,20,,12849,12851,12835,5827,12858,7239,0
Página5,20,,12881,12876,12864,5780,12870,7233,0
Página5,20,,12835,12833,12821,5817,12832,7235,0
Página5,20,,12801,12798,12814,5809,12809,7216,0
Página5,20,,12847,12844,12843,5695,12841,7222,0
Página5,20,,12842,12842,12842,5570,12840,7219,0
Página5,20,,12841,12839,12843,5504,12840,7220,0
Página5,20,,12859,12855,12854,4825,12841,7201,0
Página5,20,,12850,12843,12853,5518,12840,7202,0
Página5,20,,12695,12826,12816,5772,12831,7162,0
Página5,20,,12857,12847,12839,5547,12844,7212,0
Página5,20,,12852,12852,12847,5841,12856,7209,0
Página5,20,,12850,12844,12852,5674,12851,7214,0
Página5,20,,12857,12863,12856,4740,12856,7217,0
Página5,20,,12855,12852,12850,6010,12847,7221,0
Página5,20,,12878,12877,12874,5955,12881,7219,0
Página5,20,,12830,12842,12838,5810,12845,7206,0
Página5,20,,12843,12830,12858,5369,12877,7205,0
Página5,20,,12856,12833,12859,4525,12839,7197,0
Página5,20,,12873,12872,12846,5334,12863,7200,0
Página5,20,,12839,12839,12841,5305,12840,7200,0
Página5,20,,12824,12840,12823,5332,12851,7198,0
Página5,20,,12849,12860,12838,5324,12853,7197,0
Página5,20,,12857,12864,12833,5353,12862,7197,0
Página5,20,,12853,12850,12854,5415,12847,7207,0
Página5,20,,12821,12821,12829,5364,12822,7200,0
Página5,20,,12812,12839,12816,5368,12820,7197,0
Página5,20,,12831,12835,12822,5281,12835,7199,0
Página5,20,,12844,12868,12849,5379,12863,7202,0
Página5,20,,12900,12898,12913,4748,12907,7198,0
Página5,20,,12885,12890,12895,5352,12887,7205,0
Página5,20,,12904,12903,12901,5366,12905,7215,0
Página5,20,,12932,12926,12922,5286,12921,7216,0
Página5,20,,12920,12933,12923,5317,12939,7206,0
Página5,20,,12821,12812,12787,5412,12820,7220,0
Página5,20,,12829,12826,12823,5360,12823,7219,0
Página5,20,,12824,12818,12827,5421,12818,7227,0
Página5,20,,12828,12822,12838,5421,12819,7226,0
Página5,20,,12812,12810,12812,5420,12803,7223,0
Página5,20,,12827,12833,12830,5373,12829,7224,0
Página5,20,,12813,12816,12799,5345,12813,7267,0
Página5,20,,12811,12812,12808,5369,12808,7292,0
Página5,20,,12812,12823,12811,4685,12817,7273,0
Página5,20,,12799,12800,12801,5442,12794,7270,0
Página5,20,,12791,12797,12797,5412,12790,7263,0
Página5,20,,12794,12790,12753,5375,12783,7235,0
Página5,20,,12786,12781,12786,5369,12770,7222,0
Página5,20,,12802,12797,12802,5402,12800,7231,0
Página5,20,,12777,12792,12783,5314,12770,7234,0
Página5,20,,12760,12769,12768,5406,12771,7216,0
Página5,20,,12774,12774,12774,5392,12779,7212,0
Página5,20,,12779,12783,12778,5415,12781,7216,0
Página5,20,,12799,12726,12799,5433,12778,7223,0
Página5,20,,12780,12779,12784,4981,12761,7219,0
Página5,20,,12765,12762,12762,5402,12738,7205,0
Página5,20,,12749,12762,12751,5428,12767,7193,0
Página5,20,,12792,12795,12781,5429,12799,7198,0
Página5,20,,12802,12805,12801,5452,12802,7203,0
Página5,20,,12790,12792,12782,5345,12784,7218,0
Página5,20,,12796,12812,12812,5370,12813,7211,0
Página5,20,,12773,12780,12776,5397,12773,7209,0
Página5,20,,12710,12720,12750,5469,12741,7200,0
Página5,20,,12780,12768,12782,5453,12783,7209,0
Página5,20,,12748,12751,12761,5540,12750,7205,0
Página5,20,,12733,12726,12735,5399,12720,7202,0
Página5,20,,12723,12723,12718,5415,12724,7196,0
Página5,20,,12701,12704,12672,5418,12705,7194,0
Página5,20,,12710,12731,12698,5417,12731,7192,0
Página5,20,,12724,12731,12742,5466,12720,7192,0
Página5,20,,12749,12751,12754,5515,12754,7207,0
Página5,20,,12744,12746,12751,5429,12746,7198,0
Página5,20,,12745,12745,12747,5408,12749,7193,0
Página5,20,,12721,12726,12725,5415,12728,7190,0
Página5,20,,12757,12750,12734,5399,12750,7191,0
Página5,20,,12736,12736,12730,4606,12740,7192,0
Página5,20,,12732,12728,12714,5545,12727,7190,0
Página5,20,,12703,12703,12685,5491,12705,7191,0
Página5,20,,12696,12715,12713,5490,12715,7190,0
Página5,20,,12623,12655,12640,5478,12652,7202,0
Página5,20,,12638,12645,12652,5527,12635,7188,0
Página5,20,,12656,12660,12652,5469,12665,7186,0
Página5,20,,12735,12728,12737,5461,12722,7194,0
Página5,20,,12662,12672,12665,5477,12675,7181,0
Página5,20,,12671,12667,12665,5574,12659,7172,0
Página5,20,,12658,12655,12661,5562,12656,7179,0
Página5,20,,12678,12674,12684,5610,12676,7187,0
Página5,20,,12662,12664,12664,5531,12663,7177,0
Página5,20,,12674,12672,12668,5489,12685,7177,0
Página5,20,,12675,12667,12676,5508,12673,7188,0
Página5,20,,12680,12674,12678,5485,12678,7184,0
Página5,20,,12668,12667,12668,5346,12673,7173,0
Página5,20,,12663,12667,12667,5490,12667,7188,0
Página5,20,,12660,12651,12665,5404,12651,7220,0
Página5,20,,12654,12648,12652,5539,12653,7243,0
Página5,20,,12658,12652,12659,5424,12655,7251,0
Página5,20,,12636,12654,12626,5476,12651,7212,0
Página5,20,,12655,12651,12657,5446,12648,7195,0
Página5,20,,12649,12651,12642,5414,12641,7181,0
Página5,20,,12643,12652,12648,4957,12653,7184,0
Página5,20,,12670,12674,12651,5439,12680,7203,0
Página5,20,,12699,12697,12698,5454,12696,7199,0
Página5,20,,12686,12680,12688,5436,12690,7203,0
Página5,20,,12703,12698,12698,5467,12697,7219,0
Página5,20,,12694,12697,12696,4662,12699,7201,0
Página5,20,,12699,12701,12699,5367,12701,7198,0
Página5,20,,12698,12702,12688,5435,12702,7203,0
Página5,20,,12690,12693,12691,5425,12689,7197,0
Página5,20,,12690,12689,12688,5447,12690,7193,0
Página5,20,,12688,12687,12683,5393,12681,7180,0
Página5,20,,12703,12704,12707,5393,12703,7190,0
Página5,20,,12697,12689,12697,5404,12686,7184,0
Página5,20,,12664,12687,12673,5455,12696,7191,0
Página5,20,,12694,12694,12699,5462,12681,7176,0
Página5,20,,12677,12671,12680,5367,12664,7174,0
Página5,20,,12679,12679,12677,5468,12678,7178,0
Página5,20,,12685,12687,12688,5355,12690,7176,0
Página5,20,,12680,12673,12672,5341,12678,7175,0
Página5,20,,12675,12678,12674,5362,12670,7171,0
Página5,20,,12672,12671,12673,5420,12670,7168,0
Página5,20,,12688,12684,12687,4558,12687,7161,0
Página5,20,,12696,12680,12689,5411,12667,7162,0
Página5,20,,12651,12650,12649,5417,12641,7163,0
Página5,20,,12666,12661,12667,5404,12660,7166,0
Página5,20,,12684,12685,12683,5443,12690,7170,0
Página5,20,,12693,12705,12685,5452,12699,7172,0
Página5,20,,12689,12688,12685,5383,12667,7176,0
Página5,20,,12681,12683,12679,5396,12685,7162,0
Página5,20,,12692,12691,12694,5361,12690,7161,0
Página5,20,,12694,12699,12694,5397,12701,7174,0
Página5,20,,12683,12680,12681,5460,12679,7171,0
Página5,20,,12690,12686,12686,4590,12677,7165,0
Página5,20,,12692,12691,12670,5396,12690,7175,0
Página5,20,,12693,12681,12677,5407,12675,7170,0
Página5,20,,12695,12712,12708,5410,12702,7175,0
Página5,20,,12688,12701,12707,5405,12700,7175,0
Página5,20,,12687,12691,12701,4554,12702,7157,0
Página5,20,,12732,12745,12730,5378,12733,7160,0
Página5,20,,12701,12683,12701,5364,12696,7165,0
Página5,20,,12701,12684,12701,5340,12702,7172,0
Página5,20,,12716,12710,12727,5421,12702,7169,0
Página5,20,,12743,12735,12747,5458,12712,7172,0
Página5,20,,12720,12720,12721,5358,12717,7176,0
Página5,20,,12701,12725,12728,5358,12727,7166,0
Página5,20,,12730,12729,12739,5360,12733,7167,0
Página5,20,,12720,12702,12731,5337,12715,7163,0
Página5,20,,12724,12724,12726,4475,12720,7195,0
Página5,20,,12683,12680,12688,5315,12675,7223,0
Página5,20,,12703,12709,12688,5370,12707,7228,0
Página5,20,,12690,12687,12690,4687,12688,7202,0
Página5,20,,12681,12685,12667,5401,12685,7202,0
Página5,20,,12685,12699,12692,5405,12704,7199,0
Página5,20,,12690,12704,12704,4584,12704,7181,0
Página5,20,,12687,12703,12700,5407,12708,7183,0
Página5,20,,12738,12720,12738,5367,12744,7185,0
Página5,20,,12735,12741,12735,5401,12738,7192,0
Página5,20,,12712,12711,12712,5433,12711,7180,0
Página5,20,,12702,12701,12701,5394,12708,7177,0
Página5,20,,12689,12693,12677,5413,12696,7173,0
Página5,20,,12678,12677,12661,5397,12676,7156,0
Página5,20,,12657,12678,12678,4528,12679,7146,0
Página5,20,,12660,12689,12676,5407,12707,7159,0
Página5,20,,12696,12713,12704,5419,12708,7160,0
Página5,20,,12716,12697,12715,5406,12712,7162,0
Página5,20,,12741,12734,12734,5430,12712,7163,0
Página5,20,,12720,12723,12725,5477,12710,7152,0
Página5,20,,12696,12713,12715,5406,12713,7163,0
Página5,20,,12712,12717,12719,5437,12718,7154,0
Página5,20,,12742,12717,12725,5432,12720,7155,0
Página5,20,,12702,12704,12702,5439,12683,7152,0
Página5,20,,12703,12701,12705,5468,12692,7153,0
Página5,20,,12687,12700,12705,4935,12708,7157,0
Página5,20,,12683,12698,12696,5396,12699,7157,0
Página5,20,,12825,12811,12825,5420,12827,7177,0
Página5,20,,12856,12849,12856,5432,12832,7179,0
Página5,20,,12842,12841,12842,5476,12834,7188,0
Página5,20,,12855,12849,12851,4594,12852,7173,0
Página5,20,,12862,12872,12863,5548,12872,7181,0
Página5,20,,12848,12825,12850,5403,12817,7183,0
Página5,20,,12868,12869,12869,5454,12855,7185,0
Página5,20,,12838,12839,12838,5409,12826,7189,0
Página5,20,,12859,12853,12855,5517,12850,7180,0
Página5,20,,12840,12849,12849,5422,12846,7197,0
Página5,20,,12836,12833,12839,5432,12836,7185,0
Página5,20,,12868,12852,12865,5417,12868,7188,0
Página5,20,,12861,12843,12863,5432,12861,7184,0
Página5,20,,12862,12863,12860,5434,12848,7184,0
Página5,20,,12858,12858,12846,4715,12840,7169,0
Página5,20,,12860,12867,12870,5484,12868,7166,0
Página5,20,,12852,12850,12855,5439,12848,7170,0
Página5,20,,12851,12855,12847,5437,12852,7177,0
Página5,20,,12825,12827,12827,5430,12840,7177,0
Página5,20,,12836,12833,12845,5548,12847,7179,0
Página5,20,,12839,12838,12841,5423,12831,7181,0
Página5,20,,12844,12839,12845,5438,12838,7180,0
Página5,20,,12856,12852,12865,5414,12860,7170,0
Página5,20,,12855,12851,12855,5466,12848,7174,0
Página5,20,,12874,12863,12860,5526,12858,7172,0
Página5,20,,12836,12833,12835,5447,12834,7222,0
Página5,20,,12843,12841,12843,5418,12841,7242,0
Página5,20,,12835,12851,12837,5481,12838,7238,0
Página5,20,,12837,12839,12837,5411,12833,7228,0
Página5,20,,12846,12846,12831,5416,12846,7221,0
Página5,20,,12834,12844,12846,5389,12844,7215,0
Página5,20,,12826,12843,12845,5429,12840,7202,0
Página5,20,,12840,12869,12845,5466,12838,7201,0
Página5,20,,12833,12830,12815,4635,12838,7197,0
Página5,20,,12824,12826,12814,5428,12828,7195,0
Página5,20,,12816,12835,12833,5433,12835,7183,0
Página5,20,,12825,12808,12826,5430,12838,7197,0
Página5,20,,12829,12829,12829,5438,12820,7196,0
Página5,20,,12848,12847,12841,5438,12829,7196,0
Página5,20,,12822,12838,12835,5389,12835,7187,0
Página5,20,,12833,12821,12832,5372,12834,7178,0
Página5,20,,12847,12827,12859,5390,12858,7180,0
Página5,20,,12837,12837,12839,5377,12822,7177,0
Página5,20,,12848,12853,12848,5384,12856,7170,0
Página5,20,,12855,12855,12848,5518,12855,7193,0
Página5,20,,12844,12846,12849,5407,12840,7181,0
Página5,20,,12842,12846,12863,5456,12850,7225,0
Página5,20,,12855,12840,12854,5407,12857,7183,0
Página5,20,,12847,12848,12846,5395,12835,7185,0
Página5,20,,12845,12846,12846,4866,12832,7172,0
Página5,20,,12849,12849,12848,5437,12831,7183,0
Página5,20,,12854,12854,12852,5327,12838,7209,0
Página5,20,,12849,12849,12847,5423,12833,7183,0
Página5,20,,12851,12850,12851,5415,12850,7195,0
Página5,20,,12848,12845,12848,4626,12842,7172,0
Página5,20,,12827,12826,12831,5430,12827,7203,0
Página5,20,,12837,12837,12835,5348,12837,7208,0
Página5,20,,12824,12828,12824,5336,12837,7175,0
Página5,20,,12841,12859,12836,5389,12859,7180,0
Página5,20,,12856,12855,12855,5471,12857,7182,0
Página5,20,,12856,12855,12857,5466,12836,7187,0
Página5,20,,12848,12854,12848,5398,12858,7175,0
Página5,20,,12867,12866,12865,5366,12866,7180,0
Página5,20,,12859,12860,12863,5402,12868,7179,0
Página5,20,,12862,12856,12870,5412,12859,7183,0
Página5,20,,12850,12848,12851,4576,12847,7164,0
Página5,20,,12835,12839,12839,5448,12846,7173,0
Página5,20,,12842,12842,12841,5398,12842,7170,0
Página5,20,,12834,12839,12833,5358,12835,7174,0
Página5,20,,12842,12843,12844,5403,12843,7176,0
Página5,20,,12843,12845,12844,5353,12848,7176,0
Página5,20,,12856,12855,12855,5457,12851,7180,0
Página5,20,,12847,12848,12842,5425,12846,7179,0
Página5,20,,12845,12843,12847,5437,12845,7176,0
Página5,20,,12851,12851,12849,5463,12850,7172,0
Página5,20,,12848,12846,12849,5433,12853,7174,0
Página5,20,,12847,12846,12847,5462,12860,7168,0
Página5,20,,12880,12886,12879,5055,12889,7162,0
Página5,20,,12883,12885,12883,5423,12889,7209,0
Página5,20,,12867,12879,12881,5629,12879,7235,0
Página5,20,,12849,12846,12850,5414,12845,7243,0
Página5,20,,12846,12849,12843,5461,12844,7223,0
Página5,20,,12852,12853,12852,5443,12852,7216,0
Página5,20,,12859,12863,12857,5402,12861,7201,0
Página5,20,,12860,12860,12859,5496,12861,7203,0
Página5,20,,12879,12877,12854,5465,12877,7199,0
Página5,20,,12874,12877,12877,5508,12876,7193,0
Página5,20,,12876,12876,12877,5518,12877,7188,0
Página5,20,,12865,12865,12865,5509,12869,7193,0
Página5,20,,12865,12865,12866,5606,12867,7196,0
Página5,20,,12864,12858,12861,5407,12865,7181,0
Página5,20,,12870,12871,12873,5468,12883,7195,0
Página5,20,,12889,12888,12890,5474,12889,7188,0
Página5,20,,12874,12879,12877,5434,12880,7181,0
Página5,20,,12882,12889,12890,4662,12893,7165,0
Página5,20,,12872,12872,12869,5496,12876,7175,0
Página5,20,,12878,12878,12872,5493,12873,7208,0
Página5,20,,12884,12891,12881,4739,12869,7177,0
Página5,20,,12881,12879,12882,5480,12873,7175,0
Página5,20,,12900,12907,12894,5508,12905,7179,0
Página5,20,,12870,12865,12870,5468,12870,7191,0
Página5,20,,12853,12844,12853,5441,12848,7187,0
Página5,20,,12854,12853,12855,5492,12851,7173,0
Página5,20,,12881,12886,12879,5468,12887,7213,0
Página5,20,,12887,12888,12885,5407,12880,7212,0
Página5,20,,12873,12872,12874,4635,12874,7210,0
Página5,20,,12864,12863,12863,5479,12862,7210,0
Página5,20,,12859,12855,12856,5411,12855,7204,0
Página5,20,,12861,12871,12867,5435,12869,7190,0
Página5,20,,12862,12853,12857,5430,12858,7181,0
Página5,20,,12871,12863,12873,5491,12869,7163,0
Página5,20,,12870,12872,12870,5481,12867,7178,0
Página5,20,,12871,12869,12872,5489,12872,7178,0
Página5,20,,12849,12853,12856,5506,12850,7194,0
Página5,20,,12864,12867,12863,5514,12867,7169,0
Página5,20,,12871,12866,12853,5510,12864,7168,0
Página5,20,,12851,12854,12838,4777,12855,7177,0
Página5,20,,12868,12870,12852,5527,12872,7174,0
Página5,20,,12864,12869,12845,5461,12872,7169,0
Página5,20,,12852,12866,12872,5458,12868,7170,0
Página5,20,,12880,12868,12880,5418,12885,7173,0
Página5,20,,12889,12869,12890,5488,12887,7166,0
Página5,20,,12848,12866,12869,5479,12863,7174,0
Página5,20,,12881,12869,12877,5439,12863,7171,0
Página5,20,,12872,12874,12872,5336,12874,7173,0
Página5,20,,12867,12869,12866,5361,12866,7171,0
Página5,20,,12872,12875,12875,5443,12869,7182,0
Página5,20,,12856,12861,12864,5389,12859,7176,0
Página5,20,,12844,12841,12852,5411,12841,7173,0
Página5,20,,12831,12826,12839,5409,12833,7165,0
Página5,20,,12786,12834,12842,5443,12813,7220,0
Página5,20,,12846,12843,12840,5412,12824,7241,0
Página5,20,,12824,12827,12831,5432,12827,7237,0
Página5,20,,12838,12835,12831,5435,12835,7211,0
Página5,20,,12847,12844,12842,5495,12837,7192,0
Página5,20,,12854,12844,12851,5462,12839,7189,0
Página5,20,,12803,12801,12798,5467,12801,7183,0
Página5,20,,12782,12792,12778,5460,12788,7177,0
Página5,20,,12834,12837,12836,5471,12839,7181,0
Página5,20,,12846,12845,12842,5430,12843,7180,0
Página5,20,,12824,12840,12836,5604,12837,7205,0
Página5,20,,12829,12835,12834,5449,12840,7182,0
Página5,20,,12833,12836,12840,5443,12834,7171,0
Página5,20,,12831,12831,12827,5473,12833,7171,0
Página5,20,,12862,12862,12867,4572,12866,7168,0
Página5,20,,12859,12861,12850,5540,12854,7164,0
Página5,20,,12863,12880,12855,5481,12866,7183,0
Página5,20,,12871,12865,12870,5452,12867,7161,0
Página5,20,,12852,12836,12859,5460,12844,7171,0
Página5,20,,12869,12885,12879,5461,12869,7155,0
Página5,20,,12851,12859,12850,5427,12849,7152,0
Página5,20,,12886,12890,12876,4584,12877,7169,0
Página5,20,,12895,12896,12896,5475,12896,7163,0
Página5,20,,12851,12852,12855,5474,12847,7177,0
Página5,20,,12840,12843,12839,5434,12839,7148,0
Página5,20,,12841,12841,12846,5420,12843,7159,0
Página5,20,,12840,12844,12845,5669,12836,7158,0
Página5,20,,12828,12822,12829,5461,12815,7168,0
Página5,20,,12827,12823,12824,5468,12818,7157,0
Página5,20,,12822,12826,12825,5473,12826,7159,0
Página5,20,,12832,12826,12828,5448,12824,7155,0
Página5,20,,12836,12835,12831,5445,12830,7149,0
Página5,20,,12833,12837,12835,4562,12839,7147,0
Página5,20,,12840,12838,12835,5465,12835,7150,0
Página5,20,,12845,12848,12841,5405,12844,7149,0
Página5,20,,12864,12880,12833,5468,12873,7149,0
Página5,20,,12874,12867,12866,5403,12859,7147,0
Página5,20,,12841,12851,12859,5450,12854,7139,0
Página5,20,,12874,12878,12859,5362,12866,7148,0
Página5,20,,12873,12870,12856,4593,12875,7127,0
Página5,20,,12861,12863,12842,5446,12860,7139,0
Página5,20,,12880,12885,12860,5376,12873,7141,0
Página5,20,,12858,12872,12866,5399,12872,7137,0
Página5,20,,12877,12883,12879,5392,12882,7148,0
Página5,20,,12887,12890,12887,5348,12894,7140,0
Página5,20,,12869,12868,12866,5343,12868,7141,0
Página5,20,,12877,12879,12864,5383,12885,7188,0
Página5,20,,12874,12886,12859,5436,12885,7146,0
Página5,20,,12879,12866,12894,5329,12872,7150,0
Página5,20,,12884,12868,12881,5277,12875,7144,0
Página5,20,,12864,12865,12864,5371,12870,7149,0
Página5,20,,12902,12891,12896,5286,12897,7154,0
Página5,20,,12885,12893,12880,5281,12913,7163,0
Página5,20,,12875,12870,12874,5273,12872,7210,0
Página5,20,,12841,12839,12843,5361,12830,7222,0
Página5,20,,12845,12539,12845,5357,12850,7244,0
Página5,20,,12826,12827,12831,5240,12826,7218,0
Página5,20,,12848,12849,12851,5305,12848,7197,0
Página5,20,,12851,12851,12846,5213,12850,7191,0
Página5,20,,12856,12863,12864,5326,12857,7187,0
Página5,20,,12860,12864,12861,5351,12870,7182,0
Página5,20,,12880,12877,12881,4379,12885,7168,0
Página5,20,,12876,12874,12878,5233,12874,7179,0
Página5,20,,12869,12867,12861,5219,12868,7175,0
Página5,20,,12858,12851,12875,5198,12851,7163,0
Página5,20,,12844,12847,12839,5152,12852,7162,0
Página5,20,,12837,12836,12841,4479,12839,7156,0
Página5,20,,12848,12846,12849,5270,12846,7162,0
Página5,20,,12839,12844,12841,5137,12840,7159,0
Página5,20,,12848,12850,12845,5180,12848,7156,0
Página5,20,,12842,12840,12845,5283,12842,7156,0
Página5,20,,12840,12841,12838,5198,12829,7145,0
Página5,20,,12790,12794,12806,5221,12796,7159,0
Página5,20,,12800,12809,12799,5186,12813,7146,0
Página5,20,,12797,12797,12794,5067,12795,7146,0
Página5,20,,12794,12793,12796,5237,12794,7145,0
Página5,20,,12790,12792,12790,5191,12794,7141,0
Página5,20,,12805,12806,12806,4726,12807,7119,0
Página5,20,,12792,12796,12806,5243,12804,7121,0
Página5,20,,12789,12802,12780,5107,12810,7121,0
Página5,20,,12820,12821,12821,5073,12819,7120,0
Página5,20,,12835,12835,12833,5056,12835,7120,0
Página5,20,,12820,12818,12827,5172,12817,7124,0
Página5,20,,12831,12831,12835,5105,12830,7129,0
Página5,20,,12817,12817,12817,5174,12816,7116,0
Página5,20,,12820,12822,12817,5110,12823,7106,0
Página5,20,,12817,12816,12815,5072,12818,7123,0
Página5,20,,12819,12818,12822,5165,12818,7117,0
Página5,20,,12846,12826,12835,5146,12810,7123,0
Página5,20,,12851,12848,12840,5062,12836,7111,0
Página5,20,,12835,12836,12834,5095,12836,7111,0
Página5,20,,12827,12826,12826,5176,12827,7109,0
Página5,20,,12803,12810,12804,5061,12808,7110,0
Página5,20,,12782,12794,12776,4509,12795,7097,0
Página5,20,,12795,12795,12794,5054,12792,7109,0
Página5,20,,12786,12785,12790,5042,12782,7107,0
Página5,20,,12755,12762,12755,5033,12769,7107,0
Página5,20,,12757,12750,12756,5026,12758,7104,0
Página5,20,,12768,12763,12768,5160,12768,7097,0
Página5,20,,12761,12761,12765,4951,12764,7102,0
Página5,20,,12775,12772,12782,5043,12775,7103,0
Página5,20,,12761,12756,12757,4939,12756,7100,0
Página5,20,,12770,12749,12770,4969,12754,7102,0
Página5,20,,12754,12757,12754,4994,12749,7100,0
Página5,20,,12750,12756,12753,4484,12752,7108,0
Página5,20,,12791,12790,12791,4876,12788,7156,0
Página5,20,,12797,12791,12799,4800,12782,7184,0
Página5,20,,12794,12794,12794,4879,12795,7170,0
Página5,20,,12777,12775,12780,4851,12768,7157,0
Página5,20,,12769,12772,12773,4992,12771,7139,0
Página5,20,,12764,12769,12768,4896,12778,7140,0
Página5,20,,12771,12770,12780,4978,12773,7135,0
Página5,20,,12799,12785,12799,4925,12800,7148,0
Página5,20,,12783,12759,12787,4849,12791,7134,0
Página5,20,,12801,12802,12803,4939,12780,7131,0
Página5,20,,12677,12704,12787,4927,12689,7104,0
Página5,20,,12687,12690,12688,4885,12686,7090,0
Página5,20,,12836,12838,12825,4409,12823,7127,0
Página5,20,,12851,12857,12848,4943,12830,7119,0
Página5,20,,12843,12843,12848,5016,12845,7115,0
Página5,20,,12823,12821,12825,4996,12830,7111,0
Página5,20,,12842,12836,12836,5024,12843,7112,0
Página5,20,,12847,12850,12847,5024,12850,7100,0
Página5,20,,12770,12781,12819,4907,12785,7104,0
Página5,20,,12835,12837,12842,4917,12840,7112,0
Página5,20,,12827,12822,12831,5034,12810,7109,0
Página5,20,,12806,12800,12804,5056,12797,7103,0
Página5,20,,12802,12798,12790,4944,12794,7101,0
Página5,20,,12815,12828,12820,4424,12833,7105,0
Página5,20,,12845,12846,12844,4937,12843,7101,0
Página5,20,,12826,12813,12844,4892,12845,7111,0
Página5,20,,12841,12835,12842,4863,12843,7115,0
Página5,20,,12846,12839,12846,4516,12846,7095,0
Página5,20,,12832,12828,12839,4987,12822,7096,0
Página5,20,,12849,12849,12832,4973,12848,7101,0
Página5,20,,12823,12819,12825,4940,12819,7101,0
Página5,20,,12790,12794,12770,4941,12785,7092,0
Página5,20,,12798,12785,12727,4961,12794,7084,0
Página5,20,,12799,12807,12790,5080,12806,7093,0
Página5,20,,12323,12680,12750,5098,12763,7100,0
Página5,20,,12800,12795,12791,4909,12794,7093,0
Página5,20,,12775,12772,12774,4961,12768,7078,0
Página5,20,,12740,12748,12741,4904,12740,7079,0
Página5,20,,12746,12745,12743,4883,12745,7079,0
Página5,20,,12776,12781,12778,4363,12779,7072,0
Página5,20,,12807,12809,12803,4947,12804,7086,0
Página5,20,,12796,12797,12799,5001,12796,7086,0
Página5,20,,12776,12774,12775,5081,12774,7087,0
Página5,20,,12797,12800,12788,5013,12810,7093,0
Página5,20,,12816,12810,12818,5062,12814,7094,0
Página5,20,,12800,12800,12796,5023,12773,7099,0
Página5,20,,12813,12814,12806,4947,12799,7095,0
Página5,20,,12808,12807,12811,4962,12790,7092,0
Página5,20,,12803,12809,12805,5030,12799,7083,0
Página5,20,,12828,12822,12829,4907,12829,7090,0
Página5,20,,12821,12821,12825,4399,12828,7080,0
Página5,20,,12815,12806,12816,5054,12806,7091,0
Página5,20,,12823,12827,12816,4451,12831,7080,0
Página5,20,,12839,12837,12842,4932,12837,7143,0
Página5,20,,12866,12875,12858,4995,12876,7186,0
Página5,20,,12864,12866,12863,5008,12862,7180,0
Página5,20,,12869,12870,12870,5019,12871,7158,0
Página5,20,,12872,12881,12869,5024,12882,7167,0
Página5,20,,12847,12865,12864,5010,12865,7161,0
Página5,20,,12873,12856,12870,5058,12865,7145,0
Página5,20,,12839,12826,12848,5081,12845,7136,0
Página5,20,,12872,12859,12872,4994,12883,7132,0
Página5,20,,12897,12891,12897,5192,12876,7155,0
Página5,20,,12878,12879,12863,5053,12895,7148,0
Página5,20,,12890,12889,12874,5136,12885,7135,0
Página5,20,,12888,12905,12904,5106,12902,7128,0
Página5,20,,12895,12915,12899,4994,12911,7113,0
Página5,20,,12892,12913,12907,4945,12913,7113,0
Página5,20,,12909,12912,12886,4398,12906,7115,0
Página5,20,,12913,12904,12891,5080,12906,7116,0
Página5,20,,12895,12910,12911,5075,12902,7116,0
Página5,20,,12907,12894,12910,5113,12904,7118,0
Página5,20,,12907,12892,12899,5150,12907,7124,0
Página5,20,,12901,12891,12903,5127,12910,7118,0
Página5,20,,12909,12907,12913,5181,12910,7119,0
Página5,20,,12902,12902,12913,5154,12906,7134,0
Página5,20,,12904,12904,12904,5131,12903,7124,0
Página5,20,,12894,12895,12888,5145,12897,7119,0
Página5,20,,12882,12877,12873,5192,12872,7115,0
Página5,20,,12871,12870,12873,5123,12870,7119,0
Página5,20,,12881,12878,12877,5114,12872,7114,0
Página5,20,,12878,12878,12881,5129,12884,7115,0
Página5,20,,12885,12877,12883,5202,12863,7106,0
Página5,20,,12879,12886,12879,5141,12877,7107,0
Página5,20,,12869,12872,12873,5039,12870,7111,0
Página5,20,,12875,12865,12871,5258,12868,7113,0
Página5,20,,12871,12869,12867,5244,12869,7106,0
Página5,20,,12866,12868,12860,5279,12866,7106,0
Página5,20,,12900,12901,12894,5247,12898,7114,0
Página5,20,,12890,12890,12892,4423,12886,7097,0
Página5,20,,12892,12887,12889,5181,12889,7106,0
Página5,20,,12894,12888,12889,5191,12883,7104,0
Página5,20,,12910,12910,12907,5220,12906,7112,0
Página5,20,,12889,12892,12890,5175,12893,7108,0
Página5,20,,12902,12908,12901,5207,12898,7110,0
Página5,20,,12916,12915,12925,5169,12917,7119,0
Página5,20,,12900,12902,12906,5187,12899,7116,0
Página5,20,,12907,12904,12901,5244,12898,7113,0
Página5,20,,12900,12900,12905,5299,12902,7105,0
Página5,20,,12902,12907,12904,5294,12909,7119,0
Página5,20,,12920,12918,12929,4465,12918,7097,0
Página5,20,,12888,12891,12892,5267,12893,7110,0
Página5,20,,12873,12878,12869,5248,12879,7107,0
Página5,20,,12869,12869,12875,5262,12871,7101,0
Página5,20,,12867,12873,12870,5219,12870,7103,0
Página5,20,,12876,12872,12882,5239,12860,7152,0
Página5,20,,12857,12850,12858,5160,12847,7169,0
Página5,20,,12876,12879,12873,5241,12881,7175,0
Página5,20,,12879,12891,12881,4492,12884,7162,0
Página5,20,,12851,12858,12854,5288,12861,7142,0
Página5,20,,12851,12855,12854,5262,12857,7136,0
Página5,20,,12850,12857,12848,5286,12859,7130,0
Página5,20,,12856,12858,12857,5291,12855,7123,0
Página5,20,,12864,12861,12865,5353,12860,7118,0
Página5,20,,12863,12857,12867,5274,12839,7120,0
Página5,20,,12839,12845,12833,5295,12849,7114,0
Página5,20,,12871,12873,12869,5292,12870,7109,0
Página5,20,,12869,12864,12868,5188,12869,7108,0
Página5,20,,12904,12886,12903,5303,12882,7109,0
Página5,20,,12866,12861,12864,4767,12857,7113,0
Página5,20,,12921,12904,12895,4448,12892,7097,0
Página5,20,,12890,12898,12884,5338,12894,7115,0
Página5,20,,12902,12904,12908,5348,12905,7113,0
Página5,20,,12890,12890,12883,5320,12892,7106,0
Página5,20,,12893,12897,12895,4438,12896,7095,0
Página5,20,,12886,12882,12886,5251,12880,7107,0
Página5,20,,12876,12871,12870,5274,12877,7104,0
Página5,20,,12860,12857,12857,5235,12858,7095,0
Página5,20,,12845,12847,12847,5267,12850,7086,0
Página5,20,,12863,12864,12860,5311,12858,7095,0
Página5,20,,12831,12819,12834,5295,12810,7094,0
Página5,20,,12836,12835,12834,5258,12836,7097,0
Página5,20,,12837,12829,12837,5321,12829,7095,0
Página5,20,,12826,12834,12832,5315,12842,7089,0
Página5,20,,12851,12856,12854,5306,12857,7095,0
Página5,20,,12858,12857,12856,4617,12857,7075,0
Página5,20,,12873,12871,12857,5297,12852,7097,0
Página5,20,,12881,12888,12877,5323,12880,7094,0
Página5,20,,12864,12868,12860,5274,12858,7093,0
Página5,20,,12860,12860,12859,5316,12859,7095,0
Página5,20,,12846,12860,12848,5419,12858,7087,0
Página5,20,,12849,12845,12845,5345,12861,7101,0
Página5,20,,12852,12848,12850,5310,12844,7091,0
Página5,20,,12869,12864,12872,5297,12866,7096,0
Página5,20,,12873,12869,12870,5292,12867,7093,0
Página5,20,,12865,12860,12863,4755,12862,7084,0
Página5,20,,12855,12858,12859,5356,12868,7086,0
Página5,20,,12870,12873,12869,5302,12878,7092,0
Página5,20,,12882,12891,12877,5276,12889,7092,0
Página5,20,,12878,12877,12879,5280,12877,7091,0
Página5,20,,12877,12876,12875,5295,12884,7093,0
Página5,20,,12883,12886,12883,5479,12890,7093,0
Página5,20,,12880,12890,12890,5314,12893,7100,0
Página5,20,,12893,12886,12895,5257,12885,7099,0
Página5,20,,12874,12878,12877,5292,12874,7088,0
Página5,20,,12877,12881,12876,5266,12878,7089,0
Página5,20,,12883,12885,12884,5294,12888,7089,0
Página5,20,,12869,12879,12869,4437,12880,7078,0
Página5,20,,12879,12881,12881,5241,12889,7127,0
Página5,20,,12861,12846,12864,5261,12867,7162,0
Página5,20,,12883,12884,12887,5270,12878,7160,0
Página5,20,,12860,12858,12861,5326,12861,7135,0
Página5,20,,12860,12861,12861,5364,12867,7125,0
Página5,20,,12862,12863,12859,5322,12865,7117,0
Página5,20,,12834,12839,12836,5251,12836,7108,0
Página5,20,,12830,12837,12824,4354,12840,7107,0
Página5,20,,12848,12849,12852,5334,12849,7096,0
Página5,20,,12859,12849,12856,4898,12859,7083,0
Página5,20,,12856,12857,12853,5305,12860,7090,0
Página5,20,,12816,12812,12811,5343,12812,7098,0
Página5,20,,12803,12806,12804,5387,12802,7092,0
Página5,20,,12837,12834,12840,5366,12829,7106,0
Página5,20,,12748,12849,12839,5385,12855,7110,0
Página5,20,,12835,12834,12838,5420,12835,7107,0
Página5,20,,12820,12818,12824,5383,12816,7106,0
Página5,20,,12815,12817,12809,5394,12815,7104,0
Página5,20,,12820,12818,12826,4472,12821,7092,0
Página5,20,,12830,12830,12832,5372,12836,7102,0
Página5,20,,12818,12812,12820,5354,12804,7094,0
Página5,20,,12821,12819,12811,5350,12821,7094,0
Página5,20,,12900,12894,12894,5367,12899,7086,0
Página5,20,,12898,12894,12883,5332,12890,7080,0
Página5,20,,12872,12847,12881,5221,12847,7091,0
Página5,20,,12834,12833,12833,5268,12826,7087,0
Página5,20,,12807,12803,12794,5325,12805,7088,0
Página5,20,,12810,12814,12788,5270,12815,7117,0
Página5,20,,12800,12821,12821,5281,12823,7090,0
Página5,20,,12816,12819,12803,5165,12820,7090,0
Página5,20,,12792,12806,12811,5218,12807,7085,0
Página5,20,,12794,12808,12810,5215,12810,7080,0
Página5,20,,12796,12814,12811,5270,12813,7083,0
Página5,20,,12812,12793,12814,5219,12815,7083,0
Página5,20,,12804,12784,12815,4383,12799,7069,0
Página5,20,,12813,12804,12815,4691,12804,7073,0
Página5,20,,12796,12785,12797,5385,12804,7083,0
Página5,20,,12815,12795,12811,5351,12813,7084,0
Página5,20,,12782,12784,12792,5386,12766,7077,0
Página5,20,,12786,12800,12782,5250,12786,7077,0
Página5,20,,12791,12789,12795,5351,12806,7097,0
Página5,20,,12798,12810,12781,5334,12803,7086,0
Página5,20,,12815,12810,12790,5365,12805,7084,0
Página5,20,,12781,12798,12799,5395,12793,7080,0
Página5,20,,12781,12805,12796,5383,12794,7077,0
Página5,20,,12798,12791,12798,4492,12801,7065,0
Página5,20,,12775,12778,12795,5372,12781,7077,0
Página5,20,,12793,12778,12801,5402,12790,7075,0
Página5,20,,12810,12810,12813,5384,12796,7078,0
Página5,20,,12807,12815,12803,5406,12798,7078,0
Página5,20,,12821,12812,12825,5460,12809,7073,0
Página5,20,,12691,12712,12715,5363,12714,7067,0
Página5,20,,12370,12676,12453,5373,12867,7135,0
Página5,20,,12861,12845,12856,5431,12845,7167,0
Página5,20,,12887,12886,12880,5342,12886,7168,0
Página5,20,,12898,12903,12902,5521,12897,7151,0
Página5,20,,12888,12848,12880,5380,12784,7141,0
Página5,20,,12891,12891,12887,5381,12889,7138,0
Página5,20,,12889,12897,12904,4465,12899,7121,0
Página5,20,,12902,12905,12904,5323,12905,7125,0
Página5,20,,12908,12891,12911,5392,12912,7123,0
Página5,20,,12916,12915,12914,5382,12827,7116,0
Página5,20,,12906,12904,12904,5346,12904,7106,0
Página5,20,,12870,12854,12875,5419,12854,7110,0
Página5,20,,12937,12940,12939,5370,12926,7118,0
Página5,20,,12919,12919,12914,5389,12919,7114,0
Página5,20,,12921,12915,12922,5361,12915,7114,0
Página5,20,,12912,12911,12912,5399,12908,7109,0
Página5,20,,12928,12929,12942,5358,12927,7114,0
Página5,20,,12919,12929,12805,4460,12935,7115,0
Página5,20,,12523,12649,12388,5264,12377,7028,0
Página5,20,,12900,12903,12911,5330,12899,7102,0
Página5,20,,12926,12929,12923,5361,12924,7106,0
Página5,20,,12936,12933,12933,5396,12928,7109,0
Página5,20,,12938,12943,12939,5345,12950,7105,0
Página5,20,,12932,12931,12935,5347,12931,7109,0
Página5,20,,12930,12933,12938,5332,12939,7104,0
Página5,20,,12949,12951,12929,5325,12944,7106,0
Página5,20,,12918,12919,12901,5344,12915,7104,0
Página5,20,,12896,12909,12890,5349,12909,7099,0
Página5,20,,12922,12927,12914,4673,12928,7104,0
Página5,20,,12916,12909,12910,4590,12903,7096,0
Página5,20,,12947,12932,12901,5385,12900,7105,0
Página5,20,,12860,12875,12870,5402,12877,7092,0
Página5,20,,12860,12841,12874,5358,12838,7088,0
Página5,20,,12827,12856,12845,4639,12844,7072,0
Página5,20,,12728,12695,12753,5338,12714,7053,0
Página5,20,,12792,12798,12790,5302,12809,7071,0
Página5,20,,12309,12360,12310,5279,12310,6967,0
Página5,20,,12811,12804,12808,5308,12787,7071,0
Página5,20,,12833,12833,12834,5332,12821,7075,0
Página5,20,,12818,12834,12833,4611,12838,7077,0
Página5,20,,12327,12695,12337,5182,12775,7063,0
Página5,20,,12813,12802,12810,5276,12822,7073,0
Página5,20,,12827,12835,12817,5305,12820,7073,0
Página5,20,,12845,12841,12841,5300,12831,7066,0
Página5,20,,12846,12811,12859,4471,12794,7055,0
Página5,20,,12832,12819,12852,5284,12795,7063,0
Página5,20,,12789,12793,12796,5384,12797,7061,0
Página5,20,,12781,12782,12782,5317,12781,7051,0
Página5,20,,12777,12779,12781,5342,12777,7045,0
Página5,20,,12816,12804,12811,5378,12799,7059,0
Página5,20,,12766,12777,12781,5264,12777,7065,0
Página5,20,,12772,12764,12788,5285,12786,7063,0
Página5,20,,12792,12797,12811,5256,12782,7059,0
Página5,20,,12784,12813,12787,4693,12809,7093,0
Página5,20,,12830,12824,12814,5290,12788,7141,0
Página5,20,,12808,12782,12816,5318,12788,7134,0
Página5,20,,12794,12803,12798,5242,12828,7116,0
Página5,20,,12832,12796,12814,5366,12797,7109,0
Página5,20,,12810,12802,12802,5283,12818,7110,0
Página5,20,,12785,12810,12806,5291,12780,7096,0
Página6,20,,5672,11854,262,4291,13815,5213,0
Página6,20,,5668,11853,263,4294,13837,5203,0
Página6,20,,5658,11853,261,4282,13836,5203,0
Página6,20,,5654,11819,262,4286,13794,5198,0
Página6,20,,5651,11772,261,4284,13648,5194,0
Página6,20,,5649,11816,261,4283,13741,5190,0
Página6,20,,5643,11778,261,4287,13742,5179,0
Página6,20,,5641,11799,261,4293,13776,5176,0
Página6,20,,5639,11823,262,4288,13803,5172,0
Página6,20,,5636,11828,262,4288,13814,5174,0
Página6,20,,5633,11831,260,4293,13817,5171,0
Página6,20,,5631,11839,261,4290,13832,5167,0
Página6,20,,5630,11839,260,4287,13835,5160,0
Página6,20,,5618,11834,261,4287,13833,5161,0
Página6,20,,5622,11815,261,4288,13826,5157,0
Página6,20,,5620,11838,261,4293,13860,5155,0
Página6,20,,5618,11856,261,4297,13839,5152,0
Página6,20,,5614,11859,261,4296,13870,5144,0
Página6,20,,5614,11871,261,4292,13887,5140,0
Página6,20,,5612,11875,260,4296,13880,5144,0
Página6,20,,5610,11873,261,4297,13892,5135,0
Página6,20,,5607,11863,260,4305,13881,5139,0
Página6,20,,5606,11865,261,4308,13887,5137,0
Página6,20,,5606,11861,261,4306,13877,5137,0
Página6,20,,5602,11847,262,4307,13859,5132,0
Página6,20,,5600,11849,261,4307,13866,5124,0
Página6,20,,5599,11855,262,4314,13875,5128,0
Página6,20,,5596,11843,261,4306,13869,5128,0
Página6,20,,5594,11847,261,4307,13870,5126,0
Página6,20,,5594,11848,260,4305,13873,5124,0
Página6,20,,5591,11843,260,4305,13866,5122,0
Página6,20,,5590,11840,261,4308,13861,5120,0
Página6,20,,5589,11841,260,4309,13863,5119,0
Página6,20,,5587,11831,260,4309,13859,5118,0
Página6,20,,5588,11843,260,4309,13871,5122,0
Página6,20,,5588,11833,261,4308,13846,5114,0
Página6,20,,5587,11826,262,4302,13856,5111,0
Página6,20,,5580,11811,262,4293,13838,5106,0
Página6,20,,5575,11821,262,4294,13846,5102,0
Página6,20,,5573,11810,262,4304,13834,5100,0
Página6,20,,5573,11824,261,4309,13849,5099,0
Página6,20,,5572,11810,262,4311,13832,5098,0
Página6,20,,5574,11811,262,4316,13826,5098,0
Página6,20,,5570,11805,262,4316,13825,5096,0
Página6,20,,5569,11801,262,4323,13827,5094,0
Página6,20,,5566,11791,263,4326,13814,5094,0
Página6,20,,5568,11799,262,4330,13817,5093,0
Página6,20,,5566,11800,262,4329,13823,5094,0
Página6,20,,5567,11798,262,4332,13814,5093,0
Página6,20,,5566,11787,263,4338,13801,5091,0
Página6,20,,5566,11805,264,4335,13830,5090,0
Página6,20,,5564,11798,262,4334,13824,5089,0
Página6,20,,5564,11803,262,4332,13829,5088,0
Página6,20,,5567,11821,261,4335,13853,5088,0
Página6,20,,5564,11818,262,4335,13844,5086,0
Página6,20,,5562,11800,263,4335,13840,5086,0
Página6,20,,5562,11807,262,4336,13836,5085,0
Página6,20,,5560,11792,262,4339,13819,5085,0
Página6,20,,5560,11778,261,4336,13798,5083,0
Página6,20,,5550,11758,261,4346,13779,5083,0
Página6,20,,5558,11768,262,4339,13792,5083,0
Página6,20,,5556,11760,262,4344,13777,5080,0
Página6,20,,5556,11756,262,4346,13773,5081,0
Página6,20,,5549,11755,262,4347,13777,5080,0
Página6,20,,5549,11804,262,4351,13851,5080,0
Página6,20,,5557,11800,262,4350,13831,5079,0
Página6,20,,5557,11819,262,4354,13848,5079,0
Página6,20,,5558,11835,263,4353,13884,5079,0
Página6,20,,5551,11837,263,4352,13885,5078,0
Página6,20,,5552,11832,264,4359,13898,5080,0
Página6,20,,5556,11830,264,4360,13876,5077,0
Página6,20,,5556,11821,264,4360,13861,5075,0
Página6,20,,5555,11828,262,4362,13876,5075,0
Página6,20,,5548,11828,263,4368,13877,5074,0
Página6,20,,5554,11813,263,4366,13880,5074,0
Página6,20,,5554,11811,263,4366,13874,5074,0
Página6,20,,5553,11810,262,4368,13877,5073,0
Página6,20,,5551,11819,263,4362,13854,5072,0
Página6,20,,5552,11821,264,4363,13857,5072,0
Página6,20,,5550,11824,263,4365,13877,5066,0
Página6,20,,5557,11828,263,4366,13879,5072,0
Página6,20,,5550,11796,263,4365,13862,5071,0
Página6,20,,5549,11803,264,4364,13858,5070,0
Página6,20,,5550,11816,262,4366,13859,5070,0
Página6,20,,5549,11826,261,4369,13869,5069,0
Página6,20,,5549,11821,264,4371,13872,5067,0
Página6,20,,5549,11821,263,4369,13877,5068,0
Página6,20,,5548,11826,263,4374,13877,5061,0
Página6,20,,5548,11806,263,4369,13864,5067,0
Página6,20,,5546,11806,264,4377,13856,5066,0
Página6,20,,5545,11809,262,4379,13864,5066,0
Página6,20,,5533,11785,264,4371,13836,5066,0
Página6,20,,5539,11777,265,4363,13792,5062,0
Página6,20,,5500,11175,262,4349,12986,5056,0
Página6,20,,5491,10958,261,4355,12780,5057,0
Página6,20,,5492,11064,260,4352,12875,5054,0
Página6,20,,5494,11120,261,4359,12941,5054,0
Página6,20,,5492,11106,261,4362,12926,5054,0
Página6,20,,5490,11038,260,4364,12834,5052,0
Página6,20,,5496,11114,261,4364,12932,5053,0
Página6,20,,5492,11102,260,4366,12910,5052,0
Página6,20,,5492,11092,261,4369,12908,5052,0
Página6,20,,5489,11026,260,4363,12833,5051,0
Página6,20,,5484,10999,260,4364,12790,5051,0
Página6,20,,5487,10999,260,4365,12806,5050,0
Página6,20,,5486,10992,259,4359,12788,5051,0
Página6,20,,5482,10944,259,4369,12758,5050,0
Página6,20,,5485,11019,259,4366,12853,5049,0
Página6,20,,5484,11009,259,4369,12858,5049,0
Página6,20,,5484,11044,259,4370,12891,5049,0
Página6,20,,5477,11012,259,4372,12797,5049,0
Página6,20,,5481,10995,259,4370,12770,5047,0
Página6,20,,5474,10950,259,4372,12811,5048,0
Página6,20,,5475,11007,259,4375,12839,5047,0
Página6,20,,5481,10948,260,4374,12793,5046,0
Página6,20,,5479,10948,259,4371,12706,5046,0
Página6,20,,5463,10912,259,4373,12733,5045,0
Página6,20,,5470,10927,259,4379,12715,5045,0
Página6,20,,5478,10945,259,4377,12738,5044,0
Página6,20,,5476,10970,259,4377,12775,5044,0
Página6,20,,5474,10939,259,4378,12758,5043,0
Página6,20,,5475,10962,260,4384,12779,5043,0
Página6,20,,5473,10933,260,4386,12754,5035,0
Página6,20,,5475,10966,260,4391,12769,5039,0
Página6,20,,5473,10958,260,4391,12731,5040,0
Página6,20,,5471,10922,259,4388,12728,5040,0
Página6,20,,5471,10932,260,4393,12722,5040,0
Página6,20,,5468,10905,259,4393,12691,5038,0
Página6,20,,5468,10891,259,4392,12663,5038,0
Página6,20,,5467,10898,260,4393,12670,5037,0
Página6,20,,5470,10951,259,4396,12704,5037,0
Página6,20,,5466,10916,260,4389,12673,5037,0
Página6,20,,5467,10902,258,4387,12702,5031,0
Página6,20,,5465,10880,259,4387,12696,5035,0
Página6,20,,5465,10888,259,4389,12676,5034,0
Página6,20,,5465,10893,258,4391,12724,5028,0
Página6,20,,5468,10960,259,4395,12714,5028,0
Página6,20,,5466,10916,259,4393,12686,5033,0
Página6,20,,5465,10899,259,4396,12649,5028,0
Página6,20,,5464,10922,260,4395,12671,5024,0
Página6,20,,5465,10947,259,4396,12711,5031,0
Página6,20,,5461,10870,259,4397,12683,5030,0
Página6,20,,5462,10896,259,4399,12706,5030,0
Página6,20,,5462,10907,259,4399,12711,5030,0
Página6,20,,5461,10898,258,4398,12702,5029,0
Página6,20,,5459,10884,259,4400,12683,5029,0
Página6,20,,5459,10886,260,4401,12678,5029,0
Página6,20,,5457,10901,261,4378,12684,5025,0
Página6,20,,5455,10890,262,4383,12712,5023,0
Página6,20,,5453,10875,261,4398,12697,5022,0
Página6,20,,5453,10888,261,4405,12697,5021,0
Página6,20,,5453,10890,261,4408,12697,5022,0
Página6,20,,5453,10877,261,4412,12721,5020,0
Página6,20,,5450,10891,260,4404,12703,5020,0
Página6,20,,5449,10908,260,4407,12750,5019,0
Página6,20,,5447,10878,261,4410,12654,5018,0
Página6,20,,5445,10863,259,4409,12685,5019,0
Página6,20,,5445,10869,260,4408,12685,5015,0
Página6,20,,5444,10858,259,4412,12675,5017,0
Página6,20,,5444,10848,259,4410,12666,5016,0
Página6,20,,5447,10850,260,4416,12671,5016,0
Página6,20,,5446,10850,260,4419,12669,5015,0
Página6,20,,5447,10857,260,4415,12684,5015,0
Página6,20,,5447,10876,260,4417,12698,5015,0
Página6,20,,5445,10841,259,4419,12675,5014,0
Página6,20,,5445,10862,260,4423,12686,5014,0
Página6,20,,5443,10842,260,4423,12662,5013,0
Página6,20,,5444,10841,260,4423,12667,5013,0
Página6,20,,5442,10828,260,4424,12645,5012,0
Página6,20,,5438,10845,260,4428,12666,5011,0
Página6,20,,5440,10833,260,4433,12652,5011,0
Página6,20,,5438,10800,260,4431,12618,5010,0
Página6,20,,5437,10795,260,4433,12603,5010,0
Página6,20,,5435,10772,260,4438,12628,5011,0
Página6,20,,5439,10835,261,4437,12654,5008,0
Página6,20,,5439,10839,262,4442,12670,5009,0
Página6,20,,5439,10837,261,4443,12670,5008,0
Página6,20,,5434,10787,261,4444,12595,5008,0
Página6,20,,5436,10794,261,4443,12609,5011,0
Página6,20,,5437,10793,261,4444,12610,5007,0
Página6,20,,5433,10782,259,4439,12578,5007,0
Página6,20,,5432,10776,260,4437,12577,5006,0
Página6,20,,5431,10772,260,4441,12591,4999,0
Página6,20,,5431,10775,261,4444,12590,4998,0
Página6,20,,5429,10781,260,4447,12606,5004,0
Página6,20,,5424,10747,261,4450,12626,5004,0
Página6,20,,5427,10793,260,4451,12707,5004,0
Página6,20,,5438,10892,260,4455,12818,5003,0
Página6,20,,5439,10914,261,4452,12833,5003,0
Página6,20,,5430,10760,261,4442,12642,5003,0
Página6,20,,5438,10924,262,4459,12867,5002,0
Página6,20,,5465,11368,263,4469,13465,5004,0
Página6,20,,5468,11450,265,4475,13571,5003,0
Página6,20,,5459,11294,262,4472,13352,5002,0
Página6,20,,5468,11408,264,4479,13497,5003,0
Página6,20,,5463,11348,263,4476,13453,4996,0
Página6,20,,5463,11384,263,4481,13482,4998,0
Página6,20,,5462,11372,263,4482,13478,5001,0
Página6,20,,5462,11394,264,4486,13511,5000,0
Página6,20,,5463,11390,264,4490,13507,5000,0
Página6,20,,5462,11379,264,4494,13484,4999,0
Página6,20,,5464,11406,264,4493,13516,4999,0
Página6,20,,5459,11433,266,4481,13565,5001,0
Página6,20,,5459,11470,267,4470,13606,4997,0
Página6,20,,5464,11473,266,4470,13630,4995,0
Página6,20,,5463,11468,266,4488,13616,4993,0
Página6,20,,5463,11478,265,4494,13638,4993,0
Página6,20,,5463,11462,266,4499,13618,4992,0
Página6,20,,5460,11441,265,4504,13591,4993,0
Página6,20,,5462,11456,265,4497,13609,4992,0
Página6,20,,5460,11462,265,4501,13619,4993,0
Página6,20,,5461,11465,266,4500,13620,4992,0
Página6,20,,5459,11462,265,4505,13617,4992,0
Página6,20,,5459,11471,265,4506,13632,4993,0
Página6,20,,5459,11448,265,4501,13598,4991,0
Página6,20,,5459,11463,265,4506,13626,4991,0
Página6,20,,5458,11453,265,4507,13612,4991,0
Página6,20,,5457,11434,265,4509,13583,4991,0
Página6,20,,5457,11444,265,4512,13600,4991,0
Página6,20,,5457,11437,266,4512,13597,4991,0
Página6,20,,5457,11449,265,4516,13615,4989,0
Página6,20,,5456,11437,264,4514,13598,4990,0
Página6,20,,5457,11445,266,4514,13611,4990,0
Página6,20,,5457,11439,264,4514,13603,4989,0
Página6,20,,5459,11436,265,4517,13601,4992,0
Página6,20,,5458,11445,264,4524,13610,4990,0
Página6,20,,5457,11452,266,4516,13622,4989,0
Página6,20,,5453,11456,265,4519,13629,4989,0
Página6,20,,5456,11449,266,4522,13625,4989,0
Página6,20,,5458,11453,266,4527,13628,4988,0
Página6,20,,5456,11450,265,4531,13626,4988,0
Página6,20,,5456,11448,266,4532,13620,4987,0
Página6,20,,5456,11449,266,4530,13626,4987,0
Página6,20,,5455,11443,266,4533,13618,4987,0
Página6,20,,5455,11445,266,4537,13622,4986,0
Página6,20,,5450,11437,266,4535,13621,4987,0
Página6,20,,5450,11435,264,4531,13609,4986,0
Página6,20,,5449,11434,265,4536,13616,4986,0
Página6,20,,5453,11437,265,4538,13616,4986,0
Página6,20,,5453,11430,266,4536,13618,4985,0
Página6,20,,5452,11430,265,4538,13610,4986,0
Página6,20,,5447,11429,267,4538,13620,4984,0
Página6,20,,5452,11430,266,4540,13610,4984,0
Página6,20,,5451,11427,265,4543,13602,4983,0
Página6,20,,5451,11429,267,4544,13609,4983,0
Página6,20,,5451,11418,266,4547,13600,4983,0
Página6,20,,5447,11422,266,4549,13596,4983,0
Página6,20,,5450,11418,266,4549,13600,4982,0
Página6,20,,5449,11421,266,4553,13608,4982,0
Página6,20,,5449,11414,266,4551,13592,4982,0
Página6,20,,5450,11415,266,4547,13590,4981,0
Página6,20,,5449,11418,266,4550,13594,4982,0
Página6,20,,5448,11408,266,4549,13581,4981,0
Página6,20,,5443,11400,265,4548,13573,4981,0
Página6,20,,5444,11405,265,4551,13582,4980,0
Página6,20,,5447,11403,267,4552,13591,4980,0
Página6,20,,5448,11427,267,4534,13630,4980,0
Página6,20,,5534,11613,270,4531,13835,5059,0
Página6,20,,5550,11619,270,4533,13848,5076,0
Página6,20,,5559,11631,269,4555,13857,5086,0
Página6,20,,5566,11635,272,4563,13863,5094,0
Página6,20,,5575,11644,270,4567,13868,5103,0
Página6,20,,5582,11654,271,4570,13883,5111,0
Página6,20,,5590,11656,271,4577,13890,5119,0
Página6,20,,5599,11659,271,4578,13874,5126,0
Página6,20,,5604,11658,272,4577,13886,5129,0
Página6,20,,5608,11665,270,4584,13891,5141,0
Página6,20,,5615,11669,271,4587,13894,5148,0
Página6,20,,5619,11654,271,4588,13872,5155,0
Página6,20,,5624,11674,271,4590,13899,5161,0
Página6,20,,5630,11680,271,4590,13908,5167,0
Página6,20,,5636,11675,273,4593,13912,5173,0
Página6,20,,5637,11677,271,4589,13885,5177,0
Página6,20,,5642,11676,270,4591,13884,5182,0
Página6,20,,5645,11672,272,4600,13892,5179,0
Página6,20,,5648,11677,272,4596,13903,5185,0
Página6,20,,5652,11659,272,4599,13899,5194,0
Página6,20,,5655,11666,272,4605,13902,5197,0
Página6,20,,5656,11674,272,4604,13894,5202,0
Página6,20,,5658,11676,273,4609,13889,5205,0
Página6,20,,5662,11681,273,4610,13903,5202,0
Página6,20,,5665,11665,272,4610,13898,5213,0
Página6,20,,5666,11686,273,4615,13895,5213,0
Página6,20,,5666,11688,273,4616,13892,5216,0
Página6,20,,5668,11673,273,4619,13874,5218,0
Página6,20,,5669,11668,272,4621,13901,5214,0
Página6,20,,5671,11670,273,4622,13895,5217,0
Página6,20,,5672,11673,274,4619,13890,5219,0
Página6,20,,5673,11675,274,4624,13883,5221,0
Página6,20,,5674,11677,273,4622,13898,5228,0
Página6,20,,5674,11669,272,4625,13881,5229,0
Página6,20,,5674,11672,273,4624,13892,5233,0
Página6,20,,5675,11666,273,4621,13870,5233,0
Página6,20,,5676,11674,273,4627,13876,5234,0
Página6,20,,5678,11675,273,4624,13894,5229,0
Página6,20,,5677,11676,272,4629,13895,5230,0
Página6,20,,5678,11674,272,4628,13886,5238,0
Página6,20,,5680,11657,274,4626,13889,5241,0
Página6,20,,5677,11655,272,4628,13873,5239,0
Página6,20,,5677,11653,272,4634,13868,5240,0
Página6,20,,5670,11661,274,4632,13883,5241,0
Página6,20,,5668,11642,274,4633,13857,5241,0
Página6,20,,5676,11630,273,4634,13852,5241,0
Página6,20,,5678,11640,274,4635,13877,5243,0
Página6,20,,5676,11638,274,4635,13868,5243,0
Página6,20,,5676,11639,273,4640,13869,5243,0
Página6,20,,5676,11661,273,4639,13858,5243,0
Página6,20,,5675,11660,274,4641,13859,5244,0
Página6,20,,5680,11652,273,4645,13874,5238,0
Página6,20,,5669,11654,274,4639,13873,5244,0
Página6,20,,5668,11653,273,4642,13865,5245,0
Página6,20,,5674,11637,274,4617,13848,5245,0
Página6,20,,5670,11639,273,4599,13853,5246,0
Página6,20,,5668,11657,274,4590,13881,5242,0
Página6,20,,5667,11647,275,4615,13880,5241,0
Página6,20,,5660,11669,273,4625,13890,5243,0
Página6,20,,5667,11668,273,4631,13895,5243,0
Página6,20,,5667,11653,274,4633,13874,5242,0
Página6,20,,5665,11660,273,4627,13887,5241,0
Página6,20,,5664,11653,273,4639,13875,5241,0
Página6,20,,5664,11653,273,4645,13877,5242,0
Página6,20,,5663,11650,273,4644,13880,5241,0
Página6,20,,5663,11654,273,4649,13887,5241,0
Página6,20,,5653,11519,274,4648,13697,5240,0
Página6,20,,5632,11162,271,4642,13186,5238,0
Página6,20,,5631,11092,272,4638,13163,5237,0
Página6,20,,5631,11107,272,4638,13125,5239,0
Página6,20,,5625,11046,272,4636,13044,5238,0
Página6,20,,5617,10973,272,4641,12937,5237,0
Página6,20,,5616,10991,271,4634,12946,5236,0
Página6,20,,5612,10916,270,4633,12847,5235,0
Página6,20,,5611,10912,270,4633,12863,5236,0
Página6,20,,5610,10907,269,4634,12851,5236,0
Página6,20,,5609,10913,270,4639,12840,5235,0
Página6,20,,5606,10880,270,4641,12801,5235,0
Página6,20,,5608,10913,269,4640,12826,5235,0
Página6,20,,5603,10854,270,4638,12767,5233,0
Página6,20,,5606,10875,270,4640,12787,5234,0
Página6,20,,5603,10868,272,4636,12775,5234,0
Página6,20,,5603,10881,270,4640,12808,5232,0
Página6,20,,5601,10871,270,4642,12793,5232,0
Página6,20,,5600,10870,269,4641,12796,5232,0
Página6,20,,5600,10876,269,4640,12793,5230,0
Página6,20,,5598,10838,270,4644,12757,5232,0
Página6,20,,5597,10842,270,4648,12748,5232,0
Página6,20,,5598,10866,269,4642,12760,5230,0
Página6,20,,5594,10833,271,4643,12735,5231,0
Página6,20,,5596,10862,269,4644,12781,5230,0
Página6,20,,5588,10822,270,4646,12736,5230,0
Página6,20,,5593,10836,270,4638,12728,5230,0
Página6,20,,5592,10852,268,4642,12753,5229,0
Página6,20,,5589,10834,268,4641,12751,5228,0
Página6,20,,5589,10838,270,4643,12756,5228,0
Página6,20,,5587,10842,270,4648,12771,5228,0
Página6,20,,5587,10825,269,4658,12744,5227,0
Página6,20,,5585,10806,268,4648,12693,5227,0
Página6,20,,5581,10777,270,4648,12678,5226,0
Página6,20,,5575,10763,268,4648,12648,5225,0
Página6,20,,5578,10749,268,4647,12683,5225,0
Página6,20,,5572,10549,269,4642,12777,5227,0
Página6,20,,5548,10146,268,4642,13019,5224,0
Página6,20,,5572,10561,270,4646,12725,5224,0
Página6,20,,5569,10539,268,4647,12801,5222,0
Página6,20,,5565,10540,268,4649,12779,5222,0
Página6,20,,5560,10538,269,4654,12778,5222,0
Página6,20,,5568,10541,268,4653,12776,5222,0
Página6,20,,5568,10557,269,4631,12785,5221,0
Página6,20,,5565,10579,270,4601,12822,5219,0
Página6,20,,5557,10590,270,4603,12805,5217,0
Página6,20,,5563,10592,271,4625,12803,5216,0
Página6,20,,5563,10590,269,4630,12795,5215,0
Página6,20,,5563,10622,270,4637,12759,5215,0
Página6,20,,5563,10647,268,4638,12757,5216,0
Página6,20,,5569,10752,270,4657,12728,5215,0
Página6,20,,5567,10755,270,4652,12707,5207,0
Página6,20,,5565,10743,269,4653,12677,5212,0
Página6,20,,5563,10752,270,4652,12710,5213,0
Página6,20,,5564,10760,268,4655,12683,5211,0
Página6,20,,5563,10767,268,4654,12735,5212,0
Página6,20,,5562,10743,271,4650,12699,5211,0
Página6,20,,5562,10755,269,4661,12721,5206,0
Página6,20,,5561,10762,269,4666,12711,5206,0
Página6,20,,5562,10780,269,4667,12696,5210,0
Página6,20,,5550,10528,269,4669,12845,5209,0
Página6,20,,5564,10811,268,4661,12673,5211,0
Página6,20,,5561,10782,269,4666,12691,5209,0
Página6,20,,5557,10753,269,4666,12681,5208,0
Página6,20,,5557,10774,269,4670,12685,5208,0
Página6,20,,5556,10762,268,4665,12672,5208,0
Página6,20,,5555,10753,269,4668,12654,5208,0
Página6,20,,5556,10755,269,4663,12652,5206,0
Página6,20,,5555,10780,270,4664,12682,5207,0
Página6,20,,5556,10780,269,4671,12703,5201,0
Página6,20,,5554,10775,269,4672,12686,5199,0
Página6,20,,5557,10786,271,4676,12703,5206,0
Página6,20,,5551,10754,270,4668,12668,5206,0
Página6,20,,5553,10761,270,4674,12677,5206,0
Página6,20,,5550,10741,269,4674,12631,5204,0
Página6,20,,5550,10755,270,4677,12655,5202,0
Página6,20,,5547,10751,268,4677,12654,5198,0
Página6,20,,5548,10747,269,4677,12675,5198,0
Página6,20,,5547,10750,269,4679,12669,5197,0
Página6,20,,5546,10760,269,4678,12669,5203,0
Página6,20,,5544,10743,269,4681,12662,5202,0
Página6,20,,5546,10776,269,4678,12709,5202,0
Página6,20,,5544,10788,268,4681,12716,5202,0
Página6,20,,5546,10789,268,4675,12709,5196,0
Página6,20,,5545,10790,269,4683,12710,5201,0
Página6,20,,5544,10792,268,4679,12715,5201,0
Página6,20,,5544,10783,268,4681,12714,5200,0
Página6,20,,5543,10782,268,4682,12726,5200,0
Página6,20,,5544,10801,269,4680,12727,5201,0
Página6,20,,5541,10793,268,4677,12716,5199,0
Página6,20,,5541,10796,268,4678,12714,5198,0
Página6,20,,5541,10800,268,4682,12719,5197,0
Página6,20,,5539,10776,269,4681,12685,5198,0
Página6,20,,5538,10767,269,4675,12674,5199,0
Página6,20,,5537,10770,268,4674,12665,5197,0
Página6,20,,5536,10764,269,4681,12669,5194,0
Página6,20,,5535,10771,269,4683,12673,5190,0
Página6,20,,5535,10778,269,4664,12685,5196,0
Página6,20,,5531,10754,271,4638,12663,5193,0
Página6,20,,5528,10758,272,4635,12657,5185,0
Página6,20,,5527,10750,269,4652,12653,5186,0
Página6,20,,5528,10750,270,4658,12668,5191,0
Página6,20,,5527,10760,268,4667,12659,5183,0
Página6,20,,5527,10753,269,4674,12661,5186,0
Página6,20,,5526,10751,269,4678,12659,5189,0
Página6,20,,5526,10767,268,4683,12683,5190,0
Página6,20,,5527,10748,268,4688,12654,5189,0
Página6,20,,5525,10766,269,4682,12649,5182,0
Página6,20,,5525,10759,270,4695,12664,5188,0
Página6,20,,5524,10758,269,4691,12662,5188,0
Página6,20,,5525,10762,270,4697,12680,5187,0
Página6,20,,5524,10768,269,4695,12684,5188,0
Página6,20,,5526,10771,270,4680,12688,5187,0
Página6,20,,5523,10769,269,4690,12686,5188,0
Página6,20,,5523,10772,271,4687,12671,5181,0
Página6,20,,5521,10752,269,4692,12666,5186,0
Página6,20,,5521,10757,270,4700,12660,5186,0
Página6,20,,5521,10753,270,4697,12665,5186,0
Página6,20,,5519,10737,270,4704,12673,5185,0
Página6,20,,5519,10753,269,4700,12656,5185,0
Página6,20,,5520,10771,271,4707,12681,5185,0
Página6,20,,5519,10756,269,4710,12682,5184,0
Página6,20,,5521,10779,270,4711,12686,5184,0
Página6,20,,5520,10790,269,4704,12700,5185,0
Página6,20,,5524,10867,270,4711,12814,5185,0
Página6,20,,5522,10830,271,4711,12756,5183,0
Página6,20,,5520,10802,269,4713,12740,5183,0
Página6,20,,5520,10830,270,4710,12769,5183,0
Página6,20,,5524,10839,269,4711,12746,5184,0
Página6,20,,5520,10831,270,4715,12748,5182,0
Página6,20,,5518,10802,270,4711,12716,5182,0
Página6,20,,5517,10791,269,4711,12730,5181,0
Página6,20,,5517,10800,269,4709,12720,5181,0
Página6,20,,5516,10783,269,4714,12691,5181,0
Página6,20,,5514,10759,270,4710,12667,5180,0
Página6,20,,5515,10789,268,4712,12706,5180,0
Página6,20,,5514,10771,270,4714,12690,5180,0
Página6,20,,5513,10775,269,4710,12678,5179,0
Página6,20,,5515,10754,270,4711,12661,5181,0
Página6,20,,5513,10745,268,4714,12648,5179,0
Página6,20,,5514,10733,269,4713,12651,5179,0
Página6,20,,5517,10786,270,4715,12698,5178,0
Página6,20,,5519,10796,269,4716,12715,5179,0
Página6,20,,5519,10792,270,4718,12710,5178,0
Página6,20,,5520,10779,269,4718,12688,5177,0
Página6,20,,5518,10761,270,4712,12659,5178,0
Página6,20,,5520,10752,270,4714,12659,5177,0
Página6,20,,5522,10787,270,4721,12706,5177,0
Página6,20,,5523,10778,270,4720,12672,5176,0
Página6,20,,5522,10753,270,4720,12659,5176,0
Página6,20,,5523,10774,269,4723,12686,5177,0
Página6,20,,5520,10747,270,4717,12648,5176,0
Página6,20,,5522,10760,271,4695,12661,5176,0
Página6,20,,5519,10745,271,4663,12650,5175,0
Página6,20,,5518,10758,272,4669,12677,5173,0
Página6,20,,5517,10770,271,4691,12673,5171,0
Página6,20,,5518,10782,271,4702,12688,5172,0
Página6,20,,5517,10761,270,4706,12676,5173,0
Página6,20,,5519,10770,271,4708,12681,5171,0
Página6,20,,5518,10774,272,4713,12684,5171,0
Página6,20,,5518,10765,271,4719,12676,5171,0
Página6,20,,5547,11311,272,4739,13433,5175,0
Página6,20,,5542,11188,271,4726,13353,5173,0
Página6,20,,5564,11554,272,4751,13757,5176,0
Página6,20,,5570,11616,273,4752,13824,5175,0
Página6,20,,5570,11619,274,4753,13827,5175,0
Página6,20,,5570,11636,273,4754,13850,5175,0
Página6,20,,5567,11584,274,4755,13813,5175,0
Página6,20,,5572,11629,273,4755,13841,5175,0
Página6,20,,5571,11622,273,4754,13844,5175,0
Página6,20,,5569,11655,275,4756,13826,5175,0
Página6,20,,5570,11632,275,4759,13852,5175,0
Página6,20,,5571,11628,273,4762,13849,5174,0
Página6,20,,5574,11636,274,4762,13850,5174,0
Página6,20,,5572,11648,275,4766,13872,5176,0
Página6,20,,5571,11630,274,4767,13869,5174,0
Página6,20,,5571,11646,273,4768,13877,5174,0
Página6,20,,5564,11660,274,4769,13880,5174,0
Página6,20,,5569,11653,274,4768,13875,5173,0
Página6,20,,5567,11609,274,4769,13898,5174,0
Página6,20,,5563,11651,273,4768,13901,5174,0
Página6,20,,5567,11619,274,4768,13925,5173,0
Página6,20,,5569,11680,273,4773,13882,5174,0
Página6,20,,5567,11631,274,4772,13908,5173,0
Página6,20,,5568,11642,274,4772,13883,5167,0
Página6,20,,5570,11620,274,4769,13916,5174,0
Página6,20,,5569,11621,274,4774,13939,5173,0
Página6,20,,5569,11660,274,4773,13904,5173,0
Página6,20,,5567,11619,275,4775,13919,5173,0
Página6,20,,5569,11668,275,4774,13885,5173,0
Página6,20,,5570,11666,273,4774,13885,5173,0
Página6,20,,5568,11671,274,4774,13887,5172,0
Página6,20,,5573,11734,274,4778,13985,5166,0
Página6,20,,5571,11728,274,4776,13981,5165,0
Página6,20,,5571,11754,275,4777,14024,5173,0
Página6,20,,5574,11759,273,4778,14027,5174,0
Página6,20,,5571,11717,274,4773,14054,5173,0
Página6,20,,5572,11756,274,4780,14038,5172,0
Página6,20,,5571,11734,275,4782,14037,5171,0
Página6,20,,5572,11776,275,4783,14048,5165,0
Página6,20,,5572,11773,276,4782,14037,5164,0
Página6,20,,5572,11823,273,4787,14005,5165,0
Página6,20,,5575,11779,274,4786,14034,5164,0
Página6,20,,5565,11760,276,4786,14046,5171,0
Página6,20,,5567,11762,275,4786,14044,5170,0
Página6,20,,5564,11702,275,4788,13980,5170,0
Página6,20,,5565,11695,274,4763,13961,5172,0
Página6,20,,5555,11705,276,4735,13971,5168,0
Página6,20,,5562,11694,275,4735,13949,5168,0
Página6,20,,5558,11698,276,4751,13956,5167,0
Página6,20,,5561,11705,274,4761,13940,5166,0
Página6,20,,5557,11647,275,4768,13874,5159,0
Página6,20,,5554,11613,273,4774,13829,5164,0
Página6,20,,5553,11611,274,4771,13827,5164,0
Página6,20,,5555,11609,275,4778,13825,5164,0
Página6,20,,5554,11602,274,4785,13823,5165,0
Página6,20,,5552,11606,274,4783,13823,5165,0
Página6,20,,5553,11615,274,4783,13837,5165,0
Página6,20,,5552,11606,274,4783,13828,5164,0
Página6,20,,5552,11601,274,4782,13820,5164,0
Página6,20,,5553,11612,275,4783,13837,5165,0
Página6,20,,5551,11601,274,4783,13824,5165,0
Página6,20,,5551,11607,275,4787,13830,5164,0
Página6,20,,5552,11616,273,4785,13844,5164,0
Página6,20,,5552,11613,275,4785,13838,5164,0
Página6,20,,5555,11658,275,4790,13792,5164,0
Página6,20,,5554,11672,275,4785,13788,5165,0
Página6,20,,5551,11638,273,4784,13750,5163,0
Página6,20,,5554,11681,274,4790,13797,5164,0
Página6,20,,5556,11718,276,4792,13812,5163,0
Página6,20,,5554,11700,274,4796,13821,5163,0
Página6,20,,5551,11623,274,4790,13857,5164,0
Página6,20,,5549,11619,274,4793,13856,5163,0
Página6,20,,5553,11704,273,4790,13810,5164,0
Página6,20,,5553,11701,274,4787,13790,5164,0
Página6,20,,5552,11689,276,4775,13798,5164,0
Página6,20,,5551,11674,275,4782,13797,5164,0
Página6,20,,5551,11677,275,4788,13809,5163,0
Página6,20,,5550,11676,276,4791,13796,5163,0
Página6,20,,5552,11616,274,4793,13768,5163,0
Página6,20,,5545,11532,274,4794,13861,5163,0
Página6,20,,5542,11663,275,4794,13803,5164,0
Página6,20,,5546,11603,275,4787,13834,5163,0
Página6,20,,5549,11668,276,4792,13922,5162,0
Página6,20,,5550,11654,274,4795,13902,5162,0
Página6,20,,5551,11662,275,4797,13905,5163,0
Página6,20,,5550,11651,274,4798,13912,5162,0
Página6,20,,5552,11666,276,4799,13922,5163,0
Página6,20,,5552,11668,275,4801,13914,5162,0
Página6,20,,5553,11712,274,4802,13971,5162,0
Página6,20,,5555,11744,275,4801,13963,5162,0
Página6,20,,5548,11749,275,4803,13963,5162,0
Página6,20,,5558,11812,275,4802,13916,5163,0
Página6,20,,5558,11818,276,4802,13902,5162,0
Página6,20,,5557,11816,276,4802,13908,5162,0
Página6,20,,5554,11724,275,4804,13939,5162,0
Página6,20,,5548,11707,275,4804,13946,5162,0
Página6,20,,5550,11776,274,4806,13924,5162,0
Página6,20,,5548,11752,276,4808,13882,5162,0
Página6,20,,5542,11685,273,4810,13915,5162,0
Página6,20,,5543,11689,275,4808,13941,5162,0
Página6,20,,5547,11647,276,4747,13981,5163,0
Página6,20,,5547,11674,275,4735,13997,5159,0
Página6,20,,5546,11677,277,4767,13997,5157,0
Página6,20,,5550,11748,276,4776,13989,5158,0
Página6,20,,5555,11750,275,4776,13973,5155,0
Página6,20,,5546,11692,277,4781,14025,5151,0
Página6,20,,5548,11724,276,4778,14019,5158,0
Página6,20,,5548,11715,276,4787,14019,5157,0
Página6,20,,5553,11789,276,4789,14007,5157,0
Página6,20,,5549,11726,275,4794,14029,5158,0
Página6,20,,5554,11822,275,4795,13976,5158,0
Página6,20,,5548,11718,275,4798,14018,5157,0
Página6,20,,5548,11731,275,4800,14028,5157,0
Página6,20,,5555,11826,276,4800,13977,5157,0
Página6,20,,5556,11812,276,4805,14004,5156,0
Página6,20,,5547,11703,276,4795,13998,5152,0
Página6,20,,5550,11806,274,4799,13957,5156,0
Página6,20,,5547,11705,276,4800,14001,5157,0
Página6,20,,5547,11698,275,4798,13995,5158,0
Página6,20,,5552,11786,276,4798,13964,5152,0
Página6,20,,5551,11771,275,4802,13920,5159,0
Página6,20,,5549,11758,275,4803,13927,5154,0
Página6,20,,5547,11722,275,4804,13915,5149,0
Página6,20,,5547,11757,275,4804,13930,5156,0
Página6,20,,5546,11754,275,4804,13930,5156,0
Página6,20,,5547,11734,273,4804,13880,5157,0
Página6,20,,5545,11735,276,4804,13876,5150,0
Página6,20,,5544,11757,276,4805,13888,5154,0
Página6,20,,5546,11752,275,4804,13875,5156,0
Página6,20,,5545,11747,275,4803,13861,5156,0
Página6,20,,5542,11705,275,4809,13867,5156,0
Página6,20,,5545,11718,275,4809,13833,5153,0
Página6,20,,5541,11676,275,4809,13955,5156,0
Página6,20,,5540,11656,276,4810,13936,5155,0
Página6,20,,5540,11639,274,4805,13924,5155,0
Página6,20,,5539,11642,275,4808,13919,5155,0
Página6,20,,5539,11631,274,4805,13912,5156,0
Página6,20,,5540,11655,276,4809,13945,5156,0
Página6,20,,5541,11656,276,4810,13946,5155,0
Página6,20,,5540,11654,274,4806,13950,5155,0
Página6,20,,5540,11655,276,4806,13943,5154,0
Página6,20,,5543,11690,275,4809,13929,5155,0
Página6,20,,5540,11620,275,4806,13872,5155,0
Página6,20,,5542,11676,276,4805,13897,5155,0
Página6,20,,5541,11679,273,4806,13898,5154,0
Página6,20,,5539,11677,275,4805,13892,5153,0
Página6,20,,5540,11684,274,4806,13907,5154,0
Página6,20,,5541,11681,273,4807,13903,5154,0
Página6,20,,5542,11744,274,4805,13865,5153,0
Página6,20,,5542,11742,273,4805,13860,5153,0
Página6,20,,5541,11739,274,4801,13860,5153,0
Página6,20,,5540,11715,274,4804,13893,5153,0
Página6,20,,5541,11744,274,4807,13864,5154,0
Página6,20,,5540,11741,274,4798,13847,5152,0
Página6,20,,5537,11691,275,4804,13904,5152,0
Página6,20,,5535,11678,274,4780,13899,5152,0
Página6,20,,5540,11770,276,4762,13889,5149,0
Página6,20,,5532,11687,276,4752,13927,5148,0
Página6,20,,5533,11707,277,4776,13935,5147,0
Página6,20,,5533,11699,275,4784,13932,5146,0
Página6,20,,5539,11782,276,4787,13914,5147,0
Página6,20,,5537,11768,275,4787,13921,5146,0
Página6,20,,5532,11730,274,4793,13957,5146,0
Página6,20,,5534,11722,275,4796,13949,5146,0
Página6,20,,5534,11725,274,4804,13943,5146,0
Página6,20,,5538,11784,275,4809,13912,5146,0
Página6,20,,5535,11714,274,4805,13953,5144,0
Página6,20,,5534,11719,274,4810,13942,5140,0
Página6,20,,5533,11709,274,4812,13934,5139,0
Página6,20,,5535,11734,274,4811,13966,5141,0
Página6,20,,5533,11710,274,4812,13932,5145,0
Página6,20,,5534,11723,274,4816,13952,5144,0
Página6,20,,5535,11735,273,4820,13961,5147,0
Página6,20,,5538,11797,275,4819,13926,5145,0
Página6,20,,5537,11788,274,4818,13922,5145,0
Página6,20,,5537,11791,274,4820,13923,5145,0
Página6,20,,5537,11779,275,4823,13902,5144,0
Página6,20,,5540,11806,275,4825,13936,5145,0
Página6,20,,5537,11786,275,4815,13926,5145,0
Página6,20,,5536,11795,275,4819,13932,5145,0
Página6,20,,5534,11748,274,4821,13948,5145,0
Página6,20,,5530,11685,274,4821,13963,5144,0
Página6,20,,5533,11675,276,4823,13935,5144,0
Página6,20,,5534,11701,275,4818,13985,5143,0
Página6,20,,5532,11689,273,4820,13970,5144,0
Página6,20,,5532,11679,275,4819,13952,5144,0
Página6,20,,5530,10872,275,4819,12219,5137,0
Página6,20,,5532,11689,275,4826,13967,5144,0
Página6,20,,5532,11682,275,4822,13959,5144,0
Página6,20,,5532,11689,273,4821,13971,5143,0
Página6,20,,5532,11683,274,4824,13960,5144,0
Página6,20,,5532,11685,275,4827,13967,5144,0
Página6,20,,5532,11696,274,4829,13976,5144,0
Página6,20,,5533,11695,275,4827,13976,5144,0
Página6,20,,5536,11697,274,4827,13979,5144,0
Página6,20,,5532,11693,275,4811,13979,5144,0
Página6,20,,5532,11690,275,4816,13974,5143,0
Página6,20,,5532,11697,276,4820,13986,5143,0
Página6,20,,5531,11689,275,4819,13984,5145,0
Página6,20,,5531,11696,275,4814,13974,5141,0
Página6,20,,5531,11691,275,4818,13972,5136,0
Página6,20,,5531,11690,275,4821,13973,5143,0
Página6,20,,5530,11695,273,4821,13979,5142,0
Página6,20,,5531,11693,275,4815,13977,5141,0
Página6,20,,5531,11691,274,4826,13975,5141,0
Página6,20,,5522,11666,275,4825,13954,5132,0
Página6,20,,5529,11680,274,4824,13969,5139,0
Página6,20,,5529,11688,274,4828,13970,5139,0
Página6,20,,5528,11675,274,4828,13954,5139,0
Página6,20,,5522,11691,275,4804,13974,5141,0
Página6,20,,5520,11679,277,4775,13959,5138,0
Página6,20,,5524,11677,275,4771,13957,5136,0
Página6,20,,5526,11670,274,4787,13919,5136,0
Página6,20,,5524,11660,275,4793,13928,5136,0
Página6,20,,5518,11673,273,4802,13945,5135,0
Página6,20,,5518,11668,274,4809,13942,5135,0
Página6,20,,5524,11678,273,4808,13957,5134,0
Página6,20,,5526,11671,274,4812,13954,5133,0
Página6,20,,5526,11675,275,4814,13970,5135,0
Página6,20,,5524,11674,274,4815,13967,5134,0
Página6,20,,5526,11709,275,4821,13980,5134,0
Página6,20,,5527,11706,273,4817,14000,5133,0
Página6,20,,5527,11713,274,4820,13997,5128,0
Página6,20,,5526,11725,273,4818,14016,5128,0
Página6,20,,5529,11714,275,4814,14013,5134,0
Página6,20,,5528,11697,274,4818,13983,5134,0
Página6,20,,5529,11712,274,4818,13982,5134,0
Página6,20,,5529,11726,274,4822,14002,5134,0
Página6,20,,5529,11730,274,4823,14022,5128,0
Página6,20,,5528,11715,273,4826,13987,5128,0
Página6,20,,5526,11686,274,4824,13992,5127,0
Página6,20,,5526,11683,273,4817,13991,5131,0
Página6,20,,5526,11693,274,4819,13994,5134,0
Página6,20,,5529,11731,274,4822,14026,5133,0
Página6,20,,5528,11725,274,4823,14016,5134,0
Página6,20,,5528,11721,273,4817,14011,5130,0
Página6,20,,5529,11718,273,4822,14009,5134,0
Página6,20,,5529,11726,273,4825,14020,5127,0
Página6,20,,5528,11690,274,4829,13978,5133,0
Página6,20,,5528,11710,274,4826,14016,5135,0
Página6,20,,5530,11722,273,4817,14036,5133,0
Página6,20,,5531,11723,273,4818,14039,5133,0
Página6,20,,5531,11736,274,4824,14022,5133,0
Página6,20,,5534,11775,273,4818,14004,5132,0
Página6,20,,5532,11782,272,4814,14006,5133,0
Página6,20,,5530,11743,272,4812,14031,5134,0
Página6,20,,5529,11736,273,4815,14026,5131,0
Página6,20,,5530,11735,273,4819,14033,5126,0
Página6,20,,5530,11753,274,4818,14056,5132,0
Página6,20,,5530,11743,273,4822,14050,5132,0
Página6,20,,5531,11731,274,4819,13995,5119,0
Página6,20,,5530,11730,274,4815,14046,5132,0
Página6,20,,5529,11740,274,4818,14043,5131,0
Página6,20,,5529,11748,273,4818,14039,5131,0
Página6,20,,5530,11761,273,4817,14071,5125,0
Página6,20,,5530,11758,273,4820,14066,5125,0
Página6,20,,5532,11755,273,4821,14075,5125,0
Página6,20,,5530,11751,273,4820,14048,5125,0
Página6,20,,5530,11756,274,4817,14061,5131,0
Página6,20,,5530,11756,273,4816,14058,5131,0
Página6,20,,5530,11760,273,4813,14063,5131,0
Página6,20,,5531,11761,274,4815,14088,5132,0
Página6,20,,5529,11747,274,4813,14034,5130,0
Página6,20,,5531,11765,273,4820,14071,5125,0
Página6,20,,5530,11745,273,4800,14044,5131,0
Página6,20,,5529,11744,274,4781,14048,5132,0
Página6,20,,5529,11737,275,4772,14056,5130,0
Página6,20,,5528,11731,274,4788,14035,5128,0
Página6,20,,5529,11754,274,4800,14042,5128,0
Página6,20,,5527,11755,273,4800,14063,5121,0
Página6,20,,5528,11757,274,4801,14060,5128,0
Página6,20,,5526,11732,272,4805,14023,5128,0
Página6,20,,5520,11733,273,4807,14028,5128,0
Página6,20,,5527,11735,273,4809,14041,5128,0
Página6,20,,5529,11728,274,4813,14042,5128,0
Página6,20,,5529,11773,273,4813,14079,5126,0
Página6,20,,5523,11754,273,4815,14069,5128,0
Página6,20,,5524,11779,273,4813,14094,5129,0
Página6,20,,5531,11762,273,4812,14089,5129,0
Página6,20,,5531,11756,273,4810,14086,5128,0
Página6,20,,5530,11761,273,4806,14042,5128,0
Página6,20,,5532,11759,273,4810,14083,5129,0
Página6,20,,5532,11760,273,4812,14087,5128,0
Página6,20,,5533,11778,274,4820,14082,5129,0
Página6,20,,5534,11766,273,4815,14072,5129,0
Página6,20,,5532,11756,275,4813,14052,5130,0
Página6,20,,5532,11775,273,4809,14043,5129,0
Página6,20,,5532,11777,272,4814,14044,5128,0
Página6,20,,5531,11776,273,4814,14043,5128,0
Página6,20,,5527,11810,273,4817,14088,5128,0
Página6,20,,5527,11805,273,4819,14069,5128,0
Página6,20,,5527,11812,273,4817,14092,5129,0
Página6,20,,5527,11806,272,4817,14085,5129,0
Página6,20,,5531,11804,273,4817,14081,5128,0
Página6,20,,5533,11792,273,4816,14083,5128,0
Página6,20,,5532,11805,272,4817,14083,5128,0
Página6,20,,5533,11809,272,4812,14071,5130,0
Página6,20,,5536,11801,273,4808,14082,5129,0
Página6,20,,5535,11822,272,4812,14077,5128,0
Página6,20,,5527,11814,273,4814,14064,5128,0
Página6,20,,5529,11791,273,4815,14076,5128,0
Página6,20,,5532,11770,273,4815,14059,5128,0
Página6,20,,5535,11810,273,4816,14101,5129,0
Página6,20,,5535,11808,273,4818,14099,5129,0
Página6,20,,5534,11805,273,4817,14090,5128,0
Página6,20,,5535,11838,273,4816,14071,5129,0
Página6,20,,5537,11856,274,4817,14050,5128,0
Página6,20,,5539,11844,273,4814,14073,5122,0
Página6,20,,5541,11882,273,4812,14085,5130,0
Página6,20,,5537,11854,273,4809,14048,5128,0
Página6,20,,5535,11832,273,4814,14029,5128,0
Página6,20,,5535,11845,274,4816,14039,5128,0
Página6,20,,5536,11852,274,4820,14035,5127,0
Página6,20,,5536,11857,274,4813,14037,5128,0
Página6,20,,5537,11863,273,4818,14047,5128,0
Página6,20,,5535,11862,273,4820,14053,5128,0
Página6,20,,5534,11813,273,4816,14047,5127,0
Página6,20,,5536,11823,274,4815,14073,5127,0
Página6,20,,5537,11832,273,4801,14077,5127,0
Página6,20,,5535,11832,274,4770,14072,5127,0
Página6,20,,5536,11860,276,4759,14111,5126,0
Página6,20,,5533,11839,273,4783,14085,5123,0
Página6,20,,5534,11834,274,4797,14073,5123,0
Página6,20,,5535,11837,273,4800,14075,5122,0
Página6,20,,5536,11869,273,4802,14064,5123,0
Página6,20,,5537,11889,274,4803,14070,5123,0
Página6,20,,5538,11894,273,4803,14080,5122,0
Página6,20,,5538,11893,273,4804,14075,5123,0
Página6,20,,5536,11862,273,4805,14107,5122,0
Página6,20,,5538,11851,274,4806,14089,5122,0
Página6,20,,5540,11864,273,4811,14111,5124,0
Página6,20,,5539,11855,272,4810,14099,5123,0
Página6,20,,5538,11853,273,4806,14098,5122,0
Página6,20,,5534,11854,273,4810,14095,5121,0
Página6,20,,5537,11876,273,4814,14075,5122,0
Página6,20,,5542,11918,273,4818,14117,5122,0
Página6,20,,5542,11914,274,4818,14110,5124,0
Página6,20,,5543,11912,272,4811,14099,5122,0
Página6,20,,5542,11916,273,4810,14095,5122,0
Página6,20,,5542,11909,273,4812,14087,5122,0
Página6,20,,5542,11881,274,4819,14041,5122,0
Página6,20,,5541,11909,273,4819,14082,5122,0
Página6,20,,5543,11924,273,4811,14103,5122,0
Página6,20,,5544,11913,273,4813,14100,5122,0
Página6,20,,5543,11912,273,4817,14095,5122,0
Página6,20,,5545,11918,272,4813,14107,5121,0
Página6,20,,5543,11907,273,4805,14097,5122,0
Página6,20,,5546,11936,273,4809,14132,5123,0
Página6,20,,5544,11930,273,4803,14127,5121,0
Página6,20,,5544,11928,272,4801,14120,5121,0
Página6,20,,5543,11927,273,4807,14117,5121,0
Página6,20,,5542,11930,273,4810,14120,5121,0
Página6,20,,5541,11912,273,4817,14093,5121,0
Página6,20,,5542,11917,273,4817,14103,5122,0
Página6,20,,5537,11906,275,4819,14088,5118,0
Página6,20,,5540,11895,273,4822,14058,5119,0
Página6,20,,5540,11890,273,4812,14068,5119,0
Página6,20,,5541,11894,273,4814,14059,5119,0
Página6,20,,5542,11886,273,4813,14043,5119,0
Página6,20,,5540,11896,274,4813,14062,5120,0
Página6,20,,5537,11932,273,4807,14107,5120,0
Página6,20,,5541,11925,273,4809,14100,5120,0
Página6,20,,5541,11931,273,4814,14106,5120,0
Página6,20,,5542,11933,273,4816,14109,5122,0
Página6,20,,5542,11926,272,4820,14090,5122,0
Página6,20,,5541,11916,273,4815,14089,5121,0
Página6,20,,5542,11925,272,4811,14095,5121,0
Página6,20,,5539,11940,273,4809,14099,5121,0
Página6,20,,5543,11940,272,4811,14110,5121,0
Página6,20,,5544,11958,273,4809,14138,5121,0
Página6,20,,5545,11957,272,4807,14133,5121,0
Página6,20,,5543,11955,273,4805,14133,5121,0
Página6,20,,5543,11928,273,4809,14162,5121,0
Página6,20,,5545,11933,273,4780,14168,5122,0
Página6,20,,5544,11949,274,4757,14190,5120,0
Página6,20,,5543,11933,274,4756,14191,5119,0
Página6,20,,5540,11944,273,4772,14211,5119,0
Página6,20,,5546,11953,273,4782,14205,5119,0
Página6,20,,5542,11947,273,4786,14201,5118,0
Página6,20,,5546,11951,273,4794,14205,5118,0
Página6,20,,5547,11951,273,4795,14207,5118,0
Página6,20,,5547,11942,273,4795,14192,5118,0
Página6,20,,5549,11954,272,4798,14211,5119,0
Página6,20,,5548,11961,273,4789,14224,5118,0
Página6,20,,5549,11960,273,4794,14219,5117,0
Página6,20,,5550,11957,273,4795,14213,5118,0
Página6,20,,5550,11959,273,4796,14219,5119,0
Página6,20,,5551,11958,273,4796,14216,5118,0
Página6,20,,5556,11948,272,4789,14206,5119,0
Página6,20,,5550,11948,274,4796,14217,5118,0
Página6,20,,5550,11938,273,4791,14197,5119,0
Página6,20,,5552,11945,273,4798,14203,5118,0
Página6,20,,5552,11935,273,4796,14191,5119,0
Página6,20,,5548,11936,273,4795,14195,5118,0
Página6,20,,5549,11953,273,4789,14209,5119,0
Página6,20,,5554,11964,273,4797,14182,5118,0
Página6,20,,5554,11964,273,4793,14170,5118,0
Página6,20,,5550,11962,272,4794,14167,5118,0
Página6,20,,5558,11996,272,4793,14210,5119,0
Página6,20,,5559,11997,272,4788,14206,5120,0
Página6,20,,5550,11987,271,4784,14190,5119,0
Página6,20,,5555,11997,273,4778,14207,5119,0
Página6,20,,5559,12003,272,4784,14215,5120,0
Página6,20,,5557,11997,273,4785,14211,5120,0
Página6,20,,5554,11999,271,4786,14217,5120,0
Página6,20,,5557,11991,273,4788,14199,5120,0
Página6,20,,5557,11998,272,4791,14205,5120,0
Página6,20,,5558,12000,272,4787,14211,5120,0
Página6,20,,5554,12001,272,4783,14209,5120,0
Página6,20,,5559,12011,273,4782,14227,5126,0
Página6,20,,5557,11984,272,4773,14184,5120,0
Página6,20,,5556,11994,272,4777,14212,5119,0
Página6,20,,5553,11994,272,4783,14211,5119,0
Página6,20,,5559,11999,272,4786,14199,5119,0
Página6,20,,5558,11994,273,4781,14196,5120,0
Página6,20,,5558,11995,273,4780,14196,5119,0
Página6,20,,5557,11997,272,4780,14219,5119,0
Página6,20,,5558,12012,273,4778,14227,5119,0
Página6,20,,5554,12010,273,4782,14223,5119,0
Página6,20,,5557,12004,272,4778,14210,5119,0
Página6,20,,5556,11999,272,4772,14219,5119,0
Página6,20,,5557,12006,273,4775,14210,5120,0
Página6,20,,5559,12009,272,4771,14219,5119,0
Página6,20,,5555,11957,273,4783,14222,5119,0
Página6,20,,5555,11957,272,4785,14228,5119,0
Página6,20,,5557,11957,272,4783,14220,5119,0
Página6,20,,5559,11972,273,4777,14241,5120,0
Página6,20,,5557,11971,274,4777,14242,5121,0
Página6,20,,5559,12019,273,4754,14203,5120,0
Página6,20,,5567,12162,274,4726,14132,5119,0
Página6,20,,5567,12215,275,4744,14189,5118,0
Página6,20,,5558,12076,273,4764,14269,5117,0
Página6,20,,5557,12034,274,4766,14302,5117,0
Página6,20,,5559,12036,273,4771,14300,5117,0
Página6,20,,5559,12036,273,4770,14306,5116,0
Página6,20,,5560,12037,273,4769,14318,5116,0
Página6,20,,5559,12039,273,4771,14325,5116,0
Página6,20,,5558,12031,272,4773,14319,5115,0
Página6,20,,5559,12024,273,4772,14314,5115,0
Página6,20,,5561,12024,273,4775,14322,5117,0
Página6,20,,5559,12034,274,4783,14318,5116,0
Página6,20,,5559,12022,272,4755,14312,5116,0
Página6,20,,5559,12034,273,4761,14319,5116,0
Página6,20,,5562,12023,274,4767,14308,5116,0
Página6,20,,5558,12026,273,4762,14307,5117,0
Página6,20,,5558,12004,272,4770,14268,5116,0
Página6,20,,5558,12000,272,4770,14279,5116,0
Página6,20,,5561,12005,272,4764,14279,5116,0
Página6,20,,5562,12008,272,4758,14285,5116,0
Página6,20,,5561,12007,272,4763,14286,5116,0
Página6,20,,5561,11993,273,4761,14270,5115,0
Página6,20,,5560,11999,272,4771,14281,5109,0
Página6,20,,5560,12001,273,4776,14270,5116,0
Página6,20,,5558,11971,272,4780,14236,5116,0
Página6,20,,5558,11964,273,4769,14222,5116,0
Página6,20,,5560,11965,271,4765,14208,5116,0
Página6,20,,5560,11991,272,4762,14271,5110,0
Página6,20,,5589,11931,272,4761,14237,5114,0
Página6,20,,5699,11940,274,4759,14236,5115,0
Página6,20,,5694,11952,273,4761,14241,5115,0
Página6,20,,5689,11936,273,4765,14214,5116,0
Página6,20,,5683,11909,273,4759,14212,5115,0
Página6,20,,5689,11927,271,4755,14206,5115,0
Página6,20,,5684,11912,272,4764,14130,5115,0
Página6,20,,5681,11890,272,4764,14147,5115,0
Página6,20,,5680,11908,273,4768,14181,5116,0
Página6,20,,5677,11910,272,4751,14182,5110,0
Página6,20,,5679,11930,272,4758,14192,5116,0
Página6,20,,5673,11878,273,4759,14125,5116,0
Página6,20,,5673,11896,272,4764,14158,5115,0
Página6,20,,5669,11882,272,4755,14134,5115,0
Página6,20,,5672,11914,271,4754,14184,5115,0
Página6,20,,5672,11900,271,4758,14157,5114,0
Página6,20,,5670,11788,270,4755,14002,5114,0
Página6,20,,5676,11913,273,4762,14076,5115,0
Página6,20,,5676,11932,271,4756,14195,5115,0
Página6,20,,5699,11910,271,4755,14169,5114,0
Página6,20,,5734,11858,270,4752,14120,5115,0
Página6,20,,5858,11860,273,4751,14156,5114,0
Página6,20,,5849,11863,273,4755,14155,5114,0
Página6,20,,5870,11842,273,4751,14125,5114,0
Página6,20,,5883,11859,272,4753,14150,5113,0
Página6,20,,5883,11858,273,4731,14156,5113,0
Página6,20,,5872,11855,274,4704,14145,5112,0
Página6,20,,5875,11824,273,4713,14113,5112,0
Página6,20,,5875,11832,273,4724,14105,5109,0
Página6,20,,5875,11840,273,4729,14123,5109,0
Página6,20,,5872,11835,272,4727,14123,5110,0
Página6,20,,5874,11842,273,4735,14112,5110,0
Página6,20,,5872,11840,271,4730,14115,5112,0
Página6,20,,5872,11826,271,4724,14108,5110,0
Página6,20,,5872,11821,270,4733,14104,5109,0
Página6,20,,5871,11833,271,4733,14108,5109,0
Página6,20,,5873,11822,270,4726,14100,5110,0
Página6,20,,5873,11833,271,4734,14121,5110,0
Página6,20,,5871,11811,271,4731,14073,5110,0
Página6,20,,5871,11834,271,4724,14104,5104,0
Página6,20,,5871,11825,269,4730,14101,5104,0
Página6,20,,5873,11842,270,4735,14116,5106,0
Página6,20,,5879,11904,270,4733,14207,5110,0
Página6,20,,5884,11909,270,4731,14206,5110,0
Página6,20,,5882,11894,270,4729,14202,5110,0
Página6,20,,5884,11921,270,4734,14204,5111,0
Página6,20,,5883,11916,270,4737,14208,5110,0
Página6,20,,5882,11912,270,4731,14201,5104,0
Página6,20,,5886,11913,269,4731,14209,5110,0
Página6,20,,5886,11929,270,4734,14219,5112,0
Página6,20,,5889,11936,271,4734,14242,5104,0
Página6,20,,5888,11927,269,4739,14229,5110,0
Página6,20,,5888,11921,271,4734,14212,5111,0
Página6,20,,5888,11928,272,4735,14213,5111,0
Página6,20,,5884,11890,271,4731,14193,5111,0
Página6,20,,5886,11918,270,4724,14217,5111,0
Página6,20,,5888,11923,271,4725,14227,5110,0
Página6,20,,5892,11947,269,4724,14259,5111,0
Página6,20,,5891,11935,269,4735,14241,5111,0
Página6,20,,5896,11962,270,4740,14290,5111,0
Página6,20,,5898,11957,269,4735,14281,5110,0
Página6,20,,5893,11956,269,4731,14256,5111,0
Página6,20,,5893,11953,270,4732,14273,5111,0
Página6,20,,5898,11959,270,4728,14279,5111,0
Página6,20,,5895,11957,270,4723,14270,5105,0
Página6,20,,5896,11954,269,4731,14258,5106,0
Página6,20,,5895,11957,269,4730,14259,5110,0
Página6,20,,5893,11930,268,4728,14232,5105,0
Página6,20,,5888,11911,269,4724,14202,5112,0
Página6,20,,5892,11948,269,4731,14254,5112,0
Página6,20,,5898,11970,268,4734,14297,5112,0
Página6,20,,5895,11965,269,4734,14286,5112,0
Página6,20,,5894,11961,269,4734,14279,5106,0
Página6,20,,5894,11960,269,4732,14277,5110,0
Página6,20,,5893,11956,270,4730,14268,5111,0
Página6,20,,5894,11967,269,4734,14279,5112,0
Página6,20,,5894,11960,268,4731,14276,5113,0
Página6,20,,5890,11951,269,4736,14273,5111,0
Página6,20,,5890,11962,269,4731,14280,5112,0
Página6,20,,5890,11957,269,4730,14252,5111,0
Página6,20,,5884,11950,271,4684,14263,5110,0
Página6,20,,5884,11953,270,4685,14237,5108,0
Página6,20,,5880,11758,270,4702,12242,5102,0
Página6,20,,5683,10473,262,4680,12221,5103,0
Página6,20,,5803,11301,263,4677,13461,5102,0
Página6,20,,5554,11693,265,4711,13831,5099,0
Página6,20,,5847,11621,269,4701,13855,5107,0
Página6,20,,5832,11646,269,4716,13893,5106,0
Página6,20,,5841,11645,268,4714,13905,5108,0
Página6,20,,5839,11627,268,4727,13796,5107,0
Página6,20,,5821,11443,268,4716,13635,5105,0
Página6,20,,5800,11396,267,4718,13580,5106,0
Página6,20,,5800,11342,267,4711,13462,5106,0
Página6,20,,5802,11457,268,4722,13622,5100,0
Página6,20,,5828,11444,268,4716,13609,5101,0
Página6,20,,5836,11492,268,4715,13698,5107,0
Página6,20,,5837,11512,267,4719,13691,5108,0
Página6,20,,5838,11519,268,4719,13682,5107,0
Página6,20,,5837,11511,267,4727,13703,5101,0
Página6,20,,5840,11525,267,4731,13713,5107,0
Página6,20,,5840,11516,266,4720,13712,5102,0
Página6,20,,5841,11526,268,4728,13724,5107,0
Página6,20,,5842,11523,268,4725,13721,5108,0
Página6,20,,5852,11534,268,4727,13678,5108,0
Página6,20,,5855,11547,268,4726,13687,5108,0
Página6,20,,5855,11537,269,4713,13686,5110,0
Página6,20,,5854,11541,268,4721,13673,5109,0
Página6,20,,5855,11546,268,4722,13683,5109,0
Página6,20,,5854,11538,268,4720,13677,5108,0
Página6,20,,5857,11568,268,4719,13670,5110,0
Página6,20,,5859,11568,268,4714,13686,5108,0
Página6,20,,5858,11571,268,4712,13677,5109,0
Página6,20,,5858,11580,268,4718,13672,5107,0
Página6,20,,5859,11572,267,4705,13663,5108,0
Página6,20,,5860,11575,266,4720,13609,5109,0
Página6,20,,5847,11512,268,4718,13666,5108,0
Página6,20,,5861,11576,267,4724,13668,5108,0
Página6,20,,5859,11566,268,4716,13661,5108,0
Página6,20,,5859,11561,268,4723,13650,5108,0
Página6,20,,5860,11574,268,4728,13665,5108,0
Página6,20,,5858,11571,267,4724,13672,5108,0
Página6,20,,5858,11539,268,4722,13665,5109,0
Página6,20,,5855,11528,268,4723,13647,5109,0
Página6,20,,5861,11572,269,4733,13705,5108,0
Página6,20,,5860,11568,268,4732,13697,5108,0
Página6,20,,5860,11575,268,4739,13704,5109,0
Página6,20,,5860,11569,268,4738,13688,5110,0
Página6,20,,5858,11551,268,4741,13627,5110,0
Página6,20,,5862,11572,268,4749,13678,5108,0
Página6,20,,5857,11529,268,4744,13639,5108,0
Página6,20,,5864,11578,270,4757,13703,5108,0
Página6,20,,5852,11529,269,4758,13639,5108,0
Página6,20,,5858,11575,270,4756,13702,5108,0
Página6,20,,5857,11525,270,4756,13632,5107,0
Página6,20,,5857,11528,269,4758,13628,5108,0
Página6,20,,5855,11516,269,4736,13619,5107,0
Página6,20,,5858,11540,272,4715,13606,5107,0
Página6,20,,5854,11527,271,4712,13575,5106,0
Página6,20,,5849,11538,271,4731,13595,5104,0
Página6,20,,5852,11565,271,4734,13634,5104,0
Página6,20,,5853,11554,271,4736,13627,5105,0
Página6,20,,5860,11552,271,4742,13602,5105,0
Página6,20,,5859,11603,271,4745,13669,5105,0
Página6,20,,5866,11578,270,4748,13662,5105,0
Página6,20,,5867,11605,269,4745,13668,5105,0
Página6,20,,5868,11588,270,4745,13646,5106,0
Página6,20,,5866,11582,269,4742,13651,5105,0
Página6,20,,5862,11547,268,4747,13607,5105,0
Página6,20,,5862,11542,269,4746,13600,5106,0
Página6,20,,5860,11542,270,4745,13577,5105,0
Página6,20,,5861,11552,268,4735,13599,5100,0
Página6,20,,5870,11598,269,4740,13653,5102,0
Página6,20,,5867,11571,269,4745,13640,5107,0
Página6,20,,5872,11605,270,4754,13663,5106,0
Página6,20,,5872,11613,270,4756,13645,5106,0
Página6,20,,5871,11606,270,4755,13638,5106,0
Página6,20,,5873,11606,270,4759,13656,5100,0
Página6,20,,5870,11615,271,4764,13632,5109,0
Página6,20,,5860,11557,270,4751,13677,5109,0
Página6,20,,5867,11558,270,4743,13676,5109,0
Página6,20,,5860,11559,270,4749,13670,5108,0
Página6,20,,5867,11548,270,4753,13669,5107,0
Página6,20,,5874,11583,271,4759,13657,5109,0
Página6,20,,5906,11794,272,4753,13525,5109,0
Página6,20,,5902,11732,271,4758,13616,5110,0
Página6,20,,5873,11578,270,4747,13641,5109,0
Página6,20,,5874,11597,268,4742,13649,5103,0
Página6,20,,5874,11594,268,4733,13651,5111,0
Página6,20,,5875,11582,267,4730,13672,5109,0
Página6,20,,5870,11542,268,4729,13675,5109,0
Página6,20,,5876,11594,268,4738,13643,5110,0
Página6,20,,5875,11594,269,4743,13662,5103,0
Página6,20,,5874,11582,268,4744,13648,5102,0
Página6,20,,5877,11584,269,4738,13649,5106,0
Página6,20,,5875,11586,269,4743,13648,5109,0
Página6,20,,5874,11592,266,4728,13664,5109,0
Página6,20,,5872,11565,268,4734,13678,5109,0
Página6,20,,5872,11563,267,4741,13677,5108,0
Página6,20,,5873,11569,267,4729,13682,5110,0
Página6,20,,5871,11555,268,4722,13641,5108,0
Página6,20,,5871,11552,268,4717,13658,5108,0
Página6,20,,5870,11550,268,4732,13675,5102,0
Página6,20,,5872,11573,267,4733,13682,5103,0
Página6,20,,5866,11573,267,4686,13682,5109,0
Página6,20,,5877,11593,268,4717,13656,5108,0
Página6,20,,5867,11584,268,4724,13655,5108,0
Página6,20,,5871,11579,267,4734,13663,5108,0
Página6,20,,5875,11566,269,4736,13658,5107,0
Página6,20,,5876,11580,269,4740,13637,5107,0
Página6,20,,5878,11593,269,4709,13664,5108,0
Página6,20,,5873,11587,268,4679,13662,5106,0
Página6,20,,5871,11587,262,4617,13637,5106,0
Página6,20,,5872,11582,262,4619,13653,5105,0
Página6,20,,5871,11586,261,4618,13661,5103,0
Página6,20,,5873,11594,263,4658,13661,5098,0
Página6,20,,5873,11590,263,4653,13650,5105,0
Página6,20,,5873,11587,264,4650,13677,5104,0
Página6,20,,5871,11566,263,4651,13673,5105,0
Página6,20,,5868,11551,263,4645,13651,5104,0
Página6,20,,5869,11566,262,4653,13671,5099,0
Página6,20,,5864,11527,263,4650,13614,5105,0
Página6,20,,5853,11445,261,4650,13513,5105,0
Página6,20,,5861,11506,263,4652,13580,5105,0
Página6,20,,5860,11478,263,4649,13546,5101,0
Página6,20,,5856,11501,262,4647,13596,5100,0
Página6,20,,5862,11458,262,4650,13588,5105,0
Página6,20,,5863,11507,263,4647,13566,5106,0
Página6,20,,5858,11469,262,4650,13576,5106,0
Página6,20,,5864,11508,262,4655,13478,5107,0
Página6,20,,5858,11463,263,4653,13593,5102,0
Página6,20,,5858,11463,263,4666,13590,5100,0
Página6,20,,5859,11463,262,4668,13593,5104,0
Página6,20,,5858,11454,263,4670,13595,5105,0
Página6,20,,5859,11451,262,4665,13604,5105,0
Página6,20,,5859,11457,264,4664,13575,5106,0
Página6,20,,5859,11457,262,4660,13596,5102,0
Página6,20,,5857,11449,262,4661,13585,5100,0
Página6,20,,5858,11451,262,4660,13584,5104,0
Página6,20,,5862,11485,263,4663,13630,5106,0
Página6,20,,5865,11486,262,4659,13631,5107,0
Página6,20,,5862,11481,262,4657,13624,5106,0
Página6,20,,5861,11477,262,4659,13627,5107,0
Página6,20,,5863,11480,262,4656,13619,5107,0
Página6,20,,5863,11475,261,4659,13617,5107,0
Página6,20,,5863,11469,261,4657,13639,5108,0
Página6,20,,5861,11462,262,4654,13632,5102,0
Página6,20,,5862,11463,262,4654,13634,5108,0
Página6,20,,5861,11460,262,4652,13627,5107,0
Página6,20,,5861,11459,262,4637,13631,5108,0
Página6,20,,5861,11459,260,4647,13630,5109,0
Página6,20,,5862,11463,262,4646,13620,5108,0
Página6,20,,5863,11468,262,4653,13619,5108,0
Página6,20,,5863,11474,262,4651,13622,5107,0
Página6,20,,5862,11459,261,4653,13604,5107,0
Página6,20,,5855,11453,261,4650,13596,5102,0
Página6,20,,5862,11465,261,4648,13597,5105,0
Página6,20,,5860,11462,262,4641,13604,5106,0
Página6,20,,5861,11464,262,4642,13605,5106,0
Página6,20,,5860,11457,261,4646,13603,5106,0
Página6,20,,5861,11466,261,4648,13606,5106,0
Página6,20,,5860,11462,262,4649,13605,5108,0
Página6,20,,5862,11466,262,4654,13608,5107,0
Página6,20,,5861,11462,262,4647,13600,5106,0
Página6,20,,5862,11467,262,4649,13606,5107,0
Página6,20,,5854,11459,262,4623,13594,5107,0
Página6,20,,5853,11469,261,4596,13600,5105,0
Página6,20,,5860,11464,262,4591,13602,5105,0
Página6,20,,5858,11460,263,4613,13591,5104,0
Página6,20,,5858,11460,262,4625,13587,5104,0
Página6,20,,5860,11469,262,4626,13600,5105,0
Página6,20,,5860,11463,262,4637,13597,5104,0
Página6,20,,5863,11469,263,4624,13603,5107,0
Página6,20,,5862,11470,262,4642,13603,5105,0
Página6,20,,5863,11476,262,4640,13607,5105,0
Página6,20,,5863,11470,262,4642,13607,5105,0
Página6,20,,5864,11470,262,4637,13610,5106,0
Página6,20,,5866,11475,262,4639,13608,5106,0
Página6,20,,5864,11472,261,4633,13603,5106,0
Página6,20,,5864,11465,261,4633,13600,5106,0
Página6,20,,5865,11471,261,4633,13605,5108,0
Página6,20,,5867,11467,261,4623,13608,5108,0
Página6,20,,5868,11484,262,4630,13613,5107,0
Página6,20,,5865,11472,261,4628,13583,5107,0
Página6,20,,5872,11510,262,4629,13580,5107,0
Página6,20,,5869,11486,262,4629,13596,5107,0
Página6,20,,5873,11512,262,4625,13585,5108,0
Página6,20,,5873,11513,262,4629,13578,5108,0
Página6,20,,5874,11520,261,4634,13547,5108,0
Página6,20,,5867,11477,261,4633,13470,5107,0
Página6,20,,5864,11468,262,4602,13477,5108,0
Página6,20,,5875,11540,260,4591,13562,5109,0
Página6,20,,5875,11547,260,4587,13554,5108,0
Página6,20,,5873,11537,257,4585,13545,5109,0
Página6,20,,5874,11536,257,4581,13538,5108,0
Página6,20,,5875,11545,258,4581,13555,5108,0
Página6,20,,5875,11535,257,4588,13537,5109,0
Página6,20,,5871,11515,258,4587,13547,5109,0
Página6,20,,5871,11518,257,4588,13542,5108,0
Página6,20,,5872,11532,257,4587,13563,5109,0
Página6,20,,5847,11467,257,4566,13473,5108,0
Página6,20,,5838,11461,257,4572,13468,5109,0
Página6,20,,5836,11446,257,4569,13483,5110,0
Página6,20,,5841,11467,257,4578,13504,5107,0
Página6,20,,5831,11408,256,4579,13459,5108,0
Página6,20,,5848,11527,257,4580,13621,5102,0
Página6,20,,5847,11528,257,4579,13617,5102,0
Página6,20,,5847,11541,258,4583,13629,5103,0
Página6,20,,5849,11524,257,4578,13620,5109,0
Página6,20,,5850,11541,257,4576,13620,5109,0
Página6,20,,5850,11548,257,4572,13608,5108,0
Página6,20,,5851,11548,259,4578,13625,5102,0
Página6,20,,5853,11554,258,4579,13628,5104,0
Página6,20,,5856,11561,259,4575,13609,5108,0
Página6,20,,5853,11572,258,4574,13595,5108,0
Página6,20,,5852,11567,258,4573,13597,5109,0
Página6,20,,5852,11559,256,4575,13613,5101,0
Página6,20,,5854,11575,257,4575,13626,5105,0
Página6,20,,5854,11577,258,4582,13625,5108,0
Página6,20,,5854,11574,259,4561,13621,5108,0
Página6,20,,5850,11567,259,4542,13596,5108,0
Página6,20,,5851,11575,258,4531,13598,5105,0
Página6,20,,5850,11572,258,4549,13607,5100,0
Página6,20,,5851,11578,257,4553,13607,5105,0
Página6,20,,5851,11571,258,4556,13603,5106,0
Página6,20,,5849,11569,256,4554,13585,5105,0
Página6,20,,5849,11574,256,4561,13590,5106,0
Página6,20,,5835,11578,257,4555,13590,5106,0
Página6,20,,5835,11568,257,4563,13569,5106,0
Página6,20,,5834,11565,258,4562,13567,5106,0
Página6,20,,5815,11457,257,4558,13499,5106,0
Página6,20,,5835,11607,258,4560,13612,5106,0
Página6,20,,5833,11599,258,4564,13585,5107,0
Página6,20,,5838,11645,256,4558,13591,5107,0
Página6,20,,5840,11665,257,4562,13557,5107,0
Página6,20,,5857,11792,258,4570,13427,5107,0
Página6,20,,5863,11835,258,4574,13451,5108,0
Página6,20,,5856,11847,257,4566,13461,5110,0
Página6,20,,5842,11765,258,4569,13546,5108,0
Página6,20,,5839,11829,257,4560,13476,5108,0
Página6,20,,5858,11685,259,4569,13454,5107,0
Página6,20,,5872,11800,257,4561,13455,5107,0
Página6,20,,5819,11841,258,4559,13435,5107,0
Página6,20,,5851,11865,258,4552,13381,5109,0
Página6,20,,5851,11844,258,4560,13380,5107,0
Página6,20,,5850,11868,258,4561,13392,5108,0
Página6,20,,5849,11848,257,4559,13404,5107,0
Página6,20,,5853,11875,258,4556,13388,5109,0
Página6,20,,5849,11862,259,4551,13385,5108,0
Página6,20,,5850,11864,258,4558,13382,5108,0
Página6,20,,5844,11846,257,4560,13360,5107,0
Página6,20,,5844,11845,258,4564,13363,5103,0
Página6,20,,5844,11848,257,4548,13375,5102,0
Página6,20,,5808,11528,256,4563,13520,5101,0
Página6,20,,5807,11513,256,4553,13513,5101,0
Página6,20,,5810,11544,256,4554,13538,5107,0
Página6,20,,5822,11648,256,4557,13471,5107,0
Página6,20,,5850,11804,257,4554,13397,5107,0
Página6,20,,5877,11996,257,4552,13262,5104,0
Página6,20,,5876,12006,258,4553,13242,5108,0
Página6,20,,5877,12022,256,4555,13260,5108,0
Página6,20,,5877,12021,258,4555,13259,5104,0
Página6,20,,5878,12031,257,4552,13271,5101,0
Página6,20,,5878,12041,258,4555,13276,5108,0
Página6,20,,5879,12049,258,4551,13275,5108,0
Página6,20,,5879,12041,257,4550,13269,5108,0
Página6,20,,5879,12044,257,4554,13265,5108,0
Página6,20,,5879,12050,259,4548,13274,5107,0
Página6,20,,5880,12049,257,4543,13279,5108,0
Página6,20,,5888,12025,258,4547,13285,5109,0
Página6,20,,5832,11518,256,4541,13574,5102,0
Página6,20,,5831,11501,255,4549,13577,5101,0
Página6,20,,5832,11500,256,4526,13580,5108,0
Página6,20,,5832,11506,255,4534,13577,5107,0
Página6,20,,5834,11502,257,4510,13568,5107,0
Página6,20,,5826,11511,256,4484,13571,5105,0
Página6,20,,5832,11544,257,4483,13578,5110,0
Página6,20,,5824,11540,257,4501,13574,5104,0
Página6,20,,5831,11526,256,4510,13565,5105,0
Página6,20,,5832,11518,255,4513,13572,5104,0
Página6,20,,5833,11541,255,4507,13567,5105,0
Página6,20,,5833,11544,256,4514,13569,5105,0
Página6,20,,5832,11522,256,4523,13574,5107,0
Página6,20,,5832,11527,257,4531,13561,5105,0
Página6,20,,5832,11520,256,4529,13529,5106,0
Página6,20,,5833,11530,256,4523,13562,5102,0
Página6,20,,5831,11526,256,4524,13552,5100,0
Página6,20,,5822,11536,256,4522,13566,5107,0
Página6,20,,5823,11538,255,4524,13550,5107,0
Página6,20,,5825,11541,256,4523,13565,5100,0
Página6,20,,5820,11545,257,4522,13583,5107,0
Página6,20,,5812,11544,256,4519,13575,5110,0
Página6,20,,5842,11541,256,4516,13564,5112,0
Página6,20,,5840,11570,256,4510,13560,5108,0
Página6,20,,5839,11563,254,4508,13579,5107,0
Página6,20,,5829,11553,255,4508,13567,5108,0
Página6,20,,5830,11566,255,4518,13575,5107,0
Página6,20,,5831,11566,255,4514,13575,5109,0
Página6,20,,5831,11562,254,4511,13572,5108,0
Página6,20,,5831,11563,255,4509,13574,5108,0
Página6,20,,5822,11556,255,4510,13569,5108,0
Página6,20,,5822,11546,255,4502,13561,5108,0
Página6,20,,5825,11553,255,4514,13573,5107,0
Página6,20,,5826,11506,254,4504,13602,5108,0
Página6,20,,5824,11503,254,4501,13587,5108,0
Página6,20,,5824,11508,254,4501,13586,5107,0
Página6,20,,5819,11473,253,4497,13598,5108,0
Página6,20,,5812,11493,253,4500,13623,5107,0
Página6,20,,5815,11475,254,4500,13588,5107,0
Página6,20,,5814,11482,254,4499,13607,5108,0
Página6,20,,5812,11472,253,4499,13597,5108,0
Página6,20,,5849,11441,253,4500,13588,5107,0
Página6,20,,5850,11446,254,4498,13591,5107,0
Página6,20,,5850,11459,255,4497,13577,5107,0
Página6,20,,5852,11438,254,4491,13571,5103,0
Página6,20,,5851,11456,253,4502,13566,5108,0
Página6,20,,5854,11457,253,4491,13581,5107,0
Página6,20,,5850,11456,253,4497,13582,5107,0
Página6,20,,5845,11449,254,4499,13582,5107,0
Página6,20,,5851,11423,253,4496,13569,5107,0
Página6,20,,5846,11454,253,4500,13580,5108,0
Página6,20,,5854,11464,253,4491,13590,5107,0
Página6,20,,5849,11462,253,4494,13590,5107,0
Página6,20,,5847,11468,253,4492,13594,5106,0
Página6,20,,5854,11444,253,4493,13573,5106,0
Página6,20,,5863,11449,253,4492,13591,5109,0
Página6,20,,5866,11476,253,4490,13610,5106,0
Página6,20,,5865,11475,253,4492,13603,5106,0
Página6,20,,5861,11472,253,4488,13599,5106,0
Página6,20,,5868,11485,254,4472,13622,5107,0
Página6,20,,5865,11468,254,4453,13627,5104,0
Página6,20,,5868,11486,255,4445,13641,5104,0
Página6,20,,5868,11485,254,4462,13627,5103,0
Página6,20,,5868,11468,252,4465,13610,5103,0
Página6,20,,5915,11810,254,4471,14030,5105,0
Página6,20,,5924,11863,255,4466,14129,5104,0
Página6,20,,5876,11521,254,4463,13664,5104,0
Página6,20,,5877,11520,254,4468,13669,5104,0
Página6,20,,5878,11524,252,4474,13668,5105,0
Página6,20,,5877,11514,253,4470,13682,5105,0
Página6,20,,5879,11525,253,4477,13678,5105,0
Página6,20,,5880,11527,254,4473,13682,5105,0
Página6,20,,5881,11534,252,4472,13676,5105,0
Página6,20,,5882,11541,252,4479,13678,5105,0
Página6,20,,5881,11534,253,4474,13675,5106,0
Página6,20,,5884,11541,253,4476,13676,5106,0
Página6,20,,5884,11545,253,4476,13671,5106,0
Página6,20,,5886,11557,253,4479,13669,5106,0
Página6,20,,5887,11562,252,4474,13675,5106,0
Página6,20,,5891,11559,252,4464,13668,5108,0
Página6,20,,5889,11558,252,4457,13667,5107,0
Página6,20,,5889,11557,253,4463,13657,5107,0
Página6,20,,5888,11550,252,4467,13662,5105,0
Página6,20,,5889,11557,252,4461,13664,5107,0
Página6,20,,5890,11552,252,4468,13650,5107,0
Página6,20,,5891,11564,252,4460,13662,5109,0
Página6,20,,5887,11535,252,4471,13631,5108,0
Página6,20,,5890,11543,252,4465,13638,5107,0
Página6,20,,5892,11554,252,4472,13659,5107,0
Página6,20,,5890,11535,253,4463,13691,5107,0
Página6,20,,5889,11531,252,4467,13685,5108,0
Página6,20,,5893,11541,252,4460,13698,5108,0
Página6,20,,5892,11538,251,4465,13701,5108,0
Página6,20,,5893,11538,252,4454,13699,5109,0
Página6,20,,5894,11540,252,4461,13693,5109,0
Página6,20,,5896,11540,252,4463,13694,5112,0
Página6,20,,5894,11534,251,4452,13695,5103,0
Página6,20,,5894,11540,252,4460,13700,5109,0
dia 21 sem pressao - Soja Heter,21,,4273,9070,107,2871,9842,4450,0
dia 21 sem pressao - Soja Heter,21,,4289,9054,108,2869,9757,4448,0
dia 21 sem pressao - Soja Heter,21,,4287,9286,108,2868,10018,4448,0
dia 21 sem pressao - Soja Heter,21,,4289,9326,108,2866,10060,4448,0
dia 21 sem pressao - Soja Heter,21,,4289,9335,108,2866,10053,4447,0
dia 21 sem pressao - Soja Heter,21,,4290,9363,107,2870,10094,4446,0
dia 21 sem pressao - Soja Heter,21,,4284,9184,107,2868,9741,4444,0
dia 21 sem pressao - Soja Heter,21,,4287,9335,107,2871,10098,4444,0
dia 21 sem pressao - Soja Heter,21,,4285,9368,108,2872,10037,4438,0
dia 21 sem pressao - Soja Heter,21,,4259,8989,107,2868,10347,4440,0
dia 21 sem pressao - Soja Heter,21,,4121,9050,103,2840,9761,4266,0
dia 21 sem pressao - Soja Heter,21,,4086,9117,103,2833,9882,4297,0
dia 21 sem pressao - Soja Heter,21,,4112,9037,104,2844,9788,4242,0
dia 21 sem pressao - Soja Heter,21,,4116,9064,104,2851,9838,4256,0
dia 21 sem pressao - Soja Heter,21,,4077,8843,103,2845,9389,4251,0
dia 21 sem pressao - Soja Heter,21,,4077,9018,104,2850,9775,4194,0
dia 21 sem pressao - Soja Heter,21,,4051,8648,102,2843,9925,4218,0
dia 21 sem pressao - Soja Heter,21,,4059,8731,104,2852,9888,4211,0
dia 21 sem pressao - Soja Heter,21,,4060,8890,102,2846,9781,4209,0
dia 21 sem pressao - Soja Heter,21,,4038,8920,103,2852,9898,4169,0
dia 21 sem pressao - Soja Heter,21,,4013,8585,102,2837,9462,4170,0
dia 21 sem pressao - Soja Heter,21,,4024,8848,103,2850,9745,4133,0
dia 21 sem pressao - Soja Heter,21,,4049,9122,103,2847,10082,4167,0
dia 21 sem pressao - Soja Heter,21,,3960,8835,101,2836,9724,4148,0
dia 21 sem pressao - Soja Heter,21,,4006,8976,102,2846,9903,4122,0
dia 21 sem pressao - Soja Heter,21,,3963,8892,101,2834,9730,4088,0
dia 21 sem pressao - Soja Heter,21,,3978,8990,101,2841,9843,4080,0
dia 21 sem pressao - Soja Heter,21,,3993,9002,103,2849,9861,4117,0
dia 21 sem pressao - Soja Heter,21,,3979,8981,102,2849,9827,4099,0
dia 21 sem pressao - Soja Heter,21,,3949,8948,101,2845,9838,4088,0
dia 21 sem pressao - Soja Heter,21,,3968,8935,103,2850,9812,4074,0
dia 21 sem pressao - Soja Heter,21,,3938,8921,101,2840,9860,4076,0
dia 21 sem pressao - Soja Heter,21,,3962,8933,103,2850,9766,4060,0
dia 21 sem pressao - Soja Heter,21,,3952,8929,101,2843,9767,4089,0
dia 21 sem pressao - Soja Heter,21,,3959,8972,103,2851,9807,4085,0
dia 21 sem pressao - Soja Heter,21,,3895,8862,100,2841,9662,4043,0
dia 21 sem pressao - Soja Heter,21,,3918,8720,101,2847,9579,4020,0
dia 21 sem pressao - Soja Heter,21,,3946,8979,101,2846,9796,4050,0
dia 21 sem pressao - Soja Heter,21,,3941,8984,102,2847,9789,4038,0
dia 21 sem pressao - Soja Heter,21,,3897,8841,100,2841,9645,4011,0
dia 21 sem pressao - Soja Heter,21,,3920,8820,102,2846,9317,4022,0
dia 21 sem pressao - Soja Heter,21,,3915,8975,101,2849,9735,4027,0
dia 21 sem pressao - Soja Heter,21,,3944,9019,102,2852,9762,4046,0
dia 21 sem pressao - Soja Heter,21,,3885,8899,101,2840,9647,3999,0
dia 21 sem pressao - Soja Heter,21,,3904,8914,101,2847,9660,4013,0
dia 21 sem pressao - Soja Heter,21,,3895,8815,100,2840,9540,3996,0
dia 21 sem pressao - Soja Heter,21,,3887,8834,101,2849,9565,3997,0
dia 21 sem pressao - Soja Heter,21,,3911,9057,102,2849,9870,4013,0
dia 21 sem pressao - Soja Heter,21,,3919,8983,102,2847,9743,4005,0
dia 21 sem pressao - Soja Heter,21,,3909,8909,102,2851,9481,4002,0
dia 21 sem pressao - Soja Heter,21,,3882,8850,101,2845,9621,3978,0
dia 21 sem pressao - Soja Heter,21,,3880,8638,100,2843,9364,4007,0
dia 21 sem pressao - Soja Heter,21,,3900,8666,101,2849,9404,4026,0
dia 21 sem pressao - Soja Heter,21,,3876,8971,101,2844,9804,4007,0
dia 21 sem pressao - Soja Heter,21,,3869,8849,101,2848,9639,3968,0
dia 21 sem pressao - Soja Heter,21,,3916,8888,101,2850,9696,4020,0
dia 21 sem pressao - Soja Heter,21,,3903,8896,102,2849,9443,3989,0
dia 21 sem pressao - Soja Heter,21,,3873,8914,100,2842,9617,3963,0
dia 21 sem pressao - Soja Heter,21,,3870,8640,101,2846,9596,4004,0
dia 21 sem pressao - Soja Heter,21,,3861,8938,101,2846,9661,3996,0
dia 21 sem pressao - Soja Heter,21,,3871,8873,101,2848,9651,3992,0
dia 21 sem pressao - Soja Heter,21,,3927,9045,102,2857,9826,4023,0
dia 21 sem pressao - Soja Heter,21,,3904,9033,101,2846,9794,3996,0
dia 21 sem pressao - Soja Heter,21,,3860,8760,101,2847,9676,4005,0
dia 21 sem pressao - Soja Heter,21,,3884,8999,101,2848,9755,3975,0
dia 21 sem pressao - Soja Heter,21,,3886,8947,101,2840,9752,4008,0
dia 21 sem pressao - Soja Heter,21,,3849,8853,100,2842,9728,3991,0
dia 21 sem pressao - Soja Heter,21,,3858,8929,101,2839,9685,3958,0
dia 21 sem pressao - Soja Heter,21,,3874,9063,101,2840,9837,3949,0
dia 21 sem pressao - Soja Heter,21,,3900,9118,101,2849,9882,3981,0
dia 21 sem pressao - Soja Heter,21,,3880,9053,101,2846,9858,3969,0
dia 21 sem pressao - Soja Heter,21,,3843,8882,100,2843,9644,3917,0
dia 21 sem pressao - Soja Heter,21,,3902,9017,102,2851,9844,3998,0
dia 21 sem pressao - Soja Heter,21,,3908,8689,102,2854,9382,3988,0
dia 21 sem pressao - Soja Heter,21,,3908,9118,100,2835,9937,4005,0
dia 21 sem pressao - Soja Heter,21,,3890,9064,102,2849,9873,3985,0
dia 21 sem pressao - Soja Heter,21,,3867,8643,100,2842,9394,3986,0
dia 21 sem pressao - Soja Heter,21,,3905,9039,102,2852,9877,3987,0
dia 21 sem pressao - Soja Heter,21,,3887,9004,101,2853,9834,3991,0
dia 21 sem pressao - Soja Heter,21,,3881,8933,101,2851,9719,3953,0
dia 21 sem pressao - Soja Heter,21,,3853,8914,100,2841,9671,3959,0
dia 21 sem pressao - Soja Heter,21,,3872,8854,102,2852,9638,3918,0
dia 21 sem pressao - Soja Heter,21,,3884,8940,101,2848,9714,3974,0
dia 21 sem pressao - Soja Heter,21,,3846,8853,100,2846,9660,3943,0
dia 21 sem pressao - Soja Heter,21,,3849,8845,100,2849,9617,3966,0
dia 21 sem pressao - Soja Heter,21,,3848,8838,99,2839,9586,3922,0
dia 21 sem pressao - Soja Heter,21,,3844,8899,99,2844,9671,3935,0
dia 21 sem pressao - Soja Heter,21,,3802,8781,100,2848,9574,3943,0
dia 21 sem pressao - Soja Heter,21,,3867,8850,100,2852,9642,3969,0
dia 21 sem pressao - Soja Heter,21,,3833,8829,99,2836,9594,3926,0
dia 21 sem pressao - Soja Heter,21,,3879,8864,102,2856,9651,3930,0
dia 21 sem pressao - Soja Heter,21,,3884,8974,101,2848,9772,3968,0
dia 21 sem pressao - Soja Heter,21,,3833,8877,100,2853,9642,3914,0
dia 21 sem pressao - Soja Heter,21,,3859,8855,101,2848,9663,3959,0
dia 21 sem pressao - Soja Heter,21,,3845,8865,101,2854,9658,3957,0
dia 21 sem pressao - Soja Heter,21,,3866,8874,101,2853,9664,3955,0
dia 21 sem pressao - Soja Heter,21,,3827,8782,100,2853,9584,3915,0
dia 21 sem pressao - Soja Heter,21,,3857,8798,100,2853,9572,3947,0
dia 21 sem pressao - Soja Heter,21,,3812,8498,99,2844,9150,3906,0
dia 21 sem pressao - Soja Heter,21,,3809,8554,100,2848,9241,3894,0
dia 21 sem pressao - Soja Heter,21,,3871,8969,101,2853,9785,3935,0
dia 21 sem pressao - Soja Heter,21,,3836,8852,100,2852,9674,3920,0
dia 21 sem pressao - Soja Heter,21,,3859,8920,100,2844,9720,3943,0
dia 21 sem pressao - Soja Heter,21,,3862,8998,101,2855,9793,3943,0
dia 21 sem pressao - Soja Heter,21,,3843,8612,101,2852,9574,3924,0
dia 21 sem pressao - Soja Heter,21,,3850,8900,101,2853,9654,3924,0
dia 21 sem pressao - Soja Heter,21,,3809,8569,99,2846,9347,3909,0
dia 21 sem pressao - Soja Heter,21,,3830,8893,100,2853,9638,3918,0
dia 21 sem pressao - Soja Heter,21,,3832,8851,100,2851,9631,3905,0
dia 21 sem pressao - Soja Heter,21,,3874,8915,101,2854,9663,3943,0
dia 21 sem pressao - Soja Heter,21,,3852,8924,100,2854,9710,3921,0
dia 21 sem pressao - Soja Heter,21,,3876,8957,102,2860,9742,3956,0
dia 21 sem pressao - Soja Heter,21,,3889,8999,102,2862,9763,3962,0
dia 21 sem pressao - Soja Heter,21,,3887,8929,101,2860,9696,3966,0
dia 21 sem pressao - Soja Heter,21,,3895,8877,102,2862,9709,3977,0
dia 21 sem pressao - Soja Heter,21,,3884,8952,101,2860,9610,3972,0
dia 21 sem pressao - Soja Heter,21,,3885,8901,101,2861,9607,3955,0
dia 21 sem pressao - Soja Heter,21,,3866,8893,101,2857,9610,3951,0
dia 21 sem pressao - Soja Heter,21,,3869,8910,102,2858,9635,3934,0
dia 21 sem pressao - Soja Heter,21,,3850,8847,101,2854,9578,3939,0
dia 21 sem pressao - Soja Heter,21,,3842,8808,99,2853,9464,3935,0
dia 21 sem pressao - Soja Heter,21,,3845,8780,100,2849,9356,3907,0
dia 21 sem pressao - Soja Heter,21,,3836,8602,100,2851,9367,3965,0
dia 21 sem pressao - Soja Heter,21,,3871,8903,101,2853,9654,3941,0
dia 21 sem pressao - Soja Heter,21,,3851,8777,100,2846,9552,3948,0
dia 21 sem pressao - Soja Heter,21,,3892,8859,102,2859,9662,3971,0
dia 21 sem pressao - Soja Heter,21,,3892,8876,101,2858,9626,3979,0
dia 21 sem pressao - Soja Heter,21,,3909,8898,102,2865,9645,3993,0
dia 21 sem pressao - Soja Heter,21,,3928,9017,103,2865,9836,4002,0
dia 21 sem pressao - Soja Heter,21,,3923,9003,103,2865,9800,4007,0
dia 21 sem pressao - Soja Heter,21,,3939,9067,103,2866,9847,4013,0
dia 21 sem pressao - Soja Heter,21,,3935,8922,103,2868,9736,4016,0
dia 21 sem pressao - Soja Heter,21,,3932,8986,103,2866,9801,4012,0
dia 21 sem pressao - Soja Heter,21,,3916,8999,102,2863,9808,3981,0
dia 21 sem pressao - Soja Heter,21,,3902,9146,102,2861,9994,3983,0
dia 21 sem pressao - Soja Heter,21,,3945,9244,103,2868,10066,4019,0
dia 21 sem pressao - Soja Heter,21,,3962,9322,103,2870,10135,4010,0
dia 21 sem pressao - Soja Heter,21,,3953,9346,103,2869,10163,4005,0
dia 21 sem pressao - Soja Heter,21,,3955,9300,102,2868,10104,4007,0
dia 21 sem pressao - Soja Heter,21,,3910,9208,100,2859,10024,3950,0
dia 21 sem pressao - Soja Heter,21,,3949,9254,103,2870,10093,4012,0
dia 21 sem pressao - Soja Heter,21,,3953,9310,103,2869,10055,4011,0
dia 21 sem pressao - Soja Heter,21,,3954,9372,103,2867,10209,3991,0
dia 21 sem pressao - Soja Heter,21,,3958,9357,103,2872,10164,4007,0
dia 21 sem pressao - Soja Heter,21,,3939,9227,102,2869,10027,3994,0
dia 21 sem pressao - Soja Heter,21,,3923,9217,102,2866,9958,3980,0
dia 21 sem pressao - Soja Heter,21,,3893,9154,101,2866,10014,3971,0
dia 21 sem pressao - Soja Heter,21,,3948,9256,103,2872,10088,3993,0
dia 21 sem pressao - Soja Heter,21,,3949,9354,103,2870,10153,3978,0
dia 21 sem pressao - Soja Heter,21,,3886,9223,102,2869,10125,3979,0
dia 21 sem pressao - Soja Heter,21,,3963,9348,104,2875,10157,4020,0
dia 21 sem pressao - Soja Heter,21,,3911,8989,102,2866,9929,3975,0
dia 21 sem pressao - Soja Heter,21,,3947,9306,103,2870,10125,3998,0
dia 21 sem pressao - Soja Heter,21,,3971,9278,104,2880,10017,4023,0
dia 21 sem pressao - Soja Heter,21,,3956,8753,103,2879,9460,4021,0
dia 21 sem pressao - Soja Heter,21,,3948,9280,103,2873,10074,4006,0
dia 21 sem pressao - Soja Heter,21,,3926,9264,102,2876,10024,4003,0
dia 21 sem pressao - Soja Heter,21,,3961,9406,103,2879,10260,4001,0
dia 21 sem pressao - Soja Heter,21,,3975,9427,103,2880,10248,4013,0
dia 21 sem pressao - Soja Heter,21,,3962,9350,103,2878,10338,4010,0
dia 21 sem pressao - Soja Heter,21,,3965,9363,102,2870,10161,3993,0
dia 21 sem pressao - Soja Heter,21,,3944,9408,103,2872,10334,4027,0
dia 21 sem pressao - Soja Heter,21,,3901,9493,102,2867,10361,4006,0
dia 21 sem pressao - Soja Heter,21,,3966,9513,104,2874,10372,3990,0
dia 21 sem pressao - Soja Heter,21,,3958,9580,104,2877,10447,3983,0
dia 21 sem pressao - Soja Heter,21,,3940,9676,103,2872,10582,3987,0
dia 21 sem pressao - Soja Heter,21,,3919,9491,102,2870,10394,3957,0
dia 21 sem pressao - Soja Heter,21,,3954,9501,103,2877,10472,3988,0
dia 21 sem pressao - Soja Heter,21,,3888,9262,102,2869,9502,3961,0
dia 21 sem pressao - Soja Heter,21,,3960,9606,103,2881,10643,4005,0
dia 21 sem pressao - Soja Heter,21,,3928,9448,103,2875,10419,3965,0
dia 21 sem pressao - Soja Heter,21,,3981,9557,104,2884,10636,4009,0
dia 21 sem pressao - Soja Heter,21,,3951,9539,103,2878,10540,3964,0
dia 21 sem pressao - Soja Heter,21,,3970,9532,103,2867,10518,4006,0
dia 21 sem pressao - Soja Heter,21,,3969,9540,104,2883,10452,3985,0
dia 21 sem pressao - Soja Heter,21,,3951,9487,103,2879,10456,3976,0
dia 21 sem pressao - Soja Heter,21,,3949,9491,103,2875,10388,3945,0
dia 21 sem pressao - Soja Heter,21,,3936,9518,102,2873,10483,3940,0
dia 21 sem pressao - Soja Heter,21,,3873,9304,101,2867,10248,3908,0
dia 21 sem pressao - Soja Heter,21,,3824,9192,101,2862,10086,3848,0
dia 21 sem pressao - Soja Heter,21,,3799,9217,101,2861,10033,3809,0
dia 21 sem pressao - Soja Heter,21,,3767,9258,100,2856,10288,3854,0
dia 21 sem pressao - Soja Heter,21,,3820,9285,101,2872,10200,3835,0
dia 21 sem pressao - Soja Heter,21,,3773,9332,100,2864,10258,3827,0
dia 21 sem pressao - Soja Heter,21,,3782,9414,99,2864,10260,3814,0
dia 21 sem pressao - Soja Heter,21,,3768,9225,100,2863,10325,3778,0
dia 21 sem pressao - Soja Heter,21,,3765,9231,99,2864,10280,3749,0
dia 21 sem pressao - Soja Heter,21,,3790,9315,101,2872,10236,3720,0
dia 21 sem pressao - Soja Heter,21,,3739,9198,99,2866,10188,3750,0
dia 21 sem pressao - Soja Heter,21,,3734,9167,98,2858,10236,3755,0
dia 21 sem pressao - Soja Heter,21,,3743,9067,99,2862,10020,3741,0
dia 21 sem pressao - Soja Heter,21,,3741,9279,99,2864,10266,3767,0
dia 21 sem pressao - Soja Heter,21,,3736,9303,99,2866,10280,3759,0
dia 21 sem pressao - Soja Heter,21,,3737,9224,99,2869,10218,3751,0
dia 21 sem pressao - Soja Heter,21,,3699,9292,98,2862,10369,3761,0
dia 21 sem pressao - Soja Heter,21,,3741,9201,100,2868,10294,3742,0
dia 21 sem pressao - Soja Heter,21,,3741,9196,100,2871,10269,3750,0
dia 21 sem pressao - Soja Heter,21,,3682,9146,98,2862,10084,3724,0
dia 21 sem pressao - Soja Heter,21,,3755,9252,99,2876,10248,3752,0
dia 21 sem pressao - Soja Heter,21,,3693,9013,99,2866,10107,3723,0
dia 21 sem pressao - Soja Heter,21,,3666,9177,98,2866,10210,3723,0
dia 21 sem pressao - Soja Heter,21,,3682,9082,99,2865,10294,3745,0
dia 21 sem pressao - Soja Heter,21,,3742,9152,101,2877,10175,3739,0
dia 21 sem pressao - Soja Heter,21,,3698,9174,99,2864,10234,3698,0
dia 21 sem pressao - Soja Heter,21,,3729,9211,100,2874,10203,3698,0
dia 21 sem pressao - Soja Heter,21,,3678,9068,99,2865,10163,3671,0
dia 21 sem pressao - Soja Heter,21,,3676,8982,99,2864,10028,3705,0
dia 21 sem pressao - Soja Heter,21,,3665,8983,99,2866,10017,3668,0
dia 21 sem pressao - Soja Heter,21,,3682,8985,98,2870,9965,3663,0
dia 21 sem pressao - Soja Heter,21,,3730,9251,100,2874,10349,3722,0
dia 21 sem pressao - Soja Heter,21,,3710,9159,99,2869,10147,3699,0
dia 21 sem pressao - Soja Heter,21,,3682,9115,99,2865,10254,3679,0
dia 21 sem pressao - Soja Heter,21,,3677,9130,98,2866,10260,3665,0
dia 21 sem pressao - Soja Heter,21,,3709,9231,99,2874,10333,3690,0
dia 21 sem pressao - Soja Heter,21,,3672,9073,99,2865,10293,3711,0
dia 21 sem pressao - Soja Heter,21,,3697,9111,99,2869,10268,3684,0
dia 21 sem pressao - Soja Heter,21,,3706,9068,100,2876,10246,3702,0
dia 21 sem pressao - Soja Heter,21,,3673,8966,99,2867,10162,3672,0
dia 21 sem pressao - Soja Heter,21,,3689,9021,99,2873,10256,3686,0
dia 21 sem pressao - Soja Heter,21,,3694,9052,99,2872,10246,3686,0
dia 21 sem pressao - Soja Heter,21,,3679,9009,99,2871,10107,3649,0
dia 21 sem pressao - Soja Heter,21,,3665,9025,98,2864,10192,3670,0
dia 21 sem pressao - Soja Heter,21,,3681,9001,98,2860,10223,3675,0
dia 21 sem pressao - Soja Heter,21,,3642,8835,99,2864,9975,3643,0
dia 21 sem pressao - Soja Heter,21,,3633,8957,98,2866,10201,3661,0
dia 21 sem pressao - Soja Heter,21,,3660,8993,98,2867,10186,3630,0
dia 21 sem pressao - Soja Heter,21,,3640,8925,98,2866,10178,3681,0
dia 21 sem pressao - Soja Heter,21,,3643,8991,98,2862,10153,3648,0
dia 21 sem pressao - Soja Heter,21,,3660,8955,99,2871,10106,3661,0
dia 21 sem pressao - Soja Heter,21,,3660,9048,98,2868,10171,3666,0
dia 21 sem pressao - Soja Heter,21,,3639,8968,98,2868,10108,3647,0
dia 21 sem pressao - Soja Heter,21,,3680,9031,98,2871,10139,3657,0
dia 21 sem pressao - Soja Heter,21,,3629,8987,98,2865,10059,3648,0
dia 21 sem pressao - Soja Heter,21,,3656,8948,99,2873,10087,3642,0
dia 21 sem pressao - Soja Heter,21,,3604,8756,99,2876,10083,3683,0
dia 21 sem pressao - Soja Heter,21,,3669,8885,100,2870,9918,3667,0
dia 21 sem pressao - Soja Heter,21,,3625,8728,99,2881,9721,3635,0
dia 21 sem pressao - Soja Heter,21,,3662,8722,99,2869,9650,3622,0
dia 21 sem pressao - Soja Heter,21,,3611,8696,98,2858,9685,3607,0
dia 21 sem pressao - Soja Heter,21,,3609,8600,97,2846,9621,3637,0
dia 21 sem pressao - Soja Heter,21,,3602,8549,97,2859,9570,3612,0
dia 21 sem pressao - Soja Heter,21,,3636,8566,99,2861,9557,3620,0
dia 21 sem pressao - Soja Heter,21,,3597,8515,97,2863,9501,3601,0
dia 21 sem pressao - Soja Heter,21,,3627,8573,98,2870,9593,3637,0
dia 21 sem pressao - Soja Heter,21,,3576,8572,96,2854,9598,3624,0
dia 21 sem pressao - Soja Heter,21,,3632,8615,98,2860,9637,3646,0
dia 21 sem pressao - Soja Heter,21,,3582,8138,97,2863,9062,3584,0
dia 21 sem pressao - Soja Heter,21,,3567,8175,97,2860,9120,3595,0
dia 21 sem pressao - Soja Heter,21,,3624,8684,98,2869,9723,3625,0
dia 21 sem pressao - Soja Heter,21,,3618,8650,98,2870,9682,3605,0
dia 21 sem pressao - Soja Heter,21,,3604,8539,97,2864,9653,3605,0
dia 21 sem pressao - Soja Heter,21,,3579,8561,97,2861,9662,3609,0
dia 21 sem pressao - Soja Heter,21,,3607,8603,98,2866,9541,3591,0
dia 21 sem pressao - Soja Heter,21,,3617,8615,98,2869,9623,3623,0
dia 21 sem pressao - Soja Heter,21,,3563,8555,96,2862,9486,3593,0
dia 21 sem pressao - Soja Heter,21,,3607,8516,97,2867,9520,3600,0
dia 21 sem pressao - Soja Heter,21,,3629,8612,98,2863,9633,3641,0
dia 21 sem pressao - Soja Heter,21,,3615,8584,98,2870,9565,3618,0
dia 21 sem pressao - Soja Heter,21,,3607,8561,98,2858,9570,3628,0
dia 21 sem pressao - Soja Heter,21,,3578,8208,97,2865,9148,3615,0
dia 21 sem pressao - Soja Heter,21,,3564,8443,96,2864,9499,3607,0
dia 21 sem pressao - Soja Heter,21,,3605,8508,98,2871,9556,3614,0
dia 21 sem pressao - Soja Heter,21,,3590,8604,97,2867,9560,3625,0
dia 21 sem pressao - Soja Heter,21,,3547,8269,96,2872,9129,3605,0
dia 21 sem pressao - Soja Heter,21,,3620,8260,98,2881,9127,3668,0
dia 21 sem pressao - Soja Heter,21,,3606,8336,98,2875,9205,3634,0
dia 21 sem pressao - Soja Heter,21,,3603,8563,98,2881,9507,3652,0
dia 21 sem pressao - Soja Heter,21,,3642,8690,98,2869,9728,3672,0
dia 21 sem pressao - Soja Heter,21,,3614,8500,98,2873,9536,3645,0
dia 21 sem pressao - Soja Heter,21,,3654,8611,99,2886,9606,3658,0
dia 21 sem pressao - Soja Heter,21,,3693,8688,100,2890,9722,3691,0
dia 21 sem pressao - Soja Heter,21,,3679,8707,98,2875,9751,3690,0
dia 21 sem pressao - Soja Heter,21,,3714,8782,100,2890,9789,3713,0
dia 21 sem pressao - Soja Heter,21,,3711,8758,100,2888,9784,3705,0
dia 21 sem pressao - Soja Heter,21,,3715,8769,100,2886,9790,3714,0
dia 21 sem pressao - Soja Heter,21,,3729,8869,100,2875,9909,3728,0
dia 21 sem pressao - Soja Heter,21,,3711,8786,100,2886,9832,3715,0
dia 21 sem pressao - Soja Heter,21,,3751,8904,101,2892,9910,3742,0
dia 21 sem pressao - Soja Heter,21,,3732,8776,101,2893,9731,3717,0
dia 21 sem pressao - Soja Heter,21,,3725,8412,102,2916,9720,3757,0
dia 21 sem pressao - Soja Heter,21,,3755,8887,103,2916,9982,3750,0
dia 21 sem pressao - Soja Heter,21,,3766,8876,102,2918,9997,3762,0
dia 21 sem pressao - Soja Heter,21,,3739,8785,100,2905,9909,3742,0
dia 21 sem pressao - Soja Heter,21,,3777,8869,103,2923,9965,3775,0
dia 21 sem pressao - Soja Heter,21,,3784,8865,103,2922,9950,3780,0
dia 21 sem pressao - Soja Heter,21,,3776,8900,103,2923,9958,3771,0
dia 21 sem pressao - Soja Heter,21,,3787,8835,104,2928,9925,3793,0
dia 21 sem pressao - Soja Heter,21,,3788,8848,103,2927,9888,3786,0
dia 21 sem pressao - Soja Heter,21,,3739,8681,102,2921,9694,3749,0
dia 21 sem pressao - Soja Heter,21,,3789,8849,103,2926,9856,3784,0
dia 21 sem pressao - Soja Heter,21,,3798,8848,103,2928,9910,3792,0
dia 21 sem pressao - Soja Heter,21,,3810,8854,104,2926,9886,3810,0
dia 21 sem pressao - Soja Heter,21,,3797,8934,104,2920,9959,3775,0
dia 21 sem pressao - Soja Heter,21,,3824,8953,104,2926,10092,3815,0
dia 21 sem pressao - Soja Heter,21,,3805,8875,104,2927,10037,3798,0
dia 21 sem pressao - Soja Heter,21,,3802,8848,104,2929,10009,3783,0
dia 21 sem pressao - Soja Heter,21,,3807,8870,104,2932,9993,3796,0
dia 21 sem pressao - Soja Heter,21,,3795,8837,103,2930,9946,3757,0
dia 21 sem pressao - Soja Heter,21,,3802,8764,103,2931,10031,3806,0
dia 21 sem pressao - Soja Heter,21,,3797,8895,102,2919,10197,3815,0
dia 21 sem pressao - Soja Heter,21,,3772,8698,103,2928,10057,3805,0
dia 21 sem pressao - Soja Heter,21,,3822,9009,105,2934,9891,3760,0
dia 21 sem pressao - Soja Heter,21,,3806,8961,104,2932,9913,3815,0
dia 21 sem pressao - Soja Heter,21,,3838,9046,105,2937,9908,3820,0
dia 21 sem pressao - Soja Heter,21,,3805,9097,102,2928,10040,3828,0
dia 21 sem pressao - Soja Heter,21,,3775,9022,104,2933,9940,3823,0
dia 21 sem pressao - Soja Heter,21,,3816,9132,103,2925,9989,3806,0
dia 21 sem pressao - Soja Heter,21,,3813,9095,103,2927,9859,3753,0
dia 21 sem pressao - Soja Heter,21,,3819,9018,104,2936,9806,3768,0
dia 21 sem pressao - Soja Heter,21,,3822,9019,104,2935,9798,3753,0
dia 21 sem pressao - Soja Heter,21,,3827,8973,104,2937,9753,3812,0
dia 21 sem pressao - Soja Heter,21,,3784,8558,103,2933,9252,3757,0
dia 21 sem pressao - Soja Heter,21,,3796,8584,103,2931,9325,3818,0
dia 21 sem pressao - Soja Heter,21,,3801,8956,102,2918,9777,3783,0
dia 21 sem pressao - Soja Heter,21,,3802,9071,103,2926,9917,3821,0
dia 21 sem pressao - Soja Heter,21,,3803,8549,103,2925,10209,3791,0
dia 21 sem pressao - Soja Heter,21,,3839,9107,104,2928,10057,3814,0
dia 21 sem pressao - Soja Heter,21,,3825,9055,103,2924,9934,3812,0
dia 21 sem pressao - Soja Heter,21,,3840,9078,104,2928,9861,3821,0
dia 21 sem pressao - Soja Heter,21,,3842,9075,103,2925,9823,3819,0
dia 21 sem pressao - Soja Heter,21,,3841,9050,104,2933,9826,3820,0
dia 21 sem pressao - Soja Heter,21,,3811,8940,104,2920,9720,3807,0
dia 21 sem pressao - Soja Heter,21,,3820,8874,103,2923,9658,3824,0
dia 21 sem pressao - Soja Heter,21,,3800,8850,103,2927,9781,3815,0
dia 21 sem pressao - Soja Heter,21,,3764,8903,103,2919,9721,3770,0
dia 21 sem pressao - Soja Heter,21,,3835,9073,104,2934,9924,3815,0
dia 21 sem pressao - Soja Heter,21,,3819,9067,103,2931,9942,3788,0
dia 21 sem pressao - Soja Heter,21,,3758,8854,101,2929,9516,3777,0
dia 21 sem pressao - Soja Heter,21,,3849,9124,104,2935,9983,3824,0
dia 21 sem pressao - Soja Heter,21,,3845,9041,104,2938,9764,3823,0
dia 21 sem pressao - Soja Heter,21,,3842,9058,103,2939,9928,3813,0
dia 21 sem pressao - Soja Heter,21,,3831,9016,103,2931,9835,3807,0
dia 21 sem pressao - Soja Heter,21,,3813,8943,103,2924,9741,3790,0
dia 21 sem pressao - Soja Heter,21,,3793,8824,102,2918,9630,3784,0
dia 21 sem pressao - Soja Heter,21,,3796,8793,103,2923,9600,3772,0
dia 21 sem pressao - Soja Heter,21,,3838,9082,104,2930,9908,3813,0
dia 21 sem pressao - Soja Heter,21,,3809,8886,102,2925,9713,3796,0
dia 21 sem pressao - Soja Heter,21,,3834,9065,104,2930,9895,3805,0
dia 21 sem pressao - Soja Heter,21,,3816,9041,102,2917,9866,3784,0
dia 21 sem pressao - Soja Heter,21,,3837,9013,103,2915,9816,3818,0
dia 21 sem pressao - Soja Heter,21,,3852,9083,103,2921,9915,3829,0
dia 21 sem pressao - Soja Heter,21,,3870,9161,104,2936,9836,3840,0
dia 21 sem pressao - Soja Heter,21,,3861,8964,104,2929,10089,3826,0
dia 21 sem pressao - Soja Heter,21,,3861,9076,103,2925,9925,3838,0
dia 21 sem pressao - Soja Heter,21,,3830,8632,104,2928,9357,3837,0
dia 21 sem pressao - Soja Heter,21,,3823,8618,103,2917,9667,3824,0
dia 21 sem pressao - Soja Heter,21,,3826,8797,103,2914,9577,3814,0
dia 21 sem pressao - Soja Heter,21,,3851,8886,103,2911,9841,3832,0
dia 21 sem pressao - Soja Heter,21,,3865,9016,104,2913,9783,3827,0
dia 21 sem pressao - Soja Heter,21,,3884,9072,104,2910,9848,3824,0
dia 21 sem pressao - Soja Heter,21,,3860,8854,104,2909,9797,3821,0
dia 21 sem pressao - Soja Heter,21,,3826,8923,103,2904,9642,3805,0
dia 21 sem pressao - Soja Heter,21,,3912,9081,104,2916,9818,3844,0
dia 21 sem pressao - Soja Heter,21,,3913,9054,104,2918,9879,3848,0
dia 21 sem pressao - Soja Heter,21,,3918,9070,104,2919,9917,3850,0
dia 21 sem pressao - Soja Heter,21,,3935,9260,104,2920,10105,3853,0
dia 21 sem pressao - Soja Heter,21,,3943,9205,105,2924,10112,3861,0
dia 21 sem pressao - Soja Heter,21,,3880,8878,104,2920,9887,3862,0
dia 21 sem pressao - Soja Heter,21,,3916,8962,104,2918,9887,3858,0
dia 21 sem pressao - Soja Heter,21,,3864,8573,102,2915,9367,3844,0
dia 21 sem pressao - Soja Heter,21,,3828,8471,101,2903,9232,3798,0
dia 21 sem pressao - Soja Heter,21,,3867,8565,102,2914,9371,3842,0
dia 21 sem pressao - Soja Heter,21,,3876,8583,103,2915,9404,3853,0
dia 21 sem pressao - Soja Heter,21,,3921,9014,104,2919,9998,3861,0
dia 21 sem pressao - Soja Heter,21,,3931,9103,104,2923,10112,3865,0
dia 21 sem pressao - Soja Heter,21,,3936,9106,103,2922,10083,3869,0
dia 21 sem pressao - Soja Heter,21,,3935,9057,103,2921,10020,3876,0
dia 21 sem pressao - Soja Heter,21,,3918,8896,104,2925,9831,3883,0
dia 21 sem pressao - Soja Heter,21,,3938,8846,104,2926,9911,3884,0
dia 21 sem pressao - Soja Heter,21,,3943,8999,104,2924,9938,3887,0
dia 21 sem pressao - Soja Heter,21,,3937,8926,104,2927,9844,3888,0
dia 21 sem pressao - Soja Heter,21,,3955,9172,105,2928,10107,3892,0
dia 21 sem pressao - Soja Heter,21,,3951,9070,105,2927,10001,3895,0
dia 21 sem pressao - Soja Heter,21,,3946,8993,104,2927,10004,3893,0
dia 21 sem pressao - Soja Heter,21,,3955,9102,104,2925,10033,3893,0
dia 21 sem pressao - Soja Heter,21,,3946,9047,105,2925,9992,3889,0
dia 21 sem pressao - Soja Heter,21,,3943,9038,105,2926,9937,3884,0
dia 21 sem pressao - Soja Heter,21,,3924,9006,104,2921,9951,3866,0
dia 21 sem pressao - Soja Heter,21,,3916,8919,104,2922,9913,3861,0
dia 21 sem pressao - Soja Heter,21,,3883,8900,102,2907,9889,3868,0
dia 21 sem pressao - Soja Heter,21,,3831,8782,101,2906,9750,3800,0
dia 21 sem pressao - Soja Heter,21,,3893,8961,103,2916,9907,3831,0
dia 21 sem pressao - Soja Heter,21,,3917,8996,105,2923,9939,3862,0
dia 21 sem pressao - Soja Heter,21,,3924,9057,104,2927,10007,3872,0
dia 21 sem pressao - Soja Heter,21,,3931,8979,105,2928,9931,3875,0
dia 21 sem pressao - Soja Heter,21,,3934,8983,105,2929,9930,3878,0
dia 21 sem pressao - Soja Heter,21,,3942,9029,105,2929,9971,3884,0
dia 21 sem pressao - Soja Heter,21,,3949,9053,105,2931,9982,3889,0
dia 21 sem pressao - Soja Heter,21,,3945,8955,105,2930,9846,3895,0
dia 21 sem pressao - Soja Heter,21,,3952,9011,104,2931,9871,3893,0
dia 21 sem pressao - Soja Heter,21,,3959,9050,105,2931,9939,3898,0
dia 21 sem pressao - Soja Heter,21,,3965,9067,105,2931,9958,3906,0
dia 21 sem pressao - Soja Heter,21,,3966,9027,105,2930,9935,3908,0
dia 21 sem pressao - Soja Heter,21,,3957,9005,105,2930,9891,3909,0
dia 21 sem pressao - Soja Heter,21,,3971,9025,105,2941,9995,3912,0
dia 21 sem pressao - Soja Heter,21,,3985,9219,105,2948,10065,3912,0
dia 21 sem pressao - Soja Heter,21,,3981,9154,106,2949,10009,3915,0
dia 21 sem pressao - Soja Heter,21,,3994,9256,105,2951,10144,3917,0
dia 21 sem pressao - Soja Heter,21,,3990,9240,106,2955,10268,3918,0
dia 21 sem pressao - Soja Heter,21,,3991,9187,106,2951,10191,3916,0
dia 21 sem pressao - Soja Heter,21,,3981,9148,105,2950,9994,3916,0
dia 21 sem pressao - Soja Heter,21,,3974,9143,106,2946,10080,3913,0
dia 21 sem pressao - Soja Heter,21,,3985,9229,106,2943,10188,3910,0
dia 21 sem pressao - Soja Heter,21,,3977,9132,106,2940,10108,3912,0
dia 21 sem pressao - Soja Heter,21,,3960,9045,106,2932,9917,3907,0
dia 21 sem pressao - Soja Heter,21,,3972,9067,106,2941,10039,3907,0
dia 21 sem pressao - Soja Heter,21,,3966,9105,106,2942,10082,3898,0
dia 21 sem pressao - Soja Heter,21,,3958,9087,105,2932,9987,3892,0
dia 21 sem pressao - Soja Heter,21,,3943,8964,104,2939,9915,3883,0
dia 21 sem pressao - Soja Heter,21,,3955,8974,104,2934,9891,3897,0
dia 21 sem pressao - Soja Heter,21,,3955,9036,105,2938,9949,3896,0
dia 21 sem pressao - Soja Heter,21,,3951,8999,105,2938,9892,3894,0
dia 21 sem pressao - Soja Heter,21,,3958,9051,105,2941,9998,3894,0
dia 21 sem pressao - Soja Heter,21,,3934,8946,104,2938,9890,3883,0
dia 21 sem pressao - Soja Heter,21,,3944,9014,104,2936,9892,3879,0
dia 21 sem pressao - Soja Heter,21,,3929,8920,104,2935,9877,3877,0
dia 21 sem pressao - Soja Heter,21,,3895,8937,103,2925,9847,3833,0
dia 21 sem pressao - Soja Heter,21,,3926,9009,104,2932,9948,3866,0
dia 21 sem pressao - Soja Heter,21,,3920,8988,104,2929,9920,3861,0
dia 21 sem pressao - Soja Heter,21,,3854,8939,102,2914,9853,3846,0
dia 21 sem pressao - Soja Heter,21,,3860,8912,101,2909,9832,3803,0
dia 21 sem pressao - Soja Heter,21,,3888,9006,102,2920,9973,3841,0
dia 21 sem pressao - Soja Heter,21,,3919,8991,103,2929,9989,3861,0
dia 21 sem pressao - Soja Heter,21,,3931,9037,104,2931,10022,3865,0
dia 21 sem pressao - Soja Heter,21,,3940,9091,104,2932,10019,3871,0
dia 21 sem pressao - Soja Heter,21,,3940,9092,104,2930,10021,3870,0
dia 21 sem pressao - Soja Heter,21,,3938,9123,104,2931,10047,3871,0
dia 21 sem pressao - Soja Heter,21,,3942,9136,104,2932,10048,3874,0
dia 21 sem pressao - Soja Heter,21,,3936,9058,104,2933,10013,3874,0
dia 21 sem pressao - Soja Heter,21,,3934,9034,104,2932,9976,3877,0
dia 21 sem pressao - Soja Heter,21,,3932,9004,104,2932,9913,3877,0
dia 21 sem pressao - Soja Heter,21,,3938,9073,104,2932,10008,3876,0
dia 21 sem pressao - Soja Heter,21,,3942,9096,105,2932,9978,3877,0
dia 21 sem pressao - Soja Heter,21,,3943,9101,105,2932,9999,3877,0
dia 21 sem pressao - Soja Heter,21,,3946,9060,104,2933,9968,3875,0
dia 21 sem pressao - Soja Heter,21,,3941,9061,104,2931,9973,3873,0
dia 21 sem pressao - Soja Heter,21,,3937,9060,105,2930,9965,3870,0
dia 21 sem pressao - Soja Heter,21,,3932,9010,104,2931,9901,3865,0
dia 21 sem pressao - Soja Heter,21,,3936,8995,104,2931,9904,3870,0
dia 21 sem pressao - Soja Heter,21,,3922,8972,103,2931,9906,3855,0
dia 21 sem pressao - Soja Heter,21,,3940,9048,104,2933,9963,3874,0
dia 21 sem pressao - Soja Heter,21,,3926,8990,104,2931,9899,3867,0
dia 21 sem pressao - Soja Heter,21,,3900,8920,103,2928,9858,3846,0
dia 21 sem pressao - Soja Heter,21,,3895,8904,103,2931,9746,3810,0
dia 21 sem pressao - Soja Heter,21,,3890,8923,101,2914,9818,3825,0
dia 21 sem pressao - Soja Heter,21,,3860,8552,101,2920,9420,3845,0
dia 21 sem pressao - Soja Heter,21,,3873,8551,102,2930,9412,3842,0
dia 21 sem pressao - Soja Heter,21,,3865,8538,102,2929,9388,3831,0
dia 21 sem pressao - Soja Heter,21,,3886,8642,103,2933,9381,3828,0
dia 21 sem pressao - Soja Heter,21,,3904,8825,104,2941,9783,3846,0
dia 21 sem pressao - Soja Heter,21,,3895,8886,103,2935,9851,3839,0
dia 21 sem pressao - Soja Heter,21,,3892,8851,103,2930,9755,3834,0
dia 21 sem pressao - Soja Heter,21,,3904,8956,103,2930,9880,3830,0
dia 21 sem pressao - Soja Heter,21,,3862,8538,103,2933,9387,3823,0
dia 21 sem pressao - Soja Heter,21,,3905,8995,104,2938,9939,3818,0
dia 21 sem pressao - Soja Heter,21,,3880,8886,103,2933,9788,3782,0
dia 21 sem pressao - Soja Heter,21,,3872,8907,101,2925,9844,3826,0
dia 21 sem pressao - Soja Heter,21,,3892,8852,103,2935,9790,3828,0
dia 21 sem pressao - Soja Heter,21,,3884,8923,103,2931,9821,3812,0
dia 21 sem pressao - Soja Heter,21,,3903,8904,104,2932,9930,3832,0
dia 21 sem pressao - Soja Heter,21,,3901,9040,102,2916,9995,3823,0
dia 21 sem pressao - Soja Heter,21,,3914,9098,104,2935,10049,3826,0
dia 21 sem pressao - Soja Heter,21,,3832,8765,102,2926,9954,3797,0
dia 21 sem pressao - Soja Heter,21,,3905,9008,104,2940,10014,3832,0
dia 21 sem pressao - Soja Heter,21,,3882,8878,103,2935,9838,3789,0
dia 21 sem pressao - Soja Heter,21,,3914,9151,103,2940,10114,3780,0
dia 21 sem pressao - Soja Heter,21,,3912,9103,104,2941,10030,3759,0
dia 21 sem pressao - Soja Heter,21,,3848,9063,101,2930,10119,3802,0
dia 21 sem pressao - Soja Heter,21,,3885,9087,102,2926,10068,3798,0
dia 21 sem pressao - Soja Heter,21,,3897,9100,102,2922,10080,3814,0
dia 21 sem pressao - Soja Heter,21,,3885,9021,103,2939,10024,3802,0
dia 21 sem pressao - Soja Heter,21,,3888,9009,103,2939,9998,3802,0
dia 21 sem pressao - Soja Heter,21,,3899,9038,104,2942,10056,3808,0
dia 21 sem pressao - Soja Heter,21,,3892,8989,104,2942,10054,3813,0
dia 21 sem pressao - Soja Heter,21,,3911,9020,104,2944,10030,3830,0
dia 21 sem pressao - Soja Heter,21,,3920,9039,104,2947,10047,3837,0
dia 21 sem pressao - Soja Heter,21,,3923,9061,104,2948,10058,3841,0
dia 21 sem pressao - Soja Heter,21,,3926,9084,104,2949,10065,3843,0
dia 21 sem pressao - Soja Heter,21,,3932,9074,104,2949,10055,3848,0
dia 21 sem pressao - Soja Heter,21,,3940,9084,104,2949,10068,3853,0
dia 21 sem pressao - Soja Heter,21,,3946,9105,104,2949,10080,3859,0
dia 21 sem pressao - Soja Heter,21,,3952,9119,105,2952,10052,3864,0
dia 21 sem pressao - Soja Heter,21,,3951,9097,104,2951,10018,3865,0
dia 21 sem pressao - Soja Heter,21,,3955,9055,104,2951,10034,3866,0
dia 21 sem pressao - Soja Heter,21,,3957,9155,104,2949,10057,3866,0
dia 21 sem pressao - Soja Heter,21,,3960,9157,104,2950,10084,3867,0
dia 21 sem pressao - Soja Heter,21,,3954,9130,104,2950,10107,3870,0
dia 21 sem pressao - Soja Heter,21,,3959,9124,105,2949,10078,3877,0
dia 21 sem pressao - Soja Heter,21,,3961,9091,105,2951,10024,3876,0
dia 21 sem pressao - Soja Heter,21,,3965,9079,105,2954,9935,3882,0
dia 21 sem pressao - Soja Heter,21,,3962,9040,105,2954,10000,3884,0
dia 21 sem pressao - Soja Heter,21,,3960,9016,104,2954,9987,3881,0
dia 21 sem pressao - Soja Heter,21,,3968,9084,105,2954,10010,3884,0
dia 21 sem pressao - Soja Heter,21,,3968,9063,105,2952,10043,3887,0
dia 21 sem pressao - Soja Heter,21,,3968,9054,104,2951,9962,3889,0
dia 21 sem pressao - Soja Heter,21,,3967,9045,104,2951,9966,3887,0
dia 21 sem pressao - Soja Heter,21,,3961,9014,105,2951,9979,3889,0
dia 21 sem pressao - Soja Heter,21,,3970,9026,105,2950,9933,3894,0
dia 21 sem pressao - Soja Heter,21,,3979,9047,105,2951,9881,3899,0
dia 21 sem pressao - Soja Heter,21,,3978,9000,105,2953,9939,3900,0
dia 21 sem pressao - Soja Heter,21,,3970,8965,105,2952,9923,3896,0
dia 21 sem pressao - Soja Heter,21,,3971,8966,104,2952,9863,3897,0
dia 21 sem pressao - Soja Heter,21,,3967,8919,105,2952,9800,3897,0
dia 21 sem pressao - Soja Heter,21,,3964,8832,104,2952,9774,3901,0
dia 21 sem pressao - Soja Heter,21,,3984,9025,105,2954,9906,3904,0
dia 21 sem pressao - Soja Heter,21,,3983,9065,105,2954,9931,3905,0
dia 21 sem pressao - Soja Heter,21,,3981,8999,104,2950,9983,3904,0
dia 21 sem pressao - Soja Heter,21,,3982,9012,105,2951,10006,3906,0
dia 21 sem pressao - Soja Heter,21,,3986,9025,105,2951,9960,3905,0
dia 21 sem pressao - Soja Heter,21,,3986,9007,105,2953,9993,3907,0
dia 21 sem pressao - Soja Heter,21,,3990,9071,105,2951,10003,3907,0
dia 21 sem pressao - Soja Heter,21,,3986,9044,105,2951,10035,3904,0
dia 21 sem pressao - Soja Heter,21,,3983,9003,104,2951,9942,3902,0
dia 21 sem pressao - Soja Heter,21,,3973,9002,105,2950,9984,3896,0
dia 21 sem pressao - Soja Heter,21,,3929,8589,105,2942,9473,3881,0
dia 21 sem pressao - Soja Heter,21,,3939,9001,104,2934,9953,3858,0
dia 21 sem pressao - Soja Heter,21,,3940,9045,104,2937,10037,3863,0
dia 21 sem pressao - Soja Heter,21,,3952,9084,105,2939,9956,3859,0
dia 21 sem pressao - Soja Heter,21,,3930,8915,104,2939,9893,3844,0
dia 21 sem pressao - Soja Heter,21,,3914,8894,103,2939,9985,3837,0
dia 21 sem pressao - Soja Heter,21,,3898,8866,103,2940,9940,3840,0
dia 21 sem pressao - Soja Heter,21,,3919,8892,104,2945,9945,3836,0
dia 21 sem pressao - Soja Heter,21,,3915,8911,104,2938,9896,3843,0
dia 21 sem pressao - Soja Heter,21,,3938,9007,104,2946,10010,3846,0
dia 21 sem pressao - Soja Heter,21,,3904,8852,103,2943,9938,3820,0
dia 21 sem pressao - Soja Heter,21,,3879,8861,103,2939,9891,3800,0
dia 21 sem pressao - Soja Heter,21,,3874,8821,103,2947,9829,3799,0
dia 21 sem pressao - Soja Heter,21,,3910,8834,103,2945,9933,3827,0
dia 21 sem pressao - Soja Heter,21,,3916,8854,104,2936,10038,3833,0
dia 21 sem pressao - Soja Heter,21,,3933,8932,105,2949,9990,3846,0
dia 21 sem pressao - Soja Heter,21,,3930,8921,104,2949,10004,3842,0
dia 21 sem pressao - Soja Heter,21,,3934,8945,104,2950,10011,3844,0
dia 21 sem pressao - Soja Heter,21,,3933,8934,105,2949,10032,3850,0
dia 21 sem pressao - Soja Heter,21,,3939,8927,104,2950,10041,3848,0
dia 21 sem pressao - Soja Heter,21,,3936,9007,104,2951,10101,3838,0
dia 21 sem pressao - Soja Heter,21,,3940,9009,105,2951,10065,3841,0
dia 21 sem pressao - Soja Heter,21,,3934,8953,103,2949,10021,3850,0
dia 21 sem pressao - Soja Heter,21,,3929,8878,104,2950,9876,3828,0
dia 21 sem pressao - Soja Heter,21,,3898,8878,103,2943,9946,3843,0
dia 21 sem pressao - Soja Heter,21,,3864,8824,103,2942,9710,3796,0
dia 21 sem pressao - Soja Heter,21,,3903,8713,103,2942,9914,3804,0
dia 21 sem pressao - Soja Heter,21,,3872,8710,103,2943,9782,3775,0
dia 21 sem pressao - Soja Heter,21,,3885,8758,103,2945,9923,3797,0
dia 21 sem pressao - Soja Heter,21,,3876,8481,103,2940,10012,3786,0
dia 21 sem pressao - Soja Heter,21,,3861,8447,103,2945,10260,3806,0
dia 21 sem pressao - Soja Heter,21,,3834,8366,103,2944,10186,3803,0
dia 21 sem pressao - Soja Heter,21,,3900,8842,103,2947,10070,3806,0
dia 21 sem pressao - Soja Heter,21,,3903,9000,103,2948,9910,3794,0
dia 21 sem pressao - Soja Heter,21,,3891,8977,103,2941,9795,3773,0
dia 21 sem pressao - Soja Heter,21,,3826,8522,102,2941,9328,3781,0
dia 21 sem pressao - Soja Heter,21,,3856,8945,102,2932,9909,3778,0
dia 21 sem pressao - Soja Heter,21,,3899,8953,103,2948,9910,3790,0
dia 21 sem pressao - Soja Heter,21,,3907,9080,103,2951,9968,3799,0
dia 21 sem pressao - Soja Heter,21,,3919,9028,104,2951,9990,3807,0
dia 21 sem pressao - Soja Heter,21,,3898,8994,104,2951,9944,3800,0
dia 21 sem pressao - Soja Heter,21,,3919,8979,104,2954,9939,3788,0
dia 21 sem pressao - Soja Heter,21,,3933,9110,104,2953,9917,3819,0
dia 21 sem pressao - Soja Heter,21,,3913,9058,103,2952,9869,3788,0
dia 21 sem pressao - Soja Heter,21,,3917,9120,105,2950,9965,3788,0
dia 21 sem pressao - Soja Heter,21,,3941,9131,105,2954,10025,3818,0
dia 21 sem pressao - Soja Heter,21,,3934,9061,105,2956,10030,3829,0
dia 21 sem pressao - Soja Heter,21,,3943,9059,105,2960,10019,3833,0
dia 21 sem pressao - Soja Heter,21,,3949,9080,105,2960,10019,3837,0
dia 21 sem pressao - Soja Heter,21,,3942,9013,106,2959,9955,3844,0
dia 21 sem pressao - Soja Heter,21,,3947,9043,105,2959,9969,3847,0
dia 21 sem pressao - Soja Heter,21,,3965,9106,105,2959,9979,3855,0
dia 21 sem pressao - Soja Heter,21,,3971,9068,106,2961,9982,3858,0
dia 21 sem pressao - Soja Heter,21,,3961,8982,106,2958,9955,3860,0
dia 21 sem pressao - Soja Heter,21,,3968,9042,105,2960,9989,3862,0
dia 21 sem pressao - Soja Heter,21,,3985,9185,106,2960,10001,3869,0
dia 21 sem pressao - Soja Heter,21,,3982,9114,106,2954,10018,3877,0
dia 21 sem pressao - Soja Heter,21,,3994,9143,106,2954,10025,3882,0
dia 21 sem pressao - Soja Heter,21,,4001,9126,106,2952,9979,3890,0
dia 21 sem pressao - Soja Heter,21,,3995,9067,106,2954,9968,3888,0
dia 21 sem pressao - Soja Heter,21,,3992,9021,105,2955,9919,3890,0
dia 21 sem pressao - Soja Heter,21,,3995,9016,105,2957,9923,3895,0
dia 21 sem pressao - Soja Heter,21,,3999,9032,105,2957,9944,3897,0
dia 21 sem pressao - Soja Heter,21,,3996,9011,105,2959,9950,3894,0
dia 21 sem pressao - Soja Heter,21,,3999,9015,106,2958,9903,3895,0
dia 21 sem pressao - Soja Heter,21,,4006,9046,106,2960,9931,3900,0
dia 21 sem pressao - Soja Heter,21,,4007,9045,105,2962,9922,3903,0
dia 21 sem pressao - Soja Heter,21,,4009,9063,106,2959,9960,3901,0
dia 21 sem pressao - Soja Heter,21,,3998,9018,106,2961,9908,3903,0
dia 21 sem pressao - Soja Heter,21,,4007,9090,107,2963,9888,3903,0
dia 21 sem pressao - Soja Heter,21,,4010,9075,106,2963,9907,3903,0
dia 21 sem pressao - Soja Heter,21,,4002,9019,106,2961,9845,3899,0
dia 21 sem pressao - Soja Heter,21,,4010,9050,107,2961,9926,3914,0
dia 21 sem pressao - Soja Heter,21,,4005,9026,107,2964,9920,3899,0
dia 21 sem pressao - Soja Heter,21,,4008,9010,107,2966,9929,3906,0
dia 21 sem pressao - Soja Heter,21,,4003,8988,107,2964,9895,3903,0
dia 21 sem pressao - Soja Heter,21,,3998,9006,106,2964,9925,3892,0
dia 21 sem pressao - Soja Heter,21,,3999,8990,107,2963,9876,3897,0
dia 21 sem pressao - Soja Heter,21,,3988,8958,105,2961,9855,3887,0
dia 21 sem pressao - Soja Heter,21,,3961,8949,105,2954,9831,3859,0
dia 21 sem pressao - Soja Heter,21,,3945,8911,104,2955,9822,3851,0
dia 21 sem pressao - Soja Heter,21,,3993,9132,106,2959,10094,3875,0
dia 21 sem pressao - Soja Heter,21,,3942,8896,105,2957,9850,3803,0
dia 21 sem pressao - Soja Heter,21,,3941,8336,105,2959,9749,3868,0
dia 21 sem pressao - Soja Heter,21,,3939,8682,106,2959,9458,3867,0
dia 21 sem pressao - Soja Heter,21,,3960,8919,105,2962,9653,3859,0
dia 21 sem pressao - Soja Heter,21,,3942,8908,105,2965,9944,3863,0
dia 21 sem pressao - Soja Heter,21,,3953,9019,105,2958,9930,3860,0
dia 21 sem pressao - Soja Heter,21,,3917,8849,104,2955,9603,3868,0
dia 21 sem pressao - Soja Heter,21,,3925,8603,105,2955,9464,3841,0
dia 21 sem pressao - Soja Heter,21,,3887,8553,104,2956,9432,3807,0
dia 21 sem pressao - Soja Heter,21,,3921,8610,106,2958,9450,3847,0
dia 21 sem pressao - Soja Heter,21,,3921,8644,104,2958,9441,3839,0
dia 21 sem pressao - Soja Heter,21,,3927,8626,105,2961,9496,3852,0
dia 21 sem pressao - Soja Heter,21,,3924,8604,105,2960,9516,3846,0
dia 21 sem pressao - Soja Heter,21,,3934,8634,105,2959,9484,3845,0
dia 21 sem pressao - Soja Heter,21,,3943,8674,104,2961,9500,3853,0
dia 21 sem pressao - Soja Heter,21,,3980,9225,106,2960,10111,3834,0
dia 21 sem pressao - Soja Heter,21,,3990,9184,106,2964,10119,3857,0
dia 21 sem pressao - Soja Heter,21,,3957,8780,106,2960,9489,3830,0
dia 21 sem pressao - Soja Heter,21,,3944,9171,104,2952,9901,3809,0
dia 21 sem pressao - Soja Heter,21,,3913,8979,103,2944,10005,3786,0
dia 21 sem pressao - Soja Heter,21,,3992,8801,105,2966,9539,3848,0
dia 21 sem pressao - Soja Heter,21,,3909,9148,104,2943,10055,3766,0
dia 21 sem pressao - Soja Heter,21,,3910,9200,104,2956,10271,3832,0
dia 21 sem pressao - Soja Heter,21,,3995,9535,106,2961,10616,3832,0
dia 21 sem pressao - Soja Heter,21,,4006,9589,106,2963,10672,3830,0
dia 21 sem pressao - Soja Heter,21,,3978,9330,104,2962,10322,3825,0
dia 21 sem pressao - Soja Heter,21,,3967,9441,105,2960,10611,3808,0
dia 21 sem pressao - Soja Heter,21,,3996,9538,106,2964,10683,3831,0
dia 21 sem pressao - Soja Heter,21,,3991,9454,106,2963,10604,3829,0
dia 21 sem pressao - Soja Heter,21,,3978,9389,105,2957,10443,3817,0
dia 21 sem pressao - Soja Heter,21,,3906,8582,103,2953,9473,3816,0
dia 21 sem pressao - Soja Heter,21,,3967,9290,105,2952,10423,3818,0
dia 21 sem pressao - Soja Heter,21,,3995,9554,106,2958,10535,3825,0
dia 21 sem pressao - Soja Heter,21,,3981,9420,105,2960,10376,3824,0
dia 21 sem pressao - Soja Heter,21,,3966,9296,105,2957,10260,3813,0
dia 21 sem pressao - Soja Heter,21,,3949,9201,104,2956,10082,3802,0
dia 21 sem pressao - Soja Heter,21,,3990,9382,106,2964,10332,3831,0
dia 21 sem pressao - Soja Heter,21,,3981,9293,105,2965,10263,3829,0
dia 21 sem pressao - Soja Heter,21,,3944,9048,105,2960,10019,3820,0
dia 21 sem pressao - Soja Heter,21,,3960,9158,105,2959,10091,3820,0
dia 21 sem pressao - Soja Heter,21,,3955,9211,104,2960,10203,3808,0
dia 21 sem pressao - Soja Heter,21,,3952,9193,105,2960,10180,3806,0
dia 21 sem pressao - Soja Heter,21,,3970,9195,105,2965,10164,3824,0
dia 21 sem pressao - Soja Heter,21,,3919,8633,104,2962,9516,3825,0
dia 21 sem pressao - Soja Heter,21,,3953,9163,105,2961,10102,3813,0
dia 21 sem pressao - Soja Heter,21,,3967,9260,104,2958,10253,3837,0
dia 21 sem pressao - Soja Heter,21,,3945,9183,105,2959,10234,3797,0
dia 21 sem pressao - Soja Heter,21,,3969,9170,104,2954,10234,3809,0
dia 21 sem pressao - Soja Heter,21,,3970,9311,105,2962,10258,3808,0
dia 21 sem pressao - Soja Heter,21,,3987,9386,105,2966,10280,3828,0
dia 21 sem pressao - Soja Heter,21,,3848,8564,103,2946,9357,3783,0
dia 21 sem pressao - Soja Heter,21,,4024,9528,107,2973,10471,3853,0
dia 21 sem pressao - Soja Heter,21,,4023,9502,106,2974,10439,3851,0
dia 21 sem pressao - Soja Heter,21,,4009,9401,107,2971,10360,3844,0
dia 21 sem pressao - Soja Heter,21,,4013,9444,106,2970,10406,3845,0
dia 21 sem pressao - Soja Heter,21,,4013,9437,106,2966,10389,3843,0
dia 21 sem pressao - Soja Heter,21,,4002,9391,107,2966,10338,3838,0
dia 21 sem pressao - Soja Heter,21,,4011,9454,106,2968,10396,3840,0
dia 21 sem pressao - Soja Heter,21,,4007,9423,106,2969,10358,3844,0
dia 21 sem pressao - Soja Heter,21,,3995,9389,105,2966,10298,3827,0
dia 21 sem pressao - Soja Heter,21,,4016,9435,106,2965,10349,3852,0
dia 21 sem pressao - Soja Heter,21,,4001,9372,106,2969,10263,3823,0
dia 21 sem pressao - Soja Heter,21,,3928,9073,104,2962,10060,3825,0
dia 21 sem pressao - Soja Heter,21,,3967,9296,105,2961,10243,3836,0
dia 21 sem pressao - Soja Heter,21,,3977,9301,105,2964,10247,3812,0
dia 21 sem pressao - Soja Heter,21,,3912,8588,104,2964,9498,3836,0
dia 21 sem pressao - Soja Heter,21,,3995,9378,104,2954,10278,3850,0
dia 21 sem pressao - Soja Heter,21,,4013,9361,106,2973,10283,3855,0
dia 21 sem pressao - Soja Heter,21,,4019,9381,107,2975,10337,3860,0
dia 21 sem pressao - Soja Heter,21,,4020,9334,107,2974,10266,3862,0
dia 21 sem pressao - Soja Heter,21,,4014,9277,106,2974,10247,3864,0
dia 21 sem pressao - Soja Heter,21,,4001,9141,106,2971,10034,3857,0
dia 21 sem pressao - Soja Heter,21,,3995,9150,105,2968,10097,3847,0
dia 21 sem pressao - Soja Heter,21,,3949,9081,105,2960,9999,3812,0
dia 21 sem pressao - Soja Heter,21,,3843,8453,103,2943,9448,3802,0
dia 21 sem pressao - Soja Heter,21,,3894,8995,103,2957,9900,3813,0
dia 21 sem pressao - Soja Heter,21,,3885,8580,103,2954,9419,3788,0
dia 21 sem pressao - Soja Heter,21,,3959,8990,107,2970,9844,3818,0
dia 21 sem pressao - Soja Heter,21,,3921,8646,105,2961,9465,3815,0
dia 21 sem pressao - Soja Heter,21,,3945,9026,104,2960,9894,3807,0
dia 21 sem pressao - Soja Heter,21,,3987,9192,105,2970,10066,3833,0
dia 21 sem pressao - Soja Heter,21,,3939,9185,105,2954,10097,3821,0
dia 21 sem pressao - Soja Heter,21,,3990,9215,106,2972,10118,3835,0
dia 21 sem pressao - Soja Heter,21,,3990,9152,106,2974,10060,3843,0
dia 21 sem pressao - Soja Heter,21,,3990,9107,107,2974,9995,3845,0
dia 21 sem pressao - Soja Heter,21,,3995,9143,106,2967,10029,3848,0
dia 21 sem pressao - Soja Heter,21,,3950,8975,105,2956,9823,3786,0
dia 21 sem pressao - Soja Heter,21,,3949,8987,105,2955,9866,3826,0
dia 21 sem pressao - Soja Heter,21,,3946,8699,106,2964,9551,3840,0
dia 21 sem pressao - Soja Heter,21,,3953,8725,105,2968,9548,3845,0
dia 21 sem pressao - Soja Heter,21,,3958,8733,105,2969,9537,3844,0
dia 21 sem pressao - Soja Heter,21,,3960,8727,106,2967,9540,3848,0
dia 21 sem pressao - Soja Heter,21,,3964,8742,106,2969,9542,3848,0
dia 21 sem pressao - Soja Heter,21,,3967,8731,105,2971,9560,3853,0
dia 21 sem pressao - Soja Heter,21,,3964,8713,105,2968,9559,3852,0
dia 21 sem pressao - Soja Heter,21,,3963,8701,106,2969,9557,3844,0
dia 21 sem pressao - Soja Heter,21,,3961,8712,105,2967,9528,3848,0
dia 21 sem pressao - Soja Heter,21,,3954,8694,105,2966,9522,3839,0
dia 21 sem pressao - Soja Heter,21,,3959,8713,104,2967,9536,3849,0
dia 21 sem pressao - Soja Heter,21,,3950,8681,106,2968,9523,3833,0
dia 21 sem pressao - Soja Heter,21,,3946,8851,105,2961,9756,3815,0
dia 21 sem pressao - Soja Heter,21,,3890,8647,104,2958,9436,3781,0
dia 21 sem pressao - Soja Heter,21,,3909,8903,105,2964,9812,3813,0
dia 21 sem pressao - Soja Heter,21,,3922,8901,104,2958,9867,3830,0
dia 21 sem pressao - Soja Heter,21,,3958,8933,105,2965,9838,3824,0
dia 21 sem pressao - Soja Heter,21,,3970,8700,106,2970,9544,3834,0
dia 21 sem pressao - Soja Heter,21,,3948,8687,105,2971,9545,3830,0
dia 21 sem pressao - Soja Heter,21,,3950,8687,106,2972,9557,3835,0
dia 21 sem pressao - Soja Heter,21,,3944,8655,105,2975,9542,3826,0
dia 21 sem pressao - Soja Heter,21,,3963,8961,105,2973,9847,3813,0
dia 21 sem pressao - Soja Heter,21,,3909,8624,104,2965,9481,3792,0
dia 21 sem pressao - Soja Heter,21,,3928,8641,105,2974,9501,3810,0
dia 21 sem pressao - Soja Heter,21,,3970,8970,106,2984,9857,3819,0
dia 21 sem pressao - Soja Heter,21,,3946,8864,105,2978,9740,3809,0
dia 21 sem pressao - Soja Heter,21,,3878,8542,105,2969,9540,3752,0
dia 21 sem pressao - Soja Heter,21,,3934,8644,105,2976,9537,3817,0
dia 21 sem pressao - Soja Heter,21,,3911,8626,105,2970,9511,3812,0
dia 21 sem pressao - Soja Heter,21,,3897,8602,105,2971,9644,3789,0
dia 21 sem pressao - Soja Heter,21,,3962,9015,105,2973,9968,3810,0
dia 21 sem pressao - Soja Heter,21,,3906,8594,104,2968,9518,3790,0
dia 21 sem pressao - Soja Heter,21,,3914,8727,105,2968,9535,3783,0
dia 21 sem pressao - Soja Heter,21,,3872,8568,104,2961,9496,3768,0
dia 21 sem pressao - Soja Heter,21,,3935,8849,105,2965,9732,3792,0
dia 21 sem pressao - Soja Heter,21,,3924,8928,104,2963,9768,3767,0
dia 21 sem pressao - Soja Heter,21,,3904,8601,103,2963,9522,3792,0
dia 21 sem pressao - Soja Heter,21,,3942,8897,105,2970,9490,3791,0
dia 21 sem pressao - Soja Heter,21,,3860,8604,103,2960,9473,3787,0
dia 21 sem pressao - Soja Heter,21,,3931,8939,105,2966,9862,3780,0
dia 21 sem pressao - Soja Heter,21,,3928,8989,105,2964,9870,3772,0
dia 21 sem pressao - Soja Heter,21,,3935,8898,105,2970,9782,3761,0
dia 21 sem pressao - Soja Heter,21,,3860,8534,103,2965,9411,3744,0
dia 21 sem pressao - Soja Heter,21,,3877,8567,104,2964,9378,3759,0
dia 21 sem pressao - Soja Heter,21,,3933,8681,105,2973,9480,3775,0
dia 21 sem pressao - Soja Heter,21,,3937,8702,106,2977,9539,3797,0
dia 21 sem pressao - Soja Heter,21,,3886,8604,104,2970,9427,3775,0
dia 21 sem pressao - Soja Heter,21,,3943,8723,105,2960,9582,3824,0
dia 21 sem pressao - Soja Heter,21,,3904,8594,104,2966,9434,3766,0
dia 21 sem pressao - Soja Heter,21,,3954,8739,106,2971,9590,3827,0
dia 21 sem pressao - Soja Heter,21,,3968,8737,107,2980,9631,3837,0
dia 21 sem pressao - Soja Heter,21,,4016,9184,108,2982,9852,3848,0
dia 21 sem pressao - Soja Heter,21,,3979,8764,106,2983,9633,3848,0
dia 21 sem pressao - Soja Heter,21,,3964,8946,107,2972,9939,3808,0
dia 21 sem pressao - Soja Heter,21,,3952,8686,105,2961,9546,3820,0
dia 21 sem pressao - Soja Heter,21,,3947,8705,107,2964,9553,3821,0
dia 21 sem pressao - Soja Heter,21,,3996,8783,107,2975,9653,3849,0
dia 21 sem pressao - Soja Heter,21,,3964,8711,106,2968,9553,3828,0
dia 21 sem pressao - Soja Heter,21,,4002,9078,107,2972,9899,3833,0
dia 21 sem pressao - Soja Heter,21,,3955,8713,105,2967,9561,3825,0
dia 21 sem pressao - Soja Heter,21,,3996,9072,107,2974,9875,3812,0
dia 21 sem pressao - Soja Heter,21,,3989,9138,107,2968,10188,3810,0
dia 21 sem pressao - Soja Heter,21,,4045,9471,108,2980,10463,3848,0
dia 21 sem pressao - Soja Heter,21,,4082,9770,108,2984,10864,3833,0
dia 21 sem pressao - Soja Heter,21,,4052,9692,107,2977,10811,3832,0
dia 21 sem pressao - Soja Heter,21,,4016,9727,106,2969,10792,3828,0
dia 21 sem pressao - Soja Heter,21,,4013,9568,107,2975,10471,3804,0
dia 21 sem pressao - Soja Heter,21,,4039,9518,107,2976,10560,3840,0
dia 21 sem pressao - Soja Heter,21,,3981,9278,105,2977,10341,3818,0
dia 21 sem pressao - Soja Heter,21,,4051,9507,108,2983,10570,3839,0
dia 21 sem pressao - Soja Heter,21,,4028,9453,107,2975,10491,3817,0
dia 21 sem pressao - Soja Heter,21,,4015,9410,107,2980,10465,3813,0
dia 21 sem pressao - Soja Heter,21,,3915,8635,104,2969,9552,3816,0
dia 21 sem pressao - Soja Heter,21,,4046,9589,108,2983,10660,3825,0
dia 21 sem pressao - Soja Heter,21,,3993,9339,106,2976,10415,3810,0
dia 21 sem pressao - Soja Heter,21,,4028,9385,107,2981,10423,3825,0
dia 21 sem pressao - Soja Heter,21,,4048,9529,108,2985,10558,3852,0
dia 21 sem pressao - Soja Heter,21,,4031,8731,107,2984,9857,3841,0
dia 21 sem pressao - Soja Heter,21,,4004,9332,107,2978,10400,3813,0
dia 21 sem pressao - Soja Heter,21,,4006,9386,106,2977,10441,3808,0
dia 21 sem pressao - Soja Heter,21,,4021,9606,105,2970,10659,3843,0
dia 21 sem pressao - Soja Heter,21,,4032,9545,107,2981,10610,3828,0
dia 21 sem pressao - Soja Heter,21,,4073,9673,108,2989,10711,3852,0
dia 21 sem pressao - Soja Heter,21,,4018,9527,106,2980,10546,3807,0
dia 21 sem pressao - Soja Heter,21,,4074,9707,108,2989,10745,3854,0
dia 21 sem pressao - Soja Heter,21,,4080,9717,108,2988,10756,3863,0
dia 21 sem pressao - Soja Heter,21,,4086,9721,108,2990,10703,3870,0
dia 21 sem pressao - Soja Heter,21,,4086,9657,107,2990,10613,3873,0
dia 21 sem pressao - Soja Heter,21,,4084,9654,107,2986,10586,3878,0
dia 21 sem pressao - Soja Heter,21,,4093,9680,108,2989,10605,3881,0
dia 21 sem pressao - Soja Heter,21,,4096,9645,108,2990,10574,3885,0
dia 21 sem pressao - Soja Heter,21,,4105,9682,108,2987,10622,3889,0
dia 21 sem pressao - Soja Heter,21,,4099,9634,109,2991,10603,3889,0
dia 21 sem pressao - Soja Heter,21,,4093,9644,108,2990,10610,3880,0
dia 21 sem pressao - Soja Heter,21,,4081,9612,108,2988,10541,3876,0
dia 21 sem pressao - Soja Heter,21,,4073,9556,107,2982,10483,3871,0
dia 21 sem pressao - Soja Heter,21,,4006,9305,107,2981,10181,3832,0
dia 21 sem pressao - Soja Heter,21,,4078,9546,108,2984,10469,3872,0
dia 21 sem pressao - Soja Heter,21,,4058,9473,107,2982,10354,3845,0
dia 21 sem pressao - Soja Heter,21,,4034,9400,107,2977,10284,3814,0
dia 21 sem pressao - Soja Heter,21,,4064,9482,108,2985,10393,3857,0
dia 21 sem pressao - Soja Heter,21,,3997,9331,107,2977,10228,3826,0
dia 21 sem pressao - Soja Heter,21,,4032,9449,107,2983,10421,3827,0
dia 21 sem pressao - Soja Heter,21,,4014,9452,106,2977,10314,3809,0
dia 21 sem pressao - Soja Heter,21,,4017,9542,105,2967,10475,3839,0
dia 21 sem pressao - Soja Heter,21,,4058,9628,107,2982,10465,3840,0
dia 21 sem pressao - Soja Heter,21,,4052,9599,107,2984,10429,3837,0
dia 21 sem pressao - Soja Heter,21,,4072,9594,107,2990,10262,3853,0
dia 21 sem pressao - Soja Heter,21,,4008,9508,107,2988,10379,3849,0
dia 21 sem pressao - Soja Heter,21,,4050,9438,108,2985,10348,3846,0
dia 21 sem pressao - Soja Heter,21,,4027,9443,107,2975,10350,3865,0
dia 21 sem pressao - Soja Heter,21,,4067,9441,107,2981,10428,3861,0
dia 21 sem pressao - Soja Heter,21,,4064,9469,108,2981,10322,3861,0
dia 21 sem pressao - Soja Heter,21,,4046,9316,107,2983,10165,3851,0
dia 21 sem pressao - Soja Heter,21,,4036,9323,107,2981,10165,3832,0
dia 21 sem pressao - Soja Heter,21,,4054,9359,107,2980,10322,3864,0
dia 21 sem pressao - Soja Heter,21,,3980,8831,105,2976,10525,3819,0
dia 21 sem pressao - Soja Heter,21,,4012,8847,105,2984,10579,3859,0
dia 21 sem pressao - Soja Heter,21,,4019,8835,107,2985,10554,3871,0
dia 21 sem pressao - Soja Heter,21,,4075,9390,107,2988,10199,3882,0
dia 21 sem pressao - Soja Heter,21,,4077,9392,108,2987,10142,3881,0
dia 21 sem pressao - Soja Heter,21,,4073,9392,108,2987,10081,3878,0
dia 21 sem pressao - Soja Heter,21,,4060,9351,107,2985,10066,3865,0
dia 21 sem pressao - Soja Heter,21,,4046,9334,106,2982,10079,3877,0
dia 21 sem pressao - Soja Heter,21,,4055,9318,108,2985,10018,3846,0
dia 21 sem pressao - Soja Heter,21,,4003,9302,107,2987,9975,3828,0
dia 21 sem pressao - Soja Heter,21,,4052,9356,107,2982,10062,3866,0
dia 21 sem pressao - Soja Heter,21,,4084,9410,108,2991,10113,3889,0
dia 21 sem pressao - Soja Heter,21,,4080,9361,108,2993,10080,3883,0
dia 21 sem pressao - Soja Heter,21,,4085,9423,108,2990,10125,3877,0
dia 21 sem pressao - Soja Heter,21,,4074,9123,108,2988,9543,3874,0
dia 21 sem pressao - Soja Heter,21,,4083,9401,107,2989,10086,3873,0
dia 21 sem pressao - Soja Heter,21,,4065,9365,107,2987,10045,3865,0
dia 21 sem pressao - Soja Heter,21,,4058,9374,106,2975,10082,3881,0
dia 21 sem pressao - Soja Heter,21,,4034,9226,107,2982,9943,3840,0
dia 21 sem pressao - Soja Heter,21,,4003,9219,106,2973,9769,3788,0
dia 21 sem pressao - Soja Heter,21,,4020,8904,107,2986,9512,3851,0
dia 21 sem pressao - Soja Heter,21,,4064,9381,106,2988,10042,3859,0
dia 21 sem pressao - Soja Heter,21,,4041,9297,107,2985,9959,3856,0
dia 21 sem pressao - Soja Heter,21,,3976,8879,104,2971,9500,3843,0
dia 21 sem pressao - Soja Heter,21,,4048,9109,108,2990,9930,3862,0
dia 21 sem pressao - Soja Heter,21,,4001,8887,107,2981,9501,3842,0
dia 21 sem pressao - Soja Heter,21,,4043,9209,107,2989,9871,3848,0
dia 21 sem pressao - Soja Heter,21,,4043,9270,107,2988,9888,3866,0
dia 21 sem pressao - Soja Heter,21,,4058,9309,107,2990,9961,3861,0
dia 21 sem pressao - Soja Heter,21,,4026,8872,106,2984,9551,3838,0
dia 21 sem pressao - Soja Heter,21,,4043,9089,107,2991,9769,3852,0
dia 21 sem pressao - Soja Heter,21,,4060,9227,108,2995,9893,3873,0
dia 21 sem pressao - Soja Heter,21,,4067,9246,108,2997,9856,3879,0
dia 21 sem pressao - Soja Heter,21,,4041,8958,107,3000,9753,3880,0
dia 21 sem pressao - Soja Heter,21,,4077,8961,108,2999,9576,3884,0
dia 21 sem pressao - Soja Heter,21,,4094,9447,108,3001,10135,3885,0
dia 21 sem pressao - Soja Heter,21,,4095,9477,109,3000,10177,3887,0
dia 21 sem pressao - Soja Heter,21,,4097,9495,108,2998,10205,3889,0
dia 21 sem pressao - Soja Heter,21,,4092,9523,108,2998,10237,3882,0
dia 21 sem pressao - Soja Heter,21,,4076,9506,108,2992,10193,3887,0
dia 21 sem pressao - Soja Heter,21,,4093,9486,108,2993,10174,3880,0
dia 21 sem pressao - Soja Heter,21,,4054,9290,107,2988,9591,3877,0
dia 21 sem pressao - Soja Heter,21,,4086,9201,108,2992,9554,3878,0
dia 21 sem pressao - Soja Heter,21,,4099,9481,109,2995,10161,3887,0
dia 21 sem pressao - Soja Heter,21,,4098,9433,110,2996,10120,3890,0
dia 21 sem pressao - Soja Heter,21,,4096,9411,109,2996,10102,3894,0
dia 21 sem pressao - Soja Heter,21,,4083,9249,108,2994,9539,3880,0
dia 21 sem pressao - Soja Heter,21,,3980,8772,106,2987,9499,3847,0
dia 21 sem pressao - Soja Heter,21,,4026,8926,107,2981,9561,3883,0
dia 21 sem pressao - Soja Heter,21,,4090,9368,109,2997,9958,3891,0
dia 21 sem pressao - Soja Heter,21,,4057,8932,108,2990,9610,3895,0
dia 21 sem pressao - Soja Heter,21,,4101,9396,109,2989,9841,3904,0
dia 21 sem pressao - Soja Heter,21,,4123,9525,109,2996,10299,3911,0
dia 21 sem pressao - Soja Heter,21,,4103,9447,108,2996,9968,3910,0
dia 21 sem pressao - Soja Heter,21,,4068,8942,108,2995,9612,3904,0
dia 21 sem pressao - Soja Heter,21,,4066,8921,108,2994,9621,3905,0
dia 21 sem pressao - Soja Heter,21,,4066,8925,108,2994,9630,3906,0
dia 21 sem pressao - Soja Heter,21,,4069,8928,107,2995,9631,3909,0
dia 21 sem pressao - Soja Heter,21,,4064,8907,109,2993,9601,3898,0
dia 21 sem pressao - Soja Heter,21,,4052,8876,107,2990,9594,3897,0
dia 21 sem pressao - Soja Heter,21,,3994,8851,106,2986,9500,3869,0
dia 21 sem pressao - Soja Heter,21,,4069,8949,108,2998,9624,3909,0
dia 21 sem pressao - Soja Heter,21,,4082,8969,109,3001,9644,3917,0
dia 21 sem pressao - Soja Heter,21,,4092,8987,109,3002,9660,3925,0
dia 21 sem pressao - Soja Heter,21,,4099,8997,109,2999,9665,3932,0
dia 21 sem pressao - Soja Heter,21,,4103,9004,109,2998,9672,3936,0
dia 21 sem pressao - Soja Heter,21,,4108,9010,109,3004,9677,3940,0
dia 21 sem pressao - Soja Heter,21,,4109,9009,109,3004,9676,3943,0
dia 21 sem pressao - Soja Heter,21,,4113,9014,110,3003,9677,3941,0
dia 21 sem pressao - Soja Heter,21,,4119,9021,109,3004,9675,3952,0
dia 21 sem pressao - Soja Heter,21,,4117,9005,109,3008,9677,3951,0
dia 21 sem pressao - Soja Heter,21,,4117,9009,109,3001,9674,3951,0
dia 21 sem pressao - Soja Heter,21,,4117,9006,109,3002,9672,3953,0
dia 21 sem pressao - Soja Heter,21,,4117,9006,109,3001,9666,3953,0
dia 21 sem pressao - Soja Heter,21,,4113,8993,109,3000,9650,3948,0
dia 21 sem pressao - Soja Heter,21,,4107,8982,109,2999,9634,3941,0
dia 21 sem pressao - Soja Heter,21,,4102,8972,108,2998,9620,3935,0
dia 21 sem pressao - Soja Heter,21,,4089,8954,108,2996,9604,3926,0
dia 21 sem pressao - Soja Heter,21,,4081,8936,108,2995,9585,3917,0
dia 21 sem pressao - Soja Heter,21,,4080,8919,107,2994,9587,3915,0
dia 21 sem pressao - Soja Heter,21,,4050,8879,107,2986,9535,3901,0
dia 21 sem pressao - Soja Heter,21,,3984,8712,105,2991,9508,3901,0
dia 21 sem pressao - Soja Heter,21,,4016,8833,106,2980,9340,3801,0
dia 21 sem pressao - Soja Heter,21,,4074,8961,108,2997,9567,3901,0
dia 21 sem pressao - Soja Heter,21,,4046,8922,108,2992,9532,3886,0
dia 21 sem pressao - Soja Heter,21,,4044,8889,108,2992,9535,3874,0
dia 21 sem pressao - Soja Heter,21,,4049,8905,107,2991,9551,3869,0
dia 21 sem pressao - Soja Heter,21,,4068,8943,108,2999,9602,3897,0
dia 21 sem pressao - Soja Heter,21,,4071,8946,109,3001,9592,3898,0
dia 21 sem pressao - Soja Heter,21,,4060,8937,109,2996,9593,3897,0
dia 21 sem pressao - Soja Heter,21,,4069,8957,108,3002,9608,3903,0
dia 21 sem pressao - Soja Heter,21,,4064,8937,108,2998,9582,3892,0
dia 21 sem pressao - Soja Heter,21,,4058,8916,109,2997,9550,3881,0
dia 21 sem pressao - Soja Heter,21,,4056,8923,108,2999,9568,3886,0
dia 21 sem pressao - Soja Heter,21,,4067,8943,108,3000,9581,3888,0
dia 21 sem pressao - Soja Heter,21,,4035,8885,107,2990,9517,3867,0
dia 21 sem pressao - Soja Heter,21,,4062,8946,108,2997,9573,3884,0
dia 21 sem pressao - Soja Heter,21,,3999,8932,106,2980,9601,3899,0
dia 21 sem pressao - Soja Heter,21,,4028,8912,106,2988,9524,3856,0
dia 21 sem pressao - Soja Heter,21,,4066,8960,108,2999,9582,3890,0
dia 21 sem pressao - Soja Heter,21,,3983,8829,105,2983,9595,3898,0
dia 21 sem pressao - Soja Heter,21,,4097,9027,110,3010,9659,3916,0
dia 21 sem pressao - Soja Heter,21,,4101,9037,110,3007,9644,3923,0
dia 21 sem pressao - Soja Heter,21,,4097,9024,109,3005,9630,3919,0
dia 21 sem pressao - Soja Heter,21,,4092,9001,109,3005,9622,3914,0
dia 21 sem pressao - Soja Heter,21,,4033,8880,108,2987,9451,3835,0
dia 21 sem pressao - Soja Heter,21,,4096,9022,109,2996,9623,3915,0
dia 21 sem pressao - Soja Heter,21,,4052,8910,109,2988,9511,3868,0
dia 21 sem pressao - Soja Heter,21,,4041,8908,108,2987,9506,3864,0
dia 21 sem pressao - Soja Heter,21,,4062,8953,109,2992,9560,3882,0
dia 21 sem pressao - Soja Heter,21,,4058,8950,108,2994,9557,3881,0
dia 21 sem pressao - Soja Heter,21,,4057,8949,108,2994,9564,3875,0
dia 21 sem pressao - Soja Heter,21,,4048,8923,108,2989,9538,3865,0
dia 21 sem pressao - Soja Heter,21,,4037,8914,108,2994,9520,3862,0
dia 21 sem pressao - Soja Heter,21,,4001,8817,108,2989,9441,3889,0
dia 21 sem pressao - Soja Heter,21,,4078,8999,109,3002,9611,3898,0
dia 21 sem pressao - Soja Heter,21,,4085,9013,109,3002,9627,3904,0
dia 21 sem pressao - Soja Heter,21,,4086,9004,109,3002,9621,3904,0
dia 21 sem pressao - Soja Heter,21,,4085,9008,109,3002,9816,3899,0
dia 21 sem pressao - Soja Heter,21,,4069,8968,108,2998,9579,3886,0
dia 21 sem pressao - Soja Heter,21,,4065,8970,107,2997,9567,3881,0
dia 21 sem pressao - Soja Heter,21,,4062,8944,107,2996,9554,3876,0
dia 21 sem pressao - Soja Heter,21,,4075,8983,108,2996,9621,3903,0
dia 21 sem pressao - Soja Heter,21,,4049,8967,107,2994,9570,3884,0
dia 21 sem pressao - Soja Heter,21,,4044,8960,107,2988,9591,3890,0
dia 21 sem pressao - Soja Heter,21,,4078,8983,108,2997,9600,3898,0
dia 21 sem pressao - Soja Heter,21,,4046,8966,108,2993,9520,3863,0
dia 21 sem pressao - Soja Heter,21,,4065,8962,108,2997,9584,3890,0
dia 21 sem pressao - Soja Heter,21,,4086,9011,108,3000,9619,3900,0
dia 21 sem pressao - Soja Heter,21,,4073,8934,109,3001,9545,3867,0
dia 21 sem pressao - Soja Heter,21,,4181,9931,110,3010,10631,3905,0
dia 21 sem pressao - Soja Heter,21,,4087,9011,109,3005,9885,3905,0
dia 21 sem pressao - Soja Heter,21,,4075,9168,108,3001,10502,3894,0
dia 21 sem pressao - Soja Heter,21,,4056,8956,108,2996,10032,3878,0
dia 21 sem pressao - Soja Heter,21,,4082,9716,108,3001,10286,3872,0
dia 21 sem pressao - Soja Heter,21,,4039,9789,105,2981,10617,3840,0
dia 21 sem pressao - Soja Heter,21,,4158,10189,110,3003,11005,3873,0
dia 21 sem pressao - Soja Heter,21,,4097,10057,107,2988,10872,3813,0
dia 21 sem pressao - Soja Heter,21,,4155,10168,109,3002,10957,3868,0
dia 21 sem pressao - Soja Heter,21,,4152,10186,109,3003,10982,3855,0
dia 21 sem pressao - Soja Heter,21,,4168,10206,110,3005,10971,3876,0
dia 21 sem pressao - Soja Heter,21,,4092,9872,108,3001,10655,3843,0
dia 21 sem pressao - Soja Heter,21,,4155,10089,110,3007,10863,3871,0
dia 21 sem pressao - Soja Heter,21,,4141,10075,110,3001,10863,3860,0
dia 21 sem pressao - Soja Heter,21,,4148,10058,110,3008,10861,3870,0
dia 21 sem pressao - Soja Heter,21,,4141,10049,110,3006,10841,3865,0
dia 21 sem pressao - Soja Heter,21,,4156,10089,109,3009,10873,3874,0
dia 21 sem pressao - Soja Heter,21,,4165,10052,110,3009,10827,3888,0
dia 21 sem pressao - Soja Heter,21,,4165,10014,110,3011,10820,3892,0
dia 21 sem pressao - Soja Heter,21,,4170,9975,110,3012,10724,3899,0
dia 21 sem pressao - Soja Heter,21,,4171,9967,111,3013,10735,3905,0
dia 21 sem pressao - Soja Heter,21,,4169,9913,110,3010,10698,3902,0
dia 21 sem pressao - Soja Heter,21,,4161,9838,110,3011,10595,3903,0
dia 21 sem pressao - Soja Heter,21,,4160,9855,110,3008,10610,3904,0
dia 21 sem pressao - Soja Heter,21,,4166,9782,111,3009,10501,3910,0
dia 21 sem pressao - Soja Heter,21,,4159,9792,111,3008,10537,3909,0
dia 21 sem pressao - Soja Heter,21,,4146,9492,110,3009,10308,3909,0
dia 21 sem pressao - Soja Heter,21,,4135,9598,110,3007,10288,3910,0
dia 21 sem pressao - Soja Heter,21,,4159,9764,110,3005,10464,3913,0
dia 21 sem pressao - Soja Heter,21,,4179,9873,110,3013,10570,3924,0
dia 21 sem pressao - Soja Heter,21,,4188,9894,111,3009,10610,3928,0
dia 21 sem pressao - Soja Heter,21,,4203,9990,112,3006,10703,3937,0
dia 21 sem pressao - Soja Heter,21,,4191,9936,111,2997,10647,3929,0
dia 21 sem pressao - Soja Heter,21,,4194,9945,111,3006,10675,3926,0
dia 21 sem pressao - Soja Heter,21,,4186,9925,112,3007,10672,3920,0
dia 21 sem pressao - Soja Heter,21,,4196,9938,111,3009,10653,3930,0
dia 21 sem pressao - Soja Heter,21,,4199,9916,112,3012,10567,3937,0
dia 21 sem pressao - Soja Heter,21,,4183,9826,111,3007,10540,3928,0
dia 21 sem pressao - Soja Heter,21,,4202,9934,112,3010,10627,3942,0
dia 21 sem pressao - Soja Heter,21,,4188,9821,111,3010,10601,3934,0
dia 21 sem pressao - Soja Heter,21,,4179,9832,111,3009,10533,3926,0
dia 21 sem pressao - Soja Heter,21,,4182,9867,112,3010,10552,3923,0
dia 21 sem pressao - Soja Heter,21,,4241,9986,113,3013,10680,3982,0
dia 21 sem pressao - Soja Heter,21,,4157,9174,113,3009,10272,3967,0
dia 21 sem pressao - Soja Heter,21,,4295,10102,113,3022,10774,4027,0
dia 21 sem pressao - Soja Heter,21,,4309,10143,114,3023,10826,4039,0
dia 21 sem pressao - Soja Heter,21,,4319,10150,114,3025,10857,4047,0
dia 21 sem pressao - Soja Heter,21,,4313,10144,114,3024,10841,4049,0
dia 21 sem pressao - Soja Heter,21,,4309,10136,113,3020,10821,4033,0
dia 21 sem pressao - Soja Heter,21,,4270,10004,113,3015,10690,4015,0
dia 21 sem pressao - Soja Heter,21,,4269,10024,112,3016,10741,4035,0
dia 21 sem pressao - Soja Heter,21,,4277,10090,111,3011,10793,4052,0
dia 21 sem pressao - Soja Heter,21,,4293,10106,114,3025,10785,4067,0
dia 21 sem pressao - Soja Heter,21,,4342,10153,113,3025,10838,4080,0
dia 21 sem pressao - Soja Heter,21,,4347,10117,114,3028,10783,4085,0
dia 21 sem pressao - Soja Heter,21,,4346,10091,113,3027,10772,4090,0
dia 21 sem pressao - Soja Heter,21,,4352,9992,114,3027,10766,4096,0
dia 21 sem pressao - Soja Heter,21,,4364,10096,114,3026,10766,4111,0
dia 21 sem pressao - Soja Heter,21,,4368,10102,115,3024,10784,4118,0
dia 21 sem pressao - Soja Heter,21,,4364,10053,114,3024,10739,4116,0
dia 21 sem pressao - Soja Heter,21,,4355,10020,113,3020,10691,4111,0
dia 21 sem pressao - Soja Heter,21,,4354,10035,113,3020,10714,4099,0
dia 21 sem pressao - Soja Heter,21,,4313,10103,111,3019,10822,4127,0
dia 21 sem pressao - Soja Heter,21,,4361,10153,113,3025,10855,4104,0
dia 21 sem pressao - Soja Heter,21,,4338,10126,113,3020,10780,4063,0
dia 21 sem pressao - Soja Heter,21,,4397,10268,115,3030,10974,4133,0
dia 21 sem pressao - Soja Heter,21,,4406,10294,115,3033,10973,4141,0
dia 21 sem pressao - Soja Heter,21,,4404,10254,116,3037,11001,4149,0
dia 21 sem pressao - Soja Heter,21,,4418,10284,115,3033,11013,4153,0
dia 21 sem pressao - Soja Heter,21,,4417,10294,115,3034,11008,4147,0
dia 21 sem pressao - Soja Heter,21,,4419,10316,115,3033,11024,4150,0
dia 21 sem pressao - Soja Heter,21,,4423,10352,115,3034,11069,4155,0
dia 21 sem pressao - Soja Heter,21,,4418,10265,114,3031,11018,4154,0
dia 21 sem pressao - Soja Heter,21,,4415,10231,114,3031,10957,4159,0
dia 21 sem pressao - Soja Heter,21,,4421,10254,115,3031,10964,4162,0
dia 21 sem pressao - Soja Heter,21,,4425,10279,115,3033,11029,4166,0
dia 21 sem pressao - Soja Heter,21,,4425,10217,115,3034,10934,4175,0
dia 21 sem pressao - Soja Heter,21,,4418,10164,115,3034,10721,4166,0
dia 21 sem pressao - Soja Heter,21,,4404,10155,115,3032,10809,4155,0
dia 21 sem pressao - Soja Heter,21,,4400,10155,115,3031,10874,4144,0
dia 21 sem pressao - Soja Heter,21,,4415,10185,116,3037,10872,4159,0
dia 21 sem pressao - Soja Heter,21,,4401,10169,115,3033,10867,4154,0
dia 21 sem pressao - Soja Heter,21,,4412,10156,115,3034,10874,4154,0
dia 21 sem pressao - Soja Heter,21,,4417,10154,115,3034,10890,4165,0
dia 21 sem pressao - Soja Heter,21,,4397,10111,114,3030,10897,4142,0
dia 21 sem pressao - Soja Heter,21,,4339,9921,113,3019,10732,4127,0
dia 21 sem pressao - Soja Heter,21,,4338,10034,113,3013,10821,4134,0
dia 21 sem pressao - Soja Heter,21,,4383,10069,114,3022,10831,4122,0
dia 21 sem pressao - Soja Heter,21,,4397,10118,114,3016,10896,4154,0
dia 21 sem pressao - Soja Heter,21,,4369,10028,114,3023,10790,4118,0
dia 21 sem pressao - Soja Heter,21,,4361,10032,113,3015,10816,4108,0
dia 21 sem pressao - Soja Heter,21,,4390,10062,115,3028,10804,4120,0
dia 21 sem pressao - Soja Heter,21,,4357,9988,113,3027,10719,4101,0
dia 21 sem pressao - Soja Heter,21,,4402,10090,115,3032,10859,4157,0
dia 21 sem pressao - Soja Heter,21,,4393,10083,114,3033,10835,4145,0
dia 21 sem pressao - Soja Heter,21,,4354,9942,114,3026,10672,4095,0
dia 21 sem pressao - Soja Heter,21,,4277,9161,114,3024,9752,4058,0
dia 21 sem pressao - Soja Heter,21,,4300,9218,113,3028,10319,4110,0
dia 21 sem pressao - Soja Heter,21,,4249,9119,111,3018,9731,4084,0
dia 21 sem pressao - Soja Heter,21,,4308,9233,113,3027,9878,4133,0
dia 21 sem pressao - Soja Heter,21,,4257,9123,112,3011,9759,4073,0
dia 21 sem pressao - Soja Heter,21,,4258,9128,110,3011,9746,4051,0
dia 21 sem pressao - Soja Heter,21,,4256,9129,112,3018,9767,4040,0
dia 21 sem pressao - Soja Heter,21,,4226,9113,111,3016,9751,4056,0
dia 21 sem pressao - Soja Heter,21,,4290,9213,113,3029,9878,4113,0
dia 21 sem pressao - Soja Heter,21,,4262,9154,112,3023,9815,4086,0
dia 21 sem pressao - Soja Heter,21,,4250,9087,112,3015,9773,4071,0
dia 21 sem pressao - Soja Heter,21,,4218,9045,110,3008,9815,4106,0
dia 21 sem pressao - Soja Heter,21,,4236,9087,111,3020,9776,4062,0
dia 21 sem pressao - Soja Heter,21,,4237,9131,110,3020,9814,4079,0
dia 21 sem pressao - Soja Heter,21,,4207,9085,110,3003,9738,4053,0
dia 21 sem pressao - Soja Heter,21,,4230,9101,111,3018,9764,4032,0
dia 21 sem pressao - Soja Heter,21,,4278,9210,113,3026,9875,4099,0
dia 21 sem pressao - Soja Heter,21,,4273,9187,113,3025,9861,4094,0
dia 21 sem pressao - Soja Heter,21,,4259,9160,112,3024,9840,4083,0
dia 21 sem pressao - Soja Heter,21,,4241,9131,112,3022,9820,4074,0
dia 21 sem pressao - Soja Heter,21,,4260,9158,112,3025,9831,4082,0
dia 21 sem pressao - Soja Heter,21,,4223,9048,112,3021,9685,4029,0
dia 21 sem pressao - Soja Heter,21,,4231,9110,111,3020,9778,4051,0
dia 21 sem pressao - Soja Heter,21,,4173,9108,108,3001,9786,4061,0
dia 21 sem pressao - Soja Heter,21,,4215,9064,111,3014,9737,4029,0
dia 21 sem pressao - Soja Heter,21,,4213,9078,111,3014,9737,4004,0
dia 21 sem pressao - Soja Heter,21,,4220,9089,111,3018,9779,4057,0
dia 21 sem pressao - Soja Heter,21,,4215,9147,110,2997,9809,4046,0
dia 21 sem pressao - Soja Heter,21,,4224,9114,111,3019,9766,4037,0
dia 21 sem pressao - Soja Heter,21,,4229,9126,112,3019,9799,4048,0
dia 21 sem pressao - Soja Heter,21,,4224,9117,111,3017,9767,4032,0
dia 21 sem pressao - Soja Heter,21,,4265,9482,112,3026,10207,4044,0
dia 21 sem pressao - Soja Heter,21,,4146,8998,110,3002,9786,4019,0
dia 21 sem pressao - Soja Heter,21,,4250,9486,111,3019,10251,4026,0
dia 21 sem pressao - Soja Heter,21,,4195,9048,111,3017,10150,3993,0
dia 21 sem pressao - Soja Heter,21,,4249,9527,112,3025,10295,4022,0
dia 21 sem pressao - Soja Heter,21,,4229,9535,112,3022,10311,4023,0
dia 21 sem pressao - Soja Heter,21,,4290,9680,114,3036,10479,4068,0
dia 21 sem pressao - Soja Heter,21,,4292,9754,113,3032,10551,4054,0
dia 21 sem pressao - Soja Heter,21,,4275,9759,113,3025,10486,4004,0
dia 21 sem pressao - Soja Heter,21,,4256,9738,112,3021,10530,4010,0
dia 21 sem pressao - Soja Heter,21,,4205,9620,110,3014,10383,4029,0
dia 21 sem pressao - Soja Heter,21,,4248,9754,111,3017,10641,4032,0
dia 21 sem pressao - Soja Heter,21,,4290,9908,112,3013,10732,4031,0
dia 21 sem pressao - Soja Heter,21,,4313,9974,113,3031,10816,4054,0
dia 21 sem pressao - Soja Heter,21,,4305,10037,113,3019,10888,4034,0
dia 21 sem pressao - Soja Heter,21,,4339,10161,115,3029,10962,4069,0
dia 21 sem pressao - Soja Heter,21,,4346,10121,114,3028,10950,4078,0
dia 21 sem pressao - Soja Heter,21,,4340,10068,114,3028,10910,4083,0
dia 21 sem pressao - Soja Heter,21,,4338,10060,114,3030,10979,4084,0
dia 21 sem pressao - Soja Heter,21,,4334,10032,114,3027,10902,4069,0
dia 21 sem pressao - Soja Heter,21,,4314,9959,112,3021,10819,4044,0
dia 21 sem pressao - Soja Heter,21,,4260,9841,113,3020,10710,4009,0
dia 21 sem pressao - Soja Heter,21,,4358,10050,114,3034,10918,4102,0
dia 21 sem pressao - Soja Heter,21,,4358,10057,115,3037,10904,4104,0
dia 21 sem pressao - Soja Heter,21,,4348,9993,114,3032,10924,4093,0
dia 21 sem pressao - Soja Heter,21,,4309,9911,113,3023,10758,4071,0
dia 21 sem pressao - Soja Heter,21,,4268,9897,112,3012,10774,4097,0
dia 21 sem pressao - Soja Heter,21,,4281,9964,112,3025,10832,4080,0
dia 21 sem pressao - Soja Heter,21,,4342,9976,113,3010,10845,4096,0
dia 21 sem pressao - Soja Heter,21,,4346,10005,114,3034,10837,4087,0
dia 21 sem pressao - Soja Heter,21,,4255,9792,112,3019,10669,4097,0
dia 21 sem pressao - Soja Heter,21,,4241,9856,112,3026,10758,4063,0
dia 21 sem pressao - Soja Heter,21,,4257,9773,112,3022,10597,4068,0
dia 21 sem pressao - Soja Heter,21,,4330,9865,113,3034,10696,4081,0
dia 21 sem pressao - Soja Heter,21,,4294,9666,112,3028,10467,4051,0
dia 21 sem pressao - Soja Heter,21,,4291,9668,112,3017,10451,4067,0
dia 21 sem pressao - Soja Heter,21,,4268,9620,112,3027,10427,4056,0
dia 21 sem pressao - Soja Heter,21,,4284,9731,111,3011,10530,4048,0
dia 21 sem pressao - Soja Heter,21,,4253,9686,111,3019,10579,4075,0
dia 21 sem pressao - Soja Heter,21,,4254,9793,111,3024,10594,4020,0
dia 21 sem pressao - Soja Heter,21,,4326,9868,113,3034,10690,4070,0
dia 21 sem pressao - Soja Heter,21,,4248,9718,111,3023,10660,4064,0
dia 21 sem pressao - Soja Heter,21,,4335,9911,114,3035,10739,4088,0
dia 21 sem pressao - Soja Heter,21,,4323,9874,113,3034,10727,4078,0
dia 21 sem pressao - Soja Heter,21,,4335,9900,113,3030,10761,4076,0
dia 21 sem pressao - Soja Heter,21,,4322,9872,113,3021,10660,4046,0
dia 21 sem pressao - Soja Heter,21,,4284,9826,112,3024,10681,4080,0
dia 21 sem pressao - Soja Heter,21,,4294,9813,113,3028,10608,4024,0
dia 21 sem pressao - Soja Heter,21,,4312,9836,112,3029,10679,4064,0
dia 21 sem pressao - Soja Heter,21,,4304,9816,113,3026,10653,4059,0
dia 21 sem pressao - Soja Heter,21,,4323,9894,113,3019,10726,4068,0
dia 21 sem pressao - Soja Heter,21,,4267,9838,113,3022,10697,4058,0
dia 21 sem pressao - Soja Heter,21,,4211,9590,112,3021,10464,3977,0
dia 21 sem pressao - Soja Heter,21,,4312,9841,113,3034,10678,4068,0
dia 21 sem pressao - Soja Heter,21,,4309,9821,114,3032,10670,4069,0
dia 21 sem pressao - Soja Heter,21,,4282,9773,112,3027,10565,4045,0
dia 21 sem pressao - Soja Heter,21,,4279,9753,112,3022,10590,4043,0
dia 21 sem pressao - Soja Heter,21,,4275,9732,113,3020,10399,4010,0
dia 21 sem pressao - Soja Heter,21,,4276,9717,113,3027,10532,4029,0
dia 21 sem pressao - Soja Heter,21,,4279,9682,113,3028,10636,4064,0
dia 21 sem pressao - Soja Heter,21,,4274,9715,112,3026,10580,4036,0
dia 21 sem pressao - Soja Heter,21,,4279,9652,113,3032,10477,4059,0
dia 21 sem pressao - Soja Heter,21,,4278,9662,113,3035,10495,4048,0
dia 21 sem pressao - Soja Heter,21,,4258,9628,113,3030,10235,4024,0
dia 21 sem pressao - Soja Heter,21,,4280,9686,113,3026,10493,4039,0
dia 21 sem pressao - Soja Heter,21,,4277,9644,113,3031,10484,4046,0
dia 21 sem pressao - Soja Heter,21,,4239,9574,112,3022,10402,4004,0
dia 21 sem pressao - Soja Heter,21,,4266,9624,113,3032,10465,4042,0
dia 21 sem pressao - Soja Heter,21,,4252,9657,112,3029,10488,4014,0
dia 21 sem pressao - Soja Heter,21,,4228,9580,114,3028,10441,4038,0
dia 21 sem pressao - Soja Heter,21,,4127,8984,110,3005,9853,4026,0
dia 21 sem pressao - Soja Heter,21,,4196,9074,112,3018,9834,4011,0
dia 21 sem pressao - Soja Heter,21,,4200,9052,111,3011,9783,3994,0
dia 21 sem pressao - Soja Heter,21,,4212,9080,112,3021,9867,4023,0
dia 21 sem pressao - Soja Heter,21,,4187,9018,112,3018,9817,3995,0
dia 21 sem pressao - Soja Heter,21,,4196,9044,112,3026,10030,4007,0
dia 21 sem pressao - Soja Heter,21,,4215,9071,112,3032,9900,4026,0
dia 21 sem pressao - Soja Heter,21,,4195,9015,112,3025,9893,4009,0
dia 21 sem pressao - Soja Heter,21,,4152,9016,111,3020,9856,4001,0
dia 21 sem pressao - Soja Heter,21,,4208,9047,111,3017,9947,4030,0
dia 21 sem pressao - Soja Heter,21,,4204,9039,112,3025,9936,4025,0
dia 21 sem pressao - Soja Heter,21,,4179,8991,111,3019,9861,3998,0
dia 21 sem pressao - Soja Heter,21,,4186,9326,110,3007,10328,3973,0
dia 21 sem pressao - Soja Heter,21,,4243,9568,113,3022,10595,4015,0
dia 21 sem pressao - Soja Heter,21,,4194,9435,111,3016,10404,3992,0
dia 21 sem pressao - Soja Heter,21,,4142,9215,110,3010,10160,3891,0
dia 21 sem pressao - Soja Heter,21,,4231,9509,112,3026,10560,4005,0
dia 21 sem pressao - Soja Heter,21,,4213,9326,111,3022,10560,3990,0
dia 21 sem pressao - Soja Heter,21,,4143,9200,109,3004,10272,3941,0
dia 21 sem pressao - Soja Heter,21,,4247,9535,113,3028,10575,4018,0
dia 21 sem pressao - Soja Heter,21,,4169,8738,111,3025,10698,4010,0
dia 21 sem pressao - Soja Heter,21,,4229,9309,112,3027,10671,4016,0
dia 21 sem pressao - Soja Heter,21,,4254,9633,112,3027,10485,4010,0
dia 21 sem pressao - Soja Heter,21,,4215,9657,112,3020,10414,3977,0
dia 21 sem pressao - Soja Heter,21,,4265,9627,112,3030,10502,4024,0
dia 21 sem pressao - Soja Heter,21,,4218,9138,112,3027,9893,4030,0
dia 21 sem pressao - Soja Heter,21,,4224,9124,112,3028,9896,4033,0
dia 21 sem pressao - Soja Heter,21,,4235,9518,112,3020,10438,4030,0
dia 21 sem pressao - Soja Heter,21,,4280,9706,113,3028,10606,4033,0
dia 21 sem pressao - Soja Heter,21,,4265,9671,113,3022,10546,4016,0
dia 21 sem pressao - Soja Heter,21,,4224,9489,112,3021,10366,3985,0
dia 21 sem pressao - Soja Heter,21,,4252,9590,112,3028,10442,3996,0
dia 21 sem pressao - Soja Heter,21,,4260,9634,112,3024,10451,4023,0
dia 21 sem pressao - Soja Heter,21,,4255,9623,112,3028,10427,4013,0
dia 21 sem pressao - Soja Heter,21,,4251,9611,112,3018,10487,3998,0
dia 21 sem pressao - Soja Heter,21,,4242,9576,112,3025,10442,3997,0
dia 21 sem pressao - Soja Heter,21,,4250,9588,112,3027,10508,4013,0
dia 21 sem pressao - Soja Heter,21,,4258,9629,112,3007,10240,4007,0
dia 21 sem pressao - Soja Heter,21,,4217,9580,111,3018,10441,3972,0
dia 21 sem pressao - Soja Heter,21,,4266,9687,112,3028,10624,4022,0
dia 21 sem pressao - Soja Heter,21,,4256,9669,113,3026,10618,4015,0
dia 21 sem pressao - Soja Heter,21,,4229,9629,112,3018,10543,3991,0
dia 21 sem pressao - Soja Heter,21,,4236,9690,111,3023,10475,3949,0
dia 21 sem pressao - Soja Heter,21,,4246,9739,111,3013,10555,4002,0
dia 21 sem pressao - Soja Heter,21,,4257,9768,112,3022,10532,3982,0
dia 21 sem pressao - Soja Heter,21,,4267,9796,112,3030,10594,4011,0
dia 21 sem pressao - Soja Heter,21,,4276,9829,113,3037,10605,4022,0
dia 21 sem pressao - Soja Heter,21,,4283,9790,114,3041,10594,4031,0
dia 21 sem pressao - Soja Heter,21,,4283,9764,114,3050,10586,4032,0
dia 21 sem pressao - Soja Heter,21,,4271,9734,114,3049,10527,4022,0
dia 21 sem pressao - Soja Heter,21,,4252,9693,113,3029,10474,4013,0
dia 21 sem pressao - Soja Heter,21,,4293,9766,113,3034,10521,4044,0
dia 21 sem pressao - Soja Heter,21,,4269,9719,112,3025,10364,4012,0
dia 21 sem pressao - Soja Heter,21,,4225,9514,111,3020,10294,3996,0
dia 21 sem pressao - Soja Heter,21,,4262,9722,113,3024,10471,4010,0
dia 21 sem pressao - Soja Heter,21,,4263,9757,113,3020,10503,4013,0
dia 21 sem pressao - Soja Heter,21,,4294,9776,114,3029,10528,4041,0
dia 21 sem pressao - Soja Heter,21,,4252,9683,112,3018,10441,4039,0
dia 21 sem pressao - Soja Heter,21,,4275,9708,113,3015,10445,4005,0
dia 21 sem pressao - Soja Heter,21,,4285,9544,113,3028,10231,4040,0
dia 21 sem pressao - Soja Heter,21,,4223,9333,112,3023,10375,4021,0
dia 21 sem pressao - Soja Heter,21,,4287,9629,114,3027,10372,4047,0
dia 21 sem pressao - Soja Heter,21,,4191,9074,111,3015,9743,3990,0
dia 21 sem pressao - Soja Heter,21,,4177,9154,110,3011,9872,4025,0
dia 21 sem pressao - Soja Heter,21,,4223,9179,112,3023,9896,4036,0
dia 21 sem pressao - Soja Heter,21,,4231,9179,112,3024,9889,4030,0
dia 21 sem pressao - Soja Heter,21,,4252,9216,113,3032,9931,4052,0
dia 21 sem pressao - Soja Heter,21,,4239,9161,112,3025,9851,4026,0
dia 21 sem pressao - Soja Heter,21,,4166,9042,110,3014,9797,3987,0
dia 21 sem pressao - Soja Heter,21,,4202,9100,111,3023,9819,4006,0
dia 21 sem pressao - Soja Heter,21,,4211,9114,112,3026,9833,4006,0
dia 21 sem pressao - Soja Heter,21,,4234,9471,112,3023,10198,3966,0
dia 21 sem pressao - Soja Heter,21,,4263,9708,112,3023,10491,3994,0
dia 21 sem pressao - Soja Heter,21,,4291,9860,113,3031,10680,4025,0
dia 21 sem pressao - Soja Heter,21,,4269,9765,112,3015,10613,4013,0
dia 21 sem pressao - Soja Heter,21,,4290,9903,113,3032,10742,4021,0
dia 21 sem pressao - Soja Heter,21,,4259,9845,112,3018,10665,3983,0
dia 21 sem pressao - Soja Heter,21,,4293,9857,114,3019,10641,3955,0
dia 21 sem pressao - Soja Heter,21,,4292,9881,114,3033,10702,4028,0
dia 21 sem pressao - Soja Heter,21,,4254,9708,112,3027,10471,4002,0
dia 21 sem pressao - Soja Heter,21,,4205,9381,110,3017,10315,4028,0
dia 21 sem pressao - Soja Heter,21,,4243,9708,111,3023,10405,3962,0
dia 21 sem pressao - Soja Heter,21,,4261,9738,113,3030,10467,4011,0
dia 21 sem pressao - Soja Heter,21,,4284,9804,113,3036,10547,4016,0
dia 21 sem pressao - Soja Heter,21,,4282,9861,113,3026,10615,4015,0
dia 21 sem pressao - Soja Heter,21,,4282,9906,114,3019,10649,4007,0
dia 21 sem pressao - Soja Heter,21,,4287,9915,113,3034,10672,4017,0
dia 21 sem pressao - Soja Heter,21,,4238,9836,112,3024,10591,3987,0
dia 21 sem pressao - Soja Heter,21,,4271,9859,113,3030,10615,3999,0
dia 21 sem pressao - Soja Heter,21,,4270,9854,114,3034,10681,3996,0
dia 21 sem pressao - Soja Heter,21,,4249,9796,112,3018,10614,3982,0
dia 21 sem pressao - Soja Heter,21,,4264,9844,114,3029,10647,3998,0
dia 21 sem pressao - Soja Heter,21,,4291,9907,114,3033,10723,4019,0
dia 21 sem pressao - Soja Heter,21,,4283,9912,113,3028,10703,4019,0
dia 21 sem pressao - Soja Heter,21,,4252,9897,113,3022,10686,3979,0
dia 21 sem pressao - Soja Heter,21,,4228,9861,112,3016,10670,3991,0
dia 21 sem pressao - Soja Heter,21,,4297,9948,114,3034,10731,4022,0
dia 21 sem pressao - Soja Heter,21,,4279,9938,114,3031,10711,3995,0
dia 21 sem pressao - Soja Heter,21,,4242,9849,113,3026,10688,4004,0
dia 21 sem pressao - Soja Heter,21,,4242,9767,111,3023,10476,3961,0
dia 21 sem pressao - Soja Heter,21,,4282,9855,114,3033,10611,4008,0
dia 21 sem pressao - Soja Heter,21,,4274,9824,113,3034,10603,4001,0
dia 21 sem pressao - Soja Heter,21,,4236,9583,112,3023,9927,3977,0
dia 21 sem pressao - Soja Heter,21,,4172,9097,111,3016,9746,3970,0
dia 21 sem pressao - Soja Heter,21,,4203,9621,112,3018,10458,3990,0
dia 21 sem pressao - Soja Heter,21,,4213,9692,111,3019,10414,3955,0
dia 21 sem pressao - Soja Heter,21,,4243,9835,111,3002,10580,4026,0
dia 21 sem pressao - Soja Heter,21,,4272,9937,113,3027,10695,3999,0
dia 21 sem pressao - Soja Heter,21,,4304,9997,114,3038,10774,4024,0
dia 21 sem pressao - Soja Heter,21,,4312,10014,115,3038,10782,4030,0
dia 21 sem pressao - Soja Heter,21,,4296,9950,114,3034,10723,4042,0
dia 21 sem pressao - Soja Heter,21,,4293,9834,114,3026,10596,4025,0
dia 21 sem pressao - Soja Heter,21,,4225,9766,114,3016,10495,3986,0
dia 21 sem pressao - Soja Heter,21,,4253,9780,113,3022,10500,3972,0
dia 21 sem pressao - Soja Heter,21,,4277,9823,114,3029,10564,4016,0
dia 21 sem pressao - Soja Heter,21,,4252,9741,112,3016,10479,3964,0
dia 21 sem pressao - Soja Heter,21,,4219,9592,112,3017,10375,3956,0
dia 21 sem pressao - Soja Heter,21,,4187,9539,110,3010,10252,3948,0
dia 21 sem pressao - Soja Heter,21,,4155,9133,109,3012,9770,3978,0
dia 21 sem pressao - Soja Heter,21,,4237,9702,112,3026,10438,3974,0
dia 21 sem pressao - Soja Heter,21,,4218,9698,111,3014,10363,3960,0
dia 21 sem pressao - Soja Heter,21,,4202,9628,112,3017,10380,3930,0
dia 21 sem pressao - Soja Heter,21,,4215,9680,112,3017,10412,3960,0
dia 21 sem pressao - Soja Heter,21,,4231,9704,113,3025,10432,3966,0
dia 21 sem pressao - Soja Heter,21,,4176,9147,111,3024,9807,3969,0
dia 21 sem pressao - Soja Heter,21,,4246,9599,113,3027,10305,3997,0
dia 21 sem pressao - Soja Heter,21,,4202,9467,112,3018,10142,3941,0
dia 21 sem pressao - Soja Heter,21,,4190,9578,111,3015,10271,3922,0
dia 21 sem pressao - Soja Heter,21,,4257,9752,113,3030,10479,3991,0
dia 21 sem pressao - Soja Heter,21,,4229,9682,113,3023,10409,3971,0
dia 21 sem pressao - Soja Heter,21,,4226,9738,113,3024,10485,3960,0
dia 21 sem pressao - Soja Heter,21,,4174,9694,112,3016,10431,3886,0
dia 21 sem pressao - Soja Heter,21,,4172,9344,111,3013,10468,3913,0
dia 21 sem pressao - Soja Heter,21,,4247,9949,113,3024,10696,3933,0
dia 21 sem pressao - Soja Heter,21,,4265,10018,113,3031,10800,3973,0
dia 21 sem pressao - Soja Heter,21,,4226,9907,110,3009,10627,3895,0
dia 21 sem pressao - Soja Heter,21,,4197,9801,111,3018,10562,3916,0
dia 21 sem pressao - Soja Heter,21,,4222,9822,112,3024,10600,3938,0
dia 21 sem pressao - Soja Heter,21,,4254,9906,113,3032,10658,3975,0
dia 21 sem pressao - Soja Heter,21,,4236,9863,113,3027,10593,3941,0
dia 21 sem pressao - Soja Heter,21,,4255,9858,112,3012,10636,3981,0
dia 21 sem pressao - Soja Heter,21,,4235,9632,112,3028,9819,3952,0
dia 21 sem pressao - Soja Heter,21,,4199,9750,112,3019,10522,3917,0
dia 21 sem pressao - Soja Heter,21,,4233,9803,113,3028,10551,3952,0
dia 21 sem pressao - Soja Heter,21,,4151,9522,110,3012,10218,3889,0
dia 21 sem pressao - Soja Heter,21,,4188,9667,111,3018,10367,3911,0
dia 21 sem pressao - Soja Heter,21,,4127,9647,110,3006,10333,3851,0
dia 21 sem pressao - Soja Heter,21,,4200,9740,111,3022,10482,3921,0
dia 21 sem pressao - Soja Heter,21,,4221,9841,113,3030,10590,3939,0
dia 21 sem pressao - Soja Heter,21,,4187,9763,112,3021,10495,3901,0
dia 21 sem pressao - Soja Heter,21,,4144,9694,111,3013,10456,3887,0
dia 21 sem pressao - Soja Heter,21,,4175,9737,112,3019,10456,3888,0
dia 21 sem pressao - Soja Heter,21,,4200,9761,112,3024,10468,3911,0
dia 21 sem pressao - Soja Heter,21,,4223,9806,114,3030,10566,3929,0
dia 21 sem pressao - Soja Heter,21,,4137,9711,111,3019,10431,3912,0
dia 21 sem pressao - Soja Heter,21,,4186,9761,112,3022,10458,3890,0
dia 21 sem pressao - Soja Heter,21,,4154,9688,112,3020,10443,3870,0
dia 21 sem pressao - Soja Heter,21,,4188,9726,112,3024,10479,3900,0
dia 21 sem pressao - Soja Heter,21,,4190,9747,112,3027,10485,3907,0
dia 21 sem pressao - Soja Heter,21,,4157,9611,112,3013,10436,3897,0
dia 21 sem pressao - Soja Heter,21,,4160,9654,111,3012,10390,3922,0
dia 21 sem pressao - Soja Heter,21,,4209,9623,112,3032,10520,3936,0
dia 21 sem pressao - Soja Heter,21,,4144,9719,112,3030,10490,3895,0
dia 21 sem pressao - Soja Heter,21,,4243,9816,113,3018,10583,3967,0
dia 21 sem pressao - Soja Heter,21,,4254,9786,114,3037,10551,3976,0
dia 21 sem pressao - Soja Heter,21,,4276,9837,114,3036,10575,3999,0
dia 21 sem pressao - Soja Heter,21,,4300,9860,114,3033,10607,4023,0
dia 21 sem pressao - Soja Heter,21,,4265,9344,114,3028,9982,4037,0
dia 21 sem pressao - Soja Heter,21,,4273,9349,114,3030,9986,4043,0
dia 21 sem pressao - Soja Heter,21,,4282,9356,114,3031,10002,4053,0
dia 21 sem pressao - Soja Heter,21,,4283,9355,114,3030,9986,4052,0
dia 21 sem pressao - Soja Heter,21,,4289,9363,115,3033,9990,4060,0
dia 21 sem pressao - Soja Heter,21,,4296,9367,114,3034,9991,4067,0
dia 21 sem pressao - Soja Heter,21,,4302,9375,115,3035,10000,4074,0
dia 21 sem pressao - Soja Heter,21,,4306,9379,114,3035,10002,4079,0
dia 21 sem pressao - Soja Heter,21,,4333,9652,115,3035,10348,4079,0
dia 21 sem pressao - Soja Heter,21,,4341,9749,115,3036,10444,4082,0
dia 21 sem pressao - Soja Heter,21,,4350,9885,115,3036,10571,4083,0
dia 21 sem pressao - Soja Heter,21,,4359,9975,116,3037,10680,4085,0
dia 21 sem pressao - Soja Heter,21,,4365,10028,114,3035,10754,4078,0
dia 21 sem pressao - Soja Heter,21,,4367,10025,116,3038,10718,4080,0
dia 21 sem pressao - Soja Heter,21,,4373,10058,115,3039,10791,4083,0
dia 21 sem pressao - Soja Heter,21,,4364,10055,116,3037,10799,4079,0
dia 21 sem pressao - Soja Heter,21,,4375,10026,117,3040,10789,4091,0
dia 21 sem pressao - Soja Heter,21,,4312,9346,115,3036,10002,4087,0
dia 21 sem pressao - Soja Heter,21,,4342,9938,116,3039,10700,4094,0
dia 21 sem pressao - Soja Heter,21,,4381,10099,116,3039,10885,4099,0
dia 21 sem pressao - Soja Heter,21,,4371,10043,115,3035,10858,4087,0
dia 21 sem pressao - Soja Heter,21,,4357,10025,115,3034,10835,4071,0
dia 21 sem pressao - Soja Heter,21,,4344,10025,115,3033,10810,4054,0
dia 21 sem pressao - Soja Heter,21,,4356,10087,115,3031,10879,4071,0
dia 21 sem pressao - Soja Heter,21,,4333,9987,114,3029,10797,4056,0
dia 21 sem pressao - Soja Heter,21,,4345,10023,115,3031,10786,4049,0
dia 21 sem pressao - Soja Heter,21,,4292,9795,115,3025,10691,4048,0
dia 21 sem pressao - Soja Heter,21,,4349,9929,115,3038,10713,4071,0
dia 21 sem pressao - Soja Heter,21,,4339,9903,116,3036,10670,4062,0
dia 21 sem pressao - Soja Heter,21,,4324,9914,114,3033,10701,4048,0
dia 21 sem pressao - Soja Heter,21,,4327,9933,115,3030,10748,4051,0
dia 21 sem pressao - Soja Heter,21,,4317,9866,116,3056,10703,4041,0
dia 21 sem pressao - Soja Heter,21,,4318,9881,115,3055,10678,4042,0
dia 21 sem pressao - Soja Heter,21,,4259,9806,114,3028,10619,4017,0
dia 21 sem pressao - Soja Heter,21,,4311,9974,113,3032,10702,4036,0
dia 21 sem pressao - Soja Heter,21,,4215,9786,112,3015,10527,3973,0
dia 21 sem pressao - Soja Heter,21,,4285,9756,113,3027,10549,4013,0
dia 21 sem pressao - Soja Heter,21,,4291,9842,114,3029,10645,4019,0
dia 21 sem pressao - Soja Heter,21,,4299,9914,114,3028,10682,4018,0
dia 21 sem pressao - Soja Heter,21,,4287,9843,114,3027,10610,4007,0
dia 21 sem pressao - Soja Heter,21,,4256,9773,113,3022,10043,4003,0
dia 21 sem pressao - Soja Heter,21,,4217,9643,112,3024,10343,3947,0
dia 21 sem pressao - Soja Heter,21,,4221,9622,112,3019,10395,3934,0
dia 21 sem pressao - Soja Heter,21,,4194,9673,110,3009,10463,3969,0
dia 21 sem pressao - Soja Heter,21,,4233,9682,113,3023,10427,3962,0
dia 21 sem pressao - Soja Heter,21,,4142,9074,111,3015,9716,3922,0
dia 21 sem pressao - Soja Heter,21,,4205,9595,112,3020,10333,3938,0
dia 21 sem pressao - Soja Heter,21,,4200,9602,111,3017,10338,3931,0
dia 21 sem pressao - Soja Heter,21,,4123,9068,110,3012,9719,3910,0
dia 21 sem pressao - Soja Heter,21,,4154,9482,111,3011,10185,3891,0
dia 21 sem pressao - Soja Heter,21,,4172,9574,111,3012,10293,3908,0
dia 21 sem pressao - Soja Heter,21,,4186,9594,112,3019,10314,3917,0
dia 21 sem pressao - Soja Heter,21,,4174,9499,111,3018,10248,3909,0
dia 21 sem pressao - Soja Heter,21,,4174,9508,112,3020,10232,3912,0
dia 21 sem pressao - Soja Heter,21,,4176,9601,113,3018,10330,3906,0
dia 21 sem pressao - Soja Heter,21,,4156,9536,112,3010,10297,3880,0
dia 21 sem pressao - Soja Heter,21,,4105,9409,111,3007,10176,3840,0
dia 21 sem pressao - Soja Heter,21,,4110,9084,111,3011,9735,3882,0
dia 21 sem pressao - Soja Heter,21,,4107,9076,110,3018,9731,3876,0
dia 21 sem pressao - Soja Heter,21,,4090,9055,110,3012,9679,3849,0
dia 21 sem pressao - Soja Heter,21,,4160,9650,112,3016,10382,3885,0
dia 21 sem pressao - Soja Heter,21,,4150,9535,112,3018,10250,3877,0
dia 21 sem pressao - Soja Heter,21,,4118,9087,111,3013,9750,3873,0
dia 21 sem pressao - Soja Heter,21,,4143,9540,111,3014,10268,3866,0
dia 21 sem pressao - Soja Heter,21,,4090,9046,110,3012,9700,3837,0
dia 21 sem pressao - Soja Heter,21,,4163,9586,112,3022,10340,3884,0
dia 21 sem pressao - Soja Heter,21,,4161,9593,112,3023,10299,3880,0
dia 21 sem pressao - Soja Heter,21,,4161,9592,112,3021,10338,3877,0
dia 21 sem pressao - Soja Heter,21,,4156,9596,112,3021,10332,3871,0
dia 21 sem pressao - Soja Heter,21,,4151,9569,112,3019,10333,3873,0
dia 21 sem pressao - Soja Heter,21,,4138,9532,111,3015,10284,3859,0
dia 21 sem pressao - Soja Heter,21,,4133,9539,111,3014,10286,3851,0
dia 21 sem pressao - Soja Heter,21,,4131,9574,112,3016,10317,3853,0
dia 21 sem pressao - Soja Heter,21,,4092,9450,110,3010,9812,3788,0
dia 21 sem pressao - Soja Heter,21,,4149,9648,111,3021,10419,3869,0
dia 21 sem pressao - Soja Heter,21,,4138,9578,111,3018,10327,3853,0
dia 21 sem pressao - Soja Heter,21,,4112,9463,110,3024,10207,3833,0
dia 21 sem pressao - Soja Heter,21,,4109,9522,110,3011,10298,3825,0
dia 21 sem pressao - Soja Heter,21,,4103,9545,110,3012,10309,3806,0
dia 21 sem pressao - Soja Heter,21,,4130,9576,111,3018,10324,3843,0
dia 21 sem pressao - Soja Heter,21,,4058,9222,109,3010,10274,3836,0
dia 21 sem pressao - Soja Heter,21,,3997,8953,108,3000,9602,3785,0
dia 21 sem pressao - Soja Heter,21,,4079,9055,110,3016,9745,3842,0
dia 21 sem pressao - Soja Heter,21,,4083,9062,111,3017,9731,3845,0
dia 21 sem pressao - Soja Heter,21,,4080,9060,111,3023,9736,3832,0
dia 21 sem pressao - Soja Heter,21,,4122,9532,111,3023,10266,3838,0
dia 21 sem pressao - Soja Heter,21,,4115,9514,111,3013,10299,3830,0
dia 21 sem pressao - Soja Heter,21,,4112,9484,111,3017,10259,3827,0
dia 21 sem pressao - Soja Heter,21,,4098,9361,111,3013,10227,3822,0
dia 21 sem pressao - Soja Heter,21,,4102,9441,111,3012,10169,3822,0
dia 21 sem pressao - Soja Heter,21,,4092,9513,109,3007,10246,3789,0
dia 21 sem pressao - Soja Heter,21,,4109,9545,110,3008,10277,3809,0
dia 21 sem pressao - Soja Heter,21,,4070,9440,108,3001,10169,3791,0
dia 21 sem pressao - Soja Heter,21,,4105,9563,110,3013,10316,3816,0
dia 21 sem pressao - Soja Heter,21,,4108,9545,111,3014,10330,3806,0
dia 21 sem pressao - Soja Heter,21,,4062,9436,109,3009,10208,3792,0
dia 21 sem pressao - Soja Heter,21,,4109,9614,110,3013,10435,3828,0
dia 21 sem pressao - Soja Heter,21,,4106,9706,110,3003,10508,3788,0
dia 21 sem pressao - Soja Heter,21,,4112,9729,111,3012,10552,3811,0
dia 21 sem pressao - Soja Heter,21,,4131,9772,110,3013,10573,3799,0
dia 21 sem pressao - Soja Heter,21,,4106,9819,112,3013,10582,3795,0
dia 21 sem pressao - Soja Heter,21,,4149,9801,112,3021,10547,3784,0
dia 21 sem pressao - Soja Heter,21,,4178,9916,113,3016,10746,3842,0
dia 21 sem pressao - Soja Heter,21,,4128,9770,113,3033,10579,3823,0
dia 21 sem pressao - Soja Heter,21,,4174,9880,114,3042,10667,3828,0
dia 21 sem pressao - Soja Heter,21,,4160,9915,112,3033,10709,3837,0
dia 21 sem pressao - Soja Heter,21,,4151,9865,112,3029,10673,3867,0
dia 21 sem pressao - Soja Heter,21,,4173,9746,113,3034,10588,3847,0
dia 21 sem pressao - Soja Heter,21,,4170,9853,112,3031,10615,3838,0
dia 21 sem pressao - Soja Heter,21,,4157,9765,111,3011,10558,3857,0
dia 21 sem pressao - Soja Heter,21,,4138,9715,112,3007,10478,3837,0
dia 21 sem pressao - Soja Heter,21,,4116,9780,110,2998,10575,3853,0
dia 21 sem pressao - Soja Heter,21,,4129,9405,112,3017,10510,3873,0
dia 21 sem pressao - Soja Heter,21,,4170,9703,112,3022,10475,3876,0
dia 21 sem pressao - Soja Heter,21,,4178,9766,113,3030,10548,3876,0
dia 21 sem pressao - Soja Heter,21,,4199,9836,113,3028,10610,3881,0
dia 21 sem pressao - Soja Heter,21,,4176,9693,112,3028,10507,3887,0
dia 21 sem pressao - Soja Heter,21,,4189,9713,113,3038,10485,3880,0
dia 21 sem pressao - Soja Heter,21,,4171,9687,113,3018,10412,3813,0
dia 21 sem pressao - Soja Heter,21,,4204,9829,114,3037,10593,3879,0
dia 21 sem pressao - Soja Heter,21,,4193,9799,114,3033,10577,3878,0
dia 21 sem pressao - Soja Heter,21,,4193,9811,113,3034,10588,3880,0
dia 21 sem pressao - Soja Heter,21,,4196,9771,114,3039,10538,3894,0
dia 21 sem pressao - Soja Heter,21,,4150,9676,112,3032,10413,3829,0
dia 21 sem pressao - Soja Heter,21,,4139,9698,111,3029,10445,3876,0
dia 21 sem pressao - Soja Heter,21,,4164,9681,113,3036,10421,3856,0
dia 21 sem pressao - Soja Heter,21,,4158,9626,112,3032,10384,3835,0
dia 21 sem pressao - Soja Heter,21,,4170,9728,113,3037,10487,3857,0
dia 21 sem pressao - Soja Heter,21,,4111,9120,111,3033,10262,3859,0
dia 21 sem pressao - Soja Heter,21,,4143,9705,112,3033,10445,3832,0
dia 21 sem pressao - Soja Heter,21,,4150,9648,111,3031,10465,3835,0
dia 21 sem pressao - Soja Heter,21,,4155,9728,112,3033,10490,3823,0
dia 21 sem pressao - Soja Heter,21,,4167,9693,112,3034,10421,3860,0
dia 21 sem pressao - Soja Heter,21,,4193,9756,114,3039,10512,3867,0
dia 21 sem pressao - Soja Heter,21,,4190,9750,114,3038,10160,3877,0
dia 21 sem pressao - Soja Heter,21,,4179,9754,113,3038,10543,3867,0
dia 21 sem pressao - Soja Heter,21,,4169,9731,113,3031,10570,3867,0
dia 21 sem pressao - Soja Heter,21,,4166,9748,113,3027,10527,3850,0
dia 21 sem pressao - Soja Heter,21,,4160,9702,113,3031,10489,3836,0
dia 21 sem pressao - Soja Heter,21,,4201,9772,114,3035,10594,3888,0
dia 21 sem pressao - Soja Heter,21,,4195,9800,114,3038,10612,3881,0
dia 21 sem pressao - Soja Heter,21,,4180,9719,113,3033,10484,3863,0
dia 21 sem pressao - Soja Heter,21,,4159,9671,112,3028,10471,3872,0
dia 21 sem pressao - Soja Heter,21,,4159,9603,111,3021,10374,3864,0
dia 21 sem pressao - Soja Heter,21,,4177,9662,113,3030,10435,3868,0
dia 21 sem pressao - Soja Heter,21,,4175,9617,113,3034,10399,3868,0
dia 21 sem pressao - Soja Heter,21,,4140,9655,112,3026,10403,3845,0
dia 21 sem pressao - Soja Heter,21,,4172,9670,113,3032,10416,3864,0
dia 21 sem pressao - Soja Heter,21,,4177,9279,114,3036,9856,3874,0
dia 21 sem pressao - Soja Heter,21,,4134,9180,112,3031,9846,3868,0
dia 21 sem pressao - Soja Heter,21,,4165,9551,112,3033,10270,3861,0
dia 21 sem pressao - Soja Heter,21,,4123,9328,112,3028,10237,3863,0
dia 21 sem pressao - Soja Heter,21,,4144,9538,112,3030,10254,3858,0
dia 21 sem pressao - Soja Heter,21,,4123,9595,111,3018,10373,3865,0
dia 21 sem pressao - Soja Heter,21,,4175,9653,113,3027,10391,3860,0
dia 21 sem pressao - Soja Heter,21,,4194,9754,113,3029,10506,3874,0
dia 21 sem pressao - Soja Heter,21,,4182,9698,112,3026,10438,3870,0
dia 21 sem pressao - Soja Heter,21,,4175,9627,112,3020,10010,3861,0
dia 21 sem pressao - Soja Heter,21,,4169,9595,112,3025,10308,3861,0
dia 21 sem pressao - Soja Heter,21,,4132,9164,111,3020,9986,3864,0
dia 21 sem pressao - Soja Heter,21,,4184,9629,111,3021,10295,3874,0
dia 21 sem pressao - Soja Heter,21,,4199,9677,113,3026,10397,3885,0
dia 21 sem pressao - Soja Heter,21,,4190,9675,112,3022,10322,3882,0
dia 21 sem pressao - Soja Heter,21,,4190,9569,112,3024,10345,3875,0
dia 21 sem pressao - Soja Heter,21,,4190,9666,113,3019,10390,3877,0
dia 21 sem pressao - Soja Heter,21,,4175,9610,113,3016,10325,3871,0
dia 21 sem pressao - Soja Heter,21,,4180,9530,112,3015,10254,3882,0
dia 21 sem pressao - Soja Heter,21,,4177,9535,113,3017,10216,3872,0
dia 21 sem pressao - Soja Heter,21,,4176,9528,112,3014,10231,3853,0
dia 21 sem pressao - Soja Heter,21,,4184,9449,113,3020,10339,3864,0
dia 21 sem pressao - Soja Heter,21,,4201,9757,113,3018,10503,3882,0
dia 21 sem pressao - Soja Heter,21,,4211,9809,114,3023,10561,3874,0
dia 21 sem pressao - Soja Heter,21,,4208,9793,113,3022,10514,3884,0
dia 21 sem pressao - Soja Heter,21,,4093,9223,111,3017,9895,3893,0
dia 21 sem pressao - Soja Heter,21,,4170,9229,112,3018,9878,3889,0
dia 21 sem pressao - Soja Heter,21,,4201,9602,113,3025,10259,3895,0
dia 21 sem pressao - Soja Heter,21,,4170,9588,114,3021,10317,3888,0
dia 21 sem pressao - Soja Heter,21,,4201,9625,112,3018,10359,3890,0
dia 21 sem pressao - Soja Heter,21,,4194,9522,112,3015,10287,3850,0
dia 21 sem pressao - Soja Heter,21,,4199,9651,112,3021,10306,3890,0
dia 21 sem pressao - Soja Heter,21,,4174,9621,113,3022,10405,3904,0
dia 21 sem pressao - Soja Heter,21,,4237,9846,113,3027,10692,3907,0
dia 21 sem pressao - Soja Heter,21,,4216,9621,113,3021,10338,3905,0
dia 21 sem pressao - Soja Heter,21,,4226,9755,113,3019,10506,3899,0
dia 21 sem pressao - Soja Heter,21,,4232,9862,114,3025,10600,3902,0
dia 21 sem pressao - Soja Heter,21,,4227,9745,113,3023,10494,3900,0
dia 21 sem pressao - Soja Heter,21,,4223,9722,113,3016,10486,3903,0
dia 21 sem pressao - Soja Heter,21,,4208,9625,113,3021,10382,3895,0
dia 21 sem pressao - Soja Heter,21,,4198,9748,113,3015,10482,3901,0
dia 21 sem pressao - Soja Heter,21,,4221,9763,112,3023,10291,3897,0
dia 21 sem pressao - Soja Heter,21,,4300,9846,114,3042,10659,3974,0
dia 21 sem pressao - Soja Heter,21,,4281,9759,115,3042,10463,3991,0
dia 21 sem pressao - Soja Heter,21,,4331,9902,115,3046,10715,4007,0
dia 21 sem pressao - Soja Heter,21,,4374,10123,117,3052,10887,4030,0
dia 21 sem pressao - Soja Heter,21,,4328,9957,117,3053,10889,4043,0
dia 21 sem pressao - Soja Heter,21,,4395,10213,117,3054,10991,4054,0
dia 21 sem pressao - Soja Heter,21,,4405,10138,117,3053,10880,4066,0
dia 21 sem pressao - Soja Heter,21,,4379,9893,116,3048,10675,4077,0
dia 21 sem pressao - Soja Heter,21,,4436,10209,117,3051,10975,4088,0
dia 21 sem pressao - Soja Heter,21,,4442,10211,117,3052,10956,4098,0
dia 21 sem pressao - Soja Heter,21,,4438,10102,118,3051,10877,4107,0
dia 21 sem pressao - Soja Heter,21,,4456,10182,118,3050,10974,4116,0
dia 21 sem pressao - Soja Heter,21,,4460,10171,118,3052,10926,4126,0
dia 21 sem pressao - Soja Heter,21,,4448,10148,118,3051,10508,4128,0
dia 21 sem pressao - Soja Heter,21,,4467,10129,118,3054,10878,4140,0
dia 21 sem pressao - Soja Heter,21,,4467,10201,117,3056,10954,4147,0
dia 21 sem pressao - Soja Heter,21,,4463,10173,118,3054,10926,4153,0
dia 21 sem pressao - Soja Heter,21,,4480,10086,119,3053,10765,4158,0
dia 21 sem pressao - Soja Heter,21,,4490,10180,118,3054,10942,4166,0
dia 21 sem pressao - Soja Heter,21,,4499,10171,118,3054,10922,4172,0
dia 21 sem pressao - Soja Heter,21,,4502,10146,119,3055,10897,4177,0
dia 21 sem pressao - Soja Heter,21,,4506,10088,119,3057,10887,4184,0
dia 21 sem pressao - Soja Heter,21,,4500,10130,119,3057,10894,4189,0
dia 21 sem pressao - Soja Heter,21,,4515,10118,118,3057,10854,4194,0
dia 21 sem pressao - Soja Heter,21,,4514,10090,119,3056,10840,4198,0
dia 21 sem pressao - Soja Heter,21,,4527,10190,119,3057,10949,4201,0
dia 21 sem pressao - Soja Heter,21,,4531,10217,119,3057,10973,4205,0
dia 21 sem pressao - Soja Heter,21,,4527,10150,118,3054,10860,4204,0
dia 21 sem pressao - Soja Heter,21,,4521,10047,119,3054,10808,4209,0
dia 21 sem pressao - Soja Heter,21,,4526,10106,119,3053,10838,4216,0
dia 21 sem pressao - Soja Heter,21,,4530,10087,119,3049,10827,4216,0
dia 21 sem pressao - Soja Heter,21,,4537,10134,120,3047,10844,4228,0
dia 21 sem pressao - Soja Heter,21,,4534,10118,119,3047,10707,4225,0
dia 21 sem pressao - Soja Heter,21,,4536,10055,120,3048,10811,4228,0
dia 21 sem pressao - Soja Heter,21,,4498,9946,119,3048,10760,4229,0
dia 21 sem pressao - Soja Heter,21,,4527,10001,118,3050,10487,4230,0
dia 21 sem pressao - Soja Heter,21,,4535,10049,119,3052,10708,4232,0
dia 21 sem pressao - Soja Heter,21,,4540,10100,119,3051,10845,4232,0
dia 21 sem pressao - Soja Heter,21,,4539,10078,119,3059,10809,4230,0
dia 21 sem pressao - Soja Heter,21,,4512,9864,118,3054,10641,4230,0
dia 21 sem pressao - Soja Heter,21,,4539,10072,119,3052,10858,4230,0
dia 21 sem pressao - Soja Heter,21,,4547,10206,118,3052,10932,4232,0
dia 21 sem pressao - Soja Heter,21,,4539,10100,119,3051,10866,4235,0
dia 21 sem pressao - Soja Heter,21,,4546,10155,119,3052,10893,4236,0
dia 21 sem pressao - Soja Heter,21,,4539,10104,118,3052,10846,4236,0
dia 21 sem pressao - Soja Heter,21,,4541,10061,120,3052,10805,4238,0
dia 21 sem pressao - Soja Heter,21,,4534,10008,119,3051,10736,4238,0
dia 21 sem pressao - Soja Heter,21,,4532,10041,119,3054,10767,4239,0
dia 21 sem pressao - Soja Heter,21,,4532,10057,118,3049,10802,4237,0
dia 21 sem pressao - Soja Heter,21,,4534,10008,119,3051,10632,4237,0
dia 21 sem pressao - Soja Heter,21,,4530,9978,119,3051,10692,4236,0
dia 21 sem pressao - Soja Heter,21,,4529,9948,119,3049,10687,4237,0
dia 21 sem pressao - Soja Heter,21,,4525,9926,118,3052,10679,4237,0
dia 21 sem pressao - Soja Heter,21,,4525,9962,119,3050,10706,4236,0
dia 21 sem pressao - Soja Heter,21,,4505,9873,119,3050,10609,4235,0
dia 21 sem pressao - Soja Heter,21,,4521,9911,119,3054,10653,4232,0
dia 21 sem pressao - Soja Heter,21,,4525,9932,118,3063,10688,4229,0
dia 21 sem pressao - Soja Heter,21,,4524,9984,120,3073,10739,4232,0
dia 21 sem pressao - Soja Heter,21,,4529,10018,118,3062,10759,4234,0
dia 21 sem pressao - Soja Heter,21,,4522,9937,118,3056,10780,4234,0
dia 21 sem pressao - Soja Heter,21,,4524,9956,119,3050,10763,4234,0
dia 21 sem pressao - Soja Heter,21,,4525,9947,119,3051,10712,4234,0
dia 21 sem pressao - Soja Heter,21,,4522,9912,119,3048,10405,4233,0
dia 21 sem pressao - Soja Heter,21,,4523,9962,119,3049,10673,4232,0
dia 21 sem pressao - Soja Heter,21,,4525,9967,120,3049,10713,4232,0
dia 21 sem pressao - Soja Heter,21,,4524,10013,119,3051,10794,4231,0
dia 21 sem pressao - Soja Heter,21,,4524,10041,119,3048,10820,4231,0
dia 21 sem pressao - Soja Heter,21,,4525,9982,119,3047,10823,4228,0
dia 21 sem pressao - Soja Heter,21,,4515,9912,118,3048,10737,4228,0
dia 21 sem pressao - Soja Heter,21,,4512,9911,119,3047,10694,4226,0
dia 21 sem pressao - Soja Heter,21,,4495,9818,118,3048,10540,4223,0
dia 21 sem pressao - Soja Heter,21,,4471,9513,118,3045,10520,4224,0
dia 21 sem pressao - Soja Heter,21,,4505,9880,117,3042,10608,4221,0
dia 21 sem pressao - Soja Heter,21,,4467,9515,117,3044,10239,4212,0
dia 21 sem pressao - Soja Heter,21,,4503,9938,117,3046,10761,4209,0
dia 21 sem pressao - Soja Heter,21,,4457,9477,117,3045,10231,4211,0
dia 21 sem pressao - Soja Heter,21,,4459,9506,117,3045,10207,4207,0
dia 21 sem pressao - Soja Heter,21,,4495,9899,118,3042,10697,4204,0
dia 21 sem pressao - Soja Heter,21,,4483,9918,117,3047,10760,4200,0
dia 21 sem pressao - Soja Heter,21,,4456,9886,117,3045,10468,4195,0
dia 21 sem pressao - Soja Heter,21,,4475,9871,118,3044,10649,4189,0
dia 21 sem pressao - Soja Heter,21,,4473,9919,118,3031,10701,4182,0
dia 21 sem pressao - Soja Heter,21,,4467,9933,118,3040,10726,4177,0
dia 21 sem pressao - Soja Heter,21,,4454,9868,117,3037,10654,4162,0
dia 21 sem pressao - Soja Heter,21,,4433,9802,117,3035,10611,4155,0
dia 21 sem pressao - Soja Heter,21,,4436,9808,117,3035,10606,4149,0
dia 21 sem pressao - Soja Heter,21,,4422,9868,116,3032,10678,4134,0
dia 21 sem pressao - Soja Heter,21,,4338,9359,116,3022,10142,4131,0
dia 21 sem pressao - Soja Heter,21,,4318,9248,115,3028,9982,4064,0
dia 21 sem pressao - Soja Heter,21,,4316,9259,115,3023,10008,4075,0
dia 21 sem pressao - Soja Heter,21,,4334,9324,115,3024,10047,4084,0
dia 21 sem pressao - Soja Heter,21,,4319,9299,115,3026,10049,4073,0
dia 21 sem pressao - Soja Heter,21,,4355,9383,116,3038,10119,4099,0
dia 21 sem pressao - Soja Heter,21,,4348,9375,116,3038,10117,4092,0
dia 21 sem pressao - Soja Heter,21,,4351,9372,116,3038,10118,4087,0
dia 21 sem pressao - Soja Heter,21,,4332,9347,115,3034,10074,4080,0
dia 21 sem pressao - Soja Heter,21,,4329,9321,115,3036,10074,4066,0
dia 21 sem pressao - Soja Heter,21,,4330,9326,115,3033,10092,4062,0
dia 21 sem pressao - Soja Heter,21,,4366,9403,116,3044,10163,4105,0
dia 21 sem pressao - Soja Heter,21,,4369,9400,116,3045,10178,4108,0
dia 21 sem pressao - Soja Heter,21,,4372,9405,116,3045,10183,4109,0
dia 21 sem pressao - Soja Heter,21,,4427,9984,118,3046,10855,4110,0
dia 21 sem pressao - Soja Heter,21,,4423,9970,116,3043,10846,4106,0
dia 21 sem pressao - Soja Heter,21,,4420,9972,116,3044,10852,4106,0
dia 21 sem pressao - Soja Heter,21,,4355,9328,116,3039,10210,4103,0
dia 21 sem pressao - Soja Heter,21,,4403,9403,116,3037,10162,4102,0
dia 21 sem pressao - Soja Heter,21,,4415,9933,117,3026,10828,4108,0
dia 21 sem pressao - Soja Heter,21,,4406,9936,117,3043,10836,4097,0
dia 21 sem pressao - Soja Heter,21,,4406,9960,117,3043,10875,4102,0
dia 21 sem pressao - Soja Heter,21,,4404,9921,116,3044,10908,4103,0
dia 21 sem pressao - Soja Heter,21,,4415,9973,117,3041,10839,4106,0
dia 21 sem pressao - Soja Heter,21,,4418,9987,117,3043,10889,4104,0
dia 21 sem pressao - Soja Heter,21,,4419,10007,117,3045,10909,4102,0
dia 21 sem pressao - Soja Heter,21,,4415,10041,117,3043,10944,4097,0
dia 21 sem pressao - Soja Heter,21,,4413,10073,116,3035,10956,4090,0
dia 21 sem pressao - Soja Heter,21,,4399,10021,117,3034,10939,4081,0
dia 21 sem pressao - Soja Heter,21,,4349,9894,115,3027,10922,4100,0
dia 21 sem pressao - Soja Heter,21,,4419,10055,118,3043,11016,4105,0
dia 21 sem pressao - Soja Heter,21,,4407,9949,117,3044,11010,4105,0
dia 21 sem pressao - Soja Heter,21,,4423,10046,119,3043,10973,4106,0
dia 21 sem pressao - Soja Heter,21,,4416,9991,118,3044,10909,4108,0
dia 21 sem pressao - Soja Heter,21,,4429,10082,118,3044,10956,4105,0
dia 21 sem pressao - Soja Heter,21,,4424,10087,119,3044,10990,4103,0
dia 21 sem pressao - Soja Heter,21,,4401,9969,118,3041,10892,4086,0
dia 21 sem pressao - Soja Heter,21,,4328,9902,116,3026,10698,4061,0
dia 21 sem pressao - Soja Heter,21,,4330,9836,115,3026,10664,4023,0
dia 21 sem pressao - Soja Heter,21,,4330,9824,116,3027,10697,4022,0
dia 21 sem pressao - Soja Heter,21,,4352,9889,117,3032,10731,4050,0
dia 21 sem pressao - Soja Heter,21,,4319,9851,115,3028,10729,4034,0
dia 21 sem pressao - Soja Heter,21,,4398,10026,118,3045,10872,4083,0
dia 21 sem pressao - Soja Heter,21,,4412,10017,119,3046,10877,4094,0
dia 21 sem pressao - Soja Heter,21,,4410,9825,118,3048,10817,4100,0
dia 21 sem pressao - Soja Heter,21,,4419,9979,118,3049,10810,4106,0
dia 21 sem pressao - Soja Heter,21,,4421,9977,118,3047,10822,4108,0
dia 21 sem pressao - Soja Heter,21,,4416,9913,118,3048,10772,4110,0
dia 21 sem pressao - Soja Heter,21,,4412,9505,117,3049,10232,4113,0
dia 21 sem pressao - Soja Heter,21,,4438,10043,118,3048,10907,4129,0
dia 21 sem pressao - Soja Heter,21,,4396,9524,118,3047,10216,4126,0
dia 21 sem pressao - Soja Heter,21,,4401,9521,118,3048,10236,4134,0
dia 21 sem pressao - Soja Heter,21,,4469,10188,118,3050,11042,4137,0
dia 21 sem pressao - Soja Heter,21,,4454,10030,118,3044,10863,4143,0
dia 21 sem pressao - Soja Heter,21,,4470,10114,119,3036,10939,4149,0
dia 21 sem pressao - Soja Heter,21,,4466,10064,118,3030,10873,4151,0
dia 21 sem pressao - Soja Heter,21,,4469,10068,118,3030,10876,4152,0
dia 21 sem pressao - Soja Heter,21,,4476,10122,118,3032,10914,4157,0
dia 21 sem pressao - Soja Heter,21,,4477,10100,118,3032,10919,4160,0
dia 21 sem pressao - Soja Heter,21,,4479,10139,119,3033,11007,4163,0
dia 21 sem pressao - Soja Heter,21,,4486,10127,118,3033,10986,4166,0
dia 21 sem pressao - Soja Heter,21,,4481,10082,118,3032,10937,4165,0
dia 21 sem pressao - Soja Heter,21,,4470,9986,118,3029,10863,4158,0
dia 21 sem pressao - Soja Heter,21,,4473,9995,118,3030,10822,4166,0
dia 21 sem pressao - Soja Heter,21,,4453,9907,118,3029,10799,4169,0
dia 21 sem pressao - Soja Heter,21,,4473,9936,118,3030,10734,4172,0
dia 21 sem pressao - Soja Heter,21,,4478,9986,119,3032,10807,4177,0
dia 21 sem pressao - Soja Heter,21,,4481,9990,118,3031,10791,4174,0
dia 21 sem pressao - Soja Heter,21,,4485,9960,119,3031,10721,4186,0
dia 21 sem pressao - Soja Heter,21,,4451,9544,118,3030,10328,4185,0
dia 21 sem pressao - Soja Heter,21,,4454,9540,118,3030,10322,4192,0
dia 21 sem pressao - Soja Heter,21,,4458,9549,118,3029,10319,4196,0
dia 21 sem pressao - Soja Heter,21,,4463,9553,118,3030,10327,4199,0
dia 21 sem pressao - Soja Heter,21,,4465,9583,118,3027,10330,4200,0
dia 21 sem pressao - Soja Heter,21,,4513,10095,119,3031,10964,4202,0
dia 21 sem pressao - Soja Heter,21,,4513,10041,119,3032,10926,4205,0
dia 21 sem pressao - Soja Heter,21,,4513,10063,119,3030,10951,4205,0
dia 21 sem pressao - Soja Heter,21,,4511,10053,119,3030,10906,4208,0
dia 21 sem pressao - Soja Heter,21,,4515,10037,119,3032,10920,4210,0
dia 21 sem pressao - Soja Heter,21,,4514,10025,119,3031,10904,4211,0
dia 21 sem pressao - Soja Heter,21,,4509,9969,118,3031,10816,4212,0
dia 21 sem pressao - Soja Heter,21,,4513,9963,119,3026,10826,4212,0
dia 21 sem pressao - Soja Heter,21,,4512,9967,118,3029,10842,4212,0
dia 21 sem pressao - Soja Heter,21,,4506,9999,119,3030,10890,4207,0
dia 21 sem pressao - Soja Heter,21,,4518,10023,118,3028,10924,4213,0
dia 21 sem pressao - Soja Heter,21,,4506,9981,119,3027,10815,4212,0
dia 21 sem pressao - Soja Heter,21,,4512,10010,119,3027,10879,4214,0
dia 21 sem pressao - Soja Heter,21,,4518,10070,119,3028,10962,4213,0
dia 21 sem pressao - Soja Heter,21,,4518,10078,119,3027,10970,4214,0
dia 21 sem pressao - Soja Heter,21,,4519,10073,119,3025,10980,4209,0
dia 21 sem pressao - Soja Heter,21,,4518,10020,119,3023,10931,4208,0
dia 21 sem pressao - Soja Heter,21,,4511,9994,119,3023,10881,4210,0
dia 21 sem pressao - Soja Heter,21,,4507,10008,120,3023,10892,4209,0
dia 21 sem pressao - Soja Heter,21,,4514,10031,119,3022,10910,4213,0
dia 21 sem pressao - Soja Heter,21,,4511,10007,119,3022,11019,4210,0
dia 21 sem pressao - Soja Heter,21,,4510,10052,118,3023,11048,4209,0
dia 21 sem pressao - Soja Heter,21,,4505,10022,118,3011,10969,4204,0
dia 21 sem pressao - Soja Heter,21,,4517,10159,119,3022,11115,4203,0
dia 21 sem pressao - Soja Heter,21,,4510,10154,119,3021,11130,4197,0
dia 21 sem pressao - Soja Heter,21,,4513,10132,118,3020,11139,4201,0
dia 21 sem pressao - Soja Heter,21,,4512,10166,119,3025,11127,4197,0
dia 21 sem pressao - Soja Heter,21,,4497,10154,119,3023,11091,4191,0
dia 21 sem pressao - Soja Heter,21,,4489,10104,119,3020,11042,4177,0
dia 21 sem pressao - Soja Heter,21,,4459,9979,118,3013,10957,4164,0
dia 21 sem pressao - Soja Heter,21,,4455,10018,118,3013,10962,4156,0
Página7,20,,9831,9830,9831,5672,9830,8010,0
Página7,20,,9822,9822,9822,5945,9822,8018,0
Página7,20,,9821,9821,9821,5778,9820,8011,0
Página7,20,,9824,9825,9824,5794,9824,8010,0
Página7,20,,9823,9823,9823,5732,9824,8007,0
Página7,20,,9839,9833,9842,5718,9833,8009,0
Página7,20,,9804,9804,9805,5680,9803,8019,0
Página7,20,,9795,9795,9796,5842,9785,8002,0
Página7,20,,9796,9796,9795,5833,9783,8012,0
Página7,20,,9788,9787,9794,5791,9790,8012,0
Página7,20,,9789,9777,9789,5724,9788,8010,0
Página7,20,,9791,9780,9791,5641,9789,8014,0
Página7,20,,9791,9789,9790,5811,9790,8015,0
Página7,20,,9791,9789,9791,5754,9790,8011,0
Página7,20,,9791,9790,9792,5697,9791,8016,0
Página7,20,,9787,9790,9790,5688,9778,8016,0
Página7,20,,9790,9789,9787,5850,9792,8011,0
Página7,20,,9777,9771,9781,5778,9780,8016,0
Página7,20,,9770,9758,9771,5778,9770,8012,0
Página7,20,,9751,9740,9749,5736,9752,8010,0
Página7,20,,9730,9740,9737,5674,9736,8009,0
Página7,20,,9752,9759,9891,5683,9755,8008,0
Página7,20,,9716,9714,9724,5844,9714,7998,0
Página7,20,,9703,9702,9700,5743,9699,8004,0
Página7,20,,9692,9680,9694,5837,9691,8001,0
Página7,20,,9697,9698,9705,5628,9688,8003,0
Página7,20,,9691,9684,9687,5608,9697,7990,0
Página7,20,,9695,9683,9694,5759,9694,7987,0
Página7,20,,9692,9684,9692,5757,9691,7983,0
Página7,20,,9703,9714,9714,5824,9708,7996,0
Página7,20,,9706,9691,9712,5645,9686,7985,0
Página7,20,,9696,9692,9698,5633,9688,7980,0
Página7,20,,9682,9681,9683,5554,9679,7971,0
Página7,20,,9667,9673,9684,5547,9682,7964,0
Página7,20,,9663,9664,9663,5618,9669,7962,0
Página7,20,,9627,9637,9626,5783,9650,7948,0
Página7,20,,9659,9680,9623,5784,9683,7940,0
Página7,20,,9641,9642,9641,5542,9642,7940,0
Página7,20,,9645,9646,9643,5644,9647,7934,0
Página7,20,,9690,9690,9691,5719,9678,7941,0
Página7,20,,9665,9679,9659,5735,9680,7945,0
Página7,20,,9677,9672,9675,5694,9657,7941,0
Página7,20,,9676,9677,9676,5602,9676,7942,0
Página7,20,,9667,9668,9667,5623,9668,7944,0
Página7,20,,9663,9662,9662,5779,9666,7944,0
Página7,20,,9682,9680,9683,5744,9679,7944,0
Página7,20,,9655,9655,9655,5603,9655,7939,0
Página7,20,,9668,9700,9651,5611,9704,7945,0
Página7,20,,9689,9690,9689,5571,9688,7944,0
Página7,20,,9684,9684,9685,5573,9686,7942,0
Página7,20,,9699,9669,9704,5778,9665,7939,0
Página7,20,,9650,9648,9652,5756,9637,7942,0
Página7,20,,9686,9667,9685,5670,9636,7941,0
Página7,20,,9683,9679,9680,5632,9684,7941,0
Página7,20,,9627,9621,9626,5712,9628,7943,0
Página7,20,,9691,9692,9675,5841,9691,7951,0
Página7,20,,9643,9642,9654,5807,9644,7944,0
Página7,20,,9671,9659,9691,5779,9660,7944,0
Página7,20,,9703,9651,9710,5818,9652,7936,0
Página7,20,,9647,9641,9660,5796,9647,7943,0
Página7,20,,9700,9707,9695,5988,9640,7951,0
Página7,20,,9698,9699,9697,5591,9696,7948,0
Página7,20,,9663,9687,9652,5583,9699,7950,0
Página7,20,,9633,9639,9637,5628,9638,7952,0
Página7,20,,9685,9683,9683,5603,9647,7949,0
Página7,20,,9631,9630,9631,5901,9630,7965,0
Página7,20,,9679,9668,9647,5819,9645,7944,0
Página7,20,,9643,9641,9643,5851,9640,7952,0
Página7,20,,9641,9642,9641,5834,9642,7952,0
Página7,20,,9701,9688,9709,5739,9678,7965,0
Página7,20,,9662,9659,9661,5693,9655,7956,0
Página7,20,,9660,9646,9704,5791,9645,7959,0
Página7,20,,9657,9648,9672,5608,9641,7964,0
Página7,20,,9649,9650,9651,5629,9650,7966,0
Página7,20,,9703,9684,9706,5628,9677,7969,0
Página7,20,,9668,9671,9638,5611,9671,7967,0
Página7,20,,9635,9633,9636,5702,9631,7961,0
Página7,20,,9621,9620,9620,5575,9619,7954,0
Página7,20,,9671,9673,9667,5533,9664,7957,0
Página7,20,,9598,9591,9618,5757,9595,7947,0
Página7,20,,9653,9653,9651,5743,9654,7948,0
Página7,20,,9571,9582,9584,5512,9582,7949,0
Página7,20,,9582,9584,9572,5534,9584,7944,0
Página7,20,,9588,9588,9575,5610,9585,7941,0
Página7,20,,9582,9582,9582,5541,9582,7940,0
Página7,20,,9587,9586,9586,5568,9587,7932,0
Página7,20,,9607,9605,9606,5500,9608,7939,0
Página7,20,,9666,9665,9672,5466,9662,7941,0
Página7,20,,9655,9629,9653,5518,9621,7934,0
Página7,20,,9678,9673,9686,5680,9680,7939,0
Página7,20,,9695,9677,9697,5593,9690,7937,0
Página7,20,,9638,9632,9651,5519,9654,7936,0
Página7,20,,9668,9653,9642,5613,9660,7940,0
Página7,20,,9629,9640,9633,5543,9643,7938,0
Página7,20,,9646,9646,9642,5829,9637,7936,0
Página7,20,,9619,9615,9622,5525,9645,7922,0
Página7,20,,9605,9600,9612,5516,9598,7910,0
Página7,20,,9599,9632,9597,5527,9646,7906,0
Página7,20,,9604,9603,9627,5568,9603,7903,0
Página7,20,,9667,9611,9670,5501,9603,7914,0
Página7,20,,9615,9636,9615,5382,9656,7910,0
Página7,20,,9671,9655,9673,5396,9623,7913,0
Página7,20,,9615,9618,9617,5523,9617,7911,0
Página7,20,,9645,9618,9659,5545,9615,7914,0
Página7,20,,9613,9631,9616,5636,9662,7924,0
Página7,20,,9610,9645,9610,5591,9660,7908,0
Página7,20,,9618,9611,9663,5634,9600,7908,0
Página7,20,,9621,9621,9622,5616,9611,7918,0
Página7,20,,9661,9663,9657,5648,9661,7906,0
Página7,20,,9666,9672,9629,5698,9668,7914,0
Página7,20,,9625,9644,9619,5661,9672,7929,0
Página7,20,,9637,9620,9674,5536,9618,7918,0
Página7,20,,9617,9616,9617,5509,9614,7921,0
Página7,20,,9607,9606,9611,5502,9605,7922,0
Página7,20,,9693,9693,9692,5644,9686,7932,0
Página7,20,,9632,9625,9648,5748,9623,7934,0
Página7,20,,9677,9677,9677,5639,9671,7933,0
Página7,20,,9639,9615,9670,5645,9616,7923,0
Página7,20,,9683,9690,9683,5701,9692,7929,0
Página7,20,,9674,9664,9685,5727,9643,7931,0
Página7,20,,9677,9677,9673,5705,9681,7937,0
Página7,20,,9686,9697,9697,5598,9696,7945,0
Página7,20,,9670,9678,9685,5733,9676,7942,0
Página7,20,,9624,9635,9633,5817,9636,7933,0
Página7,20,,9650,9650,9638,5597,9650,7951,0
Página7,20,,9637,9636,9632,5613,9642,7959,0
Página7,20,,9636,9635,9635,5784,9636,7953,0
Página7,20,,9638,9637,9639,5844,9636,7947,0
Página7,20,,9633,9632,9633,5639,9632,7952,0
Página7,20,,9630,9629,9630,5618,9631,7959,0
Página7,20,,9632,9629,9629,5717,9630,7963,0
Página7,20,,9630,9619,9630,6111,9630,7975,0
Página7,20,,9630,9623,9628,5754,9631,7968,0
Página7,20,,9621,9632,9632,5819,9635,7973,0
Página7,20,,9620,9629,9632,5685,9632,7964,0
Página7,20,,9629,9630,9632,5705,9630,7964,0
Página7,20,,9666,9674,9675,5366,9675,7975,0
Página7,20,,9630,9630,9628,5313,9629,7970,0
Página7,20,,9629,9627,9639,5558,9632,7968,0
Página7,20,,9625,9635,9635,5355,9635,7973,0
Página7,20,,9636,9638,9624,5491,9639,7975,0
Página7,20,,9611,9621,9600,5554,9628,7973,0
Página7,20,,9613,9613,9624,5354,9612,7973,0
Página7,20,,9619,9619,9622,5481,9622,7980,0
Página7,20,,9647,9649,9651,5573,9647,7974,0
Página7,20,,9654,9658,9652,5575,9658,7970,0
Página7,20,,9649,9655,9645,5590,9650,7966,0
Página7,20,,9646,9648,9648,5415,9648,7968,0
Página7,20,,9652,9661,9653,5393,9654,7988,0
Página7,20,,9663,9654,9671,5639,9671,7990,0
Página7,20,,9825,9838,9834,5568,9844,7969,0
Página7,20,,9836,9844,9848,5571,9837,7983,0
Página7,20,,9630,9629,9620,5621,9628,7984,0
Página7,20,,9625,9625,9619,5523,9625,7990,0
Página7,20,,9651,9643,9640,5406,9644,8012,0
Página7,20,,9665,9661,9659,5373,9660,8007,0
Página7,20,,9669,9659,9659,5407,9662,8008,0
Página7,20,,9642,9637,9641,5487,9636,8016,0
Página7,20,,9630,9637,9625,5487,9642,8009,0
Página7,20,,9615,9620,9620,5541,9615,8004,0
Página7,20,,9590,9593,9596,5295,9595,7986,0
Página7,20,,9584,9585,9582,5243,9586,7966,0
Página7,20,,9572,9575,9573,5382,9564,7970,0
Página7,20,,9572,9577,9570,5383,9562,7962,0
Página7,20,,9563,9543,9554,5316,9555,7951,0
Página7,20,,9546,9548,9550,5185,9547,7949,0
Página7,20,,9540,9539,9541,5206,9539,7891,0
Página7,20,,9543,9543,9541,5187,9542,7890,0
Página7,20,,9539,9539,9539,5158,9540,7883,0
Página7,20,,9541,9542,9538,5166,9539,7948,0
Página7,20,,9547,9538,9551,5159,9548,7897,0
Página7,20,,9536,9551,9548,5191,9544,7895,0
Página7,20,,9551,9564,9559,5190,9565,7900,0
Página7,20,,9576,9571,9566,5226,9573,7905,0
Página7,20,,9578,9571,9579,5162,9577,7907,0
Página7,20,,9551,9544,9565,5204,9542,7940,0
Página7,20,,9560,9561,9557,5158,9565,7922,0
Página7,20,,9556,9554,9550,5211,9556,7940,0
Página7,20,,9571,9566,9570,5253,9567,7936,0
Página7,20,,9562,9573,9566,5289,9569,7935,0
Página7,20,,9559,9559,9547,5112,9559,7920,0
Página7,20,,9566,9563,9554,5173,9568,7941,0
Página7,20,,9554,9553,9552,5258,9554,7940,0
Página7,20,,9561,9560,9564,5138,9559,7947,0
Página7,20,,9544,9538,9545,5246,9544,7947,0
Página7,20,,9536,9536,9541,5235,9525,7937,0
Página7,20,,9530,9530,9529,5300,9529,7926,0
Página7,20,,9504,9503,9505,5216,9503,7930,0
Página7,20,,9501,9499,9501,5229,9499,7930,0
Página7,20,,9495,9496,9496,5192,9495,7924,0
Página7,20,,9497,9498,9497,5182,9498,7937,0
Página7,20,,9502,9502,9502,5271,9503,7939,0
Página7,20,,9521,9522,9516,5405,9526,7942,0
Página7,20,,9516,9517,9515,5304,9515,7933,0
Página7,20,,9518,9519,9518,5355,9519,7934,0
Página7,20,,9526,9526,9527,5301,9524,7931,0
Página7,20,,9523,9523,9522,5290,9522,7930,0
Página7,20,,9524,9524,9525,5328,9531,7951,0
Página7,20,,9533,9533,9536,5281,9529,7936,0
Página7,20,,9527,9528,9527,5230,9528,7937,0
Página7,20,,9542,9540,9539,5240,9540,7948,0
Página7,20,,9532,9532,9531,5199,9532,7937,0
Página7,20,,9540,9543,9544,5248,9544,7942,0
Página7,20,,9541,9543,9539,5308,9541,7949,0
Página7,20,,9541,9543,9539,5203,9541,7949,0
Página7,20,,9544,9545,9544,5256,9544,7950,0
Página7,20,,9555,9553,9554,5395,9553,7948,0
Página7,20,,9564,9567,9563,5429,9567,7950,0
Página7,20,,9565,9566,9565,5390,9555,7946,0
Página7,20,,9570,9570,9570,5337,9561,7948,0
Página7,20,,9561,9551,9561,5348,9561,7946,0
Página7,20,,9546,9558,9558,5413,9559,7952,0
Página7,20,,9534,9542,9544,5390,9546,7948,0
Página7,20,,9538,9533,9541,5407,9533,7954,0
Página7,20,,9536,9538,9535,5431,9538,7956,0
Página7,20,,9544,9544,9543,5434,9544,7942,0
Página7,20,,9552,9553,9552,5374,9553,7946,0
Página7,20,,9551,9553,9552,5331,9555,7953,0
Página7,20,,9545,9545,9546,5230,9544,7958,0
Página7,20,,9536,9536,9536,5355,9536,7955,0
Página7,20,,9562,9570,9552,5461,9573,7952,0
Página7,20,,9525,9525,9524,5524,9526,7959,0
Página7,20,,9533,9532,9532,5499,9530,7948,0
Página7,20,,9532,9531,9533,5312,9524,7957,0
Página7,20,,9530,9530,9529,5301,9527,7957,0
Página7,20,,9526,9527,9527,5484,9526,7949,0
Página7,20,,9532,9538,9532,5465,9529,7955,0
Página7,20,,9521,9518,9522,5362,9520,7956,0
Página7,20,,9528,9514,9526,5411,9525,7966,0
Página7,20,,9522,9527,9509,5609,9525,7962,0
Página7,20,,9522,9524,9521,5369,9520,7965,0
Página7,20,,9516,9516,9516,5505,9517,7963,0
Página7,20,,9522,9521,9518,5423,9519,7959,0
Página7,20,,9519,9519,9523,5331,9519,7967,0
Página7,20,,9530,9529,9527,5488,9526,7974,0
Página7,20,,9519,9517,9520,5423,9516,7962,0
Página7,20,,9503,9503,9504,5459,9503,7960,0
Página7,20,,9496,9494,9497,5438,9494,7952,0
Página7,20,,9494,9490,9489,5491,9489,7942,0
Página7,20,,9493,9492,9493,5407,9494,7949,0
Página7,20,,9490,9493,9489,5418,9482,7943,0
Página7,20,,9501,9491,9505,5474,9501,7943,0
Página7,20,,9493,9496,9499,5454,9501,7936,0
Página7,20,,9492,9503,9502,5332,9509,7940,0
Página7,20,,9513,9515,9509,5309,9516,7946,0
Página7,20,,9519,9508,9518,5287,9517,7949,0
Página7,20,,9503,9513,9512,5197,9512,7961,0
Página7,20,,9518,9515,9522,5544,9517,7883,0
Página7,20,,9506,9504,9506,5329,9504,7887,0
Página7,20,,9578,9502,9509,5349,9500,7899,0
Página7,20,,9498,9497,9502,5444,9493,7901,0
Página7,20,,9486,9483,9485,5536,9486,7902,0
Página7,20,,9510,9512,9512,5567,9513,7900,0
Página7,20,,9498,9507,9509,5525,9503,7889,0
Página7,20,,9520,9514,9505,5366,9507,7893,0
Página7,20,,9521,9521,9519,5399,9521,7895,0
Página7,20,,9669,9670,9670,5533,9670,7888,0
Página7,20,,9672,9672,9672,5727,9671,7889,0
Página7,20,,9667,9667,9668,5611,9668,7885,0
Página7,20,,9527,9528,9525,5532,9527,7889,0
Página7,20,,9476,9475,9476,5427,9475,7888,0
Página7,20,,9557,9519,9572,5503,9509,7882,0
Página7,20,,9469,9469,9469,5626,9468,7875,0
Página7,20,,9433,9432,9439,5594,9430,7860,0
Página7,20,,9488,9482,9494,5573,9494,7831,0
Página7,20,,9462,9505,9432,5412,9525,7819,0
Página7,20,,9555,9571,9567,5480,9573,7818,0
Página7,20,,9581,9586,9569,5517,9582,7813,0
Página7,20,,9473,9473,9474,5360,9474,7810,0
Página7,20,,9471,9475,9468,5332,9472,7816,0
Página7,20,,9467,9467,9465,5443,9466,7812,0
Página7,20,,9466,9464,9461,5510,9460,7813,0
Página7,20,,9455,9451,9456,5571,9449,7814,0
Página7,20,,9433,9447,9441,5436,9447,7812,0
Página7,20,,9569,9580,9581,5434,9580,7806,0
Página7,20,,9588,9588,9577,5535,9588,7806,0
Página7,20,,9584,9584,9579,5518,9583,7806,0
Página7,20,,9568,9569,9568,5504,9562,7798,0
Página7,20,,9511,9510,9517,5491,9508,7820,0
Página7,20,,9461,9471,9450,5528,9435,7802,0
Página7,20,,9452,9448,9451,5322,9448,7801,0
Página7,20,,9448,9444,9448,5301,9447,7802,0
Página7,20,,9461,9457,9468,5440,9453,7798,0
Página7,20,,9460,9460,9457,5522,9460,7804,0
Página7,20,,9459,9461,9458,5441,9533,7784,0
Página7,20,,9517,9517,9510,5378,9516,7793,0
Página7,20,,9520,9569,9464,5361,9512,7794,0
Página7,20,,9505,9503,9511,5514,9490,7802,0
Página7,20,,9425,9442,9435,5506,9489,7792,0
Página7,20,,9495,9500,9539,5469,9500,7801,0
Página7,20,,9454,9464,9464,5441,9449,7800,0
Página7,20,,9454,9453,9458,5384,9448,7805,0
Página7,20,,9507,9497,9515,5350,9467,7810,0
Página7,20,,9461,9480,9430,5375,9470,7813,0
Página7,20,,9453,9457,9454,5556,9450,7810,0
Página7,20,,9457,9456,9456,5581,9451,7809,0
Página7,20,,9503,9494,9510,5505,9497,7813,0
Página7,20,,9463,9453,9456,5412,9460,7812,0
Página7,20,,9461,9474,9471,5458,9470,7838,0
Página7,20,,9520,9530,9507,5473,9518,7823,0
Página7,20,,9458,9461,9445,5408,9459,7826,0
Página7,20,,9459,9461,9450,5340,9465,7856,0
Página7,20,,9448,9450,9458,5495,9436,7863,0
Página7,20,,9443,9442,9443,5507,9440,7874,0
Página7,20,,9441,9439,9439,5496,9440,7868,0
Página7,20,,9446,9448,9445,5553,9446,7869,0
Página7,20,,9436,9435,9419,5479,9433,7862,0
Página7,20,,9440,9442,9430,5474,9442,7858,0
Página7,20,,9451,9442,9448,5429,9442,7868,0
Página7,20,,9443,9444,9444,5369,9444,7866,0
Página7,20,,9440,9438,9441,5399,9438,7865,0
Página7,20,,9438,9439,9439,5356,9438,7866,0
Página7,20,,9446,9439,9442,5296,9440,7863,0
Página7,20,,9444,9442,9447,5327,9444,7862,0
Página7,20,,9429,9430,9429,5310,9431,7858,0
Página7,20,,9404,9437,9415,5216,9445,7860,0
Página7,20,,9440,9423,9435,5301,9432,7866,0
Página7,20,,9584,9598,9590,5260,9600,7856,0
Página7,20,,9414,9458,9429,5254,9422,7873,0
Página7,20,,9432,9427,9436,5206,9434,7872,0
Página7,20,,9481,9433,9442,5243,9435,7885,0
Página7,20,,9357,9355,9360,5300,9355,7895,0
Página7,20,,9337,9337,9336,5237,9335,7889,0
Página7,20,,9326,9327,9326,5283,9327,7889,0
Página7,20,,9312,9312,9313,5255,9311,7898,0
Página7,20,,9346,9339,9344,5182,9337,7896,0
Página7,20,,9359,9336,9355,5173,9322,7911,0
Página7,20,,9329,9331,9315,5203,9331,7898,0
Página7,20,,9312,9308,9321,5223,9309,7884,0
Página7,20,,9303,9303,9303,5204,9305,7877,0
Página7,20,,9338,9339,9335,5165,9331,7886,0
Página7,20,,9303,9301,9302,5214,9292,7887,0
Página7,20,,9321,9299,9322,5222,9294,7889,0
Página7,20,,9322,9324,9306,5223,9325,7886,0
Página7,20,,9320,9322,9301,5237,9303,7883,0
Página7,20,,9299,9319,9291,5145,9322,7884,0
Página7,20,,9321,9321,9323,5157,9321,7886,0
Página7,20,,9302,9313,9310,5272,9314,7888,0
Página7,20,,9319,9325,9311,5271,9308,7888,0
Página7,20,,9307,9307,9295,5282,9315,7885,0
Página7,20,,9301,9298,9302,5285,9295,7882,0
Página7,20,,9301,9285,9299,5279,9266,7858,0
Página7,20,,9242,9249,9255,5447,9254,7832,0
Página7,20,,9254,9250,9252,5576,9249,7815,0
Página7,20,,9259,9255,9265,5568,9254,7816,0
Página7,20,,9242,9241,9242,5586,9242,7809,0
Página7,20,,9250,9243,9243,5537,9246,7803,0
Página7,20,,9283,9278,9290,5384,9273,7825,0
Página7,20,,9266,9265,9265,5291,9262,7811,0
Página7,20,,9244,9248,9244,5239,9254,7813,0
Página7,20,,9256,9258,9255,5174,9247,7818,0
Página7,20,,9267,9270,9269,5170,9260,7827,0
Página7,20,,9241,9230,9240,5243,9241,7835,0
Página7,20,,9244,9254,9259,5151,9254,7833,0
Página7,20,,9238,9238,9227,5207,9239,7830,0
Página7,20,,9249,9249,9241,5369,9248,7800,0
Página7,20,,9286,9286,9285,5212,9291,7833,0
Página7,20,,9241,9240,9241,5200,9238,7862,0
Página7,20,,9270,9273,9276,5170,9264,7866,0
Página7,20,,9244,9242,9240,5160,9229,7850,0
Página7,20,,9238,9252,9234,5086,9250,7818,0
Página7,20,,9212,9229,9212,5240,9247,7781,0
Página7,20,,9270,9270,9271,5387,9270,7760,0
Página7,20,,9218,9219,9220,5312,9218,7748,0
Página7,20,,9252,9324,9246,5321,9405,7733,0
Página7,20,,9252,9252,9254,5496,9252,7737,0
Página7,20,,9220,9221,9220,5468,9222,7733,0
Página7,20,,9220,9219,9222,5489,9208,7732,0
Página7,20,,9255,9256,9253,5493,9246,7737,0
Página7,20,,9252,9249,9251,5412,9259,7731,0
Página7,20,,9262,9257,9258,5564,9240,7727,0
Página7,20,,9211,9216,9208,5306,9230,7718,0
Página7,20,,9203,9204,9204,5274,9204,7717,0
Página7,20,,9223,9222,9222,5275,9223,7718,0
Página7,20,,9234,9472,9216,5259,9470,7699,0
Página7,20,,9347,9348,9346,5439,9350,7718,0
Página7,20,,9301,9303,9299,5289,9338,7709,0
Página7,20,,9310,9299,9361,5364,9278,7706,0
Página7,20,,9286,9286,9283,5379,9341,7706,0
Página7,20,,9276,9292,9259,5355,9294,7708,0
Página7,20,,9222,9219,9207,5409,9204,7708,0
Página7,20,,9210,9217,9212,5242,9211,7695,0
Página7,20,,9172,9170,9174,5269,9161,7702,0
Página7,20,,9169,9158,9169,5267,9168,7700,0
Página7,20,,9209,9219,9217,5408,9220,7706,0
Página7,20,,9212,9228,9223,5400,9228,7704,0
Página7,20,,9187,9187,9187,5235,9188,7707,0
Página7,20,,9211,9213,9220,5232,9213,7706,0
Página7,20,,9193,9191,9192,5292,9187,7698,0
Página7,20,,9185,9185,9186,5314,9185,7694,0
Página7,20,,9192,9192,9189,5295,9191,7694,0
Página7,20,,9139,9149,9149,5356,9150,7694,0
Página7,20,,9196,9175,9184,5334,9159,7694,0
Página7,20,,9187,9186,9176,5316,9183,7695,0
Página7,20,,9178,9176,9183,5224,9174,7693,0
Página7,20,,9183,9184,9182,5212,9186,7683,0
Página7,20,,9156,9173,9150,4966,9191,7657,0
Página7,20,,9174,9183,9175,4952,9219,7637,0
Página7,20,,9350,9353,9325,5076,9354,7721,0
Página7,20,,9327,9323,9324,5081,9360,7724,0
Página7,20,,9374,9378,9379,5047,9387,7722,0
Página7,20,,9367,9363,9362,4881,9367,7745,0
Página7,20,,9352,9343,9364,5037,9354,7747,0
Página7,20,,9369,9370,9362,5011,9366,7755,0
Página7,20,,9415,9399,9440,5092,9403,7786,0
Página7,20,,9408,9439,9387,5095,9442,7787,0
Página7,20,,9452,9457,9438,5003,9420,7825,0
Página7,20,,9451,9455,9452,5048,9462,7833,0
Página7,20,,9428,9430,9424,5096,9428,7799,0
Página7,20,,9413,9402,9418,5100,9386,7804,0
Página7,20,,9432,9428,9417,5110,9402,7806,0
Página7,20,,9427,9421,9425,5129,9394,7830,0
Página7,20,,9390,9382,9387,5112,9377,7846,0
Página7,20,,9427,9428,9422,5101,9429,7918,0
Página7,20,,9373,9385,9380,5139,9407,7887,0
Página7,20,,9342,9341,9332,5108,9338,7861,0
Página7,20,,9361,9361,9351,5217,9357,7832,0
Página7,20,,9348,9349,9334,5202,9350,7853,0
Página7,20,,9306,9336,9302,5075,9341,7813,0
Página7,20,,9291,9326,9288,5203,9341,7819,0
Página7,20,,9344,9343,9339,5227,9347,7783,0
Página7,20,,9332,9336,9346,5217,9346,7797,0
Página7,20,,9347,9346,9349,5221,9343,7803,0
Página7,20,,9361,9361,9357,5201,9360,7803,0
Página7,20,,9342,9337,9359,5369,9329,7775,0
Página7,20,,9366,9360,9360,5305,9351,7789,0
Página7,20,,9356,9350,9318,5285,9346,7793,0
Página7,20,,9341,9324,9338,5211,9338,7802,0
Página7,20,,9380,9370,9378,5188,9382,7814,0
Página7,20,,9388,9398,9394,5394,9400,7829,0
Página7,20,,9387,9368,9377,5230,9354,7821,0
Página7,20,,9347,9350,9339,5217,9349,7827,0
Página7,20,,9352,9351,9366,5166,9372,7835,0
Página7,20,,9430,9429,9431,5152,9430,7838,0
Página7,20,,9378,9374,9391,5216,9376,7840,0
Página7,20,,9348,9353,9348,5185,9353,7834,0
Página7,20,,9399,9402,9403,5161,9408,7836,0
Página7,20,,9347,9358,9345,5178,9504,7825,0
Página7,20,,9330,9328,9334,5186,9326,7836,0
Página7,20,,9315,9327,9315,5267,9350,7849,0
Página7,20,,9331,9320,9335,5221,9299,7822,0
Página7,20,,9323,9324,9329,5211,9320,7817,0
Página7,20,,9300,9300,9300,5141,9289,7813,0
Página7,20,,9309,9310,9312,5165,9300,7815,0
Página7,20,,9355,9349,9354,5099,9356,7816,0
Página7,20,,9307,9309,9309,5194,9305,7817,0
Página7,20,,9364,9363,9366,5256,9368,7819,0
Página7,20,,9315,9315,9313,5232,9316,7816,0
Página7,20,,9351,9357,9355,5202,9358,7817,0
Página7,20,,9353,9330,9367,5146,9327,7817,0
Página7,20,,9317,9319,9321,5138,9312,7828,0
Página7,20,,9374,9363,9375,5317,9371,7818,0
Página7,20,,9339,9329,9355,5364,9332,7794,0
Página7,20,,9281,9296,9329,5317,9333,7794,0
Página7,20,,9323,9340,9327,5354,9333,7779,0
Página7,20,,9269,9277,9279,5338,9278,7770,0
Página7,20,,9278,9278,9281,5331,9282,7765,0
Página7,20,,9290,9290,9289,5324,9301,7773,0
Página7,20,,9276,9278,9280,5287,9275,7774,0
Página7,20,,9300,9301,9299,5205,9300,7773,0
Página7,20,,9255,9256,9257,5157,9267,7760,0
Página7,20,,9268,9270,9261,5250,9252,7759,0
Página7,20,,9314,9320,9315,5247,9324,7751,0
Página7,20,,9346,9352,9355,5248,9361,7757,0
Página7,20,,9356,9354,9360,5277,9352,7751,0
Página7,20,,9284,9292,9287,5250,9294,7752,0
Página7,20,,9291,9299,9293,5204,9288,7776,0
Página7,20,,9359,9360,9358,5148,9361,7796,0
Página7,20,,9305,9304,9300,5120,9291,7820,0
Página7,20,,9338,9343,9341,5106,9345,7829,0
Página7,20,,9348,9317,9358,5098,9298,7819,0
Página7,20,,9330,9335,9335,5101,9326,7814,0
Página7,20,,9352,9351,9363,5124,9351,7820,0
Página7,20,,9349,9349,9338,5154,9347,7828,0
Página7,20,,9361,9360,9357,5242,9363,7817,0
Página7,20,,9374,9375,9386,5266,9364,7816,0
Página7,20,,9326,9355,9322,5248,9358,7821,0
Página7,20,,9363,9364,9361,5308,9361,7821,0
Página7,20,,9343,9338,9346,5398,9343,7815,0
Página7,20,,9349,9341,9384,5295,9326,7821,0
Página7,20,,9394,9387,9386,5269,9393,7828,0
Página7,20,,9382,9377,9377,5317,9381,7825,0
Página7,20,,9384,9384,9381,5284,9383,7823,0
Página7,20,,9388,9387,9387,5287,9381,7824,0
Página7,20,,9379,9376,9375,5182,9377,7825,0
Página7,20,,9378,9374,9365,5183,9373,7822,0
Página7,20,,9366,9358,9357,5147,9355,7813,0
Página7,20,,9359,9359,9359,5136,9358,7817,0
Página7,20,,9372,9373,9368,5291,9372,7817,0
Página7,20,,9331,9329,9334,5227,9329,7810,0
Página7,20,,9311,9316,9313,5245,9317,7798,0
Página7,20,,9316,9315,9315,5271,9315,7797,0
Página7,20,,9321,9317,9323,5279,9313,7795,0
Página7,20,,9338,9341,9339,5305,9336,7799,0
Página7,20,,9326,9321,9371,5267,9319,7807,0
Página7,20,,9372,9360,9356,5168,9364,7814,0
Página7,20,,9357,9356,9348,5169,9355,7811,0
Página7,20,,9390,9528,9371,5198,9537,7803,0
Página7,20,,9344,9345,9344,5202,9345,7810,0
Página7,20,,9371,9366,9366,5232,9359,7829,0
Página7,20,,9366,9370,9363,5313,9372,7815,0
Página7,20,,9388,9383,9388,5352,9386,7815,0
Página7,20,,9379,9381,9377,5390,9382,7820,0
Página7,20,,9528,9526,9534,5388,9522,7822,0
Página7,20,,9351,9333,9349,5429,9347,7829,0
Página7,20,,9331,9322,9334,5377,9334,7825,0
Página7,20,,9330,9334,9338,5396,9348,7820,0
Página7,20,,9243,9252,9255,5421,9251,7814,0
Página7,20,,9308,9310,9297,5355,9314,7804,0
Página7,20,,9282,9284,9279,5304,9284,7799,0
Página7,20,,9304,9304,9305,5388,9305,7806,0
Página7,20,,9330,9326,9322,5375,9332,7799,0
Página7,20,,9330,9328,9327,5398,9329,7799,0
Página7,20,,9326,9326,9327,5389,9326,7794,0
Página7,20,,9311,9312,9308,5429,9312,7797,0
Página7,20,,9346,9345,9345,5322,9344,7797,0
Página7,20,,9335,9324,9334,5225,9335,7795,0
Página7,20,,9356,9344,9352,5059,9356,7789,0
Página7,20,,9339,9348,9350,5156,9332,7798,0
Página7,20,,9318,9325,9329,5260,9317,7799,0
Página7,20,,9369,9365,9361,5369,9365,7801,0
Página7,20,,9345,9343,9349,5200,9341,7800,0
Página7,20,,9352,9351,9354,5311,9349,7801,0
Página7,20,,9362,9362,9365,5250,9355,7842,0
Página7,20,,9356,9354,9356,5328,9355,7820,0
Página7,20,,9352,9355,9358,5375,9358,7810,0
Página7,20,,9368,9315,9377,5303,9299,7801,0
Página7,20,,9317,9316,9317,5327,9318,7804,0
Página7,20,,9320,9308,9324,5077,9317,7806,0
Página7,20,,9405,9418,9413,5233,9420,7808,0
Página7,20,,9420,9424,9448,5209,9421,7808,0
Página7,20,,9506,9587,9352,5242,9594,7823,0
Página7,20,,9391,9389,9379,5204,9381,7812,0
Página7,20,,9325,9329,9323,5294,9321,7804,0
Página7,20,,9357,9320,9361,5267,9317,7801,0
Página7,20,,9372,9366,9369,5266,9373,7798,0
Página7,20,,9372,9375,9370,5212,9378,7802,0
Página7,20,,9329,9324,9369,5189,9321,7793,0
Página7,20,,9312,9287,9336,5230,9285,7786,0
Página7,20,,9313,9331,9271,5142,9330,7773,0
Página7,20,,9346,9346,9343,5161,9347,7775,0
Página7,20,,9344,9346,9353,5176,9357,7774,0
Página7,20,,9322,9350,9330,5144,9368,7774,0
Página7,20,,9305,9301,9301,5300,9302,7773,0
Página7,20,,9267,9269,9266,5176,9266,7750,0
Página7,20,,9327,9331,9323,5167,9339,7737,0
Página7,20,,9247,9247,9240,5176,9244,7729,0
Página7,20,,9324,9329,9325,5136,9331,7728,0
Página7,20,,9281,9283,9287,5054,9278,7727,0
Página7,20,,9282,9268,9338,5111,9251,7729,0
Página7,20,,9370,9351,9347,5076,9363,7732,0
Página7,20,,9333,9341,9338,5053,9344,7732,0
Página7,20,,9317,9315,9317,5046,9374,7723,0
Página7,20,,9563,9564,9571,5081,9569,7726,0
Página7,20,,9614,9611,9615,5168,9608,7722,0
Página7,20,,9606,9606,9607,5102,9605,7721,0
Página7,20,,9454,9448,9459,5134,9442,7730,0
Página7,20,,9481,9477,9480,5057,9471,7725,0
Página7,20,,9607,9608,9608,4970,9608,7739,0
Página7,20,,9515,9518,9501,5036,9517,7734,0
Página7,20,,9535,9540,9521,5011,9547,7711,0
Página7,20,,9536,9518,9538,4970,9415,7700,0
Página7,20,,9551,9549,9555,5024,9550,7705,0
Página7,20,,9545,9548,9549,5101,9549,7705,0
Página7,20,,9432,9431,9434,4944,9442,7710,0
Página7,20,,9442,9442,9441,4967,9440,7702,0
Página7,20,,9456,9431,9516,5023,9427,7704,0
Página7,20,,9551,9556,9544,5102,9559,7699,0
Página7,20,,9434,9434,9435,5288,9436,7698,0
Página7,20,,9477,9440,9541,5123,9427,7705,0
Página7,20,,9542,9550,9543,5113,9547,7702,0
Página7,20,,9452,9459,9464,5113,9456,7696,0
Página7,20,,9479,9478,9471,5171,9478,7699,0
Página7,20,,9466,9465,9455,5035,9464,7712,0
Página7,20,,9455,9456,9455,5072,9456,7705,0
Página7,20,,9464,9463,9464,5172,9464,7710,0
Página7,20,,9474,9476,9474,5224,9475,7708,0
Página7,20,,9486,9486,9485,5268,9487,7710,0
Página7,20,,9505,9494,9506,5217,9504,7731,0
Página7,20,,9489,9490,9480,5190,9490,7741,0
Página7,20,,9486,9487,9487,4980,9485,7739,0
Página7,20,,9495,9495,9495,5127,9490,7733,0
Página7,20,,9484,9483,9484,5158,9482,7748,0
Página7,20,,9464,9461,9465,5161,9460,7736,0
Página7,20,,9437,9435,9436,5252,9436,7725,0
Página7,20,,9445,9446,9444,5400,9447,7714,0
Página7,20,,9456,9455,9457,5265,9455,7712,0
Página7,20,,9458,9459,9457,5280,9458,7706,0
Página7,20,,9459,9458,9458,5396,9448,7708,0
Página7,20,,9468,9470,9467,5437,9458,7705,0
Página7,20,,9473,9462,9472,5394,9473,7709,0
Página7,20,,9466,9479,9476,5433,9476,7719,0
Página7,20,,9470,9470,9470,5376,9469,7714,0
Página7,20,,9444,9445,9443,5286,9445,7705,0
Página7,20,,9446,9445,9445,5391,9445,7699,0
Página7,20,,9444,9444,9444,5459,9443,7698,0
Página7,20,,9457,9487,9447,5491,9492,7697,0
Página7,20,,9447,9446,9439,5717,9444,7707,0
Página7,20,,9442,9444,9443,5236,9444,7699,0
Página7,20,,9407,9406,9407,5328,9405,7687,0
Página7,20,,9405,9405,9407,5393,9404,7679,0
Página7,20,,9400,9399,9400,5429,9399,7672,0
Página7,20,,9425,9493,9402,5450,9504,7674,0
Página7,20,,9387,9392,9407,5333,9391,7672,0
Página7,20,,9528,9539,9533,5212,9536,7678,0
Página7,20,,9420,9402,9532,5474,9399,7681,0
Página7,20,,9426,9424,9426,5497,9424,7682,0
Página7,20,,9581,9577,9577,5394,9578,7684,0
Página7,20,,9417,9420,9418,5358,9421,7684,0
Página7,20,,9417,9409,9427,5093,9497,7676,0
Página7,20,,9474,9416,9535,5026,9524,7673,0
Página7,20,,9419,9521,9416,5049,9544,7676,0
Página7,20,,9553,9555,9539,5103,9421,7670,0
Página7,20,,9533,9536,9528,5000,9517,7678,0
Página7,20,,9512,9517,9498,4956,9484,7679,0
Página7,20,,9522,9474,9515,4921,9401,7683,0
Página7,20,,9323,9321,9388,5087,9385,7675,0
Página7,20,,9203,9183,9220,5099,9181,7688,0
Página7,20,,9196,9218,9179,5009,9220,7689,0
Página7,20,,9219,9219,9218,5048,9218,7690,0
Página7,20,,9211,9211,9210,5090,9209,7693,0
Página7,20,,9173,9168,9203,5059,9168,7684,0
Página7,20,,9201,9202,9197,5179,9202,7690,0
Página7,20,,9198,9199,9197,5292,9189,7697,0
Página7,20,,9192,9183,9180,5265,9195,7702,0
Página7,20,,9135,9171,9154,5319,9176,7697,0
Página7,20,,9171,9173,9163,5474,9174,7696,0
Página7,20,,9176,9176,9166,5424,9176,7702,0
Página7,20,,9175,9166,9175,5311,9164,7709,0
Página7,20,,9147,9148,9149,5254,9146,7708,0
Página7,20,,9127,9125,9126,5289,9125,7735,0
Página7,20,,9107,9105,9108,5441,9104,7757,0
Página7,20,,9101,9102,9099,5495,9101,7769,0
Página7,20,,9117,9121,9123,5379,9122,7804,0
Página7,20,,9108,9118,9116,5155,9118,7824,0
Página7,20,,9115,9116,9116,5085,9116,7844,0
Página7,20,,9104,9103,9100,5120,9102,7842,0
Página7,20,,9077,9093,9078,5194,9105,7842,0
Página7,20,,9118,9118,9117,5174,9117,7833,0
Página7,20,,9103,9103,9102,5138,9103,7827,0
Página7,20,,9094,9093,9096,5177,9093,7834,0
Página7,20,,9078,9076,9078,5186,9075,7813,0
Página7,20,,9066,9063,9070,5108,9053,7819,0
Página7,20,,9076,9070,9059,5111,9079,7820,0
Página7,20,,9040,9036,9039,5174,9050,7815,0
Página7,20,,9052,9064,9062,5231,9057,7799,0
Página7,20,,9063,9073,9072,5123,9073,7795,0
Página7,20,,9064,9048,9058,5233,9064,7775,0
Página7,20,,9056,9058,9056,5237,9058,7770,0
Página7,20,,9063,9065,9063,5287,9064,7762,0
Página7,20,,9055,9057,9054,5347,9056,7748,0
Página7,20,,9085,9086,9085,5271,9087,7768,0
Página7,20,,9076,9077,9075,5228,9077,7750,0
Página7,20,,9098,9097,9097,5189,9098,7746,0
Página7,20,,9086,9086,9085,5325,9085,7745,0
Página7,20,,9083,9080,9079,5292,9074,7732,0
Página7,20,,9056,9053,9057,5339,9052,7723,0
Página7,20,,9043,9032,9043,5138,9042,7721,0
Página7,20,,9032,9037,9037,5173,9037,7712,0
Página7,20,,9032,9043,9042,5220,9043,7709,0
Página7,20,,9046,9051,9047,5333,9051,7709,0
Página7,20,,9064,9064,9050,5339,9061,7701,0
Página7,20,,9064,9064,9063,5414,9064,7704,0
Página7,20,,9085,9095,9071,5408,9098,7701,0
Página7,20,,9114,9114,9113,5381,9116,7695,0
Página7,20,,9078,9077,9079,5186,9076,7703,0
Página7,20,,9076,9076,9076,5351,9076,7694,0
Página7,20,,9083,9083,9082,5377,9083,7687,0
Página7,20,,9121,9121,9119,5331,9121,7688,0
Página7,20,,9113,9113,9113,5415,9102,7692,0
Página7,20,,9106,9106,9106,5476,9098,7689,0
Página7,20,,9090,9079,9089,5493,9088,7687,0
Página7,20,,9093,9092,9091,5426,9093,7685,0
Página7,20,,9109,9110,9101,5524,9112,7681,0
Página7,20,,9085,9087,9076,5312,9086,7675,0
Página7,20,,9108,9107,9109,5281,9105,7669,0
Página7,20,,9112,9116,9111,5248,9116,7682,0
Página7,20,,9102,9102,9103,5325,9093,7679,0
Página7,20,,9099,9088,9096,5339,9100,7679,0
Página7,20,,9091,9080,9092,5449,9091,7669,0
Página7,20,,9091,9101,9101,5524,9100,7664,0
Página7,20,,9101,9102,9091,5482,9091,7670,0
Página7,20,,9089,9083,9090,5511,9081,7674,0
Página7,20,,9069,9069,9071,5488,9066,7657,0
Página7,20,,9043,9042,9043,5468,9042,7639,0
Página7,20,,9043,9041,9041,5423,9042,7632,0
Página7,20,,9035,9040,9043,5366,9037,7621,0
Página7,20,,9040,9041,9027,5236,9041,7630,0
Página7,20,,9048,9048,9048,5353,9047,7630,0
Página7,20,,9031,9033,9031,5352,9032,7611,0
Página7,20,,9003,9004,9002,5125,9000,7602,0
Página7,20,,8978,8978,8978,5183,8968,7582,0
Página7,20,,8995,8991,8995,5287,8985,7574,0
Página7,20,,8997,8987,8996,5258,8998,7572,0
Página7,20,,8992,9002,9001,5424,9001,7576,0
Página7,20,,9016,9014,9004,5375,9013,7562,0
Página7,20,,8992,8999,8998,5312,8999,7560,0
Página7,20,,8978,8977,8982,5133,8981,7563,0
Página7,20,,8996,8998,8998,5190,8996,7565,0
Página7,20,,9001,9001,9001,5469,9002,7579,0
Página7,20,,9009,9010,9008,5399,9009,7562,0
Página7,20,,9021,9022,9020,5417,9021,7561,0
Página7,20,,9017,9013,9018,5319,9013,7557,0
Página7,20,,9017,9016,9016,5201,9016,7554,0
Página7,20,,9014,9013,9016,5233,9011,7562,0
Página7,20,,9004,9002,9004,5305,8991,7543,0
Página7,20,,8994,8985,8994,5244,8996,7534,0
Página7,20,,9000,8989,8999,5211,9001,7538,0
Página7,20,,9004,9016,9013,5229,9016,7537,0
Página7,20,,9023,9024,9018,5380,9021,7541,0
Página7,20,,9029,9029,9030,5218,9029,7555,0
Página7,20,,9028,9029,9028,5193,9029,7553,0
Página7,20,,9031,9032,9031,5278,9032,7559,0
Página7,20,,9036,9036,9036,5376,9035,7563,0
Página7,20,,9039,9040,9039,5382,9037,7563,0
Página7,20,,9052,9051,9051,5423,9041,7564,0
Página7,20,,9050,9037,9050,5519,9047,7554,0
Página7,20,,9040,9050,9051,5489,9050,7552,0
Página7,20,,9038,9049,9048,5467,9050,7560,0
Página7,20,,9051,9050,9040,5371,9050,7561,0
Página7,20,,9054,9053,9053,5526,9055,7569,0
Página7,20,,9057,9059,9058,5395,9058,7568,0
Página7,20,,9062,9062,9061,5475,9062,7568,0
Página7,20,,9061,9062,9062,5608,9061,7560,0
Página7,20,,9046,9046,9046,5598,9045,7562,0
Página7,20,,9043,9043,9045,5493,9042,7578,0
Página7,20,,9030,9030,9031,5591,9029,7572,0
Página7,20,,9020,9020,9021,5705,9020,7560,0
Página7,20,,9011,9010,9011,5638,9009,7553,0
Página7,20,,9004,9004,9004,5460,8994,7571,0
Página7,20,,9004,8996,9006,5688,9000,7564,0
Página7,20,,9022,9023,9021,5580,9022,7569,0
Página7,20,,9018,9018,9015,5625,9014,7561,0
Página7,20,,9057,9058,9056,5691,9057,7564,0
Página7,20,,9040,9039,9038,5747,9039,7565,0
Página7,20,,9047,9048,9045,5679,9049,7573,0
Página7,20,,9048,9049,9048,5703,9038,7572,0
Página7,20,,9052,9041,9050,5616,9052,7582,0
Página7,20,,9043,9050,9052,5594,9050,7584,0
Página7,20,,9027,9037,9038,5781,9037,7587,0
Página7,20,,9033,9033,9024,5777,9032,7582,0
Página7,20,,9054,9054,9055,5592,9054,7584,0
Página7,20,,9053,9053,9053,5603,9052,7580,0
Página7,20,,9048,9048,9047,5616,9048,7582,0
Página7,20,,9029,9015,9040,5731,9013,7584,0
Página7,20,,9013,9013,9013,5600,9013,7582,0
Página7,20,,9043,9053,9052,5602,9054,7588,0
Página7,20,,9059,9066,9067,5660,9066,7580,0
Página7,20,,9073,9073,9062,5769,9074,7588,0
Página7,20,,9076,9076,9076,5812,9076,7568,0
Página7,20,,9047,9047,9040,5709,9047,7573,0
Página7,20,,9046,9045,9045,5689,9046,7573,0
Página7,20,,9036,9036,9036,5701,9035,7577,0
Página7,20,,9029,9029,9032,5759,9030,7582,0
Página7,20,,9024,9024,9024,5731,9022,7564,0
Página7,20,,9016,9015,9018,5686,9016,7557,0
Página7,20,,9006,9006,9008,5552,9007,7548,0
Página7,20,,9002,9002,9002,5544,9003,7542,0
Página7,20,,9011,9011,8999,5597,8992,7540,0
Página7,20,,9005,9005,9004,5457,9006,7534,0
Página7,20,,9015,9014,9015,5390,9015,7531,0
Página7,20,,9020,9020,9019,5378,9021,7530,0
Página7,20,,9024,9023,9023,5458,9023,7531,0
Página7,20,,9026,9021,9026,5480,9030,7529,0
Página7,20,,9027,9027,9027,5654,9022,7520,0
Página7,20,,9013,9013,9014,5476,9003,7526,0
Página7,20,,9010,9000,9010,5408,9010,7519,0
Página7,20,,9015,9004,9014,5421,9015,7523,0
Página7,20,,9013,9023,9019,5488,9020,7524,0
Página7,20,,9023,9025,9025,5660,9027,7529,0
Página7,20,,9028,9029,9028,5734,9028,7527,0
Página7,20,,9033,9032,9032,5487,9033,7539,0
Página7,20,,9040,9040,9039,5466,9039,7541,0
Página7,20,,9039,9039,9039,5535,9039,7546,0
Página7,20,,9042,9041,9040,5754,9041,7547,0
Página7,20,,9044,9044,9043,5570,9046,7545,0
Página7,20,,9078,9077,9077,5500,9078,7541,0
Página7,20,,9079,9078,9079,5669,9074,7551,0
Página7,20,,9072,9072,9071,5484,9064,7553,0
Página7,20,,9095,9081,9088,5753,9093,7557,0
Página7,20,,9085,9098,9092,5497,9102,7553,0
Página7,20,,9112,9113,9102,5608,9108,7559,0
Página7,20,,9100,9103,9109,5646,9104,7558,0
Página7,20,,9080,9073,9077,5764,9074,7558,0
Página7,20,,9080,9073,9076,5681,9072,7564,0
Página7,20,,9065,9064,9064,5575,9065,7566,0
Página7,20,,9071,9071,9070,5611,9072,7569,0
Página7,20,,9085,9079,9082,5690,9081,7565,0
Página7,20,,9089,9087,9086,5816,9087,7570,0
Página7,20,,9093,9093,9093,6085,9093,7578,0
Página7,20,,9095,9095,9094,5786,9095,7544,0
Página7,20,,9099,9100,9098,5742,9092,7496,0
Página7,20,,9102,9093,9101,5478,9101,7511,0
Página7,20,,9104,9095,9102,5540,9105,7517,0
Página7,20,,9096,9113,9106,5922,9114,7572,0
Página7,20,,9109,9109,9108,5851,9109,7573,0
Página7,20,,9121,9127,9122,5699,9117,7581,0
Página7,20,,9120,9121,9119,5567,9122,7582,0
Página7,20,,9113,9113,9114,5583,9113,7584,0
Página7,20,,9102,9100,9102,5547,9089,7588,0
Página7,20,,9345,9337,9340,5613,9352,7575,0
Página7,20,,9123,9120,9124,5624,9116,7586,0
Página7,20,,9072,9059,9074,5566,9068,7564,0
Página7,20,,9045,9038,9044,5522,9042,7544,0
Página7,20,,9018,9027,9027,5610,9027,7531,0
Página7,20,,9009,9010,8999,5723,9008,7519,0
Página7,20,,8977,8978,8966,5625,8979,7504,0
Página7,20,,8982,8982,8982,5801,8982,7511,0
Página7,20,,8971,8970,8972,5725,8970,7493,0
Página7,20,,8964,8964,8964,5577,8965,7496,0
Página7,20,,8974,8985,8973,5608,9000,7499,0
Página7,20,,9024,9024,9022,5747,9022,7495,0
Página7,20,,9032,9033,9032,5954,9035,7503,0
Página7,20,,9037,9037,9036,5570,9037,7492,0
Página7,20,,9006,9006,9004,5578,9005,7493,0
Página7,20,,9006,9007,9005,5617,9008,7489,0
Página7,20,,9048,9046,9043,5653,9046,7485,0
Página7,20,,9055,9056,9053,5701,9058,7501,0
Página7,20,,9060,9050,9062,5764,9059,7489,0
Página7,20,,9053,9062,9060,5687,9061,7493,0
Página7,20,,9050,9049,9049,5770,9047,7493,0
Página7,20,,8993,8992,8983,5799,8991,7490,0
Página7,20,,8978,8981,8976,5851,8981,7477,0
Página7,20,,8965,8965,8966,5561,8963,7481,0
Página7,20,,8988,8990,8987,5549,8990,7475,0
Página7,20,,9011,9005,9009,5609,9014,7476,0
Página7,20,,9012,9016,9017,5598,9017,7467,0
Página7,20,,9020,9022,9022,5762,9015,7463,0
Página7,20,,9036,9027,9035,5882,9039,7475,0
Página7,20,,9033,9040,9041,5559,9041,7474,0
Página7,20,,9026,9035,9039,5592,9031,7476,0
Página7,20,,9039,9040,9028,5664,9045,7479,0
Página7,20,,9037,9037,9029,5726,9038,7478,0
Página7,20,,9043,9042,9043,5985,9041,7491,0
Página7,20,,9036,9037,9033,5695,9037,7479,0
Página7,20,,9058,9058,9056,5637,9058,7486,0
Página7,20,,9051,9050,9055,5612,9048,7485,0
Página7,20,,9025,9024,9024,5652,9024,7485,0
Página7,20,,9045,9053,9056,5641,9049,7485,0
Página7,20,,9015,9015,9015,5836,9016,7475,0
Página7,20,,8973,8973,8976,5510,8962,7471,0
Página7,20,,8970,8967,8968,5629,8967,7465,0
Página7,20,,8986,8976,8988,5780,8986,7460,0
Página7,20,,9023,9028,9024,5769,9034,7465,0
Página7,20,,9049,9060,9058,6028,9060,7479,0
Página7,20,,9072,9071,9064,5737,9071,7462,0
Página7,20,,9058,9058,9057,5739,9057,7449,0
Página7,20,,9065,9067,9064,5506,9070,7455,0
Página7,20,,9081,9081,9081,5607,9082,7449,0
Página7,20,,9346,9346,9258,5697,9357,7457,0
Página7,20,,9068,9081,9038,5698,9082,7461,0
Página7,20,,9081,9083,9081,5731,9084,7466,0
Página7,20,,9037,9037,9038,5783,9037,7459,0
Página7,20,,9033,9033,9032,5808,9034,7461,0
Página7,20,,9038,9042,9041,5878,9043,7479,0
Página7,20,,9098,9098,9098,5716,9097,7498,0
Página7,20,,9108,9100,9108,5560,9107,7504,0
Página7,20,,9112,9114,9111,6003,9115,7500,0
Página7,20,,9106,9105,9106,5542,9106,7500,0
Página7,20,,9071,9070,9071,5659,9070,7499,0
Página7,20,,9068,9069,9068,5723,9067,7502,0
Página7,20,,9059,9057,9060,5683,9058,7501,0
Página7,20,,9061,9061,9061,5927,9060,7516,0
Página7,20,,9092,9090,9093,5661,9091,7504,0
Página7,20,,9091,9092,9091,5675,9091,7513,0
Página7,20,,9061,9060,9062,5658,9060,7510,0
Página7,20,,9058,9058,9057,5734,9056,7512,0
Página7,20,,9061,9063,9059,5870,9061,7513,0
Página7,20,,9092,9103,9102,5710,9105,7521,0
Página7,20,,9091,9091,9084,5669,9090,7520,0
Página7,20,,9041,9042,9032,5754,9040,7517,0
Página7,20,,9030,9030,9028,5747,9031,7512,0
Página7,20,,9021,9034,9029,5796,9030,7517,0
Página7,20,,9072,9073,9072,5806,9073,7516,0
Página7,20,,9075,9071,9076,5811,9047,7518,0
Página7,20,,9043,9042,9044,5771,9042,7513,0
Página7,20,,9045,9045,9046,5718,9044,7512,0
Página7,20,,9090,9089,9086,5799,9093,7513,0
Página7,20,,9091,9091,9090,5706,9091,7518,0
Página7,20,,9085,9086,9086,5749,9086,7515,0
Página7,20,,9064,9064,9064,5798,9064,7515,0
Página7,20,,9094,9097,9069,5845,9098,7519,0
Página7,20,,9111,9111,9113,5892,9111,7514,0
Página7,20,,9081,9080,9079,5825,9080,7519,0
Página7,20,,9080,9080,9079,5731,9082,7517,0
Página7,20,,9123,9123,9122,5777,9112,7530,0
Página7,20,,9091,9088,9094,5779,9077,7527,0
Página7,20,,9080,9069,9080,5877,9084,7533,0
Página7,20,,9097,9110,9105,6249,9112,7531,0
Página7,20,,9112,9112,9109,5963,9112,7541,0
Página7,20,,9102,9102,9104,5994,9102,7536,0
Página7,20,,9072,9071,9071,6075,9072,7532,0
Página7,20,,9067,9067,9067,6061,9067,7533,0
Página7,20,,9073,9089,9071,6110,9098,7553,0
Página7,20,,9112,9112,9111,5839,9113,7547,0
Página7,20,,9074,9075,9075,5889,9075,7548,0
Página7,20,,9107,9109,9104,6084,9110,7545,0
Página7,20,,9120,9120,9120,5988,9124,7543,0
Página7,20,,9139,9139,9140,6001,9140,7566,0
Página7,20,,9141,9139,9141,5953,9129,7557,0
Página7,20,,9137,9126,9136,6000,9137,7558,0
Página7,20,,9135,9125,9135,6056,9135,7558,0
Página7,20,,9116,9128,9127,6105,9129,7547,0
Página7,20,,9125,9120,9113,5952,9117,7553,0
Página7,20,,9112,9101,9115,5946,9093,7553,0
Página7,20,,9120,9120,9120,5974,9116,7556,0
Página7,20,,9110,9110,9110,6011,9110,7553,0
Página7,20,,9087,9087,9086,6105,9087,7551,0
Página7,20,,9080,9083,9081,6197,9085,7547,0
Página7,20,,9082,9084,9074,5978,9085,7569,0
Página7,20,,9087,9086,9088,5976,9086,7565,0
Página7,20,,9136,9134,9134,5974,9133,7577,0
Página7,20,,9134,9133,9132,6014,9134,7584,0
Página7,20,,9138,9138,9138,6015,9137,7572,0
Página7,20,,9091,9091,9091,6125,9090,7565,0
Página7,20,,9085,9089,9085,6203,9089,7563,0
Página7,20,,9114,9125,9123,5982,9125,7572,0
Página7,20,,9124,9125,9113,6184,9124,7564,0
Página7,20,,9084,9085,9083,6118,9085,7556,0
Página7,20,,9132,9132,9132,6058,9134,7565,0
Página7,20,,9084,9085,9081,6000,9085,7559,0
Página7,20,,9124,9126,9105,6021,9127,7567,0
Página7,20,,9147,9145,9147,5966,9120,7570,0
Página7,20,,9108,9108,9107,5961,9108,7560,0
Página7,20,,9123,9123,9123,6035,9123,7565,0
Página7,20,,9128,9128,9128,6043,9122,7574,0
Página7,20,,9129,9129,9128,6011,9127,7575,0
Página7,20,,9125,9124,9125,6013,9125,7572,0
Página7,20,,9124,9124,9124,6170,9124,7565,0
Página7,20,,9128,9128,9127,6082,9128,7563,0
Página7,20,,9131,9131,9131,5933,9135,7577,0
Página7,20,,9125,9135,9134,6098,9135,7579,0
Página7,20,,9127,9136,9136,6082,9136,7579,0
Página7,20,,9138,9138,9127,6085,9138,7575,0
Página7,20,,9139,9139,9128,6055,9139,7581,0
Página7,20,,9144,9143,9142,6101,9144,7578,0
Página7,20,,9143,9143,9143,6253,9143,7583,0
Página7,20,,9144,9144,9143,6035,9143,7580,0
Página7,20,,9141,9142,9141,6051,9141,7580,0
Página7,20,,9140,9140,9141,6041,9141,7579,0
Página7,20,,9130,9130,9131,6058,9130,7579,0
Página7,20,,9171,9170,9169,6037,9170,7587,0
Página7,20,,9170,9171,9170,6202,9170,7576,0
Página7,20,,9168,9168,9169,6151,9168,7577,0
Página7,20,,9171,9171,9172,6055,9172,7577,0
Página7,20,,9174,9174,9174,6001,9174,7576,0
Página7,20,,9179,9177,9179,6053,9175,7584,0
Página7,20,,9168,9170,9169,6008,9168,7587,0
Página7,20,,9159,9159,9160,6038,9159,7586,0
Página7,20,,9153,9152,9153,6044,9153,7586,0
Página7,20,,9152,9152,9152,6077,9152,7587,0
Página7,20,,9161,9163,9158,6175,9161,7587,0
Página7,20,,9154,9154,9153,6164,9152,7589,0
Página7,20,,9152,9151,9153,6132,9144,7582,0
Página7,20,,9144,9145,9144,6125,9140,7591,0
Página7,20,,9142,9132,9140,6039,9142,7591,0
Página7,20,,9150,9139,9146,6119,9148,7592,0
Página7,20,,9158,9157,9155,6141,9155,7601,0
Página7,20,,9161,9162,9162,6170,9164,7596,0
Página7,20,,9168,9171,9153,6147,9171,7591,0
Página7,20,,9174,9173,9174,6215,9173,7595,0
Página7,20,,9149,9150,9148,6186,9141,7580,0
Página7,20,,9132,9134,9113,6385,9134,7605,0
Página7,20,,9124,9123,9124,6171,9112,7578,0
Página7,20,,9120,9120,9119,6145,9121,7581,0
Página7,20,,9121,9121,9120,6039,9121,7586,0
Página7,20,,9129,9127,9127,6130,9128,7597,0
Página7,20,,9124,9126,9121,6022,9114,7595,0
Página7,20,,9124,9122,9125,6103,9120,7590,0
Página7,20,,9126,9117,9127,6035,9125,7585,0
Página7,20,,9137,9133,9136,6198,9132,7585,0
Página7,20,,9142,9144,9137,6228,9140,7576,0
Página7,20,,9126,9126,9125,6086,9126,7587,0
Página7,20,,9124,9125,9123,6016,9126,7584,0
Página7,20,,9128,9123,9126,6084,9119,7579,0
Página7,20,,9121,9120,9123,6034,9110,7581,0
Página7,20,,9102,9101,9102,6015,9087,7575,0
Página7,20,,9091,9081,9090,6044,9090,7576,0
Página7,20,,9134,9125,9135,6010,9136,7577,0
Página7,20,,9118,9126,9129,6082,9127,7576,0
Página7,20,,9126,9124,9126,6037,9124,7572,0
Página7,20,,9130,9131,9130,6042,9132,7566,0
Página7,20,,9134,9134,9133,6009,9134,7558,0
Página7,20,,9139,9140,9138,5999,9140,7561,0
Página7,20,,9133,9133,9133,6024,9134,7559,0
Página7,20,,9137,9138,9137,6389,9137,7570,0
Página7,20,,9162,9163,9162,6036,9165,7552,0
Página7,20,,9163,9163,9161,6044,9163,7550,0
Página7,20,,9139,9138,9140,5993,9138,7530,0
Página7,20,,9127,9127,9126,6053,9127,7527,0
Página7,20,,9122,9121,9122,6050,9121,7527,0
Página7,20,,9106,9117,9117,5864,9117,7533,0
Página7,20,,9121,9122,9110,5843,9122,7527,0
Página7,20,,9119,9120,9113,5989,9119,7518,0
Página7,20,,9121,9120,9120,5921,9120,7516,0
Página7,20,,9128,9127,9126,5810,9127,7518,0
Página7,20,,9144,9145,9143,5817,9145,7516,0
Página7,20,,9136,9136,9136,5896,9135,7513,0
Página7,20,,9137,9136,9136,5865,9137,7510,0
Página7,20,,9146,9140,9138,5797,9139,7502,0
Página7,20,,9133,9132,9130,5954,9132,7488,0
Página7,20,,9119,9118,9119,5736,9117,7505,0
Página7,20,,9117,9117,9117,5735,9118,7500,0
Página7,20,,9118,9119,9118,5727,9119,7494,0
Página7,20,,9121,9121,9120,5754,9121,7497,0
Página7,20,,9130,9127,9125,5785,9127,7495,0
Página7,20,,9136,9136,9137,5786,9136,7501,0
Página7,20,,9145,9145,9144,5836,9139,7502,0
Página7,20,,9147,9147,9146,5883,9136,7503,0
Página7,20,,9139,9132,9139,5905,9138,7497,0
Página7,20,,9132,9120,9134,5922,9134,7502,0
Página7,20,,9132,9134,9122,6064,9135,7504,0
Página7,20,,9135,9135,9126,5753,9135,7503,0
Página7,20,,9141,9141,9140,5818,9142,7507,0
Página7,20,,9150,9152,9148,5828,9154,7505,0
Página7,20,,9153,9153,9153,5808,9152,7504,0
Página7,20,,9135,9135,9135,6104,9135,7502,0
Página7,20,,9161,9160,9160,5777,9161,7502,0
Página7,20,,9173,9172,9171,5768,9172,7503,0
Página7,20,,9191,9193,9192,5753,9195,7503,0
Página7,20,,9205,9207,9195,5807,9203,7523,0
Página7,20,,9162,9162,9162,5914,9161,7528,0
Página7,20,,9162,9161,9160,5944,9161,7529,0
Página7,20,,9165,9167,9167,5911,9167,7526,0
Página7,20,,9168,9168,9168,5783,9167,7522,0
Página7,20,,9159,9159,9159,5829,9159,7517,0
Página7,20,,9151,9149,9150,5772,9150,7514,0
Página7,20,,9148,9148,9148,5907,9148,7506,0
Página7,20,,9149,9153,9149,5885,9154,7506,0
Página7,20,,9142,9143,9141,5973,9144,7513,0
Página7,20,,9134,9134,9135,5889,9135,7508,0
Página7,20,,9129,9130,9129,5951,9130,7505,0
Página7,20,,9122,9122,9122,5793,9122,7508,0
Página7,20,,9122,9122,9121,5870,9122,7520,0
Página7,20,,9123,9124,9127,6053,9125,7493,0
Página7,20,,9137,9137,9137,6052,9141,7495,0
Página7,20,,9124,9125,9123,6032,9124,7493,0
Página7,20,,9122,9120,9121,5996,9123,7484,0
Página7,20,,9126,9126,9118,5949,9127,7485,0
Página7,20,,9124,9125,9113,5881,9124,7483,0
Página7,20,,9123,9123,9112,5843,9123,7480,0
Página7,20,,9123,9123,9122,5988,9124,7469,0
Página7,20,,9126,9126,9126,5963,9128,7473,0
Página7,20,,9140,9139,9137,5947,9136,7465,0
Página7,20,,9139,9141,9138,5971,9142,7469,0
Página7,20,,9146,9147,9146,5993,9147,7459,0
Página7,20,,9154,9154,9153,5994,9154,7456,0
Página7,20,,9160,9160,9160,5981,9160,7453,0
Página7,20,,9159,9160,9158,5768,9151,7472,0
Página7,20,,9168,9169,9172,5977,9168,7469,0
Página7,20,,9177,9177,9176,5999,9178,7470,0
Página7,20,,9181,9181,9180,5944,9182,7474,0
Página7,20,,9184,9184,9183,5931,9183,7478,0
Página7,20,,9170,9170,9170,5968,9169,7469,0
Página7,20,,9301,9281,9336,6034,9287,7479,0
Página7,20,,9160,9162,9162,5850,9168,7454,0
Página7,20,,9133,9134,9133,5893,9135,7456,0
Página7,20,,9155,9154,9155,5829,9154,7456,0
Página7,20,,9169,9164,9167,5911,9163,7455,0
Página7,20,,9190,9192,9176,5914,9192,7465,0
Página7,20,,9184,9185,9178,6011,9186,7447,0
Página7,20,,9198,9198,9196,5962,9198,7447,0
Página7,20,,9212,9213,9212,5815,9204,7458,0
Página7,20,,9228,9229,9228,5907,9219,7458,0
Página7,20,,9216,9215,9226,5915,9212,7460,0
Página7,20,,9215,9214,9215,5943,9215,7468,0
Página7,20,,9158,9161,9157,5922,9164,7473,0
Página7,20,,9180,9175,9170,5870,9181,7464,0
Página7,20,,9147,9146,9149,5804,9143,7451,0
Página7,20,,9131,9133,9128,5865,9133,7432,0
Página7,20,,9131,9131,9130,5643,9118,7443,0
Página7,20,,9081,9082,9083,5630,9076,7430,0
Página7,20,,9068,9061,9067,5605,9078,7419,0
Página7,20,,9138,9130,9143,5589,9144,7413,0
Página7,20,,9156,9143,9154,5668,9152,7418,0
Página7,20,,9169,9165,9167,5853,9168,7422,0
Página7,20,,9172,9172,9173,5626,9168,7425,0
Página7,20,,9148,9145,9146,5800,9135,7435,0
Página7,20,,9086,9085,9087,5670,9076,7432,0
Página7,20,,9069,9068,9070,5623,9057,7422,0
Página7,20,,9110,9111,9108,5632,9102,7419,0
Página7,20,,9062,9050,9063,5613,9059,7411,0
Página7,20,,9098,9088,9097,5906,9097,7414,0
Página7,20,,9077,9076,9072,5613,9074,7405,0
Página7,20,,9057,9059,9055,5600,9058,7392,0
Página7,20,,9069,9069,9056,5610,9070,7385,0
Página7,20,,9056,9054,9055,5584,9052,7378,0
Página7,20,,9017,9014,9019,5559,9011,7372,0
Página7,20,,9006,9006,9006,5631,9006,7372,0
Página7,20,,9067,9066,9065,5647,9067,7363,0
Página7,20,,9034,9034,9038,5591,9033,7367,0
Página7,20,,9047,9049,9047,5576,9049,7361,0
Página7,20,,9057,9058,9052,5600,9057,7369,0
Página7,20,,9048,9058,9058,5591,9058,7359,0
Página7,20,,9063,9064,9052,5580,9063,7359,0
Página7,20,,9064,9064,9054,5591,9065,7360,0
Página7,20,,9062,9062,9061,5667,9063,7357,0
Página7,20,,9064,9064,9066,5659,9064,7355,0
Página7,20,,9070,9070,9069,5783,9069,7358,0
Página7,20,,9074,9075,9074,5784,9076,7357,0
Página7,20,,9077,9077,9077,5705,9077,7353,0
Página7,20,,9079,9079,9079,5700,9079,7346,0
Página7,20,,9084,9083,9083,5694,9081,7352,0
Página7,20,,9098,9097,9096,5645,9103,7357,0
Página7,20,,9082,9082,9083,5590,9086,7354,0
Página7,20,,9096,9076,9079,5538,9075,7339,0
Página7,20,,9073,9072,9073,5510,9072,7338,0
Página7,20,,9076,9077,9074,5610,9077,7338,0
Página7,20,,9085,9085,9084,5913,9086,7343,0
Página7,20,,9081,9082,9081,5555,9085,7339,0
Página7,20,,9073,9075,9076,5738,9074,7327,0
Página7,20,,9062,9063,9070,5748,9066,7323,0
Página7,20,,9069,9062,9061,5739,9065,7325,0
Página7,20,,9046,9046,9047,5682,9048,7341,0
Página7,20,,9044,9045,9044,5531,9035,7335,0
Página7,20,,9049,9049,9052,5496,9038,7339,0
Página7,20,,9056,9045,9057,5581,9054,7333,0
Página7,20,,9047,9041,9047,5728,9049,7337,0
Página7,20,,9050,9062,9059,5681,9061,7338,0
Página7,20,,9055,9054,9054,5804,9055,7338,0
Página7,20,,9059,9059,9058,5782,9058,7340,0
Página7,20,,9058,9058,9057,5759,9058,7339,0
Página7,20,,9058,9057,9057,5781,9059,7337,0
Página7,20,,9056,9056,9056,5858,9057,7338,0
Página7,20,,9069,9069,9067,6009,9069,7334,0
Página7,20,,9074,9074,9074,5711,9073,7325,0
Página7,20,,9071,9072,9070,5705,9072,7323,0
Página7,20,,9074,9074,9074,5684,9065,7335,0
Página7,20,,9086,9087,9085,5566,9076,7329,0
Página7,20,,9100,9081,9098,5657,9091,7338,0
Página7,20,,9083,9083,9076,5772,9083,7340,0
Página7,20,,9091,9090,9090,5841,9090,7340,0
Página7,20,,9100,9103,9099,5849,9105,7360,0
Página7,20,,9104,9104,9103,5762,9104,7360,0
Página7,20,,9109,9109,9108,5834,9110,7351,0
Página7,20,,9102,9101,9101,5794,9101,7348,0
Página7,20,,9102,9103,9102,5828,9104,7349,0
Página7,20,,9092,9103,9103,5718,9102,7350,0
Página7,20,,9102,9103,9093,5816,9103,7345,0
Página7,20,,9106,9107,9096,5837,9108,7347,0
Página7,20,,9116,9118,9116,5800,9118,7347,0
Página7,20,,9130,9129,9126,5757,9130,7346,0
Página7,20,,9135,9129,9133,6157,9131,7344,0
Página7,20,,9132,9132,9132,5764,9133,7353,0
Página7,20,,9130,9130,9130,5752,9131,7348,0
Página7,20,,9126,9126,9126,5781,9127,7350,0
Página7,20,,9130,9131,9130,5809,9130,7356,0
Página7,20,,9124,9125,9127,6288,9124,7370,0
Página7,20,,9113,9113,9112,5772,9112,7353,0
Página7,20,,9113,9113,9112,5732,9114,7354,0
Página7,20,,9118,9118,9117,5771,9118,7348,0
Página7,20,,9124,9124,9123,5733,9125,7346,0
Página7,20,,9146,9145,9149,5885,9139,7341,0
Página7,20,,9127,9130,9128,5728,9129,7356,0
Página7,20,,9127,9127,9127,5765,9127,7352,0
Página7,20,,9129,9128,9127,5876,9128,7361,0
Página7,20,,9132,9133,9131,5959,9133,7354,0
Página7,20,,9154,9158,9151,5919,9153,7355,0
Página7,20,,9147,9147,9146,5886,9147,7364,0
Página7,20,,9141,9140,9141,5806,9140,7362,0
Página7,20,,9142,9142,9142,5768,9142,7350,0
Página7,20,,9142,9141,9141,5835,9133,7358,0
Página7,20,,9142,9140,9141,5963,9129,7362,0
Página7,20,,9128,9137,9138,6278,9137,7367,0
Página7,20,,9142,9141,9130,5851,9141,7365,0
Página7,20,,9144,9143,9135,5902,9143,7365,0
Página7,20,,9141,9141,9141,5992,9141,7358,0
Página7,20,,9146,9144,9144,5931,9144,7359,0
Página7,20,,9149,9149,9150,6098,9150,7377,0
Página7,20,,9151,9150,9150,5963,9150,7359,0
Página7,20,,9154,9154,9153,5827,9155,7364,0
Página7,20,,9156,9158,9155,5855,9160,7367,0
Página7,20,,9155,9158,9154,5858,9153,7361,0
Página7,20,,9156,9151,9151,5882,9160,7372,0
Página7,20,,9161,9162,9161,5936,9166,7357,0
Página7,20,,9174,9177,9173,5838,9170,7364,0
Página7,20,,9185,9181,9184,5865,9182,7366,0
Página7,20,,9192,9183,9192,5907,9193,7369,0
Página7,20,,9179,9192,9192,5950,9193,7367,0
Página7,20,,9194,9193,9194,6092,9194,7371,0
Página7,20,,9198,9195,9200,6086,9195,7366,0
Página7,20,,9201,9197,9202,6118,9199,7368,0
Página7,20,,9193,9190,9192,5913,9191,7364,0
Página7,20,,9194,9200,9192,5931,9202,7373,0
Página7,20,,9180,9191,9191,5974,9191,7374,0
Página7,20,,9172,9183,9183,6008,9182,7367,0
Página7,20,,9178,9179,9174,5954,9178,7388,0
Página7,20,,9173,9172,9175,6036,9172,7395,0
Página7,20,,9192,9187,9181,6072,9182,7387,0
Página7,20,,9190,9194,9193,6048,9193,7382,0
Página7,20,,9194,9196,9204,5970,9202,7385,0
Página7,20,,9198,9198,9196,6262,9200,7378,0
Página7,20,,9198,9199,9199,6157,9198,7374,0
Página7,20,,9202,9203,9205,5975,9203,7383,0
Página7,20,,9210,9208,9211,5978,9207,7377,0
Página7,20,,9192,9192,9192,6134,9186,7381,0
Página7,20,,9186,9186,9187,6337,9184,7397,0
Página7,20,,9157,9151,9177,6189,9148,7380,0
Página7,20,,9105,9115,9117,6023,9114,7375,0
Página7,20,,9104,9104,9099,6054,9104,7381,0
Página7,20,,9097,9098,9091,6025,9097,7371,0
Página7,20,,9099,9100,9098,6103,9099,7381,0
Página7,20,,9102,9103,9101,6037,9103,7372,0
Página7,20,,9109,9110,9108,6173,9110,7365,0
Página7,20,,9115,9115,9114,6216,9115,7364,0
Página7,20,,9123,9122,9122,6156,9123,7364,0
Página7,20,,9127,9127,9126,6131,9120,7370,0
Página7,20,,9116,9111,9116,6202,9116,7371,0
Página7,20,,9101,9111,9111,6053,9111,7371,0
Página7,20,,9113,9112,9106,6062,9113,7376,0
Página7,20,,9121,9123,9109,6071,9124,7374,0
Página7,20,,9120,9120,9121,6088,9121,7382,0
Página7,20,,9122,9123,9123,6158,9123,7384,0
Página7,20,,9129,9129,9117,6261,9129,7388,0
Página7,20,,9127,9127,9126,5992,9127,7390,0
Página7,20,,9126,9126,9126,6100,9126,7387,0
Página7,20,,9127,9126,9127,6478,9126,7385,0
Página7,20,,9124,9124,9126,6116,9125,7384,0
Página7,20,,9129,9129,9126,6174,9130,7380,0
Página7,20,,9129,9130,9128,6251,9129,7376,0
Página7,20,,9132,9132,9132,6240,9132,7380,0
Página7,20,,9135,9135,9137,6039,9133,7382,0
Página7,20,,9133,9122,9132,6066,9132,7386,0
Página7,20,,9126,9136,9136,6120,9137,7383,0
Página7,20,,9131,9142,9142,6126,9143,7378,0
Página7,20,,9146,9146,9134,6171,9146,7376,0
Página7,20,,9147,9148,9135,6228,9146,7374,0
Página7,20,,9146,9145,9146,6104,9146,7383,0
Página7,20,,9146,9145,9144,6152,9146,7383,0
Página7,20,,9147,9148,9147,6182,9148,7375,0
Página7,20,,9149,9149,9149,6227,9150,7370,0
Página7,20,,9155,9155,9155,6230,9158,7374,0
Página7,20,,9157,9158,9157,6077,9159,7379,0
Página7,20,,9161,9161,9162,5997,9161,7378,0
Página7,20,,9160,9159,9157,6100,9160,7378,0
Página7,20,,9161,9161,9161,6138,9161,7376,0
Página7,20,,9156,9156,9156,6050,9159,7374,0
Página7,20,,9148,9148,9149,6061,9137,7376,0
Página7,20,,9143,9143,9143,6115,9132,7374,0
Página7,20,,9141,9131,9140,6142,9141,7372,0
Página7,20,,9138,9136,9139,6204,9140,7366,0
Página7,20,,9133,9142,9140,6241,9140,7366,0
Página7,20,,9137,9138,9137,6084,9127,7384,0
Página7,20,,9125,9117,9125,6067,9125,7387,0
Página7,20,,9122,9122,9121,6382,9121,7397,0
Página7,20,,9119,9120,9120,6262,9119,7372,0
Página7,20,,9118,9117,9117,6114,9117,7369,0
Página7,20,,9115,9115,9116,6085,9114,7360,0
Página7,20,,9117,9116,9116,6100,9116,7356,0
Página7,20,,9127,9128,9125,6160,9110,7358,0
Página7,20,,9120,9120,9120,6243,9120,7354,0
Página7,20,,9122,9123,9122,6185,9123,7351,0
Página7,20,,9125,9124,9124,6103,9125,7359,0
Página7,20,,9126,9127,9126,6072,9127,7355,0
Página7,20,,9131,9134,9130,6100,9134,7359,0
Página7,20,,9137,9137,9137,6158,9127,7364,0
Página7,20,,9145,9135,9144,6116,9148,7355,0
Página7,20,,9136,9148,9148,6077,9147,7356,0
Página7,20,,9131,9141,9141,6092,9141,7353,0
Página7,20,,9137,9137,9127,6205,9140,7348,0
Página7,20,,9135,9135,9135,6228,9136,7351,0
Página7,20,,9138,9138,9138,6142,9137,7347,0
Página7,20,,9139,9140,9139,6110,9141,7352,0
Página7,20,,9149,9149,9148,6117,9150,7351,0
Página7,20,,9142,9143,9142,6189,9141,7344,0
Página7,20,,9137,9137,9134,6103,9136,7353,0
Página7,20,,9134,9134,9123,6073,9134,7350,0
Página7,20,,9131,9131,9132,6036,9132,7348,0
Página7,20,,9131,9132,9131,6065,9132,7348,0
Página7,20,,9135,9136,9135,6194,9136,7345,0
Página7,20,,9154,9157,9150,6365,9155,7355,0
Página7,20,,9158,9159,9156,6220,9160,7332,0
Página7,20,,9168,9169,9168,6245,9172,7336,0
Página7,20,,9161,9160,9160,6114,9161,7335,0
Página7,20,,9167,9165,9167,6075,9166,7336,0
Página7,20,,9171,9165,9209,6370,9165,7339,0
Página7,20,,9151,9159,9150,6095,9158,7327,0
Página7,20,,9137,9136,9137,6096,9137,7318,0
Página7,20,,9124,9125,9123,6118,9126,7307,0
Página7,20,,9150,9151,9150,6056,9154,7301,0
Página7,20,,9147,9155,9155,6110,9155,7297,0
Página7,20,,9134,9145,9144,5923,9146,7300,0
Página7,20,,9148,9149,9137,5962,9149,7290,0
Página7,20,,9155,9155,9154,5785,9156,7286,0
Página7,20,,9158,9158,9158,5784,9157,7292,0
Página7,20,,9162,9163,9162,6176,9162,7300,0
Página7,20,,9162,9162,9161,5909,9170,7287,0
Página7,20,,9205,9203,9206,5925,9204,7285,0
Página7,20,,9208,9201,9209,6045,9201,7281,0
Página7,20,,9188,9190,9159,5952,9192,7277,0
Página7,20,,9161,9161,9162,5883,9163,7298,0
Página7,20,,9164,9163,9163,5955,9164,7278,0
Página7,20,,9171,9172,9171,6019,9162,7282,0
Página7,20,,9210,9214,9207,6055,9202,7282,0
Página7,20,,9185,9180,9187,5916,9212,7279,0
Página7,20,,9215,9204,9217,5960,9207,7291,0
Página7,20,,9202,9203,9203,5862,9202,7288,0
Página7,20,,9207,9196,9207,5884,9197,7302,0
Página7,20,,9194,9200,9202,6076,9199,7303,0
Página7,20,,9191,9182,9190,6080,9193,7295,0
Página7,20,,9176,9158,9177,5936,9169,7289,0
Página7,20,,9128,9137,9137,5922,9137,7288,0
Página7,20,,9117,9129,9127,5887,9130,7279,0
Página7,20,,9133,9134,9132,6378,9128,7278,0
Página7,20,,9115,9116,9109,6040,9116,7273,0
Página7,20,,9328,9327,9327,6039,9326,7263,0
Página7,20,,9332,9332,9331,6049,9332,7262,0
Página7,20,,9159,9136,9189,5983,9124,7268,0
Página7,20,,9084,9084,9084,6310,9083,7275,0
Página7,20,,9081,9082,9080,5899,9092,7265,0
Página7,20,,9068,9063,9076,5807,9062,7254,0
Página7,20,,9046,9047,9046,5993,9047,7246,0
Página7,20,,9036,9034,9035,6007,9035,7223,0
Página7,20,,9030,9031,9031,5979,9031,7210,0
Página7,20,,9039,9049,9049,5990,9047,7214,0
Página7,20,,9043,9055,9054,5904,9055,7209,0
Página7,20,,9072,9065,9057,5874,9064,7211,0
Página7,20,,9125,9132,9111,5775,9133,7218,0
Página7,20,,9142,9137,9141,5837,9142,7223,0
Página7,20,,9124,9083,9143,5762,9121,7225,0
Página7,20,,9108,9109,9105,5818,9109,7210,0
Página7,20,,9109,9112,9063,5846,9110,7211,0
Página7,20,,9106,9109,9103,5915,9110,7203,0
Página7,20,,9108,9110,9063,5826,9112,7198,0
Página7,20,,9055,9056,9058,5802,9100,7198,0
Página7,20,,9094,9098,9054,5653,9100,7200,0
Página7,20,,9114,9114,9113,5700,9115,7191,0
Página7,20,,9060,9059,9060,5739,9081,7191,0
Página7,20,,9062,9062,9066,5759,9061,7185,0
Página7,20,,9115,9116,9111,5827,9115,7185,0
Página7,20,,9129,9128,9128,5405,9129,7186,0
Página7,20,,9058,9056,9059,5485,9056,7170,0
Página7,20,,9097,9105,9065,5569,9099,7168,0
Página7,20,,9156,9161,9160,5558,9146,7170,0
Página7,20,,9173,9161,9173,5705,9175,7181,0
Página7,20,,9181,9192,9189,5378,9191,7176,0
Página7,20,,9195,9196,9184,5531,9196,7182,0
Página7,20,,9204,9204,9201,5554,9206,7179,0
Página7,20,,9211,9210,9212,5590,9203,7186,0
Página7,20,,9113,9110,9117,5568,9108,7189,0
Página7,20,,9188,9187,9187,5546,9186,7179,0
Página7,20,,9199,9208,9198,5591,9212,7180,0
Página7,20,,9215,9217,9214,5684,9211,7179,0
Página7,20,,9191,9190,9189,5746,9191,7180,0
Página7,20,,9136,9132,9139,5802,9128,7179,0
Página7,20,,9109,9145,9119,5790,9160,7179,0
Página7,20,,9110,9110,9102,5607,9110,7182,0
Página7,20,,9103,9102,9096,5611,9100,7175,0
Página7,20,,9096,9122,9097,5622,9128,7173,0
Página7,20,,9103,9103,9103,5655,9103,7165,0
Página7,20,,9139,9140,9139,5775,9139,7158,0
Página7,20,,9073,9074,9072,5702,9078,7145,0
Página7,20,,9090,9093,9082,5786,9112,7151,0
Página7,20,,9100,9097,9097,5626,9098,7164,0
Página7,20,,9080,9080,9070,5834,9081,7153,0
Página7,20,,9134,9135,9127,5852,9134,7145,0
Página7,20,,9134,9136,9133,5792,9137,7136,0
Página7,20,,9127,9121,9130,5807,9118,7143,0
Página7,20,,9115,9119,9071,5846,9124,7119,0
Página7,20,,9107,9086,9109,5594,9076,7122,0
Página7,20,,9118,9118,9117,5636,9126,7118,0
Página7,20,,9135,9136,9133,5642,9137,7117,0
Página7,20,,9144,9143,9143,5950,9146,7123,0
Página7,20,,9117,9115,9125,5783,9116,7117,0
Página7,20,,9099,9099,9099,5793,9099,7115,0
Página7,20,,9114,9115,9113,5837,9114,7108,0
Página7,20,,9125,9125,9124,5572,9125,7114,0
Página7,20,,9134,9137,9137,5682,9137,7119,0
Página7,20,,9150,9150,9143,5688,9148,7127,0
Página7,20,,9160,9162,9159,5555,9162,7136,0
Página7,20,,9134,9133,9136,5650,9132,7131,0
Página7,20,,9114,9113,9114,5706,9114,7133,0
Página7,20,,9107,9110,9108,5897,9110,7136,0
Página7,20,,9099,9098,9099,5816,9089,7141,0
Página7,20,,9110,9106,9111,5915,9105,7131,0
Página7,20,,9115,9104,9116,5943,9115,7128,0
Página7,20,,9159,9165,9165,5876,9167,7129,0
Página7,20,,9172,9184,9181,5867,9182,7134,0
Página7,20,,9151,9177,9144,5870,9181,7139,0
Página7,20,,9126,9122,9162,5939,9153,7131,0
Página7,20,,9174,9132,9175,5796,9130,7140,0
Página7,20,,9144,9181,9128,5830,9186,7140,0
Página7,20,,9142,9147,9143,5890,9157,7144,0
Página7,20,,9181,9168,9180,5969,9182,7150,0
Página7,20,,9197,9188,9199,5996,9195,7145,0
Página7,20,,9219,9230,9229,6047,9229,7143,0
Página7,20,,9186,9186,9175,5939,9186,7152,0
Página7,20,,9261,9263,9259,5907,9262,7156,0
Página7,20,,9227,9210,9269,6180,9208,7174,0
Página7,20,,9216,9250,9219,5993,9261,7159,0
Página7,20,,9279,9278,9277,5981,9277,7165,0
Página7,20,,9215,9216,9217,5886,9215,7165,0
Página7,20,,9204,9205,9203,5904,9207,7170,0
Página7,20,,9204,9206,9202,5984,9204,7180,0
Página7,20,,9202,9203,9197,5938,9200,7161,0
Página7,20,,9195,9194,9194,5946,9195,7166,0
Página7,20,,9251,9254,9250,5933,9244,7174,0
Página7,20,,9283,9283,9282,5972,9270,7172,0
Página7,20,,9281,9265,9288,5989,9273,7177,0
Página7,20,,9267,9255,9268,5958,9216,7184,0
Página7,20,,9240,9241,9246,5981,9225,7173,0
Página7,20,,9171,9171,9171,5999,9171,7161,0
Página7,20,,9234,9243,9230,6141,9243,7153,0
Página7,20,,9171,9220,9168,6396,9220,7159,0
Página7,20,,9152,9190,9152,5945,9196,7141,0
Página7,20,,9145,9146,9145,5939,9146,7146,0
Página7,20,,9196,9186,9197,5934,9184,7141,0
Página7,20,,9148,9156,9150,5942,9168,7135,0
Página7,20,,9134,9133,9133,6003,9132,7149,0
Página7,20,,9142,9141,9141,5967,9141,7158,0
Página7,20,,9168,9155,9206,5954,9161,7158,0
Página7,20,,9253,9257,9252,5971,9262,7149,0
Página7,20,,9276,9224,9277,5975,9173,7153,0
Página7,20,,9244,9244,9243,5948,9243,7148,0
Página7,20,,9152,9154,9153,6001,9154,7151,0
Página7,20,,9254,9257,9246,6151,9252,7139,0
Página7,20,,9238,9240,9239,6232,9229,7144,0
Página7,20,,9122,9116,9122,6174,9121,7131,0
Página7,20,,9141,9123,9155,6167,9133,7130,0
Página7,20,,9198,9215,9206,6079,9217,7127,0
Página7,20,,9230,9240,9239,6012,9238,7136,0
Página7,20,,9218,9209,9220,6236,9176,7141,0
Página7,20,,9136,9136,9141,6002,9139,7133,0
Página7,20,,9136,9138,9133,6173,9138,7129,0
Página7,20,,9126,9125,9124,6196,9125,7125,0
Página7,20,,9173,9170,9206,6143,9195,7126,0
Página7,20,,9175,9167,9175,6299,9176,7137,0
Página7,20,,9165,9168,9166,6078,9169,7124,0
Página7,20,,9178,9174,9181,6056,9159,7124,0
Página7,20,,9148,9148,9166,6041,9139,7125,0
Página7,20,,9139,9139,9141,6051,9135,7118,0
Página7,20,,9136,9131,9137,6044,9131,7114,0
Página7,20,,9152,9148,9154,5969,9153,7122,0
Página7,20,,9160,9162,9156,5993,9170,7120,0
Página7,20,,9164,9165,9162,6007,9168,7115,0
Página7,20,,9145,9146,9137,6145,9151,7119,0
Página7,20,,9147,9145,9146,6162,9139,7120,0
Página7,20,,9142,9141,9142,6015,9130,7124,0
Página7,20,,9137,9137,9136,6012,9128,7115,0
Página7,20,,9144,9135,9145,6022,9145,7121,0
Página7,20,,9162,9154,9161,6018,9152,7114,0
Página7,20,,9156,9167,9163,6027,9164,7112,0
Página7,20,,9170,9170,9169,6064,9168,7110,0
Página7,20,,9182,9181,9184,5989,9179,7113,0
Página7,20,,9161,9159,9169,5913,9160,7113,0
Página7,20,,9182,9185,9180,5962,9184,7113,0
Página7,20,,9174,9177,9176,5987,9175,7106,0
Página7,20,,9166,9165,9166,6356,9170,7102,0
Página7,20,,9155,9155,9154,6015,9156,7110,0
Página7,20,,9157,9155,9162,6105,9158,7104,0
Página7,20,,9159,9160,9159,6021,9160,7093,0
Página7,20,,9158,9158,9156,6025,9158,7101,0
Página7,20,,9168,9167,9168,6012,9154,7100,0
Página7,20,,9143,9153,9180,6137,9167,7098,0
Página7,20,,9154,9163,9165,6199,9165,7098,0
Página7,20,,9153,9154,9142,6194,9153,7104,0
Página8,20,,4182,8170,92,2615,9082,4019,0
Página8,20,,4183,8170,92,2617,9090,4019,0
Página8,20,,4174,8120,92,2618,9058,4019,0
Página8,20,,4180,8148,92,2620,9097,4018,0
Página8,20,,4179,8143,92,2617,9102,4018,0
Página8,20,,4179,8139,92,2614,9100,4018,0
Página8,20,,4172,8166,92,2612,9097,4019,0
Página8,20,,4178,8148,91,2613,9111,4017,0
Página8,20,,4178,8154,92,2617,9106,4017,0
Página8,20,,4176,8143,92,2615,9109,4016,0
Página8,20,,4177,8154,91,2615,9109,4016,0
Página8,20,,4176,8153,91,2615,9110,4017,0
Página8,20,,4168,8150,92,2613,9112,4016,0
Página8,20,,4170,8149,91,2614,9114,4015,0
Página8,20,,4176,8161,91,2615,9105,4015,0
Página8,20,,4174,8157,91,2615,9108,4015,0
Página8,20,,4174,8157,91,2615,9117,4014,0
Página8,20,,4176,8164,91,2616,9114,4014,0
Página8,20,,4173,8154,91,2616,9116,4014,0
Página8,20,,4172,8158,91,2616,9109,4013,0
Página8,20,,4172,8158,92,2616,9111,4013,0
Página8,20,,4171,8153,91,2616,9114,4013,0
Página8,20,,4172,8163,91,2617,9110,4013,0
Página8,20,,4170,8159,92,2616,9114,4012,0
Página8,20,,4171,8163,91,2615,9109,4012,0
Página8,20,,4170,8164,91,2616,9108,4012,0
Página8,20,,4170,8163,91,2616,9108,4011,0
Página8,20,,4176,8176,92,2617,9123,4008,0
Página8,20,,4168,8151,91,2615,9121,4011,0
Página8,20,,4168,8149,92,2615,9120,4011,0
Página8,20,,4167,8148,92,2615,9122,4011,0
Página8,20,,4167,8158,92,2616,9113,4011,0
Página8,20,,4166,8156,92,2617,9116,4012,0
Página8,20,,4166,8159,91,2616,9109,4010,0
Página8,20,,4166,8157,92,2617,9112,4011,0
Página8,20,,4164,8155,91,2618,9110,4007,0
Página8,20,,4164,8153,92,2618,9112,4003,0
Página8,20,,4162,8148,91,2619,9119,4006,0
Página8,20,,4163,8153,91,2616,9122,4012,0
Página8,20,,4161,8133,91,2619,9121,4010,0
Página8,20,,4159,8120,91,2616,9128,4009,0
Página8,20,,4159,8148,91,2618,9112,4008,0
Página8,20,,4159,8158,92,2616,9119,4009,0
Página8,20,,4154,8139,91,2613,9103,4004,0
Página8,20,,4152,8144,92,2612,9093,4002,0
Página8,20,,4154,8142,91,2614,9092,4002,0
Página8,20,,4150,8129,92,2616,9097,4001,0
Página8,20,,4150,8130,92,2617,9098,4001,0
Página8,20,,4149,8126,91,2618,9107,4001,0
Página8,20,,4149,8125,92,2618,9112,4001,0
Página8,20,,4149,8118,91,2618,9126,3999,0
Página8,20,,4148,8124,91,2620,9120,3995,0
Página8,20,,4148,8125,91,2621,9110,4002,0
Página8,20,,4148,8125,92,2621,9110,4002,0
Página8,20,,4147,8118,92,2621,9112,4002,0
Página8,20,,4147,8104,91,2623,9143,4002,0
Página8,20,,4142,8155,91,2621,9105,4002,0
Página8,20,,4149,8159,91,2622,9103,4002,0
Página8,20,,4149,8160,91,2622,9100,4002,0
Página8,20,,4148,8159,91,2621,9102,4002,0
Página8,20,,4148,8163,92,2623,9106,4003,0
Página8,20,,4148,8156,92,2622,9106,4002,0
Página8,20,,4147,8147,92,2623,9115,4003,0
Página8,20,,4146,8137,92,2622,9126,4003,0
Página8,20,,4144,8123,92,2622,9135,4003,0
Página8,20,,4143,8119,92,2623,9140,4002,0
Página8,20,,4142,8111,91,2622,9140,4004,0
Página8,20,,4142,8117,91,2623,9136,4003,0
Página8,20,,4142,8113,91,2623,9137,4003,0
Página8,20,,4141,8122,91,2623,9136,4003,0
Página8,20,,4141,8122,92,2625,9136,4003,0
Página8,20,,4141,8123,92,2623,9139,4003,0
Página8,20,,4140,8124,92,2625,9135,4003,0
Página8,20,,4140,8124,92,2625,9134,4003,0
Página8,20,,4138,8118,92,2625,9134,4002,0
Página8,20,,4138,8124,91,2626,9137,4001,0
Página8,20,,4141,8174,92,2626,9098,4003,0
Página8,20,,4140,8171,92,2626,9102,4001,0
Página8,20,,4140,8171,92,2625,9103,4002,0
Página8,20,,4140,8170,92,2626,9104,4002,0
Página8,20,,4139,8165,91,2626,9107,3995,0
Página8,20,,4139,8164,92,2627,9112,3996,0
Página8,20,,4132,8169,92,2627,9106,4001,0
Página8,20,,4132,8170,92,2628,9104,4001,0
Página8,20,,4130,8168,91,2628,9107,4001,0
Página8,20,,4136,8156,92,2627,9115,4000,0
Página8,20,,4138,8151,91,2627,9117,4000,0
Página8,20,,4133,8135,92,2628,9113,3999,0
Página8,20,,4135,8172,91,2627,9087,3999,0
Página8,20,,4134,8167,91,2627,9092,3999,0
Página8,20,,4134,8168,91,2628,9093,3999,0
Página8,20,,4134,8171,92,2627,9098,4000,0
Página8,20,,4126,8171,92,2627,9093,3999,0
Página8,20,,4133,8172,91,2627,9090,3999,0
Página8,20,,4132,8168,91,2628,9090,3999,0
Página8,20,,4131,8165,91,2628,9089,3999,0
Página8,20,,4132,8160,91,2628,9092,4000,0
Página8,20,,4132,8170,92,2631,9089,4000,0
Página8,20,,4130,8170,92,2628,9091,4000,0
Página8,20,,4129,8171,91,2629,9093,4000,0
Página8,20,,4127,8153,92,2626,9100,3999,0
Página8,20,,4124,8143,91,2622,9095,3997,0
Página8,20,,4122,8158,92,2622,9095,3996,0
Página8,20,,4122,8169,91,2623,9087,3996,0
Página8,20,,4124,8176,92,2626,9089,3996,0
Página8,20,,4123,8159,92,2625,9090,3996,0
Página8,20,,4114,8168,92,2627,9090,3995,0
Página8,20,,4118,8167,92,2628,9090,3996,0
Página8,20,,4121,8172,91,2628,9085,3995,0
Página8,20,,4120,8169,91,2627,9088,3996,0
Página8,20,,4120,8163,92,2627,9098,3997,0
Página8,20,,4119,8170,92,2627,9092,3996,0
Página8,20,,4118,8164,91,2628,9099,3996,0
Página8,20,,4119,8173,91,2628,9096,3996,0
Página8,20,,4119,8175,91,2629,9102,3996,0
Página8,20,,4118,8166,91,2630,9111,3997,0
Página8,20,,4118,8169,91,2629,9114,3997,0
Página8,20,,4117,8175,91,2630,9110,3996,0
Página8,20,,4118,8176,92,2631,9110,3996,0
Página8,20,,4117,8181,92,2630,9110,3989,0
Página8,20,,4118,8158,92,2630,9121,3990,0
Página8,20,,4116,8170,92,2630,9122,3996,0
Página8,20,,4116,8178,91,2630,9124,3996,0
Página8,20,,4116,8179,92,2630,9115,3996,0
Página8,20,,4115,8177,91,2631,9119,3996,0
Página8,20,,4116,8179,91,2630,9131,3999,0
Página8,20,,4116,8177,91,2629,9125,3997,0
Página8,20,,4114,8172,92,2631,9127,3997,0
Página8,20,,4094,7893,90,2631,9339,3996,0
Página8,20,,4099,8105,91,2631,9164,3996,0
Página8,20,,4111,8139,91,2631,9151,3996,0
Página8,20,,4112,8161,92,2631,9148,3997,0
Página8,20,,4111,8155,92,2631,9146,3990,0
Página8,20,,4111,8164,91,2631,9139,3990,0
Página8,20,,4111,8161,91,2632,9142,3995,0
Página8,20,,4109,8154,91,2632,9138,3996,0
Página8,20,,4112,8170,92,2632,9154,3998,0
Página8,20,,4109,8164,92,2631,9148,3996,0
Página8,20,,4108,8151,92,2632,9160,3996,0
Página8,20,,4109,8163,92,2633,9154,3995,0
Página8,20,,4108,8160,91,2634,9152,3996,0
Página8,20,,4108,8155,92,2634,9164,3997,0
Página8,20,,4100,8153,91,2633,9150,3996,0
Página8,20,,4106,8154,91,2634,9153,3995,0
Página8,20,,4106,8154,92,2634,9150,3995,0
Página8,20,,4105,8153,91,2633,9148,3996,0
Página8,20,,4106,8155,91,2634,9147,3996,0
Página8,20,,4105,8155,91,2634,9147,3997,0
Página8,20,,4103,8135,91,2634,9157,3996,0
Página8,20,,4105,8169,91,2632,9130,3995,0
Página8,20,,4105,8175,91,2634,9128,3995,0
Página8,20,,4104,8182,91,2634,9126,3995,0
Página8,20,,4105,8187,91,2631,9129,3994,0
Página8,20,,4104,8187,92,2635,9126,3993,0
Página8,20,,4105,8191,91,2635,9117,3997,0
Página8,20,,4104,8177,91,2635,9130,3996,0
Página8,20,,4103,8178,91,2636,9131,3996,0
Página8,20,,4103,8193,91,2633,9133,3994,0
Página8,20,,4098,8187,92,2630,9132,3990,0
Página8,20,,4098,8185,92,2629,9133,3990,0
Página8,20,,4095,8165,91,2630,9130,3981,0
Página8,20,,4093,8150,91,2629,9145,3981,0
Página8,20,,4093,8162,91,2631,9111,3985,0
Página8,20,,4093,8155,91,2633,9129,3985,0
Página8,20,,4086,8164,92,2634,9130,3986,0
Página8,20,,4091,8128,91,2634,9156,3985,0
Página8,20,,4093,8170,92,2634,9129,3986,0
Página8,20,,4092,8167,91,2635,9132,3987,0
Página8,20,,4093,8166,92,2635,9134,3987,0
Página8,20,,4092,8170,91,2636,9134,3987,0
Página8,20,,4092,8168,92,2637,9132,3987,0
Página8,20,,4092,8171,91,2637,9130,3988,0
Página8,20,,4092,8163,91,2637,9132,3987,0
Página8,20,,4091,8171,91,2638,9132,3986,0
Página8,20,,4093,8176,91,2638,9134,3987,0
Página8,20,,4084,8170,91,2637,9130,3986,0
Página8,20,,4091,8171,91,2639,9129,3985,0
Página8,20,,4090,8167,91,2639,9129,3985,0
Página8,20,,4090,8167,91,2639,9128,3985,0
Página8,20,,4091,8174,92,2639,9124,3985,0
Página8,20,,4090,8172,92,2640,9107,3985,0
Página8,20,,4089,8155,91,2639,9119,3978,0
Página8,20,,4089,8164,92,2640,9101,3984,0
Página8,20,,4088,8162,91,2639,9098,3984,0
Página8,20,,4088,8149,91,2640,9118,3986,0
Página8,20,,4088,8160,91,2640,9118,3984,0
Página8,20,,4087,8155,92,2640,9116,3981,0
Página8,20,,4086,8158,92,2642,9121,3983,0
Página8,20,,4087,8163,92,2642,9122,3983,0
Página8,20,,4088,8166,92,2642,9121,3983,0
Página8,20,,4086,8150,92,2640,9117,3982,0
Página8,20,,4079,8164,92,2641,9120,3981,0
Página8,20,,4078,8161,91,2640,9117,3981,0
Página8,20,,4083,8158,92,2642,9115,3981,0
Página8,20,,4083,8156,91,2642,9112,3982,0
Página8,20,,4083,8158,91,2643,9115,3982,0
Página8,20,,4083,8158,92,2643,9113,3979,0
Página8,20,,4084,8159,92,2643,9114,3979,0
Página8,20,,4083,8160,92,2643,9118,3979,0
Página8,20,,4082,8161,92,2644,9120,3978,0
Página8,20,,4083,8162,92,2642,9124,3980,0
Página8,20,,4082,8161,92,2645,9123,3979,0
Página8,20,,4082,8161,92,2645,9124,3978,0
Página8,20,,4082,8162,91,2644,9127,3973,0
Página8,20,,4081,8153,91,2644,9124,3978,0
Página8,20,,4081,8168,91,2645,9117,3980,0
Página8,20,,4074,8167,91,2644,9134,3980,0
Página8,20,,4080,8159,92,2645,9140,3979,0
Página8,20,,4062,7902,92,2643,9339,3978,0
Página8,20,,4081,8173,92,2644,9131,3978,0
Página8,20,,4084,8194,92,2646,9125,3979,0
Página8,20,,4081,8190,92,2645,9114,3978,0
Página8,20,,4080,8191,92,2646,9108,3977,0
Página8,20,,4080,8194,92,2646,9102,3969,0
Página8,20,,4078,8185,91,2643,9092,3975,0
Página8,20,,4072,8157,92,2639,9074,3971,0
Página8,20,,4071,8155,92,2637,9069,3969,0
Página8,20,,4072,8144,92,2639,9077,3969,0
Página8,20,,4071,8158,92,2640,9076,3971,0
Página8,20,,4071,8157,91,2642,9077,3968,0
Página8,20,,4071,8143,92,2642,9096,3963,0
Página8,20,,4070,8143,92,2643,9086,3970,0
Página8,20,,4073,8150,92,2644,9102,3969,0
Página8,20,,4072,8161,92,2643,9107,3970,0
Página8,20,,4071,8160,92,2643,9102,3970,0
Página8,20,,4070,8141,92,2644,9099,3969,0
Página8,20,,4070,8159,92,2645,9092,3969,0
Página8,20,,4070,8155,91,2645,9097,3969,0
Página8,20,,4072,8164,92,2641,9093,3970,0
Página8,20,,4070,8162,92,2644,9099,3969,0
Página8,20,,4070,8159,92,2645,9108,3969,0
Página8,20,,4070,8161,92,2646,9106,3969,0
Página8,20,,4070,8157,92,2648,9099,3963,0
Página8,20,,4070,8157,92,2645,9085,3970,0
Página8,20,,4069,8150,92,2647,9096,3969,0
Página8,20,,4062,8159,92,2646,9094,3968,0
Página8,20,,4060,8150,92,2646,9083,3967,0
Página8,20,,4066,8139,92,2647,9068,3967,0
Página8,20,,4065,8130,92,2647,9048,3968,0
Página8,20,,4065,8119,91,2647,9039,3967,0
Página8,20,,4064,8108,92,2644,9039,3967,0
Página8,20,,4063,8108,92,2647,9036,3966,0
Página8,20,,4062,8109,92,2646,9036,3966,0
Página8,20,,4066,8118,92,2645,9035,3965,0
Página8,20,,4063,8105,92,2645,9034,3965,0
Página8,20,,4063,8113,92,2645,9040,3965,0
Página8,20,,4064,8110,92,2646,9052,3965,0
Página8,20,,4056,8116,92,2646,9067,3965,0
Página8,20,,4059,8132,92,2648,9066,3967,0
Página8,20,,4064,8133,91,2647,9064,3966,0
Página8,20,,4064,8136,92,2646,9061,3965,0
Página8,20,,4063,8138,91,2646,9060,3965,0
Página8,20,,4063,8131,92,2646,9072,3964,0
Página8,20,,4062,8126,92,2647,9083,3967,0
Página8,20,,4063,8135,91,2646,9075,3964,0
Página8,20,,4063,8131,91,2645,9076,3964,0
Página8,20,,4062,8128,91,2646,9082,3964,0
Página8,20,,4061,8120,92,2646,9097,3963,0
Página8,20,,4064,8147,92,2647,9078,3963,0
Página8,20,,4062,8146,92,2646,9077,3963,0
Página8,20,,4062,8144,91,2646,9077,3957,0
Página8,20,,4060,8132,92,2647,9072,3963,0
Página8,20,,4060,8128,92,2647,9074,3963,0
Página8,20,,4062,8116,92,2648,9094,3963,0
Página8,20,,4061,8128,92,2648,9104,3965,0
Página8,20,,4059,8118,92,2648,9104,3964,0
Página8,20,,4059,8119,92,2648,9103,3964,0
Página8,20,,4059,8120,92,2648,9107,3965,0
Página8,20,,4059,8131,92,2647,9106,3964,0
Página8,20,,4060,8133,92,2647,9114,3965,0
Página8,20,,4059,8142,92,2647,9109,3965,0
Página8,20,,4065,8234,92,2645,9046,3965,0
Página8,20,,4064,8234,92,2641,9055,3964,0
Página8,20,,4063,8235,92,2640,9041,3963,0
Página8,20,,4063,8233,92,2642,9049,3963,0
Página8,20,,4063,8238,92,2644,9049,3963,0
Página8,20,,4060,8256,92,2645,9053,3966,0
Página8,20,,4064,8255,92,2645,9047,3964,0
Página8,20,,4065,8256,91,2645,9046,3965,0
Página8,20,,4065,8257,92,2647,9045,3965,0
Página8,20,,4065,8256,92,2647,9042,3966,0
Página8,20,,4066,8259,92,2647,9045,3968,0
Página8,20,,4058,8258,92,2647,9043,3966,0
Página8,20,,4065,8259,92,2647,9042,3967,0
Página8,20,,4065,8261,91,2645,9043,3967,0
Página8,20,,4065,8264,92,2645,9047,3967,0
Página8,20,,4066,8266,92,2646,9047,3968,0
Página8,20,,4066,8265,92,2646,9049,3968,0
Página8,20,,4066,8265,92,2648,9050,3968,0
Página8,20,,4065,8263,92,2648,9051,3969,0
Página8,20,,4066,8264,92,2649,9052,3969,0
Página8,20,,4066,8275,92,2648,9054,3969,0
Página8,20,,4066,8257,92,2648,9049,3970,0
Página8,20,,4063,8270,92,2648,9049,3970,0
Página8,20,,4059,8272,92,2649,9055,3970,0
Página8,20,,4066,8270,92,2648,9055,3971,0
Página8,20,,4064,8270,91,2649,9055,3971,0
Página8,20,,4064,8265,92,2648,9057,3970,0
Página8,20,,4064,8274,92,2649,9052,3970,0
Página8,20,,4065,8277,92,2648,9052,3970,0
Página8,20,,4065,8277,92,2648,9051,3971,0
Página8,20,,4065,8279,92,2648,9054,3966,0
Página8,20,,4065,8281,92,2649,9055,3971,0
Página8,20,,4065,8281,92,2650,9054,3971,0
Página8,20,,4066,8280,92,2649,9053,3973,0
Página8,20,,4065,8279,92,2651,9050,3973,0
Página8,20,,4063,8281,92,2651,9052,3973,0
Página8,20,,4067,8286,92,2650,9059,3973,0
Página8,20,,4065,8283,92,2651,9055,3974,0
Página8,20,,4065,8284,92,2652,9058,3974,0
Página8,20,,4065,8286,93,2653,9060,3973,0
Página8,20,,4065,8288,92,2654,9061,3969,0
Página8,20,,4067,8291,92,2652,9051,3976,0
Página8,20,,4066,8280,92,2653,9065,3975,0
Página8,20,,4057,8266,92,2653,9088,3975,0
Página8,20,,4063,8251,91,2654,9090,3975,0
Página8,20,,4062,8241,92,2653,9083,3974,0
Página8,20,,4062,8238,92,2651,9083,3975,0
Página8,20,,4062,8240,92,2654,9084,3974,0
Página8,20,,4062,8242,92,2654,9088,3975,0
Página8,20,,4063,8244,92,2653,9091,3975,0
Página8,20,,4063,8245,92,2655,9095,3974,0
Página8,20,,4065,8245,92,2654,9101,3974,0
Página8,20,,4059,8258,92,2654,9090,3976,0
Página8,20,,4063,8250,92,2655,9100,3977,0
Página8,20,,4067,8299,92,2656,9065,3976,0
Página8,20,,4068,8310,93,2655,9060,3977,0
Página8,20,,4067,8278,93,2655,9090,3979,0
Página8,20,,4062,8251,92,2650,9110,3978,0
Página8,20,,4060,8244,92,2648,9119,3975,0
Página8,20,,4058,8297,93,2647,9082,3974,0
Página8,20,,4063,8295,93,2648,9076,3974,0
Página8,20,,4058,8258,92,2651,9101,3975,0
Página8,20,,4060,8256,92,2652,9108,3975,0
Página8,20,,4060,8254,92,2653,9106,3975,0
Página8,20,,4061,8261,93,2653,9107,3976,0
Página8,20,,4060,8252,92,2653,9115,3976,0
Página8,20,,4061,8261,92,2654,9109,3975,0
Página8,20,,4061,8266,92,2655,9109,3976,0
Página8,20,,4060,8260,92,2654,9118,3975,0
Página8,20,,4061,8260,92,2655,9119,3977,0
Página8,20,,4060,8256,92,2656,9121,3970,0
Página8,20,,4061,8255,93,2654,9108,3977,0
Página8,20,,4061,8254,93,2655,9107,3978,0
Página8,20,,4062,8274,92,2656,9092,3977,0
Página8,20,,4064,8260,92,2655,9104,3978,0
Página8,20,,4062,8272,92,2656,9103,3977,0
Página8,20,,4062,8273,92,2657,9105,3978,0
Página8,20,,4061,8277,92,2657,9107,3978,0
Página8,20,,4061,8272,92,2657,9112,3978,0
Página8,20,,4064,8287,92,2657,9119,3979,0
Página8,20,,4061,8263,92,2656,9119,3977,0
Página8,20,,4064,8297,92,2657,9091,3976,0
Página8,20,,4056,8306,92,2657,9092,3976,0
Página8,20,,4057,8318,92,2657,9078,3975,0
Página8,20,,4062,8299,92,2656,9074,3976,0
Página8,20,,4061,8301,92,2656,9054,3974,0
Página8,20,,4061,8298,92,2657,9047,3973,0
Página8,20,,4061,8291,93,2657,9054,3973,0
Página8,20,,4060,8290,92,2657,9054,3972,0
Página8,20,,4060,8289,92,2658,9059,3974,0
Página8,20,,4060,8287,92,2657,9053,3973,0
Página8,20,,4059,8284,92,2657,9059,3971,0
Página8,20,,4059,8284,92,2658,9062,3971,0
Página8,20,,4059,8283,92,2658,9067,3971,0
Página8,20,,4061,8288,92,2659,9074,3971,0
Página8,20,,4062,8290,92,2658,9077,3966,0
Página8,20,,4060,8285,92,2658,9075,3972,0
Página8,20,,4059,8286,92,2659,9071,3972,0
Página8,20,,4060,8274,92,2660,9088,3972,0
Página8,20,,4054,8296,92,2660,9085,3974,0
Página8,20,,4054,8299,92,2660,9087,3973,0
Página8,20,,4058,8260,92,2661,9118,3973,0
Página8,20,,4057,8255,93,2660,9126,3973,0
Página8,20,,4057,8255,92,2661,9129,3973,0
Página8,20,,4057,8255,92,2661,9133,3973,0
Página8,20,,4057,8257,92,2661,9138,3974,0
Página8,20,,4058,8257,93,2661,9139,3972,0
Página8,20,,4057,8256,93,2661,9138,3973,0
Página8,20,,4061,8303,93,2661,9102,3973,0
Página8,20,,4061,8304,93,2662,9098,3973,0
Página8,20,,4063,8304,93,2652,9100,3967,0
Página8,20,,4060,8308,93,2647,9101,3973,0
Página8,20,,4060,8310,92,2648,9102,3974,0
Página8,20,,4061,8312,93,2646,9106,3974,0
Página8,20,,4060,8307,93,2642,9104,3967,0
Página8,20,,4051,8259,93,2639,9141,3971,0
Página8,20,,4053,8256,94,2640,9144,3970,0
Página8,20,,4055,8256,92,2641,9146,3970,0
Página8,20,,4056,8247,92,2640,9154,3970,0
Página8,20,,4054,8244,92,2642,9151,3971,0
Página8,20,,4048,8259,93,2644,9154,3970,0
Página8,20,,4055,8259,92,2643,9157,3970,0
Página8,20,,4055,8259,93,2643,9158,3971,0
Página8,20,,4056,8261,93,2645,9161,3972,0
Página8,20,,4056,8260,93,2645,9162,3971,0
Página8,20,,4056,8259,93,2646,9161,3972,0
Página8,20,,4056,8259,92,2647,9162,3973,0
Página8,20,,4056,8257,93,2648,9162,3972,0
Página8,20,,4057,8257,93,2649,9162,3973,0
Página8,20,,4056,8253,93,2649,9159,3973,0
Página8,20,,4056,8252,93,2648,9160,3973,0
Página8,20,,4056,8253,93,2650,9160,3968,0
Página8,20,,4056,8249,93,2651,9153,3975,0
Página8,20,,4057,8251,93,2653,9148,3975,0
Página8,20,,4057,8249,92,2650,9162,3976,0
Página8,20,,4057,8251,93,2653,9165,3977,0
Página8,20,,4056,8248,93,2652,9165,3976,0
Página8,20,,4055,8247,93,2652,9165,3976,0
Página8,20,,4056,8249,94,2654,9169,3977,0
Página8,20,,4056,8249,92,2653,9170,3978,0
Página8,20,,4056,8250,93,2654,9172,3978,0
Página8,20,,4056,8247,92,2656,9168,3978,0
Página8,20,,4056,8246,93,2656,9166,3978,0
Página8,20,,4056,8245,93,2656,9167,3977,0
Página8,20,,4056,8234,93,2656,9169,3979,0
Página8,20,,4050,8250,93,2657,9172,3979,0
Página8,20,,4049,8249,93,2658,9172,3979,0
Página8,20,,4055,8250,92,2658,9175,3978,0
Página8,20,,4056,8257,93,2658,9183,3978,0
Página8,20,,4055,8255,93,2657,9179,3978,0
Página8,20,,4055,8255,93,2659,9180,3977,0
Página8,20,,4055,8258,92,2659,9185,3977,0
Página8,20,,4054,8257,93,2660,9182,3976,0
Página8,20,,4056,8265,92,2660,9186,3976,0
Página8,20,,4047,8259,94,2661,9185,3977,0
Página8,20,,4051,8257,92,2661,9181,3976,0
Página8,20,,4053,8262,92,2662,9181,3976,0
Página8,20,,4052,8261,93,2661,9179,3975,0
Página8,20,,4053,8275,92,2661,9177,3977,0
Página8,20,,4053,8280,92,2660,9175,3974,0
Página8,20,,4053,8281,92,2662,9172,3974,0
Página8,20,,4053,8287,93,2660,9169,3974,0
Página8,20,,4053,8287,92,2662,9171,3974,0
Página8,20,,4052,8285,92,2662,9177,3970,0
Página8,20,,4054,8301,93,2661,9163,3968,0
Página8,20,,4052,8292,93,2662,9157,3974,0
Página8,20,,4052,8290,93,2662,9157,3973,0
Página8,20,,4051,8274,93,2664,9176,3973,0
Página8,20,,4051,8270,92,2664,9179,3973,0
Página8,20,,4045,8291,93,2665,9181,3973,0
Página8,20,,4051,8284,93,2664,9180,3972,0
Página8,20,,4047,8263,93,2658,9188,3965,0
Página8,20,,4044,8240,93,2656,9182,3970,0
Página8,20,,4044,8262,93,2656,9179,3968,0
Página8,20,,4044,8259,93,2657,9179,3967,0
Página8,20,,4044,8262,93,2658,9178,3967,0
Página8,20,,4044,8252,93,2659,9187,3968,0
Página8,20,,4043,8254,93,2659,9179,3968,0
Página8,20,,4046,8287,92,2661,9159,3969,0
Página8,20,,4045,8292,93,2662,9156,3968,0
Página8,20,,4046,8295,93,2664,9157,3968,0
Página8,20,,4047,8295,92,2664,9159,3968,0
Página8,20,,4048,8320,93,2662,9168,3969,0
Página8,20,,4046,8298,93,2664,9163,3969,0
Página8,20,,4046,8281,93,2665,9180,3969,0
Página8,20,,4047,8319,92,2666,9165,3969,0
Página8,20,,4044,8280,93,2665,9199,3969,0
Página8,20,,4043,8278,92,2666,9192,3963,0
Página8,20,,4032,8251,92,2665,9196,3968,0
Página8,20,,4043,8254,93,2666,9215,3968,0
Página8,20,,4042,8154,93,2667,9225,3968,0
Página8,20,,4044,8276,92,2667,9189,3966,0
Página8,20,,4043,8301,93,2667,9194,3973,0
Página8,20,,4044,8267,93,2663,9194,3968,0
Página8,20,,4039,8219,92,2667,9225,3968,0
Página8,20,,4040,8227,93,2667,9212,3968,0
Página8,20,,4041,8244,93,2667,9207,3968,0
Página8,20,,4042,8261,92,2667,9194,3968,0
Página8,20,,4040,8232,93,2667,9219,3969,0
Página8,20,,4041,8245,92,2667,9194,3968,0
Página8,20,,4042,8271,92,2668,9191,3968,0
Página8,20,,4043,8277,92,2668,9188,3968,0
Página8,20,,4043,8283,92,2668,9186,3969,0
Página8,20,,4120,8437,94,2672,9357,4037,0
Página8,20,,4124,8433,95,2672,9356,4048,0
Página8,20,,4132,8412,94,2674,9375,4057,0
Página8,20,,4141,8423,95,2675,9390,4066,0
Página8,20,,4149,8413,94,2679,9410,4076,0
Página8,20,,4152,8447,95,2675,9409,4086,0
Página8,20,,4168,8449,95,2675,9419,4097,0
Página8,20,,4177,8460,94,2676,9423,4106,0
Página8,20,,4183,8459,95,2676,9431,4114,0
Página8,20,,4190,8452,95,2677,9439,4123,0
Página8,20,,4197,8463,95,2678,9440,4132,0
Página8,20,,4205,8461,96,2676,9439,4140,0
Página8,20,,4211,8466,95,2677,9443,4146,0
Página8,20,,4214,8472,95,2678,9448,4152,0
Página8,20,,4213,8479,95,2678,9449,4156,0
Página8,20,,4218,8484,95,2678,9455,4165,0
Página8,20,,4229,8478,95,2677,9456,4169,0
Página8,20,,4228,8400,95,2677,9512,4174,0
Página8,20,,4232,8408,95,2676,9509,4179,0
Página8,20,,4233,8389,96,2678,9526,4183,0
Página8,20,,4237,8391,96,2676,9541,4184,0
Página8,20,,4240,8396,95,2676,9541,4192,0
Página8,20,,4242,8378,95,2675,9549,4195,0
Página8,20,,4252,8474,95,2677,9479,4199,0
Página8,20,,4257,8490,96,2675,9485,4205,0
Página8,20,,4262,8476,95,2672,9479,4205,0
Página8,20,,4263,8455,96,2670,9490,4217,0
Página8,20,,4263,8426,96,2671,9512,4221,0
Página8,20,,4266,8419,95,2672,9520,4223,0
Página8,20,,4266,8415,96,2672,9522,4225,0
Página8,20,,4267,8388,96,2672,9549,4228,0
Página8,20,,4269,8376,96,2673,9557,4231,0
Página8,20,,4271,8378,96,2673,9560,4228,0
Página8,20,,4272,8371,96,2673,9553,4238,0
Página8,20,,4274,8376,96,2672,9553,4239,0
Página8,20,,4275,8368,95,2674,9558,4241,0
Página8,20,,4268,8372,96,2673,9566,4243,0
Página8,20,,4269,8357,96,2673,9565,4245,0
Página8,20,,4275,8386,95,2672,9578,4247,0
Página8,20,,4281,8383,95,2671,9550,4249,0
Página8,20,,4281,8390,95,2671,9541,4250,0
Página8,20,,4282,8390,96,2671,9538,4252,0
Página8,20,,4284,8408,96,2672,9529,4253,0
Página8,20,,4286,8387,96,2671,9692,4255,0
Página8,20,,4287,8487,96,2670,9480,4255,0
Página8,20,,4285,8489,95,2670,9482,4256,0
Página8,20,,4292,8486,96,2669,9491,4257,0
Página8,20,,4290,8453,95,2668,9503,4258,0
Página8,20,,4294,8486,95,2670,9491,4261,0
Página8,20,,4293,8476,96,2668,9504,4260,0
Página8,20,,4291,8437,95,2669,9515,4262,0
Página8,20,,4296,8516,95,2667,9472,4262,0
Página8,20,,4295,8494,95,2667,9482,4263,0
Página8,20,,4296,8493,96,2666,9493,4257,0
Página8,20,,4292,8492,95,2666,9495,4264,0
Página8,20,,4295,8483,95,2666,9498,4264,0
Página8,20,,4292,8458,96,2667,9516,4265,0
Página8,20,,4290,8420,95,2666,9546,4265,0
Página8,20,,4292,8413,95,2665,9546,4267,0
Página8,20,,4294,8488,95,2665,9496,4266,0
Página8,20,,4295,8497,96,2664,9489,4267,0
Página8,20,,4295,8500,95,2665,9488,4267,0
Página8,20,,4296,8506,96,2666,9485,4268,0
Página8,20,,4296,8515,95,2665,9476,4269,0
Página8,20,,4297,8505,96,2663,9487,4263,0
Página8,20,,4294,8490,96,2664,9480,4270,0
Página8,20,,4276,8226,95,2665,9683,4269,0
Página8,20,,4297,8510,96,2667,9475,4269,0
Página8,20,,4295,8500,95,2665,9486,4270,0
Página8,20,,4289,8505,96,2666,9492,4271,0
Página8,20,,4295,8499,95,2666,9495,4271,0
Página8,20,,4294,8498,95,2665,9496,4271,0
Página8,20,,4293,8497,95,2665,9496,4271,0
Página8,20,,4294,8501,95,2666,9493,4271,0
Página8,20,,4294,8501,96,2665,9488,4272,0
Página8,20,,4292,8484,96,2664,9496,4271,0
Página8,20,,4293,8506,95,2664,9479,4271,0
Página8,20,,4293,8508,95,2665,9476,4272,0
Página8,20,,4293,8509,95,2664,9475,4272,0
Página8,20,,4295,8517,95,2664,9482,4273,0
Página8,20,,4286,8514,95,2664,9482,4272,0
Página8,20,,4291,8509,95,2660,9490,4271,0
Página8,20,,4275,8515,95,2658,9476,4271,0
Página8,20,,4288,8517,95,2662,9500,4269,0
Página8,20,,4287,8514,95,2658,9507,4268,0
Página8,20,,4287,8516,96,2659,9509,4268,0
Página8,20,,4286,8507,95,2661,9516,4264,0
Página8,20,,4287,8502,95,2661,9516,4264,0
Página8,20,,4286,8485,95,2662,9516,4269,0
Página8,20,,4284,8483,95,2661,9524,4270,0
Página8,20,,4283,8454,95,2663,9530,4270,0
Página8,20,,4279,8471,95,2662,9536,4270,0
Página8,20,,4280,8458,95,2663,9509,4266,0
Página8,20,,4283,8474,95,2663,9528,4271,0
Página8,20,,4283,8477,95,2662,9527,4271,0
Página8,20,,4283,8473,95,2663,9527,4271,0
Página8,20,,4283,8476,95,2663,9532,4271,0
Página8,20,,4283,8476,96,2662,9545,4269,0
Página8,20,,4276,8474,95,2662,9547,4271,0
Página8,20,,4275,8477,95,2663,9540,4271,0
Página8,20,,4282,8474,95,2663,9534,4271,0
Página8,20,,4280,8469,95,2665,9537,4272,0
Página8,20,,4283,8467,95,2665,9530,4268,0
Página8,20,,4280,8464,96,2665,9533,4270,0
Página8,20,,4269,8422,96,2666,9539,4263,0
Página8,20,,4269,8442,96,2668,9519,4262,0
Página8,20,,4273,8458,95,2670,9522,4265,0
Página8,20,,4268,8464,95,2670,9500,4261,0
Página8,20,,4267,8460,96,2668,9512,4255,0
Página8,20,,4266,8460,96,2670,9510,4249,0
Página8,20,,4266,8476,96,2673,9491,4257,0
Página8,20,,4269,8478,95,2672,9512,4258,0
Página8,20,,4269,8465,96,2673,9530,4260,0
Página8,20,,4264,8447,96,2673,9540,4260,0
Página8,20,,4270,8475,96,2673,9538,4261,0
Página8,20,,4267,8475,96,2675,9519,4258,0
Página8,20,,4266,8485,95,2676,9514,4258,0
Página8,20,,4265,8485,96,2673,9510,4255,0
Página8,20,,4263,8485,96,2674,9514,4247,0
Página8,20,,4263,8465,96,2674,9532,4258,0
Página8,20,,4265,8440,95,2675,9558,4258,0
Página8,20,,4259,8456,95,2675,9563,4259,0
Página8,20,,4260,8466,96,2675,9557,4259,0
Página8,20,,4261,8472,96,2677,9549,4259,0
Página8,20,,4259,8459,97,2676,9536,4252,0
Página8,20,,4258,8455,96,2677,9537,4251,0
Página8,20,,4256,8453,96,2679,9537,4250,0
Página8,20,,4256,8456,96,2681,9533,4249,0
Página8,20,,4257,8469,95,2683,9524,4248,0
Página8,20,,4254,8462,96,2683,9522,4249,0
Página8,20,,4252,8449,96,2682,9530,4247,0
Página8,20,,4251,8428,96,2683,9555,4246,0
Página8,20,,4235,8309,96,2685,9599,4245,0
Página8,20,,4241,8442,96,2684,9561,4244,0
Página8,20,,4248,8454,96,2684,9558,4245,0
Página8,20,,4250,8475,96,2686,9546,4250,0
Página8,20,,4257,8487,96,2688,9553,4251,0
Página8,20,,4257,8482,96,2690,9553,4251,0
Página8,20,,4257,8470,95,2687,9562,4245,0
Página8,20,,4254,8456,96,2684,9585,4250,0
Página8,20,,4254,8467,96,2681,9559,4251,0
Página8,20,,4255,8470,96,2683,9560,4251,0
Página8,20,,4255,8475,97,2684,9557,4252,0
Página8,20,,4255,8474,96,2683,9561,4253,0
Página8,20,,4254,8472,96,2683,9568,4252,0
Página8,20,,4255,8475,96,2683,9573,4253,0
Página8,20,,4250,8479,96,2683,9577,4254,0
Página8,20,,4255,8485,97,2683,9578,4246,0
Página8,20,,4255,8490,96,2682,9563,4253,0
Página8,20,,4256,8488,97,2683,9568,4253,0
Página8,20,,4256,8485,96,2683,9582,4253,0
Página8,20,,4255,8468,96,2684,9593,4255,0
Página8,20,,4249,8491,96,2683,9599,4254,0
Página8,20,,4255,8480,96,2684,9602,4253,0
Página8,20,,4255,8476,96,2683,9616,4253,0
Página8,20,,4256,8496,96,2680,9596,4253,0
Página8,20,,4256,8493,96,2681,9601,4254,0
Página8,20,,4257,8490,96,2682,9599,4255,0
Página8,20,,4256,8494,96,2684,9594,4254,0
Página8,20,,4256,8506,96,2683,9585,4253,0
Página8,20,,4256,8508,96,2683,9589,4253,0
Página8,20,,4256,8505,95,2684,9589,4253,0
Página8,20,,4256,8505,95,2682,9590,4254,0
Página8,20,,4255,8507,97,2689,9584,4253,0
Página8,20,,4255,8498,96,2692,9592,4252,0
Página8,20,,4251,8445,97,2693,9630,4245,0
Página8,20,,4250,8442,96,2692,9633,4245,0
Página8,20,,4251,8449,96,2692,9619,4252,0
Página8,20,,4250,8446,97,2691,9626,4251,0
Página8,20,,4252,8489,96,2692,9576,4252,0
Página8,20,,4255,8526,96,2692,9566,4251,0
Página8,20,,4251,8487,96,2691,9590,4251,0
Página8,20,,4250,8474,96,2690,9569,4252,0
Página8,20,,4252,8505,96,2690,9595,4252,0
Página8,20,,4252,8512,96,2688,9569,4250,0
Página8,20,,4250,8484,96,2689,9592,4250,0
Página8,20,,4250,8498,96,2688,9589,4247,0
Página8,20,,4251,8514,96,2683,9581,4242,0
Página8,20,,4249,8510,96,2684,9582,4249,0
Página8,20,,4249,8519,95,2680,9568,4249,0
Página8,20,,4249,8516,96,2680,9568,4248,0
Página8,20,,4247,8493,96,2682,9583,4248,0
Página8,20,,4246,8489,96,2680,9598,4250,0
Página8,20,,4246,8497,96,2680,9595,4241,0
Página8,20,,4247,8518,95,2680,9566,4248,0
Página8,20,,4247,8517,95,2681,9576,4247,0
Página8,20,,4246,8512,95,2680,9588,4247,0
Página8,20,,4246,8519,95,2681,9593,4247,0
Página8,20,,4247,8537,95,2679,9583,4247,0
Página8,20,,4243,8483,95,2681,9629,4246,0
Página8,20,,4238,8439,96,2682,9655,4245,0
Página8,20,,4240,8465,96,2680,9637,4245,0
Página8,20,,4242,8497,96,2682,9614,4245,0
Página8,20,,4241,8490,95,2683,9613,4245,0
Página8,20,,4243,8524,95,2683,9598,4244,0
Página8,20,,4241,8520,96,2681,9595,4242,0
Página8,20,,4240,8524,96,2679,9588,4238,0
Página8,20,,4230,8512,97,2678,9591,4236,0
Página8,20,,4229,8499,96,2679,9593,4236,0
Página8,20,,4236,8514,96,2679,9594,4235,0
Página8,20,,4236,8513,96,2678,9599,4236,0
Página8,20,,4236,8515,96,2681,9593,4234,0
Página8,20,,4236,8516,96,2681,9590,4233,0
Página8,20,,4235,8511,96,2683,9602,4233,0
Página8,20,,4234,8506,96,2684,9602,4232,0
Página8,20,,4235,8511,96,2683,9597,4226,0
Página8,20,,4234,8513,96,2683,9598,4231,0
Página8,20,,4235,8521,96,2684,9593,4231,0
Página8,20,,4234,8515,95,2685,9596,4230,0
Página8,20,,4233,8523,96,2685,9593,4229,0
Página8,20,,4235,8525,95,2687,9589,4229,0
Página8,20,,4235,8525,95,2684,9589,4228,0
Página8,20,,4233,8531,96,2686,9584,4228,0
Página8,20,,4233,8533,96,2687,9583,4221,0
Página8,20,,4233,8532,96,2687,9583,4221,0
Página8,20,,4232,8532,95,2688,9568,4228,0
Página8,20,,4233,8518,96,2688,9580,4230,0
Página8,20,,4223,8506,96,2689,9586,4228,0
Página8,20,,4229,8515,96,2687,9575,4227,0
Página8,20,,4227,8507,96,2689,9574,4225,0
Página8,20,,4227,8506,95,2688,9575,4225,0
Página8,20,,4227,8511,96,2684,9576,4226,0
Página8,20,,4225,8493,95,2686,9598,4224,0
Página8,20,,4219,8496,95,2687,9573,4219,0
Página8,20,,4220,8498,95,2687,9582,4220,0
Página8,20,,4220,8498,95,2688,9585,4220,0
Página8,20,,4220,8484,96,2687,9588,4220,0
Página8,20,,4219,8503,96,2687,9582,4211,0
Página8,20,,4218,8501,95,2685,9579,4217,0
Página8,20,,4217,8503,95,2689,9581,4216,0
Página8,20,,4218,8493,95,2689,9597,4215,0
Página8,20,,4220,8491,96,2689,9591,4216,0
Página8,20,,4215,8489,95,2689,9599,4212,0
Página8,20,,4216,8507,96,2690,9590,4213,0
Página8,20,,4217,8521,96,2690,9584,4213,0
Página8,20,,4216,8519,96,2688,9588,4212,0
Página8,20,,4216,8522,96,2690,9597,4214,0
Página8,20,,4215,8503,96,2689,9591,4212,0
Página8,20,,4207,8502,96,2690,9601,4211,0
Página8,20,,4209,8515,96,2691,9591,4211,0
Página8,20,,4214,8511,95,2693,9592,4210,0
Página8,20,,4214,8514,96,2690,9589,4210,0
Página8,20,,4215,8517,96,2691,9586,4210,0
Página8,20,,4213,8504,96,2691,9589,4211,0
Página8,20,,4211,8489,96,2691,9600,4211,0
Página8,20,,4212,8495,96,2690,9589,4210,0
Página8,20,,4211,8496,95,2692,9588,4210,0
Página8,20,,4212,8506,95,2693,9587,4210,0
Página8,20,,4211,8504,96,2692,9587,4204,0
Página8,20,,4211,8501,96,2691,9576,4210,0
Página8,20,,4211,8504,96,2691,9572,4210,0
Página8,20,,4211,8492,96,2691,9587,4210,0
Página8,20,,4209,8504,96,2689,9586,4209,0
Página8,20,,4208,8506,97,2687,9585,4209,0
Página8,20,,4208,8514,96,2686,9590,4208,0
Página8,20,,4205,8504,96,2688,9595,4206,0
Página8,20,,4205,8511,95,2688,9594,4206,0
Página8,20,,4207,8512,96,2689,9594,4207,0
Página8,20,,4206,8513,96,2690,9596,4202,0
Página8,20,,4205,8511,96,2690,9601,4204,0
Página8,20,,4202,8496,96,2691,9604,4208,0
Página8,20,,4204,8506,96,2691,9603,4207,0
Página8,20,,4204,8507,95,2692,9604,4207,0
Página8,20,,4204,8509,96,2691,9609,4207,0
Página8,20,,4206,8516,96,2692,9606,4208,0
Página8,20,,4205,8518,96,2690,9593,4208,0
Página8,20,,4205,8508,96,2697,9607,4208,0
Página8,20,,4204,8507,96,2694,9607,4207,0
Página8,20,,4197,8523,96,2692,9612,4206,0
Página8,20,,4197,8533,96,2693,9602,4206,0
Página8,20,,4206,8526,96,2690,9604,4207,0
Página8,20,,4203,8519,96,2693,9591,4204,0
Página8,20,,4202,8509,96,2701,9596,4203,0
Página8,20,,4202,8505,96,2702,9595,4203,0
Página8,20,,4202,8511,96,2698,9593,4203,0
Página8,20,,4203,8525,96,2698,9585,4204,0
Página8,20,,4202,8522,96,2697,9583,4203,0
Página8,20,,4202,8526,95,2696,9580,4202,0
Página8,20,,4201,8522,96,2696,9580,4195,0
Página8,20,,4202,8531,97,2697,9580,4196,0
Página8,20,,4202,8523,96,2695,9572,4203,0
Página8,20,,4194,8526,96,2696,9584,4202,0
Página8,20,,4194,8522,96,2696,9590,4202,0
Página8,20,,4201,8526,96,2695,9591,4201,0
Página8,20,,4201,8527,96,2693,9589,4200,0
Página8,20,,4207,8511,96,2696,9592,4202,0
Página8,20,,4198,8499,96,2695,9600,4200,0
Página8,20,,4200,8489,95,2696,9595,4199,0
Página8,20,,4200,8503,96,2697,9581,4199,0
Página8,20,,4199,8492,96,2696,9590,4191,0
Página8,20,,4202,8497,96,2697,9593,4193,0
Página8,20,,4191,8489,96,2696,9564,4189,0
Página8,20,,4195,8502,96,2698,9579,4193,0
Página8,20,,4195,8504,96,2698,9583,4193,0
Página8,20,,4194,8499,96,2699,9587,4193,0
Página8,20,,4194,8504,96,2699,9592,4195,0
Página8,20,,4195,8496,96,2697,9594,4194,0
Página8,20,,4188,8514,96,2698,9593,4194,0
Página8,20,,4190,8519,96,2697,9596,4193,0
Página8,20,,4196,8520,96,2699,9595,4193,0
Página8,20,,4196,8524,96,2697,9596,4192,0
Página8,20,,4194,8529,97,2699,9598,4191,0
Página8,20,,4194,8531,97,2700,9600,4191,0
Página8,20,,4194,8531,96,2701,9601,4190,0
Página8,20,,4193,8528,96,2701,9603,4190,0
Página8,20,,4196,8528,96,2701,9608,4191,0
Página8,20,,4186,8532,96,2700,9600,4188,0
Página8,20,,4193,8533,96,2701,9600,4188,0
Página8,20,,4193,8536,96,2700,9603,4188,0
Página8,20,,4192,8530,95,2700,9611,4187,0
Página8,20,,4189,8532,97,2699,9586,4184,0
Página8,20,,4189,8535,97,2698,9588,4183,0
Página8,20,,4188,8531,96,2698,9598,4183,0
Página8,20,,4189,8535,96,2700,9598,4178,0
Página8,20,,4189,8539,97,2699,9581,4184,0
Página8,20,,4190,8544,96,2701,9583,4184,0
Página8,20,,4189,8532,96,2702,9595,4184,0
Página8,20,,4182,8545,96,2703,9594,4184,0
Página8,20,,4188,8547,96,2703,9595,4184,0
Página8,20,,4189,8547,96,2703,9596,4183,0
Página8,20,,4189,8547,96,2702,9599,4183,0
Página8,20,,4187,8545,96,2704,9602,4183,0
Página8,20,,4188,8533,96,2705,9613,4183,0
Página8,20,,4187,8519,97,2704,9621,4184,0
Página8,20,,4186,8511,96,2705,9624,4183,0
Página8,20,,4184,8504,97,2706,9628,4183,0
Página8,20,,4183,8489,96,2706,9637,4182,0
Página8,20,,4183,8488,96,2705,9622,4181,0
Página8,20,,4184,8480,96,2707,9624,4175,0
Página8,20,,4182,8478,96,2706,9605,4180,0
Página8,20,,4180,8451,96,2707,9611,4180,0
Página8,20,,4179,8438,96,2705,9598,4179,0
Página8,20,,4180,8455,96,2706,9576,4179,0
Página8,20,,4181,8459,96,2706,9569,4180,0
Página8,20,,4182,8465,97,2705,9576,4180,0
Página8,20,,4182,8468,96,2707,9576,4179,0
Página8,20,,4183,8487,96,2707,9572,4179,0
Página8,20,,4184,8498,96,2708,9579,4179,0
Página8,20,,4184,8501,97,2707,9584,4174,0
Página8,20,,4185,8502,96,2704,9573,4181,0
Página8,20,,4184,8494,96,2706,9588,4181,0
Página8,20,,4179,8521,96,2706,9586,4180,0
Página8,20,,4178,8524,96,2708,9587,4180,0
Página8,20,,4187,8538,96,2706,9587,4180,0
Página8,20,,4187,8532,96,2707,9597,4181,0
Página8,20,,4186,8528,95,2707,9599,4180,0
Página8,20,,4186,8527,96,2708,9598,4181,0
Página8,20,,4187,8544,96,2708,9588,4181,0
Página8,20,,4187,8545,96,2708,9591,4180,0
Página8,20,,4189,8560,95,2708,9598,4186,0
Página8,20,,4187,8530,97,2701,9591,4182,0
Página8,20,,4188,8540,96,2702,9590,4182,0
Página8,20,,4181,8553,96,2704,9587,4182,0
Página8,20,,4188,8553,97,2706,9590,4182,0
Página8,20,,4187,8557,96,2706,9590,4184,0
Página8,20,,4187,8551,96,2704,9587,4181,0
Página8,20,,4186,8543,96,2706,9580,4180,0
Página8,20,,4186,8547,97,2706,9559,4179,0
Página8,20,,4185,8536,96,2706,9553,4179,0
Página8,20,,4185,8539,96,2706,9548,4173,0
Página8,20,,4180,8535,96,2702,9551,4178,0
Página8,20,,4182,8535,95,2706,9550,4178,0
Página8,20,,4183,8518,96,2706,9556,4178,0
Página8,20,,4184,8527,96,2707,9554,4179,0
Página8,20,,4183,8523,96,2706,9552,4179,0
Página8,20,,4185,8537,96,2706,9550,4180,0
Página8,20,,4183,8540,96,2703,9536,4179,0
Página8,20,,4181,8525,96,2699,9565,4177,0
Página8,20,,4179,8530,96,2698,9565,4176,0
Página8,20,,4179,8527,97,2699,9569,4176,0
Página8,20,,4180,8534,95,2702,9572,4176,0
Página8,20,,4180,8538,96,2701,9574,4169,0
Página8,20,,4183,8534,97,2701,9582,4172,0
Página8,20,,4181,8535,96,2703,9588,4177,0
Página8,20,,4180,8532,97,2703,9592,4177,0
Página8,20,,4181,8549,96,2704,9584,4177,0
Página8,20,,4181,8540,96,2704,9597,4177,0
Página8,20,,4183,8538,96,2704,9603,4179,0
Página8,20,,4182,8544,96,2703,9590,4178,0
Página8,20,,4181,8536,96,2705,9593,4175,0
Página8,20,,4182,8543,97,2705,9597,4173,0
Página8,20,,4181,8541,96,2705,9594,4179,0
Página8,20,,4180,8510,97,2705,9605,4181,0
Página8,20,,4181,8536,96,2706,9617,4178,0
Página8,20,,4181,8531,96,2706,9620,4179,0
Página8,20,,4182,8553,96,2704,9602,4179,0
Página8,20,,4182,8550,96,2707,9605,4180,0
Página8,20,,4183,8556,96,2706,9618,4180,0
Página8,20,,4182,8548,97,2705,9617,4173,0
Página8,20,,4183,8559,96,2709,9609,4175,0
Página8,20,,4182,8548,97,2708,9606,4179,0
Página8,20,,4181,8527,96,2709,9610,4178,0
Página8,20,,4179,8507,96,2709,9601,4178,0
Página8,20,,4173,8501,96,2708,9587,4179,0
Página8,20,,4180,8511,96,2707,9570,4177,0
Página8,20,,4179,8514,96,2707,9565,4177,0
Página8,20,,4180,8524,96,2709,9567,4178,0
Página8,20,,4180,8524,96,2709,9574,4177,0
Página8,20,,4179,8509,96,2706,9602,4179,0
Página8,20,,4178,8512,97,2706,9597,4178,0
Página8,20,,4180,8530,96,2709,9594,4178,0
Página8,20,,4180,8530,96,2708,9593,4177,0
Página8,20,,4179,8529,96,2709,9596,4176,0
Página8,20,,4180,8535,96,2709,9606,4176,0
Página8,20,,4173,8533,96,2709,9607,4176,0
Página8,20,,4179,8534,96,2710,9609,4175,0
Página8,20,,4180,8550,97,2708,9596,4175,0
Página8,20,,4180,8541,96,2709,9601,4174,0
Página8,20,,4180,8533,96,2710,9617,4176,0
Página8,20,,4179,8544,96,2710,9605,4173,0
Página8,20,,4179,8542,96,2710,9615,4173,0
Página8,20,,4179,8546,96,2710,9616,4167,0
Página8,20,,4179,8532,96,2710,9622,4171,0
Página8,20,,4180,8544,97,2710,9605,4175,0
Página8,20,,4180,8540,97,2709,9615,4177,0
Página8,20,,4180,8537,97,2710,9613,4177,0
Página8,20,,4180,8536,96,2711,9605,4178,0
Página8,20,,4179,8525,96,2711,9610,4178,0
Página8,20,,4179,8524,96,2711,9610,4179,0
Página8,20,,4181,8517,96,2709,9615,4178,0
Página8,20,,4179,8522,97,2711,9608,4173,0
Página8,20,,4179,8530,96,2710,9595,4179,0
Página8,20,,4180,8531,96,2711,9598,4179,0
Página8,20,,4181,8519,96,2708,9622,4178,0
Página8,20,,4177,8526,96,2696,9626,4178,0
Página8,20,,4177,8541,96,2701,9626,4178,0
Página8,20,,4170,8534,97,2701,9625,4177,0
Página8,20,,4177,8533,96,2703,9623,4177,0
Página8,20,,4176,8535,96,2703,9623,4177,0
Página8,20,,4177,8532,97,2705,9627,4178,0
Página8,20,,4176,8520,96,2704,9646,4181,0
Página8,20,,4178,8537,97,2702,9634,4174,0
Página8,20,,4178,8538,96,2705,9638,4173,0
Página8,20,,4177,8488,96,2704,9660,4180,0
Página8,20,,4179,8548,97,2705,9622,4180,0
Página8,20,,4180,8546,95,2705,9636,4180,0
Página8,20,,4179,8556,97,2705,9639,4181,0
Página8,20,,4181,8597,96,2703,9639,4181,0
Página8,20,,4183,8591,96,2703,9628,4181,0
Página8,20,,4184,8605,95,2707,9614,4181,0
Página8,20,,4185,8600,96,2706,9627,4181,0
Página8,20,,4186,8600,96,2705,9622,4181,0
Página8,20,,4183,8580,96,2707,9634,4181,0
Página8,20,,4179,8521,96,2707,9688,4181,0
Página8,20,,4170,8517,96,2707,9703,4181,0
Página8,20,,4175,8467,96,2708,9724,4181,0
Página8,20,,4150,8116,96,2707,10010,4182,0
Página8,20,,4169,8419,96,2707,9755,4181,0
Página8,20,,4181,8548,96,2709,9678,4180,0
Página8,20,,4173,8451,96,2709,9743,4180,0
Página8,20,,4177,8501,97,2709,9710,4181,0
Página8,20,,4177,8472,96,2710,9747,4182,0
Página8,20,,4175,8467,96,2710,9766,4181,0
Página8,20,,4175,8485,96,2709,9730,4181,0
Página8,20,,4175,8457,96,2710,9750,4178,0
Página8,20,,4172,8436,96,2710,9763,4175,0
Página8,20,,4172,8425,96,2709,9777,4183,0
Página8,20,,4174,8547,96,2709,9686,4182,0
Página8,20,,4183,8566,96,2709,9673,4182,0
Página8,20,,4181,8547,96,2710,9687,4182,0
Página8,20,,4184,8607,97,2709,9644,4182,0
Página8,20,,4183,8618,96,2710,9630,4182,0
Página8,20,,4185,8617,97,2710,9638,4182,0
Página8,20,,4184,8614,97,2711,9632,4182,0
Página8,20,,4186,8616,96,2711,9631,4183,0
Página8,20,,4186,8623,97,2711,9620,4176,0
Página8,20,,4186,8615,97,2710,9629,4177,0
Página8,20,,4184,8597,97,2709,9646,4184,0
Página8,20,,4185,8599,97,2709,9628,4184,0
Página8,20,,4182,8604,96,2709,9630,4182,0
Página8,20,,4182,8600,97,2709,9615,4182,0
Página8,20,,4182,8615,97,2710,9614,4184,0
Página8,20,,4182,8598,96,2709,9604,4182,0
Página8,20,,4174,8600,97,2710,9613,4182,0
Página8,20,,4173,8603,97,2709,9601,4182,0
Página8,20,,4180,8595,96,2708,9606,4182,0
Página8,20,,4178,8586,96,2709,9617,4181,0
Página8,20,,4180,8624,96,2709,9594,4182,0
Página8,20,,4180,8620,96,2709,9595,4181,0
Página8,20,,4179,8620,96,2708,9599,4181,0
Página8,20,,4178,8626,96,2705,9600,4179,0
Página8,20,,4176,8626,96,2702,9593,4177,0
Página8,20,,4168,8635,97,2701,9593,4176,0
Página8,20,,4168,8634,97,2702,9590,4176,0
Página8,20,,4175,8638,96,2703,9593,4176,0
Página8,20,,4175,8635,96,2704,9596,4176,0
Página8,20,,4173,8628,97,2706,9599,4177,0
Página8,20,,4173,8597,96,2706,9603,4177,0
Página8,20,,4175,8642,96,2708,9591,4177,0
Página8,20,,4174,8633,97,2705,9594,4177,0
Página8,20,,4174,8626,96,2706,9599,4178,0
Página8,20,,4172,8619,97,2706,9603,4178,0
Página8,20,,4173,8623,96,2706,9599,4177,0
Página8,20,,4173,8607,97,2707,9592,4171,0
Página8,20,,4175,8636,97,2707,9583,4178,0
Página8,20,,4174,8633,96,2706,9601,4178,0
Página8,20,,4174,8633,97,2705,9607,4178,0
Página8,20,,4174,8640,97,2706,9614,4178,0
Página8,20,,4174,8642,97,2706,9618,4178,0
Página8,20,,4175,8634,96,2706,9621,4177,0
Página8,20,,4174,8641,97,2706,9631,4172,0
Página8,20,,4174,8648,96,2707,9611,4178,0
Página8,20,,4175,8651,97,2707,9611,4178,0
Página8,20,,4175,8640,96,2707,9627,4178,0
Página8,20,,4175,8640,97,2703,9630,4179,0
Página8,20,,4176,8647,97,2705,9638,4181,0
Página8,20,,4173,8635,96,2707,9646,4178,0
Página8,20,,4175,8642,97,2709,9640,4179,0
Página8,20,,4174,8640,97,2707,9638,4179,0
Página8,20,,4174,8638,96,2707,9638,4179,0
Página8,20,,4175,8640,97,2706,9642,4180,0
Página8,20,,4174,8637,97,2707,9645,4179,0
Página8,20,,4175,8640,96,2708,9641,4180,0
Página8,20,,4175,8642,97,2709,9641,4179,0
Página8,20,,4173,8628,97,2709,9657,4180,0
Página8,20,,4175,8640,97,2709,9653,4174,0
Página8,20,,4174,8613,97,2709,9663,4180,0
Página8,20,,4173,8599,97,2709,9678,4180,0
Página8,20,,4167,8623,97,2708,9669,4180,0
Página8,20,,4174,8636,96,2710,9661,4181,0
Página8,20,,4175,8628,97,2710,9672,4181,0
Página8,20,,4175,8649,96,2709,9648,4181,0
Página8,20,,4175,8648,97,2708,9645,4181,0
Página8,20,,4174,8632,98,2708,9654,4182,0
Página8,20,,4174,8629,96,2709,9652,4182,0
Página8,20,,4176,8657,96,2708,9650,4184,0
Página8,20,,4175,8647,97,2708,9638,4183,0
Página8,20,,4172,8642,97,2708,9639,4183,0
Página8,20,,4174,8641,96,2708,9639,4184,0
Página8,20,,4174,8643,96,2708,9640,4183,0
Página8,20,,4175,8646,97,2708,9640,4185,0
Página8,20,,4175,8643,97,2707,9637,4177,0
Página8,20,,4174,8641,97,2708,9623,4184,0
Página8,20,,4175,8646,97,2708,9620,4183,0
Página8,20,,4175,8633,96,2709,9637,4184,0
Página8,20,,4170,8560,96,2708,9689,4184,0
Página8,20,,4169,8568,96,2704,9694,4177,0
Página8,20,,4166,8569,97,2698,9684,4182,0
Página8,20,,4167,8575,96,2700,9701,4182,0
Página8,20,,4167,8575,96,2701,9706,4181,0
Página8,20,,4166,8573,97,2701,9713,4182,0
Página8,20,,4167,8569,96,2703,9719,4182,0
Página8,20,,4168,8587,96,2703,9709,4182,0
Página8,20,,4169,8591,97,2705,9710,4178,0
Página8,20,,4169,8576,96,2705,9708,4183,0
Página8,20,,4169,8581,96,2704,9705,4183,0
Página8,20,,4162,8598,97,2702,9699,4183,0
Página8,20,,4170,8601,96,2703,9700,4184,0
Página8,20,,4171,8606,96,2701,9704,4185,0
Página8,20,,4171,8606,97,2704,9705,4185,0
Página8,20,,4171,8614,96,2705,9708,4184,0
Página8,20,,4171,8612,96,2704,9713,4185,0
Página8,20,,4171,8616,97,2704,9716,4185,0
Página8,20,,4173,8621,96,2703,9719,4187,0
Página8,20,,4173,8623,96,2704,9719,4186,0
Página8,20,,4173,8621,97,2705,9721,4186,0
Página8,20,,4173,8624,96,2706,9723,4186,0
Página8,20,,4173,8624,96,2706,9719,4186,0
Página8,20,,4174,8631,96,2706,9721,4186,0
Página8,20,,4165,8622,96,2706,9718,4187,0
Página8,20,,4166,8625,97,2706,9719,4187,0
Página8,20,,4170,8625,96,2706,9726,4187,0
Página8,20,,4174,8630,96,2707,9727,4187,0
Página8,20,,4176,8642,96,2707,9739,4189,0
Página8,20,,4178,8678,96,2706,9701,4187,0
Página8,20,,4179,8692,96,2706,9696,4187,0
Página8,20,,4179,8697,97,2707,9699,4187,0
Página8,20,,4179,8701,96,2707,9700,4181,0
Página8,20,,4176,8659,96,2707,9731,4181,0
Página8,20,,4176,8665,96,2706,9737,4186,0
Página8,20,,4177,8670,97,2707,9728,4186,0
Página8,20,,4178,8693,97,2707,9717,4186,0
Página8,20,,4178,8696,96,2709,9715,4186,0
Página8,20,,4180,8720,97,2716,9699,4187,0
Página8,20,,4179,8695,97,2715,9727,4188,0
Página8,20,,4178,8685,97,2719,9725,4185,0
Página8,20,,4179,8712,96,2719,9701,4185,0
Página8,20,,4181,8713,97,2716,9700,4185,0
Página8,20,,4178,8698,98,2720,9719,4178,0
Página8,20,,4182,8713,97,2719,9681,4186,0
Página8,20,,4181,8713,97,2719,9687,4186,0
Página8,20,,4181,8730,97,2718,9678,4186,0
Página8,20,,4175,8735,98,2719,9683,4186,0
Página8,20,,4174,8737,97,2718,9676,4186,0
Página8,20,,4177,8676,97,2720,9728,4187,0
Página8,20,,4176,8657,97,2720,9739,4186,0
Página8,20,,4176,8653,97,2721,9748,4187,0
Página8,20,,4176,8661,98,2721,9743,4186,0
Página8,20,,4176,8656,97,2720,9746,4187,0
Página8,20,,4179,8665,98,2721,9760,4187,0
Página8,20,,4177,8668,97,2720,9750,4179,0
Página8,20,,4178,8671,97,2719,9731,4186,0
Página8,20,,4177,8664,98,2723,9730,4186,0
Página8,20,,4177,8670,98,2723,9729,4186,0
Página8,20,,4173,8657,98,2717,9725,4184,0
Página8,20,,4172,8651,98,2717,9729,4182,0
Página8,20,,4173,8654,97,2719,9731,4183,0
Página8,20,,4174,8660,97,2721,9729,4183,0
Página8,20,,4174,8663,98,2720,9732,4183,0
Página8,20,,4174,8675,97,2721,9728,4183,0
Página8,20,,4175,8674,98,2722,9727,4183,0
Página8,20,,4176,8684,97,2723,9724,4183,0
Página8,20,,4177,8687,98,2723,9730,4184,0
Página8,20,,4176,8685,97,2722,9714,4184,0
Página8,20,,4179,8726,98,2724,9695,4185,0
Página8,20,,4179,8714,99,2725,9716,4185,0
Página8,20,,4180,8716,98,2724,9713,4185,0
Página8,20,,4182,8717,98,2725,9719,4186,0
Página8,20,,4180,8724,97,2724,9713,4185,0
Página8,20,,4179,8723,97,2726,9708,4185,0
Página8,20,,4179,8719,97,2726,9709,4186,0
Página8,20,,4179,8717,98,2724,9710,4186,0
Página8,20,,4179,8719,98,2723,9703,4188,0
Página8,20,,4181,8731,98,2723,9693,4189,0
Página8,20,,4179,8719,98,2724,9694,4181,0
Página8,20,,4179,8716,97,2723,9677,4187,0
Página8,20,,4182,8752,97,2724,9650,4187,0
Página8,20,,4182,8747,98,2727,9663,4187,0
Página8,20,,4183,8747,97,2723,9661,4189,0
Página8,20,,4175,8761,97,2723,9662,4188,0
Página8,20,,4182,8759,98,2723,9659,4188,0
Página8,20,,4183,8760,98,2724,9660,4188,0
Página8,20,,4182,8755,97,2723,9669,4188,0
Página8,20,,4183,8753,97,2725,9677,4190,0
Página8,20,,4182,8752,98,2723,9679,4189,0
Página8,20,,4183,8752,97,2723,9683,4189,0
Página8,20,,4182,8753,97,2721,9683,4190,0
Página8,20,,4182,8753,98,2723,9684,4190,0
Página8,20,,4185,8767,97,2721,9682,4189,0
Página8,20,,4184,8778,98,2721,9658,4189,0
Página8,20,,4179,8714,97,2721,9701,4190,0
Página8,20,,4179,8691,97,2721,9727,4190,0
Página8,20,,4179,8693,97,2721,9733,4190,0
Página8,20,,4182,8737,96,2720,9711,4191,0
Página8,20,,4178,8695,97,2719,9739,4190,0
Página8,20,,4184,8770,97,2721,9687,4191,0
Página8,20,,4180,8718,97,2721,9729,4191,0
Página8,20,,4180,8719,98,2720,9731,4191,0
Página8,20,,4180,8729,97,2721,9736,4192,0
Página8,20,,4181,8734,97,2719,9732,4191,0
Página8,20,,4182,8742,97,2719,9719,4190,0
Página8,20,,4182,8742,97,2721,9723,4191,0
Página8,20,,4181,8737,97,2720,9728,4190,0
Página8,20,,4184,8770,97,2718,9705,4193,0
Página8,20,,4184,8778,97,2719,9705,4191,0
Página8,20,,4184,8777,97,2720,9705,4191,0
Página8,20,,4184,8782,98,2719,9704,4185,0
Página8,20,,4184,8771,97,2719,9701,4184,0
Página8,20,,4185,8795,97,2721,9688,4191,0
Página8,20,,4186,8776,97,2720,9706,4192,0
Página8,20,,4185,8793,97,2717,9705,4191,0
Página8,20,,4182,8791,97,2712,9717,4190,0
Página8,20,,4179,8752,98,2712,9736,4188,0
Página8,20,,4178,8749,98,2718,9738,4188,0
Página8,20,,4179,8751,98,2713,9737,4188,0
Página8,20,,4178,8738,98,2718,9750,4188,0
Página8,20,,4179,8748,98,2720,9735,4189,0
Página8,20,,4178,8731,98,2720,9750,4182,0
Página8,20,,4177,8731,98,2719,9747,4187,0
Página8,20,,4179,8742,98,2718,9745,4190,0
Página8,20,,4179,8745,97,2715,9746,4190,0
Página8,20,,4181,8738,97,2715,9745,4192,0
Página8,20,,4180,8754,97,2716,9740,4191,0
Página8,20,,4179,8740,97,2715,9749,4190,0
Página8,20,,4179,8753,97,2716,9737,4191,0
Página8,20,,4179,8744,97,2716,9749,4192,0
Página8,20,,4178,8717,98,2717,9757,4194,0
Página8,20,,4175,8678,98,2715,9774,4191,0
Página8,20,,4174,8658,97,2713,9779,4192,0
Página8,20,,4176,8701,97,2713,9768,4192,0
Página8,20,,4171,8728,97,2713,9761,4192,0
Página8,20,,4173,8726,97,2710,9763,4194,0
Página8,20,,4178,8730,97,2712,9774,4193,0
Página8,20,,4179,8730,97,2713,9775,4192,0
Página8,20,,4179,8746,97,2712,9760,4193,0
Página8,20,,4180,8752,97,2713,9765,4193,0
Página8,20,,4181,8755,97,2714,9774,4194,0
Página8,20,,4181,8751,97,2712,9770,4187,0
Página8,20,,4180,8753,97,2711,9771,4191,0
Página8,20,,4182,8763,97,2711,9747,4194,0
Página8,20,,4186,8802,97,2713,9718,4194,0
Página8,20,,4182,8755,97,2715,9766,4195,0
Página8,20,,4182,8762,97,2714,9763,4195,0
Página8,20,,4183,8765,97,2714,9767,4195,0
Página8,20,,4182,8759,97,2713,9773,4195,0
Página8,20,,4182,8765,98,2712,9769,4195,0
Página8,20,,4183,8766,97,2713,9770,4196,0
Página8,20,,4184,8771,97,2711,9759,4196,0
Página8,20,,4183,8771,97,2713,9752,4196,0
Página8,20,,4183,8766,97,2714,9760,4197,0
Página8,20,,4184,8759,97,2714,9762,4196,0
Página8,20,,4176,8772,97,2713,9764,4196,0
Página8,20,,4184,8776,97,2715,9765,4199,0
Página8,20,,4185,8787,97,2713,9753,4197,0
Página8,20,,4184,8773,97,2715,9765,4198,0
Página8,20,,4185,8782,97,2715,9759,4197,0
Página8,20,,4186,8790,97,2715,9756,4198,0
Página8,20,,4186,8779,97,2714,9762,4199,0
Página8,20,,4184,8776,97,2715,9763,4199,0
Página8,20,,4185,8773,97,2715,9766,4199,0
Página8,20,,4185,8783,97,2713,9761,4199,0
Página8,20,,4186,8787,97,2714,9760,4199,0
Página8,20,,4187,8794,97,2715,9766,4199,0
Página8,20,,4187,8782,97,2714,9768,4200,0
Página8,20,,4187,8778,97,2714,9771,4200,0
Página8,20,,4181,8791,97,2715,9770,4201,0
Página8,20,,4180,8791,98,2715,9772,4200,0
Página8,20,,4186,8788,97,2713,9772,4200,0
Página8,20,,4183,8769,97,2709,9789,4197,0
Página8,20,,4182,8777,98,2707,9781,4197,0
Página8,20,,4182,8761,97,2709,9791,4197,0
Página8,20,,4181,8762,97,2710,9799,4199,0
Página8,20,,4173,8723,97,2711,9798,4199,0
Página8,20,,4183,8774,97,2711,9796,4199,0
Página8,20,,4185,8783,97,2711,9790,4193,0
Página8,20,,4184,8781,97,2711,9783,4200,0
Página8,20,,4185,8783,97,2707,9778,4202,0
Página8,20,,4182,8778,97,2710,9812,4203,0
Página8,20,,4181,8806,97,2713,9793,4201,0
Página8,20,,4188,8802,97,2712,9794,4201,0
Página8,20,,4188,8802,97,2713,9791,4202,0
Página8,20,,4187,8790,97,2712,9793,4202,0
Página8,20,,4189,8793,97,2713,9804,4203,0
Página8,20,,4188,8788,97,2714,9802,4203,0
Página8,20,,4189,8787,97,2713,9798,4203,0
Página8,20,,4189,8800,97,2713,9792,4203,0
Página8,20,,4192,8843,97,2713,9772,4204,0
Página8,20,,4190,8789,97,2713,9798,4205,0
Página8,20,,4190,8798,97,2713,9789,4198,0
Página8,20,,4190,8801,97,2713,9785,4202,0
Página8,20,,4189,8805,97,2714,9777,4205,0
Página8,20,,4190,8811,97,2713,9786,4205,0
Página8,20,,4194,8809,97,2713,9807,4207,0
Página8,20,,4193,8843,98,2713,9792,4205,0
Página8,20,,4193,8848,97,2713,9793,4205,0
Página8,20,,4193,8838,97,2714,9801,4206,0
Página8,20,,4191,8825,98,2715,9820,4206,0
Página8,20,,4193,8841,97,2715,9815,4207,0
Página8,20,,4196,8844,98,2714,9817,4198,0
Página8,20,,4193,8844,98,2715,9803,4205,0
Página8,20,,4193,8851,98,2716,9799,4204,0
Página8,20,,4193,8851,97,2716,9807,4203,0
Página8,20,,4193,8831,97,2714,9818,4203,0
Página8,20,,4187,8854,97,2717,9813,4202,0
Página8,20,,4192,8838,97,2717,9817,4201,0
Página8,20,,4192,8831,97,2716,9836,4201,0
Página8,20,,4193,8841,97,2717,9831,4201,0
Página8,20,,4192,8837,97,2718,9828,4201,0
Página8,20,,4192,8827,98,2717,9834,4202,0
Página8,20,,4192,8831,98,2718,9835,4200,0
Página8,20,,4192,8832,98,2717,9836,4201,0
Página8,20,,4191,8834,97,2721,9832,4200,0
Página8,20,,4193,8846,97,2720,9830,4200,0
Página8,20,,4194,8850,98,2721,9828,4200,0
Página8,20,,4194,8858,97,2719,9827,4193,0
Página8,20,,4194,8858,98,2721,9808,4200,0
Página8,20,,4193,8855,97,2721,9810,4198,0
Página8,20,,4194,8848,97,2721,9820,4199,0
Página8,20,,4195,8856,98,2723,9823,4200,0
Página8,20,,4194,8860,98,2722,9815,4199,0
Página8,20,,4193,8859,98,2721,9814,4199,0
Página8,20,,4193,8855,97,2723,9813,4199,0
Página8,20,,4194,8854,98,2724,9809,4200,0
Página8,20,,4193,8849,98,2724,9806,4201,0
Página8,20,,4192,8845,99,2719,9804,4199,0
Página8,20,,4189,8830,98,2718,9812,4197,0
Página8,20,,4189,8846,99,2716,9797,4196,0
Página8,20,,4188,8851,97,2716,9795,4195,0
Página8,20,,4188,8852,98,2717,9798,4189,0
Página8,20,,4189,8853,98,2718,9802,4189,0
Página8,20,,4190,8858,98,2718,9797,4197,0
Página8,20,,4189,8853,97,2718,9822,4197,0
Página8,20,,4190,8865,97,2718,9814,4197,0
Página8,20,,4191,8866,98,2720,9820,4198,0
Página8,20,,4190,8869,98,2721,9822,4198,0
Página8,20,,4191,8871,97,2721,9830,4199,0
Página8,20,,4191,8868,98,2720,9826,4198,0
Página8,20,,4191,8867,98,2722,9827,4191,0
Página8,20,,4191,8865,98,2723,9816,4197,0
Página8,20,,4191,8867,97,2722,9819,4197,0
Página8,20,,4193,8870,97,2723,9827,4198,0
Página8,20,,4192,8849,98,2725,9847,4198,0
Página8,20,,4186,8876,97,2723,9836,4197,0
Página8,20,,4191,8871,98,2724,9842,4197,0
Página8,20,,4192,8867,98,2724,9847,4197,0
Página8,20,,4193,8872,98,2723,9845,4197,0
Página8,20,,4193,8875,98,2724,9848,4198,0
Página8,20,,4193,8873,97,2723,9846,4197,0
Página8,20,,4194,8875,98,2725,9849,4196,0
Página8,20,,4193,8876,98,2727,9849,4196,0
Página8,20,,4193,8874,98,2724,9848,4196,0
Página8,20,,4191,8850,98,2723,9869,4195,0
Página8,20,,4192,8860,98,2726,9858,4194,0
Página8,20,,4193,8866,98,2724,9856,4195,0
Página8,20,,4192,8867,98,2727,9857,4195,0
Página8,20,,4193,8870,98,2727,9855,4191,0
Página8,20,,4193,8871,98,2726,9859,4194,0
Página8,20,,4193,8856,98,2727,9859,4195,0
Página8,20,,4186,8870,99,2728,9859,4196,0
Página8,20,,4186,8873,97,2728,9863,4196,0
Página8,20,,4194,8869,98,2729,9859,4195,0
Página8,20,,4196,8873,99,2728,9862,4196,0
Página8,20,,4194,8869,98,2729,9857,4195,0
Página8,20,,4194,8868,99,2728,9857,4195,0
Página8,20,,4194,8868,98,2729,9810,4187,0
Página8,20,,4194,8869,97,2731,9860,4195,0
Página8,20,,4194,8871,98,2731,9863,4196,0
Página8,20,,4194,8865,99,2728,9857,4194,0
Página8,20,,4193,8850,99,2730,9868,4194,0
Página8,20,,4194,8853,98,2729,9864,4194,0
Página8,20,,4192,8827,98,2730,9885,4194,0
Página8,20,,4193,8850,98,2729,9867,4196,0
Página8,20,,4193,8841,98,2729,9867,4188,0
Página8,20,,4165,8465,98,2728,10137,4195,0
Página8,20,,4188,8755,99,2730,9925,4195,0
Página8,20,,4192,8807,98,2731,9888,4195,0
Página8,20,,4189,8878,99,2729,9853,4196,0
Página8,20,,4198,8892,98,2729,9844,4198,0
Página8,20,,4197,8889,99,2730,9841,4197,0
Página8,20,,4197,8887,98,2731,9849,4197,0
Página8,20,,4197,8887,99,2731,9850,4196,0
Página8,20,,4197,8890,99,2729,9840,4196,0
Página8,20,,4195,8895,99,2724,9854,4193,0
Página8,20,,4195,8899,98,2721,9853,4185,0
Página8,20,,4195,8899,98,2725,9853,4186,0
Página8,20,,4188,8896,98,2726,9848,4193,0
Página8,20,,4188,8896,99,2727,9848,4193,0
Página8,20,,4196,8899,99,2729,9852,4193,0
Página8,20,,4196,8899,98,2727,9852,4194,0
Página8,20,,4199,8903,98,2728,9855,4195,0
Página8,20,,4197,8902,99,2728,9855,4194,0
Página8,20,,4197,8900,99,2730,9852,4194,0
Página8,20,,4197,8894,98,2729,9844,4195,0
Página8,20,,4196,8891,99,2730,9839,4188,0
Página8,20,,4199,8889,98,2731,9835,4187,0
Página8,20,,4196,8890,98,2730,9840,4196,0
Página8,20,,4197,8893,99,2730,9843,4196,0
Página8,20,,4197,8895,99,2730,9846,4197,0
Página8,20,,4197,8897,99,2731,9849,4197,0
Página8,20,,4196,8896,98,2731,9848,4199,0
Página8,20,,4198,8898,99,2731,9850,4199,0
Página8,20,,4198,8897,98,2730,9850,4199,0
Página8,20,,4198,8898,99,2730,9851,4199,0
Página8,20,,4198,8900,99,2731,9854,4199,0
Página8,20,,4199,8898,99,2732,9852,4193,0
Página8,20,,4199,8900,98,2732,9839,4201,0
Página8,20,,4192,8899,98,2732,9853,4201,0
Página8,20,,4192,8901,97,2732,9854,4201,0
Página8,20,,4199,8901,98,2732,9855,4201,0
Página8,20,,4200,8901,99,2732,9854,4202,0
Página8,20,,4198,8897,99,2732,9856,4202,0
Página8,20,,4200,8899,99,2732,9851,4202,0
Página8,20,,4199,8895,99,2733,9846,4203,0
Página8,20,,4199,8892,98,2732,9843,4202,0
Página8,20,,4199,8892,99,2732,9842,4203,0
Página8,20,,4201,8895,98,2732,9840,4204,0
Página8,20,,4200,8894,98,2730,9846,4203,0
Página8,20,,4200,8888,99,2731,9847,4203,0
Página8,20,,4200,8887,99,2730,9849,4204,0
Página8,20,,4199,8888,99,2730,9852,4204,0
Página8,20,,4200,8892,99,2729,9865,4200,0
Página8,20,,4200,8879,98,2729,9870,4204,0
Página8,20,,4200,8877,99,2729,9874,4204,0
Página8,20,,4193,8897,99,2729,9877,4204,0
Página8,20,,4194,8900,98,2729,9871,4204,0
Página8,20,,4202,8895,99,2729,9863,4205,0
Página8,20,,4202,8891,99,2728,9857,4205,0
Página8,20,,4201,8890,99,2728,9852,4206,0
Página8,20,,4201,8887,98,2728,9849,4207,0
Página8,20,,4201,8887,98,2728,9850,4208,0
Página8,20,,4201,8888,99,2728,9851,4209,0
Página8,20,,4202,8891,98,2728,9857,4208,0
Página8,20,,4201,8890,99,2728,9859,4202,0
Página8,20,,4201,8891,99,2728,9863,4201,0
Página8,20,,4201,8878,98,2728,9861,4209,0
Página8,20,,4201,8881,98,2727,9866,4209,0
Página8,20,,4203,8873,98,2728,9882,4210,0
Página8,20,,4201,8887,99,2726,9880,4209,0
Página8,20,,4201,8888,99,2723,9881,4201,0
Página8,20,,4200,8892,99,2719,9865,4207,0
Página8,20,,4198,8894,98,2719,9877,4206,0
Página8,20,,4199,8895,98,2721,9878,4205,0
Página8,20,,4199,8897,98,2722,9879,4206,0
Página8,20,,4200,8902,98,2722,9885,4208,0
Página8,20,,4199,8898,99,2721,9881,4207,0
Página8,20,,4200,8899,99,2723,9886,4207,0
Página8,20,,4200,8898,99,2723,9883,4207,0
Página8,20,,4201,8899,99,2723,9883,4207,0
Página8,20,,4200,8899,98,2723,9888,4210,0
Página8,20,,4201,8899,98,2722,9886,4202,0
Página8,20,,4200,8886,98,2722,9889,4208,0
Página8,20,,4202,8901,99,2723,9880,4209,0
Página8,20,,4202,8890,98,2723,9897,4209,0
Página8,20,,4202,8902,99,2725,9901,4210,0
Página8,20,,4202,8908,98,2722,9903,4209,0
Página8,20,,4203,8908,99,2724,9905,4209,0
Página8,20,,4203,8909,98,2725,9907,4210,0
Página8,20,,4203,8913,99,2723,9911,4210,0
Página8,20,,4203,8916,98,2724,9917,4210,0
Página8,20,,4205,8918,98,2722,9906,4211,0
Página8,20,,4204,8913,99,2724,9898,4209,0
Página8,20,,4204,8900,99,2725,9916,4209,0
Página8,20,,4204,8900,98,2725,9914,4209,0
Página8,20,,4197,8911,99,2726,9916,4209,0
Página8,20,,4203,8888,99,2723,9945,4210,0
Página8,20,,4203,8900,98,2725,9935,4210,0
Página8,20,,4203,8905,99,2727,9940,4209,0
Página8,20,,4201,8878,99,2727,9962,4210,0
Página8,20,,4205,8914,98,2727,9938,4209,0
Página8,20,,4204,8896,98,2728,9962,4209,0
Página8,20,,4204,8902,99,2729,9951,4208,0
Página8,20,,4204,8902,98,2728,9959,4208,0
Página8,20,,4205,8908,99,2728,9952,4207,0
Página8,20,,4204,8911,99,2726,9945,4208,0
Página8,20,,4205,8918,99,2725,9944,4200,0
Página8,20,,4204,8911,98,2728,9928,4206,0
Página8,20,,4201,8870,98,2728,9946,4205,0
Página8,20,,4204,8888,99,2729,9952,4205,0
Página8,20,,4204,8888,98,2729,9950,4205,0
Página8,20,,4197,8894,99,2731,9968,4205,0
Página8,20,,4203,8894,98,2730,9958,4205,0
Página8,20,,4206,8923,99,2730,9938,4206,0
Página8,20,,4206,8928,98,2731,9936,4205,0
Página8,20,,4207,8929,99,2731,9936,4205,0
Página8,20,,4207,8938,99,2732,9945,4205,0
Página8,20,,4207,8933,99,2731,9940,4206,0
Página8,20,,4206,8918,99,2733,9955,4204,0
Página8,20,,4205,8919,99,2733,9956,4199,0
Página8,20,,4206,8927,98,2733,9941,4205,0
Página8,20,,4205,8921,99,2734,9952,4206,0
Página8,20,,4207,8932,99,2733,9952,4205,0
Página8,20,,4175,8495,98,2733,10262,4204,0
Página8,20,,4204,8885,98,2734,9969,4204,0
Página8,20,,4208,8930,99,2735,9935,4205,0
Página8,20,,4203,8943,99,2735,9923,4207,0
Página8,20,,4208,8953,98,2731,9916,4205,0
Página8,20,,4207,8965,99,2727,9919,4203,0
Página8,20,,4209,8967,99,2727,9915,4203,0
Página8,20,,4206,8968,99,2729,9913,4203,0
Página8,20,,4207,8967,99,2731,9911,4203,0
Página8,20,,4207,8966,100,2732,9909,4203,0
Página8,20,,4207,8967,99,2732,9906,4203,0
Página8,20,,4208,8970,99,2733,9908,4204,0
Página8,20,,4208,8969,98,2733,9904,4205,0
Página8,20,,4208,8971,99,2733,9905,4205,0
Página8,20,,4208,8973,99,2734,9903,4198,0
Página8,20,,4208,8973,100,2734,9902,4199,0
Página8,20,,4209,8977,99,2733,9889,4207,0
Página8,20,,4202,8978,99,2727,9904,4206,0
Página8,20,,4209,8978,99,2733,9904,4207,0
Página8,20,,4209,8977,98,2734,9902,4207,0
Página8,20,,4209,8979,99,2735,9902,4208,0
Página8,20,,4212,8986,99,2732,9899,4208,0
Página8,20,,4210,8982,99,2734,9902,4209,0
Página8,20,,4210,8981,99,2734,9901,4209,0
Página8,20,,4210,8983,99,2735,9903,4209,0
Página8,20,,4210,8985,99,2734,9905,4209,0
Página8,20,,4211,8993,99,2734,9915,4207,0
Página8,20,,4211,8987,98,2733,9909,4211,0
Página8,20,,4210,8980,99,2732,9917,4210,0
Página8,20,,4211,8972,99,2734,9927,4211,0
Página8,20,,4210,8972,98,2734,9929,4211,0
Página8,20,,4210,8968,100,2734,9939,4212,0
Página8,20,,4211,8959,98,2733,9952,4213,0
Página8,20,,4205,8896,99,2734,9988,4212,0
Página8,20,,4205,8891,99,2733,9983,4212,0
Página8,20,,4206,8898,99,2734,9986,4212,0
Página8,20,,4206,8908,99,2735,9976,4205,0
Página8,20,,4207,8896,99,2735,9985,4213,0
Página8,20,,4205,8856,99,2735,10004,4212,0
Página8,20,,4200,8921,99,2735,9972,4213,0
Página8,20,,4201,8927,99,2734,9968,4213,0
Página8,20,,4208,8924,99,2734,9968,4213,0
Página8,20,,4210,8930,99,2736,9969,4214,0
Página8,20,,4208,8924,99,2734,9981,4213,0
Página8,20,,4207,8907,99,2735,10000,4213,0
Página8,20,,4207,8905,99,2734,10006,4213,0
Página8,20,,4206,8887,99,2733,10023,4213,0
Página8,20,,4210,8915,99,2735,10012,4214,0
Página8,20,,4207,8901,99,2733,10014,4214,0
Página8,20,,4204,8854,99,2735,10049,4214,0
Página8,20,,4206,8880,99,2735,10033,4214,0
Página8,20,,4205,8876,99,2735,10035,4213,0
Página8,20,,4207,8910,99,2736,10020,4215,0
Página8,20,,4208,8905,99,2734,10024,4212,0
Página8,20,,4209,8934,99,2735,10008,4205,0
Página8,20,,4210,8935,99,2738,10001,4212,0
Página8,20,,4209,8918,99,2737,10010,4211,0
Página8,20,,4210,8907,100,2739,10047,4212,0
Página8,20,,4212,8926,100,2736,10018,4211,0
Página8,20,,4208,8911,100,2737,10024,4212,0
Página8,20,,4204,8830,99,2735,10054,4211,0
Página8,20,,4204,8855,99,2730,10056,4209,0
Página8,20,,4206,8916,100,2731,10022,4208,0
Página8,20,,4208,8938,99,2733,10001,4209,0
Página8,20,,4208,8940,99,2734,10005,4209,0
Página8,20,,4209,8942,99,2734,10008,4204,0
Página8,20,,4208,8940,100,2736,9995,4210,0
Página8,20,,4209,8922,100,2738,10012,4210,0
Página8,20,,4208,8917,99,2738,10016,4209,0
Página8,20,,4202,8930,99,2738,10014,4210,0
Página8,20,,4207,8928,99,2737,10019,4211,0
Página8,20,,4208,8921,99,2740,10025,4210,0
Página8,20,,4209,8933,99,2738,10019,4211,0
Página8,20,,4209,8937,100,2738,10014,4210,0
Página8,20,,4210,8940,99,2739,10017,4210,0
Página8,20,,4212,8939,100,2739,10028,4212,0
Página8,20,,4210,8927,98,2739,10028,4211,0
Página8,20,,4212,8945,99,2740,10009,4212,0
Página8,20,,4206,8961,100,2740,10011,4211,0
Página8,20,,4206,8961,99,2741,10015,4212,0
Página8,20,,4208,8953,99,2740,10028,4211,0
Página8,20,,4212,8956,100,2739,10011,4211,0
Página8,20,,4213,8959,100,2741,10012,4211,0
Página8,20,,4212,8955,99,2740,10013,4210,0
Página8,20,,4212,8951,99,2741,10019,4210,0
Página8,20,,4215,8968,99,2741,10011,4210,0
Página8,20,,4209,8983,99,2741,10007,4210,0
Página8,20,,4215,8981,99,2741,10006,4210,0
Página8,20,,4215,8983,99,2741,10003,4210,0
Página8,20,,4215,8981,100,2741,10002,4210,0
Página8,20,,4215,8979,100,2741,10000,4212,0
Página8,20,,4217,8981,100,2740,10007,4211,0
Página8,20,,4215,8963,99,2742,9998,4211,0
Página8,20,,4216,8980,100,2742,9998,4211,0
Página8,20,,4216,8983,100,2742,10000,4211,0
Página8,20,,4216,8975,99,2742,10001,4211,0
Página8,20,,4216,8963,99,2744,10013,4205,0
Página8,20,,4215,8961,99,2742,9997,4212,0
Página8,20,,4215,8948,100,2739,10018,4211,0
Página8,20,,4214,8934,100,2744,10030,4212,0
Página8,20,,4207,8957,100,2743,10029,4212,0
Página8,20,,4207,8917,100,2743,10042,4213,0
Página8,20,,4215,8947,99,2743,10040,4213,0
Página8,20,,4211,8910,99,2742,10081,4212,0
Página8,20,,4219,8994,100,2742,10006,4212,0
Página8,20,,4218,9000,99,2743,9999,4213,0
Página8,20,,4219,9005,99,2743,10000,4214,0
Página8,20,,4218,9003,100,2744,9999,4213,0
Página8,20,,4218,9002,100,2743,10005,4213,0
Página8,20,,4218,8997,99,2742,10010,4213,0
Página8,20,,4218,9003,99,2743,10010,4213,0
Página8,20,,4219,9003,100,2744,10008,4208,0
Página8,20,,4220,9006,100,2744,9993,4214,0
Página8,20,,4219,9005,100,2743,9991,4214,0
Página8,20,,4220,8998,99,2744,10005,4214,0
Página8,20,,4221,9009,99,2744,9998,4214,0
