Coleta,Dia,Vaso,MQ2,MQ3,MQ7,MQ8,MQ135,MQ138,Classe
dia 20 sem pressao - Soja Sauda,20,,5686,12441,512,6533,14977,5150,1
dia 20 sem pressao - Soja Sauda,20,,5682,12433,511,6536,14969,5143,1
dia 20 sem pressao - Soja Sauda,20,,5669,12429,510,6536,14961,5137,1
dia 20 sem pressao - Soja Sauda,20,,5673,12447,511,6536,14984,5134,1
dia 20 sem pressao - Soja Sauda,20,,5669,12428,511,6541,14941,5129,1
dia 20 sem pressao - Soja Sauda,20,,5664,12413,511,6543,14961,5124,1
dia 20 sem pressao - Soja Sauda,20,,5662,12400,512,6539,14938,5119,1
dia 20 sem pressao - Soja Sauda,20,,5661,12403,511,6543,14939,5117,1
dia 20 sem pressao - Soja Sauda,20,,5659,12376,512,6546,14920,5111,1
dia 20 sem pressao - Soja Sauda,20,,5655,12385,511,6547,14910,5107,1
dia 20 sem pressao - Soja Sauda,20,,5648,12345,512,6549,14833,5102,1
dia 20 sem pressao - Soja Sauda,20,,5642,12329,512,6553,14823,5097,1
dia 20 sem pressao - Soja Sauda,20,,5632,12309,512,6551,14807,5092,1
dia 20 sem pressao - Soja Sauda,20,,5635,12293,512,6554,14808,5088,1
dia 20 sem pressao - Soja Sauda,20,,5634,12331,512,6554,14842,5087,1
dia 20 sem pressao - Soja Sauda,20,,5631,12329,512,6557,14857,5085,1
dia 20 sem pressao - Soja Sauda,20,,5629,12351,513,6561,14854,5081,1
dia 20 sem pressao - Soja Sauda,20,,5628,12389,516,6563,14899,5077,1
dia 20 sem pressao - Soja Sauda,20,,5623,12391,518,6555,14952,5068,1
dia 20 sem pressao - Soja Sauda,20,,5613,12459,517,6543,15022,5052,1
dia 20 sem pressao - Soja Sauda,20,,5605,12398,514,6546,15010,5048,1
dia 20 sem pressao - Soja Sauda,20,,5604,12418,513,6553,14964,5044,1
dia 20 sem pressao - Soja Sauda,20,,5568,12445,513,6560,15025,5042,1
dia 20 sem pressao - Soja Sauda,20,,5482,12458,513,6567,14959,5039,1
dia 20 sem pressao - Soja Sauda,20,,5489,12503,514,6573,15040,5038,1
dia 20 sem pressao - Soja Sauda,20,,5484,12430,514,6572,14943,5035,1
dia 20 sem pressao - Soja Sauda,20,,5481,12436,513,6574,14951,5029,1
dia 20 sem pressao - Soja Sauda,20,,5488,12476,514,6573,15009,5034,1
dia 20 sem pressao - Soja Sauda,20,,5479,12452,515,6579,14986,5030,1
dia 20 sem pressao - Soja Sauda,20,,5472,12463,513,6582,14882,5026,1
dia 20 sem pressao - Soja Sauda,20,,5471,12504,513,6576,15156,5019,1
dia 20 sem pressao - Soja Sauda,20,,5480,12602,515,6589,15179,5028,1
dia 20 sem pressao - Soja Sauda,20,,5465,12396,513,6581,14805,5024,1
dia 20 sem pressao - Soja Sauda,20,,5467,12442,513,6594,15115,5026,1
dia 20 sem pressao - Soja Sauda,20,,5463,12448,513,6587,14954,5025,1
dia 20 sem pressao - Soja Sauda,20,,5465,12485,515,6591,15054,5025,1
dia 20 sem pressao - Soja Sauda,20,,5462,12635,514,6593,15172,5025,1
dia 20 sem pressao - Soja Sauda,20,,5467,12551,516,6601,15049,5022,1
dia 20 sem pressao - Soja Sauda,20,,5580,12453,514,6589,14943,5019,1
dia 20 sem pressao - Soja Sauda,20,,5567,12530,515,6591,15105,5015,1
dia 20 sem pressao - Soja Sauda,20,,5570,12520,514,6589,15102,5010,1
dia 20 sem pressao - Soja Sauda,20,,5569,12515,513,6590,15093,5008,1
dia 20 sem pressao - Soja Sauda,20,,5569,12532,512,6585,15135,5002,1
dia 20 sem pressao - Soja Sauda,20,,5571,12534,511,6584,15144,5000,1
dia 20 sem pressao - Soja Sauda,20,,5561,12506,510,6583,15117,4997,1
dia 20 sem pressao - Soja Sauda,20,,5565,12535,511,6587,15154,4996,1
dia 20 sem pressao - Soja Sauda,20,,5586,12571,511,6587,15217,4993,1
dia 20 sem pressao - Soja Sauda,20,,5586,12588,511,6590,15232,4991,1
dia 20 sem pressao - Soja Sauda,20,,5610,12476,510,6583,15078,4985,1
dia 20 sem pressao - Soja Sauda,20,,5610,12470,510,6589,15072,4991,1
dia 20 sem pressao - Soja Sauda,20,,5613,12507,511,6593,15154,4989,1
dia 20 sem pressao - Soja Sauda,20,,5614,12552,512,6594,15160,4987,1
dia 20 sem pressao - Soja Sauda,20,,5613,12550,512,6594,15185,4981,1
dia 20 sem pressao - Soja Sauda,20,,5618,12598,512,6600,15246,4987,1
dia 20 sem pressao - Soja Sauda,20,,5622,12542,511,6597,15126,4984,1
dia 20 sem pressao - Soja Sauda,20,,5628,12501,511,6602,15128,4984,1
dia 20 sem pressao - Soja Sauda,20,,5625,12450,511,6601,15094,4984,1
dia 20 sem pressao - Soja Sauda,20,,5637,12651,512,6605,15328,4987,1
dia 20 sem pressao - Soja Sauda,20,,5631,12689,512,6606,15400,4987,1
dia 20 sem pressao - Soja Sauda,20,,5624,12746,513,6610,15442,4987,1
dia 20 sem pressao - Soja Sauda,20,,5638,12717,513,6610,15389,4987,1
dia 20 sem pressao - Soja Sauda,20,,5617,12771,513,6615,15484,4990,1
dia 20 sem pressao - Soja Sauda,20,,5589,12736,514,6614,15432,4989,1
dia 20 sem pressao - Soja Sauda,20,,5608,12726,515,6614,15433,4990,1
dia 20 sem pressao - Soja Sauda,20,,5603,12745,515,6615,15451,4988,1
dia 20 sem pressao - Soja Sauda,20,,5599,12771,514,6617,15486,4988,1
dia 20 sem pressao - Soja Sauda,20,,5630,12756,515,6623,15477,4983,1
dia 20 sem pressao - Soja Sauda,20,,5621,12758,515,6622,15475,4982,1
dia 20 sem pressao - Soja Sauda,20,,5595,12774,515,6624,15483,4981,1
dia 20 sem pressao - Soja Sauda,20,,5618,12757,514,6627,15467,4979,1
dia 20 sem pressao - Soja Sauda,20,,5613,12746,514,6623,15403,4976,1
dia 20 sem pressao - Soja Sauda,20,,5616,12774,515,6634,15504,4976,1
dia 20 sem pressao - Soja Sauda,20,,5611,12724,515,6629,15418,4974,1
dia 20 sem pressao - Soja Sauda,20,,5609,12701,517,6623,15433,4975,1
dia 20 sem pressao - Soja Sauda,20,,5609,12790,518,6612,15518,4969,1
dia 20 sem pressao - Soja Sauda,20,,5603,12801,516,6594,15536,4962,1
dia 20 sem pressao - Soja Sauda,20,,5591,12824,513,6597,15591,4955,1
dia 20 sem pressao - Soja Sauda,20,,5590,12854,512,6604,15625,4951,1
dia 20 sem pressao - Soja Sauda,20,,5581,12865,512,6604,15611,4950,1
dia 20 sem pressao - Soja Sauda,20,,5553,12857,511,6610,15594,4943,1
dia 20 sem pressao - Soja Sauda,20,,5552,12850,510,6611,15590,4948,1
dia 20 sem pressao - Soja Sauda,20,,5553,12877,511,6615,15627,4948,1
dia 20 sem pressao - Soja Sauda,20,,5551,12888,512,6618,15640,4947,1
dia 20 sem pressao - Soja Sauda,20,,5545,12789,511,6618,15563,4946,1
dia 20 sem pressao - Soja Sauda,20,,5547,12852,510,6616,15594,4946,1
dia 20 sem pressao - Soja Sauda,20,,5542,12783,512,6618,15499,4944,1
dia 20 sem pressao - Soja Sauda,20,,5544,12774,511,6619,15479,4943,1
dia 20 sem pressao - Soja Sauda,20,,5542,12849,511,6617,15690,4946,1
dia 20 sem pressao - Soja Sauda,20,,5558,12972,512,6627,15755,4946,1
dia 20 sem pressao - Soja Sauda,20,,5544,12820,511,6617,15555,4945,1
dia 20 sem pressao - Soja Sauda,20,,5542,12821,511,6619,15556,4943,1
dia 20 sem pressao - Soja Sauda,20,,5544,12842,511,6620,15578,4944,1
dia 20 sem pressao - Soja Sauda,20,,5557,13022,513,6628,15819,4947,1
dia 20 sem pressao - Soja Sauda,20,,5555,12995,514,6636,15787,4946,1
dia 20 sem pressao - Soja Sauda,20,,5540,13029,513,6634,15835,4948,1
dia 20 sem pressao - Soja Sauda,20,,5558,13019,507,6590,15840,4949,1
dia 20 sem pressao - Soja Sauda,20,,5540,12997,507,6595,15787,4949,1
dia 20 sem pressao - Soja Sauda,20,,5537,12981,507,6600,15764,4948,1
dia 20 sem pressao - Soja Sauda,20,,5539,12937,507,6596,15703,4947,1
dia 20 sem pressao - Soja Sauda,20,,5544,12887,510,6596,15627,4943,1
dia 20 sem pressao - Soja Sauda,20,,5544,12949,514,6641,15697,4943,1
dia 20 sem pressao - Soja Sauda,20,,5545,12909,514,6650,15656,4942,1
dia 20 sem pressao - Soja Sauda,20,,5545,12945,515,6644,15712,4938,1
dia 20 sem pressao - Soja Sauda,20,,5541,12915,515,6648,15759,4942,1
dia 20 sem pressao - Soja Sauda,20,,5548,13013,515,6651,15804,4941,1
dia 20 sem pressao - Soja Sauda,20,,5550,12997,516,6653,15788,4940,1
dia 20 sem pressao - Soja Sauda,20,,5537,12895,514,6648,15634,4940,1
dia 20 sem pressao - Soja Sauda,20,,5541,12886,516,6646,15594,4940,1
dia 20 sem pressao - Soja Sauda,20,,5537,12892,514,6649,15627,4937,1
dia 20 sem pressao - Soja Sauda,20,,5529,12738,514,6649,15500,4936,1
dia 20 sem pressao - Soja Sauda,20,,5528,12726,509,6651,15472,4935,1
dia 20 sem pressao - Soja Sauda,20,,5536,12866,515,6653,15601,4932,1
dia 20 sem pressao - Soja Sauda,20,,5530,12868,514,6651,15555,4932,1
dia 20 sem pressao - Soja Sauda,20,,5540,12917,515,6658,15716,4932,1
dia 20 sem pressao - Soja Sauda,20,,5531,12829,515,6657,15476,4919,1
dia 20 sem pressao - Soja Sauda,20,,5514,12611,513,6649,15224,4927,1
dia 20 sem pressao - Soja Sauda,20,,5511,12584,514,6650,15200,4927,1
dia 20 sem pressao - Soja Sauda,20,,5498,12496,513,6646,15112,4927,1
dia 20 sem pressao - Soja Sauda,20,,5517,12642,515,6658,15272,4929,1
dia 20 sem pressao - Soja Sauda,20,,5509,12558,514,6654,15212,4928,1
dia 20 sem pressao - Soja Sauda,20,,5492,12612,514,6650,15262,4929,1
dia 20 sem pressao - Soja Sauda,20,,5510,12587,515,6654,15293,4929,1
dia 20 sem pressao - Soja Sauda,20,,5498,12629,514,6656,15282,4928,1
dia 20 sem pressao - Soja Sauda,20,,5517,12627,515,6656,15260,4930,1
dia 20 sem pressao - Soja Sauda,20,,5540,12953,518,6671,15739,4935,1
dia 20 sem pressao - Soja Sauda,20,,5542,12970,518,6677,15728,4935,1
dia 20 sem pressao - Soja Sauda,20,,5537,12907,518,6674,15662,4929,1
dia 20 sem pressao - Soja Sauda,20,,5537,12894,518,6675,15475,4932,1
dia 20 sem pressao - Soja Sauda,20,,5513,12478,518,6644,15111,4929,1
dia 20 sem pressao - Soja Sauda,20,,5520,12601,521,6632,15232,4928,1
dia 20 sem pressao - Soja Sauda,20,,5517,12581,521,6638,15200,4924,1
dia 20 sem pressao - Soja Sauda,20,,5514,12582,517,6643,15205,4918,1
dia 20 sem pressao - Soja Sauda,20,,5509,12487,517,6648,15179,4914,1
dia 20 sem pressao - Soja Sauda,20,,5505,12550,515,6648,15156,4912,1
dia 20 sem pressao - Soja Sauda,20,,5524,12790,516,6662,15494,4913,1
dia 20 sem pressao - Soja Sauda,20,,5524,12816,517,6666,15526,4913,1
dia 20 sem pressao - Soja Sauda,20,,5506,12619,515,6656,15271,4910,1
dia 20 sem pressao - Soja Sauda,20,,5508,12688,513,6653,15369,4902,1
dia 20 sem pressao - Soja Sauda,20,,5499,12613,511,6648,15248,4898,1
dia 20 sem pressao - Soja Sauda,20,,5502,12823,510,6645,15473,4898,1
dia 20 sem pressao - Soja Sauda,20,,5499,12604,509,6646,15160,4894,1
dia 20 sem pressao - Soja Sauda,20,,5493,12656,509,6648,15313,4893,1
dia 20 sem pressao - Soja Sauda,20,,5509,12802,511,6655,15511,4894,1
dia 20 sem pressao - Soja Sauda,20,,5501,12723,510,6651,15430,4893,1
dia 20 sem pressao - Soja Sauda,20,,5510,12843,511,6657,15573,4894,1
dia 20 sem pressao - Soja Sauda,20,,5492,12657,509,6650,15310,4891,1
dia 20 sem pressao - Soja Sauda,20,,5503,12848,510,6658,15581,4893,1
dia 20 sem pressao - Soja Sauda,20,,5496,12681,510,6657,15362,4891,1
dia 20 sem pressao - Soja Sauda,20,,5498,12774,510,6660,15512,4893,1
dia 20 sem pressao - Soja Sauda,20,,5504,12796,512,6665,15559,4894,1
dia 20 sem pressao - Soja Sauda,20,,5506,12833,511,6668,15537,4893,1
dia 20 sem pressao - Soja Sauda,20,,5504,12844,512,6670,15582,4887,1
dia 20 sem pressao - Soja Sauda,20,,5504,12839,512,6673,15559,4892,1
dia 20 sem pressao - Soja Sauda,20,,5508,12881,512,6673,15515,4894,1
dia 20 sem pressao - Soja Sauda,20,,5503,12824,513,6673,15537,4887,1
dia 20 sem pressao - Soja Sauda,20,,5494,12720,512,6674,15446,4894,1
dia 20 sem pressao - Soja Sauda,20,,5502,12815,513,6678,15529,4894,1
dia 20 sem pressao - Soja Sauda,20,,5494,12758,512,6679,15454,4894,1
dia 20 sem pressao - Soja Sauda,20,,5494,12763,513,6676,15454,4895,1
dia 20 sem pressao - Soja Sauda,20,,5497,12790,513,6680,15500,4898,1
dia 20 sem pressao - Soja Sauda,20,,5495,12810,514,6681,15527,4898,1
dia 20 sem pressao - Soja Sauda,20,,5498,12830,514,6682,15443,4899,1
dia 20 sem pressao - Soja Sauda,20,,5495,12806,514,6687,15518,4900,1
dia 20 sem pressao - Soja Sauda,20,,5494,12785,514,6683,15438,4899,1
dia 20 sem pressao - Soja Sauda,20,,5488,12740,515,6689,15424,4900,1
dia 20 sem pressao - Soja Sauda,20,,5487,12698,515,6688,15385,4898,1
dia 20 sem pressao - Soja Sauda,20,,5488,12762,515,6691,15473,4899,1
dia 20 sem pressao - Soja Sauda,20,,5489,12812,515,6692,15527,4898,1
dia 20 sem pressao - Soja Sauda,20,,5492,12808,516,6696,15524,4898,1
dia 20 sem pressao - Soja Sauda,20,,5490,12776,516,6691,15471,4899,1
dia 20 sem pressao - Soja Sauda,20,,5482,12649,516,6690,15347,4897,1
dia 20 sem pressao - Soja Sauda,20,,5479,12642,515,6693,15316,4895,1
dia 20 sem pressao - Soja Sauda,20,,5477,12668,516,6696,15297,4891,1
dia 20 sem pressao - Soja Sauda,20,,5459,12431,514,6689,15096,4892,1
dia 20 sem pressao - Soja Sauda,20,,5477,12661,516,6700,15302,4889,1
dia 20 sem pressao - Soja Sauda,20,,5472,12708,516,6700,15359,4891,1
dia 20 sem pressao - Soja Sauda,20,,5458,12412,515,6691,14998,4886,1
dia 20 sem pressao - Soja Sauda,20,,5478,12712,517,6709,15409,4888,1
dia 20 sem pressao - Soja Sauda,20,,5469,12676,517,6706,15342,4885,1
dia 20 sem pressao - Soja Sauda,20,,5472,12758,517,6706,15450,4885,1
dia 20 sem pressao - Soja Sauda,20,,5480,12763,517,6709,15485,4883,1
dia 20 sem pressao - Soja Sauda,20,,5476,12764,517,6715,15491,4884,1
dia 20 sem pressao - Soja Sauda,20,,5470,12683,518,6713,15439,4882,1
dia 20 sem pressao - Soja Sauda,20,,5474,12756,520,6695,15462,4881,1
dia 20 sem pressao - Soja Sauda,20,,5468,12702,521,6678,15389,4879,1
dia 20 sem pressao - Soja Sauda,20,,5462,12660,523,6661,15335,4875,1
dia 20 sem pressao - Soja Sauda,20,,5439,12642,520,6682,15275,4872,1
dia 20 sem pressao - Soja Sauda,20,,5457,12790,519,6695,15509,4871,1
dia 20 sem pressao - Soja Sauda,20,,5465,12778,519,6710,15494,4863,1
dia 20 sem pressao - Soja Sauda,20,,5427,12441,516,6693,15454,4860,1
dia 20 sem pressao - Soja Sauda,20,,5460,12791,518,6714,15511,4866,1
dia 20 sem pressao - Soja Sauda,20,,5460,12789,518,6717,15513,4865,1
dia 20 sem pressao - Soja Sauda,20,,5458,12789,518,6719,15437,4863,1
dia 20 sem pressao - Soja Sauda,20,,5457,12825,517,6722,15563,4866,1
dia 20 sem pressao - Soja Sauda,20,,5456,12787,518,6723,15488,4860,1
dia 20 sem pressao - Soja Sauda,20,,5456,12766,518,6728,15469,4855,1
dia 20 sem pressao - Soja Sauda,20,,5437,12612,517,6716,15244,4856,1
dia 20 sem pressao - Soja Sauda,20,,5433,12527,517,6713,15240,4855,1
dia 20 sem pressao - Soja Sauda,20,,5442,12646,517,6727,15270,4855,1
dia 20 sem pressao - Soja Sauda,20,,5434,12571,517,6722,15205,4852,1
dia 20 sem pressao - Soja Sauda,20,,5435,12619,518,6729,15352,4853,1
dia 20 sem pressao - Soja Sauda,20,,5440,12604,519,6733,15307,4852,1
dia 20 sem pressao - Soja Sauda,20,,5446,12677,519,6737,15371,4853,1
dia 20 sem pressao - Soja Sauda,20,,5440,12652,518,6730,15282,4850,1
dia 20 sem pressao - Soja Sauda,20,,5422,12477,517,6723,15127,4843,1
dia 20 sem pressao - Soja Sauda,20,,5437,12652,518,6732,15327,4852,1
dia 20 sem pressao - Soja Sauda,20,,5430,12602,518,6732,15252,4850,1
dia 20 sem pressao - Soja Sauda,20,,5431,12602,518,6734,15262,4851,1
dia 20 sem pressao - Soja Sauda,20,,5433,12646,519,6736,15323,4852,1
dia 20 sem pressao - Soja Sauda,20,,5435,12659,519,6736,15355,4854,1
dia 20 sem pressao - Soja Sauda,20,,5437,12733,519,6737,15449,4853,1
dia 20 sem pressao - Soja Sauda,20,,5433,12715,517,6729,15419,4848,1
dia 20 sem pressao - Soja Sauda,20,,5433,12663,517,6734,15425,4847,1
dia 20 sem pressao - Soja Sauda,20,,5425,12680,517,6733,15372,4845,1
dia 20 sem pressao - Soja Sauda,20,,5429,12624,517,6733,15237,4845,1
dia 20 sem pressao - Soja Sauda,20,,5430,12663,517,6732,15366,4843,1
dia 20 sem pressao - Soja Sauda,20,,5436,12654,518,6736,14964,4840,1
dia 20 sem pressao - Soja Sauda,20,,5414,12558,518,6735,15471,4846,1
dia 20 sem pressao - Soja Sauda,20,,5429,12730,518,6741,15450,4845,1
dia 20 sem pressao - Soja Sauda,20,,5432,12730,518,6744,15482,4844,1
dia 20 sem pressao - Soja Sauda,20,,5434,12742,519,6745,15464,4844,1
dia 20 sem pressao - Soja Sauda,20,,5429,12723,518,6749,15442,4842,1
dia 20 sem pressao - Soja Sauda,20,,5425,12674,518,6745,15400,4839,1
dia 20 sem pressao - Soja Sauda,20,,5425,12687,519,6745,15426,4832,1
dia 20 sem pressao - Soja Sauda,20,,5360,11801,517,6742,15816,4838,1
dia 20 sem pressao - Soja Sauda,20,,5359,11750,517,6743,15814,4835,1
dia 20 sem pressao - Soja Sauda,20,,5349,11591,516,6738,15645,4835,1
dia 20 sem pressao - Soja Sauda,20,,5351,11607,517,6735,15697,4836,1
dia 20 sem pressao - Soja Sauda,20,,5347,11567,516,6737,15651,4835,1
dia 20 sem pressao - Soja Sauda,20,,5349,11587,516,6738,15696,4835,1
dia 20 sem pressao - Soja Sauda,20,,5358,11682,517,6742,15858,4834,1
dia 20 sem pressao - Soja Sauda,20,,5359,11717,516,6740,15958,4832,1
dia 20 sem pressao - Soja Sauda,20,,5349,11582,514,6738,15835,4830,1
dia 20 sem pressao - Soja Sauda,20,,5345,11523,514,6729,15722,4828,1
dia 20 sem pressao - Soja Sauda,20,,5351,11636,515,6738,15888,4829,1
dia 20 sem pressao - Soja Sauda,20,,5347,11599,514,6737,15882,4828,1
dia 20 sem pressao - Soja Sauda,20,,5328,11337,513,6727,15466,4822,1
dia 20 sem pressao - Soja Sauda,20,,5334,11427,513,6710,15308,4821,1
dia 20 sem pressao - Soja Sauda,20,,5339,11537,508,6692,15864,4827,1
dia 20 sem pressao - Soja Sauda,20,,5344,11604,519,6683,15959,4827,1
dia 20 sem pressao - Soja Sauda,20,,5335,11457,519,6699,15740,4824,1
dia 20 sem pressao - Soja Sauda,20,,5332,11496,517,6713,15779,4820,1
dia 20 sem pressao - Soja Sauda,20,,5329,11471,515,6722,15753,4818,1
dia 20 sem pressao - Soja Sauda,20,,5325,11436,515,6729,15715,4816,1
dia 20 sem pressao - Soja Sauda,20,,5322,11406,515,6731,15672,4814,1
dia 20 sem pressao - Soja Sauda,20,,5325,11438,515,6733,15688,4816,1
dia 20 sem pressao - Soja Sauda,20,,5323,11435,515,6734,15680,4815,1
dia 20 sem pressao - Soja Sauda,20,,5297,11104,512,6723,15126,4810,1
dia 20 sem pressao - Soja Sauda,20,,5294,11085,512,6725,15164,4810,1
dia 20 sem pressao - Soja Sauda,20,,5306,11230,514,6737,15426,4814,1
dia 20 sem pressao - Soja Sauda,20,,5329,11458,515,6733,15456,4815,1
dia 20 sem pressao - Soja Sauda,20,,5324,11416,514,6741,15549,4816,1
dia 20 sem pressao - Soja Sauda,20,,5329,11479,515,6742,15662,4818,1
dia 20 sem pressao - Soja Sauda,20,,5324,11442,515,6746,15568,4818,1
dia 20 sem pressao - Soja Sauda,20,,5321,11600,516,6741,15823,4815,1
dia 20 sem pressao - Soja Sauda,20,,5322,11378,514,6739,15498,4820,1
dia 20 sem pressao - Soja Sauda,20,,5332,11488,515,6744,15671,4821,1
dia 20 sem pressao - Soja Sauda,20,,5344,11624,517,6750,15874,4825,1
dia 20 sem pressao - Soja Sauda,20,,5343,11613,518,6755,15895,4819,1
dia 20 sem pressao - Soja Sauda,20,,5330,11405,516,6748,15553,4815,1
dia 20 sem pressao - Soja Sauda,20,,5317,11300,515,6744,15402,4821,1
dia 20 sem pressao - Soja Sauda,20,,5332,11477,516,6751,15727,4824,1
dia 20 sem pressao - Soja Sauda,20,,5330,11431,516,6751,15733,4819,1
dia 20 sem pressao - Soja Sauda,20,,5413,11578,520,6771,15919,4900,1
dia 20 sem pressao - Soja Sauda,20,,5424,11644,521,6775,16020,4910,1
dia 20 sem pressao - Soja Sauda,20,,5428,11600,521,6776,15946,4917,1
dia 20 sem pressao - Soja Sauda,20,,5438,11711,521,6773,16116,4927,1
dia 20 sem pressao - Soja Sauda,20,,5452,11676,522,6780,16071,4935,1
dia 20 sem pressao - Soja Sauda,20,,5461,11707,523,6779,16120,4944,1
dia 20 sem pressao - Soja Sauda,20,,5465,11672,523,6781,16068,4950,1
dia 20 sem pressao - Soja Sauda,20,,5472,11686,523,6785,16075,4956,1
dia 20 sem pressao - Soja Sauda,20,,5481,11692,523,6787,16101,4963,1
dia 20 sem pressao - Soja Sauda,20,,5486,11687,524,6784,16096,4971,1
dia 20 sem pressao - Soja Sauda,20,,5494,11664,524,6784,16091,4976,1
dia 20 sem pressao - Soja Sauda,20,,5493,11682,524,6789,16078,4981,1
dia 20 sem pressao - Soja Sauda,20,,5497,11654,524,6789,16032,4986,1
dia 20 sem pressao - Soja Sauda,20,,5491,11540,523,6780,15839,4987,1
dia 20 sem pressao - Soja Sauda,20,,5505,11673,522,6783,16056,4993,1
dia 20 sem pressao - Soja Sauda,20,,5512,11694,522,6781,16075,4999,1
dia 20 sem pressao - Soja Sauda,20,,5511,11654,522,6778,16028,5004,1
dia 20 sem pressao - Soja Sauda,20,,5514,11661,521,6781,16038,5009,1
dia 20 sem pressao - Soja Sauda,20,,5515,11711,522,6785,16124,5014,1
dia 20 sem pressao - Soja Sauda,20,,5525,11689,522,6785,16102,5018,1
dia 20 sem pressao - Soja Sauda,20,,5524,11632,522,6782,16012,5022,1
dia 20 sem pressao - Soja Sauda,20,,5531,11678,523,6781,16061,5027,1
dia 20 sem pressao - Soja Sauda,20,,5523,11669,522,6785,16043,5030,1
dia 20 sem pressao - Soja Sauda,20,,5531,11645,522,6785,16013,5034,1
dia 20 sem pressao - Soja Sauda,20,,5537,11666,523,6787,16024,5036,1
dia 20 sem pressao - Soja Sauda,20,,5540,11680,523,6790,16016,5040,1
dia 20 sem pressao - Soja Sauda,20,,5539,11659,522,6791,16041,5043,1
dia 20 sem pressao - Soja Sauda,20,,5525,11500,522,6781,15791,5038,1
dia 20 sem pressao - Soja Sauda,20,,5523,11478,522,6780,15761,5046,1
dia 20 sem pressao - Soja Sauda,20,,5546,11681,526,6764,16073,5053,1
dia 20 sem pressao - Soja Sauda,20,,5549,11697,528,6739,16111,5053,1
dia 20 sem pressao - Soja Sauda,20,,5547,11676,526,6748,16062,5051,1
dia 20 sem pressao - Soja Sauda,20,,5544,11666,522,6768,16108,5045,1
dia 20 sem pressao - Soja Sauda,20,,5542,11667,521,6775,16075,5045,1
dia 20 sem pressao - Soja Sauda,20,,5541,11648,519,6781,16031,5044,1
dia 20 sem pressao - Soja Sauda,20,,5539,11636,519,6780,16009,5045,1
dia 20 sem pressao - Soja Sauda,20,,5540,11640,519,6783,16026,5045,1
dia 20 sem pressao - Soja Sauda,20,,5539,11659,519,6786,16056,5047,1
dia 20 sem pressao - Soja Sauda,20,,5539,11650,519,6789,16048,5049,1
dia 20 sem pressao - Soja Sauda,20,,5541,11657,519,6789,16052,5051,1
dia 20 sem pressao - Soja Sauda,20,,5538,11670,520,6784,16068,5054,1
dia 20 sem pressao - Soja Sauda,20,,5559,11608,520,6786,15950,5053,1
dia 20 sem pressao - Soja Sauda,20,,5553,11613,519,6788,15996,5053,1
dia 20 sem pressao - Soja Sauda,20,,5551,11607,519,6790,15972,5054,1
dia 20 sem pressao - Soja Sauda,20,,5543,11632,521,6772,16009,5059,1
dia 20 sem pressao - Soja Sauda,20,,5532,11541,520,6779,15873,5057,1
dia 20 sem pressao - Soja Sauda,20,,5529,11547,519,6784,15865,5056,1
dia 20 sem pressao - Soja Sauda,20,,5524,11523,519,6783,15832,5055,1
dia 20 sem pressao - Soja Sauda,20,,5495,11533,518,6783,15831,5054,1
dia 20 sem pressao - Soja Sauda,20,,5521,11534,518,6780,15853,5055,1
dia 20 sem pressao - Soja Sauda,20,,5522,11538,518,6786,15851,5056,1
dia 20 sem pressao - Soja Sauda,20,,5519,11497,518,6787,15841,5057,1
dia 20 sem pressao - Soja Sauda,20,,5526,11631,519,6789,15988,5059,1
dia 20 sem pressao - Soja Sauda,20,,5524,11625,519,6790,16008,5060,1
dia 20 sem pressao - Soja Sauda,20,,5491,11239,515,6758,15346,5055,1
dia 20 sem pressao - Soja Sauda,20,,5496,11286,515,6768,15478,5057,1
dia 20 sem pressao - Soja Sauda,20,,5470,11234,516,6764,15352,5055,1
dia 20 sem pressao - Soja Sauda,20,,5490,11261,515,6769,15435,5059,1
dia 20 sem pressao - Soja Sauda,20,,5490,11274,515,6764,15474,5058,1
dia 20 sem pressao - Soja Sauda,20,,5493,11089,514,6768,15573,5059,1
dia 20 sem pressao - Soja Sauda,20,,5496,11448,516,6774,15754,5059,1
dia 20 sem pressao - Soja Sauda,20,,5499,11414,515,6779,15682,5058,1
dia 20 sem pressao - Soja Sauda,20,,5502,11375,516,6772,15644,5059,1
dia 20 sem pressao - Soja Sauda,20,,5504,11474,516,6775,15808,5061,1
dia 20 sem pressao - Soja Sauda,20,,5502,11491,516,6775,15788,5062,1
dia 20 sem pressao - Soja Sauda,20,,5499,11478,516,6773,15801,5056,1
dia 20 sem pressao - Soja Sauda,20,,5497,11430,515,6768,15715,5061,1
dia 20 sem pressao - Soja Sauda,20,,5494,11419,516,6764,15721,5061,1
dia 20 sem pressao - Soja Sauda,20,,5490,11406,514,6763,15684,5056,1
dia 20 sem pressao - Soja Sauda,20,,5489,11395,514,6766,15685,5055,1
dia 20 sem pressao - Soja Sauda,20,,5479,11367,514,6763,15635,5057,1
dia 20 sem pressao - Soja Sauda,20,,5483,11402,514,6760,15696,5058,1
dia 20 sem pressao - Soja Sauda,20,,5470,11282,513,6769,15497,5053,1
dia 20 sem pressao - Soja Sauda,20,,5472,11344,514,6761,15546,5054,1
dia 20 sem pressao - Soja Sauda,20,,5488,11496,514,6767,15825,5054,1
dia 20 sem pressao - Soja Sauda,20,,5486,11470,514,6766,15803,5055,1
dia 20 sem pressao - Soja Sauda,20,,5486,11460,514,6765,15773,5054,1
dia 20 sem pressao - Soja Sauda,20,,5485,11458,513,6761,15800,5054,1
dia 20 sem pressao - Soja Sauda,20,,5471,11341,514,6755,15602,5053,1
dia 20 sem pressao - Soja Sauda,20,,5476,11417,514,6762,15716,5053,1
dia 20 sem pressao - Soja Sauda,20,,5484,11501,514,6767,15848,5057,1
dia 20 sem pressao - Soja Sauda,20,,5479,11470,514,6768,15806,5056,1
dia 20 sem pressao - Soja Sauda,20,,5473,11385,514,6762,15659,5054,1
dia 20 sem pressao - Soja Sauda,20,,5468,11342,513,6763,15567,5054,1
dia 20 sem pressao - Soja Sauda,20,,5463,11370,516,6737,15637,5056,1
dia 20 sem pressao - Soja Sauda,20,,5455,11183,518,6712,15571,5058,1
dia 20 sem pressao - Soja Sauda,20,,5445,11252,517,6720,15315,5052,1
dia 20 sem pressao - Soja Sauda,20,,5477,11547,518,6768,15934,5057,1
dia 20 sem pressao - Soja Sauda,20,,5466,11509,517,6778,15879,5054,1
dia 20 sem pressao - Soja Sauda,20,,5473,11543,518,6786,15953,5052,1
dia 20 sem pressao - Soja Sauda,20,,5473,11531,517,6789,15892,5048,1
dia 20 sem pressao - Soja Sauda,20,,5469,11509,516,6782,15887,5044,1
dia 20 sem pressao - Soja Sauda,20,,5465,11532,516,6785,15921,5040,1
dia 20 sem pressao - Soja Sauda,20,,5470,11541,515,6782,15969,5038,1
dia 20 sem pressao - Soja Sauda,20,,5471,11558,515,6786,15955,5035,1
dia 20 sem pressao - Soja Sauda,20,,5468,11557,514,6782,15971,5028,1
dia 20 sem pressao - Soja Sauda,20,,5468,11574,514,6781,15999,5033,1
dia 20 sem pressao - Soja Sauda,20,,5469,11567,514,6778,15989,5027,1
dia 20 sem pressao - Soja Sauda,20,,5470,11550,513,6780,15966,5029,1
dia 20 sem pressao - Soja Sauda,20,,5468,11549,513,6779,15946,5027,1
dia 20 sem pressao - Soja Sauda,20,,5473,11585,513,6780,16006,5027,1
dia 20 sem pressao - Soja Sauda,20,,5473,11569,513,6779,15996,5027,1
dia 20 sem pressao - Soja Sauda,20,,5467,11539,513,6776,15934,5027,1
dia 20 sem pressao - Soja Sauda,20,,5470,11564,513,6778,15975,5026,1
dia 20 sem pressao - Soja Sauda,20,,5468,11567,512,6776,15983,5026,1
dia 20 sem pressao - Soja Sauda,20,,5468,11558,511,6764,15966,5026,1
dia 20 sem pressao - Soja Sauda,20,,5477,11685,512,6762,16081,5027,1
dia 20 sem pressao - Soja Sauda,20,,5493,11910,513,6763,16042,5028,1
dia 20 sem pressao - Soja Sauda,20,,5491,11902,514,6763,16024,5029,1
dia 20 sem pressao - Soja Sauda,20,,5491,11920,514,6775,16060,5030,1
dia 20 sem pressao - Soja Sauda,20,,5466,11948,513,6770,16075,5030,1
dia 20 sem pressao - Soja Sauda,20,,5495,11945,514,6780,16070,5031,1
dia 20 sem pressao - Soja Sauda,20,,5487,11937,514,6775,16068,5031,1
dia 20 sem pressao - Soja Sauda,20,,5492,11971,514,6779,16067,5034,1
dia 20 sem pressao - Soja Sauda,20,,5479,11935,514,6775,16053,5033,1
dia 20 sem pressao - Soja Sauda,20,,5490,12001,516,6782,16204,5035,1
dia 20 sem pressao - Soja Sauda,20,,5484,12002,517,6783,16124,5035,1
dia 20 sem pressao - Soja Sauda,20,,5490,12067,516,6773,16217,5033,1
dia 20 sem pressao - Soja Sauda,20,,5488,12071,516,6790,16272,5030,1
dia 20 sem pressao - Soja Sauda,20,,5487,12090,517,6792,16276,5033,1
dia 20 sem pressao - Soja Sauda,20,,5499,12074,516,6792,16288,5025,1
dia 20 sem pressao - Soja Sauda,20,,5496,12079,516,6790,16278,5029,1
dia 20 sem pressao - Soja Sauda,20,,5472,12110,516,6792,16297,5030,1
dia 20 sem pressao - Soja Sauda,20,,5477,12163,516,6797,16387,5027,1
dia 20 sem pressao - Soja Sauda,20,,5477,12138,515,6788,16344,5031,1
dia 20 sem pressao - Soja Sauda,20,,5466,12104,516,6788,16262,5029,1
dia 20 sem pressao - Soja Sauda,20,,5462,12099,516,6781,16318,5029,1
dia 20 sem pressao - Soja Sauda,20,,5463,12073,517,6793,16249,5027,1
dia 20 sem pressao - Soja Sauda,20,,5465,12100,516,6792,16317,5026,1
dia 20 sem pressao - Soja Sauda,20,,5465,12052,515,6787,16216,5025,1
dia 20 sem pressao - Soja Sauda,20,,5471,12054,515,6783,16235,5023,1
dia 20 sem pressao - Soja Sauda,20,,5467,12039,514,6784,16214,5021,1
dia 20 sem pressao - Soja Sauda,20,,5468,12066,514,6784,16230,5019,1
dia 20 sem pressao - Soja Sauda,20,,5463,12002,514,6783,16162,5017,1
dia 20 sem pressao - Soja Sauda,20,,5468,12105,514,6786,16323,5018,1
dia 20 sem pressao - Soja Sauda,20,,5470,12116,515,6786,16334,5017,1
dia 20 sem pressao - Soja Sauda,20,,5468,12102,515,6788,16321,5015,1
dia 20 sem pressao - Soja Sauda,20,,5469,12114,514,6789,16321,5013,1
dia 20 sem pressao - Soja Sauda,20,,5467,12175,514,6789,16244,5012,1
dia 20 sem pressao - Soja Sauda,20,,5420,12225,517,6766,16239,5013,1
dia 20 sem pressao - Soja Sauda,20,,5419,12213,519,6749,16190,5011,1
dia 20 sem pressao - Soja Sauda,20,,5421,12349,518,6770,16091,5009,1
dia 20 sem pressao - Soja Sauda,20,,5411,12365,517,6793,16106,5006,1
dia 20 sem pressao - Soja Sauda,20,,5410,12368,516,6802,16112,5006,1
dia 20 sem pressao - Soja Sauda,20,,5406,12343,516,6810,16076,5005,1
dia 20 sem pressao - Soja Sauda,20,,5383,11854,513,6798,15643,5000,1
dia 20 sem pressao - Soja Sauda,20,,5414,12216,514,6806,15839,5002,1
dia 20 sem pressao - Soja Sauda,20,,5420,12213,514,6802,15847,5002,1
dia 20 sem pressao - Soja Sauda,20,,5433,12311,514,6806,15887,5005,1
dia 20 sem pressao - Soja Sauda,20,,5442,12439,515,6811,16022,5004,1
dia 20 sem pressao - Soja Sauda,20,,5433,12368,515,6816,16028,5004,1
dia 20 sem pressao - Soja Sauda,20,,5435,12331,515,6817,15986,5002,1
dia 20 sem pressao - Soja Sauda,20,,5444,12479,514,6815,15972,5001,1
dia 20 sem pressao - Soja Sauda,20,,5442,12559,514,6806,15916,5001,1
dia 20 sem pressao - Soja Sauda,20,,5442,12728,515,6810,16178,5002,1
dia 20 sem pressao - Soja Sauda,20,,5436,12561,513,6807,15858,4998,1
dia 20 sem pressao - Soja Sauda,20,,5488,12568,514,6809,15811,4998,1
dia 20 sem pressao - Soja Sauda,20,,5450,12597,513,6804,15832,4992,1
dia 20 sem pressao - Soja Sauda,20,,5463,12576,513,6805,15791,4997,1
dia 20 sem pressao - Soja Sauda,20,,5457,12641,514,6806,15772,4999,1
dia 20 sem pressao - Soja Sauda,20,,5462,12652,514,6805,15863,4993,1
dia 20 sem pressao - Soja Sauda,20,,5446,12628,513,6805,15824,4999,1
dia 20 sem pressao - Soja Sauda,20,,5447,12664,513,6806,15861,5000,1
dia 20 sem pressao - Soja Sauda,20,,5444,12627,508,6762,15806,5000,1
dia 20 sem pressao - Soja Sauda,20,,5434,12623,505,6755,15790,5000,1
dia 20 sem pressao - Soja Sauda,20,,5461,12901,515,6815,16194,5003,1
dia 20 sem pressao - Soja Sauda,20,,5439,12920,516,6819,16223,5005,1
dia 20 sem pressao - Soja Sauda,20,,5445,12930,518,6805,16236,5005,1
dia 20 sem pressao - Soja Sauda,20,,5448,12999,517,6821,16326,5005,1
dia 20 sem pressao - Soja Sauda,20,,5448,13006,517,6820,16334,5007,1
dia 20 sem pressao - Soja Sauda,20,,5447,13019,515,6811,16354,5005,1
dia 20 sem pressao - Soja Sauda,20,,5448,13008,516,6820,16330,5003,1
dia 20 sem pressao - Soja Sauda,20,,5448,13019,517,6821,16341,5004,1
dia 20 sem pressao - Soja Sauda,20,,5446,12983,517,6819,16291,5003,1
dia 20 sem pressao - Soja Sauda,20,,5452,12988,516,6821,16294,5003,1
dia 20 sem pressao - Soja Sauda,20,,5460,12991,516,6806,16314,5004,1
dia 20 sem pressao - Soja Sauda,20,,5476,12981,517,6822,16288,5002,1
dia 20 sem pressao - Soja Sauda,20,,5459,13006,517,6824,16325,5003,1
dia 20 sem pressao - Soja Sauda,20,,5447,12971,517,6822,16249,5002,1
dia 20 sem pressao - Soja Sauda,20,,5470,12965,517,6822,16274,5002,1
dia 20 sem pressao - Soja Sauda,20,,5475,12976,517,6822,16301,5002,1
dia 20 sem pressao - Soja Sauda,20,,5472,12982,518,6820,16295,5003,1
dia 20 sem pressao - Soja Sauda,20,,5463,12985,517,6824,16259,5002,1
dia 20 sem pressao - Soja Sauda,20,,5442,12998,517,6824,16282,4995,1
dia 20 sem pressao - Soja Sauda,20,,5458,12985,517,6826,16257,5001,1
dia 20 sem pressao - Soja Sauda,20,,5385,12912,516,6822,16131,5001,1
dia 20 sem pressao - Soja Sauda,20,,5394,12910,516,6829,16142,4995,1
dia 20 sem pressao - Soja Sauda,20,,5377,12873,516,6825,16071,5001,1
dia 20 sem pressao - Soja Sauda,20,,5376,12840,516,6823,16037,5000,1
dia 20 sem pressao - Soja Sauda,20,,5388,12826,516,6820,16012,4999,1
dia 20 sem pressao - Soja Sauda,20,,5376,12744,515,6819,15949,4997,1
dia 20 sem pressao - Soja Sauda,20,,5385,12810,515,6819,15978,5000,1
dia 20 sem pressao - Soja Sauda,20,,5386,12847,516,6819,16032,4998,1
dia 20 sem pressao - Soja Sauda,20,,5382,12857,517,6796,16034,4998,1
dia 20 sem pressao - Soja Sauda,20,,5385,12844,519,6770,16005,4996,1
dia 20 sem pressao - Soja Sauda,20,,5391,12881,520,6790,16033,4989,1
dia 20 sem pressao - Soja Sauda,20,,5382,12838,517,6810,15938,4990,1
dia 20 sem pressao - Soja Sauda,20,,5378,12818,516,6819,15931,4989,1
dia 20 sem pressao - Soja Sauda,20,,5372,12746,516,6819,15822,4987,1
dia 20 sem pressao - Soja Sauda,20,,5368,12771,515,6816,15806,4987,1
dia 20 sem pressao - Soja Sauda,20,,5369,12804,515,6818,15884,4983,1
dia 20 sem pressao - Soja Sauda,20,,5385,12896,512,6805,16004,4981,1
dia 20 sem pressao - Soja Sauda,20,,5387,12891,512,6801,16005,4978,1
dia 20 sem pressao - Soja Sauda,20,,5393,12882,511,6799,15987,4976,1
dia 20 sem pressao - Soja Sauda,20,,5397,12868,510,6798,15960,4977,1
dia 20 sem pressao - Soja Sauda,20,,5395,12755,509,6800,15811,4973,1
dia 20 sem pressao - Soja Sauda,20,,5392,12787,510,6794,15866,4968,1
dia 20 sem pressao - Soja Sauda,20,,5390,12790,509,6789,15863,4966,1
dia 20 sem pressao - Soja Sauda,20,,5390,12800,510,6793,15828,4963,1
dia 20 sem pressao - Soja Sauda,20,,5389,12818,509,6797,15930,4961,1
dia 20 sem pressao - Soja Sauda,20,,5377,12798,507,6789,15860,4960,1
dia 20 sem pressao - Soja Sauda,20,,5383,12781,509,6787,15836,4957,1
dia 20 sem pressao - Soja Sauda,20,,5383,12847,509,6792,15940,4956,1
dia 20 sem pressao - Soja Sauda,20,,5384,12769,509,6793,15828,4953,1
dia 20 sem pressao - Soja Sauda,20,,5386,12775,510,6794,15899,4955,1
dia 20 sem pressao - Soja Sauda,20,,5386,12847,508,6791,15910,4955,1
dia 20 sem pressao - Soja Sauda,20,,5392,12885,508,6790,15966,4955,1
dia 20 sem pressao - Soja Sauda,20,,5392,12879,509,6797,15943,4952,1
dia 20 sem pressao - Soja Sauda,20,,5392,12853,508,6791,15947,4951,1
dia 20 sem pressao - Soja Sauda,20,,5390,12845,509,6796,15935,4952,1
dia 20 sem pressao - Soja Sauda,20,,5389,12826,509,6794,15891,4952,1
dia 20 sem pressao - Soja Sauda,20,,5392,12866,509,6794,15943,4953,1
dia 20 sem pressao - Soja Sauda,20,,5394,12889,509,6794,15978,4953,1
dia 20 sem pressao - Soja Sauda,20,,5390,12861,509,6797,15924,4952,1
dia 20 sem pressao - Soja Sauda,20,,5387,12820,510,6799,15770,4888,1
dia 20 sem pressao - Soja Sauda,20,,5316,12702,507,6782,15761,4881,1
dia 20 sem pressao - Soja Sauda,20,,5314,12731,507,6783,15761,4869,1
dia 20 sem pressao - Soja Sauda,20,,5307,12720,507,6783,15748,4864,1
dia 20 sem pressao - Soja Sauda,20,,5281,12607,505,6777,15647,4841,1
dia 20 sem pressao - Soja Sauda,20,,5271,12632,503,6768,15624,4829,1
dia 20 sem pressao - Soja Sauda,20,,5258,12575,502,6761,15572,4817,1
dia 20 sem pressao - Soja Sauda,20,,5217,12549,500,6759,15546,4787,1
dia 20 sem pressao - Soja Sauda,20,,5202,12622,500,6760,15654,4782,1
dia 20 sem pressao - Soja Sauda,20,,5170,12415,491,6701,15345,4771,1
dia 20 sem pressao - Soja Sauda,20,,5173,12506,492,6716,15489,4764,1
dia 20 sem pressao - Soja Sauda,20,,5211,12601,495,6713,15306,4753,1
dia 20 sem pressao - Soja Sauda,20,,5198,12612,498,6709,15222,4744,1
dia 20 sem pressao - Soja Sauda,20,,5203,12724,501,6758,15462,4712,1
dia 20 sem pressao - Soja Sauda,20,,5260,12683,504,6773,15720,4808,1
dia 20 sem pressao - Soja Sauda,20,,5254,12745,506,6786,15665,4802,1
dia 20 sem pressao - Soja Sauda,20,,5261,12793,505,6777,15829,4778,1
dia 20 sem pressao - Soja Sauda,20,,5225,12365,503,6771,15222,4791,1
dia 20 sem pressao - Soja Sauda,20,,5292,12940,508,6800,15970,4827,1
dia 20 sem pressao - Soja Sauda,20,,5302,13053,509,6803,16065,4833,1
dia 20 sem pressao - Soja Sauda,20,,5304,13036,508,6796,16057,4836,1
dia 20 sem pressao - Soja Sauda,20,,5307,13057,509,6802,16053,4842,1
dia 20 sem pressao - Soja Sauda,20,,5313,13072,509,6809,16028,4846,1
dia 20 sem pressao - Soja Sauda,20,,5316,13072,509,6811,16060,4850,1
dia 20 sem pressao - Soja Sauda,20,,5320,13018,512,6790,15975,4858,1
dia 20 sem pressao - Soja Sauda,20,,5324,13008,505,6737,15990,4858,1
dia 20 sem pressao - Soja Sauda,20,,5326,13068,511,6773,16034,4863,1
dia 20 sem pressao - Soja Sauda,20,,5327,12989,509,6799,15893,4864,1
dia 20 sem pressao - Soja Sauda,20,,5325,12950,508,6803,15889,4866,1
dia 20 sem pressao - Soja Sauda,20,,5332,12975,509,6809,15875,4868,1
dia 20 sem pressao - Soja Sauda,20,,5335,12898,508,6806,15873,4869,1
dia 20 sem pressao - Soja Sauda,20,,5344,13047,507,6804,15996,4871,1
dia 20 sem pressao - Soja Sauda,20,,5351,13007,507,6804,15935,4874,1
dia 20 sem pressao - Soja Sauda,20,,5322,12755,507,6798,15778,4876,1
dia 20 sem pressao - Soja Sauda,20,,5325,12708,507,6807,15647,4876,1
dia 20 sem pressao - Soja Sauda,20,,5340,12850,507,6808,15870,4880,1
dia 20 sem pressao - Soja Sauda,20,,5350,12891,507,6810,16020,4884,1
dia 20 sem pressao - Soja Sauda,20,,5344,12885,505,6793,16015,4887,1
dia 20 sem pressao - Soja Sauda,20,,5351,12911,505,6801,15871,4889,1
dia 20 sem pressao - Soja Sauda,20,,5345,12860,507,6805,15857,4890,1
dia 20 sem pressao - Soja Sauda,20,,5336,12798,506,6799,15790,4892,1
dia 20 sem pressao - Soja Sauda,20,,5352,12917,508,6806,15969,4897,1
dia 20 sem pressao - Soja Sauda,20,,5352,12917,507,6801,15963,4900,1
dia 20 sem pressao - Soja Sauda,20,,5346,12941,506,6798,15949,4904,1
dia 20 sem pressao - Soja Sauda,20,,5351,12991,508,6800,16018,4908,1
dia 20 sem pressao - Soja Sauda,20,,5344,12999,508,6806,16019,4909,1
dia 20 sem pressao - Soja Sauda,20,,5348,12944,507,6802,15963,4910,1
dia 20 sem pressao - Soja Sauda,20,,5346,12924,507,6802,15924,4912,1
dia 20 sem pressao - Soja Sauda,20,,5330,12899,507,6799,15896,4913,1
dia 20 sem pressao - Soja Sauda,20,,5333,12882,507,6800,15856,4915,1
dia 20 sem pressao - Soja Sauda,20,,5343,12917,507,6804,15883,4910,1
dia 20 sem pressao - Soja Sauda,20,,5346,12932,508,6802,15907,4912,1
dia 20 sem pressao - Soja Sauda,20,,5349,12953,507,6803,15940,4921,1
dia 20 sem pressao - Soja Sauda,20,,5348,12925,507,6785,15893,4921,1
dia 20 sem pressao - Soja Sauda,20,,5351,12933,507,6801,15900,4924,1
dia 20 sem pressao - Soja Sauda,20,,5349,12921,508,6801,15858,4925,1
dia 20 sem pressao - Soja Sauda,20,,5350,12918,508,6805,15883,4927,1
dia 20 sem pressao - Soja Sauda,20,,5351,12903,508,6794,15773,4928,1
dia 20 sem pressao - Soja Sauda,20,,5356,12919,508,6803,15872,4928,1
dia 20 sem pressao - Soja Sauda,20,,5363,12933,504,6771,15897,4930,1
dia 20 sem pressao - Soja Sauda,20,,5369,12927,508,6781,15893,4931,1
dia 20 sem pressao - Soja Sauda,20,,5369,12834,509,6811,15755,4929,1
dia 20 sem pressao - Soja Sauda,20,,5375,12940,509,6813,15885,4932,1
dia 20 sem pressao - Soja Sauda,20,,5376,12945,509,6814,15917,4932,1
dia 20 sem pressao - Soja Sauda,20,,5376,12963,509,6814,15935,4933,1
dia 20 sem pressao - Soja Sauda,20,,5375,12936,509,6809,15912,4934,1
dia 20 sem pressao - Soja Sauda,20,,5378,12953,512,6804,15928,4938,1
dia 20 sem pressao - Soja Sauda,20,,5375,12951,511,6820,15920,4937,1
dia 20 sem pressao - Soja Sauda,20,,5369,12937,511,6820,15902,4937,1
dia 20 sem pressao - Soja Sauda,20,,5367,12899,510,6819,15859,4935,1
dia 20 sem pressao - Soja Sauda,20,,5366,12892,509,6815,15836,4935,1
dia 20 sem pressao - Soja Sauda,20,,5364,12888,509,6816,15835,4933,1
dia 20 sem pressao - Soja Sauda,20,,5364,12910,509,6816,15852,4932,1
dia 20 sem pressao - Soja Sauda,20,,5361,12822,509,6818,15780,4932,1
dia 20 sem pressao - Soja Sauda,20,,5359,12941,509,6819,15890,4932,1
dia 20 sem pressao - Soja Sauda,20,,5364,12906,509,6816,15862,4933,1
dia 20 sem pressao - Soja Sauda,20,,5369,12948,509,6819,15893,4933,1
dia 20 sem pressao - Soja Sauda,20,,5364,12939,509,6819,15888,4934,1
dia 20 sem pressao - Soja Sauda,20,,5367,12942,512,6805,15862,4937,1
dia 20 sem pressao - Soja Sauda,20,,5364,12943,514,6789,15865,4939,1
dia 20 sem pressao - Soja Sauda,20,,5367,13005,514,6808,15938,4939,1
dia 20 sem pressao - Soja Sauda,20,,5358,12996,512,6827,15922,4937,1
dia 20 sem pressao - Soja Sauda,20,,5357,12970,512,6835,15843,4936,1
dia 20 sem pressao - Soja Sauda,20,,5364,12979,512,6836,15922,4938,1
dia 20 sem pressao - Soja Sauda,20,,5359,12985,511,6835,15898,4939,1
dia 20 sem pressao - Soja Sauda,20,,5356,12980,511,6838,15910,4938,1
dia 20 sem pressao - Soja Sauda,20,,5361,12960,511,6836,15896,4937,1
dia 20 sem pressao - Soja Sauda,20,,5361,12982,512,6835,15878,4938,1
dia 20 sem pressao - Soja Sauda,20,,5357,12958,512,6836,15852,4934,1
dia 20 sem pressao - Soja Sauda,20,,5360,12944,511,6840,15913,4935,1
dia 20 sem pressao - Soja Sauda,20,,5356,12975,512,6838,15869,4934,1
dia 20 sem pressao - Soja Sauda,20,,5363,12986,512,6840,15908,4940,1
dia 20 sem pressao - Soja Sauda,20,,5368,12991,512,6840,15918,4942,1
dia 20 sem pressao - Soja Sauda,20,,5366,12975,511,6839,15919,4943,1
dia 20 sem pressao - Soja Sauda,20,,5369,12995,513,6841,15913,4945,1
dia 20 sem pressao - Soja Sauda,20,,5373,12983,513,6840,15880,4944,1
dia 20 sem pressao - Soja Sauda,20,,5374,12987,513,6844,15914,4938,1
dia 20 sem pressao - Soja Sauda,20,,5373,12979,513,6844,15891,4944,1
dia 20 sem pressao - Soja Sauda,20,,5374,13001,513,6846,15928,4944,1
dia 20 sem pressao - Soja Sauda,20,,5375,13009,513,6848,15929,4945,1
dia 20 sem pressao - Soja Sauda,20,,5368,12963,513,6848,15896,4946,1
dia 20 sem pressao - Soja Sauda,20,,5366,12944,513,6845,15811,4945,1
dia 20 sem pressao - Soja Sauda,20,,5359,12922,513,6847,15811,4946,1
dia 20 sem pressao - Soja Sauda,20,,5328,12950,513,6848,15840,4947,1
dia 20 sem pressao - Soja Sauda,20,,5326,12947,513,6849,15840,4948,1
dia 20 sem pressao - Soja Sauda,20,,5322,12934,512,6847,15821,4948,1
dia 20 sem pressao - Soja Sauda,20,,5319,12944,514,6845,15838,4948,1
dia 20 sem pressao - Soja Sauda,20,,5313,12942,513,6848,15830,4947,1
dia 20 sem pressao - Soja Sauda,20,,5311,12947,513,6845,15826,4947,1
dia 20 sem pressao - Soja Sauda,20,,5306,12941,512,6845,15817,4946,1
dia 20 sem pressao - Soja Sauda,20,,5304,12915,512,6844,15801,4946,1
dia 20 sem pressao - Soja Sauda,20,,5298,12888,510,6838,15731,4944,1
dia 20 sem pressao - Soja Sauda,20,,5296,12919,511,6837,15786,4945,1
dia 20 sem pressao - Soja Sauda,20,,5293,12910,511,6836,15765,4944,1
dia 20 sem pressao - Soja Sauda,20,,5292,12921,510,6836,15791,4944,1
dia 20 sem pressao - Soja Sauda,20,,5283,12936,510,6836,15807,4944,1
dia 20 sem pressao - Soja Sauda,20,,5287,12928,510,6833,15813,4946,1
dia 20 sem pressao - Soja Sauda,20,,5286,12958,510,6828,15823,4946,1
dia 20 sem pressao - Soja Sauda,20,,5282,12961,509,6833,15831,4945,1
dia 20 sem pressao - Soja Sauda,20,,5276,12950,509,6829,15807,4944,1
dia 20 sem pressao - Soja Sauda,20,,5272,12918,509,6829,15775,4944,1
dia 20 sem pressao - Soja Sauda,20,,5280,12915,508,6826,15792,4944,1
dia 20 sem pressao - Soja Sauda,20,,5281,12922,509,6827,15795,4944,1
dia 20 sem pressao - Soja Sauda,20,,5280,12901,508,6822,15769,4944,1
dia 20 sem pressao - Soja Sauda,20,,5283,12907,508,6823,15742,4943,1
dia 20 sem pressao - Soja Sauda,20,,5274,12919,507,6820,15775,4935,1
dia 20 sem pressao - Soja Sauda,20,,5283,12907,507,6816,15761,4931,1
dia 20 sem pressao - Soja Sauda,20,,5282,12909,507,6814,15766,4937,1
dia 20 sem pressao - Soja Sauda,20,,5285,12914,507,6810,15745,4935,1
dia 20 sem pressao - Soja Sauda,20,,5282,12893,506,6815,15704,4934,1
dia 20 sem pressao - Soja Sauda,20,,5284,12922,506,6811,15780,4925,1
dia 20 sem pressao - Soja Sauda,20,,5285,12930,506,6813,15804,4930,1
dia 20 sem pressao - Soja Sauda,20,,5277,12856,505,6805,15686,4925,1
dia 20 sem pressao - Soja Sauda,20,,5282,12910,507,6782,15756,4923,1
dia 20 sem pressao - Soja Sauda,20,,5284,12941,508,6768,15727,4919,1
dia 20 sem pressao - Soja Sauda,20,,5283,12930,508,6771,15749,4916,1
dia 20 sem pressao - Soja Sauda,20,,5276,12941,506,6805,15823,4912,1
dia 20 sem pressao - Soja Sauda,20,,5280,12935,505,6815,15831,4911,1
dia 20 sem pressao - Soja Sauda,20,,5278,12945,505,6818,15800,4911,1
dia 20 sem pressao - Soja Sauda,20,,5277,12950,505,6818,15826,4908,1
dia 20 sem pressao - Soja Sauda,20,,5278,12940,503,6809,15819,4905,1
dia 20 sem pressao - Soja Sauda,20,,5276,12923,504,6807,15812,4911,1
dia 20 sem pressao - Soja Sauda,20,,5272,12921,503,6807,15775,4909,1
dia 20 sem pressao - Soja Sauda,20,,5275,12930,503,6804,15809,4902,1
dia 20 sem pressao - Soja Sauda,20,,5274,12926,503,6803,15781,4903,1
dia 20 sem pressao - Soja Sauda,20,,5273,12924,502,6802,15808,4910,1
dia 20 sem pressao - Soja Sauda,20,,5288,12913,503,6802,15786,4910,1
dia 20 sem pressao - Soja Sauda,20,,5301,12899,502,6798,15756,4910,1
dia 20 sem pressao - Soja Sauda,20,,5308,12892,502,6797,15762,4910,1
dia 20 sem pressao - Soja Sauda,20,,5308,12891,502,6798,15760,4910,1
dia 20 sem pressao - Soja Sauda,20,,5309,12895,502,6799,15768,4911,1
dia 20 sem pressao - Soja Sauda,20,,5312,12910,503,6797,15790,4913,1
dia 20 sem pressao - Soja Sauda,20,,5317,12901,503,6795,15779,4913,1
dia 20 sem pressao - Soja Sauda,20,,5320,12942,504,6800,15831,4913,1
dia 20 sem pressao - Soja Sauda,20,,5321,12950,503,6800,15841,4913,1
dia 20 sem pressao - Soja Sauda,20,,5319,12928,503,6797,15821,4914,1
dia 20 sem pressao - Soja Sauda,20,,5326,12921,503,6798,15801,4914,1
dia 20 sem pressao - Soja Sauda,20,,5325,12881,502,6796,15742,4913,1
dia 20 sem pressao - Soja Sauda,20,,5376,12911,503,6793,15807,4914,1
dia 20 sem pressao - Soja Sauda,20,,5331,12884,502,6794,15768,4913,1
dia 20 sem pressao - Soja Sauda,20,,5384,12993,503,6794,15899,4916,1
dia 20 sem pressao - Soja Sauda,20,,5385,12932,503,6794,15857,4916,1
dia 20 sem pressao - Soja Sauda,20,,5386,12942,502,6792,15862,4918,1
dia 20 sem pressao - Soja Sauda,20,,5389,12979,502,6784,15926,4918,1
dia 20 sem pressao - Soja Sauda,20,,5395,13003,503,6795,15958,4917,1
dia 20 sem pressao - Soja Sauda,20,,5395,13001,503,6797,15968,4917,1
dia 20 sem pressao - Soja Sauda,20,,5385,12958,504,6798,15941,4917,1
dia 20 sem pressao - Soja Sauda,20,,5385,12964,503,6798,15967,4918,1
dia 20 sem pressao - Soja Sauda,20,,5401,12949,504,6799,15993,4920,1
dia 20 sem pressao - Soja Sauda,20,,5380,12806,503,6798,16011,4919,1
dia 20 sem pressao - Soja Sauda,20,,5384,12789,503,6799,16002,4920,1
dia 20 sem pressao - Soja Sauda,20,,5385,12781,502,6798,16005,4920,1
dia 20 sem pressao - Soja Sauda,20,,5383,12790,502,6793,15983,4918,1
dia 20 sem pressao - Soja Sauda,20,,5376,12747,498,6770,15935,4912,1
dia 20 sem pressao - Soja Sauda,20,,5374,12729,496,6750,15896,4916,1
dia 20 sem pressao - Soja Sauda,20,,5372,12706,496,6767,15886,4913,1
dia 20 sem pressao - Soja Sauda,20,,5368,12717,496,6750,15899,4905,1
dia 20 sem pressao - Soja Sauda,20,,5362,12727,488,6705,15918,4911,1
dia 20 sem pressao - Soja Sauda,20,,5362,12735,493,6732,15927,4907,1
dia 20 sem pressao - Soja Sauda,20,,5364,12759,492,6740,15965,4908,1
dia 20 sem pressao - Soja Sauda,20,,5368,12786,492,6733,15997,4906,1
dia 20 sem pressao - Soja Sauda,20,,5372,12833,492,6737,16040,4907,1
dia 20 sem pressao - Soja Sauda,20,,5372,12814,492,6739,16023,4904,1
dia 20 sem pressao - Soja Sauda,20,,5371,12813,491,6734,16006,4907,1
dia 20 sem pressao - Soja Sauda,20,,5368,12813,492,6737,15986,4907,1
dia 20 sem pressao - Soja Sauda,20,,5376,12846,488,6720,16016,4907,1
dia 20 sem pressao - Soja Sauda,20,,5377,12859,496,6759,16013,4907,1
dia 20 sem pressao - Soja Sauda,20,,5378,12874,491,6701,16035,4911,1
dia 20 sem pressao - Soja Sauda,20,,5380,12881,499,6746,16022,4912,1
dia 20 sem pressao - Soja Sauda,20,,5373,12826,501,6728,15960,4912,1
dia 20 sem pressao - Soja Sauda,20,,5374,12853,500,6753,15987,4911,1
dia 20 sem pressao - Soja Sauda,20,,5374,12864,499,6775,16002,4909,1
dia 20 sem pressao - Soja Sauda,20,,5373,12860,499,6781,15989,4888,1
dia 20 sem pressao - Soja Sauda,20,,5380,12900,498,6780,16051,4909,1
dia 20 sem pressao - Soja Sauda,20,,5380,12931,498,6780,16095,4906,1
dia 20 sem pressao - Soja Sauda,20,,5381,12931,496,6774,16097,4902,1
dia 20 sem pressao - Soja Sauda,20,,5376,12874,495,6760,16060,4901,1
dia 20 sem pressao - Soja Sauda,20,,5371,12833,494,6758,16015,4898,1
dia 20 sem pressao - Soja Sauda,20,,5369,12872,494,6753,16051,4896,1
dia 20 sem pressao - Soja Sauda,20,,5374,12868,494,6753,16043,4894,1
dia 20 sem pressao - Soja Sauda,20,,5372,12859,493,6754,16030,4892,1
dia 20 sem pressao - Soja Sauda,20,,5372,12847,493,6753,16012,4890,1
dia 20 sem pressao - Soja Sauda,20,,5363,12834,493,6752,15984,4888,1
dia 20 sem pressao - Soja Sauda,20,,5367,12796,492,6750,15955,4887,1
dia 20 sem pressao - Soja Sauda,20,,5369,12826,492,6750,16007,4886,1
dia 20 sem pressao - Soja Sauda,20,,5371,12835,492,6749,16003,4885,1
dia 20 sem pressao - Soja Sauda,20,,5372,12853,492,6747,15998,4884,1
dia 20 sem pressao - Soja Sauda,20,,5371,12851,492,6746,16016,4878,1
dia 20 sem pressao - Soja Sauda,20,,5374,12877,492,6748,16052,4878,1
dia 20 sem pressao - Soja Sauda,20,,5373,12869,489,6694,16053,4886,1
dia 20 sem pressao - Soja Sauda,20,,5377,12868,492,6743,16059,4887,1
dia 20 sem pressao - Soja Sauda,20,,5378,12886,492,6745,16050,4888,1
dia 20 sem pressao - Soja Sauda,20,,5380,12910,492,6745,16095,4883,1
dia 20 sem pressao - Soja Sauda,20,,5377,12888,491,6745,16009,4888,1
dia 20 sem pressao - Soja Sauda,20,,5380,12901,486,6694,16065,4889,1
dia 20 sem pressao - Soja Sauda,20,,5381,12886,488,6696,16068,4884,1
dia 20 sem pressao - Soja Sauda,20,,5380,12901,491,6738,16065,4890,1
dia 20 sem pressao - Soja Sauda,20,,5378,12904,489,6693,16067,4892,1
dia 20 sem pressao - Soja Sauda,20,,5380,12903,491,6741,16062,4892,1
dia 20 sem pressao - Soja Sauda,20,,5377,12875,491,6742,16031,4892,1
dia 20 sem pressao - Soja Sauda,20,,5379,12893,491,6742,16071,4894,1
dia 20 sem pressao - Soja Sauda,20,,5376,12855,492,6740,16108,4894,1
dia 20 sem pressao - Soja Sauda,20,,5392,13016,493,6747,16352,4897,1
dia 20 sem pressao - Soja Sauda,20,,5390,13011,493,6746,16337,4896,1
dia 20 sem pressao - Soja Sauda,20,,5389,13011,491,6742,16340,4896,1
dia 20 sem pressao - Soja Sauda,20,,5390,13013,491,6739,16341,4895,1
dia 20 sem pressao - Soja Sauda,20,,5386,12989,484,6691,16344,4895,1
dia 20 sem pressao - Soja Sauda,20,,5382,13001,482,6684,16328,4895,1
dia 20 sem pressao - Soja Sauda,20,,5380,12983,482,6683,16293,4895,1
dia 20 sem pressao - Soja Sauda,20,,5384,12990,488,6697,16303,4894,1
dia 20 sem pressao - Soja Sauda,20,,5384,12991,489,6729,16290,4894,1
dia 20 sem pressao - Soja Sauda,20,,5384,12975,489,6732,16255,4895,1
dia 20 sem pressao - Soja Sauda,20,,5380,13010,481,6677,16309,4896,1
dia 20 sem pressao - Soja Sauda,20,,5382,13006,481,6680,16308,4896,1
dia 20 sem pressao - Soja Sauda,20,,5373,13012,483,6680,16308,4896,1
dia 20 sem pressao - Soja Sauda,20,,5380,13006,480,6672,16328,4891,1
dia 20 sem pressao - Soja Sauda,20,,5382,13027,480,6671,16290,4891,1
dia 20 sem pressao - Soja Sauda,20,,5387,13065,481,6674,16379,4891,1
dia 20 sem pressao - Soja Sauda,20,,5388,13076,481,6680,16392,4889,1
dia 20 sem pressao - Soja Sauda,20,,5380,13078,481,6678,16393,4889,1
dia 20 sem pressao - Soja Sauda,20,,5385,13054,479,6666,16382,4889,1
dia 20 sem pressao - Soja Sauda,20,,5384,13050,479,6666,16324,4890,1
dia 20 sem pressao - Soja Sauda,20,,5408,13050,483,6647,16377,4892,1
dia 20 sem pressao - Soja Sauda,20,,5387,13061,485,6632,16358,4893,1
dia 20 sem pressao - Soja Sauda,20,,5394,13053,484,6653,16333,4891,1
dia 20 sem pressao - Soja Sauda,20,,5390,13041,482,6678,16144,4887,1
dia 20 sem pressao - Soja Sauda,20,,5382,12893,480,6680,16154,4887,1
dia 20 sem pressao - Soja Sauda,20,,5374,12835,480,6678,16018,4885,1
dia 20 sem pressao - Soja Sauda,20,,5374,12816,479,6677,16006,4883,1
dia 20 sem pressao - Soja Sauda,20,,5378,12880,479,6675,16106,4880,1
dia 20 sem pressao - Soja Sauda,20,,5381,12888,479,6668,16111,4880,1
dia 20 sem pressao - Soja Sauda,20,,5381,12884,479,6663,16104,4880,1
dia 20 sem pressao - Soja Sauda,20,,5379,12881,478,6658,16103,4886,1
dia 20 sem pressao - Soja Sauda,20,,5380,12875,478,6655,16095,4887,1
dia 20 sem pressao - Soja Sauda,20,,5381,12875,479,6654,16089,4888,1
dia 20 sem pressao - Soja Sauda,20,,5381,12874,480,6666,16055,4889,1
dia 20 sem pressao - Soja Sauda,20,,5380,12867,481,6664,16072,4885,1
dia 20 sem pressao - Soja Sauda,20,,5376,12845,478,6653,16044,4888,1
dia 20 sem pressao - Soja Sauda,20,,5377,12854,477,6648,16058,4888,1
dia 20 sem pressao - Soja Sauda,20,,5380,12885,477,6648,16102,4887,1
dia 20 sem pressao - Soja Sauda,20,,5381,12883,477,6651,16107,4887,1
dia 20 sem pressao - Soja Sauda,20,,5379,12862,477,6654,16064,4884,1
dia 20 sem pressao - Soja Sauda,20,,5378,12854,478,6650,16052,4884,1
dia 20 sem pressao - Soja Sauda,20,,5380,12860,477,6652,16045,4882,1
dia 20 sem pressao - Soja Sauda,20,,5375,12822,477,6648,15990,4881,1
dia 20 sem pressao - Soja Sauda,20,,5377,12831,478,6658,15992,4876,1
dia 20 sem pressao - Soja Sauda,20,,5375,12807,476,6645,15982,4873,1
dia 20 sem pressao - Soja Sauda,20,,5371,12790,474,6633,15956,4868,1
dia 20 sem pressao - Soja Sauda,20,,5400,12778,473,6632,15948,4866,1
dia 20 sem pressao - Soja Sauda,20,,5397,12757,472,6628,15919,4864,1
dia 20 sem pressao - Soja Sauda,20,,5398,12773,472,6627,15939,4864,1
dia 20 sem pressao - Soja Sauda,20,,5390,12763,472,6625,15926,4864,1
dia 20 sem pressao - Soja Sauda,20,,5395,12762,471,6622,15921,4861,1
dia 20 sem pressao - Soja Sauda,20,,5392,12771,471,6620,15933,4860,1
dia 20 sem pressao - Soja Sauda,20,,5392,12762,471,6620,15919,4859,1
dia 20 sem pressao - Soja Sauda,20,,5382,12753,471,6620,15905,4858,1
dia 20 sem pressao - Soja Sauda,20,,5380,12739,471,6619,15886,4859,1
dia 20 sem pressao - Soja Sauda,20,,5386,12699,471,6616,15912,4859,1
dia 20 sem pressao - Soja Sauda,20,,5384,12727,472,6619,15951,4859,1
dia 20 sem pressao - Soja Sauda,20,,5375,12722,471,6622,15937,4856,1
dia 20 sem pressao - Soja Sauda,20,,5377,12659,471,6622,15881,4853,1
dia 20 sem pressao - Soja Sauda,20,,5380,12707,471,6621,15918,4851,1
dia 20 sem pressao - Soja Sauda,20,,5370,12660,470,6618,15837,4849,1
dia 20 sem pressao - Soja Sauda,20,,5353,12685,470,6620,15843,4849,1
dia 20 sem pressao - Soja Sauda,20,,5169,12750,469,6619,15859,4845,1
dia 20 sem pressao - Soja Sauda,20,,5219,12722,469,6617,15835,4840,1
dia 20 sem pressao - Soja Sauda,20,,5163,12333,467,6601,15308,4843,1
dia 20 sem pressao - Soja Sauda,20,,5168,12323,467,6599,15301,4842,1
dia 20 sem pressao - Soja Sauda,20,,5179,12307,467,6594,15306,4843,1
dia 20 sem pressao - Soja Sauda,20,,5169,12283,467,6597,15088,4842,1
dia 20 sem pressao - Soja Sauda,20,,5125,12098,466,6591,14961,4842,1
dia 20 sem pressao - Soja Sauda,20,,5127,12087,465,6589,14935,4842,1
dia 20 sem pressao - Soja Sauda,20,,5124,12022,466,6590,14845,4842,1
dia 20 sem pressao - Soja Sauda,20,,5127,12041,465,6589,14926,4844,1
dia 20 sem pressao - Soja Sauda,20,,5129,12053,466,6595,14887,4846,1
dia 20 sem pressao - Soja Sauda,20,,5128,11997,465,6595,14767,4845,1
dia 20 sem pressao - Soja Sauda,20,,5129,12049,465,6594,14886,4848,1
dia 20 sem pressao - Soja Sauda,20,,5145,12107,471,6580,14989,4852,1
dia 20 sem pressao - Soja Sauda,20,,5143,12099,473,6575,14894,4855,1
dia 20 sem pressao - Soja Sauda,20,,5134,11950,472,6588,14663,4854,1
dia 20 sem pressao - Soja Sauda,20,,5005,10873,462,6579,13186,4842,1
dia 20 sem pressao - Soja Sauda,20,,5128,11928,469,6628,14615,4851,1
dia 20 sem pressao - Soja Sauda,20,,5127,11814,470,6632,14426,4851,1
dia 20 sem pressao - Soja Sauda,20,,5138,11954,469,6629,14584,4853,1
dia 20 sem pressao - Soja Sauda,20,,5117,11868,468,6626,14648,4852,1
dia 20 sem pressao - Soja Sauda,20,,5135,11934,467,6614,14700,4853,1
dia 20 sem pressao - Soja Sauda,20,,5138,11957,468,6614,14745,4852,1
dia 20 sem pressao - Soja Sauda,20,,5140,11978,467,6611,14776,4853,1
dia 20 sem pressao - Soja Sauda,20,,5141,11973,467,6608,14753,4853,1
dia 20 sem pressao - Soja Sauda,20,,5139,11953,467,6605,14738,4852,1
dia 20 sem pressao - Soja Sauda,20,,5137,11875,469,6586,14631,4852,1
dia 20 sem pressao - Soja Sauda,20,,5102,11461,466,6591,14266,4848,1
dia 20 sem pressao - Soja Sauda,20,,4961,9829,461,6590,11944,4828,1
dia 20 sem pressao - Soja Sauda,20,,5072,11019,463,6577,13296,4841,1
dia 20 sem pressao - Soja Sauda,20,,5054,10967,462,6572,13347,4841,1
dia 20 sem pressao - Soja Sauda,20,,5030,9841,460,6557,11967,4829,1
dia 20 sem pressao - Soja Sauda,20,,4964,9823,456,6526,11714,4828,1
dia 20 sem pressao - Soja Sauda,20,,4956,9712,455,6519,11566,4829,1
dia 20 sem pressao - Soja Sauda,20,,4955,9726,456,6514,11632,4828,1
dia 20 sem pressao - Soja Sauda,20,,4960,9826,456,6524,11780,4828,1
dia 20 sem pressao - Soja Sauda,20,,4960,9751,455,6522,11796,4827,1
dia 20 sem pressao - Soja Sauda,20,,4960,9745,455,6522,11776,4827,1
dia 20 sem pressao - Soja Sauda,20,,4954,9695,454,6540,11697,4830,1
dia 20 sem pressao - Soja Sauda,20,,4963,9788,455,6519,11834,4827,1
dia 20 sem pressao - Soja Sauda,20,,5014,10417,458,6541,12711,4835,1
dia 20 sem pressao - Soja Sauda,20,,5033,10591,460,6551,12996,4843,1
dia 20 sem pressao - Soja Sauda,20,,5036,10619,459,6547,13059,4842,1
dia 20 sem pressao - Soja Sauda,20,,5031,10548,459,6550,13061,4842,1
dia 20 sem pressao - Soja Sauda,20,,4994,10026,460,6551,12447,4840,1
dia 20 sem pressao - Soja Sauda,20,,5006,10251,459,6533,13026,4843,1
dia 20 sem pressao - Soja Sauda,20,,5023,10464,460,6542,12875,4843,1
dia 20 sem pressao - Soja Sauda,20,,5015,10340,459,6540,12801,4843,1
dia 20 sem pressao - Soja Sauda,20,,5010,10259,459,6540,12639,4843,1
dia 20 sem pressao - Soja Sauda,20,,5029,10516,460,6554,13200,4846,1
dia 20 sem pressao - Soja Sauda,20,,5069,10472,462,6554,14412,4859,1
dia 20 sem pressao - Soja Sauda,20,,5109,11260,466,6566,14804,4860,1
dia 20 sem pressao - Soja Sauda,20,,5141,11829,467,6580,14600,4861,1
dia 20 sem pressao - Soja Sauda,20,,5048,10774,463,6555,13081,4849,1
dia 20 sem pressao - Soja Sauda,20,,5056,10930,461,6544,13032,4855,1
dia 20 sem pressao - Soja Sauda,20,,5064,10815,465,6589,13771,4851,1
dia 20 sem pressao - Soja Sauda,20,,5051,10766,462,6562,13031,4852,1
dia 20 sem pressao - Soja Sauda,20,,5059,10733,462,6566,13345,4851,1
dia 20 sem pressao - Soja Sauda,20,,5059,10845,462,6570,13714,4857,1
dia 20 sem pressao - Soja Sauda,20,,5093,11281,464,6582,13777,4857,1
dia 20 sem pressao - Soja Sauda,20,,5063,10860,462,6571,13167,4854,1
dia 20 sem pressao - Soja Sauda,20,,5063,10917,462,6565,13314,4856,1
dia 20 sem pressao - Soja Sauda,20,,5058,10885,462,6572,13269,4854,1
dia 20 sem pressao - Soja Sauda,20,,5056,10877,461,6569,13253,4854,1
dia 20 sem pressao - Soja Sauda,20,,5045,10818,462,6568,13160,4854,1
dia 20 sem pressao - Soja Sauda,20,,5057,10861,461,6568,13228,4855,1
dia 20 sem pressao - Soja Sauda,20,,5061,10873,462,6569,13804,4864,1
dia 20 sem pressao - Soja Sauda,20,,5098,11358,466,6586,13897,4863,1
dia 20 sem pressao - Soja Sauda,20,,5103,11411,469,6575,14021,4868,1
dia 20 sem pressao - Soja Sauda,20,,5090,11348,471,6563,13956,4871,1
dia 20 sem pressao - Soja Sauda,20,,5087,11343,472,6602,13920,4870,1
dia 20 sem pressao - Soja Sauda,20,,5078,11313,470,6615,13921,4867,1
dia 20 sem pressao - Soja Sauda,20,,5083,11327,470,6633,13905,4866,1
dia 20 sem pressao - Soja Sauda,20,,5089,11519,469,6637,14237,4866,1
dia 20 sem pressao - Soja Sauda,20,,5086,11320,469,6655,13877,4864,1
dia 20 sem pressao - Soja Sauda,20,,5107,11350,468,6633,13907,4864,1
dia 20 sem pressao - Soja Sauda,20,,5136,11345,469,6630,13886,4864,1
dia 20 sem pressao - Soja Sauda,20,,5102,11295,467,6609,13832,4863,1
dia 20 sem pressao - Soja Sauda,20,,5094,11330,466,6610,13841,4863,1
dia 20 sem pressao - Soja Sauda,20,,5099,11318,466,6608,13835,4860,1
dia 20 sem pressao - Soja Sauda,20,,5090,11276,467,6600,13782,4863,1
dia 20 sem pressao - Soja Sauda,20,,5075,11264,467,6613,13797,4863,1
dia 20 sem pressao - Soja Sauda,20,,5099,11294,468,6615,13838,4861,1
dia 20 sem pressao - Soja Sauda,20,,5063,11268,467,6612,13765,4860,1
dia 20 sem pressao - Soja Sauda,20,,5207,11193,467,6607,13720,4857,1
dia 20 sem pressao - Soja Sauda,20,,5092,11203,464,6608,13700,4851,1
dia 20 sem pressao - Soja Sauda,20,,5077,11552,466,6615,14277,4854,1
dia 20 sem pressao - Soja Sauda,20,,5144,11745,467,6614,14455,4862,1
dia 20 sem pressao - Soja Sauda,20,,5115,11780,466,6609,14437,4860,1
dia 20 sem pressao - Soja Sauda,20,,5132,11791,466,6607,14522,4861,1
dia 20 sem pressao - Soja Sauda,20,,5152,11802,466,6607,14555,4863,1
dia 20 sem pressao - Soja Sauda,20,,5153,11798,465,6599,14549,4855,1
dia 20 sem pressao - Soja Sauda,20,,5193,11747,464,6597,14487,4859,1
dia 20 sem pressao - Soja Sauda,20,,5201,11738,463,6593,14493,4857,1
dia 20 sem pressao - Soja Sauda,20,,5200,11742,462,6587,14481,4856,1
dia 20 sem pressao - Soja Sauda,20,,5204,11700,462,6586,14426,4855,1
dia 20 sem pressao - Soja Sauda,20,,5195,11684,461,6584,14416,4855,1
dia 20 sem pressao - Soja Sauda,20,,5200,11702,461,6582,14405,4854,1
dia 20 sem pressao - Soja Sauda,20,,5160,11327,458,6569,13895,4851,1
dia 20 sem pressao - Soja Sauda,20,,5133,11298,459,6569,13849,4852,1
dia 20 sem pressao - Soja Sauda,20,,5132,11323,459,6569,13906,4852,1
dia 20 sem pressao - Soja Sauda,20,,5151,11508,459,6570,14175,4855,1
dia 20 sem pressao - Soja Sauda,20,,5219,12112,463,6590,15019,4861,1
dia 20 sem pressao - Soja Sauda,20,,5203,12091,462,6594,14978,4861,1
dia 20 sem pressao - Soja Sauda,20,,5182,11922,461,6590,14769,4858,1
dia 20 sem pressao - Soja Sauda,20,,5193,12016,462,6591,14861,4858,1
dia 20 sem pressao - Soja Sauda,20,,5207,11897,461,6586,14538,4858,1
dia 20 sem pressao - Soja Sauda,20,,5201,11943,462,6583,14772,4860,1
dia 20 sem pressao - Soja Sauda,20,,5197,11934,461,6582,14757,4859,1
dia 20 sem pressao - Soja Sauda,20,,5188,11956,461,6585,14786,4860,1
dia 20 sem pressao - Soja Sauda,20,,5204,11961,461,6583,14802,4859,1
dia 20 sem pressao - Soja Sauda,20,,5193,11960,459,6575,14790,4859,1
dia 20 sem pressao - Soja Sauda,20,,5196,11950,458,6568,14802,4857,1
dia 20 sem pressao - Soja Sauda,20,,5131,11988,458,6566,14809,4857,1
dia 20 sem pressao - Soja Sauda,20,,5156,11974,458,6568,14815,4855,1
dia 20 sem pressao - Soja Sauda,20,,5074,11950,458,6567,14788,4854,1
dia 20 sem pressao - Soja Sauda,20,,5153,11987,457,6565,14799,4854,1
dia 20 sem pressao - Soja Sauda,20,,5105,12025,457,6566,14832,4849,1
dia 20 sem pressao - Soja Sauda,20,,5014,12020,455,6572,14792,4856,1
dia 20 sem pressao - Soja Sauda,20,,5059,12049,456,6569,14807,4849,1
dia 20 sem pressao - Soja Sauda,20,,5156,12023,457,6563,14845,4856,1
dia 20 sem pressao - Soja Sauda,20,,5151,11996,457,6562,14827,4856,1
dia 20 sem pressao - Soja Sauda,20,,5266,12029,461,6537,14805,4863,1
dia 20 sem pressao - Soja Sauda,20,,5299,11912,462,6519,14726,4858,1
dia 20 sem pressao - Soja Sauda,20,,5255,11703,459,6544,14763,4858,1
dia 20 sem pressao - Soja Sauda,20,,5249,11912,459,6574,14717,4857,1
dia 20 sem pressao - Soja Sauda,20,,5269,11971,457,6571,14788,4856,1
dia 20 sem pressao - Soja Sauda,20,,5278,11987,456,6580,14832,4856,1
dia 20 sem pressao - Soja Sauda,20,,5282,12015,456,6579,14855,4855,1
dia 20 sem pressao - Soja Sauda,20,,5298,12038,456,6579,14917,4853,1
dia 20 sem pressao - Soja Sauda,20,,5296,12022,455,6576,14915,4853,1
dia 20 sem pressao - Soja Sauda,20,,5294,12023,454,6574,14865,4852,1
dia 20 sem pressao - Soja Sauda,20,,5291,12022,453,6566,14872,4852,1
dia 20 sem pressao - Soja Sauda,20,,5289,11981,453,6562,14846,4846,1
dia 20 sem pressao - Soja Sauda,20,,5288,11980,453,6558,14835,4853,1
dia 20 sem pressao - Soja Sauda,20,,5293,12009,453,6554,14869,4853,1
dia 20 sem pressao - Soja Sauda,20,,5299,12011,454,6560,14879,4855,1
dia 20 sem pressao - Soja Sauda,20,,5278,11866,454,6551,14676,4855,1
dia 20 sem pressao - Soja Sauda,20,,5286,12007,452,6544,14874,4857,1
dia 20 sem pressao - Soja Sauda,20,,5296,11935,452,6547,14843,4851,1
dia 20 sem pressao - Soja Sauda,20,,5301,11970,452,6547,14893,4857,1
dia 20 sem pressao - Soja Sauda,20,,5282,11852,452,6547,14623,4856,1
dia 20 sem pressao - Soja Sauda,20,,5286,11890,452,6543,14661,4857,1
dia 20 sem pressao - Soja Sauda,20,,5283,11801,452,6535,14649,4858,1
dia 20 sem pressao - Soja Sauda,20,,5303,12066,453,6546,14943,4860,1
dia 20 sem pressao - Soja Sauda,20,,5317,12135,453,6547,15032,4861,1
dia 20 sem pressao - Soja Sauda,20,,5310,12067,453,6550,14815,4858,1
dia 20 sem pressao - Soja Sauda,20,,5307,12035,454,6550,14866,4861,1
dia 20 sem pressao - Soja Sauda,20,,5310,12044,456,6544,14799,4862,1
dia 20 sem pressao - Soja Sauda,20,,5304,12027,456,6536,14907,4864,1
dia 20 sem pressao - Soja Sauda,20,,5312,12154,455,6562,15108,4865,1
dia 20 sem pressao - Soja Sauda,20,,5299,12029,455,6554,14915,4865,1
dia 20 sem pressao - Soja Sauda,20,,5292,11982,455,6548,14727,4866,1
dia 20 sem pressao - Soja Sauda,20,,5307,12153,457,6546,15095,4868,1
dia 20 sem pressao - Soja Sauda,20,,5297,12100,457,6562,14972,4867,1
dia 20 sem pressao - Soja Sauda,20,,5294,12073,457,6545,14967,4868,1
dia 20 sem pressao - Soja Sauda,20,,5271,11863,455,6546,14752,4868,1
dia 20 sem pressao - Soja Sauda,20,,5280,11993,456,6550,14881,4869,1
dia 20 sem pressao - Soja Sauda,20,,5273,12155,456,6554,15060,4871,1
dia 20 sem pressao - Soja Sauda,20,,5273,12126,456,6552,15044,4871,1
dia 20 sem pressao - Soja Sauda,20,,5262,12066,456,6555,14951,4871,1
dia 20 sem pressao - Soja Sauda,20,,5259,11957,455,6552,14985,4871,1
dia 20 sem pressao - Soja Sauda,20,,5251,12064,457,6558,14887,4871,1
dia 20 sem pressao - Soja Sauda,20,,5257,11895,457,6558,14665,4867,1
dia 20 sem pressao - Soja Sauda,20,,5247,11985,458,6549,14788,4873,1
dia 20 sem pressao - Soja Sauda,20,,5251,12037,457,6561,14866,4873,1
dia 20 sem pressao - Soja Sauda,20,,5270,12094,458,6563,14974,4874,1
dia 20 sem pressao - Soja Sauda,20,,5261,12142,458,6567,15046,4875,1
dia 20 sem pressao - Soja Sauda,20,,5221,12040,458,6570,14920,4876,1
dia 20 sem pressao - Soja Sauda,20,,5235,12104,459,6577,15004,4876,1
dia 20 sem pressao - Soja Sauda,20,,5254,12087,460,6567,14987,4876,1
dia 20 sem pressao - Soja Sauda,20,,5227,12034,459,6566,14951,4879,1
dia 20 sem pressao - Soja Sauda,20,,5233,11996,459,6570,14833,4875,1
dia 20 sem pressao - Soja Sauda,20,,5251,11990,459,6568,14827,4873,1
dia 20 sem pressao - Soja Sauda,20,,5248,11949,459,6570,14806,4885,1
dia 20 sem pressao - Soja Sauda,20,,5270,12161,462,6584,15098,4882,1
dia 20 sem pressao - Soja Sauda,20,,5263,12103,462,6588,14962,4881,1
dia 20 sem pressao - Soja Sauda,20,,5263,12074,464,6561,14982,4885,1
dia 20 sem pressao - Soja Sauda,20,,5262,12040,467,6562,14785,4885,1
dia 20 sem pressao - Soja Sauda,20,,5193,11506,464,6568,14079,4881,1
dia 20 sem pressao - Soja Sauda,20,,5186,11387,461,6590,13801,4870,1
dia 20 sem pressao - Soja Sauda,20,,5222,11755,462,6611,14302,4880,1
dia 20 sem pressao - Soja Sauda,20,,5197,11433,461,6605,14143,4878,1
dia 20 sem pressao - Soja Sauda,20,,5181,11288,461,6600,13959,4878,1
dia 20 sem pressao - Soja Sauda,20,,5182,11483,460,6608,14062,4879,1
dia 20 sem pressao - Soja Sauda,20,,5206,11430,461,6606,13961,4872,1
dia 20 sem pressao - Soja Sauda,20,,5193,11420,460,6603,14113,4878,1
dia 20 sem pressao - Soja Sauda,20,,5174,11228,460,6593,13743,4877,1
dia 20 sem pressao - Soja Sauda,20,,5165,11199,458,6588,13681,4874,1
dia 20 sem pressao - Soja Sauda,20,,5176,11402,459,6589,14025,4875,1
dia 20 sem pressao - Soja Sauda,20,,5174,11398,458,6589,13750,4871,1
dia 20 sem pressao - Soja Sauda,20,,5150,11223,457,6584,13732,4871,1
dia 20 sem pressao - Soja Sauda,20,,5134,11151,455,6575,13795,4871,1
dia 20 sem pressao - Soja Sauda,20,,5146,11013,456,6575,13439,4865,1
dia 20 sem pressao - Soja Sauda,20,,5116,11098,455,6562,13549,4866,1
dia 20 sem pressao - Soja Sauda,20,,5139,11258,455,6572,13774,4866,1
dia 20 sem pressao - Soja Sauda,20,,5126,11189,455,6570,13654,4866,1
dia 20 sem pressao - Soja Sauda,20,,5142,11278,456,6574,13740,4866,1
dia 20 sem pressao - Soja Sauda,20,,5140,11266,455,6572,13782,4866,1
dia 20 sem pressao - Soja Sauda,20,,5126,11175,454,6579,13597,4862,1
dia 20 sem pressao - Soja Sauda,20,,5139,11210,454,6564,13668,4864,1
dia 20 sem pressao - Soja Sauda,20,,5129,11091,453,6562,13540,4863,1
dia 20 sem pressao - Soja Sauda,20,,5130,11190,454,6561,13686,4864,1
dia 20 sem pressao - Soja Sauda,20,,5123,11179,453,6559,13696,4865,1
dia 20 sem pressao - Soja Sauda,20,,5163,11396,455,6565,13956,4866,1
dia 20 sem pressao - Soja Sauda,20,,5147,11298,455,6566,13947,4867,1
dia 20 sem pressao - Soja Sauda,20,,5148,11419,455,6569,13919,4867,1
dia 20 sem pressao - Soja Sauda,20,,5164,11391,455,6569,13878,4866,1
dia 20 sem pressao - Soja Sauda,20,,5164,11475,455,6571,14100,4860,1
dia 20 sem pressao - Soja Sauda,20,,5167,11284,455,6573,13944,4862,1
dia 20 sem pressao - Soja Sauda,20,,5158,11422,454,6570,14031,4863,1
dia 20 sem pressao - Soja Sauda,20,,5120,11494,455,6572,14090,4863,1
dia 20 sem pressao - Soja Sauda,20,,5165,11506,455,6569,14046,4863,1
dia 20 sem pressao - Soja Sauda,20,,5169,11450,456,6574,14065,4861,1
dia 20 sem pressao - Soja Sauda,20,,5139,11406,454,6568,13848,4862,1
dia 20 sem pressao - Soja Sauda,20,,5140,11254,454,6567,13806,4868,1
dia 20 sem pressao - Soja Sauda,20,,5153,11473,455,6560,14070,4867,1
dia 20 sem pressao - Soja Sauda,20,,5133,11350,454,6563,14114,4868,1
dia 20 sem pressao - Soja Sauda,20,,5154,11430,455,6571,14020,4868,1
dia 20 sem pressao - Soja Sauda,20,,5166,11607,456,6570,14267,4870,1
dia 20 sem pressao - Soja Sauda,20,,5173,11603,455,6567,14252,4869,1
dia 20 sem pressao - Soja Sauda,20,,5150,11307,454,6564,13769,4867,1
dia 20 sem pressao - Soja Sauda,20,,5130,11235,455,6573,13824,4868,1
dia 20 sem pressao - Soja Sauda,20,,5146,11434,456,6576,14031,4870,1
dia 20 sem pressao - Soja Sauda,20,,5123,11347,455,6570,14014,4869,1
dia 20 sem pressao - Soja Sauda,20,,5153,11495,456,6577,14105,4871,1
dia 20 sem pressao - Soja Sauda,20,,5155,11523,456,6579,14154,4870,1
dia 20 sem pressao - Soja Sauda,20,,5152,11472,456,6571,14081,4872,1
dia 20 sem pressao - Soja Sauda,20,,5144,11407,454,6571,13999,4868,1
dia 20 sem pressao - Soja Sauda,20,,5151,11460,453,6570,14055,4866,1
dia 20 sem pressao - Soja Sauda,20,,5151,11512,453,6569,14146,4865,1
dia 20 sem pressao - Soja Sauda,20,,5165,11594,455,6543,14060,4867,1
dia 20 sem pressao - Soja Sauda,20,,5177,11819,457,6532,14323,4863,1
dia 20 sem pressao - Soja Sauda,20,,5174,11818,456,6547,14323,4859,1
dia 20 sem pressao - Soja Sauda,20,,5177,11774,453,6567,14292,4857,1
dia 20 sem pressao - Soja Sauda,20,,5188,11849,453,6576,14356,4856,1
dia 20 sem pressao - Soja Sauda,20,,5177,11825,452,6575,14316,4855,1
dia 20 sem pressao - Soja Sauda,20,,5159,11420,449,6561,13776,4851,1
dia 20 sem pressao - Soja Sauda,20,,5133,11390,448,6551,13581,4848,1
dia 20 sem pressao - Soja Sauda,20,,5128,11359,448,6546,13679,4842,1
dia 20 sem pressao - Soja Sauda,20,,5164,11696,449,6556,14135,4850,1
dia 20 sem pressao - Soja Sauda,20,,5171,11764,449,6554,14192,4844,1
dia 20 sem pressao - Soja Sauda,20,,5166,11733,448,6542,14192,4850,1
dia 20 sem pressao - Soja Sauda,20,,5157,11655,448,6541,14094,4849,1
dia 20 sem pressao - Soja Sauda,20,,5167,11757,448,6543,14270,4849,1
dia 20 sem pressao - Soja Sauda,20,,5167,11736,447,6537,14207,4849,1
dia 20 sem pressao - Soja Sauda,20,,5155,11667,446,6530,14150,4846,1
dia 20 sem pressao - Soja Sauda,20,,5150,11657,445,6528,14162,4845,1
dia 20 sem pressao - Soja Sauda,20,,5143,11554,443,6508,13953,4844,1
dia 20 sem pressao - Soja Sauda,20,,5145,11598,443,6505,14029,4844,1
dia 20 sem pressao - Soja Sauda,20,,5147,11683,443,6507,14159,4838,1
dia 20 sem pressao - Soja Sauda,20,,5128,11518,441,6502,14013,4839,1
dia 20 sem pressao - Soja Sauda,20,,5153,11711,442,6506,14239,4840,1
dia 20 sem pressao - Soja Sauda,20,,5148,11720,442,6506,14242,4841,1
dia 20 sem pressao - Soja Sauda,20,,5155,11716,442,6504,14233,4841,1
dia 20 sem pressao - Soja Sauda,20,,5156,11760,441,6506,14270,4847,1
dia 20 sem pressao - Soja Sauda,20,,5147,11791,441,6512,14294,4846,1
dia 20 sem pressao - Soja Sauda,20,,5157,11752,441,6497,14234,4847,1
dia 20 sem pressao - Soja Sauda,20,,5162,11828,440,6500,14305,4848,1
dia 20 sem pressao - Soja Sauda,20,,5153,11683,440,6498,14154,4847,1
dia 20 sem pressao - Soja Sauda,20,,5138,11632,440,6498,14079,4847,1
dia 20 sem pressao - Soja Sauda,20,,5148,11654,439,6488,14021,4849,1
dia 20 sem pressao - Soja Sauda,20,,5138,11396,438,6481,13831,4846,1
dia 20 sem pressao - Soja Sauda,20,,5125,11366,437,6475,13733,4846,1
dia 20 sem pressao - Soja Sauda,20,,5126,11386,437,6472,13696,4847,1
dia 20 sem pressao - Soja Sauda,20,,5129,11432,437,6475,13778,4841,1
dia 20 sem pressao - Soja Sauda,20,,5130,11431,437,6476,13771,4847,1
dia 20 sem pressao - Soja Sauda,20,,5138,11412,437,6472,13757,4848,1
dia 20 sem pressao - Soja Sauda,20,,5158,11597,438,6473,14004,4852,1
dia 20 sem pressao - Soja Sauda,20,,5160,11660,438,6479,14094,4846,1
dia 20 sem pressao - Soja Sauda,20,,5162,11655,439,6463,14081,4854,1
dia 20 sem pressao - Soja Sauda,20,,5161,11657,439,6480,14012,4851,1
dia 20 sem pressao - Soja Sauda,20,,5144,11433,438,6478,13776,4851,1
dia 20 sem pressao - Soja Sauda,20,,5133,11451,439,6476,13866,4850,1
dia 20 sem pressao - Soja Sauda,20,,5146,11609,438,6479,14144,4851,1
dia 20 sem pressao - Soja Sauda,20,,5149,11671,438,6479,14062,4850,1
dia 20 sem pressao - Soja Sauda,20,,5163,11631,439,6483,14128,4849,1
dia 20 sem pressao - Soja Sauda,20,,5141,11442,437,6472,13796,4848,1
dia 20 sem pressao - Soja Sauda,20,,5149,11514,437,6488,13917,4848,1
dia 20 sem pressao - Soja Sauda,20,,5162,11655,437,6476,14103,4849,1
dia 20 sem pressao - Soja Sauda,20,,5153,11614,437,6474,14026,4849,1
dia 20 sem pressao - Soja Sauda,20,,5137,11450,436,6476,13790,4848,1
dia 20 sem pressao - Soja Sauda,20,,5181,11789,438,6480,14296,4851,1
dia 20 sem pressao - Soja Sauda,20,,5196,11676,436,6468,14006,4847,1
dia 20 sem pressao - Soja Sauda,20,,5147,11493,436,6462,13868,4845,1
dia 20 sem pressao - Soja Sauda,20,,5160,11640,437,6465,13974,4843,1
dia 20 sem pressao - Soja Sauda,20,,5163,11623,439,6445,13967,4842,1
dia 20 sem pressao - Soja Sauda,20,,5156,11564,441,6432,13985,4842,1
dia 20 sem pressao - Soja Sauda,20,,5168,11648,440,6450,14022,4840,1
dia 20 sem pressao - Soja Sauda,20,,5137,11366,439,6480,13827,4837,1
dia 20 sem pressao - Soja Sauda,20,,5118,11146,437,6481,13381,4834,1
dia 20 sem pressao - Soja Sauda,20,,5110,11122,436,6487,13342,4834,1
dia 20 sem pressao - Soja Sauda,20,,5110,11094,436,6480,13254,4833,1
dia 20 sem pressao - Soja Sauda,20,,5111,11089,435,6476,13264,4834,1
dia 20 sem pressao - Soja Sauda,20,,5105,11110,435,6474,13254,4835,1
dia 20 sem pressao - Soja Sauda,20,,5099,11036,434,6472,13269,4829,1
dia 20 sem pressao - Soja Sauda,20,,5103,11034,434,6468,13203,4838,1
dia 20 sem pressao - Soja Sauda,20,,5112,11046,435,6467,13261,4837,1
dia 20 sem pressao - Soja Sauda,20,,5121,11124,435,6471,13347,4838,1
dia 20 sem pressao - Soja Sauda,20,,5119,11120,435,6464,13387,4832,1
dia 20 sem pressao - Soja Sauda,20,,5125,11174,435,6466,13409,4833,1
dia 20 sem pressao - Soja Sauda,20,,5128,11165,435,6467,13412,4839,1
dia 20 sem pressao - Soja Sauda,20,,5124,11162,434,6461,13389,4838,1
dia 20 sem pressao - Soja Sauda,20,,5125,11182,435,6459,13443,4838,1
dia 20 sem pressao - Soja Sauda,20,,5119,11142,434,6459,13384,4839,1
dia 20 sem pressao - Soja Sauda,20,,5124,11173,434,6460,13423,4839,1
dia 20 sem pressao - Soja Sauda,20,,5125,11177,433,6458,13447,4838,1
dia 20 sem pressao - Soja Sauda,20,,5122,11173,434,6456,13452,4841,1
dia 20 sem pressao - Soja Sauda,20,,5118,11135,434,6449,13370,4839,1
dia 20 sem pressao - Soja Sauda,20,,5113,11117,433,6453,13355,4839,1
dia 20 sem pressao - Soja Sauda,20,,5117,11163,433,6454,13417,4840,1
dia 20 sem pressao - Soja Sauda,20,,5115,11146,432,6443,13389,4838,1
dia 20 sem pressao - Soja Sauda,20,,5113,11128,434,6464,13365,4837,1
dia 20 sem pressao - Soja Sauda,20,,5093,11147,433,6466,13382,4836,1
dia 20 sem pressao - Soja Sauda,20,,5098,11175,433,6460,13425,4835,1
dia 20 sem pressao - Soja Sauda,20,,5096,11163,432,6457,13384,4835,1
dia 20 sem pressao - Soja Sauda,20,,5093,11173,432,6458,13418,4837,1
dia 20 sem pressao - Soja Sauda,20,,5088,11168,432,6456,13666,4837,1
dia 20 sem pressao - Soja Sauda,20,,5131,11495,434,6464,13870,4840,1
dia 20 sem pressao - Soja Sauda,20,,5132,11516,435,6458,13888,4840,1
dia 20 sem pressao - Soja Sauda,20,,5129,11498,434,6462,13858,4839,1
dia 20 sem pressao - Soja Sauda,20,,5127,11517,435,6468,13890,4839,1
dia 20 sem pressao - Soja Sauda,20,,5133,11500,434,6464,13892,4839,1
dia 20 sem pressao - Soja Sauda,20,,5132,11505,434,6463,13875,4839,1
dia 20 sem pressao - Soja Sauda,20,,5122,11451,433,6467,13811,4840,1
dia 20 sem pressao - Soja Sauda,20,,5142,11603,433,6462,13984,4839,1
dia 20 sem pressao - Soja Sauda,20,,5141,11588,434,6462,13985,4833,1
dia 20 sem pressao - Soja Sauda,20,,5142,11587,433,6458,13986,4840,1
dia 20 sem pressao - Soja Sauda,20,,5142,11590,433,6458,13989,4840,1
dia 20 sem pressao - Soja Sauda,20,,5133,11512,433,6455,13874,4842,1
dia 20 sem pressao - Soja Sauda,20,,5137,11523,434,6452,13901,4835,1
dia 20 sem pressao - Soja Sauda,20,,5145,11606,433,6458,14020,4840,1
dia 20 sem pressao - Soja Sauda,20,,5142,11574,432,6433,13971,4840,1
dia 20 sem pressao - Soja Sauda,20,,5139,11562,432,6456,13970,4840,1
dia 20 sem pressao - Soja Sauda,20,,5135,11538,432,6454,13934,4840,1
dia 20 sem pressao - Soja Sauda,20,,5135,11525,433,6452,13914,4841,1
dia 20 sem pressao - Soja Sauda,20,,5137,11530,432,6453,13925,4840,1
dia 20 sem pressao - Soja Sauda,20,,5140,11565,430,6447,13973,4841,1
dia 20 sem pressao - Soja Sauda,20,,5136,11536,430,6446,13930,4842,1
dia 20 sem pressao - Soja Sauda,20,,5124,11447,429,6440,13783,4843,1
dia 20 sem pressao - Soja Sauda,20,,5114,11366,428,6436,13707,4842,1
dia 20 sem pressao - Soja Sauda,20,,5035,10614,428,6400,12653,4841,1
dia 20 sem pressao - Soja Sauda,20,,5032,10637,430,6388,12679,4844,1
dia 20 sem pressao - Soja Sauda,20,,5038,10711,430,6406,12793,4845,1
dia 20 sem pressao - Soja Sauda,20,,5033,10678,427,6417,12736,4842,1
dia 20 sem pressao - Soja Sauda,20,,5039,10731,425,6426,12816,4841,1
dia 20 sem pressao - Soja Sauda,20,,5039,10725,426,6434,12797,4841,1
dia 20 sem pressao - Soja Sauda,20,,5033,10729,426,6446,12794,4842,1
dia 20 sem pressao - Soja Sauda,20,,5041,10734,426,6444,12854,4842,1
dia 20 sem pressao - Soja Sauda,20,,5039,10737,425,6440,12822,4843,1
dia 20 sem pressao - Soja Sauda,20,,5026,10685,426,6438,12768,4842,1
dia 20 sem pressao - Soja Sauda,20,,5029,10744,425,6438,12813,4840,1
dia 20 sem pressao - Soja Sauda,20,,5023,10718,425,6438,12818,4839,1
dia 20 sem pressao - Soja Sauda,20,,4999,10850,426,6435,12950,4841,1
dia 20 sem pressao - Soja Sauda,20,,4972,10845,425,6432,12909,4844,1
dia 20 sem pressao - Soja Sauda,20,,5054,10763,426,6432,12887,4844,1
dia 20 sem pressao - Soja Sauda,20,,5060,10782,426,6432,12898,4837,1
dia 20 sem pressao - Soja Sauda,20,,5063,10790,425,6435,12897,4842,1
dia 20 sem pressao - Soja Sauda,20,,5055,10735,426,6435,12843,4840,1
dia 20 sem pressao - Soja Sauda,20,,5062,10778,426,6439,12885,4842,1
dia 20 sem pressao - Soja Sauda,20,,5072,10851,425,6437,12930,4841,1
dia 20 sem pressao - Soja Sauda,20,,5057,10664,426,6430,12698,4840,1
dia 20 sem pressao - Soja Sauda,20,,5095,10781,426,6438,12865,4842,1
dia 20 sem pressao - Soja Sauda,20,,5106,10873,426,6437,12989,4843,1
dia 20 sem pressao - Soja Sauda,20,,5142,11407,429,6465,13314,4844,1
dia 20 sem pressao - Soja Sauda,20,,5054,10932,425,6431,12984,4845,1
dia 20 sem pressao - Soja Sauda,20,,5039,10907,427,6429,13030,4845,1
dia 20 sem pressao - Soja Sauda,20,,5154,11622,430,6437,14023,4851,1
dia 20 sem pressao - Soja Sauda,20,,5156,11644,427,6430,14062,4851,1
dia 20 sem pressao - Soja Sauda,20,,5151,11601,430,6460,14017,4850,1
dia 20 sem pressao - Soja Sauda,20,,5067,10849,425,6436,13044,4845,1
dia 20 sem pressao - Soja Sauda,20,,5077,10955,425,6441,13101,4846,1
dia 20 sem pressao - Soja Sauda,20,,5066,10890,425,6437,13031,4845,1
dia 20 sem pressao - Soja Sauda,20,,5066,10917,425,6436,13067,4845,1
dia 20 sem pressao - Soja Sauda,20,,5065,10852,425,6432,12995,4845,1
dia 20 sem pressao - Soja Sauda,20,,5055,10827,425,6435,12933,4845,1
dia 20 sem pressao - Soja Sauda,20,,5059,10854,425,6435,12972,4841,1
dia 20 sem pressao - Soja Sauda,20,,5065,10926,425,6434,13083,4848,1
dia 20 sem pressao - Soja Sauda,20,,5058,10878,423,6421,13080,4848,1
dia 20 sem pressao - Soja Sauda,20,,5069,10938,424,6422,13096,4849,1
dia 20 sem pressao - Soja Sauda,20,,5067,10884,426,6442,12956,4847,1
dia 20 sem pressao - Soja Sauda,20,,5071,10950,426,6446,13095,4842,1
dia 20 sem pressao - Soja Sauda,20,,5058,10847,425,6441,12957,4842,1
dia 20 sem pressao - Soja Sauda,20,,5053,10798,424,6437,12862,4848,1
dia 20 sem pressao - Soja Sauda,20,,5058,10849,425,6439,12951,4848,1
dia 20 sem pressao - Soja Sauda,20,,5054,10844,425,6437,12948,4847,1
dia 20 sem pressao - Soja Sauda,20,,5050,10785,424,6433,12856,4848,1
dia 20 sem pressao - Soja Sauda,20,,5046,10758,424,6432,12840,4848,1
dia 20 sem pressao - Soja Sauda,20,,5040,10733,425,6433,12807,4846,1
dia 20 sem pressao - Soja Sauda,20,,5039,10722,424,6439,12840,4843,1
dia 20 sem pressao - Soja Sauda,20,,5050,10816,423,6436,12918,4842,1
dia 20 sem pressao - Soja Sauda,20,,5078,11114,424,6434,13324,4842,1
dia 20 sem pressao - Soja Sauda,20,,5071,11047,424,6436,13241,4842,1
dia 20 sem pressao - Soja Sauda,20,,5081,11147,427,6428,13402,4844,1
dia 20 sem pressao - Soja Sauda,20,,5084,11178,426,6444,13424,4843,1
dia 20 sem pressao - Soja Sauda,20,,5047,10845,427,6425,12967,4842,1
dia 20 sem pressao - Soja Sauda,20,,5077,11114,427,6376,13338,4846,1
dia 20 sem pressao - Soja Sauda,20,,5048,10874,425,6397,13001,4842,1
dia 20 sem pressao - Soja Sauda,20,,5049,10987,422,6416,13479,4838,1
dia 20 sem pressao - Soja Sauda,20,,5039,10892,421,6425,13022,4831,1
dia 20 sem pressao - Soja Sauda,20,,5047,10882,418,6412,13014,4829,1
dia 20 sem pressao - Soja Sauda,20,,5047,10915,417,6389,13056,4829,1
dia 20 sem pressao - Soja Sauda,20,,5048,10865,417,6414,13017,4828,1
dia 20 sem pressao - Soja Sauda,20,,5045,10934,417,6400,13082,4828,1
dia 20 sem pressao - Soja Sauda,20,,5047,10901,417,6408,13053,4829,1
dia 20 sem pressao - Soja Sauda,20,,5047,10878,416,6402,13017,4829,1
dia 20 sem pressao - Soja Sauda,20,,5047,10912,416,6391,13040,4831,1
dia 20 sem pressao - Soja Sauda,20,,5046,10934,412,6376,13086,4832,1
dia 20 sem pressao - Soja Sauda,20,,5041,10944,413,6376,13091,4833,1
dia 20 sem pressao - Soja Sauda,20,,5039,10931,413,6369,13082,4833,1
dia 20 sem pressao - Soja Sauda,20,,5047,10931,412,6371,13100,4833,1
dia 20 sem pressao - Soja Sauda,20,,5043,10899,412,6369,13054,4833,1
dia 20 sem pressao - Soja Sauda,20,,5044,10906,415,6380,13031,4833,1
dia 20 sem pressao - Soja Sauda,20,,5048,10930,416,6385,13079,4827,1
dia 20 sem pressao - Soja Sauda,20,,5049,10925,415,6386,13057,4832,1
dia 20 sem pressao - Soja Sauda,20,,5045,10923,415,6384,13040,4835,1
dia 20 sem pressao - Soja Sauda,20,,5041,10866,414,6377,12985,4836,1
dia 20 sem pressao - Soja Sauda,20,,5039,10897,415,6375,13004,4835,1
dia 20 sem pressao - Soja Sauda,20,,5037,10851,414,6372,13046,4836,1
dia 20 sem pressao - Soja Sauda,20,,5033,10806,413,6364,12880,4835,1
dia 20 sem pressao - Soja Sauda,20,,5039,10856,412,6355,12975,4829,1
dia 20 sem pressao - Soja Sauda,20,,5039,10869,414,6366,12975,4834,1
dia 20 sem pressao - Soja Sauda,20,,5039,10874,413,6370,12992,4835,1
dia 20 sem pressao - Soja Sauda,20,,5034,10848,412,6340,12946,4834,1
dia 20 sem pressao - Soja Sauda,20,,5032,10846,413,6367,12963,4835,1
dia 20 sem pressao - Soja Sauda,20,,5032,10832,413,6369,12907,4835,1
dia 20 sem pressao - Soja Sauda,20,,5029,10807,412,6352,12890,4835,1
dia 20 sem pressao - Soja Sauda,20,,5035,10835,413,6365,12972,4838,1
dia 20 sem pressao - Soja Sauda,20,,5035,10859,413,6362,12947,4837,1
dia 20 sem pressao - Soja Sauda,20,,5037,10872,413,6368,12974,4837,1
dia 20 sem pressao - Soja Sauda,20,,5041,10888,412,6356,13007,4836,1
dia 20 sem pressao - Soja Sauda,20,,5041,10893,412,6365,13012,4835,1
dia 20 sem pressao - Soja Sauda,20,,5032,10792,412,6363,12947,4835,1
dia 20 sem pressao - Soja Sauda,20,,5039,10808,412,6366,12850,4836,1
dia 20 sem pressao - Soja Sauda,20,,5044,10888,412,6362,13012,4834,1
dia 20 sem pressao - Soja Sauda,20,,5035,10828,411,6353,12947,4831,1
dia 20 sem pressao - Soja Sauda,20,,5044,10901,411,6343,13038,4832,1
dia 20 sem pressao - Soja Sauda,20,,5041,10904,408,6327,13020,4833,1
dia 20 sem pressao - Soja Sauda,20,,5048,10928,407,6321,13059,4834,1
dia 20 sem pressao - Soja Sauda,20,,5048,10934,408,6318,13059,4835,1
dia 20 sem pressao - Soja Sauda,20,,5027,10884,407,6326,13024,4835,1
dia 20 sem pressao - Soja Sauda,20,,5046,10932,406,6319,13047,4834,1
dia 20 sem pressao - Soja Sauda,20,,5044,10889,406,6319,12993,4833,1
dia 20 sem pressao - Soja Sauda,20,,5054,10956,407,6317,13084,4832,1
dia 20 sem pressao - Soja Sauda,20,,5045,10864,406,6318,12963,4830,1
dia 20 sem pressao - Soja Sauda,20,,5046,10878,406,6315,12978,4830,1
dia 20 sem pressao - Soja Sauda,20,,5045,10894,406,6319,12982,4831,1
dia 20 sem pressao - Soja Sauda,20,,5037,10833,406,6317,12949,4830,1
dia 20 sem pressao - Soja Sauda,20,,5046,10833,406,6320,12933,4831,1
dia 20 sem pressao - Soja Sauda,20,,5051,10880,406,6319,12957,4835,1
dia 20 sem pressao - Soja Sauda,20,,5050,10843,409,6302,12938,4833,1
dia 20 sem pressao - Soja Sauda,20,,5048,10840,412,6297,12918,4833,1
dia 20 sem pressao - Soja Sauda,20,,5052,10907,413,6304,13017,4835,1
dia 20 sem pressao - Soja Sauda,20,,5046,10900,408,6320,13015,4831,1
dia 20 sem pressao - Soja Sauda,20,,5043,10894,407,6328,13009,4829,1
dia 20 sem pressao - Soja Sauda,20,,5039,10870,406,6331,12951,4827,1
dia 20 sem pressao - Soja Sauda,20,,5010,10861,403,6318,12938,4828,1
dia 20 sem pressao - Soja Sauda,20,,5031,10797,405,6321,12860,4826,1
dia 20 sem pressao - Soja Sauda,20,,5028,10784,404,6321,12817,4825,1
dia 20 sem pressao - Soja Sauda,20,,5036,10852,403,6319,12931,4824,1
dia 20 sem pressao - Soja Sauda,20,,5033,10821,402,6315,12918,4821,1
dia 20 sem pressao - Soja Sauda,20,,5034,10780,401,6303,12832,4820,1
dia 20 sem pressao - Soja Sauda,20,,5028,10785,400,6308,12833,4818,1
dia 20 sem pressao - Soja Sauda,20,,5027,10621,400,6299,12491,4816,1
dia 20 sem pressao - Soja Sauda,20,,5023,10726,400,6296,12759,4819,1
dia 20 sem pressao - Soja Sauda,20,,5030,10793,400,6295,12865,4819,1
dia 20 sem pressao - Soja Sauda,20,,5028,10778,399,6286,12830,4818,1
dia 20 sem pressao - Soja Sauda,20,,5023,10786,399,6289,12848,4815,1
dia 20 sem pressao - Soja Sauda,20,,5025,10738,399,6280,12779,4813,1
dia 20 sem pressao - Soja Sauda,20,,5028,10779,399,6281,12841,4811,1
dia 20 sem pressao - Soja Sauda,20,,5031,10787,398,6278,12843,4810,1
dia 20 sem pressao - Soja Sauda,20,,5032,10808,398,6277,12871,4811,1
dia 20 sem pressao - Soja Sauda,20,,5035,10893,399,6278,12999,4812,1
dia 20 sem pressao - Soja Sauda,20,,5036,10930,398,6282,13046,4812,1
dia 20 sem pressao - Soja Sauda,20,,5040,10923,398,6276,13042,4811,1
dia 20 sem pressao - Soja Sauda,20,,5045,10901,398,6274,13013,4811,1
dia 20 sem pressao - Soja Sauda,20,,5090,11253,399,6286,13443,4811,1
dia 20 sem pressao - Soja Sauda,20,,5072,11158,399,6286,13309,4805,1
dia 20 sem pressao - Soja Sauda,20,,5046,10898,397,6271,13016,4809,1
dia 20 sem pressao - Soja Sauda,20,,5014,10792,398,6258,13021,4815,1
dia 20 sem pressao - Soja Sauda,20,,5071,11149,398,6276,13359,4816,1
dia 20 sem pressao - Soja Sauda,20,,5087,11294,398,6277,13540,4816,1
dia 20 sem pressao - Soja Sauda,20,,5082,11251,398,6275,13477,4815,1
dia 20 sem pressao - Soja Sauda,20,,5081,11252,397,6275,13493,4812,1
dia 20 sem pressao - Soja Sauda,20,,5080,11255,398,6264,13485,4818,1
dia 20 sem pressao - Soja Sauda,20,,5083,11279,398,6271,13525,4813,1
dia 20 sem pressao - Soja Sauda,20,,5047,10961,396,6263,13084,4817,1
dia 20 sem pressao - Soja Sauda,20,,5082,11272,397,6271,13516,4820,1
dia 20 sem pressao - Soja Sauda,20,,5080,11265,398,6274,13509,4819,1
dia 20 sem pressao - Soja Sauda,20,,5076,11209,396,6262,13431,4816,1
dia 20 sem pressao - Soja Sauda,20,,5073,11188,396,6254,13407,4808,1
dia 20 sem pressao - Soja Sauda,20,,5068,11151,394,6253,13341,4804,1
dia 20 sem pressao - Soja Sauda,20,,5070,11168,394,6253,13373,4811,1
dia 20 sem pressao - Soja Sauda,20,,5070,11171,394,6250,13379,4812,1
dia 20 sem pressao - Soja Sauda,20,,5072,11186,394,6250,13392,4812,1
dia 20 sem pressao - Soja Sauda,20,,5035,10841,392,6240,13386,4813,1
dia 20 sem pressao - Soja Sauda,20,,5030,10817,392,6243,12883,4809,1
dia 20 sem pressao - Soja Sauda,20,,5037,10887,392,6236,12950,4810,1
dia 20 sem pressao - Soja Sauda,20,,5044,11124,392,6238,13298,4811,1
dia 20 sem pressao - Soja Sauda,20,,5084,11043,394,6247,13053,4811,1
dia 20 sem pressao - Soja Sauda,20,,5072,11176,392,6235,13419,4816,1
dia 20 sem pressao - Soja Sauda,20,,5063,11094,393,6236,13243,4814,1
dia 20 sem pressao - Soja Sauda,20,,5023,10779,391,6225,12828,4812,1
dia 20 sem pressao - Soja Sauda,20,,5052,11001,391,6235,13126,4814,1
dia 20 sem pressao - Soja Sauda,20,,5062,11103,390,6216,13260,4812,1
dia 20 sem pressao - Soja Sauda,20,,5077,11217,395,6223,13445,4817,1
dia 20 sem pressao - Soja Sauda,20,,4968,10271,393,6184,12135,4816,1
dia 20 sem pressao - Soja Sauda,20,,4963,10232,392,6191,12059,4815,1
dia 20 sem pressao - Soja Sauda,20,,4962,10219,390,6204,12048,4812,1
dia 20 sem pressao - Soja Sauda,20,,4966,10274,390,6212,12128,4813,1
dia 20 sem pressao - Soja Sauda,20,,4958,10214,388,6217,12019,4811,1
dia 20 sem pressao - Soja Sauda,20,,4959,10254,388,6219,12092,4811,1
dia 20 sem pressao - Soja Sauda,20,,4964,10252,388,6218,11962,4811,1
dia 20 sem pressao - Soja Sauda,20,,4967,10316,387,6219,12170,4811,1
dia 20 sem pressao - Soja Sauda,20,,4972,10322,388,6220,12188,4812,1
dia 20 sem pressao - Soja Sauda,20,,4976,10377,387,6219,12271,4811,1
dia 20 sem pressao - Soja Sauda,20,,4976,10375,389,6202,12234,4813,1
dia 20 sem pressao - Soja Sauda,20,,4970,10532,388,6207,12171,4812,1
dia 20 sem pressao - Soja Sauda,20,,4975,10333,388,6209,12174,4814,1
dia 20 sem pressao - Soja Sauda,20,,4981,10409,388,6206,12299,4813,1
dia 20 sem pressao - Soja Sauda,20,,4977,10386,387,6209,12285,4814,1
dia 20 sem pressao - Soja Sauda,20,,5021,10766,388,6217,12792,4815,1
dia 20 sem pressao - Soja Sauda,20,,5075,11247,390,6228,13481,4819,1
dia 20 sem pressao - Soja Sauda,20,,5071,11233,391,6226,13453,4819,1
dia 20 sem pressao - Soja Sauda,20,,5022,10779,388,6220,12831,4817,1
dia 20 sem pressao - Soja Sauda,20,,5023,10789,388,6212,12839,4818,1
dia 20 sem pressao - Soja Sauda,20,,5025,10789,387,6211,12385,4814,1
dia 20 sem pressao - Soja Sauda,20,,5029,10823,388,6216,13239,4821,1
dia 20 sem pressao - Soja Sauda,20,,5068,11168,389,6215,13390,4821,1
dia 20 sem pressao - Soja Sauda,20,,4996,11150,385,6198,13283,4821,1
dia 20 sem pressao - Soja Sauda,20,,5059,11149,389,6221,13350,4824,1
dia 20 sem pressao - Soja Sauda,20,,5068,11158,389,6219,13379,4823,1
dia 20 sem pressao - Soja Sauda,20,,5072,11189,389,6218,13422,4824,1
dia 20 sem pressao - Soja Sauda,20,,5064,11157,389,6212,13350,4824,1
dia 20 sem pressao - Soja Sauda,20,,5070,11182,388,6211,13396,4819,1
dia 20 sem pressao - Soja Sauda,20,,5068,11177,388,6219,13393,4823,1
dia 20 sem pressao - Soja Sauda,20,,5066,11155,388,6226,13356,4825,1
dia 20 sem pressao - Soja Sauda,20,,5064,11172,388,6226,13389,4825,1
dia 20 sem pressao - Soja Sauda,20,,5062,11158,388,6224,13380,4826,1
dia 20 sem pressao - Soja Sauda,20,,5058,11143,388,6223,13373,4826,1
dia 20 sem pressao - Soja Sauda,20,,5052,11096,388,6220,13330,4827,1
dia 20 sem pressao - Soja Sauda,20,,5050,11078,388,6218,13298,4827,1
dia 20 sem pressao - Soja Sauda,20,,5042,11033,387,6217,13233,4824,1
dia 20 sem pressao - Soja Sauda,20,,4967,10367,383,6197,12314,4819,1
dia 20 sem pressao - Soja Sauda,20,,4910,9851,380,6180,11594,4820,1
dia 20 sem pressao - Soja Sauda,20,,4910,9844,380,6177,11590,4815,1
dia 20 sem pressao - Soja Sauda,20,,4907,9818,379,6175,11528,4814,1
dia 20 sem pressao - Soja Sauda,20,,4911,9869,379,6171,11592,4814,1
dia 20 sem pressao - Soja Sauda,20,,5013,10777,383,6196,12881,4821,1
dia 20 sem pressao - Soja Sauda,20,,4902,9816,378,6166,11576,4815,1
dia 20 sem pressao - Soja Sauda,20,,4952,10306,377,6158,13028,4820,1
dia 20 sem pressao - Soja Sauda,20,,4860,9413,376,6157,11675,4817,1
dia 20 sem pressao - Soja Sauda,20,,4858,9375,376,6152,11657,4816,1
dia 20 sem pressao - Soja Sauda,20,,4941,10225,380,6182,13097,4824,1
dia 20 sem pressao - Soja Sauda,20,,4869,9470,375,6154,11697,4817,1
dia 20 sem pressao - Soja Sauda,20,,4871,9461,375,6150,11846,4818,1
dia 20 sem pressao - Soja Sauda,20,,4868,9470,375,6146,11814,4819,1
dia 20 sem pressao - Soja Sauda,20,,4874,9515,375,6150,13009,4821,1
dia 20 sem pressao - Soja Sauda,20,,4972,10380,378,6144,13177,4827,1
dia 20 sem pressao - Soja Sauda,20,,4984,10476,381,6150,13373,4831,1
dia 20 sem pressao - Soja Sauda,20,,4997,10560,383,6143,13487,4833,1
dia 20 sem pressao - Soja Sauda,20,,4998,10589,382,6141,13519,4834,1
dia 20 sem pressao - Soja Sauda,20,,5000,10599,381,6151,13530,4831,1
dia 20 sem pressao - Soja Sauda,20,,4997,10576,379,6156,13484,4831,1
dia 20 sem pressao - Soja Sauda,20,,4996,10545,379,6157,13394,4831,1
dia 20 sem pressao - Soja Sauda,20,,5001,10574,379,6166,13387,4831,1
dia 20 sem pressao - Soja Sauda,20,,4995,10566,378,6158,13500,4831,1
dia 20 sem pressao - Soja Sauda,20,,4985,10457,377,6159,13349,4830,1
dia 20 sem pressao - Soja Sauda,20,,5007,10711,378,6166,13596,4833,1
dia 20 sem pressao - Soja Sauda,20,,5012,10654,378,6165,13677,4833,1
dia 20 sem pressao - Soja Sauda,20,,4968,10192,375,6152,13341,4835,1
dia 20 sem pressao - Soja Sauda,20,,5003,10431,379,6156,13525,4834,1
dia 20 sem pressao - Soja Sauda,20,,4988,10448,377,6159,13306,4832,1
dia 20 sem pressao - Soja Sauda,20,,4982,10350,377,6156,13207,4831,1
dia 20 sem pressao - Soja Sauda,20,,4979,10440,377,6153,13309,4831,1
dia 20 sem pressao - Soja Sauda,20,,4985,10436,376,6152,13347,4831,1
dia 20 sem pressao - Soja Sauda,20,,4989,10474,376,6157,13358,4831,1
dia 20 sem pressao - Soja Sauda,20,,4988,10464,377,6151,13322,4830,1
dia 20 sem pressao - Soja Sauda,20,,4986,10462,376,6147,13347,4825,1
dia 20 sem pressao - Soja Sauda,20,,4982,10394,376,6148,13313,4830,1
dia 20 sem pressao - Soja Sauda,20,,4978,10366,376,6147,13288,4830,1
dia 20 sem pressao - Soja Sauda,20,,4986,10489,375,6145,13376,4831,1
dia 20 sem pressao - Soja Sauda,20,,4982,10530,376,6138,13400,4831,1
dia 20 sem pressao - Soja Sauda,20,,4978,10426,375,6140,13305,4823,1
dia 20 sem pressao - Soja Sauda,20,,4972,10372,374,6134,13234,4825,1
dia 20 sem pressao - Soja Sauda,20,,4975,10411,373,6129,13221,4825,1
dia 20 sem pressao - Soja Sauda,20,,4957,10277,372,6125,13064,4824,1
dia 20 sem pressao - Soja Sauda,20,,4955,10263,371,6117,13023,4821,1
dia 20 sem pressao - Soja Sauda,20,,4968,10378,371,6116,13014,4820,1
dia 20 sem pressao - Soja Sauda,20,,4954,10242,371,6112,12982,4819,1
dia 20 sem pressao - Soja Sauda,20,,4953,10227,370,6108,13011,4818,1
dia 20 sem pressao - Soja Sauda,20,,4955,10238,370,6106,13020,4817,1
dia 20 sem pressao - Soja Sauda,20,,4959,10258,370,6101,12999,4817,1
dia 20 sem pressao - Soja Sauda,20,,4962,10272,370,6098,13028,4819,1
dia 20 sem pressao - Soja Sauda,20,,4962,10285,369,6100,13032,4819,1
dia 20 sem pressao - Soja Sauda,20,,4976,10405,370,6101,13189,4820,1
dia 20 sem pressao - Soja Sauda,20,,4995,10577,370,6104,13247,4821,1
dia 20 sem pressao - Soja Sauda,20,,4979,10382,369,6101,13083,4821,1
dia 20 sem pressao - Soja Sauda,20,,4977,10402,369,6095,13218,4822,1
dia 20 sem pressao - Soja Sauda,20,,4975,10388,368,6089,13256,4823,1
dia 20 sem pressao - Soja Sauda,20,,4972,10435,367,6080,13282,4823,1
dia 20 sem pressao - Soja Sauda,20,,4963,10302,368,6092,13243,4822,1
dia 20 sem pressao - Soja Sauda,20,,4970,10372,368,6090,13218,4823,1
dia 20 sem pressao - Soja Sauda,20,,4992,10499,369,6093,13449,4826,1
dia 20 sem pressao - Soja Sauda,20,,4999,10433,370,6091,13235,4826,1
dia 20 sem pressao - Soja Sauda,20,,5000,10583,369,6098,13555,4827,1
dia 20 sem pressao - Soja Sauda,20,,4992,10549,369,6097,13415,4827,1
dia 20 sem pressao - Soja Sauda,20,,4941,10576,369,6095,13453,4828,1
dia 20 sem pressao - Soja Sauda,20,,4997,10543,369,6095,13503,4829,1
dia 20 sem pressao - Soja Sauda,20,,4999,10559,369,6103,13521,4830,1
dia 20 sem pressao - Soja Sauda,20,,5007,10642,370,6095,13610,4830,1
dia 20 sem pressao - Soja Sauda,20,,5009,10643,370,6096,13616,4830,1
dia 20 sem pressao - Soja Sauda,20,,5006,10619,369,6095,13617,4824,1
dia 20 sem pressao - Soja Sauda,20,,5008,10639,370,6096,13632,4830,1
dia 20 sem pressao - Soja Sauda,20,,5013,10668,372,6080,13666,4835,1
dia 20 sem pressao - Soja Sauda,20,,5010,10633,374,6074,13615,4836,1
dia 20 sem pressao - Soja Sauda,20,,5015,10674,373,6080,13684,4828,1
dia 20 sem pressao - Soja Sauda,20,,5014,10660,371,6094,13658,4828,1
dia 20 sem pressao - Soja Sauda,20,,5003,10527,370,6092,13194,4831,1
dia 20 sem pressao - Soja Sauda,20,,4970,10290,368,6085,13089,4831,1
dia 20 sem pressao - Soja Sauda,20,,4998,10680,370,6101,13699,4832,1
dia 20 sem pressao - Soja Sauda,20,,4966,10340,369,6093,13177,4829,1
dia 20 sem pressao - Soja Sauda,20,,4996,10562,369,6092,13523,4830,1
dia 20 sem pressao - Soja Sauda,20,,5008,10687,370,6105,13682,4830,1
dia 20 sem pressao - Soja Sauda,20,,5008,10672,369,6099,13576,4827,1
dia 20 sem pressao - Soja Sauda,20,,5010,10680,369,6104,13663,4826,1
dia 20 sem pressao - Soja Sauda,20,,5009,10663,370,6103,13668,4826,1
dia 20 sem pressao - Soja Sauda,20,,4993,10487,367,6090,13396,4826,1
dia 20 sem pressao - Soja Sauda,20,,4998,10482,368,6100,13374,4826,1
dia 20 sem pressao - Soja Sauda,20,,5003,10522,368,6096,13363,4827,1
dia 20 sem pressao - Soja Sauda,20,,5004,10591,368,6095,13558,4826,1
dia 20 sem pressao - Soja Sauda,20,,5003,10580,367,6067,13536,4826,1
dia 20 sem pressao - Soja Sauda,20,,5003,10586,368,6092,13561,4827,1
dia 20 sem pressao - Soja Sauda,20,,5004,10557,367,6089,13516,4827,1
dia 20 sem pressao - Soja Sauda,20,,4999,10513,368,6089,13461,4829,1
dia 20 sem pressao - Soja Sauda,20,,4999,10505,368,6092,13443,4829,1
dia 20 sem pressao - Soja Sauda,20,,5001,10533,368,6090,13485,4828,1
dia 20 sem pressao - Soja Sauda,20,,4950,10013,365,6077,12675,4826,1
dia 20 sem pressao - Soja Sauda,20,,4935,9953,365,6074,12588,4826,1
Página9,20,,5370,10913,221,4249,11813,4961,1
Página9,20,,5370,10924,222,4250,11801,4959,1
Página9,20,,5368,10923,223,4258,11799,4958,1
Página9,20,,5369,10920,223,4252,11801,4958,1
Página9,20,,5364,10908,224,4251,11796,4955,1
Página9,20,,5371,11039,223,4253,11964,4955,1
Página9,20,,5382,11239,224,4266,12181,4955,1
Página9,20,,5381,11261,224,4266,12207,4954,1
Página9,20,,5379,11256,225,4268,12204,4954,1
Página9,20,,5377,11242,225,4273,12196,4955,1
Página9,20,,5380,11304,225,4273,12258,4951,1
Página9,20,,5376,11285,225,4267,12265,4950,1
Página9,20,,5377,11307,224,4270,12241,4950,1
Página9,20,,5378,11351,225,4277,12291,4948,1
Página9,20,,5372,11347,225,4277,12286,4948,1
Página9,20,,5374,11350,225,4276,12291,4945,1
Página9,20,,5368,11307,225,4273,12243,4940,1
Página9,20,,5360,11232,225,4274,12164,4937,1
Página9,20,,5360,11217,226,4287,12144,4935,1
Página9,20,,5367,11214,226,4288,12126,4933,1
Página9,20,,5365,11181,225,4299,12102,4934,1
Página9,20,,5358,10860,226,4305,11740,4930,1
Página9,20,,5359,11207,226,4309,12145,4932,1
Página9,20,,5359,11226,227,4312,12171,4930,1
Página9,20,,5366,11267,227,4314,12227,4930,1
Página9,20,,5369,11278,227,4316,12205,4929,1
Página9,20,,5365,11254,228,4316,12197,4928,1
Página9,20,,5361,11108,225,4287,12208,4926,1
Página9,20,,5358,11192,227,4316,12212,4920,1
Página9,20,,5356,11176,225,4289,11994,4918,1
Página9,20,,5350,11104,227,4313,12095,4924,1
Página9,20,,5342,11040,224,4291,12060,4923,1
Página9,20,,5336,11077,227,4323,12093,4922,1
Página9,20,,5347,11097,226,4321,11897,4921,1
Página9,20,,5347,11107,226,4327,12082,4912,1
Página9,20,,5347,11134,226,4326,12138,4919,1
Página9,20,,5346,11117,227,4328,12012,4919,1
Página9,20,,5344,11092,227,4325,12101,4920,1
Página9,20,,5345,11036,226,4325,12132,4918,1
Página9,20,,5335,11031,226,4329,11805,4917,1
Página9,20,,5341,11077,225,4330,12122,4916,1
Página9,20,,5322,10821,228,4333,12212,4914,1
Página9,20,,5339,11123,227,4336,12257,4913,1
Página9,20,,5341,11122,227,4339,12253,4915,1
Página9,20,,5339,11153,226,4311,12226,4914,1
Página9,20,,5337,11105,227,4338,12157,4913,1
Página9,20,,5337,11141,227,4342,12199,4912,1
Página9,20,,5331,11065,226,4306,12216,4910,1
Página9,20,,5330,11038,228,4338,12193,4909,1
Página9,20,,5330,11066,226,4340,12222,4907,1
Página9,20,,5331,11094,228,4343,12263,4908,1
Página9,20,,5329,11074,227,4345,12248,4907,1
Página9,20,,5326,11030,226,4343,12207,4907,1
Página9,20,,5326,11045,227,4346,12206,4906,1
Página9,20,,5327,11056,225,4339,12219,4906,1
Página9,20,,5323,11047,228,4341,12208,4904,1
Página9,20,,5321,11044,226,4327,12203,4904,1
Página9,20,,5320,11038,226,4324,12197,4905,1
Página9,20,,5317,11016,225,4327,12172,4903,1
Página9,20,,5311,11052,226,4331,12139,4901,1
Página9,20,,5317,11022,226,4335,12124,4901,1
Página9,20,,5313,10945,225,4329,12145,4900,1
Página9,20,,5283,10655,224,4317,11721,4898,1
Página9,20,,5291,10656,224,4317,11706,4896,1
Página9,20,,5289,10662,224,4319,11743,4896,1
Página9,20,,5309,10981,226,4332,12168,4897,1
Página9,20,,5309,11055,225,4328,12202,4897,1
Página9,20,,5312,11058,226,4337,12220,4896,1
Página9,20,,5311,11041,225,4338,12208,4892,1
Página9,20,,5314,11084,226,4340,12194,4890,1
Página9,20,,5311,11104,224,4340,12152,4894,1
Página9,20,,5310,11057,226,4337,12178,4892,1
Página9,20,,5305,10997,227,4327,12145,4887,1
Página9,20,,5306,11032,226,4329,12092,4878,1
Página9,20,,5302,11020,226,4332,12051,4884,1
Página9,20,,5302,11023,226,4342,12060,4876,1
Página9,20,,5299,10993,225,4343,12032,4882,1
Página9,20,,5298,11012,224,4342,12039,4882,1
Página9,20,,5298,11013,226,4343,12044,4883,1
Página9,20,,5297,10995,226,4343,12040,4884,1
Página9,20,,5289,10899,225,4340,12094,4880,1
Página9,20,,5289,10900,226,4344,12105,4880,1
Página9,20,,5286,10889,225,4345,12094,4880,1
Página9,20,,5285,10871,225,4355,12113,4879,1
Página9,20,,5285,10853,224,4339,12106,4879,1
Página9,20,,5284,10875,225,4356,12130,4877,1
Página9,20,,5285,10893,227,4359,12142,4876,1
Página9,20,,5283,10875,226,4364,12149,4876,1
Página9,20,,5270,10393,226,4360,12420,4876,1
Página9,20,,5284,10924,226,4360,12152,4875,1
Página9,20,,5256,10485,225,4363,12317,4874,1
Página9,20,,5276,10812,226,4368,12151,4875,1
Página9,20,,5274,10799,226,4366,12146,4874,1
Página9,20,,5272,10789,226,4365,12121,4873,1
Página9,20,,5273,10799,226,4371,12126,4873,1
Página9,20,,5265,10798,226,4370,12119,4873,1
Página9,20,,5270,10786,226,4369,12093,4872,1
Página9,20,,5269,10779,226,4371,12079,4871,1
Página9,20,,5282,10734,226,4347,12023,4869,1
Página9,20,,5274,10698,224,4348,12023,4869,1
Página9,20,,5281,10678,226,4366,11977,4867,1
Página9,20,,5277,10758,226,4379,11960,4871,1
Página9,20,,5288,10801,227,4382,11948,4868,1
Página9,20,,5291,10844,225,4360,11955,4867,1
Página9,20,,5292,10862,225,4350,11920,4867,1
Página9,20,,5290,10833,225,4354,11948,4868,1
Página9,20,,5288,10853,225,4349,11916,4868,1
Página9,20,,5289,10849,225,4369,11912,4865,1
Página9,20,,5289,10876,225,4370,11896,4866,1
Página9,20,,5289,10882,226,4365,11893,4856,1
Página9,20,,5288,10892,225,4369,11916,4858,1
Página9,20,,5290,10940,225,4367,11945,4857,1
Página9,20,,5289,10687,226,4387,11525,4864,1
Página9,20,,5285,10904,227,4385,11670,4862,1
Página9,20,,5296,11007,228,4400,12017,4854,1
Página9,20,,5294,11020,229,4411,12013,4860,1
Página9,20,,5293,11011,227,4402,12021,4861,1
Página9,20,,5266,10904,228,4401,11950,4862,1
Página9,20,,5287,10965,227,4402,11963,4857,1
Página9,20,,5285,10960,227,4404,11966,4854,1
Página9,20,,5288,11012,228,4408,12028,4852,1
Página9,20,,5286,11004,228,4409,12016,4858,1
Página9,20,,5284,10984,227,4411,11976,4860,1
Página9,20,,5286,10997,228,4412,11989,4858,1
Página9,20,,5283,10997,228,4405,11995,4851,1
Página9,20,,5281,10994,228,4416,11996,4855,1
Página9,20,,5278,10978,229,4419,11979,4856,1
Página9,20,,5274,10964,230,4424,11965,4851,1
Página9,20,,5266,10900,230,4420,11893,4843,1
Página9,20,,5240,10883,228,4410,11901,4843,1
Página9,20,,5266,10915,229,4429,11920,4851,1
Página9,20,,5261,10900,229,4428,11906,4849,1
Página9,20,,5260,10847,229,4429,11872,4849,1
Página9,20,,5259,10839,229,4430,11902,4848,1
Página9,20,,5253,10756,229,4435,11929,4847,1
Página9,20,,5254,10792,229,4435,11913,4850,1
Página9,20,,5254,10807,228,4434,11911,4842,1
Página9,20,,5252,10810,229,4436,11912,4842,1
Página9,20,,5255,10849,229,4441,11876,4840,1
Página9,20,,5255,10859,229,4442,11856,4847,1
Página9,20,,5254,10855,229,4444,11877,4846,1
Página9,20,,5225,10477,228,4428,11514,4844,1
Página9,20,,5250,10794,229,4441,11959,4842,1
Página9,20,,5238,10735,230,4442,11952,4838,1
Página9,20,,5233,10677,228,4440,11882,4843,1
Página9,20,,5247,10697,229,4442,11665,4842,1
Página9,20,,5256,10890,229,4444,12041,4844,1
Página9,20,,5251,10888,231,4449,12019,4836,1
Página9,20,,5250,10853,229,4453,12002,4842,1
Página9,20,,5252,10905,229,4456,12009,4842,1
Página9,20,,5248,10894,231,4450,11972,4841,1
Página9,20,,5244,10844,230,4455,11693,4840,1
Página9,20,,5228,10459,229,4445,11534,4833,1
Página9,20,,5244,10864,230,4456,11948,4836,1
Página9,20,,5244,10876,231,4405,11965,4841,1
Página9,20,,5243,10868,230,4433,11954,4840,1
Página9,20,,5239,10841,228,4417,11922,4839,1
Página9,20,,5239,10840,228,4457,11932,4840,1
Página9,20,,5238,10835,229,4459,11923,4837,1
Página9,20,,5237,10827,230,4469,11694,4836,1
Página9,20,,5241,10889,229,4462,11896,4837,1
Página9,20,,5239,10887,229,4460,11888,4837,1
Página9,20,,5236,10867,229,4459,11859,4838,1
Página9,20,,5237,10831,229,4466,11792,4835,1
Página9,20,,5238,10863,231,4469,11834,4838,1
Página9,20,,5233,10810,230,4471,11825,4834,1
Página9,20,,5205,10736,230,4459,11852,4835,1
Página9,20,,5203,10474,229,4471,11432,4832,1
Página9,20,,5236,10874,231,4475,11930,4835,1
Página9,20,,5228,10783,230,4479,11822,4833,1
Página9,20,,5225,10770,230,4480,11818,4833,1
Página9,20,,5227,10785,230,4479,11845,4831,1
Página9,20,,5230,10827,230,4485,11895,4832,1
Página9,20,,5225,10770,231,4483,11869,4833,1
Página9,20,,5198,10417,230,4466,11452,4827,1
Página9,20,,5230,10819,231,4472,11950,4832,1
Página9,20,,5226,10819,231,4495,11956,4831,1
Página9,20,,5227,10832,231,4493,11929,4831,1
Página9,20,,5215,10617,231,4493,11763,4828,1
Página9,20,,5193,10403,229,4482,11451,4828,1
Página9,20,,5219,10873,229,4484,11959,4830,1
Página9,20,,5221,10805,232,4496,11931,4822,1
Página9,20,,5221,10824,234,4500,11908,4820,1
Página9,20,,5206,10651,233,4497,11937,4824,1
Página9,20,,5200,10601,234,4502,11966,4824,1
Página9,20,,5204,10618,233,4506,11945,4823,1
Página9,20,,5206,10642,233,4509,11926,4823,1
Página9,20,,5212,10723,232,4511,11894,4825,1
Página9,20,,5215,10790,233,4514,11948,4824,1
Página9,20,,5214,10755,233,4517,11924,4824,1
Página9,20,,5213,10738,233,4517,11925,4824,1
Página9,20,,5216,10775,233,4522,11892,4824,1
Página9,20,,5212,10730,233,4523,11834,4825,1
Página9,20,,5215,10788,233,4522,11872,4824,1
Página9,20,,5216,10786,235,4523,11690,4824,1
Página9,20,,5217,10805,233,4526,11848,4824,1
Página9,20,,5213,10768,233,4527,11816,4823,1
Página9,20,,5207,10785,232,4527,11827,4829,1
Página9,20,,5215,10786,233,4529,11839,4824,1
Página9,20,,5211,10754,233,4531,11800,4824,1
Página9,20,,5211,10760,234,4535,11804,4823,1
Página9,20,,5212,10771,233,4534,11831,4824,1
Página9,20,,5211,10753,233,4533,11806,4823,1
Página9,20,,5209,10744,232,4529,11804,4824,1
Página9,20,,5210,10769,233,4535,11847,4823,1
Página9,20,,5211,10778,233,4538,11833,4823,1
Página9,20,,5182,10410,232,4537,11397,4821,1
Página9,20,,5171,10362,231,4528,11430,4821,1
Página9,20,,5174,10380,231,4531,11412,4820,1
Página9,20,,5222,10927,233,4544,12020,4823,1
Página9,20,,5221,10950,233,4552,11965,4818,1
Página9,20,,5214,10917,235,4549,11908,4816,1
Página9,20,,5217,10911,234,4552,11925,4821,1
Página9,20,,5209,10881,233,4552,11888,4820,1
Página9,20,,5212,10844,233,4549,11840,4822,1
Página9,20,,5206,10800,234,4550,11797,4820,1
Página9,20,,5206,10798,234,4552,11797,4820,1
Página9,20,,5200,10810,233,4552,11777,4820,1
Página9,20,,5200,10815,234,4553,11801,4820,1
Página9,20,,5201,10798,234,4553,11795,4820,1
Página9,20,,5210,10857,232,4555,11995,4818,1
Página9,20,,5208,10852,234,4554,11900,4818,1
Página9,20,,5192,10744,234,4550,11887,4817,1
Página9,20,,5194,10780,233,4553,11864,4817,1
Página9,20,,5197,10676,233,4551,11376,4817,1
Página9,20,,5170,10399,232,4539,11352,4814,1
Página9,20,,5199,10766,233,4555,11772,4816,1
Página9,20,,5170,10400,233,4539,11344,4814,1
Página9,20,,5169,10400,231,4544,11341,4813,1
Página9,20,,5163,10393,232,4544,11332,4808,1
Página9,20,,5203,10859,234,4561,11896,4813,1
Página9,20,,5202,10839,233,4566,11808,4814,1
Página9,20,,5194,10847,234,4566,11875,4814,1
Página9,20,,5198,10838,234,4569,11874,4814,1
Página9,20,,5199,10833,235,4570,11883,4814,1
Página9,20,,5200,10821,235,4567,11865,4813,1
Página9,20,,5191,10785,235,4562,11808,4810,1
Página9,20,,5182,10797,236,4560,11816,4809,1
Página9,20,,5187,10787,236,4570,11795,4809,1
Página9,20,,5185,10775,235,4570,11785,4808,1
Página9,20,,5184,10756,233,4571,11768,4808,1
Página9,20,,5173,10730,234,4574,11759,4807,1
Página9,20,,5175,10745,234,4575,11749,4807,1
Página9,20,,5183,10734,234,4577,11745,4808,1
Página9,20,,5179,10712,234,4577,11727,4808,1
Página9,20,,5181,10741,234,4578,11763,4807,1
Página9,20,,5181,10750,233,4582,11774,4807,1
Página9,20,,5180,10742,234,4584,11760,4807,1
Página9,20,,5174,10728,234,4584,11741,4807,1
Página9,20,,5168,10680,233,4580,11708,4808,1
Página9,20,,5182,10771,234,4590,11802,4808,1
Página9,20,,5169,10714,234,4589,11733,4808,1
Página9,20,,5175,10685,235,4591,11727,4807,1
Página9,20,,5174,10679,235,4590,11729,4808,1
Página9,20,,5176,10706,233,4591,11721,4807,1
Página9,20,,5175,10745,235,4597,11744,4807,1
Página9,20,,5164,10662,235,4592,11700,4806,1
Página9,20,,5164,10576,235,4596,11664,4807,1
Página9,20,,5146,10345,233,4586,11304,4805,1
Página9,20,,5147,10357,234,4588,11287,4805,1
Página9,20,,5138,10347,233,4582,11291,4805,1
Página9,20,,5189,10899,235,4612,11959,4807,1
Página9,20,,5174,10831,235,4611,11965,4807,1
Página9,20,,5173,10800,235,4613,11933,4807,1
Página9,20,,5176,10759,235,4613,11840,4806,1
Página9,20,,5174,10735,235,4613,11866,4806,1
Página9,20,,5168,10695,235,4614,11820,4806,1
Página9,20,,5171,10711,236,4614,11828,4805,1
Página9,20,,5166,10679,235,4613,11750,4805,1
Página9,20,,5156,10595,235,4617,11832,4799,1
Página9,20,,5159,10692,234,4621,11797,4805,1
Página9,20,,5167,10711,237,4618,11815,4799,1
Página9,20,,5164,10693,236,4619,11850,4799,1
Página9,20,,5164,10687,235,4620,11615,4804,1
Página9,20,,5165,10716,234,4622,11800,4804,1
Página9,20,,5168,10740,235,4621,11797,4805,1
Página9,20,,5165,10724,236,4625,11797,4803,1
Página9,20,,5162,10697,235,4628,11823,4802,1
Página9,20,,5162,10705,236,4629,11793,4803,1
Página9,20,,5161,10709,236,4630,11778,4795,1
Página9,20,,5159,10688,236,4632,11795,4803,1
Página9,20,,5165,10771,236,4633,11735,4798,1
Página9,20,,5164,10767,236,4634,11719,4795,1
Página9,20,,5163,10766,237,4639,11721,4795,1
Página9,20,,5164,10785,235,4638,11727,4800,1
Página9,20,,5158,10740,235,4640,11763,4800,1
Página9,20,,5163,10772,235,4639,11723,4800,1
Página9,20,,5162,10785,236,4641,11702,4797,1
Página9,20,,5161,10779,236,4642,11696,4799,1
Página9,20,,5157,10743,236,4644,11695,4799,1
Página9,20,,5154,10745,233,4582,11674,4799,1
Página9,20,,5149,10726,234,4581,11637,4796,1
Página9,20,,5147,10716,235,4626,11643,4791,1
Página9,20,,5142,10647,233,4577,11593,4796,1
Página9,20,,5138,10544,233,4583,11583,4796,1
Página9,20,,5140,10644,234,4618,11570,4796,1
Página9,20,,5138,10643,233,4620,11556,4795,1
Página9,20,,5138,10611,234,4614,11532,4795,1
Página9,20,,5136,10609,234,4613,11582,4791,1
Página9,20,,5142,10662,236,4642,11576,4793,1
Página9,20,,5153,10619,231,4602,11554,4792,1
Página9,20,,5224,10598,233,4612,11534,4789,1
Página9,20,,5222,10588,234,4599,11530,4790,1
Página9,20,,5221,10566,233,4635,11514,4790,1
Página9,20,,5219,10555,233,4594,11473,4790,1
Página9,20,,5203,10656,232,4600,11589,4785,1
Página9,20,,5222,10576,232,4603,11488,4788,1
Página9,20,,5192,10297,232,4610,11175,4787,1
Página9,20,,5191,10296,232,4610,11175,4787,1
Página9,20,,5206,10609,233,4616,11481,4788,1
Página9,20,,5187,10288,233,4629,11517,4790,1
Página9,20,,5226,10730,234,4627,11737,4789,1
Página9,20,,5184,10283,230,4609,11185,4786,1
Página9,20,,5227,10713,234,4627,11667,4788,1
Página9,20,,5215,10600,232,4625,11523,4788,1
Página9,20,,5201,10719,233,4627,11650,4787,1
Página9,20,,5178,10611,232,4617,11599,4787,1
Página9,20,,5183,10694,232,4631,11587,4786,1
Página9,20,,5174,10677,231,4633,11568,4786,1
Página9,20,,5176,10639,233,4623,11436,4785,1
Página9,20,,5142,10284,232,4626,11188,4783,1
Página9,20,,5146,10319,230,4606,11176,4785,1
Página9,20,,5164,10652,233,4644,11690,4786,1
Página9,20,,5170,10661,233,4626,11643,4785,1
Página9,20,,5162,10624,232,4625,11554,4784,1
Página9,20,,5158,10676,232,4627,11626,4784,1
Página9,20,,5124,10552,231,4629,11421,4783,1
Página9,20,,5121,10679,233,4647,11584,4780,1
Página9,20,,5130,10705,233,4630,11591,4783,1
Página9,20,,5128,10689,232,4634,11533,4783,1
Página9,20,,5119,10634,233,4639,11530,4782,1
Página9,20,,5122,10584,232,4637,11434,4782,1
Página9,20,,5118,10582,233,4635,11532,4782,1
Página9,20,,5116,10472,232,4641,11427,4779,1
Página9,20,,5123,10632,233,4633,11559,4781,1
Página9,20,,5091,10225,231,4630,11216,4779,1
Página9,20,,5095,10291,232,4627,11154,4778,1
Página9,20,,5096,10263,232,4617,11191,4779,1
Página9,20,,5078,10307,232,4616,11149,4779,1
Página9,20,,5100,10279,231,4629,11147,4779,1
Página9,20,,5100,10294,231,4626,11138,4777,1
Página9,20,,5098,10295,231,4626,11144,4777,1
Página9,20,,5135,10784,232,4642,11708,4781,1
Página9,20,,5132,10780,232,4646,11744,4779,1
Página9,20,,5133,10799,233,4647,11741,4779,1
Página9,20,,5130,10798,233,4642,11732,4779,1
Página9,20,,5176,10708,234,4640,11680,4776,1
Página9,20,,5178,10673,235,4657,11635,4775,1
Página9,20,,5179,10677,234,4647,11617,4775,1
Página9,20,,5185,10709,234,4662,11636,4774,1
Página9,20,,5181,10672,234,4654,11598,4775,1
Página9,20,,5180,10663,233,4653,11572,4773,1
Página9,20,,5176,10619,233,4661,11618,4773,1
Página9,20,,5182,10668,233,4664,11643,4774,1
Página9,20,,5180,10614,234,4668,11587,4773,1
Página9,20,,5178,10618,234,4663,11574,4772,1
Página9,20,,5180,10634,234,4666,11575,4773,1
Página9,20,,5172,10534,232,4672,11561,4773,1
Página9,20,,5180,10632,234,4675,11563,4772,1
Página9,20,,5184,10646,236,4709,11570,4772,1
Página9,20,,5178,10620,235,4704,11555,4773,1
Página9,20,,5177,10618,233,4660,11549,4772,1
Página9,20,,5180,10641,236,4707,11543,4771,1
Página9,20,,5180,10632,236,4720,11548,4772,1
Página9,20,,5178,10624,235,4680,11544,4770,1
Página9,20,,5179,10609,232,4668,11535,4771,1
Página9,20,,5178,10637,236,4698,11598,4771,1
Página9,20,,5177,10661,236,4726,11596,4773,1
Página9,20,,5180,10668,235,4708,11593,4772,1
Página9,20,,5174,10661,233,4678,11557,4772,1
Página9,20,,5173,10620,232,4676,11517,4772,1
Página9,20,,5173,10618,232,4677,11510,4771,1
Página9,20,,5177,10604,232,4679,11541,4770,1
Página9,20,,5180,10635,233,4690,11540,4770,1
Página9,20,,5182,10646,232,4684,11624,4770,1
Página9,20,,5178,10627,234,4682,11612,4770,1
Página9,20,,5175,10625,233,4682,11580,4770,1
Página9,20,,5178,10648,232,4680,11539,4770,1
Página9,20,,5177,10632,233,4677,11594,4770,1
Página9,20,,5177,10647,232,4672,11627,4770,1
Página9,20,,5174,10630,233,4676,11616,4770,1
Página9,20,,5177,10668,232,4675,11660,4769,1
Página9,20,,5174,10650,233,4674,11634,4768,1
Página9,20,,5175,10652,233,4676,11642,4768,1
Página9,20,,5175,10662,233,4684,11681,4768,1
Página9,20,,5149,10395,232,4678,11800,4767,1
Página9,20,,5159,10531,233,4688,11701,4768,1
Página9,20,,5165,10574,233,4690,11690,4767,1
Página9,20,,5170,10617,232,4692,11679,4768,1
Página9,20,,5163,10591,232,4684,11643,4767,1
Página9,20,,5168,10620,234,4687,11667,4767,1
Página9,20,,5162,10588,232,4688,11521,4766,1
Página9,20,,5166,10607,232,4690,11641,4767,1
Página9,20,,5162,10575,233,4683,11569,4768,1
Página9,20,,5161,10570,234,4684,11551,4765,1
Página9,20,,5154,10560,231,4687,11573,4766,1
Página9,20,,5156,10585,233,4691,11557,4765,1
Página9,20,,5155,10588,232,4689,11562,4766,1
Página9,20,,5151,10554,232,4693,11587,4767,1
Página9,20,,5152,10571,233,4688,11590,4759,1
Página9,20,,5147,10532,234,4680,11591,4756,1
Página9,20,,5155,10655,234,4685,11701,4762,1
Página9,20,,5155,10658,235,4690,11692,4760,1
Página9,20,,5152,10598,233,4697,11619,4760,1
Página9,20,,5149,10602,235,4697,11628,4760,1
Página9,20,,5145,10580,233,4700,11651,4760,1
Página9,20,,5145,10567,234,4700,11585,4760,1
Página9,20,,5135,10532,233,4706,11688,4761,1
Página9,20,,5145,10599,233,4705,11691,4759,1
Página9,20,,5146,10647,233,4706,11672,4760,1
Página9,20,,5140,10597,234,4707,11594,4761,1
Página9,20,,5137,10555,234,4707,11555,4760,1
Página9,20,,5138,10584,233,4708,11617,4761,1
Página9,20,,5135,10595,234,4709,11645,4760,1
Página9,20,,5128,10450,233,4708,11562,4760,1
Página9,20,,5135,10595,234,4714,11637,4759,1
Página9,20,,5131,10555,234,4712,11630,4759,1
Página9,20,,5133,10589,233,4712,11620,4758,1
Página9,20,,5133,10572,235,4718,11617,4759,1
Página9,20,,5132,10581,233,4715,11608,4759,1
Página9,20,,5131,10554,234,4716,11623,4759,1
Página9,20,,5133,10547,233,4724,11651,4759,1
Página9,20,,5133,10576,233,4723,11590,4758,1
Página9,20,,5124,10598,234,4720,11648,4760,1
Página9,20,,5128,10616,233,4723,11624,4759,1
Página9,20,,5122,10488,235,4721,11493,4758,1
Página9,20,,5126,10524,234,4722,11524,4758,1
Página9,20,,5128,10555,234,4727,11577,4759,1
Página9,20,,5131,10592,233,4729,11645,4759,1
Página9,20,,5126,10575,235,4730,11619,4760,1
Página9,20,,5112,10503,234,4727,11557,4759,1
Página9,20,,5111,10534,234,4726,11607,4759,1
Página9,20,,5116,10471,233,4730,11550,4758,1
Página9,20,,5113,10431,234,4731,11557,4758,1
Página9,20,,5119,10480,235,4733,11619,4761,1
Página9,20,,5120,10498,234,4733,11614,4757,1
Página9,20,,5115,10455,233,4732,11589,4758,1
Página9,20,,5106,10388,233,4729,11511,4758,1
Página9,20,,5115,10440,233,4735,11560,4757,1
Página9,20,,5109,10395,233,4734,11559,4758,1
Página9,20,,5072,10431,234,4740,11634,4757,1
Página9,20,,5068,10491,233,4740,11628,4756,1
Página9,20,,5070,10517,233,4742,11595,4757,1
Página9,20,,5066,10493,233,4742,11586,4750,1
Página9,20,,5064,10505,233,4743,11587,4753,1
Página9,20,,5059,10416,234,4744,11564,4760,1
Página9,20,,5060,10427,234,4739,11636,4758,1
Página9,20,,5061,10450,235,4753,11616,4758,1
Página9,20,,5056,10409,235,4754,11559,4757,1
Página9,20,,5053,10400,233,4752,11606,4751,1
Página9,20,,5052,10375,233,4751,11580,4756,1
Página9,20,,5046,10300,234,4753,11559,4757,1
Página9,20,,5047,10327,234,4753,11540,4756,1
Página9,20,,5052,10376,234,4751,11567,4756,1
Página9,20,,5055,10451,236,4743,11599,4756,1
Página9,20,,5046,10360,236,4728,11502,4753,1
Página9,20,,5049,10404,234,4732,11625,4745,1
Página9,20,,5047,10407,237,4751,11646,4752,1
Página9,20,,5044,10362,235,4744,11586,4752,1
Página9,20,,5043,10376,233,4749,11640,4752,1
Página9,20,,5045,10369,235,4750,11609,4751,1
Página9,20,,5038,10286,233,4747,11550,4751,1
Página9,20,,5041,10328,234,4747,11547,4751,1
Página9,20,,5037,10308,233,4749,11546,4751,1
Página9,20,,5042,10305,233,4751,11666,4750,1
Página9,20,,5047,10348,234,4752,11615,4751,1
Página9,20,,5094,10343,235,4753,11620,4751,1
Página9,20,,5094,10287,234,4751,11558,4751,1
Página9,20,,5085,9638,233,4751,11591,4751,1
Página9,20,,5077,10273,233,4748,11591,4751,1
Página9,20,,5087,10260,234,4752,11515,4751,1
Página9,20,,5080,10204,233,4752,11620,4750,1
Página9,20,,5086,10273,234,4753,11577,4750,1
Página9,20,,5086,10293,233,4753,11644,4750,1
Página9,20,,5088,10312,234,4752,11652,4750,1
Página9,20,,5084,10238,233,4754,11625,4752,1
Página9,20,,5077,10098,233,4751,11614,4750,1
Página9,20,,5081,10227,233,4756,11666,4750,1
Página9,20,,5083,10266,233,4759,11595,4750,1
Página9,20,,5084,10267,234,4760,11576,4750,1
Página9,20,,5086,10295,234,4763,11608,4751,1
Página9,20,,5087,10289,235,4771,11637,4751,1
Página9,20,,5085,10292,233,4764,11587,4750,1
Página9,20,,5086,10306,235,4766,11585,4750,1
Página9,20,,5083,10229,233,4763,11553,4750,1
Página9,20,,5083,10246,233,4767,11587,4749,1
Página9,20,,5087,10248,234,4769,11615,4751,1
Página9,20,,5083,10242,235,4768,11575,4750,1
Página9,20,,5080,10203,234,4769,11589,4750,1
Página9,20,,5070,10220,233,4770,11577,4750,1
Página9,20,,5079,10199,234,4771,11625,4750,1
Página9,20,,5078,10195,235,4773,11574,4749,1
Página9,20,,5076,10207,234,4771,11636,4750,1
Página9,20,,5080,10206,235,4774,11608,4749,1
Página9,20,,5077,10216,233,4776,11584,4749,1
Página9,20,,5074,10174,234,4776,11560,4750,1
Página9,20,,5067,10211,234,4773,11595,4749,1
Página9,20,,5077,10184,234,4774,11560,4749,1
Página9,20,,5165,10418,236,4785,11747,4824,1
Página9,20,,5163,10420,237,4793,11800,4832,1
Página9,20,,5172,10366,237,4787,11818,4842,1
Página9,20,,5188,10404,238,4801,11823,4853,1
Página9,20,,5148,10476,238,4802,11853,4863,1
Página9,20,,5185,10423,238,4801,11832,4875,1
Página9,20,,5168,10520,239,4810,11887,4884,1
Página9,20,,5165,10529,238,4811,11870,4893,1
Página9,20,,5161,10532,239,4811,11871,4901,1
Página9,20,,5163,10547,237,4809,11870,4909,1
Página9,20,,5156,10135,239,4791,11438,4920,1
Página9,20,,5170,10168,240,4783,11427,4935,1
Página9,20,,5173,10177,241,4786,11430,4946,1
Página9,20,,5182,10176,239,4791,11431,4952,1
Página9,20,,5186,10181,240,4797,11432,4957,1
Página9,20,,5189,10174,240,4804,11437,4962,1
Página9,20,,5190,10197,239,4803,11424,4967,1
Página9,20,,5193,10198,240,4804,11425,4972,1
Página9,20,,5202,10198,240,4797,11424,4979,1
Página9,20,,5204,10199,241,4799,11427,4982,1
Página9,20,,5207,10196,240,4803,11429,4987,1
Página9,20,,5203,10152,238,4803,11476,4990,1
Página9,20,,5159,9478,239,4806,11918,4996,1
Página9,20,,5219,10260,240,4804,11387,4999,1
Página9,20,,5221,10267,239,4805,11383,5002,1
Página9,20,,5222,10268,240,4805,11382,5005,1
Página9,20,,5223,10268,239,4809,11383,5008,1
Página9,20,,5241,10260,238,4809,11376,5011,1
Página9,20,,5229,10269,239,4814,11384,5013,1
Página9,20,,5229,10264,239,4812,11382,5016,1
Página9,20,,5232,10262,240,4813,11382,5018,1
Página9,20,,5238,10263,241,4802,11384,5022,1
Página9,20,,5239,10263,242,4809,11384,5024,1
Página9,20,,5241,10266,240,4810,11389,5027,1
Página9,20,,5241,10260,239,4813,11385,5028,1
Página9,20,,5239,10260,240,4816,11388,5029,1
Página9,20,,5241,10258,240,4815,11388,5032,1
Página9,20,,5242,10258,240,4816,11390,5033,1
Página9,20,,5250,10272,241,4819,11398,5031,1
Página9,20,,5245,10256,239,4814,11395,5036,1
Página9,20,,5242,10211,240,4815,11435,5037,1
Página9,20,,5241,10200,240,4818,11439,5039,1
Página9,20,,5246,10230,242,4817,11415,5040,1
Página9,20,,5244,10227,239,4818,11422,5043,1
Página9,20,,5247,10224,240,4821,11426,5044,1
Página9,20,,5243,10216,241,4818,11441,5043,1
Página9,20,,5243,10203,239,4818,11443,5043,1
Página9,20,,5243,10217,241,4814,11432,5045,1
Página9,20,,5244,10215,241,4814,11432,5046,1
Página9,20,,5244,10218,240,4815,11433,5047,1
Página9,20,,5242,10212,238,4811,11434,5048,1
Página9,20,,5259,10489,239,4816,11437,5049,1
Página9,20,,5241,10201,239,4816,11439,5049,1
Página9,20,,5240,10177,240,4818,11453,5050,1
Página9,20,,5233,10169,238,4816,11463,5052,1
Página9,20,,5234,10176,241,4817,11457,5052,1
Página9,20,,5234,10179,240,4820,11453,5051,1
Página9,20,,5241,10161,241,4822,11453,5052,1
Página9,20,,5239,10143,240,4823,11471,5052,1
Página9,20,,5238,10168,239,4823,11437,5051,1
Página9,20,,5238,10164,240,4819,11438,5052,1
Página9,20,,5238,10156,241,4827,11448,5051,1
Página9,20,,5233,10153,241,4830,11447,5051,1
Página9,20,,5235,10140,242,4831,11446,5051,1
Página9,20,,5233,10134,240,4832,11445,5051,1
Página9,20,,5239,10150,242,4829,11452,5046,1
Página9,20,,5226,10112,243,4810,11471,5044,1
Página9,20,,5226,10124,242,4813,11460,5049,1
Página9,20,,5226,10118,242,4821,11474,5048,1
Página9,20,,5224,10116,242,4823,11469,5049,1
Página9,20,,5221,10104,240,4830,11481,5050,1
Página9,20,,5222,10107,241,4832,11474,5048,1
Página9,20,,5261,10099,242,4836,11465,5049,1
Página9,20,,5249,10061,241,4837,11501,5050,1
Página9,20,,5241,10067,240,4838,11489,5050,1
Página9,20,,5244,10062,242,4838,11472,5050,1
Página9,20,,5257,10049,241,4838,11507,5050,1
Página9,20,,5255,10046,241,4841,11494,5050,1
Página9,20,,5253,10081,241,4841,11458,5049,1
Página9,20,,5255,10108,241,4845,11465,5056,1
Página9,20,,5261,10103,241,4848,11453,5050,1
Página9,20,,5260,10074,242,4847,11488,5050,1
Página9,20,,5256,10097,242,4847,11454,5048,1
Página9,20,,5238,10080,240,4847,11475,5049,1
Página9,20,,5243,10070,242,4849,11464,5048,1
Página9,20,,5249,10023,240,4850,11461,5049,1
Página9,20,,5251,10069,240,4846,11455,5049,1
Página9,20,,5235,10053,241,4849,11469,5049,1
Página9,20,,5241,10065,240,4853,11457,5048,1
Página9,20,,5238,10037,241,4852,11464,5048,1
Página9,20,,5182,9400,240,4852,11889,5051,1
Página9,20,,5179,9377,239,4853,11923,5050,1
Página9,20,,5174,9366,240,4856,11922,5048,1
Página9,20,,5261,10142,242,4855,11463,5048,1
Página9,20,,5248,10160,241,4856,11365,5047,1
Página9,20,,5252,10155,241,4857,11380,5040,1
Página9,20,,5252,10145,241,4857,11390,5041,1
Página9,20,,5246,10095,241,4855,11399,5046,1
Página9,20,,5239,10067,241,4856,11419,5039,1
Página9,20,,5180,9435,239,4858,11872,5040,1
Página9,20,,5180,9386,238,4859,11897,5048,1
Página9,20,,5181,9383,239,4856,11900,5045,1
Página9,20,,5175,9366,241,4863,11915,5044,1
Página9,20,,5173,9370,239,4857,11905,5044,1
Página9,20,,5239,10187,241,4857,11341,5036,1
Página9,20,,5229,10170,241,4859,11326,5038,1
Página9,20,,5222,10194,242,4859,11324,5037,1
Página9,20,,5228,10221,242,4862,11358,5044,1
Página9,20,,5236,10140,242,4859,11360,5041,1
Página9,20,,5238,10170,240,4864,11354,5041,1
Página9,20,,5240,10156,243,4864,11350,5041,1
Página9,20,,5235,10189,242,4867,11332,5041,1
Página9,20,,5229,10129,242,4862,11365,5038,1
Página9,20,,5240,10191,241,4864,11328,5041,1
Página9,20,,5236,10187,242,4866,11332,5040,1
Página9,20,,5233,10183,241,4867,11332,5039,1
Página9,20,,5231,10188,241,4867,11321,5040,1
Página9,20,,5241,10187,242,4867,11326,5039,1
Página9,20,,5241,10166,241,4865,11336,5041,1
Página9,20,,5238,10179,241,4862,11330,5039,1
Página9,20,,5220,10175,242,4856,11336,5038,1
Página9,20,,5225,10169,242,4845,11331,5038,1
Página9,20,,5222,10201,243,4842,11311,5028,1
Página9,20,,5223,10199,242,4852,11309,5033,1
Página9,20,,5221,10193,242,4857,11313,5032,1
Página9,20,,5219,10181,242,4857,11323,5031,1
Página9,20,,5218,10165,242,4858,11329,5033,1
Página9,20,,5221,10172,242,4859,11323,5026,1
Página9,20,,5217,10190,241,4857,11311,5027,1
Página9,20,,5219,10191,240,4861,11307,5033,1
Página9,20,,5218,10185,241,4859,11311,5032,1
Página9,20,,5216,10113,240,4860,11329,5032,1
Página9,20,,5223,10159,242,4862,11323,5032,1
Página9,20,,5219,10155,241,4860,11322,5032,1
Página9,20,,5218,10154,241,4860,11324,5031,1
Página9,20,,5213,10122,242,4860,11344,5031,1
Página9,20,,5213,10125,240,4864,11344,5031,1
Página9,20,,5214,10123,240,4856,11346,5031,1
Página9,20,,5213,10116,239,4858,11350,5030,1
Página9,20,,5206,10145,241,4853,11333,5030,1
Página9,20,,5202,10148,240,4855,11331,5029,1
Página9,20,,5200,10144,241,4857,11336,5028,1
Página9,20,,5198,10141,241,4857,11338,5029,1
Página9,20,,5200,10113,239,4857,11359,5028,1
Página9,20,,5211,10118,241,4856,11341,5027,1
Página9,20,,5207,10121,239,4858,11339,5027,1
Página9,20,,5203,10123,239,4859,11344,5027,1
Página9,20,,5196,10117,239,4859,11352,5029,1
Página9,20,,5179,10099,239,4859,11370,5028,1
Página9,20,,5206,10067,240,4860,11366,5026,1
Página9,20,,5205,10107,241,4861,11340,5026,1
Página9,20,,5182,10089,239,4861,11345,5025,1
Página9,20,,5204,10112,239,4859,11337,5026,1
Página9,20,,5212,10112,240,4857,11342,5027,1
Página9,20,,5196,10106,240,4860,11346,5025,1
Página9,20,,5185,10110,239,4861,11351,5025,1
Página9,20,,5188,10111,238,4862,11346,5024,1
Página9,20,,5187,10111,239,4862,11345,5024,1
Página9,20,,5189,10108,241,4861,11345,5025,1
Página9,20,,5189,10110,240,4862,11343,5022,1
Página9,20,,5185,10078,241,4877,11354,5022,1
Página9,20,,5194,10097,241,4873,11342,5022,1
Página9,20,,5193,10098,240,4870,11340,5021,1
Página9,20,,5194,10094,240,4868,11339,5020,1
Página9,20,,5195,10094,241,4872,11340,5021,1
Página9,20,,5190,10094,240,4868,11340,5019,1
Página9,20,,5183,10093,240,4868,11340,5018,1
Página9,20,,5182,10091,241,4870,11341,5017,1
Página9,20,,5194,10083,238,4872,11334,5016,1
Página9,20,,5184,10088,239,4871,11340,5017,1
Página9,20,,5187,10081,240,4869,11334,5015,1
Página9,20,,5184,10080,240,4869,11336,5014,1
Página9,20,,5179,10078,240,4870,11337,5014,1
Página9,20,,5184,10073,239,4870,11337,5013,1
Página9,20,,5179,10068,241,4857,11341,5012,1
Página9,20,,5172,10053,242,4848,11347,5009,1
Página9,20,,5176,10062,242,4849,11336,5006,1
Página9,20,,5164,10063,242,4856,11339,5006,1
Página9,20,,5165,10065,242,4863,11339,5005,1
Página9,20,,5152,10066,240,4866,11343,5005,1
Página9,20,,5160,10060,242,4868,11342,5004,1
Página9,20,,5156,10052,242,4868,11347,5004,1
Página9,20,,5155,10021,240,4871,11380,5003,1
Página9,20,,5152,10024,241,4870,11373,5004,1
Página9,20,,5158,10041,241,4872,11351,5003,1
Página9,20,,5153,10049,242,4873,11352,5002,1
Página9,20,,5107,9417,240,4877,11786,5002,1
Página9,20,,5098,9314,240,4879,11843,5003,1
Página9,20,,5092,9299,238,4874,11855,5003,1
Página9,20,,5096,9294,238,4877,11855,5002,1
Página9,20,,5098,9292,239,4877,11856,5002,1
Página9,20,,5094,9293,239,4879,11856,5002,1
Página9,20,,5094,9288,239,4879,11856,5002,1
Página9,20,,5092,9289,238,4880,11855,5002,1
Página9,20,,5094,9284,239,4880,11855,5001,1
Página9,20,,5092,9287,238,4882,11852,5001,1
Página9,20,,5091,9285,239,4882,11851,5000,1
Página9,20,,5078,9290,239,4881,11851,5000,1
Página9,20,,5078,9289,239,4881,11850,4999,1
Página9,20,,5087,9282,238,4878,11847,5000,1
Página9,20,,5082,9294,239,4881,11846,4998,1
Página9,20,,5082,9297,239,4881,11842,4998,1
Página9,20,,5139,10058,241,4878,11326,4998,1
Página9,20,,5137,10078,240,4880,11312,4997,1
Página9,20,,5140,10089,240,4884,11304,4997,1
Página9,20,,5142,10094,241,4880,11301,4999,1
Página9,20,,5141,10096,240,4885,11297,4997,1
Página9,20,,5140,10094,240,4883,11294,4997,1
Página9,20,,5137,10084,240,4885,11316,4996,1
Página9,20,,5138,10096,241,4884,11285,4996,1
Página9,20,,5145,10080,240,4882,11295,4997,1
Página9,20,,5147,10086,242,4882,11285,4996,1
Página9,20,,5153,10103,241,4883,11264,4995,1
Página9,20,,5136,10101,240,4883,11271,4995,1
Página9,20,,5134,10108,241,4884,11264,4995,1
Página9,20,,5135,10122,241,4883,11256,4996,1
Página9,20,,5130,10110,241,4880,11263,4995,1
Página9,20,,5139,10127,240,4882,11257,4994,1
Página9,20,,5139,10128,240,4883,11255,4994,1
Página9,20,,5117,10113,240,4884,11272,4992,1
Página9,20,,5119,10119,240,4886,11268,4992,1
Página9,20,,5127,10105,242,4885,11266,4993,1
Página9,20,,5117,10119,239,4887,11262,4992,1
Página9,20,,5125,10116,240,4887,11259,4991,1
Página9,20,,5122,10111,242,4887,11268,4991,1
Página9,20,,5124,10121,241,4887,11243,4991,1
Página9,20,,5153,10121,241,4886,11243,4985,1
Página9,20,,5131,10132,241,4887,11244,4991,1
Página9,20,,5143,10115,240,4886,11239,4990,1
Página9,20,,5110,10149,241,4879,11244,4990,1
Página9,20,,5126,10077,242,4867,11286,4987,1
Página9,20,,5104,10081,242,4867,11270,4985,1
Página9,20,,5119,10076,242,4876,11265,4984,1
Página9,20,,5121,10067,242,4882,11265,4984,1
Página9,20,,5121,10063,241,4893,11266,4984,1
Página9,20,,5121,10062,241,4889,11264,4984,1
Página9,20,,5123,10063,242,4887,11255,4983,1
Página9,20,,5125,10088,240,4887,11230,4983,1
Página9,20,,5120,10104,241,4889,11226,4983,1
Página9,20,,5128,10105,241,4889,11231,4978,1
Página9,20,,5119,10107,241,4888,11236,4984,1
Página9,20,,5112,10118,242,4892,11211,4983,1
Página9,20,,5101,10105,242,4892,11226,4977,1
Página9,20,,5141,10099,242,4890,11216,4976,1
Página9,20,,5133,10102,241,4891,11217,4978,1
Página9,20,,5143,10099,241,4891,11215,4982,1
Página9,20,,5128,10106,241,4890,11224,4982,1
Página9,20,,5117,10120,239,4891,11217,4981,1
Página9,20,,5116,10109,239,4891,11215,4981,1
Página9,20,,5113,10109,240,4893,11217,4981,1
Página9,20,,5124,10041,240,4890,11235,4982,1
Página9,20,,5114,10052,241,4889,11241,4980,1
Página9,20,,5119,10083,241,4890,11227,4974,1
Página9,20,,5111,10085,240,4890,11233,4974,1
Página9,20,,5120,10065,240,4892,11248,4980,1
Página9,20,,5114,10086,241,4889,11226,4980,1
Página9,20,,5121,10088,238,4894,11228,4982,1
Página9,20,,5116,10052,241,4893,11238,4980,1
Página9,20,,5118,10088,240,4892,11226,4980,1
Página9,20,,5112,10098,240,4892,11224,4980,1
Página9,20,,5113,10099,240,4893,11219,4979,1
Página9,20,,5116,10112,239,4890,11217,4980,1
Página9,20,,5114,10115,241,4883,11214,4980,1
Página9,20,,5107,10118,239,4882,11213,4978,1
Página9,20,,5093,10122,238,4882,11215,4978,1
Página9,20,,5119,10110,239,4881,11210,4978,1
Página9,20,,5103,10115,240,4879,11219,4979,1
Página9,20,,5110,10111,240,4893,11216,4978,1
Página9,20,,5108,10110,241,4894,11217,4978,1
Página9,20,,5108,10111,241,4895,11215,4978,1
Página9,20,,5104,10117,239,4894,11212,4978,1
Página9,20,,5103,10114,240,4892,11212,4979,1
Página9,20,,5117,10111,240,4888,11212,4978,1
Página9,20,,5100,10115,242,4893,11216,4977,1
Página9,20,,5104,10112,241,4895,11214,4976,1
Página9,20,,5101,10112,240,4893,11214,4977,1
Página9,20,,5104,10109,241,4892,11222,4975,1
Página9,20,,5110,10111,239,4892,11210,4977,1
Página9,20,,5108,10117,240,4893,11205,4976,1
Página9,20,,5103,10130,239,4892,11200,4976,1
Página9,20,,5104,10131,239,4894,11198,4976,1
Página9,20,,5109,10140,240,4889,11211,4976,1
Página9,20,,5108,10146,240,4896,11211,4977,1
Página9,20,,5147,10592,242,4906,11769,4978,1
Página9,20,,5146,10597,242,4898,11778,4978,1
Página9,20,,5142,10565,242,4884,11750,4975,1
Página9,20,,5138,10539,242,4881,11749,4974,1
Página9,20,,5126,10486,243,4889,11730,4973,1
Página9,20,,5122,10404,242,4893,11708,4968,1
Página9,20,,5134,10512,243,4898,11701,4966,1
Página9,20,,5123,10115,242,4899,11527,4971,1
Página9,20,,5096,10125,240,4884,11185,4970,1
Página9,20,,5135,10549,242,4899,11715,4967,1
Página9,20,,5104,10354,241,4899,11669,4966,1
Página9,20,,5099,10135,239,4876,11192,4971,1
Página9,20,,5099,10135,238,4875,11194,4972,1
Página9,20,,5100,10127,239,4875,11196,4970,1
Página9,20,,5098,10131,235,4842,11185,4970,1
Página9,20,,5093,10114,234,4827,11200,4970,1
Página9,20,,5097,10137,234,4831,11188,4971,1
Página9,20,,5092,10098,234,4829,11210,4965,1
Página9,20,,5095,10117,235,4836,11204,4966,1
Página9,20,,5095,10101,235,4833,11236,4964,1
Página9,20,,5092,10110,235,4834,11210,4971,1
Página9,20,,5093,10108,234,4833,11212,4970,1
Página9,20,,5090,10108,234,4832,11215,4970,1
Página9,20,,5095,10108,236,4844,11218,4970,1
Página9,20,,5091,10106,238,4854,11219,4965,1
Página9,20,,5091,10104,238,4865,11221,4964,1
Página9,20,,5093,10091,237,4869,11225,4969,1
Página9,20,,5089,10093,239,4879,11232,4969,1
Página9,20,,5092,10092,238,4864,11230,4969,1
Página9,20,,5090,10096,237,4877,11241,4966,1
Página9,20,,5087,10095,238,4868,11236,4963,1
Página9,20,,5091,10093,238,4883,11237,4970,1
Página9,20,,5083,10094,238,4875,11240,4969,1
Página9,20,,5083,10093,237,4870,11241,4969,1
Página9,20,,5083,10092,238,4870,11243,4970,1
Página9,20,,5083,10089,239,4862,11243,4969,1
Página9,20,,5081,10087,240,4881,11245,4969,1
Página9,20,,5083,10085,241,4894,11243,4969,1
Página9,20,,5083,10083,239,4898,11245,4969,1
Página9,20,,5103,10071,240,4876,11243,4971,1
Página9,20,,5099,10031,239,4877,11266,4963,1
Página9,20,,5087,9944,239,4871,11327,4965,1
Página9,20,,5084,9902,238,4890,11350,4969,1
Página9,20,,5095,10003,239,4896,11283,4968,1
Página9,20,,5102,10051,241,4898,11253,4968,1
Página9,20,,5089,10063,240,4908,11256,4969,1
Página9,20,,5089,10015,240,4904,11500,4968,1
Página9,20,,5088,10023,240,4899,11280,4969,1
Página9,20,,5092,10017,240,4901,11277,4968,1
Página9,20,,5089,10068,239,4871,11247,4968,1
Página9,20,,5094,10072,238,4887,11244,4969,1
Página9,20,,5095,10073,241,4892,11239,4968,1
Página9,20,,5078,10073,239,4880,11268,4967,1
Página9,20,,5091,10067,241,4900,11250,4967,1
Página9,20,,5075,10077,239,4904,11249,4968,1
Página9,20,,5074,10086,240,4902,11251,4968,1
Página9,20,,5068,10073,241,4892,11248,4967,1
Página9,20,,5061,10019,241,4880,11282,4966,1
Página9,20,,5080,9975,241,4878,11300,4965,1
Página9,20,,5052,9983,242,4884,11310,4964,1
Página9,20,,5068,9976,240,4888,11299,4964,1
Página9,20,,5055,9980,240,4889,11302,4963,1
Página9,20,,5055,9982,240,4891,11304,4963,1
Página9,20,,5061,9746,239,4866,11290,4965,1
Página9,20,,5066,10017,240,4882,11279,4959,1
Página9,20,,5062,9996,240,4874,11290,4964,1
Página9,20,,5063,10014,239,4879,11282,4964,1
Página9,20,,5056,10006,239,4885,11303,4963,1
Página9,20,,5064,10013,239,4874,11284,4964,1
Página9,20,,5064,10012,238,4891,11286,4964,1
Página9,20,,5062,10010,234,4838,11287,4963,1
Página9,20,,5048,10020,236,4838,11291,4964,1
Página9,20,,5074,10008,236,4834,11280,4963,1
Página9,20,,5062,10012,235,4830,11285,4963,1
Página9,20,,5067,10018,236,4833,11286,4965,1
Página9,20,,5064,10014,236,4830,11284,4963,1
Página9,20,,5064,10014,235,4830,11280,4963,1
Página9,20,,5062,10003,236,4830,11304,4963,1
Página9,20,,5056,10022,235,4831,11285,4963,1
Página9,20,,5088,10024,235,4831,11263,4964,1
Página9,20,,5086,10044,235,4833,11251,4963,1
Página9,20,,5063,10063,236,4834,11257,4963,1
Página9,20,,5061,10066,236,4836,11253,4963,1
Página9,20,,5081,10060,236,4836,11251,4964,1
Página9,20,,5067,10067,235,4836,11250,4963,1
Página9,20,,5068,10067,236,4835,11250,4963,1
Página9,20,,5067,10069,237,4838,11253,4962,1
Página9,20,,5057,10069,235,4839,11260,4962,1
Página9,20,,5091,10054,237,4840,11244,4962,1
Página9,20,,5091,10054,235,4842,11242,4963,1
Página9,20,,5094,10052,236,4841,11241,4963,1
Página9,20,,5088,10048,235,4840,11252,4963,1
Página9,20,,5076,10052,235,4840,11251,4963,1
Página9,20,,5077,10060,235,4844,11249,4963,1
Página9,20,,5070,10061,237,4846,11249,4963,1
Página9,20,,5071,10059,236,4846,11248,4963,1
Página9,20,,5076,10053,236,4847,11251,4964,1
Página9,20,,5071,10054,236,4845,11250,4963,1
Página9,20,,5074,10046,235,4844,11251,4963,1
Página9,20,,5070,10039,236,4845,11255,4963,1
Página9,20,,5065,10045,236,4844,11248,4963,1
Página9,20,,5065,10045,237,4842,11251,4966,1
Página9,20,,5071,10077,237,4838,11221,4965,1
Página9,20,,5067,10072,237,4839,11228,4964,1
Página9,20,,5065,10073,237,4842,11222,4964,1
Página9,20,,5062,10072,236,4842,11223,4964,1
Página9,20,,5066,10068,238,4841,11214,4964,1
Página9,20,,5058,10045,236,4843,11228,4963,1
Página9,20,,5064,10068,236,4844,11224,4963,1
Página9,20,,5062,10064,238,4844,11227,4963,1
Página9,20,,5057,10033,236,4836,11232,4963,1
Página9,20,,5057,10076,238,4827,11218,4962,1
Página9,20,,5060,10103,238,4821,11208,4960,1
Página9,20,,5064,10102,238,4833,11209,4960,1
Página9,20,,5061,10108,237,4838,11216,4960,1
Página9,20,,5058,10101,237,4833,11213,4955,1
Página9,20,,5063,10100,237,4835,11215,4960,1
Página9,20,,5062,10098,237,4838,11215,4960,1
Página9,20,,5061,10097,237,4838,11220,4960,1
Página9,20,,5059,10101,235,4840,11220,4960,1
Página9,20,,5060,10096,237,4846,11229,4961,1
Página9,20,,5059,10092,235,4843,11225,4960,1
Página9,20,,5061,10094,237,4844,11222,4959,1
Página9,20,,5062,10090,237,4845,11224,4960,1
Página9,20,,5062,10089,238,4843,11225,4960,1
Página9,20,,5060,10087,235,4842,11223,4962,1
Página9,20,,5062,10087,237,4842,11221,4961,1
Página9,20,,5058,10084,236,4840,11225,4961,1
Página9,20,,5059,10063,236,4839,11246,4961,1
Página9,20,,5057,10068,237,4839,11242,4961,1
Página9,20,,5053,10091,236,4838,11223,4961,1
Página9,20,,5052,10090,237,4838,11229,4963,1
Página9,20,,5050,10082,237,4845,11232,4961,1
Página9,20,,5054,10101,236,4844,11221,4961,1
Página9,20,,5061,10101,236,4843,11221,4961,1
Página9,20,,5061,10104,235,4841,11227,4961,1
Página9,20,,5061,10117,236,4839,11257,4961,1
Página9,20,,5060,10106,237,4841,11287,4961,1
Página9,20,,5054,10111,236,4840,11278,4961,1
Página9,20,,5053,10128,236,4840,11269,4960,1
Página9,20,,5051,10128,237,4840,11269,4961,1
Página9,20,,5048,10121,237,4839,11266,4960,1
Página9,20,,5048,10102,236,4836,11284,4961,1
Página9,20,,5051,10094,235,4838,11272,4960,1
Página9,20,,5049,10082,237,4835,11260,4960,1
Página9,20,,5053,10089,238,4836,11256,4959,1
Página9,20,,5050,10089,236,4832,11251,4959,1
Página9,20,,5052,10083,237,4831,11246,4960,1
Página9,20,,5052,10084,236,4829,11244,4959,1
Página9,20,,5050,10081,236,4829,11242,4959,1
Página9,20,,5049,10077,236,4827,11235,4959,1
Página9,20,,5057,10087,235,4831,11246,4959,1
Página9,20,,5059,10090,235,4830,11246,4959,1
Página9,20,,5055,10093,235,4830,11258,4959,1
Página9,20,,5049,10080,235,4830,11233,4959,1
Página9,20,,5050,10082,235,4831,11245,4959,1
Página9,20,,5048,10086,236,4831,11246,4958,1
Página9,20,,5051,10091,234,4829,11255,4959,1
Página9,20,,5051,10096,235,4832,11261,4959,1
Página9,20,,5053,10066,235,4826,11265,4960,1
Página9,20,,5055,10077,235,4827,11264,4960,1
Página9,20,,5050,10090,236,4826,11260,4959,1
Página9,20,,5050,10094,235,4826,11267,4959,1
Página9,20,,5048,10085,235,4827,11265,4959,1
Página9,20,,5054,10074,235,4823,11254,4959,1
Página9,20,,5049,10105,235,4811,11286,4959,1
Página9,20,,5046,10101,236,4794,11301,4957,1
Página9,20,,5053,10081,235,4794,11294,4955,1
Página9,20,,5050,10086,236,4801,11291,4955,1
Página9,20,,5043,10086,236,4808,11286,4955,1
Página9,20,,5045,10102,235,4808,11300,4955,1
Página9,20,,5042,10089,235,4810,11312,4956,1
Página9,20,,5045,10087,234,4808,11305,4961,1
Página9,20,,5043,10085,234,4821,11303,4957,1
Página9,20,,5043,10097,234,4811,11297,4956,1
Página9,20,,5041,10086,235,4811,11298,4956,1
Página9,20,,5036,10076,236,4812,11296,4956,1
Página9,20,,5034,10070,234,4811,11293,4956,1
Página9,20,,5045,10092,235,4810,11289,4958,1
Página9,20,,5040,10087,234,4811,11272,4957,1
Página9,20,,5042,10085,234,4813,11276,4957,1
Página9,20,,5040,10097,235,4813,11301,4957,1
Página9,20,,5033,10061,235,4815,11315,4957,1
Página9,20,,5037,10074,235,4815,11294,4957,1
Página9,20,,5038,10045,235,4817,11294,4957,1
Página9,20,,5043,10039,235,4816,11299,4958,1
Página9,20,,5036,10000,234,4817,11319,4958,1
Página9,20,,5039,10033,234,4816,11327,4957,1
Página9,20,,5039,10013,235,4817,11327,4958,1
Página9,20,,5040,10022,234,4813,11320,4959,1
Página9,20,,5043,10018,235,4816,11300,4959,1
Página9,20,,5046,10037,234,4816,11297,4959,1
Página9,20,,5040,10046,235,4818,11294,4959,1
Página9,20,,5030,10048,236,4819,11299,4959,1
Página9,20,,5028,10053,234,4814,11294,4960,1
Página9,20,,5023,10060,234,4818,11292,4961,1
Página9,20,,5031,10047,234,4821,11298,4960,1
Página9,20,,5029,10048,234,4819,11296,4959,1
Página9,20,,5024,10065,236,4819,11310,4960,1
Página9,20,,5025,10072,236,4820,11301,4960,1
Página9,20,,5033,10059,235,4819,11288,4960,1
Página9,20,,5023,10062,235,4820,11290,4960,1
Página9,20,,5023,10063,236,4817,11292,4960,1
Página9,20,,5021,10055,236,4819,11294,4960,1
Página9,20,,5020,10053,236,4818,11286,4960,1
Página9,20,,5000,10055,233,4818,11288,4962,1
Página9,20,,4996,10062,235,4816,11291,4960,1
Página9,20,,4995,10058,235,4819,11293,4961,1
Página9,20,,4996,10058,236,4819,11295,4960,1
Página9,20,,4996,10032,235,4818,11324,4961,1
Página9,20,,4995,10064,235,4819,11282,4960,1
Página9,20,,4997,10072,235,4822,11286,4961,1
Página9,20,,4998,10068,233,4819,11286,4961,1
Página9,20,,4997,10071,235,4818,11282,4961,1
Página9,20,,4998,10067,235,4818,11276,4960,1
Página9,20,,4991,10074,237,4814,11280,4962,1
Página9,20,,4998,10068,237,4814,11277,4962,1
Página9,20,,4999,10074,236,4815,11283,4962,1
Página9,20,,4999,10075,237,4816,11285,4962,1
Página9,20,,4998,10071,238,4809,11283,4962,1
Página9,20,,4995,10074,238,4796,11289,4961,1
Página9,20,,4994,10066,238,4801,11284,4955,1
Página9,20,,4992,10061,238,4809,11295,4959,1
Página9,20,,4994,10061,238,4807,11288,4959,1
Página9,20,,4991,10061,238,4812,11292,4958,1
Página9,20,,5008,10053,238,4818,11281,4958,1
Página9,20,,5021,10051,238,4819,11282,4959,1
Página9,20,,4996,10046,237,4819,11288,4958,1
Página9,20,,5011,9988,238,4823,11290,4960,1
Página9,20,,5017,10047,236,4816,11277,4959,1
Página9,20,,5010,10044,236,4820,11279,4959,1
Página9,20,,5012,10032,236,4819,11273,4959,1
Página9,20,,5041,10004,235,4818,11291,4959,1
Página9,20,,5050,9992,238,4817,11280,4959,1
Página9,20,,5005,10020,236,4818,11281,4960,1
Página9,20,,5050,10012,237,4818,11252,4960,1
Página9,20,,5034,10023,236,4819,11275,4960,1
Página9,20,,5022,9998,236,4818,11291,4960,1
Página9,20,,5034,10013,236,4818,11261,4960,1
Página9,20,,5046,9985,237,4819,11278,4961,1
Página9,20,,5038,10022,236,4821,11250,4961,1
Página9,20,,5034,10023,236,4816,11252,4960,1
Página9,20,,5035,10023,236,4817,11247,4960,1
Página9,20,,5024,10022,235,4817,11252,4960,1
Página9,20,,5037,10015,236,4818,11252,4961,1
Página9,20,,5031,10007,235,4817,11253,4961,1
Página9,20,,5031,10011,236,4814,11253,4961,1
Página9,20,,5039,9982,236,4815,11280,4961,1
Página9,20,,5039,10016,235,4816,11253,4961,1
Página9,20,,5033,10017,235,4818,11249,4960,1
Página9,20,,5028,10016,238,4817,11259,4960,1
Página9,20,,5031,10006,235,4818,11262,4961,1
Página9,20,,5025,9997,236,4818,11265,4960,1
Página9,20,,5023,9987,236,4817,11266,4960,1
Página9,20,,5033,9997,236,4818,11250,4960,1
Página9,20,,5039,9999,235,4818,11252,4960,1
Página9,20,,5042,10006,235,4817,11264,4955,1
Página9,20,,5039,9985,237,4818,11265,4961,1
Página9,20,,5042,10001,235,4819,11240,4960,1
Página9,20,,5037,10004,237,4817,11236,4960,1
Página9,20,,5026,10005,235,4818,11263,4955,1
Página9,20,,5031,10003,235,4816,11272,4961,1
Página9,20,,5025,9993,235,4815,11272,4961,1
Página9,20,,5026,9985,236,4819,11276,4955,1
Página9,20,,5027,10017,236,4817,11260,4961,1
Página9,20,,5024,10014,237,4822,11254,4960,1
Página9,20,,5020,10020,236,4818,11255,4961,1
Página9,20,,5020,10020,236,4813,11256,4961,1
Página9,20,,5020,10014,235,4813,11259,4955,1
Página9,20,,5025,10015,236,4815,11265,4960,1
Página9,20,,5037,10010,237,4815,11262,4961,1
Página9,20,,5036,10007,235,4816,11267,4960,1
Página9,20,,5040,10028,236,4815,11255,4960,1
Página9,20,,5035,10017,235,4819,11261,4963,1
Página9,20,,5036,9999,236,4805,11271,4961,1
Página9,20,,5034,9997,237,4791,11267,4960,1
Página9,20,,5032,10032,237,4791,11243,4952,1
Página9,20,,5040,10009,236,4800,11270,4958,1
Página9,20,,5039,10031,238,4806,11257,4957,1
Página9,20,,5033,10033,236,4809,11253,4958,1
Página9,20,,5032,10033,236,4813,11262,4959,1
Página9,20,,5028,9995,237,4811,11268,4958,1
Página9,20,,5032,10025,236,4813,11259,4954,1
Página9,20,,5033,10021,236,4814,11254,4954,1
Página9,20,,5029,10009,235,4816,11245,4960,1
Página9,20,,5037,10030,235,4816,11254,4962,1
Página9,20,,5040,10038,236,4819,11271,4963,1
Página9,20,,5037,10035,237,4816,11247,4960,1
Página9,20,,5038,10016,237,4816,11253,4961,1
Página9,20,,5038,10008,236,4817,11253,4961,1
Página9,20,,5039,10015,236,4814,11255,4962,1
Página9,20,,5044,10017,237,4819,11252,4962,1
Página9,20,,5043,10047,237,4818,11234,4960,1
Página9,20,,5041,10039,234,4815,11238,4961,1
Página9,20,,5044,10033,237,4815,11240,4962,1
Página9,20,,5044,10030,236,4807,11238,4962,1
Página9,20,,5036,10036,234,4811,11247,4963,1
Página9,20,,5039,10042,236,4819,11258,4964,1
Página9,20,,5032,10047,235,4816,11259,4963,1
Página9,20,,5031,10045,235,4815,11257,4962,1
Página9,20,,5032,10043,236,4814,11261,4962,1
Página9,20,,5033,10042,237,4812,11247,4963,1
Página9,20,,5037,10044,236,4808,11250,4964,1
Página9,20,,5035,10034,234,4808,11243,4962,1
Página9,20,,5034,10032,235,4807,11239,4962,1
Página9,20,,5031,10032,236,4807,11239,4963,1
Página9,20,,5028,10030,236,4806,11238,4962,1
Página9,20,,5028,10032,235,4811,11251,4963,1
Página9,20,,5030,10054,235,4807,11268,4964,1
Página9,20,,5025,10048,235,4810,11264,4963,1
Página9,20,,5027,10048,235,4808,11271,4963,1
Página9,20,,5027,10028,236,4809,11268,4962,1
Página9,20,,5026,10041,236,4807,11249,4962,1
Página9,20,,5026,10042,236,4806,11255,4963,1
Página9,20,,5025,10020,236,4807,11271,4962,1
Página9,20,,5022,10043,236,4806,11268,4963,1
Página9,20,,4990,10075,234,4807,11257,4963,1
Página9,20,,4986,10082,236,4808,11260,4963,1
Página9,20,,4986,10087,235,4811,11258,4963,1
Página9,20,,4988,10091,236,4809,11261,4963,1
Página9,20,,4985,10085,236,4808,11259,4963,1
Página9,20,,4980,10012,238,4809,11294,4963,1
Página9,20,,4982,10006,237,4810,11300,4963,1
Página9,20,,5061,9959,237,4810,11273,4963,1
Página9,20,,5060,9955,237,4813,11272,4964,1
Página9,20,,5065,9954,235,4806,11269,4964,1
Página9,20,,5054,9961,236,4811,11278,4963,1
Página9,20,,4982,10059,236,4811,11272,4962,1
Página9,20,,4973,10019,237,4814,11301,4962,1
Página9,20,,4980,10076,238,4815,11293,4963,1
Página9,20,,4976,10068,238,4790,11271,4962,1
Página9,20,,4991,10003,238,4788,11310,4961,1
Página9,20,,4988,9985,238,4801,11337,4962,1
Página9,20,,4987,9974,236,4795,11307,4961,1
Página9,20,,4981,9989,237,4798,11332,4961,1
Página9,20,,4986,9979,237,4800,11321,4961,1
Página9,20,,4991,9961,236,4800,11320,4961,1
Página9,20,,4994,9961,235,4799,11287,4961,1
Página9,20,,5008,9965,236,4801,11275,4962,1
Página9,20,,5001,9944,237,4796,11283,4961,1
Página9,20,,4987,9973,235,4799,11316,4955,1
Página9,20,,5050,9947,237,4799,11295,4957,1
Página9,20,,4985,9990,236,4796,11322,4962,1
Página9,20,,5020,9985,237,4793,11291,4962,1
Página9,20,,5000,9979,236,4796,11295,4962,1
Página9,20,,4994,9995,236,4797,11275,4962,1
Página9,20,,5049,10032,236,4790,11233,4956,1
Página9,20,,5052,10036,236,4793,11226,4955,1
Página9,20,,5052,10047,236,4793,11240,4960,1
Página9,20,,5051,10026,235,4794,11216,4960,1
Página9,20,,5049,10028,235,4794,11232,4961,1
Página9,20,,5052,10067,235,4794,11221,4956,1
Página9,20,,5056,10086,235,4795,11205,4962,1
Página9,20,,5054,10093,238,4797,11206,4961,1
Página9,20,,5060,10077,236,4794,11180,4961,1
Página9,20,,5058,10075,235,4795,11194,4955,1
Página9,20,,5057,10086,236,4797,11231,4956,1
Página9,20,,4981,10110,236,4799,11247,4962,1
Página9,20,,4981,10079,236,4801,11271,4962,1
Página9,20,,4980,10117,235,4804,11288,4963,1
Página9,20,,4978,10091,236,4804,11290,4962,1
Página9,20,,4979,10118,236,4804,11279,4962,1
Página9,20,,4978,10121,236,4804,11280,4963,1
Página9,20,,4974,10092,236,4802,11296,4963,1
Página9,20,,4996,10091,237,4800,11246,4963,1
Página9,20,,4988,10119,235,4795,11262,4963,1
Página9,20,,5001,10102,236,4802,11257,4957,1
Página9,20,,5064,10060,237,4798,11243,4963,1
Página9,20,,4979,10106,235,4802,11260,4963,1
Página9,20,,4976,10111,237,4803,11264,4965,1
Página9,20,,4975,10126,236,4809,11274,4960,1
Página9,20,,4977,10121,237,4802,11265,4963,1
Página9,20,,4977,10115,236,4804,11258,4964,1
Página9,20,,4977,10117,236,4804,11267,4965,1
Página9,20,,4975,10097,236,4803,11253,4964,1
Página9,20,,4978,10102,236,4800,11252,4966,1
Página9,20,,4979,10093,237,4802,11246,4964,1
Página9,20,,4978,10104,237,4803,11250,4965,1
Página9,20,,4980,10100,237,4805,11252,4964,1
Página9,20,,4974,10098,237,4805,11257,4964,1
Página9,20,,4975,10100,236,4804,11270,4965,1
Página9,20,,4977,10133,237,4804,11285,4966,1
Página9,20,,4977,10151,236,4807,11275,4965,1
Página9,20,,4976,10157,236,4807,11264,4965,1
Página9,20,,4977,10138,237,4793,11256,4965,1
Página9,20,,4972,10095,237,4781,11305,4964,1
Página9,20,,4965,10097,238,4779,11247,4961,1
Página9,20,,5037,10078,237,4787,11221,4960,1
Página9,20,,5031,10070,238,4792,11235,4960,1
Página9,20,,4977,10111,238,4796,11221,4960,1
Página9,20,,5034,10080,237,4799,11197,4960,1
Página9,20,,5020,10099,238,4794,11228,4957,1
Página9,20,,4985,10090,237,4798,11244,4955,1
Página9,20,,4995,10082,237,4803,11236,4955,1
Página9,20,,4996,10079,237,4797,11225,4961,1
Página9,20,,5044,10065,238,4796,11192,4962,1
Página9,20,,4985,10098,237,4794,11215,4962,1
Página9,20,,4990,10092,236,4793,11212,4962,1
Página9,20,,5014,10073,237,4792,11213,4957,1
Página9,20,,5029,10026,236,4785,11232,4963,1
Página9,20,,5023,10032,237,4792,11221,4964,1
Página9,20,,5021,10020,235,4792,11261,4963,1
Página9,20,,5002,10025,236,4794,11255,4957,1
Página9,20,,5013,10009,236,4802,11254,4963,1
Página9,20,,4998,10007,236,4793,11272,4963,1
Página9,20,,4996,10004,236,4790,11274,4964,1
Página9,20,,5023,9988,236,4791,11254,4963,1
Página9,20,,5021,9991,237,4790,11253,4963,1
Página9,20,,5017,9998,235,4792,11251,4963,1
Página9,20,,5019,10015,235,4795,11255,4964,1
Página9,20,,5015,10013,237,4788,11260,4965,1
Página9,20,,4974,10049,234,4793,11275,4964,1
Página9,20,,5028,10017,236,4790,11256,4964,1
Página9,20,,4973,10025,236,4789,11305,4964,1
Página9,20,,4979,9997,236,4794,11277,4963,1
Página9,20,,4974,10056,237,4794,11278,4964,1
Página9,20,,4976,10069,236,4792,11265,4965,1
Página9,20,,5029,10041,236,4788,11255,4964,1
Página9,20,,4971,10053,236,4791,11285,4965,1
Página9,20,,4970,10059,235,4792,11284,4964,1
Página9,20,,4970,10057,235,4788,11285,4966,1
Página9,20,,4973,10052,235,4786,11376,4964,1
Página9,20,,4973,10075,236,4787,11277,4965,1
Página9,20,,4977,10090,235,4788,11261,4965,1
Página9,20,,4977,10090,237,4791,11264,4965,1
Página9,20,,4982,10087,236,4789,11265,4966,1
Página9,20,,5040,10048,236,4790,11284,4966,1
Página9,20,,4975,10059,236,4786,11293,4965,1
Página9,20,,4977,10082,237,4789,11280,4965,1
Página9,20,,4976,10079,236,4792,11281,4965,1
Página9,20,,4984,10051,237,4790,11252,4964,1
Página9,20,,5043,10075,235,4785,11256,4966,1
Página9,20,,4980,10088,236,4789,11279,4966,1
Página9,20,,4984,10084,236,4789,11275,4966,1
Página9,20,,4980,10092,236,4790,11281,4966,1
Página9,20,,4983,10077,236,4792,11294,4966,1
Página9,20,,5017,10028,237,4792,11318,4967,1
Página9,20,,4982,10071,237,4797,11292,4968,1
Página9,20,,5048,10040,237,4777,11266,4961,1
Página9,20,,5061,10043,238,4761,11226,4960,1
Página9,20,,5059,10009,238,4760,11263,4966,1
Página9,20,,5060,10033,238,4768,11252,4965,1
Página9,20,,5061,10028,236,4773,11249,4965,1
Página9,20,,5059,10020,236,4775,11264,4965,1
Página9,20,,5060,10028,236,4778,11261,4965,1
Página9,20,,5063,10020,235,4774,11266,4965,1
Página9,20,,5066,10050,235,4780,11249,4965,1
Página9,20,,5060,10032,237,4778,11244,4966,1
Página9,20,,5060,9993,234,4780,11279,4965,1
Página9,20,,5063,10020,236,4777,11275,4966,1
Página9,20,,5067,10051,234,4783,11266,4967,1
Página9,20,,5066,10053,235,4778,11261,4967,1
Página9,20,,5065,10036,235,4780,11279,4966,1
Página9,20,,5066,10060,235,4783,11257,4967,1
Página9,20,,4983,10101,235,4783,11296,4967,1
Página9,20,,4980,10110,235,4783,11291,4969,1
Página9,20,,4986,10098,237,4781,11288,4968,1
Página9,20,,4985,10088,236,4781,11303,4968,1
Página9,20,,4985,10120,235,4781,11283,4968,1
Página9,20,,4986,10122,235,4785,11281,4968,1
Página9,20,,4981,10097,236,4787,11308,4967,1
Página9,20,,4975,10072,236,4785,11332,4963,1
Página9,20,,4975,10078,236,4781,11333,4967,1
Página9,20,,4976,10070,236,4783,11327,4968,1
Página9,20,,4977,10093,237,4783,11316,4968,1
Página9,20,,4977,10106,236,4785,11312,4969,1
Página9,20,,4978,10111,236,4787,11325,4969,1
Página9,20,,4978,10091,235,4792,11326,4969,1
Página9,20,,4976,10097,236,4787,11311,4969,1
Página9,20,,4977,10105,236,4781,11337,4964,1
Página9,20,,4977,10102,237,4783,11351,4963,1
Página9,20,,4978,10098,236,4784,11352,4970,1
Página9,20,,4976,10090,235,4783,11363,4969,1
Página9,20,,4974,10050,235,4790,11376,4969,1
Página9,20,,4976,10067,236,4782,11371,4969,1
Página9,20,,4973,10075,235,4782,11368,4969,1
Página9,20,,4971,9930,237,4783,11346,4969,1
Página9,20,,4976,10127,236,4779,11334,4970,1
Página9,20,,4975,10131,236,4780,11340,4967,1
Página9,20,,4974,10114,237,4778,11350,4969,1
Página9,20,,4973,10101,236,4779,11354,4969,1
Página9,20,,4970,10067,237,4781,11379,4969,1
Página9,20,,4972,10039,235,4785,11385,4969,1
Página9,20,,4978,10110,236,4788,11360,4971,1
Página9,20,,4977,10119,236,4784,11345,4969,1
Página9,20,,4976,10112,236,4784,11356,4969,1
Página9,20,,4975,10080,237,4783,11379,4969,1
Página9,20,,4975,10064,238,4786,11346,4969,1
Página9,20,,4975,10080,237,4786,11361,4972,1
Página9,20,,4976,10064,237,4784,11361,4969,1
Página9,20,,4975,10053,235,4781,11374,4970,1
Página9,20,,4980,10073,236,4782,11362,4971,1
Página9,20,,5014,10070,236,4782,11336,4970,1
Página9,20,,5030,10059,236,4771,11327,4971,1
Página9,20,,5064,10024,237,4756,11301,4969,1
Página9,20,,4967,9932,238,4758,11414,4968,1
Página9,20,,4974,10009,237,4771,11367,4968,1
Página9,20,,4972,10004,237,4772,11371,4968,1
Página9,20,,4973,10021,237,4776,11390,4967,1
Página9,20,,4972,10037,237,4777,11403,4968,1
Página9,20,,4974,10020,237,4779,11391,4968,1
Página9,20,,4969,10032,236,4779,11386,4968,1
Página9,20,,4973,10069,236,4780,11322,4970,1
Página9,20,,4973,10075,237,4778,11346,4969,1
Página9,20,,4981,10062,236,4776,11314,4969,1
Página9,20,,5032,10087,238,4779,11323,4969,1
Página9,20,,4995,10048,237,4777,11305,4969,1
Página9,20,,4982,10087,237,4775,11280,4970,1
Página9,20,,4988,10102,238,4773,11279,4969,1
Página9,20,,4985,10099,237,4774,11300,4970,1
Página9,20,,4982,10130,236,4778,11298,4971,1
Página9,20,,5010,10130,236,4778,11288,4970,1
Página9,20,,4984,10136,237,4777,11311,4970,1
Página9,20,,4977,10171,236,4775,11311,4973,1
Página9,20,,4991,10164,236,4772,11303,4971,1
Página9,20,,4988,10167,236,4772,11301,4971,1
Página9,20,,4982,10163,236,4772,11304,4971,1
Página9,20,,4982,10160,236,4774,11304,4972,1
Página9,20,,4979,10167,237,4771,11301,4972,1
Página9,20,,4980,10164,237,4774,11286,4972,1
Página9,20,,4982,10162,237,4774,11289,4973,1
Página9,20,,4986,10166,237,4772,11285,4972,1
Página9,20,,4989,10146,235,4770,11307,4972,1
Página9,20,,5052,10082,237,4769,11299,4971,1
Página9,20,,5059,10098,237,4767,11292,4972,1
Página9,20,,5055,10098,235,4764,11270,4972,1
Página9,20,,5054,10088,235,4764,11277,4972,1
Página9,20,,5055,10093,235,4766,11270,4972,1
Página9,20,,5054,10079,235,4765,11273,4973,1
Página9,20,,5061,10088,235,4763,11286,4973,1
Página9,20,,5061,10066,234,4762,11300,4973,1
Página9,20,,5065,10101,233,4762,11279,4972,1
Página9,20,,5063,10087,235,4762,11288,4972,1
Página9,20,,5065,10086,234,4760,11287,4972,1
Página9,20,,5066,10090,233,4758,11284,4973,1
Página9,20,,4981,10132,234,4760,11296,4973,1
Página9,20,,4982,10148,234,4759,11316,4972,1
Página9,20,,4979,10116,234,4759,11294,4972,1
Página9,20,,4981,10136,236,4761,11295,4972,1
Página9,20,,4981,10142,234,4758,11314,4972,1
Página9,20,,4978,10159,235,4756,11307,4972,1
Página9,20,,4978,10175,234,4753,11307,4972,1
Página9,20,,4978,10181,235,4755,11320,4973,1
Página9,20,,4980,10212,235,4756,11308,4973,1
Página9,20,,4983,10212,234,4753,11308,4972,1
Página9,20,,4983,10213,235,4751,11308,4973,1
Página9,20,,4982,10206,236,4751,11309,4973,1
Página9,20,,4982,10187,234,4759,11271,4972,1
Página9,20,,4981,10179,237,4741,11271,4972,1
Página9,20,,4979,10169,236,4730,11284,4971,1
Página9,20,,4977,10177,236,4731,11271,4970,1
Página9,20,,4977,10176,235,4739,11273,4969,1
Página9,20,,4977,10165,236,4745,11283,4969,1
Página9,20,,4978,10163,236,4742,11283,4971,1
Página9,20,,4978,10182,236,4745,11271,4970,1
Página9,20,,4979,10184,235,4748,11270,4969,1
Página9,20,,4979,10178,235,4749,11286,4970,1
Página9,20,,4978,10179,236,4749,11275,4970,1
Página9,20,,4977,10165,234,4750,11292,4970,1
Página9,20,,4979,10191,236,4750,11271,4971,1
Página9,20,,4980,10194,234,4749,11274,4971,1
Página9,20,,4979,10175,235,4751,11290,4970,1
Página9,20,,4980,10177,235,4748,11288,4971,1
Página9,20,,4981,10209,234,4744,11286,4971,1
Página9,20,,4984,10215,235,4744,11320,4976,1
Página9,20,,4982,10217,235,4747,11294,4972,1
Página9,20,,4982,10220,236,4745,11290,4971,1
Página9,20,,4984,10194,235,4745,11291,4972,1
Página9,20,,4984,10214,235,4743,11280,4972,1
Página9,20,,4984,10181,234,4740,11278,4974,1
Página9,20,,4995,10176,235,4743,11303,4973,1
Página9,20,,4981,10174,234,4743,11306,4972,1
Página9,20,,4985,10175,233,4745,11287,4973,1
Página9,20,,4986,10187,235,4739,11298,4973,1
Página9,20,,4988,10159,233,4738,11293,4973,1
Página9,20,,5001,10161,234,4732,11277,4973,1
Página9,20,,5017,10170,234,4733,11274,4973,1
Página9,20,,5003,10169,234,4731,11279,4974,1
Página9,20,,5016,10158,233,4731,11273,4973,1
Página9,20,,5005,10132,234,4733,11295,4973,1
Página9,20,,4990,10145,233,4727,11300,4975,1
Página9,20,,4999,10159,234,4719,11244,4974,1
Página9,20,,5006,10145,233,4720,11252,4974,1
Página9,20,,5010,10141,233,4732,11251,4974,1
Página9,20,,5008,10132,233,4721,11261,4973,1
Página9,20,,5024,10111,233,4721,11277,4974,1
Página9,20,,5015,10129,234,4722,11260,4975,1
Página9,20,,5010,10121,233,4720,11261,4975,1
Página9,20,,5011,10117,233,4717,11269,4974,1
Página9,20,,5012,10123,233,4722,11265,4974,1
Página9,20,,5008,10126,233,4711,11263,4974,1
Página9,20,,5020,10129,234,4712,11260,4975,1
Página9,20,,5020,10149,233,4699,11254,4975,1
Página9,20,,5016,10142,232,4704,11256,4974,1
Página9,20,,5006,10143,233,4707,11258,4974,1
Página9,20,,5025,10136,232,4708,11262,4974,1
Página9,20,,5006,10162,233,4707,11262,4975,1
Página9,20,,5046,10138,233,4708,11251,4975,1
Página9,20,,4987,10164,233,4709,11274,4974,1
Página9,20,,4997,10156,233,4710,11275,4974,1
Página9,20,,4999,10158,234,4709,11257,4973,1
Página9,20,,4979,10160,233,4708,11284,4974,1
Página9,20,,4998,10153,234,4704,11251,4974,1
Página9,20,,4982,10160,234,4686,11291,4973,1
Página9,20,,4985,10171,234,4692,11288,4972,1
Página9,20,,4983,10169,233,4696,11289,4971,1
Página9,20,,4993,10156,233,4705,11298,4971,1
Página9,20,,4977,10148,233,4702,11301,4972,1
Página9,20,,4995,10165,233,4708,11285,4972,1
Página9,20,,4988,10164,234,4707,11297,4974,1
Página9,20,,4985,10169,232,4704,11301,4972,1
Página9,20,,4997,10180,232,4706,11280,4972,1
Página9,20,,4983,10180,233,4710,11297,4972,1
Página9,20,,4990,10159,233,4705,11280,4972,1
Página9,20,,5051,10137,233,4704,11278,4972,1
Página9,20,,4989,10184,233,4705,11298,4974,1
Página9,20,,4982,10173,232,4703,11312,4973,1
Página9,20,,4985,10176,232,4703,11287,4973,1
Página9,20,,4987,10146,233,4702,11284,4973,1
Página9,20,,4986,10172,232,4701,11319,4973,1
Página9,20,,4992,10160,232,4699,11312,4974,1
Página9,20,,4982,10168,233,4696,11328,4973,1
Página9,20,,4991,10183,231,4700,11308,4975,1
Página9,20,,5061,10170,233,4697,11273,4973,1
Página9,20,,4986,10199,232,4701,11307,4973,1
Página9,20,,4990,10201,232,4699,11305,4973,1
Página9,20,,4993,10214,232,4697,11316,4976,1
Página9,20,,4991,10202,232,4701,11325,4974,1
Página9,20,,5063,10142,233,4696,11300,4973,1
Página9,20,,5064,10164,233,4697,11295,4974,1
Página9,20,,4985,10202,232,4698,11326,4974,1
Página9,20,,5078,10164,233,4695,11287,4975,1
Página9,20,,5064,10172,233,4697,11290,4974,1
Página9,20,,4993,10173,231,4694,11346,4974,1
Página9,20,,5002,10176,233,4699,11328,4975,1
Página9,20,,5008,10165,233,4688,11329,4974,1
Página9,20,,4993,10162,231,4687,11333,4974,1
Página9,20,,5055,10159,232,4690,11316,4974,1
Página9,20,,5017,10170,230,4689,11304,4974,1
Página9,20,,4984,10190,231,4687,11336,4974,1
Página9,20,,5058,10128,230,4687,11357,4975,1
Página9,20,,4998,10145,231,4683,11355,4975,1
Página9,20,,4987,10160,232,4684,11352,4975,1
Página9,20,,4992,10139,231,4684,11380,4975,1
Página9,20,,4987,10224,232,4684,11327,4974,1
Página9,20,,5059,10180,231,4685,11304,4974,1
Página9,20,,4993,10210,232,4686,11329,4975,1
Página9,20,,4989,10186,231,4683,11339,4977,1
Página9,20,,4989,10203,231,4679,11339,4976,1
Página9,20,,4992,10188,232,4684,11363,4975,1
Página9,20,,5006,10194,232,4687,11356,4975,1
Página9,20,,5007,10217,231,4688,11336,4975,1
Página9,20,,5012,10184,232,4688,11353,4975,1
Página9,20,,5009,10187,232,4689,11342,4976,1
Página9,20,,5006,10188,231,4689,11331,4976,1
Página9,20,,5011,10210,232,4690,11341,4975,1
Página9,20,,5011,10197,231,4691,11341,4975,1
Página9,20,,5011,10185,234,4672,11338,4976,1
Página9,20,,5008,10199,233,4661,11352,4974,1
Página9,20,,5046,10170,233,4663,11342,4972,1
Página9,20,,4990,10197,233,4671,11371,4976,1
Página9,20,,4987,10197,233,4675,11356,4972,1
Página9,20,,4989,10186,233,4677,11362,4971,1
Página9,20,,4994,10203,232,4678,11366,4972,1
Página9,20,,5002,10196,233,4680,11352,4972,1
Página9,20,,5043,10172,233,4682,11342,4971,1
Página9,20,,4986,10197,232,4685,11358,4973,1
Página9,20,,4979,10198,232,4681,11362,4973,1
Página9,20,,4980,10215,233,4683,11333,4973,1
Página9,20,,5051,10214,233,4684,11296,4973,1
Página9,20,,4990,10251,232,4682,11319,4973,1
Página9,20,,4987,10254,231,4682,11331,4974,1
Página9,20,,5018,10777,234,4694,11934,4976,1
Página9,20,,5047,10797,234,4703,11969,4976,1
Página9,20,,5068,10800,233,4704,12020,4976,1
Página9,20,,5028,10822,234,4704,12053,4976,1
Página9,20,,5029,10825,235,4704,12049,4977,1
Página9,20,,5030,10832,235,4707,12050,4978,1
Página9,20,,5027,10782,235,4707,12071,4976,1
Página9,20,,5024,10809,234,4705,12038,4977,1
Página9,20,,5022,10775,234,4704,12051,4977,1
Página9,20,,5021,10773,234,4704,12053,4977,1
Página9,20,,5017,10768,235,4701,12035,4977,1
Página9,20,,5023,10761,235,4700,12031,4978,1
Página9,20,,5021,10810,234,4700,12017,4978,1
Página9,20,,5021,10781,235,4700,12044,4977,1
Página9,20,,5020,10794,234,4700,12030,4978,1
Página9,20,,5022,10793,233,4700,12039,4978,1
Página9,20,,5030,10794,233,4694,12029,4979,1
Página9,20,,5028,10761,234,4698,12024,4977,1
Página9,20,,5027,10764,234,4695,12034,4978,1
Página9,20,,5019,10721,234,4692,12028,4977,1
Página9,20,,5019,10758,233,4695,12020,4978,1
Página9,20,,5017,10774,233,4695,12019,4978,1
Página9,20,,5025,10777,233,4693,12011,4978,1
Página9,20,,5020,10732,233,4694,12016,4978,1
Página9,20,,5023,10714,233,4692,12038,4978,1
Página9,20,,5015,10750,234,4694,12027,4978,1
Página9,20,,5015,10726,234,4695,12044,4978,1
Página9,20,,5022,10721,234,4696,12042,4979,1
Página9,20,,5023,10767,233,4695,12013,4978,1
Página9,20,,5011,10706,233,4687,12047,4978,1
Página9,20,,5017,10755,233,4693,12023,4978,1
Página9,20,,5023,10755,235,4693,12004,4977,1
Página9,20,,5023,10743,234,4709,12019,4978,1
Página9,20,,5018,10748,234,4707,11998,4978,1
Página9,20,,5022,10735,234,4698,11990,4978,1
Página9,20,,5023,10747,236,4707,11959,4978,1
Página9,20,,5021,10749,233,4701,11958,4978,1
Página9,20,,5020,10738,233,4695,11973,4974,1
Página9,20,,5017,10744,235,4707,11949,4978,1
Página9,20,,5017,10752,232,4682,11936,4977,1
Página9,20,,5019,10742,235,4671,11935,4978,1
Página9,20,,5019,10740,234,4664,11924,4977,1
Página9,20,,5019,10775,236,4651,11998,4975,1
Página9,20,,5014,10799,234,4676,11988,4974,1
Página9,20,,5015,10803,234,4664,11992,4974,1
Página9,20,,5024,10799,234,4662,12010,4976,1
Página9,20,,5021,10800,233,4672,12032,4974,1
Página9,20,,5022,10777,233,4673,12052,4975,1
Página9,20,,5019,10809,233,4670,12027,4975,1
Página9,20,,5029,10875,233,4670,11984,4975,1
Página9,20,,5030,10862,235,4672,11998,4976,1
Página9,20,,5025,10869,233,4670,12020,4976,1
Página9,20,,5032,10885,233,4672,11999,4977,1
Página9,20,,5031,10843,233,4673,12032,4976,1
Página9,20,,5031,10834,233,4673,12035,4976,1
Página9,20,,5034,10879,233,4672,12005,4978,1
Página9,20,,5036,10871,234,4666,12018,4977,1
Página9,20,,5035,10861,233,4670,12021,4978,1
Página9,20,,5035,10862,234,4673,12020,4977,1
Página9,20,,5029,10856,233,4669,12029,4977,1
Página9,20,,5032,10861,233,4670,12011,4977,1
Página9,20,,5041,10871,233,4676,11995,4979,1
Página9,20,,5038,10888,232,4671,12025,4979,1
Página9,20,,5043,10933,233,4671,12026,4979,1
Página9,20,,5040,10893,234,4671,12060,4979,1
Página9,20,,5045,10955,233,4670,12019,4979,1
Página9,20,,5044,10950,234,4674,12049,4974,1
Página9,20,,5041,10931,234,4667,12072,4980,1
Página9,20,,5044,10928,235,4665,12046,4979,1
Página9,20,,5045,10933,234,4669,12025,4980,1
Página9,20,,5043,10915,234,4669,12041,4981,1
Página9,20,,5045,10933,233,4669,12028,4979,1
Página9,20,,5044,10966,233,4677,12049,4975,1
Página9,20,,5046,10968,234,4670,12035,4974,1
Página9,20,,5045,10953,233,4670,12063,4978,1
Página9,20,,5044,10935,232,4670,12075,4980,1
Página9,20,,5045,10952,233,4668,12043,4980,1
Página9,20,,5044,10950,233,4668,12024,4981,1
Página9,20,,5042,10924,233,4672,12027,4975,1
Página9,20,,5043,10936,233,4675,12003,4976,1
Página9,20,,5042,10920,233,4678,12008,4981,1
Página9,20,,5041,10909,233,4678,12014,4982,1
Página9,20,,5043,10925,233,4663,11989,4983,1
Página9,20,,5042,10896,234,4669,11990,4982,1
Página9,20,,5041,10894,233,4668,11992,4981,1
Página9,20,,5038,10860,234,4667,11963,4982,1
Página9,20,,5040,10905,233,4667,11971,4977,1
Página9,20,,5043,10923,232,4666,12025,4976,1
Página9,20,,5041,10897,233,4669,11956,4977,1
Página9,20,,5041,10940,233,4666,12013,4977,1
Página9,20,,5041,10911,234,4664,11950,4982,1
Página9,20,,5042,10927,232,4659,12006,4983,1
Página9,20,,5041,10916,233,4661,11992,4982,1
Página9,20,,5039,10897,233,4656,11969,4983,1
Página9,20,,5036,10863,234,4642,11963,4983,1
Página9,20,,5034,10858,233,4626,11970,4981,1
Página9,20,,5033,10831,234,4625,11975,4981,1
Página9,20,,5030,10812,233,4636,11959,4980,1
Página9,20,,5030,10822,232,4631,11939,4979,1
Página9,20,,5029,10814,233,4635,11930,4979,1
Página9,20,,5028,10765,232,4635,11957,4974,1
Página9,20,,5028,10760,231,4638,11941,4980,1
Página9,20,,5027,10766,231,4639,11925,4980,1
Página9,20,,5025,10742,232,4636,11944,4975,1
Página9,20,,5025,10784,232,4639,11917,4980,1
Página9,20,,5026,10775,231,4639,11906,4980,1
Página9,20,,5023,10738,231,4636,11927,4982,1
Página9,20,,5024,10717,231,4633,11918,4980,1
Página9,20,,5031,10769,231,4635,11863,4981,1
Página9,20,,5027,10762,231,4636,11878,4981,1
Página9,20,,5029,10802,232,4637,11849,4980,1
Página9,20,,5029,10790,231,4636,11856,4975,1
Página9,20,,5032,10800,232,4637,11874,4977,1
Página9,20,,5026,10785,232,4636,11870,4976,1
Página9,20,,5021,10748,231,4635,11902,4982,1
Página9,20,,5023,10779,230,4635,11872,4982,1
Página9,20,,5023,10781,230,4634,11871,4982,1
Página9,20,,5026,10785,230,4632,11876,4983,1
Página9,20,,5023,10779,231,4629,11853,4983,1
Página9,20,,5022,10775,230,4631,11846,4983,1
Página9,20,,5022,10768,231,4631,11853,4976,1
Página9,20,,5028,10764,232,4631,11848,4977,1
Página9,20,,5028,10758,231,4630,11843,4984,1
Página9,20,,5029,10755,230,4631,11839,4983,1
Página9,20,,5025,10745,230,4629,11830,4983,1
Página9,20,,5021,10731,231,4628,11848,4983,1
Página9,20,,5017,10725,230,4626,11833,4982,1
Página9,20,,5016,10702,231,4628,11834,4982,1
Página9,20,,5021,10724,231,4629,11794,4982,1
Página9,20,,5017,10690,229,4622,11791,4982,1
Página9,20,,5016,10687,231,4622,11761,4982,1
Página9,20,,5013,10641,230,4621,11772,4977,1
Página9,20,,5011,10614,229,4618,11767,4977,1
Página9,20,,5017,10698,230,4618,11735,4983,1
Página9,20,,5017,10688,230,4619,11727,4983,1
Página10,20,,4829,9821,161,3369,10555,4713,1
Página10,20,,4827,9820,161,3371,10555,4712,1
Página10,20,,4827,9820,160,3372,10556,4711,1
Página10,20,,4820,9823,162,3373,10568,4715,1
Página10,20,,4825,9820,161,3371,10555,4710,1
Página10,20,,4824,9820,162,3372,10556,4709,1
Página10,20,,4823,9817,162,3375,10556,4708,1
Página10,20,,4821,9818,162,3376,10556,4708,1
Página10,20,,4820,9811,162,3377,10564,4708,1
Página10,20,,4819,9803,161,3376,10579,4708,1
Página10,20,,4818,9813,162,3379,10560,4706,1
Página10,20,,4818,9816,162,3379,10558,4706,1
Página10,20,,4818,9818,161,3379,10557,4704,1
Página10,20,,4817,9819,162,3382,10557,4704,1
Página10,20,,4817,9817,161,3382,10556,4703,1
Página10,20,,4815,9818,162,3382,10558,4703,1
Página10,20,,4813,9801,161,3383,10568,4703,1
Página10,20,,4812,9800,161,3384,10568,4702,1
Página10,20,,4812,9800,162,3386,10568,4701,1
Página10,20,,4811,9800,162,3387,10570,4700,1
Página10,20,,4811,9802,161,3388,10570,4701,1
Página10,20,,4810,9800,161,3391,10568,4700,1
Página10,20,,4809,9801,162,3391,10569,4698,1
Página10,20,,4803,9801,163,3392,10568,4699,1
Página10,20,,4808,9789,160,3393,10568,4698,1
Página10,20,,4810,9790,162,3392,10568,4698,1
Página10,20,,4808,9803,161,3392,10569,4698,1
Página10,20,,4808,9803,162,3394,10569,4696,1
Página10,20,,4807,9803,162,3389,10570,4696,1
Página10,20,,4806,9803,161,3394,10569,4695,1
Página10,20,,4806,9805,162,3393,10572,4695,1
Página10,20,,4808,9803,162,3397,10568,4695,1
Página10,20,,4808,9804,161,3399,10569,4694,1
Página10,20,,4807,9805,161,3390,10570,4694,1
Página10,20,,4809,9804,161,3347,10570,4694,1
Página10,20,,4806,9806,163,3380,10573,4695,1
Página10,20,,4809,9807,162,3393,10578,4695,1
Página10,20,,4808,9803,162,3396,10574,4693,1
Página10,20,,4807,9805,161,3397,10575,4693,1
Página10,20,,4806,9805,162,3401,10576,4693,1
Página10,20,,4799,9770,161,3403,10602,4693,1
Página10,20,,4798,9769,163,3406,10605,4693,1
Página10,20,,4801,9742,162,3406,10619,4693,1
Página10,20,,4802,9752,160,3406,10613,4685,1
Página10,20,,4793,9754,162,3408,10614,4692,1
Página10,20,,4802,9749,162,3410,10607,4692,1
Página10,20,,4801,9745,162,3411,10618,4693,1
Página10,20,,4804,9790,162,3410,10592,4692,1
Página10,20,,4803,9794,161,3402,10588,4691,1
Página10,20,,4802,9798,163,3393,10587,4687,1
Página10,20,,4802,9800,163,3392,10589,4690,1
Página10,20,,4800,9801,163,3398,10590,4690,1
Página10,20,,4800,9801,163,3405,10589,4690,1
Página10,20,,4800,9803,162,3407,10590,4690,1
Página10,20,,4800,9806,162,3410,10591,4690,1
Página10,20,,4853,9777,163,3413,10570,4690,1
Página10,20,,4829,9781,162,3414,10576,4690,1
Página10,20,,4843,9779,162,3416,10571,4690,1
Página10,20,,4856,9775,162,3414,10568,4690,1
Página10,20,,4851,9777,162,3417,10570,4689,1
Página10,20,,4851,9776,163,3416,10570,4690,1
Página10,20,,4839,9784,162,3421,10573,4689,1
Página10,20,,4846,9781,162,3423,10573,4690,1
Página10,20,,4839,9782,162,3425,10574,4689,1
Página10,20,,4838,9791,162,3426,10579,4688,1
Página10,20,,4841,9774,161,3426,10563,4689,1
Página10,20,,4825,9792,162,3426,10581,4688,1
Página10,20,,4826,9789,162,3428,10571,4689,1
Página10,20,,4867,9781,162,3431,10572,4687,1
Página10,20,,4864,9770,163,3432,10565,4687,1
Página10,20,,4855,9775,162,3432,10565,4688,1
Página10,20,,4856,9778,162,3434,10572,4687,1
Página10,20,,4854,9775,162,3435,10569,4687,1
Página10,20,,4825,9784,161,3433,10574,4686,1
Página10,20,,4867,9772,162,3433,10576,4686,1
Página10,20,,4869,9773,163,3434,10576,4686,1
Página10,20,,4868,9771,162,3434,10565,4686,1
Página10,20,,4863,9770,162,3437,10566,4686,1
Página10,20,,4864,9771,162,3440,10567,4685,1
Página10,20,,4838,9781,161,3439,10575,4684,1
Página10,20,,4861,9782,162,3441,10565,4685,1
Página10,20,,4866,9768,162,3443,10566,4685,1
Página10,20,,4864,9773,162,3440,10570,4685,1
Página10,20,,4864,9770,163,3441,10569,4684,1
Página10,20,,4866,9770,162,3442,10568,4684,1
Página10,20,,4867,9765,161,3445,10567,4684,1
Página10,20,,4870,9766,161,3445,10568,4684,1
Página10,20,,4859,9769,162,3445,10571,4682,1
Página10,20,,4869,9767,162,3443,10568,4683,1
Página10,20,,4873,9766,161,3445,10579,4683,1
Página10,20,,4864,9779,162,3447,10562,4683,1
Página10,20,,4863,9780,161,3447,10561,4682,1
Página10,20,,4865,9781,163,3448,10567,4685,1
Página10,20,,4865,9779,162,3445,10563,4683,1
Página10,20,,4874,9775,162,3448,10560,4682,1
Página10,20,,4863,9778,161,3450,10562,4681,1
Página10,20,,4868,9776,161,3451,10561,4681,1
Página10,20,,4862,9776,162,3453,10563,4681,1
Página10,20,,4866,9776,161,3452,10564,4681,1
Página10,20,,4867,9775,162,3455,10562,4681,1
Página10,20,,4867,9773,162,3454,10562,4680,1
Página10,20,,4868,9773,161,3454,10563,4680,1
Página10,20,,4867,9774,162,3458,10563,4680,1
Página10,20,,4866,9775,162,3457,10567,4682,1
Página10,20,,4859,9772,163,3445,10563,4679,1
Página10,20,,4865,9772,162,3436,10564,4676,1
Página10,20,,4863,9775,162,3432,10565,4675,1
Página10,20,,4863,9773,162,3443,10565,4674,1
Página10,20,,4864,9774,162,3446,10565,4675,1
Página10,20,,4864,9781,162,3452,10563,4674,1
Página10,20,,4865,9778,162,3453,10564,4674,1
Página10,20,,4864,9779,161,3455,10568,4675,1
Página10,20,,4863,9778,163,3457,10566,4674,1
Página10,20,,4864,9778,161,3458,10565,4674,1
Página10,20,,4865,9778,161,3461,10566,4674,1
Página10,20,,4862,9777,161,3464,10565,4673,1
Página10,20,,4864,9780,162,3466,10567,4673,1
Página10,20,,4864,9781,163,3469,10566,4674,1
Página10,20,,4861,9778,162,3467,10566,4674,1
Página10,20,,4862,9778,162,3467,10566,4674,1
Página10,20,,4863,9778,162,3469,10566,4673,1
Página10,20,,4860,9778,163,3471,10566,4673,1
Página10,20,,4864,9774,163,3471,10570,4673,1
Página10,20,,4862,9774,162,3472,10569,4667,1
Página10,20,,4858,9778,162,3472,10573,4669,1
Página10,20,,4861,9778,162,3474,10574,4667,1
Página10,20,,4860,9776,161,3475,10572,4673,1
Página10,20,,4864,9777,162,3476,10579,4675,1
Página10,20,,4855,9779,161,3475,10575,4674,1
Página10,20,,4857,9767,163,3477,10584,4674,1
Página10,20,,4857,9767,162,3479,10586,4674,1
Página10,20,,4862,9756,162,3479,10586,4674,1
Página10,20,,4864,9755,162,3480,10586,4674,1
Página10,20,,4864,9758,162,3484,10590,4675,1
Página10,20,,4863,9758,162,3484,10591,4675,1
Página10,20,,4865,9759,162,3486,10592,4676,1
Página10,20,,4862,9772,161,3487,10586,4676,1
Página10,20,,4863,9776,164,3488,10581,4677,1
Página10,20,,4862,9776,162,3487,10598,4676,1
Página10,20,,4856,9777,162,3486,10598,4678,1
Página10,20,,4861,9775,162,3488,10596,4678,1
Página10,20,,4766,9824,162,3489,10636,4678,1
Página10,20,,4764,9813,162,3491,10639,4678,1
Página10,20,,4762,9820,163,3489,10633,4679,1
Página10,20,,4763,9817,162,3490,10646,4678,1
Página10,20,,4830,9780,165,3492,10622,4678,1
Página10,20,,4830,9783,164,3491,10621,4678,1
Página10,20,,4829,9781,163,3494,10624,4678,1
Página10,20,,4834,9778,163,3495,10625,4679,1
Página10,20,,4859,9746,164,3486,10624,4678,1
Página10,20,,4853,9747,164,3489,10622,4677,1
Página10,20,,4854,9744,164,3492,10629,4677,1
Página10,20,,4855,9757,163,3494,10615,4677,1
Página10,20,,4860,9755,162,3493,10614,4677,1
Página10,20,,4857,9759,163,3500,10618,4678,1
Página10,20,,4797,9801,163,3495,10654,4678,1
Página10,20,,4756,9802,163,3499,10656,4677,1
Página10,20,,4755,9810,164,3500,10651,4677,1
Página10,20,,4801,9787,163,3502,10632,4677,1
Página10,20,,4842,9757,163,3500,10620,4678,1
Página10,20,,4851,9763,164,3487,10614,4676,1
Página10,20,,4871,9755,164,3474,10601,4673,1
Página10,20,,4870,9753,163,3474,10599,4672,1
Página10,20,,4871,9750,163,3481,10601,4671,1
Página10,20,,4870,9746,164,3488,10604,4672,1
Página10,20,,4869,9745,162,3490,10606,4672,1
Página10,20,,4869,9745,163,3494,10609,4672,1
Página10,20,,4870,9746,162,3496,10613,4673,1
Página10,20,,4847,9552,162,3498,10712,4671,1
Página10,20,,4851,9485,162,3498,10886,4672,1
Página10,20,,4857,9653,163,3500,10708,4672,1
Página10,20,,4857,9657,162,3501,10680,4672,1
Página10,20,,4852,9663,162,3501,10683,4673,1
Página10,20,,4859,9662,162,3502,10680,4672,1
Página10,20,,4857,9663,162,3503,10681,4671,1
Página10,20,,4854,9666,162,3506,10684,4671,1
Página10,20,,4853,9671,163,3508,10682,4671,1
Página10,20,,4852,9677,163,3509,10684,4673,1
Página10,20,,4852,9685,163,3507,10680,4672,1
Página10,20,,4856,9714,163,3511,10657,4673,1
Página10,20,,4856,9714,163,3512,10659,4672,1
Página10,20,,4853,9708,164,3513,10664,4672,1
Página10,20,,4851,9697,162,3513,10681,4672,1
Página10,20,,4852,9712,163,3516,10668,4673,1
Página10,20,,4852,9722,162,3517,10659,4673,1
Página10,20,,4855,9725,162,3517,10657,4672,1
Página10,20,,4854,9713,163,3519,10667,4673,1
Página10,20,,4854,9713,163,3518,10667,4673,1
Página10,20,,4855,9712,163,3518,10672,4674,1
Página10,20,,4850,9681,163,3517,10688,4673,1
Página10,20,,4855,9725,163,3521,10664,4674,1
Página10,20,,4851,9715,164,3522,10651,4668,1
Página10,20,,4849,9711,164,3523,10646,4666,1
Página10,20,,4850,9711,163,3524,10643,4667,1
Página10,20,,4852,9713,163,3521,10642,4665,1
Página10,20,,4850,9711,165,3525,10642,4658,1
Página10,20,,4849,9708,163,3526,10641,4660,1
Página10,20,,4769,9704,162,3530,10661,4663,1
Página10,20,,4846,9707,164,3531,10644,4656,1
Página10,20,,4845,9705,163,3532,10647,4662,1
Página10,20,,4846,9700,163,3535,10647,4655,1
Página10,20,,4847,9702,163,3538,10645,4655,1
Página10,20,,4846,9725,164,3539,10682,4660,1
Página10,20,,4846,9699,163,3540,10644,4660,1
Página10,20,,4850,9700,163,3540,10645,4660,1
Página10,20,,4840,9702,163,3539,10646,4654,1
Página10,20,,4847,9699,164,3541,10645,4656,1
Página10,20,,4846,9695,163,3542,10648,4659,1
Página10,20,,4843,9711,164,3544,10695,4658,1
Página10,20,,4844,9672,163,3544,10667,4660,1
Página10,20,,4843,9664,164,3542,10667,4658,1
Página10,20,,4844,9658,164,3545,10668,4658,1
Página10,20,,4838,9661,163,3546,10671,4658,1
Página10,20,,4838,9643,164,3550,10679,4658,1
Página10,20,,4803,9724,164,3552,10671,4659,1
Página10,20,,4844,9681,164,3539,10657,4658,1
Página10,20,,4843,9699,164,3526,10647,4655,1
Página10,20,,4847,9701,166,3522,10633,4656,1
Página10,20,,4843,9705,164,3532,10642,4655,1
Página10,20,,4795,9750,165,3539,10652,4656,1
Página10,20,,4839,9707,165,3541,10647,4656,1
Página10,20,,4836,9677,164,3544,10663,4657,1
Página10,20,,4838,9679,164,3546,10670,4659,1
Página10,20,,4815,9674,164,3544,10676,4655,1
Página10,20,,4816,9704,164,3548,10657,4655,1
Página10,20,,4842,9680,165,3552,10652,4655,1
Página10,20,,4839,9624,165,3553,10670,4656,1
Página10,20,,4843,9628,164,3554,10674,4655,1
Página10,20,,4841,9630,164,3560,10685,4657,1
Página10,20,,4845,9674,164,3556,10656,4657,1
Página10,20,,4849,9680,164,3557,10650,4657,1
Página10,20,,4847,9677,164,3558,10655,4657,1
Página10,20,,4848,9671,165,3560,10661,4657,1
Página10,20,,4852,9674,165,3558,10659,4658,1
Página10,20,,4848,9670,164,3556,10662,4658,1
Página10,20,,4846,9658,164,3558,10669,4658,1
Página10,20,,4844,9626,164,3559,10688,4658,1
Página10,20,,4844,9633,164,3560,10689,4659,1
Página10,20,,4847,9665,164,3560,10669,4660,1
Página10,20,,4850,9679,165,3558,10652,4661,1
Página10,20,,4840,9675,163,3561,10666,4658,1
Página10,20,,4845,9650,162,3561,10713,4655,1
Página10,20,,4839,9598,165,3556,10721,4656,1
Página10,20,,4845,9639,165,3562,10672,4656,1
Página10,20,,4847,9683,164,3561,10669,4656,1
Página10,20,,4852,9696,164,3564,10668,4658,1
Página10,20,,4848,9695,164,3564,10662,4656,1
Página10,20,,4851,9694,164,3563,10661,4656,1
Página10,20,,4849,9705,164,3565,10658,4662,1
Página10,20,,4849,9718,164,3565,10675,4663,1
Página10,20,,4850,9692,163,3563,10670,4665,1
Página10,20,,4848,9665,163,3565,10693,4665,1
Página10,20,,4850,9708,163,3566,10663,4666,1
Página10,20,,4851,9724,163,3567,10649,4667,1
Página10,20,,4850,9691,165,3566,10669,4668,1
Página10,20,,4848,9710,165,3568,10667,4669,1
Página10,20,,4846,9706,163,3568,10669,4669,1
Página10,20,,4840,9639,165,3567,10711,4668,1
Página10,20,,4839,9639,165,3569,10726,4669,1
Página10,20,,4842,9675,164,3571,10704,4668,1
Página10,20,,4841,9672,164,3568,10713,4664,1
Página10,20,,4832,9653,164,3567,10728,4670,1
Página10,20,,4832,9650,164,3567,10731,4670,1
Página10,20,,4831,9655,164,3568,10728,4671,1
Página10,20,,4833,9671,164,3569,10720,4672,1
Página10,20,,4840,9662,164,3567,10724,4673,1
Página10,20,,4840,9663,165,3572,10723,4672,1
Página10,20,,4833,9616,164,3569,10756,4672,1
Página10,20,,4830,9591,164,3569,10768,4672,1
Página10,20,,4833,9616,164,3569,10758,4672,1
Página10,20,,4831,9625,164,3569,10752,4672,1
Página10,20,,4834,9652,165,3554,10742,4672,1
Página10,20,,4833,9639,165,3543,10742,4671,1
Página10,20,,4829,9642,164,3529,10748,4670,1
Página10,20,,4828,9631,165,3539,10761,4669,1
Página10,20,,4830,9659,165,3549,10742,4670,1
Página10,20,,4828,9643,163,3555,10755,4670,1
Página10,20,,4831,9660,164,3557,10744,4670,1
Página10,20,,4830,9650,165,3559,10755,4673,1
Página10,20,,4831,9643,164,3556,10767,4673,1
Página10,20,,4830,9649,163,3561,10756,4671,1
Página10,20,,4829,9644,165,3561,10758,4671,1
Página10,20,,4830,9642,163,3564,10763,4672,1
Página10,20,,4834,9687,165,3565,10731,4671,1
Página10,20,,4835,9694,164,3570,10730,4672,1
Página10,20,,4835,9693,164,3566,10730,4672,1
Página10,20,,4833,9689,165,3566,10736,4672,1
Página10,20,,4834,9684,164,3566,10742,4673,1
Página10,20,,4832,9682,165,3568,10742,4673,1
Página10,20,,4833,9672,165,3566,10758,4674,1
Página10,20,,4834,9688,165,3565,10738,4672,1
Página10,20,,4832,9675,163,3565,10751,4673,1
Página10,20,,4830,9637,165,3566,10757,4673,1
Página10,20,,4834,9696,165,3569,10736,4673,1
Página10,20,,4835,9698,165,3570,10738,4673,1
Página10,20,,4833,9676,163,3573,10767,4675,1
Página10,20,,4835,9707,164,3571,10732,4673,1
Página10,20,,4833,9681,164,3572,10760,4673,1
Página10,20,,4833,9689,164,3572,10747,4673,1
Página10,20,,4833,9692,166,3573,10746,4673,1
Página10,20,,4834,9697,165,3573,10750,4674,1
Página10,20,,4836,9708,165,3575,10737,4674,1
Página10,20,,4835,9709,164,3575,10738,4674,1
Página10,20,,4827,9689,165,3576,10750,4673,1
Página10,20,,4836,9723,164,3575,10732,4673,1
Página10,20,,4837,9713,164,3576,10747,4676,1
Página10,20,,4834,9699,164,3566,10749,4674,1
Página10,20,,4833,9698,165,3573,10757,4674,1
Página10,20,,4832,9694,165,3574,10758,4674,1
Página10,20,,4833,9703,166,3576,10752,4674,1
Página10,20,,4835,9701,165,3577,10755,4674,1
Página10,20,,4833,9686,163,3576,10768,4675,1
Página10,20,,4833,9695,165,3579,10760,4674,1
Página10,20,,4832,9703,164,3579,10757,4674,1
Página10,20,,4833,9717,165,3579,10748,4674,1
Página10,20,,4834,9712,165,3579,10756,4674,1
Página10,20,,4835,9719,166,3579,10751,4674,1
Página10,20,,4831,9694,165,3578,10770,4674,1
Página10,20,,4832,9675,165,3578,10781,4674,1
Página10,20,,4833,9703,166,3579,10764,4674,1
Página10,20,,4832,9710,164,3580,10761,4674,1
Página10,20,,4831,9704,164,3580,10768,4676,1
Página10,20,,4832,9706,165,3576,10768,4669,1
Página10,20,,4831,9702,164,3581,10772,4674,1
Página10,20,,4831,9691,164,3582,10784,4675,1
Página10,20,,4830,9687,164,3583,10786,4674,1
Página10,20,,4830,9693,165,3562,10787,4675,1
Página10,20,,4829,9711,166,3549,10768,4673,1
Página10,20,,4826,9767,165,3548,10732,4672,1
Página10,20,,4826,9765,165,3557,10738,4673,1
Página10,20,,4830,9746,165,3562,10743,4673,1
Página10,20,,4828,9716,165,3568,10782,4673,1
Página10,20,,4830,9741,165,3571,10758,4673,1
Página10,20,,4830,9747,165,3573,10756,4673,1
Página10,20,,4828,9771,166,3572,10743,4676,1
Página10,20,,4834,9772,166,3573,10742,4674,1
Página10,20,,4834,9788,167,3580,10730,4674,1
Página10,20,,4834,9792,165,3580,10727,4674,1
Página10,20,,4835,9792,165,3581,10737,4675,1
Página10,20,,4835,9790,165,3584,10725,4675,1
Página10,20,,4836,9798,165,3590,10724,4676,1
Página10,20,,4835,9797,165,3587,10720,4674,1
Página10,20,,4836,9797,165,3588,10720,4675,1
Página10,20,,4835,9794,164,3590,10721,4674,1
Página10,20,,4834,9794,166,3591,10721,4675,1
Página10,20,,4834,9789,166,3588,10724,4675,1
Página10,20,,4835,9794,165,3590,10718,4675,1
Página10,20,,4834,9797,166,3590,10714,4675,1
Página10,20,,4834,9785,166,3591,10723,4674,1
Página10,20,,4834,9777,165,3592,10726,4674,1
Página10,20,,4831,9776,165,3594,10731,4677,1
Página10,20,,4833,9775,165,3592,10729,4675,1
Página10,20,,4833,9774,165,3597,10725,4676,1
Página10,20,,4833,9785,166,3597,10716,4676,1
Página10,20,,4834,9782,166,3597,10719,4676,1
Página10,20,,4835,9781,166,3598,10717,4676,1
Página10,20,,4834,9777,165,3597,10723,4677,1
Página10,20,,4835,9804,165,3599,10697,4676,1
Página10,20,,4833,9774,166,3602,10723,4677,1
Página10,20,,4834,9788,166,3600,10713,4676,1
Página10,20,,4833,9787,166,3602,10714,4677,1
Página10,20,,4834,9810,166,3600,10699,4678,1
Página10,20,,4836,9820,165,3599,10694,4677,1
Página10,20,,4835,9828,167,3600,10689,4677,1
Página10,20,,4835,9830,166,3602,10688,4677,1
Página10,20,,4834,9826,166,3603,10691,4678,1
Página10,20,,4834,9822,167,3604,10695,4678,1
Página10,20,,4834,9818,166,3604,10699,4680,1
Página10,20,,4833,9820,167,3606,10695,4678,1
Página10,20,,4834,9815,167,3606,10706,4678,1
Página10,20,,4835,9823,166,3605,10692,4678,1
Página10,20,,4837,9827,165,3607,10687,4678,1
Página10,20,,4837,9828,165,3606,10690,4679,1
Página10,20,,4838,9826,166,3606,10688,4678,1
Página10,20,,4838,9823,166,3606,10687,4679,1
Página10,20,,4837,9828,167,3606,10684,4678,1
Página10,20,,4837,9824,166,3607,10686,4679,1
Página10,20,,4836,9821,166,3609,10692,4681,1
Página10,20,,4838,9805,166,3606,10692,4678,1
Página10,20,,4835,9815,166,3609,10677,4679,1
Página10,20,,4836,9814,166,3612,10673,4677,1
Página10,20,,4835,9811,165,3597,10686,4677,1
Página10,20,,4833,9808,166,3579,10681,4675,1
Página10,20,,4831,9792,166,3578,10686,4674,1
Página10,20,,4830,9796,166,3588,10673,4674,1
Página10,20,,4831,9798,166,3596,10673,4674,1
Página10,20,,4830,9784,167,3599,10685,4674,1
Página10,20,,4831,9795,166,3603,10677,4674,1
Página10,20,,4830,9782,166,3603,10686,4674,1
Página10,20,,4830,9790,165,3605,10681,4674,1
Página10,20,,4829,9793,166,3605,10671,4675,1
Página10,20,,4829,9788,167,3602,10686,4674,1
Página10,20,,4829,9781,166,3605,10690,4674,1
Página10,20,,4829,9785,166,3607,10686,4674,1
Página10,20,,4828,9780,165,3610,10688,4673,1
Página10,20,,4829,9774,167,3597,10691,4673,1
Página10,20,,4827,9782,166,3602,10682,4673,1
Página10,20,,4828,9785,166,3606,10679,4673,1
Página10,20,,4827,9785,165,3609,10677,4672,1
Página10,20,,4826,9784,166,3611,10675,4671,1
Página10,20,,4827,9780,166,3610,10677,4673,1
Página10,20,,4823,9738,166,3606,10705,4671,1
Página10,20,,4828,9799,167,3610,10661,4670,1
Página10,20,,4827,9798,167,3611,10661,4670,1
Página10,20,,4828,9798,165,3613,10661,4669,1
Página10,20,,4827,9797,166,3614,10660,4669,1
Página10,20,,4828,9798,166,3613,10662,4670,1
Página10,20,,4827,9797,165,3615,10660,4669,1
Página10,20,,4826,9794,166,3616,10663,4669,1
Página10,20,,4826,9786,166,3617,10669,4669,1
Página10,20,,4824,9775,165,3617,10676,4669,1
Página10,20,,4830,9786,166,3616,10674,4670,1
Página10,20,,4824,9784,166,3613,10671,4662,1
Página10,20,,4824,9782,166,3614,10676,4668,1
Página10,20,,4823,9765,166,3616,10684,4668,1
Página10,20,,4826,9795,166,3616,10662,4667,1
Página10,20,,4826,9796,166,3616,10663,4667,1
Página10,20,,4827,9793,166,3614,10673,4668,1
Página10,20,,4823,9767,167,3615,10669,4667,1
Página10,20,,4822,9761,166,3617,10675,4666,1
Página10,20,,4825,9779,166,3618,10665,4667,1
Página10,20,,4825,9779,166,3618,10665,4667,1
Página10,20,,4824,9757,167,3615,10681,4667,1
Página10,20,,4825,9783,166,3618,10661,4667,1
Página10,20,,4825,9791,165,3619,10657,4666,1
Página10,20,,4826,9792,166,3618,10658,4666,1
Página10,20,,4827,9811,166,3619,10657,4660,1
Página10,20,,4827,9805,167,3619,10667,4660,1
Página10,20,,4819,9805,166,3617,10666,4665,1
Página10,20,,4825,9789,166,3619,10667,4665,1
Página10,20,,4826,9802,166,3619,10660,4665,1
Página10,20,,4828,9805,165,3619,10659,4665,1
Página10,20,,4829,9820,165,3622,10645,4665,1
Página10,20,,4829,9825,166,3621,10664,4665,1
Página10,20,,4820,9821,167,3622,10660,4664,1
Página10,20,,4821,9823,165,3622,10660,4664,1
Página10,20,,4821,9824,166,3621,10660,4664,1
Página10,20,,4830,9826,167,3603,10658,4664,1
Página10,20,,4830,9827,167,3586,10657,4662,1
Página10,20,,4830,9827,167,3584,10656,4659,1
Página10,20,,4831,9828,166,3594,10657,4660,1
Página10,20,,4830,9830,166,3600,10658,4660,1
Página10,20,,4829,9827,166,3606,10661,4659,1
Página10,20,,4830,9830,167,3608,10661,4660,1
Página10,20,,4830,9832,166,3610,10661,4660,1
Página10,20,,4831,9834,166,3612,10668,4662,1
Página10,20,,4833,9835,166,3610,10666,4661,1
Página10,20,,4832,9835,167,3614,10666,4660,1
Página10,20,,4832,9834,165,3617,10666,4660,1
Página10,20,,4832,9835,166,3617,10668,4660,1
Página10,20,,4832,9836,167,3619,10670,4660,1
Página10,20,,4833,9838,166,3619,10674,4661,1
Página10,20,,4832,9837,167,3620,10675,4660,1
Página10,20,,4832,9838,166,3621,10677,4661,1
Página10,20,,4832,9834,167,3621,10683,4660,1
Página10,20,,4834,9842,167,3622,10679,4661,1
Página10,20,,4836,9845,166,3622,10686,4661,1
Página10,20,,4835,9844,167,3618,10683,4661,1
Página10,20,,4835,9848,166,3618,10684,4662,1
Página10,20,,4836,9848,164,3622,10685,4661,1
Página10,20,,4837,9849,167,3623,10686,4661,1
Página10,20,,4837,9853,166,3638,10692,4661,1
Página10,20,,4840,9852,167,3637,10696,4664,1
Página10,20,,4840,9852,166,3637,10692,4662,1
Página10,20,,4838,9852,167,3641,10694,4662,1
Página10,20,,4838,9850,168,3631,10697,4663,1
Página10,20,,4831,9598,166,3634,10748,4662,1
Página10,20,,4841,9865,166,3632,10692,4663,1
Página10,20,,4843,9868,168,3643,10694,4663,1
Página10,20,,4840,9863,168,3646,10701,4663,1
Página10,20,,4837,9821,167,3643,10733,4663,1
Página10,20,,4836,9814,168,3644,10740,4663,1
Página10,20,,4841,9842,168,3651,10726,4665,1
Página10,20,,4841,9849,167,3649,10738,4664,1
Página10,20,,4840,9863,168,3655,10722,4664,1
Página10,20,,4840,9872,168,3654,10719,4664,1
Página10,20,,4839,9855,168,3654,10733,4664,1
Página10,20,,4840,9871,168,3634,10724,4664,1
Página10,20,,4843,9873,168,3653,10724,4665,1
Página10,20,,4837,9826,169,3651,10734,4664,1
Página10,20,,4837,9829,166,3644,10769,4665,1
Página10,20,,4839,9876,168,3634,10723,4665,1
Página10,20,,4841,9878,168,3651,10721,4665,1
Página10,20,,4841,9882,167,3645,10726,4668,1
Página10,20,,4839,9870,167,3634,10729,4667,1
Página10,20,,4839,9866,167,3645,10730,4667,1
Página10,20,,4842,9891,168,3646,10712,4667,1
Página10,20,,4840,9888,167,3651,10711,4667,1
Página10,20,,4841,9863,168,3644,10720,4669,1
Página10,20,,4842,9889,167,3639,10713,4668,1
Página10,20,,4840,9889,166,3638,10710,4668,1
Página10,20,,4840,9890,167,3638,10706,4668,1
Página10,20,,4919,10063,170,3629,10849,4740,1
Página10,20,,4935,10041,170,3613,10896,4763,1
Página10,20,,4951,10065,171,3614,10903,4775,1
Página10,20,,4961,10077,172,3623,10907,4789,1
Página10,20,,4967,10060,171,3629,10933,4801,1
Página10,20,,4972,10102,170,3630,10910,4810,1
Página10,20,,4985,10091,172,3636,10918,4818,1
Página10,20,,4991,10094,171,3640,10924,4826,1
Página10,20,,4997,10093,171,3644,10934,4833,1
Página10,20,,5003,10108,172,3647,10921,4840,1
Página10,20,,5009,10110,171,3649,10941,4841,1
Página10,20,,5014,10113,171,3650,10927,4854,1
Página10,20,,5020,10120,171,3650,10932,4861,1
Página10,20,,5023,10121,172,3651,10949,4861,1
Página10,20,,5029,10128,171,3651,10949,4867,1
Página10,20,,5034,10130,170,3649,10954,4872,1
Página10,20,,5031,10130,172,3647,10958,4885,1
Página10,20,,5035,10132,172,3651,10962,4888,1
Página10,20,,5044,10120,172,3653,10965,4893,1
Página10,20,,5047,10119,172,3654,10970,4898,1
Página10,20,,5052,10132,172,3654,10961,4903,1
Página10,20,,5049,10134,171,3651,10989,4909,1
Página10,20,,5048,10126,171,3655,10986,4912,1
Página10,20,,5060,10127,171,3656,10986,4916,1
Página10,20,,5063,10134,171,3657,10975,4919,1
Página10,20,,5066,10125,172,3655,10991,4922,1
Página10,20,,5069,10128,172,3644,10997,4927,1
Página10,20,,5072,10126,172,3649,10996,4930,1
Página10,20,,5074,10146,171,3652,10977,4933,1
Página10,20,,5076,10146,173,3654,10983,4935,1
Página10,20,,5078,10148,173,3654,10998,4932,1
Página10,20,,5081,10153,173,3656,10988,4941,1
Página10,20,,5083,10156,172,3658,10988,4944,1
Página10,20,,5084,10156,172,3658,10992,4946,1
Página10,20,,5086,10155,173,3659,10994,4949,1
Página10,20,,5090,10193,172,3659,10980,4950,1
Página10,20,,5092,10206,171,3659,10980,4946,1
Página10,20,,5087,10211,172,3658,10975,4955,1
Página10,20,,5089,10212,174,3659,10976,4957,1
Página10,20,,5093,10212,174,3660,10977,4959,1
Página10,20,,5095,10202,173,3661,10980,4960,1
Página10,20,,5097,10220,172,3661,10960,4962,1
Página10,20,,5099,10221,172,3661,10986,4965,1
Página10,20,,5099,10218,173,3663,10982,4965,1
Página10,20,,5096,10217,173,3659,10984,4966,1
Página10,20,,5094,10218,174,3662,10986,4967,1
Página10,20,,5101,10207,173,3663,10987,4968,1
Página10,20,,5103,10219,173,3666,10976,4970,1
Página10,20,,5097,10217,171,3663,10990,4970,1
Página10,20,,5097,10218,173,3664,10991,4971,1
Página10,20,,5105,10217,173,3666,10984,4972,1
Página10,20,,5104,10197,173,3665,10999,4973,1
Página10,20,,5106,10209,173,3667,11001,4976,1
Página10,20,,5107,10219,173,3661,10996,4974,1
Página10,20,,5107,10217,174,3662,10995,4976,1
Página10,20,,5106,10205,174,3649,11004,4975,1
Página10,20,,5105,10214,175,3633,11003,4975,1
Página10,20,,5104,10208,173,3622,10999,4969,1
Página10,20,,5103,10208,174,3635,11001,4974,1
Página10,20,,5103,10188,174,3640,11020,4976,1
Página10,20,,5106,10207,174,3643,10993,4974,1
Página10,20,,5105,10220,173,3646,10979,4975,1
Página10,20,,5104,10207,173,3649,10994,4976,1
Página10,20,,5104,10218,172,3650,10982,4976,1
Página10,20,,5104,10214,172,3652,10985,4976,1
Página10,20,,5101,10178,173,3653,11018,4973,1
Página10,20,,5093,10216,173,3653,10995,4976,1
Página10,20,,5100,10227,172,3655,10990,4977,1
Página10,20,,5099,10227,172,3655,10988,4977,1
Página10,20,,5106,10213,174,3657,10989,4977,1
Página10,20,,5106,10224,172,3659,10989,4971,1
Página10,20,,5098,10225,172,3658,10997,4980,1
Página10,20,,5095,10199,173,3660,11008,4978,1
Página10,20,,5103,10201,172,3661,10999,4978,1
Página10,20,,5103,10220,171,3661,10982,4978,1
Página10,20,,5103,10212,173,3662,10998,4978,1
Página10,20,,5103,10213,173,3663,10998,4979,1
Página10,20,,5103,10216,173,3661,10995,4979,1
Página10,20,,5103,10225,174,3662,10998,4972,1
Página10,20,,5104,10225,174,3662,10984,4979,1
Página10,20,,5103,10227,174,3664,10984,4978,1
Página10,20,,5102,10221,171,3663,10999,4972,1
Página10,20,,5103,10223,172,3661,10988,4979,1
Página10,20,,5101,10222,171,3663,10996,4976,1
Página10,20,,5100,10220,173,3664,11002,4972,1
Página10,20,,5099,10222,172,3663,10999,4978,1
Página10,20,,5100,10227,173,3664,10997,4977,1
Página10,20,,5097,10186,173,3666,11020,4978,1
Página10,20,,5100,10221,174,3660,10997,4977,1
Página10,20,,5098,10214,172,3662,10998,4977,1
Página10,20,,5098,10221,172,3663,10995,4978,1
Página10,20,,5097,10225,173,3663,10988,4977,1
Página10,20,,5096,10213,174,3662,11015,4974,1
Página10,20,,5089,10195,173,3659,11006,4977,1
Página10,20,,5095,10217,173,3663,11006,4976,1
Página10,20,,5092,10208,173,3662,11010,4977,1
Página10,20,,5095,10219,173,3662,10994,4977,1
Página10,20,,5092,10215,173,3661,11006,4977,1
Página10,20,,5092,10203,171,3662,11021,4977,1
Página10,20,,5088,10160,173,3661,11050,4976,1
Página10,20,,5092,10210,172,3660,11014,4976,1
Página10,20,,5092,10226,172,3661,11013,4969,1
Página10,20,,5092,10228,173,3661,11000,4975,1
Página10,20,,5095,10254,172,3661,11002,4970,1
Página10,20,,5094,10259,171,3653,10998,4976,1
Página10,20,,5092,10245,172,3656,11009,4975,1
Página10,20,,5086,10245,173,3660,11010,4974,1
Página10,20,,5084,10236,172,3659,11018,4975,1
Página10,20,,5090,10242,172,3660,11017,4975,1
Página10,20,,5088,10238,173,3640,11021,4973,1
Página10,20,,5086,10240,174,3620,11020,4972,1
Página10,20,,5085,10241,174,3617,11024,4970,1
Página10,20,,5083,10238,173,3631,11026,4970,1
Página10,20,,5080,10202,172,3638,11054,4970,1
Página10,20,,5085,10267,172,3643,11009,4969,1
Página10,20,,5085,10267,174,3646,10996,4969,1
Página10,20,,5088,10272,173,3646,11022,4976,1
Página10,20,,5085,10262,172,3643,11016,4969,1
Página10,20,,5085,10259,171,3648,11019,4970,1
Página10,20,,5085,10262,174,3649,11018,4970,1
Página10,20,,5085,10263,173,3650,11018,4970,1
Página10,20,,5084,10254,172,3652,11024,4970,1
Página10,20,,5085,10263,172,3656,11023,4970,1
Página10,20,,5084,10262,173,3653,11021,4970,1
Página10,20,,5083,10262,174,3655,11022,4970,1
Página10,20,,5083,10245,173,3657,11024,4970,1
Página10,20,,5083,10263,175,3658,11021,4970,1
Página10,20,,5091,10270,172,3656,11028,4970,1
Página10,20,,5084,10264,173,3654,11023,4970,1
Página10,20,,5083,10265,173,3655,11022,4970,1
Página10,20,,5083,10265,173,3655,11022,4970,1
Página10,20,,5084,10275,173,3657,11013,4970,1
Página10,20,,5083,10264,172,3657,11022,4970,1
Página10,20,,5085,10282,171,3656,11014,4970,1
Página10,20,,5084,10275,172,3660,11017,4970,1
Página10,20,,5083,10275,172,3660,11017,4970,1
Página10,20,,5083,10276,173,3660,11016,4970,1
Página10,20,,5081,10264,173,3659,11025,4969,1
Página10,20,,5084,10275,173,3660,11030,4972,1
Página10,20,,5081,10272,173,3655,11023,4970,1
Página10,20,,5081,10272,173,3655,11023,4969,1
Página10,20,,5081,10271,171,3656,11025,4968,1
Página10,20,,5080,10269,171,3658,11026,4970,1
Página10,20,,5079,10265,171,3659,11029,4969,1
Página10,20,,5079,10260,173,3660,11036,4971,1
Página10,20,,5078,10264,172,3660,11028,4970,1
Página10,20,,5077,10262,172,3659,11029,4968,1
Página10,20,,5076,10263,172,3646,11027,4968,1
Página10,20,,5074,10246,171,3652,11047,4969,1
Página10,20,,5072,10245,172,3651,11049,4969,1
Página10,20,,5075,10266,171,3649,11026,4968,1
Página10,20,,5073,10266,173,3654,11025,4967,1
Página10,20,,5073,10239,172,3656,11042,4968,1
Página10,20,,5073,10264,173,3657,11030,4967,1
Página10,20,,5072,10240,171,3659,11054,4972,1
Página10,20,,5074,10275,173,3653,11031,4960,1
Página10,20,,5072,10281,172,3659,11026,4961,1
Página10,20,,5072,10280,172,3657,11029,4964,1
Página10,20,,5071,10280,172,3657,11030,4966,1
Página10,20,,5071,10280,172,3657,11031,4967,1
Página10,20,,5072,10283,172,3658,11034,4967,1
Página10,20,,5071,10284,172,3660,11031,4967,1
Página10,20,,5071,10288,171,3661,11033,4965,1
Página10,20,,5071,10285,171,3660,11036,4967,1
Página10,20,,5071,10283,172,3642,11037,4966,1
Página10,20,,5067,10272,172,3623,11046,4964,1
Página10,20,,5063,10278,174,3623,11044,4963,1
Página10,20,,5061,10278,172,3632,11045,4963,1
Página10,20,,5068,10285,173,3640,11037,4963,1
Página10,20,,5065,10278,173,3638,11048,4963,1
Página10,20,,5066,10287,172,3639,11046,4963,1
Página10,20,,5066,10284,173,3644,11045,4963,1
Página10,20,,5066,10282,172,3646,11046,4963,1
Página10,20,,5067,10292,171,3649,11049,4964,1
Página10,20,,5067,10287,173,3650,11050,4964,1
Página10,20,,5065,10274,172,3652,11057,4963,1
Página10,20,,5066,10282,172,3649,11052,4964,1
Página10,20,,5065,10284,171,3650,11050,4964,1
Página10,20,,5065,10287,172,3649,11056,4966,1
Página10,20,,5065,10285,172,3645,11051,4964,1
Página10,20,,5065,10284,173,3648,11053,4964,1
Página10,20,,5065,10283,172,3646,11055,4964,1
Página10,20,,5065,10286,173,3651,11054,4964,1
Página10,20,,5066,10290,171,3651,11050,4966,1
Página10,20,,5065,10280,171,3652,11061,4966,1
Página10,20,,5064,10278,172,3653,11062,4965,1
Página10,20,,5063,10275,173,3652,11063,4964,1
Página10,20,,5064,10284,172,3652,11057,4964,1
Página10,20,,5062,10255,171,3653,11084,4963,1
Página10,20,,5064,10269,171,3653,11068,4965,1
Página10,20,,5063,10270,172,3651,11067,4964,1
Página10,20,,5063,10279,171,3649,11058,4964,1
Página10,20,,5064,10283,171,3653,11055,4964,1
Página10,20,,5065,10294,172,3653,11051,4964,1
Página10,20,,5064,10298,172,3653,11055,4966,1
Página10,20,,5064,10290,170,3648,11053,4965,1
Página10,20,,5064,10296,172,3651,11049,4965,1
Página10,20,,5064,10297,172,3653,11049,4964,1
Página10,20,,5063,10298,172,3652,11046,4964,1
Página10,20,,5064,10291,175,3678,11053,4966,1
Página10,20,,5064,10301,174,3680,11050,4965,1
Página10,20,,5063,10292,174,3683,11051,4965,1
Página10,20,,5062,10293,174,3682,11051,4964,1
Página10,20,,5062,10298,173,3691,11048,4964,1
Página10,20,,5062,10291,174,3693,11052,4963,1
Página10,20,,5063,10291,175,3696,11049,4962,1
Página10,20,,5060,10272,174,3691,11049,4961,1
Página10,20,,5056,10247,174,3700,11056,4961,1
Página10,20,,5058,10265,175,3701,11056,4960,1
Página10,20,,5054,10240,174,3701,11077,4960,1
Página10,20,,5051,10214,175,3703,11079,4960,1
Página10,20,,5054,10247,175,3705,11085,4960,1
Página10,20,,5048,10240,174,3706,11088,4960,1
Página10,20,,5046,10232,174,3708,11102,4960,1
Página10,20,,5043,10215,173,3706,11105,4960,1
Página10,20,,5051,10211,175,3703,11096,4959,1
Página10,20,,5045,10145,173,3709,11179,4960,1
Página10,20,,5037,10167,173,3676,11142,4960,1
Página10,20,,5043,10068,171,3667,11159,4959,1
Página10,20,,5047,10210,173,3650,11108,4959,1
Página10,20,,5046,10211,172,3630,11122,4956,1
Página10,20,,5042,10261,174,3628,11070,4955,1
Página10,20,,5040,10241,172,3638,11087,4954,1
Página10,20,,5044,10244,173,3645,11082,4956,1
Página10,20,,5047,10248,173,3648,11084,4955,1
Página10,20,,5041,10250,173,3650,11080,4955,1
Página10,20,,5041,10251,172,3652,11080,4955,1
Página10,20,,5050,10267,173,3654,11061,4955,1
Página10,20,,5047,10234,172,3655,11083,4955,1
Página10,20,,5031,10207,173,3654,11071,4945,1
Página10,20,,5044,10214,170,3653,11105,4955,1
Página10,20,,5043,10213,172,3655,11105,4955,1
Página10,20,,5040,10187,172,3657,11124,4955,1
Página10,20,,5039,10175,172,3658,11130,4954,1
Página10,20,,5037,10166,172,3656,11143,4954,1
Página10,20,,5042,10201,172,3658,11115,4955,1
Página10,20,,5035,10147,172,3657,11157,4954,1
Página10,20,,5035,10127,171,3657,11177,4954,1
Página10,20,,5036,10158,171,3658,11141,4955,1
Página10,20,,5041,10197,172,3658,11116,4954,1
Página10,20,,5039,10163,171,3657,11138,4955,1
Página10,20,,5037,10168,173,3655,11133,4954,1
Página10,20,,5039,10187,171,3657,11124,4954,1
Página10,20,,5036,10156,172,3659,11141,4954,1
Página10,20,,5036,10167,171,3659,11132,4954,1
Página10,20,,5035,10165,173,3658,11134,4952,1
Página10,20,,5038,10188,172,3654,11117,4954,1
Página10,20,,5038,10190,171,3659,11114,4953,1
Página10,20,,5037,10197,172,3659,11105,4952,1
Página10,20,,5036,10191,172,3661,11109,4952,1
Página10,20,,5037,10206,173,3660,11099,4952,1
Página10,20,,5036,10219,171,3661,11093,4953,1
Página10,20,,5038,10213,171,3661,11093,4952,1
Página10,20,,5037,10184,171,3661,11096,4951,1
Página10,20,,5039,10239,172,3661,11069,4951,1
Página10,20,,5039,10235,171,3662,11070,4951,1
Página10,20,,5041,10247,171,3661,11063,4952,1
Página10,20,,5039,10241,171,3654,11068,4950,1
Página10,20,,5038,10240,172,3657,11066,4950,1
Página10,20,,5038,10240,171,3657,11065,4949,1
Página10,20,,5038,10241,173,3657,11062,4948,1
Página10,20,,5038,10241,172,3661,11064,4949,1
Página10,20,,5038,10243,172,3658,11064,4949,1
Página10,20,,5037,10245,173,3662,11061,4948,1
Página10,20,,5036,10244,172,3663,11057,4946,1
Página10,20,,5035,10241,172,3662,11055,4946,1
Página10,20,,5035,10240,171,3662,11055,4945,1
Página10,20,,5036,10241,171,3666,11057,4946,1
Página10,20,,5036,10240,171,3664,11059,4946,1
Página10,20,,5035,10238,171,3664,11060,4947,1
Página10,20,,5034,10226,171,3652,11065,4945,1
Página10,20,,5034,10221,171,3656,11076,4946,1
Página10,20,,5034,10224,171,3656,11074,4946,1
Página10,20,,5030,10195,171,3641,11083,4944,1
Página10,20,,5030,10201,172,3625,11085,4943,1
Página10,20,,5029,10222,172,3621,11057,4940,1
Página10,20,,5030,10227,173,3632,11053,4940,1
Página10,20,,5029,10222,172,3637,11057,4940,1
Página10,20,,5027,10208,171,3642,11065,4940,1
Página10,20,,5029,10224,170,3645,11059,4940,1
Página10,20,,5030,10231,171,3635,11058,4937,1
Página10,20,,5029,10227,172,3642,11052,4940,1
Página10,20,,5029,10229,170,3645,11051,4940,1
Página10,20,,5030,10229,171,3647,11050,4941,1
Página10,20,,5029,10229,170,3649,11050,4940,1
Página10,20,,5030,10232,171,3647,11050,4940,1
Página10,20,,5030,10232,171,3651,11050,4939,1
Página10,20,,5026,10222,172,3651,11044,4937,1
Página10,20,,5025,10224,170,3652,11040,4936,1
Página10,20,,5024,10221,171,3649,11042,4936,1
Página10,20,,5023,10227,173,3651,11045,4935,1
Página10,20,,5027,10227,171,3648,11038,4938,1
Página10,20,,5028,10227,171,3653,11052,4936,1
Página10,20,,5028,10239,171,3652,11045,4931,1
Página10,20,,5026,10212,172,3652,11066,4931,1
Página10,20,,5028,10212,171,3652,11070,4932,1
Página10,20,,5027,10229,171,3650,11043,4940,1
Página10,20,,5026,10209,171,3654,11069,4932,1
Página10,20,,5025,10207,170,3652,11074,4932,1
Página10,20,,5026,10213,171,3650,11069,4932,1
Página10,20,,5024,10203,171,3650,11076,4932,1
Página10,20,,5024,10205,171,3650,11080,4933,1
Página10,20,,5024,10202,171,3648,11066,4939,1
Página10,20,,5024,10207,170,3648,11078,4934,1
Página10,20,,5024,10209,171,3649,11078,4932,1
Página10,20,,5024,10207,172,3649,11082,4932,1
Página10,20,,5026,10214,171,3649,11075,4939,1
Página10,20,,5023,10204,171,3644,11085,4938,1
Página10,20,,5018,10200,171,3648,11090,4938,1
Página10,20,,5017,10205,171,3648,11087,4938,1
Página10,20,,5016,10202,171,3648,11089,4938,1
Página10,20,,5022,10188,172,3645,11096,4937,1
Página10,20,,5022,10191,170,3649,11094,4938,1
Página10,20,,5022,10187,171,3647,11095,4937,1
Página10,20,,5021,10181,170,3645,11098,4937,1
Página10,20,,5022,10201,170,3647,11080,4937,1
Página10,20,,5022,10191,170,3647,11093,4937,1
Página10,20,,5014,10179,170,3646,11068,4937,1
Página10,20,,5017,10179,169,3644,11113,4937,1
Página10,20,,5014,10193,171,3645,11103,4936,1
Página10,20,,5013,10199,170,3646,11084,4937,1
Página10,20,,5013,10183,170,3645,11116,4937,1
Página10,20,,5010,10156,171,3646,11134,4937,1
Página10,20,,5013,10189,170,3644,11118,4938,1
Página10,20,,5013,10186,171,3645,11117,4938,1
Página10,20,,5012,10177,171,3645,11125,4937,1
Página10,20,,5020,10179,171,3645,11115,4937,1
Página10,20,,5019,10172,170,3645,11121,4937,1
Página10,20,,5017,10187,171,3626,11119,4936,1
Página10,20,,5018,10207,171,3608,11105,4933,1
Página10,20,,5011,10207,171,3603,11109,4934,1
Página10,20,,5019,10208,170,3617,11111,4932,1
Página10,20,,5017,10204,170,3623,11114,4932,1
Página10,20,,5009,10155,170,3626,11150,4932,1
Página10,20,,5013,10166,171,3627,11144,4932,1
Página10,20,,5014,10183,171,3630,11135,4932,1
Página10,20,,5014,10182,170,3630,11134,4933,1
Página10,20,,5018,10216,171,3629,11115,4933,1
Página10,20,,5017,10203,171,3631,11125,4933,1
Página10,20,,5004,10200,170,3630,11119,4932,1
Página10,20,,5024,10269,170,3635,11080,4933,1
Página10,20,,5024,10273,169,3634,11082,4931,1
Página10,20,,5025,10280,171,3630,11075,4933,1
Página10,20,,5025,10285,170,3633,11073,4932,1
Página10,20,,5025,10286,170,3634,11074,4933,1
Página10,20,,5025,10285,171,3636,11077,4932,1
Página10,20,,5024,10279,171,3636,11082,4932,1
Página10,20,,5022,10249,170,3635,11109,4933,1
Página10,20,,5022,10266,170,3637,11095,4933,1
Página10,20,,5024,10273,171,3637,11091,4933,1
Página10,20,,5025,10280,171,3636,11089,4934,1
Página10,20,,5024,10279,171,3636,11091,4933,1
Página10,20,,5025,10280,171,3634,11094,4934,1
Página10,20,,5024,10282,170,3633,11090,4933,1
Página10,20,,5024,10282,171,3634,11090,4933,1
Página10,20,,5024,10283,171,3636,11091,4933,1
Página10,20,,5024,10284,170,3633,11091,4933,1
Página10,20,,5024,10291,172,3633,11086,4934,1
Página10,20,,5026,10295,171,3639,11089,4934,1
Página10,20,,5025,10297,171,3636,11086,4933,1
Página10,20,,5024,10295,170,3635,11087,4933,1
Página10,20,,5024,10299,171,3636,11087,4933,1
Página10,20,,5023,10299,172,3636,11093,4933,1
Página10,20,,5027,10283,172,3637,11111,4933,1
Página10,20,,5026,10301,171,3631,11091,4933,1
Página10,20,,5024,10290,170,3631,11112,4933,1
Página10,20,,5023,10296,171,3633,11100,4933,1
Página10,20,,5023,10296,171,3633,11102,4933,1
Página10,20,,5023,10301,169,3635,11103,4933,1
Página10,20,,5025,10303,171,3629,11100,4931,1
Página10,20,,5023,10301,170,3634,11101,4926,1
Página10,20,,5023,10301,171,3631,11102,4926,1
Página10,20,,5023,10300,169,3632,11103,4932,1
Página10,20,,5023,10301,170,3632,11103,4933,1
Página10,20,,5024,10303,171,3631,11105,4934,1
Página10,20,,5023,10302,169,3629,11103,4927,1
Página10,20,,5023,10302,171,3630,11104,4927,1
Página10,20,,5023,10303,170,3631,11104,4927,1
Página10,20,,5023,10301,170,3632,11104,4932,1
Página10,20,,5025,10306,171,3618,11115,4937,1
Página10,20,,5022,10299,169,3624,11109,4926,1
Página10,20,,5014,10281,170,3626,11125,4933,1
Página10,20,,5019,10276,169,3606,11125,4931,1
Página10,20,,5017,10274,171,3588,11129,4929,1
Página10,20,,5021,10321,170,3591,11100,4929,1
Página10,20,,5017,10288,171,3599,11126,4928,1
Página10,20,,5017,10294,169,3604,11124,4928,1
Página10,20,,5012,10294,170,3603,11126,4929,1
Página10,20,,5012,10298,170,3603,11126,4929,1
Página10,20,,5020,10303,170,3607,11126,4929,1
Página10,20,,5022,10330,171,3610,11109,4929,1
Página10,20,,5020,10305,169,3611,11126,4929,1
Página10,20,,5020,10304,169,3613,11129,4931,1
Página10,20,,5020,10306,170,3598,11126,4928,1
Página10,20,,5021,10319,171,3606,11113,4928,1
Página10,20,,5019,10307,170,3610,11125,4928,1
Página10,20,,5022,10333,170,3613,11108,4928,1
Página10,20,,5018,10316,170,3611,11115,4928,1
Página10,20,,5020,10316,170,3609,11120,4928,1
Página10,20,,5020,10317,170,3614,11119,4929,1
Página10,20,,5021,10325,170,3614,11115,4928,1
Página10,20,,5021,10323,170,3615,11115,4929,1
Página10,20,,5021,10328,169,3617,11115,4928,1
Página10,20,,5023,10342,170,3616,11131,4935,1
Página10,20,,5024,10333,169,3618,11117,4930,1
Página10,20,,5021,10326,170,3615,11122,4930,1
Página10,20,,5022,10329,170,3617,11120,4929,1
Página10,20,,5019,10327,169,3617,11123,4930,1
Página10,20,,5017,10318,169,3616,11130,4929,1
Página10,20,,5021,10324,171,3618,11132,4932,1
Página10,20,,5019,10320,170,3611,11114,4929,1
Página10,20,,5020,10332,169,3615,11109,4928,1
Página10,20,,5020,10327,169,3615,11111,4929,1
Página10,20,,5018,10317,168,3617,11118,4929,1
Página10,20,,5017,10320,170,3616,11129,4923,1
Página10,20,,5021,10328,170,3616,11127,4924,1
Página10,20,,5021,10325,169,3618,11117,4929,1
Página10,20,,5022,10327,170,3616,11109,4929,1
Página10,20,,5020,10328,171,3618,11122,4924,1
Página10,20,,5021,10323,169,3617,11128,4923,1
Página10,20,,5023,10352,170,3613,11138,4925,1
Página10,20,,5013,10321,168,3610,11126,4929,1
Página10,20,,5014,10324,170,3612,11124,4929,1
Página10,20,,5020,10306,169,3612,11127,4930,1
Página10,20,,5020,10299,170,3611,11129,4930,1
Página10,20,,5020,10315,170,3612,11127,4929,1
Página10,20,,5021,10312,169,3612,11129,4930,1
Página10,20,,5020,10309,170,3614,11132,4930,1
Página10,20,,5022,10331,171,3612,11118,4929,1
Página10,20,,5019,10307,170,3612,11137,4930,1
Página10,20,,5019,10306,170,3611,11139,4930,1
Página10,20,,5022,10327,170,3609,11137,4932,1
Página10,20,,5020,10315,168,3606,11132,4930,1
Página10,20,,5022,10351,170,3606,11120,4930,1
Página10,20,,5019,10323,168,3607,11140,4930,1
Página10,20,,5019,10322,170,3607,11140,4930,1
Página10,20,,5022,10345,170,3608,11125,4930,1
Página10,20,,5017,10299,170,3587,11148,4929,1
Página10,20,,5018,10303,169,3570,11144,4928,1
Página10,20,,5019,10325,171,3563,11140,4927,1
Página10,20,,5017,10321,171,3577,11144,4926,1
Página10,20,,5018,10323,169,3583,11144,4926,1
Página10,20,,5018,10319,168,3588,11150,4927,1
Página10,20,,5018,10316,169,3589,11153,4927,1
Página10,20,,5016,10321,170,3589,11156,4927,1
Página10,20,,5020,10351,169,3588,11137,4927,1
Página10,20,,5017,10321,170,3590,11159,4928,1
Página10,20,,5019,10336,170,3590,11150,4928,1
Página10,20,,5017,10323,169,3591,11160,4928,1
Página10,20,,5018,10321,167,3591,11164,4928,1
Página10,20,,5018,10327,169,3591,11166,4929,1
Página10,20,,5017,10321,170,3591,11170,4928,1
Página10,20,,5017,10319,168,3592,11175,4929,1
Página10,20,,5014,10309,170,3590,11182,4929,1
Página10,20,,5016,10307,169,3590,11193,4929,1
Página10,20,,5011,10328,170,3592,11185,4930,1
Página10,20,,5019,10330,169,3588,11177,4928,1
Página10,20,,5020,10335,169,3588,11182,4925,1
Página10,20,,5020,10338,170,3590,11182,4923,1
Página10,20,,5019,10339,170,3588,11184,4924,1
Página10,20,,5021,10348,168,3592,11171,4930,1
Página10,20,,5025,10377,170,3592,11152,4931,1
Página10,20,,5020,10342,169,3594,11174,4930,1
Página10,20,,5015,10293,167,3593,11201,4931,1
Página10,20,,5020,10351,170,3592,11171,4931,1
Página10,20,,5022,10357,170,3594,11169,4930,1
Página10,20,,5023,10362,169,3594,11182,4932,1
Página10,20,,5021,10356,170,3593,11174,4932,1
Página10,20,,5021,10354,169,3593,11179,4931,1
Página10,20,,5021,10355,170,3592,11181,4931,1
Página10,20,,5021,10358,169,3593,11193,4925,1
Página10,20,,5021,10360,167,3593,11204,4927,1
Página10,20,,5023,10345,167,3591,11210,4931,1
Página10,20,,5021,10336,168,3593,11211,4932,1
Página10,20,,5020,10347,169,3591,11196,4932,1
Página10,20,,5016,10318,170,3592,11221,4932,1
Página10,20,,5021,10334,169,3590,11168,4927,1
Página10,20,,5023,10360,169,3592,11197,4932,1
Página10,20,,5016,10359,170,3592,11213,4931,1
Página10,20,,5021,10342,170,3591,11217,4932,1
Página10,20,,5022,10345,170,3591,11216,4932,1
Página10,20,,5022,10342,170,3592,11220,4931,1
Página10,20,,5024,10355,170,3592,11215,4935,1
Página10,20,,5015,10361,169,3587,11219,4932,1
Página10,20,,5014,10358,169,3593,11221,4932,1
Página10,20,,5015,10360,169,3592,11220,4932,1
Página10,20,,5022,10347,169,3593,11225,4931,1
Página10,20,,5015,10359,167,3593,11225,4931,1
Página10,20,,5022,10348,168,3592,11229,4932,1
Página10,20,,5022,10361,170,3592,11229,4932,1
Página10,20,,5015,10363,169,3592,11231,4931,1
Página10,20,,5015,10367,167,3591,11229,4932,1
Página10,20,,5023,10379,169,3575,11226,4931,1
Página10,20,,5021,10380,169,3560,11225,4929,1
Página10,20,,5020,10385,171,3557,11223,4927,1
Página10,20,,5014,10386,169,3566,11224,4928,1
Página10,20,,5015,10389,169,3575,11225,4928,1
Página10,20,,5021,10390,169,3574,11225,4928,1
Página10,20,,5014,10394,170,3577,11219,4928,1
Página10,20,,5021,10387,169,3580,11227,4929,1
Página10,20,,5020,10388,168,3581,11224,4928,1
Página10,20,,5021,10389,168,3581,11228,4928,1
Página10,20,,5020,10387,170,3578,11224,4928,1
Página10,20,,5021,10384,169,3581,11228,4928,1
Página10,20,,5020,10385,168,3584,11228,4928,1
Página10,20,,5020,10377,169,3584,11233,4930,1
Página10,20,,5020,10383,169,3584,11231,4929,1
Página10,20,,5022,10392,168,3583,11225,4929,1
Página10,20,,5022,10394,170,3584,11221,4929,1
Página10,20,,5022,10397,169,3585,11219,4929,1
Página10,20,,5022,10398,169,3586,11220,4929,1
Página10,20,,5022,10400,168,3586,11219,4929,1
Página10,20,,5025,10408,170,3585,11223,4930,1
Página10,20,,5023,10404,169,3583,11219,4930,1
Página10,20,,5022,10404,170,3573,11219,4929,1
Página10,20,,5022,10407,170,3578,11219,4929,1
Página10,20,,5021,10406,168,3580,11221,4928,1
Página10,20,,5002,10414,170,3581,11233,4930,1
Página10,20,,5000,10434,169,3581,11223,4929,1
Página10,20,,5020,10403,169,3581,11228,4929,1
Página10,20,,5015,10389,168,3570,11226,4930,1
Página10,20,,5020,10409,170,3583,11225,4929,1
Página10,20,,5019,10410,169,3582,11231,4931,1
Página10,20,,5019,10411,170,3578,11228,4924,1
Página10,20,,5020,10412,168,3581,11228,4924,1
Página10,20,,5020,10412,169,3581,11229,4925,1
Página10,20,,5020,10413,169,3581,11230,4923,1
Página10,20,,5019,10413,171,3583,11229,4931,1
Página10,20,,5019,10417,168,3581,11232,4926,1
Página10,20,,5017,10405,169,3583,11239,4929,1
Página10,20,,5017,10397,168,3583,11246,4930,1
Página10,20,,5016,10407,169,3582,11240,4930,1
Página10,20,,5013,10387,170,3582,11256,4930,1
Página10,20,,5013,10387,168,3581,11259,4931,1
Página10,20,,5014,10392,169,3577,11238,4931,1
Página10,20,,5014,10397,169,3579,11238,4931,1
Página10,20,,5015,10398,169,3579,11252,4924,1
Página10,20,,5014,10399,169,3579,11251,4924,1
Página10,20,,5015,10401,168,3579,11254,4926,1
Página10,20,,5010,10401,170,3575,11251,4931,1
Página10,20,,5008,10404,169,3577,11250,4931,1
Página10,20,,5012,10396,167,3579,11254,4930,1
Página10,20,,5013,10369,169,3577,11266,4931,1
Página10,20,,5016,10393,169,3578,11250,4931,1
Página10,20,,5016,10402,167,3576,11249,4931,1
Página10,20,,5018,10415,168,3579,11238,4931,1
Página10,20,,5014,10398,169,3560,11263,4929,1
Página10,20,,5005,10331,170,3541,11305,4929,1
Página10,20,,5012,10412,169,3540,11250,4927,1
Página10,20,,5012,10413,169,3551,11250,4926,1
Página10,20,,5012,10415,169,3555,11250,4927,1
Página10,20,,5015,10420,168,3558,11250,4928,1
Página10,20,,5014,10422,168,3559,11253,4928,1
Página10,20,,5013,10424,168,3561,11252,4927,1
Página10,20,,5014,10426,169,3563,11252,4928,1
Página10,20,,5014,10428,169,3563,11254,4928,1
Página10,20,,5014,10433,169,3565,11253,4928,1
Página10,20,,5015,10431,169,3564,11510,4929,1
Página10,20,,4943,9727,166,3566,11739,4929,1
Página10,20,,4938,9675,166,3565,11775,4929,1
Página10,20,,4926,9625,166,3567,11807,4929,1
Página10,20,,4929,9638,166,3567,11804,4929,1
Página10,20,,4930,9646,166,3564,11807,4931,1
Página10,20,,4937,9646,166,3561,11802,4929,1
Página10,20,,4935,9626,166,3563,11820,4929,1
Página10,20,,4934,9619,167,3563,11825,4930,1
Página10,20,,4923,9653,166,3565,11813,4930,1
Página10,20,,4923,9652,167,3566,11817,4931,1
Página10,20,,4924,9647,168,3566,11825,4930,1
Página10,20,,4923,9653,166,3567,11822,4930,1
Página10,20,,4924,9655,166,3568,11820,4931,1
Página10,20,,4923,9648,166,3568,11826,4931,1
Página10,20,,4924,9658,167,3569,11820,4931,1
Página10,20,,4926,9652,167,3567,11827,4931,1
Página10,20,,4926,9679,167,3565,11809,4931,1
Página10,20,,4921,9630,167,3567,11839,4931,1
Página10,20,,4925,9661,166,3567,11824,4931,1
Página10,20,,4925,9656,166,3567,11828,4931,1
Página10,20,,4908,9476,165,3565,11957,4933,1
Página10,20,,4905,9440,168,3558,11979,4932,1
Página10,20,,4930,9646,166,3562,11835,4934,1
Página10,20,,4933,9733,167,3562,11782,4932,1
Página10,20,,4927,9672,166,3564,11821,4932,1
Página10,20,,4925,9666,165,3562,11826,4931,1
Página10,20,,4926,9665,167,3569,11831,4931,1
Página10,20,,5000,10445,169,3567,11301,4932,1
Página10,20,,4999,10448,168,3567,11298,4932,1
Página10,20,,5000,10465,171,3568,11296,4933,1
Página10,20,,4998,10443,168,3567,11301,4932,1
Página10,20,,4944,9897,168,3562,11678,4932,1
Página10,20,,4989,10357,169,3564,11349,4932,1
Página10,20,,4993,10410,170,3565,11330,4925,1
Página10,20,,4995,10429,170,3567,11320,4926,1
Página10,20,,4995,10425,170,3565,11324,4925,1
Página10,20,,4996,10436,170,3566,11316,4926,1
Página10,20,,4994,10443,170,3563,11312,4933,1
Página10,20,,4988,10448,170,3564,11312,4933,1
Página10,20,,4995,10437,170,3565,11311,4932,1
Página10,20,,4995,10437,169,3566,11312,4932,1
Página10,20,,4995,10438,169,3566,11312,4933,1
Página10,20,,4995,10444,170,3571,11315,4933,1
Página10,20,,4993,10460,168,3548,11312,4933,1
Página10,20,,4991,10463,170,3533,11317,4930,1
Página10,20,,4990,10467,171,3528,11312,4930,1
Página10,20,,4990,10466,168,3539,11315,4929,1
Página10,20,,5003,10457,171,3545,11311,4930,1
Página10,20,,4999,10458,171,3548,11314,4929,1
Página10,20,,5001,10458,170,3549,11316,4930,1
Página10,20,,5006,10455,170,3545,11320,4929,1
Página10,20,,5005,10420,170,3551,11350,4930,1
Página10,20,,5006,10453,169,3554,11338,4930,1
Página10,20,,5007,10457,170,3553,11326,4931,1
Página10,20,,5008,10467,169,3555,11319,4931,1
Página10,20,,5009,10471,169,3552,11322,4932,1
Página10,20,,5008,10468,170,3555,11325,4931,1
Página10,20,,5008,10471,171,3553,11323,4931,1
Página10,20,,5009,10473,169,3556,11325,4932,1
Página10,20,,5008,10472,170,3557,11327,4932,1
Página10,20,,5011,10473,170,3556,11330,4932,1
Página10,20,,5009,10471,168,3553,11331,4932,1
Página10,20,,5006,10462,171,3556,11337,4933,1
Página10,20,,5009,10473,170,3555,11335,4932,1
Página10,20,,5009,10473,168,3557,11334,4933,1
Página10,20,,5009,10471,169,3555,11340,4934,1
Página10,20,,5011,10476,171,3554,11338,4933,1
Página10,20,,5010,10478,169,3555,11336,4933,1
Página10,20,,5011,10480,169,3557,11335,4933,1
Página10,20,,5010,10480,168,3557,11338,4933,1
Página10,20,,5007,10435,169,3558,11353,4933,1
Página10,20,,5010,10473,169,3557,11349,4934,1
Página10,20,,5011,10482,169,3556,11340,4933,1
Página10,20,,5011,10481,170,3557,11347,4933,1
Página10,20,,5010,10466,169,3557,11365,4933,1
Página10,20,,5011,10486,170,3558,11345,4933,1
Página10,20,,5012,10457,168,3558,11361,4935,1
Página10,20,,5012,10486,170,3555,11348,4934,1
Página10,20,,5011,10487,171,3555,11347,4935,1
Página10,20,,5010,10487,170,3546,11349,4934,1
Página10,20,,5011,10484,170,3549,11353,4934,1
Página10,20,,5009,10476,169,3550,11357,4934,1
Página10,20,,5011,10480,168,3552,11362,4928,1
Página10,20,,5007,10442,169,3554,11389,4934,1
Página10,20,,5019,10977,169,3554,12136,4935,1
Página10,20,,5097,11311,171,3566,12309,4936,1
Página10,20,,5011,10910,168,3555,12120,4937,1
Página10,20,,5086,11279,171,3565,12146,4936,1
Página10,20,,5092,11321,171,3568,12352,4936,1
Página10,20,,5011,10485,169,3555,11371,4935,1
Página10,20,,5092,11240,171,3569,12419,4936,1
Página10,20,,5003,11221,171,3571,12415,4937,1
Página10,20,,5086,11233,173,3569,12391,4937,1
Página10,20,,5085,11213,172,3570,12402,4937,1
Página10,20,,5097,11286,173,3573,12461,4937,1
Página10,20,,5093,11268,172,3571,12461,4937,1
Página10,20,,5086,11252,171,3570,12444,4937,1
Página10,20,,5091,11192,173,3570,12370,4939,1
Página10,20,,5091,11263,172,3552,12445,4937,1
Página10,20,,5090,11284,172,3536,12475,4935,1
Página10,20,,5092,11288,173,3532,12473,4934,1
Página10,20,,5092,11303,172,3545,12499,4934,1
Página10,20,,5090,11292,172,3553,12501,4935,1
Página10,20,,5091,11276,172,3555,12514,4935,1
Página10,20,,5089,11282,171,3556,12502,4936,1
Página10,20,,5091,11297,171,3558,12511,4937,1
Página10,20,,5093,11310,172,3564,12489,4937,1
Página10,20,,5094,11333,173,3551,12505,4936,1
Página10,20,,5093,11313,172,3566,12489,4938,1
Página10,20,,5087,11256,172,3567,12453,4937,1
Página10,20,,5083,11186,173,3565,12490,4939,1
Página10,20,,5079,11179,172,3564,12453,4938,1
Página10,20,,5068,11078,171,3564,12317,4938,1
Página10,20,,5062,11019,171,3563,12274,4938,1
Página10,20,,5069,11066,172,3566,12325,4939,1
Página10,20,,5071,11089,171,3567,12307,4939,1
Página10,20,,5064,11061,172,3569,12355,4941,1
Página10,20,,5069,11107,171,3566,12285,4939,1
Página10,20,,5059,10880,171,3566,12260,4939,1
Página10,20,,5081,11207,172,3568,12290,4939,1
Página10,20,,5083,11228,172,3570,12320,4940,1
Página10,20,,5080,11220,172,3569,12354,4940,1
Página10,20,,5090,11315,172,3567,12359,4940,1
Página10,20,,5093,11330,172,3570,12364,4939,1
Página10,20,,5092,11317,171,3571,12361,4939,1
Página10,20,,5090,11314,172,3570,12382,4939,1
Página10,20,,5089,11284,171,3569,12342,4941,1
Página10,20,,5088,11267,173,3564,12372,4939,1
Página10,20,,5090,11310,172,3568,12356,4939,1
Página10,20,,5090,11305,173,3571,12364,4939,1
Página10,20,,5089,11299,173,3570,12363,4939,1
Página10,20,,5088,11284,172,3570,12362,4939,1
Página10,20,,5084,11274,172,3568,12335,4940,1
Página10,20,,5074,11216,172,3553,12382,4939,1
Página10,20,,5082,11209,171,3559,12312,4938,1
Página10,20,,5078,11178,172,3578,12290,4939,1
Página10,20,,5057,10497,173,3580,12012,4939,1
Página10,20,,5076,11265,173,3587,12380,4940,1
Página10,20,,5076,11267,173,3583,12358,4939,1
Página10,20,,5075,11263,174,3589,12334,4939,1
Página10,20,,5080,11226,174,3589,12314,4939,1
Página10,20,,5041,10832,173,3580,12589,4938,1
Página10,20,,5063,11041,173,3571,12409,4940,1
Página10,20,,5070,11193,172,3583,12315,4939,1
Página10,20,,5080,11236,173,3587,12332,4939,1
Página10,20,,5078,11190,174,3588,12278,4939,1
Página10,20,,5075,11156,173,3588,12270,4939,1
Página10,20,,5079,11215,173,3588,12312,4942,1
Página10,20,,5079,11188,173,3583,12283,4940,1
Página10,20,,5080,11179,173,3586,12275,4939,1
Página10,20,,5076,11168,172,3589,12272,4940,1
Página10,20,,5074,11130,172,3586,12314,4939,1
Página10,20,,5077,11163,175,3572,12347,4940,1
Página10,20,,5078,11192,171,3546,12261,4931,1
Página10,20,,5076,11184,174,3541,12264,4936,1
Página10,20,,5076,11142,173,3559,12282,4937,1
Página10,20,,5076,11164,174,3565,12357,4936,1
Página10,20,,5077,11188,172,3571,12318,4937,1
Página10,20,,5077,11150,174,3574,12339,4937,1
Página10,20,,5073,11149,173,3577,12345,4937,1
Página10,20,,5077,11160,173,3579,12352,4938,1
Página10,20,,5079,11191,174,3575,12400,4938,1
Página10,20,,5075,11131,174,3579,12403,4938,1
Página10,20,,5084,11234,175,3579,12376,4938,1
Página10,20,,5085,11261,173,3578,12392,4938,1
Página10,20,,5091,11301,173,3573,12356,4938,1
Página10,20,,5086,11236,174,3582,12380,4939,1
Página10,20,,5086,11257,173,3583,12339,4939,1
Página10,20,,5088,11261,174,3574,12340,4939,1
Página10,20,,5088,11273,174,3575,12359,4939,1
Página10,20,,5091,11241,174,3565,12421,4940,1
Página10,20,,5097,11307,173,3573,12425,4942,1
Página10,20,,5094,11331,173,3564,12406,4940,1
Página10,20,,5092,11307,173,3574,12413,4940,1
Página10,20,,5092,11312,174,3569,12419,4940,1
Página10,20,,5090,11291,172,3565,12409,4940,1
Página10,20,,5093,11294,174,3582,12406,4941,1
Página10,20,,5094,11321,174,3580,12420,4942,1
Página10,20,,5093,11310,173,3583,12456,4941,1
Página10,20,,5093,11307,175,3583,12435,4941,1
Página10,20,,5090,11284,173,3567,12448,4941,1
Página10,20,,5015,10535,173,3572,12890,4941,1
Página10,20,,5004,10512,172,3573,12933,4942,1
Página10,20,,5006,10413,170,3571,12995,4935,1
Página10,20,,5010,10446,170,3571,12991,4942,1
Página10,20,,5010,10433,170,3559,12984,4942,1
Página10,20,,5013,10464,172,3573,13010,4942,1
Página10,20,,5020,10516,172,3576,12971,4944,1
Página10,20,,5008,10388,172,3561,13002,4943,1
Página10,20,,5009,10398,172,3562,13037,4943,1
Página10,20,,5010,10419,170,3570,13035,4943,1
Página10,20,,5011,10427,170,3568,13034,4943,1
Página10,20,,5013,10443,172,3577,13020,4943,1
Página10,20,,5014,10439,171,3577,13025,4943,1
Página10,20,,5013,10430,171,3581,13035,4943,1
Página10,20,,5014,10450,170,3568,12997,4944,1
Página10,20,,5017,10466,171,3562,13013,4939,1
Página10,20,,5016,10475,170,3560,13034,4936,1
Página10,20,,5019,10475,171,3558,13023,4937,1
Página10,20,,5011,10478,170,3561,13032,4943,1
Página10,20,,5013,10468,170,3563,13037,4944,1
Página10,20,,5012,10426,170,3562,13059,4944,1
Página10,20,,5013,10418,171,3550,13047,4943,1
Página10,20,,5016,10437,171,3558,13066,4944,1
Página10,20,,5008,10445,170,3557,13061,4944,1
Página10,20,,5018,10442,170,3559,13045,4944,1
Página10,20,,5018,10485,170,3554,12990,4944,1
Página10,20,,5017,10472,170,3540,12961,4945,1
Página10,20,,5005,10377,171,3523,12964,4941,1
Página10,20,,4998,10368,170,3518,12976,4940,1
Página10,20,,5004,10388,170,3531,12984,4941,1
Página10,20,,5002,10389,170,3541,12984,4941,1
Página10,20,,5002,10392,171,3540,12978,4941,1
Página10,20,,5009,10395,170,3543,12968,4941,1
Página10,20,,5008,10401,171,3547,12974,4941,1
Página10,20,,5012,10403,171,3548,12976,4941,1
Página10,20,,5014,10409,168,3550,12977,4942,1
Página10,20,,5013,10413,170,3545,12982,4943,1
Página10,20,,5014,10427,170,3553,12991,4943,1
Página10,20,,5010,10423,170,3550,12992,4943,1
Página10,20,,5007,10418,171,3550,12991,4943,1
Página10,20,,5006,10400,171,3552,12999,4945,1
Página10,20,,5014,10416,170,3546,12998,4944,1
Página10,20,,5013,10402,170,3546,12969,4944,1
Página10,20,,5021,10476,170,3548,12937,4944,1
Página10,20,,5027,10531,170,3553,12963,4945,1
Página10,20,,5024,10507,170,3549,12947,4944,1
Página10,20,,5026,10529,171,3556,12982,4945,1
Página10,20,,5024,10517,171,3556,12982,4945,1
Página10,20,,5027,10531,170,3555,12997,4945,1
Página10,20,,5027,10531,170,3553,12994,4945,1
Página10,20,,5027,10520,172,3553,12979,4945,1
Página10,20,,5020,10354,171,3553,13109,4947,1
Página10,20,,5029,10548,171,3551,12996,4946,1
Página10,20,,5029,10540,170,3553,12971,4946,1
Página10,20,,5028,10527,171,3551,12973,4946,1
Página10,20,,5029,10540,170,3553,12960,4947,1
Página10,20,,5030,10553,171,3552,12979,4949,1
Página10,20,,5017,10418,170,3555,13041,4946,1
Página10,20,,5024,10484,169,3555,13019,4946,1
Página10,20,,5019,10445,170,3556,13034,4947,1
Página10,20,,5037,10615,171,3557,12940,4947,1
Página10,20,,5038,10620,171,3560,12924,4947,1
Página10,20,,5027,10506,171,3557,12991,4948,1
Página10,20,,5023,10463,169,3558,13007,4947,1
Página10,20,,5021,10444,169,3558,13017,4947,1
Página10,20,,5021,10446,170,3557,13036,4947,1
Página10,20,,5022,10460,171,3558,13020,4947,1
Página10,20,,5024,10454,170,3555,13003,4948,1
Página10,20,,5022,10446,170,3555,12985,4948,1
Página10,20,,5024,10471,170,3556,13012,4948,1
Página10,20,,5024,10465,171,3555,13004,4948,1
Página10,20,,5025,10474,170,3553,13007,4948,1
Página10,20,,5026,10484,169,3551,13011,4950,1
Página10,20,,5029,10536,170,3552,12991,4951,1
Página10,20,,5103,11272,172,3552,12545,4949,1
Página10,20,,5114,11383,173,3555,12446,4949,1
Página10,20,,5109,11369,174,3554,12482,4949,1
Página10,20,,5116,11417,174,3554,12492,4949,1
Página10,20,,5113,11399,172,3557,12487,4950,1
Página10,20,,5112,11388,174,3555,12508,4949,1
Página10,20,,5114,11407,174,3555,12512,4950,1
Página10,20,,5113,11416,174,3539,12507,4949,1
Página10,20,,5110,11408,175,3523,12489,4947,1
Página10,20,,5112,11417,175,3519,12495,4947,1
Página10,20,,5112,11418,173,3532,12508,4946,1
Página10,20,,5109,11399,173,3536,12500,4946,1
Página10,20,,5111,11416,173,3543,12517,4947,1
Página10,20,,5111,11404,173,3541,12501,4946,1
Página10,20,,5109,11393,174,3543,12525,4946,1
Página10,20,,5106,11344,173,3544,12541,4947,1
Página10,20,,5106,11365,172,3544,12552,4947,1
Página10,20,,5116,11433,173,3543,12528,4953,1
Página10,20,,5114,11430,173,3540,12491,4948,1
Página10,20,,5115,11440,175,3543,12514,4944,1
Página10,20,,5113,11415,173,3543,12492,4949,1
Página10,20,,5114,11426,174,3547,12500,4942,1
Página10,20,,5112,11404,174,3548,12500,4942,1
Página10,20,,5114,11417,172,3551,12512,4951,1
Página10,20,,5111,11398,173,3550,12495,4947,1
Página10,20,,5113,11413,173,3547,12517,4943,1
Página10,20,,5111,11412,173,3548,12514,4943,1
Página10,20,,5113,11411,173,3548,12516,4943,1
Página10,20,,5113,11393,172,3548,12497,4944,1
Página10,20,,5115,11417,172,3547,12507,4950,1
Página10,20,,5114,11418,173,3548,12496,4944,1
Página10,20,,5115,11435,173,3546,12502,4944,1
Página10,20,,5118,11451,174,3548,12505,4944,1
Página10,20,,5118,11442,172,3548,12488,4952,1
Página10,20,,5118,11451,174,3545,12505,4951,1
Página10,20,,5117,11461,173,3548,12515,4951,1
Página10,20,,5112,11454,175,3547,12500,4951,1
Página10,20,,5114,11467,173,3549,12487,4951,1
Página10,20,,5118,11466,174,3550,12514,4952,1
Página10,20,,5116,11489,173,3550,12526,4953,1
Página10,20,,5115,11475,175,3550,12503,4951,1
Página10,20,,5114,11479,172,3550,12499,4951,1
Página10,20,,5113,11466,173,3550,12472,4951,1
Página10,20,,5113,11475,173,3550,12484,4952,1
Página10,20,,5119,11475,173,3549,12482,4952,1
Página10,20,,5114,11474,174,3548,12478,4952,1
Página10,20,,5114,11477,173,3547,12475,4952,1
Página10,20,,5118,11461,173,3548,12475,4953,1
Página10,20,,5113,11467,173,3548,12479,4952,1
Página10,20,,5120,11435,175,3547,12447,4958,1
Página10,20,,5120,11460,173,3544,12469,4952,1
Página10,20,,5121,11463,173,3548,12480,4952,1
Página10,20,,5120,11459,174,3547,12469,4952,1
Página10,20,,5120,11458,173,3547,12467,4952,1
Página10,20,,5117,11434,174,3546,12447,4954,1
Página10,20,,5120,11454,172,3546,12467,4954,1
Página10,20,,5120,11454,173,3547,12469,4953,1
Página10,20,,5119,11464,171,3546,12476,4953,1
Página10,20,,5119,11457,173,3548,12482,4952,1
Página10,20,,5118,11443,172,3548,12474,4953,1
Página10,20,,5119,11447,173,3546,12474,4953,1
Página10,20,,5119,11462,174,3531,12501,4951,1
Página10,20,,5118,11460,174,3515,12507,4947,1
Página10,20,,5118,11469,175,3512,12514,4949,1
Página10,20,,5118,11466,174,3523,12515,4949,1
Página10,20,,5119,11475,173,3528,12508,4949,1
Página10,20,,5117,11457,173,3528,12501,4949,1
Página10,20,,5121,11495,173,3533,12501,4949,1
Página10,20,,5122,11495,174,3535,12497,4951,1
Página10,20,,5122,11499,174,3536,12496,4950,1
Página10,20,,5121,11491,173,3525,12494,4950,1
Página10,20,,5122,11489,173,3530,12496,4949,1
Página10,20,,5120,11466,173,3530,12500,4951,1
Página10,20,,5121,11479,172,3527,12492,4951,1
Página10,20,,5119,11457,173,3532,12469,4951,1
Página10,20,,5119,11472,174,3534,12487,4951,1
Página10,20,,5119,11466,173,3532,12483,4951,1
Página10,20,,5128,11558,173,3534,12592,4952,1
Página10,20,,5133,11592,173,3536,12633,4952,1
Página10,20,,5131,11591,173,3535,12625,4952,1
Página10,20,,5134,11599,174,3536,12647,4952,1
Página10,20,,5134,11605,173,3536,12648,4953,1
Página10,20,,5133,11603,174,3536,12648,4953,1
Página10,20,,5134,11607,173,3538,12649,4954,1
Página10,20,,5136,11608,174,3536,12649,4953,1
Página10,20,,5136,11627,173,3538,12666,4954,1
Página10,20,,5138,11640,173,3540,12656,4954,1
Página10,20,,5138,11640,173,3539,12652,4953,1
Página10,20,,5137,11631,173,3538,12642,4953,1
Página10,20,,5137,11636,173,3536,12645,4954,1
Página10,20,,5137,11636,173,3538,12649,4954,1
Página10,20,,5137,11624,173,3538,12625,4954,1
Página10,20,,5137,11629,174,3534,12648,4954,1
Página10,20,,5138,11634,172,3535,12646,4954,1
Página10,20,,5139,11640,174,3534,12653,4954,1
Página10,20,,5138,11625,174,3529,12639,4954,1
Página10,20,,5138,11636,173,3530,12653,4955,1
Página10,20,,5139,11637,172,3531,12654,4954,1
Página10,20,,5138,11629,174,3532,12637,4955,1
Página10,20,,5140,11642,175,3534,12656,4956,1
Página10,20,,5139,11651,174,3530,12674,4958,1
Página10,20,,5141,11645,172,3536,12667,4955,1
Página10,20,,5138,11622,174,3537,12643,4956,1
Página10,20,,5140,11644,173,3536,12669,4955,1
Página10,20,,5141,11648,173,3535,12672,4956,1
Página10,20,,5142,11656,174,3535,12680,4956,1
Página10,20,,5141,11644,174,3534,12674,4955,1
Página10,20,,5141,11639,173,3535,12672,4955,1
Página10,20,,5139,11612,174,3536,12712,4956,1
Página10,20,,5137,11594,174,3535,12689,4956,1
Página10,20,,5139,11600,173,3535,12673,4957,1
Página10,20,,5138,11584,174,3532,12676,4956,1
Página10,20,,5139,11581,173,3533,12674,4956,1
Página10,20,,5146,11582,175,3532,12672,4955,1
Página10,20,,5150,11616,173,3535,12661,4956,1
Página10,20,,5148,11590,173,3535,12670,4956,1
Página10,20,,5145,11597,174,3519,12690,4956,1
Página10,20,,5061,10667,172,3499,13158,4953,1
Página10,20,,5059,10655,171,3499,13143,4953,1
Página10,20,,5059,10626,170,3509,13201,4953,1
Página10,20,,5064,10775,171,3513,13123,4953,1
Página10,20,,5159,11554,174,3520,12598,4954,1
Página10,20,,5156,11571,174,3522,12639,4954,1
Página10,20,,5164,11614,174,3523,12666,4954,1
Página10,20,,5166,11625,174,3523,12656,4953,1
Página10,20,,5172,11675,172,3527,12653,4955,1
Página10,20,,5173,11683,173,3528,12656,4954,1
Página10,20,,5170,11645,173,3531,12633,4955,1
Página10,20,,5169,11625,173,3530,12638,4956,1
Página10,20,,5173,11654,174,3528,12680,4955,1
Página10,20,,5173,11658,174,3532,12657,4956,1
Página10,20,,5175,11672,174,3530,12664,4956,1
Página10,20,,5175,11682,174,3533,12677,4956,1
Página10,20,,5177,11694,173,3532,12684,4956,1
Página10,20,,5177,11682,174,3534,12690,4957,1
Página10,20,,5175,11680,175,3533,12677,4957,1
Página10,20,,5171,11684,173,3536,12689,4957,1
Página10,20,,5174,11675,173,3539,12677,4957,1
Página10,20,,5174,11673,175,3539,12682,4957,1
Página10,20,,5176,11691,174,3540,12713,4959,1
Página10,20,,5176,11699,174,3538,12720,4958,1
Página10,20,,5175,11691,175,3538,12700,4958,1
Página10,20,,5177,11702,173,3540,12716,4958,1
Página10,20,,5176,11694,175,3542,12716,4958,1
Página10,20,,5175,11690,175,3543,12710,4960,1
Página10,20,,5173,11682,174,3545,12678,4959,1
Página10,20,,5173,11678,173,3544,12673,4959,1
Página10,20,,5174,11683,174,3543,12683,4958,1
Página10,20,,5176,11706,174,3544,12698,4959,1
Página10,20,,5177,11709,174,3546,12701,4959,1
Página10,20,,5178,11700,175,3545,12705,4961,1
Página10,20,,5176,11704,175,3541,12677,4959,1
Página10,20,,5175,11695,174,3542,12664,4959,1
Página10,20,,5172,11665,175,3543,12652,4952,1
Página10,20,,5175,11679,175,3543,12662,4957,1
Página10,20,,5175,11695,175,3544,12685,4954,1
Página10,20,,5175,11690,174,3544,12681,4960,1
Página10,20,,5173,11678,173,3544,12667,4956,1
Página10,20,,5176,11691,174,3544,12685,4953,1
Página10,20,,5176,11698,172,3545,12695,4955,1
Página10,20,,5175,11696,173,3544,12709,4953,1
Página10,20,,5173,11660,174,3544,12742,4954,1
Página10,20,,5172,11648,174,3539,12744,4959,1
Página10,20,,5167,11677,174,3542,12715,4959,1
Página10,20,,5173,11671,174,3542,12708,4959,1
Página10,20,,5165,11669,174,3542,12686,4959,1
Página10,20,,5166,11669,175,3543,12684,4959,1
Página10,20,,5167,11676,175,3545,12695,4960,1
Página10,20,,5166,11675,173,3544,12682,4959,1
Página10,20,,5169,11671,173,3540,12684,4959,1
Página10,20,,5173,11665,173,3541,12685,4960,1
Página10,20,,5175,11673,174,3526,12687,4962,1
Página10,20,,5171,11665,174,3507,12667,4957,1
Página10,20,,5168,11651,175,3504,12706,4956,1
Página10,20,,5168,11645,175,3515,12720,4958,1
Página10,20,,5167,11635,173,3516,12724,4956,1
Página10,20,,5166,11631,175,3520,12716,4956,1
Página10,20,,5168,11645,173,3524,12709,4957,1
Página10,20,,5170,11663,172,3527,12698,4957,1
Página10,20,,5170,11655,173,3527,12698,4957,1
Página10,20,,5168,11623,174,3534,12722,4958,1
Página10,20,,5167,11622,174,3531,12723,4958,1
Página10,20,,5167,11622,173,3531,12722,4957,1
Página10,20,,5170,11645,172,3530,12732,4957,1
Página10,20,,5173,11665,174,3528,12728,4957,1
Página10,20,,5175,11686,174,3530,12720,4958,1
Página10,20,,5176,11684,172,3530,12740,4958,1
Página10,20,,5176,11691,173,3532,12715,4958,1
Página10,20,,5171,11646,173,3532,12714,4959,1
Página10,20,,5175,11668,174,3532,12708,4958,1
Página10,20,,5173,11671,173,3531,12691,4961,1
Página10,20,,5083,10815,171,3516,13169,4958,1
Página10,20,,5089,10862,171,3522,13141,4958,1
Página10,20,,5091,10874,172,3523,13120,4958,1
Página10,20,,5094,10890,172,3525,13128,4957,1
Página10,20,,5099,10904,171,3525,13143,4953,1
Página10,20,,5088,10891,172,3523,13152,4959,1
Página10,20,,5062,10649,171,3525,13295,4959,1
Página10,20,,5083,10836,172,3527,13171,4959,1
Página10,20,,5102,10938,171,3526,13104,4958,1
Página10,20,,5103,10931,171,3526,13114,4958,1
Página10,20,,5106,10956,170,3523,13064,4959,1
Página10,20,,5090,10816,172,3524,13185,4959,1
Página10,20,,5092,10772,172,3526,13170,4960,1
Página10,20,,5105,10928,171,3528,13140,4959,1
Página10,20,,5089,10804,171,3526,13190,4959,1
Página10,20,,5088,10784,171,3527,13183,4960,1
Página10,20,,5087,10772,171,3527,13149,4959,1
Página10,20,,5068,10604,170,3526,13053,4959,1
Página10,20,,5056,10490,168,3526,13321,4959,1
Página10,20,,5085,10749,171,3526,13146,4959,1
Página10,20,,5082,10736,170,3525,13172,4959,1
Página10,20,,5072,10620,171,3521,13221,4959,1
Página10,20,,5082,10717,171,3523,13154,4960,1
Página10,20,,5077,10663,171,3522,13207,4960,1
Página10,20,,5079,10677,170,3523,13200,4959,1
Página10,20,,5078,10679,170,3520,13211,4961,1
Página10,20,,5082,10683,170,3518,13203,4959,1
Página10,20,,5081,10696,170,3521,13210,4960,1
Página10,20,,5080,10695,171,3521,13208,4960,1
Página10,20,,5081,10695,170,3521,13210,4959,1
Página10,20,,5082,10701,170,3522,13213,4960,1
Página10,20,,5084,10711,170,3520,13226,4960,1
Página10,20,,5083,10708,171,3520,13225,4960,1
Página10,20,,5082,10703,170,3520,13218,4960,1
Página10,20,,5074,10704,171,3504,13213,4959,1
Página10,20,,5093,10885,172,3487,13114,4957,1
Página10,20,,5079,10696,170,3484,13200,4957,1
Página10,20,,5080,10704,170,3495,13213,4956,1
Página10,20,,5079,10694,171,3499,13201,4957,1
Página10,20,,5082,10702,170,3503,13209,4957,1
Página10,20,,5080,10704,170,3505,13207,4957,1
Página10,20,,5079,10691,170,3507,13214,4956,1
Página10,20,,5080,10697,170,3509,13223,4957,1
Página10,20,,5079,10687,169,3507,13217,4957,1
Página10,20,,5080,10688,169,3512,13197,4958,1
Página10,20,,5088,10752,171,3511,13182,4958,1
Página10,20,,5089,10761,170,3511,13185,4959,1
Página10,20,,5090,10769,169,3511,13191,4959,1
Página10,20,,5089,10770,170,3510,13187,4958,1
Página10,20,,5092,10773,170,3511,13191,4960,1
Página10,20,,5083,10700,171,3508,13204,4959,1
Página10,20,,5083,10703,169,3509,13216,4959,1
Página10,20,,5084,10701,171,3512,13222,4953,1
Página10,20,,5090,10751,170,3514,13201,4953,1
Página10,20,,5086,10706,170,3508,13228,4957,1
Página10,20,,5078,10709,170,3508,13225,4960,1
Página10,20,,5078,10707,170,3512,13217,4960,1
Página10,20,,5091,10739,170,3512,13186,4959,1
Página10,20,,5087,10707,170,3512,13208,4960,1
Página10,20,,5108,10901,171,3512,13079,4960,1
Página10,20,,5110,10918,171,3514,13080,4960,1
Página10,20,,5103,10924,171,3511,13078,4959,1
Página10,20,,5106,10902,170,3511,13062,4959,1
Página10,20,,5094,10776,172,3513,13159,4960,1
Página10,20,,5095,10776,171,3513,13169,4960,1
Página10,20,,5094,10755,171,3511,13160,4961,1
Página10,20,,5088,10727,170,3508,13192,4960,1
Página10,20,,5089,10731,168,3511,13188,4960,1
Página10,20,,5088,10720,171,3512,13191,4960,1
Página10,20,,5080,10713,170,3510,13190,4960,1
Página10,20,,5081,10712,169,3509,13190,4962,1
Página10,20,,5090,10725,171,3508,13189,4959,1
Página10,20,,5096,10788,170,3510,13150,4960,1
Página10,20,,5096,10779,170,3511,13137,4960,1
Página10,20,,5096,10779,170,3509,13137,4960,1
Página10,20,,5098,10818,170,3510,13098,4960,1
Página10,20,,5096,10784,170,3509,13130,4961,1
Página10,20,,5097,10790,172,3510,13128,4960,1
Página11,20,,4970,10393,148,2952,10830,4760,1
Página11,20,,4968,10391,148,2955,10829,4758,1
Página11,20,,4967,10403,148,2957,10815,4757,1
Página11,20,,4967,10403,147,2956,10814,4757,1
Página11,20,,4967,10402,148,2957,10814,4757,1
Página11,20,,4967,10404,147,2954,10830,4751,1
Página11,20,,4960,10399,147,2956,10825,4756,1
Página11,20,,4959,10399,148,2957,10825,4756,1
Página11,20,,4965,10384,148,2958,10824,4755,1
Página11,20,,4964,10394,148,2959,10818,4754,1
Página11,20,,4964,10398,148,2959,10813,4755,1
Página11,20,,4959,10398,149,2953,10827,4756,1
Página11,20,,4963,10382,148,2960,10822,4753,1
Página11,20,,4963,10381,149,2962,10821,4753,1
Página11,20,,4963,10393,148,2962,10808,4752,1
Página11,20,,4962,10392,148,2963,10812,4752,1
Página11,20,,4962,10392,148,2963,10822,4747,1
Página11,20,,4961,10389,149,2960,10807,4752,1
Página11,20,,4961,10388,148,2962,10806,4751,1
Página11,20,,4960,10385,149,2959,10819,4744,1
Página11,20,,4960,10383,149,2963,10820,4749,1
Página11,20,,4959,10383,148,2964,10821,4750,1
Página11,20,,4959,10380,148,2961,10820,4749,1
Página11,20,,4958,10379,147,2965,10819,4750,1
Página11,20,,4958,10374,148,2965,10824,4749,1
Página11,20,,4958,10382,148,2967,10816,4748,1
Página11,20,,4958,10380,148,2967,10816,4750,1
Página11,20,,4957,10382,149,2968,10799,4747,1
Página11,20,,4957,10382,148,2968,10812,4744,1
Página11,20,,4957,10382,147,2970,10811,4741,1
Página11,20,,4957,10380,149,2970,10810,4746,1
Página11,20,,4956,10380,149,2972,10811,4747,1
Página11,20,,4957,10381,149,2973,10809,4748,1
Página11,20,,4955,10384,149,2971,10808,4746,1
Página11,20,,4955,10378,148,2972,10808,4746,1
Página11,20,,4955,10377,148,2974,10807,4746,1
Página11,20,,4955,10377,148,2974,10806,4745,1
Página11,20,,4956,10376,148,2975,10805,4745,1
Página11,20,,4954,10375,148,2971,10806,4745,1
Página11,20,,4953,10375,149,2975,10805,4744,1
Página11,20,,4954,10373,149,2974,10804,4744,1
Página11,20,,4953,10373,148,2975,10804,4743,1
Página11,20,,4953,10371,149,2978,10805,4745,1
Página11,20,,4953,10375,149,2973,10804,4738,1
Página11,20,,4953,10370,149,2978,10803,4743,1
Página11,20,,4952,10369,148,2978,10803,4743,1
Página11,20,,4950,10367,149,2971,10801,4741,1
Página11,20,,4948,10364,149,2963,10798,4739,1
Página11,20,,4947,10361,149,2963,10797,4738,1
Página11,20,,4946,10360,149,2968,10796,4737,1
Página11,20,,4948,10365,149,2972,10802,4738,1
Página11,20,,4946,10360,147,2972,10785,4737,1
Página11,20,,4946,10359,149,2975,10783,4736,1
Página11,20,,4946,10359,148,2976,10782,4737,1
Página11,20,,4946,10358,149,2977,10795,4730,1
Página11,20,,4946,10355,147,2978,10797,4738,1
Página11,20,,4941,10305,147,2976,10836,4732,1
Página11,20,,4939,10284,148,2979,10844,4729,1
Página11,20,,4937,10267,147,2980,10855,4736,1
Página11,20,,4942,10321,149,2980,10825,4736,1
Página11,20,,4944,10347,148,2977,10799,4735,1
Página11,20,,4945,10349,148,2981,10799,4736,1
Página11,20,,4944,10347,149,2980,10797,4736,1
Página11,20,,4944,10347,149,2983,10797,4735,1
Página11,20,,4944,10346,149,2984,10796,4735,1
Página11,20,,4944,10347,150,2985,10795,4735,1
Página11,20,,4943,10347,147,2982,10795,4737,1
Página11,20,,4943,10346,148,2983,10797,4730,1
Página11,20,,4943,10346,147,2985,10793,4735,1
Página11,20,,4943,10345,149,2986,10792,4734,1
Página11,20,,4942,10344,148,2986,10792,4734,1
Página11,20,,4942,10343,149,2988,10791,4734,1
Página11,20,,4943,10345,149,2987,10792,4734,1
Página11,20,,4941,10343,149,2990,10790,4734,1
Página11,20,,4941,10341,149,2992,10790,4734,1
Página11,20,,4941,10340,148,2992,10788,4733,1
Página11,20,,4941,10340,150,2991,10788,4733,1
Página11,20,,4939,10343,149,2991,10792,4732,1
Página11,20,,4939,10338,148,2991,10786,4733,1
Página11,20,,4939,10337,150,2992,10785,4732,1
Página11,20,,4939,10337,149,2993,10785,4732,1
Página11,20,,4939,10336,148,2992,10784,4731,1
Página11,20,,4938,10335,148,2993,10786,4733,1
Página11,20,,4938,10335,149,2990,10785,4732,1
Página11,20,,4937,10333,149,2993,10781,4731,1
Página11,20,,4937,10331,149,2994,10782,4731,1
Página11,20,,4936,10330,149,2993,10781,4731,1
Página11,20,,4936,10328,149,2993,10780,4730,1
Página11,20,,4942,10336,148,2990,10784,4732,1
Página11,20,,4935,10326,149,2994,10780,4730,1
Página11,20,,4935,10324,148,2995,10779,4730,1
Página11,20,,4936,10323,148,2997,10780,4729,1
Página11,20,,4933,10321,150,2996,10779,4729,1
Página11,20,,4933,10317,149,2995,10781,4728,1
Página11,20,,4934,10321,148,2992,10784,4730,1
Página11,20,,4932,10316,148,2996,10778,4728,1
Página11,20,,4932,10315,147,2998,10778,4727,1
Página11,20,,4931,10314,148,2999,10778,4727,1
Página11,20,,4931,10313,149,2999,10777,4727,1
Página11,20,,4931,10313,148,2999,10778,4728,1
Página11,20,,4931,10311,148,2998,10775,4727,1
Página11,20,,4925,10306,149,2979,10770,4724,1
Página11,20,,4924,10304,148,2981,10769,4722,1
Página11,20,,4925,10322,149,2989,10757,4721,1
Página11,20,,4925,10324,149,2991,10756,4721,1
Página11,20,,4925,10322,148,2988,10755,4721,1
Página11,20,,4925,10322,149,2994,10756,4723,1
Página11,20,,4926,10323,149,2997,10754,4722,1
Página11,20,,4924,10321,148,2998,10755,4721,1
Página11,20,,4925,10320,148,2999,10754,4721,1
Página11,20,,4923,10319,148,2998,10754,4721,1
Página11,20,,4922,10319,148,3000,10755,4721,1
Página11,20,,4913,10321,150,3001,10758,4722,1
Página11,20,,4913,10319,149,2998,10756,4721,1
Página11,20,,4914,10317,148,3002,10755,4720,1
Página11,20,,4914,10316,149,3002,10755,4721,1
Página11,20,,4914,10313,148,3003,10754,4720,1
Página11,20,,4914,10312,148,3006,10754,4722,1
Página11,20,,4914,10310,149,3004,10755,4721,1
Página11,20,,4914,10306,149,3006,10755,4719,1
Página11,20,,4914,10302,149,3006,10756,4719,1
Página11,20,,4913,10298,149,3007,10758,4719,1
Página11,20,,4912,10292,148,3008,10761,4720,1
Página11,20,,4912,10288,148,3007,10764,4720,1
Página11,20,,4910,10275,149,3007,10769,4719,1
Página11,20,,4910,10276,148,3008,10768,4719,1
Página11,20,,4906,10251,149,3010,10785,4719,1
Página11,20,,4901,10218,149,3010,10780,4719,1
Página11,20,,4907,10252,148,3009,10779,4715,1
Página11,20,,4907,10252,147,3007,10764,4718,1
Página11,20,,4905,10234,149,3004,10777,4718,1
Página11,20,,4901,10182,148,3010,10817,4712,1
Página11,20,,4903,10221,148,3010,10797,4712,1
Página11,20,,4901,10173,147,3010,10814,4719,1
Página11,20,,4905,10224,148,3008,10797,4714,1
Página11,20,,4895,10139,148,3009,10863,4712,1
Página11,20,,4895,10181,147,3012,10824,4712,1
Página11,20,,4902,10222,148,3012,10789,4717,1
Página11,20,,4904,10238,149,3014,10778,4717,1
Página11,20,,4903,10232,149,3014,10787,4717,1
Página11,20,,4903,10232,149,3008,10780,4710,1
Página11,20,,4900,10199,148,3010,10831,4713,1
Página11,20,,4902,10237,148,3011,10773,4714,1
Página11,20,,4902,10244,148,3013,10767,4715,1
Página11,20,,4900,10227,148,3013,10786,4716,1
Página11,20,,4896,10187,148,3015,10823,4711,1
Página11,20,,4898,10210,148,3015,10788,4715,1
Página11,20,,4894,10197,148,3013,10791,4715,1
Página11,20,,4898,10212,149,3014,10782,4714,1
Página11,20,,4899,10217,148,3017,10783,4715,1
Página11,20,,4887,10090,147,3012,10849,4714,1
Página11,20,,4891,10170,148,3014,10814,4714,1
Página11,20,,4877,10095,148,3016,10859,4714,1
Página11,20,,4879,10092,148,3017,10850,4713,1
Página11,20,,4889,10125,148,3019,10846,4712,1
Página11,20,,4893,10193,149,3018,10794,4713,1
Página11,20,,4890,10184,146,3012,10789,4712,1
Página11,20,,4886,10189,149,3005,10779,4711,1
Página11,20,,4887,10178,149,3005,10790,4707,1
Página11,20,,4887,10200,149,3013,10769,4707,1
Página11,20,,4886,10194,148,3015,10771,4707,1
Página11,20,,4885,10178,147,3016,10783,4707,1
Página11,20,,4883,10133,148,3017,10813,4706,1
Página11,20,,4885,10178,148,3019,10781,4707,1
Página11,20,,4873,10047,148,3020,10832,4706,1
Página11,20,,4883,10158,148,3021,10794,4708,1
Página11,20,,4881,10149,148,3023,10799,4706,1
Página11,20,,4876,10097,148,3023,10836,4708,1
Página11,20,,4877,10142,149,3021,10806,4706,1
Página11,20,,4874,10140,148,3026,10805,4706,1
Página11,20,,4812,10163,148,3023,10834,4705,1
Página11,20,,4845,10144,148,3026,10820,4705,1
Página11,20,,4845,10149,150,3029,10817,4705,1
Página11,20,,4848,10146,147,3028,10820,4705,1
Página11,20,,4845,10143,149,3026,10818,4705,1
Página11,20,,4847,10146,149,3030,10817,4705,1
Página11,20,,4844,10145,148,3029,10816,4704,1
Página11,20,,4845,10144,149,3028,10817,4704,1
Página11,20,,4840,10134,148,3027,10804,4703,1
Página11,20,,4842,10139,148,3028,10806,4704,1
Página11,20,,4842,10136,149,3023,10805,4704,1
Página11,20,,4843,10148,149,3030,10812,4698,1
Página11,20,,4841,10109,148,3031,10840,4698,1
Página11,20,,4843,10157,149,3030,10807,4698,1
Página11,20,,4842,10134,149,3031,10822,4703,1
Página11,20,,4842,10128,149,3030,10820,4703,1
Página11,20,,4839,10128,148,3032,10808,4703,1
Página11,20,,4841,10148,148,3034,10795,4702,1
Página11,20,,4842,10155,149,3033,10794,4703,1
Página11,20,,4840,10130,149,3033,10822,4703,1
Página11,20,,4837,10109,148,3034,10823,4700,1
Página11,20,,4838,10132,150,3031,10802,4702,1
Página11,20,,4838,10127,149,3029,10819,4698,1
Página11,20,,4836,10097,149,3035,10841,4696,1
Página11,20,,4840,10123,149,3036,10829,4697,1
Página11,20,,4837,10123,148,3034,10820,4701,1
Página11,20,,4834,10157,148,3035,10795,4701,1
Página11,20,,4833,10143,148,3032,10803,4701,1
Página11,20,,4834,10141,149,3033,10805,4700,1
Página11,20,,4836,10130,149,3036,10814,4701,1
Página11,20,,4839,10135,148,3029,10813,4695,1
Página11,20,,4834,10146,149,3034,10802,4700,1
Página11,20,,4831,10141,149,3032,10803,4700,1
Página11,20,,4831,10142,149,3033,10802,4699,1
Página11,20,,4830,10134,148,3035,10808,4699,1
Página11,20,,4828,10095,149,3035,10836,4699,1
Página11,20,,4826,10091,148,3036,10818,4698,1
Página11,20,,4820,10068,149,3037,10855,4698,1
Página11,20,,4832,10146,148,3037,10836,4698,1
Página11,20,,4840,10196,149,3037,10758,4697,1
Página11,20,,4838,10128,151,3036,10799,4704,1
Página11,20,,4784,9517,146,3026,11226,4693,1
Página11,20,,4817,10019,148,3020,10878,4689,1
Página11,20,,4824,10114,150,3021,10814,4694,1
Página11,20,,4823,10122,149,3026,10807,4692,1
Página11,20,,4827,10150,149,3028,10796,4693,1
Página11,20,,4831,10150,148,3032,10783,4693,1
Página11,20,,4853,10143,148,3033,10772,4693,1
Página11,20,,4847,10160,150,3034,10768,4693,1
Página11,20,,4847,10159,148,3036,10767,4693,1
Página11,20,,4845,10140,149,3036,10778,4693,1
Página11,20,,4842,10129,147,3035,10785,4695,1
Página11,20,,4847,10137,148,3037,10785,4693,1
Página11,20,,4845,10133,149,3037,10786,4695,1
Página11,20,,4845,10132,148,3036,10780,4693,1
Página11,20,,4849,10174,148,3037,10750,4692,1
Página11,20,,4850,10181,148,3038,10744,4692,1
Página11,20,,4853,10184,149,3039,10742,4692,1
Página11,20,,4860,10153,149,3042,10773,4694,1
Página11,20,,4858,10104,149,3039,10743,4692,1
Página11,20,,4905,10095,149,3042,10771,4692,1
Página11,20,,4908,10070,149,3041,10755,4692,1
Página11,20,,4910,10106,149,3042,10748,4692,1
Página11,20,,4909,10098,147,3043,10761,4692,1
Página11,20,,4913,10134,147,3044,10732,4691,1
Página11,20,,4914,10147,147,3043,10718,4686,1
Página11,20,,4914,10146,149,3044,10718,4692,1
Página11,20,,4914,10143,147,3044,10720,4692,1
Página11,20,,4912,10130,149,3041,10729,4692,1
Página11,20,,4915,10138,149,3045,10721,4692,1
Página11,20,,4917,10150,147,3045,10699,4692,1
Página11,20,,4916,10153,148,3046,10710,4687,1
Página11,20,,4916,10153,149,3048,10710,4686,1
Página11,20,,4915,10151,148,3047,10709,4685,1
Página11,20,,4915,10150,148,3049,10709,4691,1
Página11,20,,4916,10150,149,3044,10711,4686,1
Página11,20,,4915,10147,148,3048,10710,4685,1
Página11,20,,4916,10147,147,3049,10709,4685,1
Página11,20,,4916,10145,147,3048,10712,4686,1
Página11,20,,4912,10110,148,3050,10738,4690,1
Página11,20,,4916,10132,147,3049,10727,4692,1
Página11,20,,4906,10115,148,3047,10732,4690,1
Página11,20,,4908,10143,148,3048,10710,4691,1
Página11,20,,4909,10123,148,3048,10728,4690,1
Página11,20,,4902,10029,148,3046,10786,4690,1
Página11,20,,4908,10065,148,3049,10761,4691,1
Página11,20,,4902,10070,147,3041,10772,4690,1
Página11,20,,4901,10064,148,3049,10771,4690,1
Página11,20,,4892,9980,145,3049,10826,4690,1
Página11,20,,4893,9999,146,3050,10816,4690,1
Página11,20,,4897,9974,148,3051,10849,4690,1
Página11,20,,4917,10151,147,3049,10697,4690,1
Página11,20,,4913,10173,147,3049,10698,4690,1
Página11,20,,4909,10151,147,3044,10702,4689,1
Página11,20,,4906,10144,149,3047,10708,4689,1
Página11,20,,4917,10195,148,3040,10673,4688,1
Página11,20,,4914,10175,148,3030,10678,4685,1
Página11,20,,4914,10185,148,3031,10671,4684,1
Página11,20,,4912,10176,148,3036,10679,4685,1
Página11,20,,4912,10179,148,3040,10677,4685,1
Página11,20,,4912,10181,148,3043,10675,4684,1
Página11,20,,4914,10188,146,3045,10670,4684,1
Página11,20,,4914,10193,146,3046,10666,4684,1
Página11,20,,4914,10197,148,3048,10668,4685,1
Página11,20,,4915,10199,148,3046,10663,4684,1
Página11,20,,4914,10197,148,3049,10663,4684,1
Página11,20,,4916,10216,148,3049,10651,4684,1
Página11,20,,4916,10213,147,3050,10653,4684,1
Página11,20,,4916,10217,146,3052,10651,4685,1
Página11,20,,4917,10219,148,3052,10652,4685,1
Página11,20,,4917,10219,149,3048,10649,4684,1
Página11,20,,4916,10220,147,3052,10648,4685,1
Página11,20,,4916,10220,147,3052,10648,4685,1
Página11,20,,4916,10221,147,3051,10647,4684,1
Página11,20,,4916,10223,147,3049,10647,4685,1
Página11,20,,4916,10222,147,3051,10647,4685,1
Página11,20,,4916,10222,147,3053,10646,4684,1
Página11,20,,4916,10222,146,3053,10646,4684,1
Página11,20,,4915,10222,148,3048,10646,4684,1
Página11,20,,4842,10260,146,3053,10681,4686,1
Página11,20,,4841,10256,149,3052,10663,4685,1
Página11,20,,4840,10256,147,3056,10673,4682,1
Página11,20,,4840,10256,148,3056,10675,4678,1
Página11,20,,4838,10257,149,3057,10676,4678,1
Página11,20,,4839,10256,148,3059,10677,4678,1
Página11,20,,4838,10259,149,3057,10678,4678,1
Página11,20,,4838,10257,148,3060,10677,4679,1
Página11,20,,4837,10258,148,3061,10678,4678,1
Página11,20,,4837,10257,148,3059,10677,4683,1
Página11,20,,4838,10257,149,3064,10676,4684,1
Página11,20,,4838,10256,148,3063,10677,4684,1
Página11,20,,4842,10254,148,3059,10660,4683,1
Página11,20,,4843,10254,149,3064,10661,4683,1
Página11,20,,4846,10252,149,3063,10659,4684,1
Página11,20,,4844,10251,148,3063,10671,4677,1
Página11,20,,4844,10251,148,3064,10672,4679,1
Página11,20,,4852,10248,149,3060,10669,4683,1
Página11,20,,4875,10235,148,3063,10667,4684,1
Página11,20,,4876,10233,149,3064,10655,4683,1
Página11,20,,4881,10232,148,3064,10654,4682,1
Página11,20,,4882,10233,148,3066,10654,4682,1
Página11,20,,4888,10233,149,3066,10656,4683,1
Página11,20,,4888,10232,148,3066,10654,4682,1
Página11,20,,4888,10232,148,3068,10653,4683,1
Página11,20,,4882,10232,148,3068,10653,4682,1
Página11,20,,4882,10232,148,3067,10654,4682,1
Página11,20,,4885,10236,149,3067,10659,4680,1
Página11,20,,4888,10232,148,3067,10653,4682,1
Página11,20,,4887,10231,148,3068,10654,4682,1
Página11,20,,4887,10232,148,3068,10653,4681,1
Página11,20,,4889,10229,149,3060,10639,4680,1
Página11,20,,4888,10226,149,3049,10634,4678,1
Página11,20,,4887,10225,147,3048,10647,4676,1
Página11,20,,4888,10225,149,3056,10645,4677,1
Página11,20,,4889,10226,149,3061,10648,4677,1
Página11,20,,4890,10224,149,3062,10647,4676,1
Página11,20,,4891,10223,147,3064,10646,4676,1
Página11,20,,4892,10224,149,3064,10646,4677,1
Página11,20,,4892,10222,148,3064,10647,4677,1
Página11,20,,4886,10164,149,3065,10691,4677,1
Página11,20,,4888,10185,147,3060,10673,4677,1
Página11,20,,4889,10191,147,3065,10669,4677,1
Página11,20,,4888,10192,149,3066,10668,4676,1
Página11,20,,4889,10196,149,3063,10665,4677,1
Página11,20,,4889,10199,147,3066,10668,4678,1
Página11,20,,4890,10202,149,3068,10664,4678,1
Página11,20,,4890,10201,149,3070,10662,4677,1
Página11,20,,4889,10202,147,3071,10661,4676,1
Página11,20,,4890,10205,147,3070,10659,4677,1
Página11,20,,4889,10206,148,3069,10658,4677,1
Página11,20,,4891,10208,147,3070,10658,4677,1
Página11,20,,4890,10208,149,3068,10657,4677,1
Página11,20,,4890,10208,147,3070,10657,4677,1
Página11,20,,4890,10208,148,3071,10655,4676,1
Página11,20,,4889,10208,148,3070,10655,4677,1
Página11,20,,4891,10213,147,3072,10661,4677,1
Página11,20,,4889,10209,148,3069,10656,4671,1
Página11,20,,4889,10209,149,3072,10656,4671,1
Página11,20,,4889,10209,147,3072,10656,4671,1
Página11,20,,4889,10209,150,3072,10655,4673,1
Página11,20,,4890,10211,148,3070,10656,4675,1
Página11,20,,4890,10212,148,3069,10646,4677,1
Página11,20,,4889,10209,149,3072,10646,4675,1
Página11,20,,4888,10208,147,3072,10656,4669,1
Página11,20,,4888,10208,148,3073,10654,4669,1
Página11,20,,4888,10207,147,3075,10654,4669,1
Página11,20,,4888,10207,148,3076,10656,4671,1
Página11,20,,4887,10208,148,3075,10643,4675,1
Página11,20,,4887,10207,148,3079,10643,4674,1
Página11,20,,4886,10207,147,3079,10642,4675,1
Página11,20,,4886,10205,149,3077,10655,4670,1
Página11,20,,4887,10205,149,3077,10656,4671,1
Página11,20,,4887,10207,148,3075,10644,4674,1
Página11,20,,4886,10206,147,3081,10641,4674,1
Página11,20,,4886,10206,148,3082,10655,4668,1
Página11,20,,4885,10205,147,3080,10655,4668,1
Página11,20,,4886,10205,148,3082,10655,4668,1
Página11,20,,4885,10206,147,3080,10657,4672,1
Página11,20,,4885,10204,147,3076,10642,4673,1
Página11,20,,4885,10203,147,3077,10644,4673,1
Página11,20,,4884,10201,148,3078,10643,4673,1
Página11,20,,4877,10168,147,3077,10663,4674,1
Página11,20,,4880,10169,146,3078,10684,4674,1
Página11,20,,4879,10153,149,3079,10704,4672,1
Página11,20,,4878,10160,148,3080,10697,4673,1
Página11,20,,4878,10159,149,3063,10687,4672,1
Página11,20,,4880,10193,148,3058,10661,4671,1
Página11,20,,4877,10172,148,3057,10675,4668,1
Página11,20,,4879,10191,148,3066,10663,4668,1
Página11,20,,4879,10189,148,3070,10665,4668,1
Página11,20,,4875,10145,149,3074,10699,4669,1
Página11,20,,4875,10148,148,3073,10695,4669,1
Página11,20,,4876,10152,148,3074,10693,4669,1
Página11,20,,4876,10152,148,3076,10694,4669,1
Página11,20,,4873,10113,148,3078,10722,4669,1
Página11,20,,4875,10121,147,3079,10722,4670,1
Página11,20,,4875,10141,149,3068,10699,4669,1
Página11,20,,4878,10175,147,3075,10677,4669,1
Página11,20,,4878,10178,148,3079,10675,4669,1
Página11,20,,4878,10179,149,3081,10676,4669,1
Página11,20,,4881,10180,149,3083,10676,4669,1
Página11,20,,4879,10177,148,3081,10678,4669,1
Página11,20,,4876,10157,148,3080,10692,4669,1
Página11,20,,4875,10155,147,3081,10694,4670,1
Página11,20,,4874,10148,148,3084,10699,4670,1
Página11,20,,4876,10153,147,3082,10695,4670,1
Página11,20,,4877,10155,147,3081,10694,4669,1
Página11,20,,4875,10155,147,3085,10694,4669,1
Página11,20,,4875,10155,147,3084,10693,4669,1
Página11,20,,4875,10156,147,3083,10694,4669,1
Página11,20,,4875,10155,148,3082,10695,4669,1
Página11,20,,4876,10156,147,3081,10697,4670,1
Página11,20,,4876,10153,147,3083,10697,4670,1
Página11,20,,4875,10151,148,3084,10698,4669,1
Página11,20,,4875,10150,147,3083,10702,4669,1
Página11,20,,4874,10147,148,3085,10702,4670,1
Página11,20,,4875,10131,148,3087,10717,4672,1
Página11,20,,4872,10121,148,3085,10722,4665,1
Página11,20,,4871,10106,149,3087,10722,4665,1
Página11,20,,4872,10116,147,3087,10724,4664,1
Página11,20,,4872,10121,148,3088,10722,4665,1
Página11,20,,4874,10124,148,3088,10719,4670,1
Página11,20,,4875,10120,148,3083,10718,4670,1
Página11,20,,4873,10115,146,3085,10718,4670,1
Página11,20,,4874,10128,147,3086,10707,4671,1
Página11,20,,4873,10128,147,3089,10703,4671,1
Página11,20,,4873,10127,147,3088,10705,4671,1
Página11,20,,4874,10128,146,3088,10707,4671,1
Página11,20,,4873,10127,147,3087,10710,4670,1
Página11,20,,4873,10124,149,3085,10709,4670,1
Página11,20,,4872,10143,149,3088,10693,4671,1
Página11,20,,4875,10150,148,3088,10702,4666,1
Página11,20,,4876,10152,147,3088,10703,4668,1
Página11,20,,4875,10152,147,3086,10703,4670,1
Página11,20,,4870,10153,149,3089,10701,4670,1
Página11,20,,4869,10157,147,3088,10700,4670,1
Página11,20,,4869,10160,147,3090,10696,4670,1
Página11,20,,4875,10149,146,3084,10700,4672,1
Página11,20,,4877,10162,149,3085,10696,4671,1
Página11,20,,4874,10162,147,3078,10695,4664,1
Página11,20,,4871,10161,147,3069,10695,4663,1
Página11,20,,4870,10161,147,3053,10693,4666,1
Página11,20,,4870,10161,148,3070,10694,4666,1
Página11,20,,4870,10161,146,3075,10694,4666,1
Página11,20,,4869,10161,148,3079,10696,4666,1
Página11,20,,4872,10170,148,3080,10693,4667,1
Página11,20,,4870,10160,147,3081,10699,4666,1
Página11,20,,4870,10159,148,3082,10700,4667,1
Página11,20,,4869,10159,148,3085,10701,4667,1
Página11,20,,4870,10158,148,3084,10702,4667,1
Página11,20,,4869,10160,148,3083,10705,4668,1
Página11,20,,4872,10162,148,3087,10703,4661,1
Página11,20,,4870,10154,148,3083,10706,4661,1
Página11,20,,4869,10147,146,3088,10712,4661,1
Página11,20,,4868,10150,148,3088,10711,4661,1
Página11,20,,4868,10145,148,3089,10713,4667,1
Página11,20,,4869,10140,147,3091,10722,4664,1
Página11,20,,4869,10141,147,3092,10718,4665,1
Página11,20,,4868,10142,147,3092,10717,4668,1
Página11,20,,4868,10139,148,3081,10720,4667,1
Página11,20,,4869,10154,148,3093,10709,4668,1
Página11,20,,4870,10161,147,3092,10712,4668,1
Página11,20,,4870,10156,147,3093,10701,4667,1
Página11,20,,4869,10136,147,3093,10721,4667,1
Página11,20,,4873,10177,148,3095,10685,4667,1
Página11,20,,4870,10147,148,3093,10703,4667,1
Página11,20,,4871,10144,148,3096,10732,4662,1
Página11,20,,4872,10147,147,3092,10719,4667,1
Página11,20,,4862,10140,147,3094,10723,4668,1
Página11,20,,4864,10155,147,3096,10711,4667,1
Página11,20,,4863,10154,147,3095,10712,4667,1
Página11,20,,4869,10142,148,3095,10713,4667,1
Página11,20,,4870,10136,146,3092,10721,4668,1
Página11,20,,4862,10175,146,3094,10684,4668,1
Página11,20,,4865,10169,147,3097,10703,4667,1
Página11,20,,4871,10168,149,3097,10694,4667,1
Página11,20,,4872,10170,148,3099,10694,4667,1
Página11,20,,4870,10149,149,3099,10718,4668,1
Página11,20,,4871,10180,148,3094,10697,4667,1
Página11,20,,4871,10174,148,3097,10700,4667,1
Página11,20,,4869,10161,147,3098,10712,4667,1
Página11,20,,4871,10182,149,3099,10696,4667,1
Página11,20,,4870,10158,146,3101,10735,4666,1
Página11,20,,4872,10191,147,3097,10693,4666,1
Página11,20,,4871,10176,147,3101,10700,4666,1
Página11,20,,4870,10173,148,3099,10703,4666,1
Página11,20,,4865,10123,148,3102,10731,4666,1
Página11,20,,4867,10151,148,3100,10726,4666,1
Página11,20,,4867,10149,148,3100,10710,4666,1
Página11,20,,4869,10170,148,3102,10705,4666,1
Página11,20,,4869,10173,148,3100,10700,4666,1
Página11,20,,4867,10150,147,3102,10716,4665,1
Página11,20,,4866,10169,148,3102,10700,4665,1
Página11,20,,4944,10294,149,3108,10885,4737,1
Página11,20,,4964,10341,151,3109,10872,4755,1
Página11,20,,4982,10353,152,3104,10886,4777,1
Página11,20,,4996,10360,152,3106,10921,4792,1
Página11,20,,5001,10355,152,3118,10926,4801,1
Página11,20,,5011,10392,152,3117,10908,4809,1
Página11,20,,5017,10396,152,3113,10911,4817,1
Página11,20,,5023,10400,152,3119,10916,4823,1
Página11,20,,5030,10407,154,3126,10922,4831,1
Página11,20,,5034,10410,153,3119,10925,4838,1
Página11,20,,5039,10412,153,3119,10928,4843,1
Página11,20,,5044,10414,153,3123,10931,4851,1
Página11,20,,5048,10416,153,3118,10934,4855,1
Página11,20,,5054,10422,152,3115,10940,4862,1
Página11,20,,5056,10408,153,3114,10949,4867,1
Página11,20,,5059,10410,153,3114,10951,4871,1
Página11,20,,5063,10412,154,3115,10953,4876,1
Página11,20,,5065,10414,153,3117,10955,4881,1
Página11,20,,5069,10420,154,3117,10959,4885,1
Página11,20,,5073,10422,152,3116,10963,4889,1
Página11,20,,5074,10420,153,3120,10959,4893,1
Página11,20,,5076,10420,152,3119,10961,4897,1
Página11,20,,5079,10422,153,3120,10962,4900,1
Página11,20,,5081,10422,153,3120,10964,4903,1
Página11,20,,5083,10424,154,3120,10966,4906,1
Página11,20,,5084,10425,152,3124,10967,4909,1
Página11,20,,5087,10424,152,3117,10967,4913,1
Página11,20,,5089,10426,153,3118,10967,4915,1
Página11,20,,5089,10426,154,3120,10968,4917,1
Página11,20,,5091,10427,153,3122,10971,4920,1
Página11,20,,5091,10426,154,3121,10971,4922,1
Página11,20,,5092,10424,153,3122,10973,4924,1
Página11,20,,5035,9831,154,3124,11404,4926,1
Página11,20,,5086,10354,154,3124,11022,4928,1
Página11,20,,5092,10395,152,3124,10994,4930,1
Página11,20,,5095,10406,153,3121,10986,4931,1
Página11,20,,5096,10420,153,3120,10977,4932,1
Página11,20,,5097,10428,153,3124,10973,4934,1
Página11,20,,5099,10431,152,3125,10968,4935,1
Página11,20,,5099,10433,154,3127,10968,4938,1
Página11,20,,5099,10433,155,3123,10969,4938,1
Página11,20,,5099,10439,153,3125,10967,4939,1
Página11,20,,5099,10434,153,3125,10967,4934,1
Página11,20,,5100,10434,154,3125,10966,4935,1
Página11,20,,5101,10435,154,3115,10967,4943,1
Página11,20,,5100,10433,153,3120,10966,4943,1
Página11,20,,5100,10432,153,3123,10965,4944,1
Página11,20,,5100,10431,154,3123,10967,4945,1
Página11,20,,5099,10420,154,3125,10975,4945,1
Página11,20,,5093,10379,155,3125,11018,4949,1
Página11,20,,5095,10404,154,3123,10995,4948,1
Página11,20,,5097,10399,153,3127,10990,4948,1
Página11,20,,5096,10380,154,3128,10991,4949,1
Página11,20,,5096,10397,154,3131,10989,4949,1
Página11,20,,5088,10366,155,3129,10999,4944,1
Página11,20,,5082,10375,155,3108,10995,4945,1
Página11,20,,5075,10333,153,3106,10986,4936,1
Página11,20,,5075,10384,154,3116,10975,4937,1
Página11,20,,5080,10380,154,3119,10963,4935,1
Página11,20,,5078,10379,155,3121,10956,4934,1
Página11,20,,5077,10377,153,3124,10957,4933,1
Página11,20,,5078,10399,154,3129,10941,4933,1
Página11,20,,5078,10398,154,3131,10942,4933,1
Página11,20,,5075,10384,155,3128,10951,4926,1
Página11,20,,5075,10384,155,3132,10950,4927,1
Página11,20,,5079,10393,154,3135,10960,4931,1
Página11,20,,5075,10385,155,3137,10955,4933,1
Página11,20,,5074,10358,154,3137,11002,4933,1
Página11,20,,5075,10380,155,3138,10962,4934,1
Página11,20,,5070,10342,154,3138,10976,4932,1
Página11,20,,5072,10387,154,3140,10942,4930,1
Página11,20,,5070,10385,154,3136,10943,4930,1
Página11,20,,5071,10390,153,3133,10939,4930,1
Página11,20,,5069,10375,154,3140,10952,4930,1
Página11,20,,5069,10385,154,3140,10942,4923,1
Página11,20,,5068,10382,154,3142,10943,4928,1
Página11,20,,5063,10340,154,3139,10968,4928,1
Página11,20,,5065,10373,154,3141,10946,4928,1
Página11,20,,5064,10364,154,3142,10955,4928,1
Página11,20,,5060,10340,154,3139,10954,4925,1
Página11,20,,5059,10333,154,3142,10960,4925,1
Página11,20,,5055,10314,153,3144,10969,4924,1
Página11,20,,5053,10286,155,3144,11026,4928,1
Página11,20,,5046,10255,153,3144,11017,4924,1
Página11,20,,5052,10271,154,3142,11000,4923,1
Página11,20,,5051,10303,154,3146,10968,4921,1
Página11,20,,5051,10305,154,3146,10972,4920,1
Página11,20,,5045,10265,153,3146,11003,4914,1
Página11,20,,5048,10295,154,3147,10987,4914,1
Página11,20,,5044,10233,153,3147,11030,4918,1
Página11,20,,5044,10264,154,3144,10969,4918,1
Página11,20,,5049,10321,153,3142,10966,4917,1
Página11,20,,5053,10385,153,3145,10901,4916,1
Página11,20,,5042,10299,154,3147,10958,4915,1
Página11,20,,5047,10352,153,3144,10935,4911,1
Página11,20,,5043,10355,154,3144,10933,4914,1
Página11,20,,5047,10368,154,3145,10922,4913,1
Página11,20,,5044,10340,153,3146,10941,4913,1
Página11,20,,5032,10364,153,3148,10921,4911,1
Página11,20,,5037,10363,153,3148,10930,4911,1
Página11,20,,5039,10355,154,3143,10916,4911,1
Página11,20,,5037,10363,152,3146,10926,4908,1
Página11,20,,5042,10371,153,3148,10908,4909,1
Página11,20,,5034,10357,154,3148,10915,4909,1
Página11,20,,5034,10364,154,3150,10913,4908,1
Página11,20,,5040,10336,152,3145,10940,4909,1
Página11,20,,5039,10365,154,3144,10916,4908,1
Página11,20,,5036,10334,155,3148,10937,4907,1
Página11,20,,5036,10342,153,3146,10930,4906,1
Página11,20,,5035,10339,153,3145,10935,4907,1
Página11,20,,5033,10340,154,3139,10934,4906,1
Página11,20,,5024,10303,153,3125,10960,4902,1
Página11,20,,5026,10320,153,3121,10944,4900,1
Página11,20,,5025,10308,153,3127,10949,4902,1
Página11,20,,5026,10310,153,3131,10928,4901,1
Página11,20,,5028,10344,154,3135,10922,4900,1
Página11,20,,5028,10353,154,3137,10918,4900,1
Página11,20,,5031,10358,153,3138,10925,4903,1
Página11,20,,5032,10368,153,3135,10915,4906,1
Página11,20,,5026,10353,154,3135,10912,4900,1
Página11,20,,5024,10350,153,3138,10913,4899,1
Página11,20,,5023,10347,152,3141,10941,4899,1
Página11,20,,5020,10323,155,3141,10930,4898,1
Página11,20,,5019,10312,153,3142,10941,4899,1
Página11,20,,5024,10361,153,3141,10908,4898,1
Página11,20,,5023,10360,153,3144,10906,4898,1
Página11,20,,5021,10357,152,3143,10902,4896,1
Página11,20,,5020,10351,154,3140,10906,4896,1
Página11,20,,5019,10354,153,3145,10903,4895,1
Página11,20,,5018,10349,153,3144,10909,4896,1
Página11,20,,5015,10312,154,3145,10919,4894,1
Página11,20,,5016,10325,153,3145,10927,4895,1
Página11,20,,5017,10336,153,3146,10923,4896,1
Página11,20,,5015,10325,153,3147,10970,4898,1
Página11,20,,5020,10354,153,3146,10925,4901,1
Página11,20,,5022,10353,153,3139,10932,4900,1
Página11,20,,5019,10305,153,3142,10955,4901,1
Página11,20,,5018,10318,153,3142,10950,4902,1
Página11,20,,5015,10310,152,3143,10964,4902,1
Página11,20,,5017,10285,152,3144,10968,4904,1
Página11,20,,5019,10304,152,3140,10972,4905,1
Página11,20,,5026,10373,153,3142,10921,4904,1
Página11,20,,5026,10375,154,3143,10921,4905,1
Página11,20,,5026,10360,153,3144,10915,4904,1
Página11,20,,5028,10390,153,3143,10913,4905,1
Página11,20,,5029,10401,153,3143,10907,4907,1
Página11,20,,5029,10404,153,3142,10905,4907,1
Página11,20,,5028,10389,153,3131,10914,4907,1
Página11,20,,5021,10334,153,3136,10949,4906,1
Página11,20,,5025,10377,154,3137,10925,4906,1
Página11,20,,5026,10363,152,3137,10912,4907,1
Página11,20,,5027,10395,152,3135,10912,4907,1
Página11,20,,5024,10318,153,3137,10985,4908,1
Página11,20,,5025,10353,153,3136,10986,4908,1
Página11,20,,5025,10373,153,3138,10932,4907,1
Página11,20,,5027,10400,152,3138,10912,4910,1
Página11,20,,5027,10402,153,3135,10910,4908,1
Página11,20,,5022,10395,151,3138,10912,4904,1
Página11,20,,5026,10397,153,3137,10911,4908,1
Página11,20,,5026,10398,152,3137,10910,4908,1
Página11,20,,5025,10400,154,3136,10909,4908,1
Página11,20,,5025,10401,151,3134,10912,4909,1
Página11,20,,5018,10404,153,3137,10911,4908,1
Página11,20,,5031,10400,153,3139,10906,4909,1
Página11,20,,5033,10418,153,3138,10892,4908,1
Página11,20,,5031,10418,152,3124,10890,4909,1
Página11,20,,5029,10415,152,3109,10888,4906,1
Página11,20,,5023,10401,153,3109,10897,4904,1
Página11,20,,5026,10402,152,3117,10901,4905,1
Página11,20,,5028,10406,153,3119,10902,4904,1
Página11,20,,5025,10404,154,3122,10898,4905,1
Página11,20,,5026,10404,152,3125,10899,4904,1
Página11,20,,5025,10403,153,3127,10899,4905,1
Página11,20,,5025,10402,152,3128,10899,4905,1
Página11,20,,5025,10398,152,3128,10917,4904,1
Página11,20,,5024,10402,152,3127,10901,4904,1
Página11,20,,5025,10404,152,3129,10899,4904,1
Página11,20,,5025,10405,152,3128,10899,4905,1
Página11,20,,5025,10409,153,3129,10897,4904,1
Página11,20,,5025,10414,151,3125,10893,4905,1
Página11,20,,5025,10413,151,3131,10899,4906,1
Página11,20,,5024,10403,153,3130,10902,4905,1
Página11,20,,5023,10403,153,3132,10901,4905,1
Página11,20,,5023,10402,152,3130,10903,4904,1
Página11,20,,5022,10397,152,3131,10898,4904,1
Página11,20,,5016,10403,153,3132,10902,4906,1
Página11,20,,5017,10401,152,3128,10905,4905,1
Página11,20,,5023,10404,152,3129,10904,4905,1
Página11,20,,5016,10401,152,3129,10909,4904,1
Página11,20,,5014,10387,151,3130,10916,4905,1
Página11,20,,5012,10382,152,3131,10920,4905,1
Página11,20,,5018,10395,150,3132,10912,4905,1
Página11,20,,5021,10400,151,3132,10909,4905,1
Página11,20,,5019,10390,152,3135,10915,4904,1
Página11,20,,5012,10388,153,3134,10915,4904,1
Página11,20,,5019,10381,154,3132,10913,4904,1
Página11,20,,5024,10388,153,3132,10925,4906,1
Página11,20,,5013,10350,153,3129,10951,4903,1
Página11,20,,5016,10379,153,3130,10922,4904,1
Página11,20,,5015,10379,153,3132,10923,4904,1
Página11,20,,5005,10282,151,3132,10986,4903,1
Página11,20,,5012,10350,153,3134,10946,4904,1
Página11,20,,5007,10291,151,3130,10970,4903,1
Página11,20,,5002,10252,153,3133,11001,4904,1
Página11,20,,5011,10338,153,3133,10952,4903,1
Página11,20,,5011,10345,153,3134,10948,4903,1
Página11,20,,5010,10346,154,3133,10947,4904,1
Página11,20,,5012,10354,155,3134,10929,4904,1
Página11,20,,5009,10337,153,3130,10953,4903,1
Página11,20,,5008,10332,152,3134,10959,4903,1
Página11,20,,5005,10305,152,3132,10960,4903,1
Página11,20,,5011,10371,153,3132,10927,4902,1
Página11,20,,5008,10388,152,3132,10923,4904,1
Página11,20,,5012,10389,153,3131,10918,4903,1
Página11,20,,5012,10388,154,3131,10917,4902,1
Página11,20,,5012,10388,154,3133,10918,4902,1
Página11,20,,5011,10388,152,3136,10918,4901,1
Página11,20,,5010,10385,154,3136,10919,4903,1
Página11,20,,5011,10383,154,3137,10922,4902,1
Página11,20,,5010,10382,154,3123,10907,4900,1
Página11,20,,5007,10383,154,3096,10918,4898,1
Página11,20,,5005,10378,154,3107,10920,4897,1
Página11,20,,5005,10377,153,3115,10921,4897,1
Página11,20,,5004,10376,152,3121,10922,4896,1
Página11,20,,5001,10371,153,3125,10929,4897,1
Página11,20,,4957,10363,152,3126,10938,4898,1
Página11,20,,5003,10392,153,3127,10917,4898,1
Página11,20,,5004,10392,153,3129,10915,4897,1
Página11,20,,5004,10392,153,3130,10915,4897,1
Página11,20,,5002,10392,154,3130,10916,4898,1
Página11,20,,5002,10393,153,3131,10915,4897,1
Página11,20,,5006,10397,153,3134,10921,4899,1
Página11,20,,4994,10395,152,3132,10924,4899,1
Página11,20,,5001,10388,154,3134,10921,4897,1
Página11,20,,5001,10379,152,3133,10925,4897,1
Página11,20,,5002,10383,153,3137,10922,4897,1
Página11,20,,5005,10383,153,3133,10923,4897,1
Página11,20,,5003,10385,153,3134,10923,4898,1
Página11,20,,5001,10322,153,3135,10979,4897,1
Página11,20,,5004,10388,154,3136,10917,4897,1
Página11,20,,5003,10391,153,3136,10917,4897,1
Página11,20,,5003,10392,152,3137,10916,4897,1
Página11,20,,5004,10393,152,3137,10916,4898,1
Página11,20,,5004,10393,152,3136,10917,4897,1
Página11,20,,5003,10394,154,3136,10916,4897,1
Página11,20,,5002,10393,153,3136,10918,4897,1
Página11,20,,5003,10393,154,3135,10918,4896,1
Página11,20,,5003,10396,154,3136,10917,4897,1
Página11,20,,5003,10394,153,3133,10920,4897,1
Página11,20,,5002,10392,153,3136,10919,4897,1
Página11,20,,5005,10389,153,3133,10919,4896,1
Página11,20,,5004,10389,154,3135,10919,4897,1
Página11,20,,5004,10387,153,3136,10920,4896,1
Página11,20,,5003,10381,153,3134,10926,4897,1
Página11,20,,5004,10390,153,3132,10919,4896,1
Página11,20,,5003,10389,153,3135,10917,4896,1
Página11,20,,5003,10389,152,3132,10918,4896,1
Página11,20,,5003,10386,154,3138,10920,4896,1
Página11,20,,5004,10392,154,3137,10919,4897,1
Página11,20,,4999,10358,153,3134,10939,4896,1
Página11,20,,5003,10389,154,3137,10918,4895,1
Página11,20,,5003,10384,153,3137,10923,4896,1
Página11,20,,5006,10420,153,3134,10918,4895,1
Página11,20,,5007,10430,153,3137,10888,4896,1
Página11,20,,5006,10419,155,3139,10901,4896,1
Página11,20,,5006,10424,154,3137,10894,4895,1
Página11,20,,5000,10361,153,3140,10938,4895,1
Página11,20,,5000,10359,153,3139,10939,4895,1
Página11,20,,4999,10359,153,3141,10939,4895,1
Página11,20,,5001,10361,153,3139,10944,4895,1
Página11,20,,4998,10360,153,3131,10938,4889,1
Página11,20,,4997,10359,153,3134,10939,4888,1
Página11,20,,4997,10361,153,3132,10939,4888,1
Página11,20,,4996,10360,152,3136,10938,4892,1
Página11,20,,4995,10371,154,3126,10928,4892,1
Página11,20,,4996,10372,154,3114,10924,4890,1
Página11,20,,4996,10372,155,3111,10930,4890,1
Página11,20,,4994,10372,154,3119,10924,4888,1
Página11,20,,4994,10363,154,3118,10926,4889,1
Página11,20,,4993,10375,155,3125,10924,4889,1
Página11,20,,4987,10377,154,3127,10924,4889,1
Página11,20,,4987,10379,153,3128,10924,4889,1
Página11,20,,4988,10380,154,3129,10926,4890,1
Página11,20,,4991,10379,153,3133,10924,4889,1
Página11,20,,4988,10380,153,3133,10925,4889,1
Página11,20,,4986,10381,154,3136,10926,4889,1
Página11,20,,4989,10375,155,3136,10927,4890,1
Página11,20,,4991,10369,154,3135,10930,4887,1
Página11,20,,4991,10384,154,3132,10929,4890,1
Página11,20,,4988,10382,154,3135,10928,4890,1
Página11,20,,4995,10446,155,3135,10884,4890,1
Página11,20,,4995,10445,155,3137,10885,4890,1
Página11,20,,4996,10446,154,3138,10885,4890,1
Página11,20,,4994,10449,153,3135,10887,4891,1
Página11,20,,4994,10447,153,3139,10884,4890,1
Página11,20,,4994,10449,155,3138,10886,4890,1
Página11,20,,4994,10443,155,3139,10888,4890,1
Página11,20,,4994,10443,154,3139,10888,4890,1
Página11,20,,4995,10445,155,3140,10891,4891,1
Página11,20,,4993,10442,155,3140,10892,4890,1
Página11,20,,4993,10440,155,3138,10891,4890,1
Página11,20,,4993,10443,156,3139,10891,4890,1
Página11,20,,4992,10441,154,3137,10892,4890,1
Página11,20,,4995,10447,154,3140,10897,4893,1
Página11,20,,4992,10441,154,3137,10893,4891,1
Página11,20,,4992,10439,155,3140,10895,4891,1
Página11,20,,4992,10438,154,3139,10896,4891,1
Página11,20,,4991,10436,154,3141,10898,4891,1
Página11,20,,4991,10432,154,3142,10899,4892,1
Página11,20,,4992,10432,155,3141,10902,4891,1
Página11,20,,4991,10429,153,3143,10903,4891,1
Página11,20,,4988,10397,154,3142,10905,4891,1
Página11,20,,4990,10425,154,3141,10906,4890,1
Página11,20,,4990,10423,155,3141,10908,4890,1
Página11,20,,4986,10386,154,3140,10953,4891,1
Página11,20,,4984,10416,155,3141,10911,4890,1
Página11,20,,4982,10354,154,3143,10957,4891,1
Página11,20,,4990,10440,155,3142,10897,4890,1
Página11,20,,4991,10424,154,3142,10899,4890,1
Página11,20,,4989,10429,154,3143,10910,4892,1
Página11,20,,4990,10444,155,3141,10895,4891,1
Página11,20,,4990,10445,154,3139,10895,4890,1
Página11,20,,4990,10444,154,3141,10895,4889,1
Página11,20,,4990,10444,155,3142,10895,4890,1
Página11,20,,4990,10443,154,3138,10896,4891,1
Página11,20,,4991,10446,155,3141,10897,4890,1
Página11,20,,4989,10445,154,3146,10895,4890,1
Página11,20,,4990,10448,155,3147,10893,4890,1
Página11,20,,4989,10449,154,3146,10894,4890,1
Página11,20,,4989,10452,155,3132,10893,4889,1
Página11,20,,4984,10448,156,3119,10891,4887,1
Página11,20,,4985,10440,155,3117,10889,4885,1
Página11,20,,4984,10449,154,3126,10879,4887,1
Página11,20,,4979,10392,154,3127,10929,4885,1
Página11,20,,4985,10447,154,3131,10892,4885,1
Página11,20,,4985,10448,154,3130,10892,4885,1
Página11,20,,4984,10449,155,3139,10892,4885,1
Página11,20,,4987,10448,154,3142,10892,4886,1
Página11,20,,4988,10455,155,3141,10890,4885,1
Página11,20,,4986,10452,156,3150,10891,4885,1
Página11,20,,4986,10453,155,3154,10891,4886,1
Página11,20,,4987,10453,155,3154,10892,4885,1
Página11,20,,4987,10453,155,3155,10892,4885,1
Página11,20,,4986,10454,156,3156,10895,4886,1
Página11,20,,4986,10452,156,3155,10894,4885,1
Página11,20,,4986,10452,155,3151,10895,4886,1
Página11,20,,4985,10450,155,3156,10914,4886,1
Página11,20,,4985,10442,154,3156,10904,4886,1
Página11,20,,4987,10448,153,3156,10914,4889,1
Página11,20,,4985,10437,156,3157,10909,4887,1
Página11,20,,4985,10438,154,3156,10910,4887,1
Página11,20,,4984,10438,155,3162,10911,4886,1
Página11,20,,4982,10439,156,3158,10913,4887,1
Página11,20,,4985,10440,156,3163,10913,4887,1
Página11,20,,4983,10420,155,3160,10929,4887,1
Página11,20,,4982,10407,155,3163,10935,4888,1
Página11,20,,4983,10417,156,3164,10928,4887,1
Página11,20,,4984,10424,156,3163,10925,4887,1
Página11,20,,4984,10422,155,3167,10925,4887,1
Página11,20,,4985,10423,154,3160,10928,4888,1
Página11,20,,4986,10428,155,3163,10922,4887,1
Página11,20,,4986,10432,155,3161,10919,4887,1
Página11,20,,4985,10434,155,3153,10922,4887,1
Página11,20,,4985,10434,155,3148,10920,4888,1
Página11,20,,4988,10411,155,3146,10941,4890,1
Página11,20,,4983,10422,155,3146,10931,4882,1
Página11,20,,4983,10424,155,3149,10930,4885,1
Página11,20,,4983,10424,154,3148,10931,4887,1
Página11,20,,4977,10405,154,3148,10945,4888,1
Página11,20,,4985,10424,154,3147,10932,4888,1
Página11,20,,4986,10425,157,3144,10918,4888,1
Página11,20,,4982,10425,154,3148,10920,4888,1
Página11,20,,4982,10428,154,3148,10920,4888,1
Página11,20,,4980,10428,156,3148,10936,4882,1
Página11,20,,4978,10412,155,3149,10948,4882,1
Página11,20,,4980,10416,154,3146,10947,4890,1
Página11,20,,4979,10426,155,3149,10938,4886,1
Página11,20,,4979,10428,154,3147,10938,4883,1
Página11,20,,4980,10429,154,3147,10939,4885,1
Página11,20,,4979,10429,155,3148,10939,4889,1
Página11,20,,4981,10434,154,3147,10944,4892,1
Página11,20,,4975,10429,154,3149,10940,4890,1
Página11,20,,4976,10430,155,3149,10940,4890,1
Página11,20,,4980,10429,154,3135,10941,4890,1
Página11,20,,4979,10427,154,3123,10943,4888,1
Página11,20,,4979,10398,154,3120,10965,4887,1
Página11,20,,4979,10408,154,3130,10954,4888,1
Página11,20,,4980,10410,155,3135,10955,4888,1
Página11,20,,4979,10392,155,3138,10972,4889,1
Página11,20,,4985,10448,154,3141,10931,4889,1
Página11,20,,4986,10456,153,3142,10929,4890,1
Página11,20,,4986,10457,153,3143,10928,4890,1
Página11,20,,4981,10460,154,3141,10928,4891,1
Página11,20,,4981,10464,155,3135,10927,4891,1
Página11,20,,4979,10463,154,3138,10928,4891,1
Página11,20,,4980,10464,154,3141,10929,4891,1
Página11,20,,4980,10468,156,3140,10929,4892,1
Página11,20,,4979,10465,154,3141,10929,4892,1
Página11,20,,4987,10454,157,3142,10931,4893,1
Página11,20,,4986,10467,156,3141,10930,4893,1
Página11,20,,4987,10467,154,3140,10931,4894,1
Página11,20,,4987,10468,154,3145,10931,4894,1
Página11,20,,4984,10469,153,3142,10931,4894,1
Página11,20,,4982,10469,155,3130,10933,4894,1
Página11,20,,4987,10470,154,3142,10932,4895,1
Página11,20,,4986,10472,155,3145,10934,4895,1
Página11,20,,4986,10471,154,3142,10935,4895,1
Página11,20,,4989,10472,154,3147,10934,4895,1
Página11,20,,4987,10472,153,3145,10935,4895,1
Página11,20,,4987,10474,155,3145,10937,4897,1
Página11,20,,4987,10473,156,3146,10936,4897,1
Página11,20,,4987,10473,155,3145,10936,4897,1
Página11,20,,4987,10474,153,3148,10936,4896,1
Página11,20,,4988,10474,155,3147,10938,4897,1
Página11,20,,4989,10474,154,3149,10938,4897,1
Página11,20,,4988,10474,155,3144,10939,4898,1
Página11,20,,4987,10475,154,3148,10941,4897,1
Página11,20,,4988,10474,154,3148,10941,4898,1
Página11,20,,4987,10471,155,3148,10943,4898,1
Página11,20,,4985,10455,153,3149,10955,4898,1
Página11,20,,4987,10458,155,3147,10957,4899,1
Página11,20,,4987,10453,155,3150,10954,4899,1
Página11,20,,4987,10467,155,3151,10949,4899,1
Página11,20,,4986,10468,155,3151,10949,4899,1
Página11,20,,4986,10466,155,3151,10950,4898,1
Página11,20,,4986,10452,155,3149,10963,4899,1
Página11,20,,4980,10431,153,3149,10967,4900,1
Página11,20,,4988,10474,154,3152,10951,4899,1
Página11,20,,4988,10471,154,3151,10950,4900,1
Página11,20,,4989,10474,155,3150,10949,4899,1
Página11,20,,4989,10476,155,3150,10948,4901,1
Página11,20,,4989,10480,155,3142,10948,4900,1
Página11,20,,4989,10481,155,3147,10946,4900,1
Página11,20,,4989,10481,155,3149,10947,4901,1
Página11,20,,4989,10477,155,3148,10950,4900,1
Página11,20,,4987,10470,153,3148,10956,4901,1
Página11,20,,4987,10473,155,3153,10957,4902,1
Página11,20,,4987,10479,156,3150,10953,4902,1
Página11,20,,4987,10485,154,3138,10947,4901,1
Página11,20,,4987,10488,154,3125,10943,4900,1
Página11,20,,4985,10475,156,3122,10944,4898,1
Página11,20,,4985,10484,154,3129,10941,4898,1
Página11,20,,4985,10489,155,3135,10931,4898,1
Página11,20,,4987,10489,156,3138,10933,4900,1
Página11,20,,4988,10487,155,3140,10948,4900,1
Página11,20,,4986,10484,155,3142,10944,4899,1
Página11,20,,4986,10490,155,3147,10933,4899,1
Página11,20,,4987,10491,156,3145,10943,4896,1
Página11,20,,4986,10490,153,3141,10946,4892,1
Página11,20,,4989,10491,154,3145,10944,4899,1
Página11,20,,4987,10490,154,3143,10946,4899,1
Página11,20,,4987,10491,155,3146,10947,4899,1
Página11,20,,4980,10491,155,3144,10947,4899,1
Página11,20,,4981,10491,155,3148,10948,4899,1
Página11,20,,4979,10495,154,3148,10951,4900,1
Página11,20,,4980,10491,154,3142,10952,4901,1
Página11,20,,4980,10489,156,3144,10951,4899,1
Página11,20,,4983,10476,154,3147,10958,4900,1
Página11,20,,4981,10478,153,3148,10957,4899,1
Página11,20,,4985,10468,155,3150,10957,4899,1
Página11,20,,4986,10468,155,3151,10960,4900,1
Página11,20,,4981,10479,156,3150,10959,4900,1
Página11,20,,4979,10477,154,3151,10962,4900,1
Página11,20,,4978,10468,156,3150,10968,4900,1
Página11,20,,4983,10441,155,3152,10978,4900,1
Página11,20,,4984,10453,155,3152,10975,4900,1
Página11,20,,4984,10476,154,3148,10965,4900,1
Página11,20,,4983,10482,155,3151,10962,4899,1
Página11,20,,4980,10484,156,3151,10963,4899,1
Página11,20,,4982,10484,155,3151,10961,4900,1
Página11,20,,4983,10485,155,3151,10965,4900,1
Página11,20,,5011,10472,156,3152,10952,4902,1
Página11,20,,5010,10472,155,3151,10950,4899,1
Página11,20,,5014,10469,156,3152,10949,4899,1
Página11,20,,5009,10470,156,3154,10950,4900,1
Página11,20,,5011,10473,155,3153,10951,4899,1
Página11,20,,5012,10471,156,3152,10952,4900,1
Página11,20,,5011,10471,157,3151,10953,4900,1
Página11,20,,5012,10469,156,3151,10954,4900,1
Página11,20,,5011,10468,156,3151,10953,4899,1
Página11,20,,5010,10467,155,3152,10953,4899,1
Página11,20,,5017,10463,155,3154,10957,4901,1
Página11,20,,4975,10278,155,3149,11059,4899,1
Página11,20,,5011,10386,156,3156,11005,4899,1
Página11,20,,5011,10398,156,3135,10999,4899,1
Página11,20,,5010,10402,156,3155,10996,4887,1
Página11,20,,5012,10429,155,3155,10984,4898,1
Página11,20,,5011,10435,157,3155,10985,4900,1
Página11,20,,5009,10424,156,3156,10989,4898,1
Página11,20,,5008,10404,156,3157,10998,4898,1
Página11,20,,5012,10431,157,3157,10981,4898,1
Página11,20,,5008,10433,155,3160,10981,4898,1
Página11,20,,5007,10429,157,3129,10979,4895,1
Página11,20,,5007,10416,157,3128,10986,4887,1
Página11,20,,5006,10418,157,3137,10992,4889,1
Página11,20,,5000,10416,156,3139,10995,4894,1
Página11,20,,5001,10410,156,3142,10998,4893,1
Página11,20,,5001,10437,156,3143,10980,4893,1
Página11,20,,4997,10440,157,3143,10978,4894,1
Página11,20,,4996,10442,156,3146,10978,4893,1
Página11,20,,4997,10444,156,3144,10981,4895,1
Página11,20,,4997,10443,155,3149,10979,4894,1
Página11,20,,4996,10444,155,3149,10981,4894,1
Página11,20,,5000,10443,156,3150,10980,4894,1
Página11,20,,5005,10432,156,3150,10979,4894,1
Página11,20,,5000,10440,156,3149,10986,4894,1
Página11,20,,5002,10446,156,3143,10981,4895,1
Página11,20,,5003,10447,156,3149,10981,4895,1
Página11,20,,5002,10446,156,3150,10981,4894,1
Página11,20,,5004,10445,157,3151,10981,4895,1
Página11,20,,5002,10448,156,3152,10983,4894,1
Página11,20,,5003,10448,156,3155,10957,4894,1
Página11,20,,5003,10447,156,3155,10984,4895,1
Página11,20,,5004,10447,157,3155,10985,4895,1
Página11,20,,5001,10447,157,3144,10985,4894,1
Página11,20,,5003,10449,156,3149,10990,4895,1
Página11,20,,5005,10450,157,3149,10992,4894,1
Página11,20,,5002,10444,156,3153,10988,4895,1
Página11,20,,5002,10442,155,3151,10991,4895,1
Página11,20,,4999,10424,156,3150,11010,4895,1
Página11,20,,5002,10441,156,3151,10994,4894,1
Página11,20,,5002,10448,156,3153,10991,4896,1
Página11,20,,5002,10448,156,3152,10989,4895,1
Página11,20,,5004,10455,156,3153,10985,4895,1
Página11,20,,5003,10459,157,3156,10987,4894,1
Página11,20,,5003,10463,156,3155,10982,4895,1
Página11,20,,4995,10463,156,3155,10989,4897,1
Página11,20,,4999,10457,157,3150,10989,4895,1
Página11,20,,4999,10454,156,3150,10992,4895,1
Página11,20,,4992,10453,156,3154,11003,4896,1
Página11,20,,4985,10457,157,3154,11000,4895,1
Página11,20,,4990,10449,155,3152,11002,4895,1
Página11,20,,5005,10466,156,3151,10990,4898,1
Página11,20,,5012,10459,158,3153,10982,4895,1
Página11,20,,5012,10460,156,3156,10981,4896,1
Página11,20,,5014,10460,156,3154,10980,4895,1
Página11,20,,5013,10461,157,3153,10981,4895,1
Página11,20,,5015,10464,156,3154,10980,4896,1
Página11,20,,5013,10458,157,3154,10984,4896,1
Página11,20,,5010,10430,156,3154,11003,4895,1
Página11,20,,5014,10452,155,3155,10991,4895,1
Página11,20,,5015,10473,155,3155,10974,4895,1
Página11,20,,5014,10464,156,3154,10980,4895,1
Página11,20,,5015,10432,156,3159,10996,4895,1
Página11,20,,5016,10473,156,3163,10976,4895,1
Página11,20,,5016,10482,156,3164,10970,4895,1
Página11,20,,5017,10484,157,3164,10969,4895,1
Página11,20,,5017,10489,156,3144,10968,4896,1
Página11,20,,5013,10482,156,3128,10967,4892,1
Página11,20,,5006,10484,158,3126,10966,4891,1
Página11,20,,5012,10480,157,3134,10968,4892,1
Página11,20,,5013,10482,157,3137,10970,4892,1
Página11,20,,5013,10473,156,3141,10978,4892,1
Página11,20,,5013,10492,155,3144,10964,4892,1
Página11,20,,5013,10492,156,3143,10964,4892,1
Página11,20,,5008,10493,156,3143,10967,4894,1
Página11,20,,5015,10489,156,3142,10969,4892,1
Página11,20,,5016,10502,157,3142,10959,4893,1
Página11,20,,5013,10506,158,3144,10959,4892,1
Página11,20,,5012,10509,157,3145,10960,4892,1
Página11,20,,5013,10510,155,3147,10959,4893,1
Página11,20,,5014,10513,157,3150,10960,4895,1
Página11,20,,5013,10513,156,3150,10959,4893,1
Página11,20,,5013,10514,156,3151,10959,4893,1
Página11,20,,5011,10517,156,3150,10960,4893,1
Página11,20,,5012,10517,156,3148,10959,4893,1
Página11,20,,5016,10516,156,3150,10964,4895,1
Página11,20,,5013,10518,156,3147,10963,4894,1
Página11,20,,5015,10514,157,3153,10959,4893,1
Página11,20,,5016,10514,156,3150,10959,4894,1
Página11,20,,5016,10514,155,3151,10959,4893,1
Página11,20,,5019,10519,155,3151,10961,4894,1
Página11,20,,5019,10521,155,3153,10965,4896,1
Página11,20,,5017,10516,156,3154,10960,4894,1
Página11,20,,5017,10517,155,3154,10960,4894,1
Página11,20,,5017,10516,157,3154,10960,4894,1
Página11,20,,5016,10517,156,3154,10959,4893,1
Página11,20,,5016,10519,156,3157,10960,4894,1
Página11,20,,5016,10518,156,3155,10958,4893,1
Página11,20,,5016,10519,157,3155,10959,4893,1
Página11,20,,5016,10519,156,3151,10959,4894,1
Página11,20,,5016,10519,157,3154,10959,4894,1
Página11,20,,5019,10524,155,3157,10965,4895,1
Página11,20,,5016,10520,158,3154,10960,4888,1
Página11,20,,5016,10520,157,3146,10960,4887,1
Página11,20,,5016,10520,157,3153,10959,4892,1
Página11,20,,5017,10521,157,3155,10960,4893,1
Página11,20,,5016,10522,156,3152,10961,4895,1
Página11,20,,5017,10522,156,3153,10961,4890,1
Página11,20,,5016,10521,156,3154,10959,4888,1
Página11,20,,5016,10521,155,3153,10960,4893,1
Página11,20,,5015,10522,156,3154,10960,4894,1
Página11,20,,5016,10522,155,3158,10960,4894,1
Página11,20,,5016,10523,156,3158,10961,4894,1
Página11,20,,5018,10522,156,3154,10960,4894,1
Página11,20,,5017,10522,156,3151,10960,4891,1
Página11,20,,5015,10523,155,3156,10961,4893,1
Página11,20,,5016,10522,157,3157,10961,4893,1
Página11,20,,5017,10523,156,3156,10961,4894,1
Página11,20,,5017,10526,158,3154,10953,4894,1
Página11,20,,5017,10522,156,3157,10963,4887,1
Página11,20,,5017,10521,154,3158,10962,4887,1
Página11,20,,5016,10519,155,3144,10962,4892,1
Página11,20,,5011,10520,157,3130,10963,4890,1
Página11,20,,5011,10519,156,3129,10951,4889,1
Página11,20,,5011,10518,156,3139,10955,4889,1
Página11,20,,5014,10522,156,3142,10971,4885,1
Página11,20,,5012,10518,156,3142,10967,4889,1
Página11,20,,5013,10517,157,3147,10968,4889,1
Página11,20,,5012,10518,155,3150,10969,4890,1
Página11,20,,5012,10518,156,3150,10971,4890,1
Página11,20,,5009,10517,156,3153,10970,4892,1
Página11,20,,5009,10519,157,3153,10973,4890,1
Página11,20,,5008,10515,158,3155,10973,4890,1
Página11,20,,5008,10515,157,3155,10974,4890,1
Página11,20,,5009,10514,158,3156,10975,4890,1
Página11,20,,5007,10514,157,3157,10977,4891,1
Página11,20,,5014,10501,157,3150,10981,4891,1
Página11,20,,5011,10466,157,3154,11000,4891,1
Página11,20,,5007,10516,156,3157,10979,4891,1
Página11,20,,5009,10517,157,3156,10978,4891,1
Página11,20,,5011,10506,156,3154,10980,4891,1
Página11,20,,5005,10522,155,3155,10982,4893,1
Página11,20,,5014,10516,156,3153,10981,4891,1
Página11,20,,5014,10517,158,3156,10981,4892,1
Página11,20,,5015,10517,156,3157,10982,4891,1
Página11,20,,5014,10516,156,3156,10984,4891,1
Página11,20,,5013,10474,156,3159,11007,4893,1
Página11,20,,5015,10514,158,3158,10989,4892,1
Página11,20,,5013,10517,154,3158,10985,4892,1
Página11,20,,5014,10518,157,3159,10985,4892,1
Página11,20,,5014,10520,156,3158,10986,4892,1
Página11,20,,5015,10520,156,3160,10986,4892,1
Página11,20,,5015,10520,157,3159,10988,4893,1
Página11,20,,5014,10519,156,3158,10987,4892,1
Página11,20,,5011,10519,157,3160,10990,4892,1
Página11,20,,5010,10512,157,3161,10996,4892,1
Página11,20,,5003,10474,157,3151,11022,4891,1
Página11,20,,4988,10344,156,3152,11121,4893,1
Página11,20,,4997,10447,157,3156,11044,4892,1
Página11,20,,5002,10474,157,3153,11024,4892,1
Página11,20,,5002,10489,156,3156,11017,4892,1
Página11,20,,5000,10495,157,3157,11015,4892,1
Página11,20,,5009,10502,156,3155,11019,4893,1
Página11,20,,5001,10497,156,3156,11015,4892,1
Página11,20,,5002,10496,157,3158,11015,4892,1
Página11,20,,4998,10435,156,3157,11049,4892,1
Página11,20,,5007,10500,157,3158,11011,4893,1
Página11,20,,5005,10505,156,3158,11013,4893,1
Página11,20,,5008,10512,157,3152,11009,4892,1
Página11,20,,5004,10513,156,3156,11006,4893,1
Página11,20,,5003,10517,159,3157,11006,4893,1
Página11,20,,5004,10510,155,3158,11013,4893,1
Página11,20,,5002,10491,157,3159,11021,4893,1
Página11,20,,5004,10484,157,3158,11023,4894,1
Página11,20,,5003,10489,157,3160,11030,4893,1
Página11,20,,4996,10489,157,3146,11025,4892,1
Página11,20,,4997,10520,158,3135,11004,4891,1
Página11,20,,5001,10522,156,3134,11001,4889,1
Página11,20,,5003,10525,156,3143,10999,4889,1
Página11,20,,5004,10526,156,3144,10998,4889,1
Página11,20,,5004,10531,156,3149,10999,4889,1
Página11,20,,5004,10535,157,3149,11003,4892,1
Página11,20,,5003,10532,159,3152,10999,4884,1
Página11,20,,5004,10529,156,3138,10999,4889,1
Página11,20,,5003,10529,155,3147,11001,4889,1
Página11,20,,4997,10519,156,3150,11011,4890,1
Página11,20,,5001,10520,157,3151,11008,4890,1
Página11,20,,5002,10531,157,3151,11002,4890,1
Página11,20,,5002,10534,158,3154,11002,4890,1
Página11,20,,5004,10534,157,3154,11000,4890,1
Página11,20,,5002,10538,156,3153,11003,4891,1
Página11,20,,4995,10522,157,3150,10985,4884,1
Página11,20,,4995,10522,158,3153,10985,4884,1
Página11,20,,4997,10530,158,3153,10992,4886,1
Página11,20,,4997,10528,156,3156,10991,4884,1
Página11,20,,4995,10524,157,3157,10987,4884,1
Página11,20,,4994,10530,156,3156,10990,4882,1
Página11,20,,4992,10523,157,3157,10985,4881,1
Página11,20,,4992,10525,156,3158,10985,4881,1
Página11,20,,5000,10536,156,3160,10998,4885,1
Página11,20,,4998,10537,158,3161,11000,4885,1
Página11,20,,5000,10540,157,3162,11001,4886,1
Página11,20,,5002,10537,157,3159,11002,4886,1
Página11,20,,5000,10535,157,3159,11003,4887,1
Página11,20,,5000,10529,156,3160,11008,4886,1
Página11,20,,4996,10499,156,3162,11026,4887,1
Página11,20,,5002,10534,156,3159,11008,4889,1
Página11,20,,5004,10538,157,3158,11007,4882,1
Página11,20,,4999,10502,155,3161,11053,4883,1
Página11,20,,5001,10534,157,3162,11010,4883,1
Página11,20,,5004,10532,157,3161,11011,4889,1
Página11,20,,5004,10532,157,3161,11011,4889,1
Página11,20,,5008,10522,156,3156,11071,4887,1
Página11,20,,5010,10536,158,3161,11007,4890,1
Página11,20,,5010,10538,157,3163,11008,4890,1
Página11,20,,5009,10540,157,3162,11008,4890,1
Página11,20,,5008,10540,157,3163,11008,4890,1
Página11,20,,5009,10540,157,3161,11005,4889,1
Página11,20,,5015,10537,156,3160,10993,4890,1
Página11,20,,5015,10537,157,3163,10997,4890,1
Página11,20,,5015,10539,157,3163,11011,4886,1
Página11,20,,5016,10538,157,3158,11006,4885,1
Página11,20,,5017,10541,157,3162,11007,4890,1
Página11,20,,5018,10544,156,3158,11002,4893,1
Página11,20,,5016,10539,156,3163,10995,4891,1
Página11,20,,5017,10539,157,3152,11008,4886,1
Página11,20,,5017,10540,156,3160,11009,4886,1
Página11,20,,5016,10540,155,3157,11009,4891,1
Página11,20,,5018,10542,157,3154,11011,4886,1
Página11,20,,5017,10528,156,3150,11009,4892,1
Página11,20,,5016,10539,157,3145,11010,4891,1
Página11,20,,5015,10538,157,3130,11010,4890,1
Página11,20,,5011,10487,157,3128,11049,4889,1
Página11,20,,5008,10484,157,3136,11061,4889,1
Página11,20,,5011,10511,156,3142,11029,4889,1
Página11,20,,5011,10515,157,3144,11035,4890,1
Página11,20,,5012,10513,157,3147,11032,4890,1
Página11,20,,5011,10510,156,3146,11033,4890,1
Página11,20,,5011,10511,156,3148,11034,4889,1
Página11,20,,5011,10508,156,3148,11036,4890,1
Página11,20,,5007,10507,156,3148,11038,4891,1
Página11,20,,5004,10500,157,3149,11045,4892,1
Página11,20,,5014,10498,157,3150,11043,4891,1
Página11,20,,5013,10502,156,3154,11040,4891,1
Página11,20,,5012,10506,157,3154,11042,4891,1
Página11,20,,5005,10486,157,3154,11057,4891,1
Página11,20,,5010,10515,156,3152,11033,4893,1
Página11,20,,5019,10517,157,3149,11032,4892,1
Página11,20,,5017,10514,156,3153,11033,4892,1
Página11,20,,5017,10514,156,3156,11033,4891,1
Página11,20,,5016,10515,157,3152,11034,4892,1
Página11,20,,5016,10515,156,3155,11033,4892,1
Página11,20,,5017,10516,155,3154,11034,4893,1
Página11,20,,5017,10516,157,3157,11032,4892,1
Página11,20,,5018,10516,157,3159,11032,4893,1
Página11,20,,5012,10515,156,3157,11032,4893,1
Página11,20,,5011,10515,157,3159,11032,4892,1
Página11,20,,5012,10518,157,3157,11039,4894,1
Página11,20,,5017,10506,157,3154,11041,4893,1
Página11,20,,5015,10507,157,3156,11041,4894,1
Página11,20,,5010,10473,156,3157,11042,4893,1
Página11,20,,5012,10512,157,3157,11041,4893,1
Página11,20,,5012,10513,156,3157,11045,4893,1
Página11,20,,5012,10514,157,3159,11046,4895,1
Página11,20,,5009,10443,156,3158,11072,4892,1
Página11,20,,5008,10502,157,3156,11059,4893,1
Página11,20,,5011,10493,156,3158,11057,4893,1
Página11,20,,5009,10489,156,3157,11061,4893,1
Página11,20,,5009,10479,156,3156,11071,4895,1
Página11,20,,5006,10462,157,3153,11082,4894,1
Página11,20,,4999,10403,155,3154,11130,4894,1
Página11,20,,5003,10431,157,3155,11108,4894,1
Página11,20,,4999,10420,156,3156,11117,4894,1
Página11,20,,5008,10477,155,3153,11077,4897,1
Página11,20,,4990,10348,157,3152,11170,4894,1
Página11,20,,5003,10468,156,3155,11084,4895,1
Página11,20,,5000,10464,157,3156,11089,4895,1
Página11,20,,5002,10485,158,3159,11076,4895,1
Página11,20,,5002,10472,155,3158,11085,4895,1
Página11,20,,5001,10472,156,3150,11086,4894,1
Página11,20,,4985,10344,157,3152,11171,4895,1
Página11,20,,4990,10383,156,3155,11149,4894,1
Página11,20,,4990,10388,156,3153,11147,4895,1
Página11,20,,4981,10379,157,3154,11145,4896,1
Página11,20,,4990,10412,157,3139,11130,4893,1
Página11,20,,4991,10440,157,3126,11112,4892,1
Página11,20,,4989,10396,157,3126,11114,4892,1
Página11,20,,4971,10447,158,3135,11115,4891,1
Página11,20,,4968,10439,157,3138,11132,4891,1
Página11,20,,4996,10393,156,3142,11137,4891,1
Página11,20,,4998,10396,157,3143,11137,4891,1
Página11,20,,4996,10366,157,3145,11188,4892,1
Página11,20,,4998,10404,157,3141,11137,4892,1
Página11,20,,4997,10399,156,3145,11141,4892,1
Página11,20,,4988,10324,156,3146,11152,4892,1
Página11,20,,4997,10403,156,3147,11140,4891,1
Página11,20,,4999,10419,159,3148,11130,4892,1
Página11,20,,4999,10419,156,3149,11133,4893,1
Página11,20,,5000,10423,156,3151,11130,4893,1
Página11,20,,4998,10414,157,3151,11138,4894,1
Página11,20,,5001,10440,157,3152,11120,4894,1
Página11,20,,4999,10424,157,3152,11131,4894,1
Página11,20,,5003,10454,156,3153,11112,4892,1
Página11,20,,5003,10457,158,3146,11110,4894,1
Página11,20,,5003,10458,157,3148,11111,4893,1
Página11,20,,5003,10455,156,3147,11114,4894,1
Página11,20,,5002,10455,157,3149,11114,4894,1
Página11,20,,5002,10442,156,3151,11128,4895,1
Página11,20,,5005,10463,157,3149,11112,4895,1
Página11,20,,5005,10467,152,3146,11109,4895,1
Página11,20,,5009,10482,153,3148,11098,4894,1
Página11,20,,5008,10481,153,3148,11099,4894,1
Página11,20,,5006,10464,153,3149,11113,4895,1
Página11,20,,5005,10448,153,3152,11127,4895,1
Página11,20,,5007,10473,154,3143,11108,4896,1
Página11,20,,5008,10482,153,3147,11103,4895,1
Página11,20,,5009,10487,153,3149,11101,4895,1
Página11,20,,5008,10490,153,3150,11101,4895,1
Página11,20,,5010,10492,153,3150,11103,4895,1
Página11,20,,5010,10495,153,3150,11102,4897,1
Página11,20,,5009,10495,152,3147,11100,4896,1
Página11,20,,5009,10496,154,3149,11101,4896,1
Página11,20,,5009,10496,152,3151,11101,4896,1
Página11,20,,5009,10497,155,3152,11102,4896,1
Página11,20,,5009,10496,153,3151,11104,4896,1
Página11,20,,5009,10498,153,3148,11105,4890,1
Página11,20,,5007,10494,154,3144,11107,4896,1
Página11,20,,5008,10493,153,3149,11110,4895,1
Página11,20,,5007,10491,154,3151,11111,4896,1
Página11,20,,5006,10484,154,3151,11117,4896,1
Página11,20,,5005,10471,154,3149,11131,4897,1
Página11,20,,5001,10450,153,3153,11143,4896,1
Página11,20,,5003,10467,152,3152,11133,4896,1
Página11,20,,5002,10464,152,3152,11138,4895,1
Página11,20,,5002,10462,153,3152,11140,4895,1
Página11,20,,5007,10481,153,3152,11132,4897,1
Página11,20,,4998,10489,153,3147,11126,4893,1
Página11,20,,5001,10458,154,3151,11154,4890,1
Página11,20,,5004,10484,153,3152,11131,4893,1
Página11,20,,5001,10468,155,3139,11142,4895,1
Página11,20,,4999,10461,155,3126,11147,4893,1
Página11,20,,4995,10447,153,3123,11145,4891,1
Página11,20,,4996,10450,153,3131,11149,4891,1
Página11,20,,4996,10448,155,3135,11159,4892,1
Página11,20,,4997,10459,154,3137,11142,4892,1
Página11,20,,4998,10463,154,3138,11152,4886,1
Página11,20,,4997,10454,154,3136,11162,4887,1
Página11,20,,4994,10421,153,3130,11180,4887,1
Página11,20,,5006,10488,154,3139,11135,4895,1
Página11,20,,4997,10511,153,3138,11126,4893,1
Página11,20,,5000,10527,154,3142,11116,4894,1
Página11,20,,5000,10521,152,3140,11121,4894,1
Página11,20,,5009,10540,153,3143,11101,4894,1
Página11,20,,5009,10542,153,3144,11101,4895,1
Página11,20,,5010,10542,154,3144,11104,4895,1
Página11,20,,5001,10486,153,3145,11135,4895,1
Página11,20,,5003,10507,154,3148,11141,4895,1
Página11,20,,5007,10524,154,3148,11120,4895,1
Página11,20,,5007,10527,154,3148,11111,4895,1
Página11,20,,4982,10390,154,3145,11207,4897,1
Página11,20,,4990,10417,154,3143,11187,4895,1
Página11,20,,5000,10467,153,3144,11168,4895,1
Página11,20,,5000,10473,153,3145,11163,4895,1
Página11,20,,4994,10469,153,3145,11167,4896,1
Página11,20,,4996,10485,152,3149,11155,4896,1
Página11,20,,5002,10489,154,3144,11153,4896,1
Página11,20,,5005,10515,154,3146,11137,4896,1
Página11,20,,5006,10515,154,3148,11136,4896,1
Página11,20,,5004,10503,153,3141,11145,4896,1
Página11,20,,5004,10503,153,3145,11145,4896,1
Página11,20,,5005,10505,154,3146,11147,4897,1
Página11,20,,5004,10506,153,3148,11143,4896,1
Página11,20,,5004,10506,154,3148,11144,4896,1
Página11,20,,5004,10506,154,3149,11143,4896,1
Página11,20,,5004,10504,154,3150,11143,4897,1
Página11,20,,5006,10506,154,3150,11149,4898,1
Página11,20,,5008,10489,155,3147,11152,4897,1
Página11,20,,5007,10486,153,3149,11152,4896,1
Página11,20,,5005,10466,153,3146,11162,4896,1
Página11,20,,5008,10493,153,3149,11148,4897,1
Página11,20,,5011,10517,154,3145,11135,4897,1
Página11,20,,5011,10519,153,3144,11136,4896,1
Página11,20,,5010,10520,153,3149,11130,4897,1
Página11,20,,5010,10522,153,3149,11129,4896,1
Página11,20,,5008,10509,154,3149,11137,4896,1
Página11,20,,5009,10508,154,3149,11138,4897,1
Página11,20,,5009,10509,154,3151,11140,4898,1
Página11,20,,5009,10503,153,3149,11142,4897,1
Página11,20,,5008,10500,153,3152,11143,4897,1
Página11,20,,5006,10479,154,3150,11176,4897,1
Página11,20,,5005,10474,155,3150,11159,4897,1
Página11,20,,5007,10492,154,3151,11152,4899,1
Página11,20,,5007,10495,154,3148,11147,4897,1
Página11,20,,5008,10499,154,3150,11146,4897,1
Página11,20,,5008,10516,153,3137,11132,4896,1
Página11,20,,5001,10519,153,3125,11130,4894,1
Página11,20,,5005,10516,154,3122,11128,4893,1
Página11,20,,5005,10516,154,3131,11129,4893,1
Página11,20,,5005,10517,154,3136,11129,4893,1
Página11,20,,5003,10520,153,3139,11130,4894,1
Página11,20,,5006,10519,154,3140,11128,4894,1
Página11,20,,5005,10519,154,3141,11129,4893,1
Página11,20,,5005,10520,154,3133,11130,4894,1
Página11,20,,5005,10520,154,3137,11130,4893,1
Página11,20,,5006,10522,154,3138,11132,4894,1
Página11,20,,5005,10521,154,3140,11131,4894,1
Página11,20,,5005,10521,154,3143,11132,4894,1
Página11,20,,5005,10522,153,3144,11133,4894,1
Página11,20,,5006,10521,154,3144,11135,4894,1
Página11,20,,5008,10526,154,3142,11138,4896,1
Página11,20,,5006,10519,153,3135,11124,4895,1
Página11,20,,5005,10517,153,3139,11138,4892,1
Página11,20,,5003,10493,153,3142,11158,4890,1
Página11,20,,5004,10501,153,3144,11150,4889,1
Página11,20,,5003,10504,153,3141,11152,4890,1
Página11,20,,4998,10447,154,3143,11190,4891,1
Página11,20,,5002,10478,154,3144,11168,4890,1
Página11,20,,5001,10479,153,3146,11169,4890,1
Página11,20,,5003,10491,153,3145,11162,4895,1
Página11,20,,5004,10493,154,3146,11161,4896,1
Página11,20,,5010,10508,153,3144,11174,4899,1
Página11,20,,4994,10451,153,3143,11177,4897,1
Página11,20,,4996,10483,154,3141,11173,4897,1
Página11,20,,4996,10492,153,3144,11166,4897,1
Página11,20,,5004,10479,154,3143,11168,4897,1
Página11,20,,5003,10480,154,3146,11173,4897,1
Página11,20,,4997,10487,154,3143,11179,4898,1
Página11,20,,4995,10477,154,3146,11183,4897,1
Página11,20,,4993,10455,153,3146,11201,4897,1
Página11,20,,4992,10459,152,3146,11196,4898,1
Página11,20,,4996,10498,154,3145,11171,4897,1
Página11,20,,4999,10506,154,3146,11169,4898,1
Página11,20,,5005,10502,154,3144,11162,4897,1
Página11,20,,5002,10498,152,3147,11175,4898,1
Página11,20,,4998,10504,153,3146,11172,4898,1
Página11,20,,4999,10508,154,3145,11171,4898,1
Página11,20,,5002,10512,153,3145,11176,4899,1
Página11,20,,5007,10510,154,3143,11172,4899,1
Página11,20,,5007,10509,155,3143,11173,4899,1
Página11,20,,5007,10511,154,3144,11175,4899,1
Página11,20,,5006,10509,155,3143,11178,4900,1
Página11,20,,5006,10503,154,3143,11185,4899,1
Página11,20,,5006,10487,153,3144,11196,4899,1
Página11,20,,5005,10498,153,3143,11190,4900,1
Página11,20,,5000,10472,154,3143,11200,4900,1
Página11,20,,5004,10490,154,3145,11199,4900,1
Página11,20,,5004,10488,153,3144,11202,4900,1
Página11,20,,5006,10501,154,3143,11198,4901,1
Página11,20,,5003,10499,154,3116,11194,4897,1
Página11,20,,5006,10522,154,3115,11182,4898,1
Página11,20,,5008,10529,153,3122,11177,4897,1
Página11,20,,5008,10533,154,3126,11178,4898,1
Página11,20,,5008,10537,153,3129,11176,4898,1
Página11,20,,5009,10538,153,3131,11177,4899,1
Página11,20,,5010,10540,155,3138,11177,4901,1
Página11,20,,5010,10534,155,3137,11182,4899,1
Página11,20,,5011,10544,153,3143,11164,4900,1
Página11,20,,5011,10544,154,3144,11167,4900,1
Página11,20,,5011,10540,155,3146,11177,4900,1
Página11,20,,5009,10526,155,3145,11194,4894,1
Página11,20,,5010,10499,155,3140,11220,4895,1
Página11,20,,5011,10542,155,3136,11176,4902,1
Página11,20,,5004,10502,153,3140,11196,4901,1
Página11,20,,5010,10552,154,3139,11180,4895,1
Página11,20,,5005,10509,155,3139,11212,4896,1
Página11,20,,5009,10517,156,3139,11209,4897,1
Página11,20,,5016,10582,155,3138,11159,4904,1
Página11,20,,5014,10568,155,3140,11180,4904,1
Página11,20,,5016,10597,155,3142,11153,4904,1
Página11,20,,5017,10592,154,3143,11158,4904,1
Página11,20,,5017,10602,157,3143,11145,4905,1
Página11,20,,5010,10538,155,3139,11205,4905,1
Página11,20,,5003,10475,155,3143,11248,4905,1
Página11,20,,5003,10547,155,3143,11205,4905,1
Página11,20,,4999,10508,156,3144,11232,4906,1
Página11,20,,5000,10447,154,3142,11261,4906,1
Página11,20,,4996,10471,155,3139,11262,4906,1
Página11,20,,5008,10585,155,3144,11177,4906,1
Página11,20,,5009,10608,155,3146,11163,4906,1
Página11,20,,5015,10603,155,3146,11161,4907,1
Página11,20,,5016,10604,156,3146,11160,4907,1
Página11,20,,5016,10620,156,3145,11147,4907,1
Página11,20,,5008,10620,155,3142,11161,4907,1
Página11,20,,5015,10620,155,3141,11162,4907,1
Página11,20,,5013,10620,157,3142,11163,4908,1
Página11,20,,5005,10618,156,3139,11166,4908,1
Página11,20,,5005,10614,156,3142,11170,4910,1
Página11,20,,5009,10604,156,3139,11180,4908,1
Página11,20,,5011,10619,156,3141,11169,4908,1
Página11,20,,5010,10620,154,3143,11169,4908,1
Página11,20,,5010,10615,156,3141,11175,4908,1
Página11,20,,5009,10625,156,3144,11170,4908,1
Página11,20,,4997,10564,155,3144,11171,4909,1
Página11,20,,5001,10650,155,3144,11159,4909,1
Página11,20,,5053,10635,157,3144,11136,4908,1
Página11,20,,5053,10638,156,3143,11134,4908,1
Página11,20,,5054,10638,156,3139,11135,4909,1
Página11,20,,5056,10642,155,3142,11133,4909,1
Página11,20,,5055,10643,156,3138,11133,4909,1
Página11,20,,5054,10634,157,3142,11139,4909,1
Página11,20,,5054,10630,157,3144,11144,4909,1
Página11,20,,5051,10637,158,3145,11138,4909,1
Página11,20,,5055,10642,156,3144,11139,4912,1
Página11,20,,5047,10645,157,3132,11132,4908,1
Página11,20,,5052,10629,158,3123,11130,4907,1
Página11,20,,5053,10645,158,3127,11136,4907,1
Página11,20,,5051,10644,157,3140,11131,4905,1
Página11,20,,5052,10643,157,3146,11133,4905,1
Página11,20,,5052,10644,157,3148,11133,4906,1
Página11,20,,5052,10644,158,3152,11135,4906,1
Página11,20,,5052,10644,158,3151,11136,4906,1
Página11,20,,5052,10642,157,3150,11136,4900,1
Página11,20,,5052,10642,159,3153,11138,4900,1
Página11,20,,5052,10640,157,3155,11140,4900,1
Página11,20,,5051,10639,157,3154,11141,4906,1
Página11,20,,5051,10639,160,3159,11143,4908,1
Página11,20,,5046,10639,157,3149,11143,4907,1
Página11,20,,5046,10639,158,3157,11143,4907,1
Página11,20,,5051,10628,157,3158,11143,4908,1
Página11,20,,5051,10631,158,3158,11141,4907,1
Página11,20,,5050,10645,156,3161,11133,4908,1
Página11,20,,5051,10648,157,3158,11136,4908,1
Página11,20,,5051,10634,158,3157,11142,4908,1
Página11,20,,5048,10637,157,3145,11143,4908,1
Página11,20,,5047,10652,157,3154,11131,4908,1
Página11,20,,5038,10628,157,3153,11157,4907,1
Página11,20,,5036,10627,156,3157,11177,4908,1
Página11,20,,4910,10699,157,3158,11195,4908,1
Página11,20,,5033,10635,159,3158,11148,4907,1
Página11,20,,5035,10634,158,3161,11158,4908,1
Página11,20,,5034,10628,158,3160,11171,4902,1
Página11,20,,5036,10630,157,3159,11169,4903,1
Página11,20,,5032,10638,158,3156,11162,4908,1
Página11,20,,5038,10633,158,3157,11161,4908,1
Página11,20,,5038,10621,158,3158,11167,4909,1
Página11,20,,5037,10613,158,3161,11174,4908,1
Página11,20,,5041,10657,159,3159,11140,4910,1
Página11,20,,5028,10661,158,3154,11152,4909,1
Página11,20,,5041,10661,157,3156,11152,4909,1
Página11,20,,5041,10660,157,3158,11153,4909,1
Página11,20,,5042,10662,158,3160,11153,4909,1
Página11,20,,5039,10642,157,3162,11168,4908,1
Página11,20,,5035,10611,158,3159,11189,4909,1
Página11,20,,5042,10661,156,3160,11157,4909,1
Página11,20,,5042,10663,156,3158,11156,4909,1
Página11,20,,5042,10663,156,3156,11156,4910,1
Página11,20,,5044,10662,156,3154,11157,4909,1
Página11,20,,5046,10667,158,3150,11170,4915,1
Página11,20,,5044,10659,157,3152,11161,4910,1
Página11,20,,5039,10610,157,3147,11186,4910,1
Página11,20,,5042,10656,157,3146,11164,4910,1
Página11,20,,5043,10661,158,3150,11161,4910,1
Página11,20,,5044,10668,157,3156,11162,4910,1
Página11,20,,5045,10666,157,3154,11166,4911,1
Página11,20,,5042,10666,156,3155,11162,4911,1
Página11,20,,5042,10665,157,3159,11162,4911,1
Página11,20,,5041,10666,157,3161,11163,4911,1
Página11,20,,4912,10726,156,3161,11215,4910,1
Página11,20,,4910,10714,157,3150,11216,4910,1
Página11,20,,5050,10647,159,3133,11159,4908,1
Página11,20,,5051,10680,158,3135,11162,4906,1
Página11,20,,5050,10666,158,3140,11158,4902,1
Página11,20,,5050,10670,158,3150,11156,4901,1
Página11,20,,5050,10669,158,3152,11158,4901,1
Página11,20,,5050,10665,159,3152,11162,4902,1
Página11,20,,5084,10648,157,3154,11151,4908,1
Página11,20,,5088,10633,159,3158,11159,4908,1
Página11,20,,5085,10632,159,3157,11155,4908,1
Página11,20,,5088,10653,158,3157,11140,4908,1
Página11,20,,5086,10646,159,3158,11152,4909,1
Página11,20,,5085,10633,159,3158,11154,4909,1
Página11,20,,5090,10668,157,3156,11131,4910,1
Página11,20,,5089,10656,158,3157,11145,4909,1
Página11,20,,5087,10648,160,3158,11144,4910,1
Página11,20,,5088,10649,159,3162,11146,4910,1
Página11,20,,5087,10649,158,3158,11153,4909,1
Página11,20,,5090,10653,158,3158,11157,4908,1
Página11,20,,5082,10650,159,3160,11161,4911,1
Página11,20,,5082,10649,158,3161,11163,4911,1
Página11,20,,5082,10651,159,3163,11164,4911,1
Página11,20,,5085,10662,159,3162,11155,4911,1
Página11,20,,5091,10656,158,3166,11154,4913,1
Página11,20,,5090,10668,158,3159,11155,4911,1
Página11,20,,5091,10669,159,3161,11155,4912,1
Página11,20,,5091,10669,158,3160,11156,4911,1
Página11,20,,5091,10669,158,3160,11158,4911,1
Página11,20,,5088,10669,158,3162,11160,4912,1
Página11,20,,5088,10668,159,3163,11165,4912,1
Página11,20,,5084,10643,157,3161,11180,4912,1
Página11,20,,5086,10661,158,3161,11170,4913,1
Página11,20,,5081,10635,158,3166,11190,4912,1
Página11,20,,5086,10662,159,3165,11173,4912,1
Página11,20,,5084,10652,158,3162,11183,4913,1
Página11,20,,5086,10666,159,3161,11173,4913,1
Página11,20,,5086,10668,158,3164,11174,4912,1
Página11,20,,5084,10656,159,3162,11184,4912,1
Página11,20,,5085,10664,159,3162,11180,4913,1
Página11,20,,5081,10639,159,3162,11197,4914,1
Página11,20,,5087,10672,159,3159,11176,4913,1
Página11,20,,5086,10673,159,3158,11177,4913,1
Página11,20,,5086,10669,157,3161,11181,4913,1
Página11,20,,5085,10663,159,3159,11184,4913,1
Página11,20,,5082,10647,158,3159,11195,4913,1
Página11,20,,5085,10664,158,3147,11189,4914,1
Página11,20,,5077,10609,159,3157,11220,4914,1
Página11,20,,5079,10622,158,3156,11218,4913,1
Página11,20,,5079,10627,158,3160,11213,4913,1
Página11,20,,5078,10617,158,3158,11220,4913,1
Página11,20,,5073,10592,158,3158,11238,4915,1
Página11,20,,5076,10606,158,3157,11231,4913,1
Página11,20,,5074,10593,158,3159,11247,4914,1
Página11,20,,5075,10600,159,3159,11243,4914,1
Página11,20,,5069,10612,158,3147,11228,4915,1
Página11,20,,5076,10637,157,3133,11206,4911,1
Página11,20,,5073,10632,159,3130,11210,4910,1
Página11,20,,5072,10624,159,3140,11218,4909,1
Página11,20,,5071,10627,159,3145,11222,4911,1
Página11,20,,5071,10655,159,3147,11202,4911,1
Página11,20,,5065,10626,158,3150,11203,4910,1
Página11,20,,5065,10659,159,3149,11205,4911,1
Página11,20,,5060,10646,160,3148,11217,4911,1
Página11,20,,5025,10645,158,3150,11244,4912,1
Página11,20,,5007,10679,159,3153,11234,4905,1
Página11,20,,5016,10668,160,3153,11235,4907,1
Página11,20,,5013,10705,161,3157,11218,4912,1
Página11,20,,5039,10694,160,3158,11205,4912,1
Página11,20,,5040,10696,160,3159,11205,4913,1
Página11,20,,5040,10682,161,3155,11207,4912,1
Página11,20,,5038,10678,161,3159,11205,4913,1
Página11,20,,5034,10632,159,3159,11220,4912,1
Página11,20,,5038,10679,160,3157,11206,4913,1
Página11,20,,5039,10679,159,3155,11205,4913,1
Página11,20,,5042,10681,160,3152,11208,4914,1
Página11,20,,5040,10679,159,3156,11214,4913,1
Página11,20,,5043,10706,158,3155,11190,4913,1
Página11,20,,5043,10706,160,3154,11190,4914,1
Página11,20,,5042,10707,158,3152,11205,4907,1
Página11,20,,5044,10701,159,3150,11215,4908,1
Página12,20,,4642,9849,134,2735,10384,4650,1
Página12,20,,4638,9834,133,2735,10377,4647,1
Página12,20,,4633,9802,133,2736,10393,4645,1
Página12,20,,4630,9796,134,2738,10376,4643,1
Página12,20,,4625,9787,132,2739,10371,4640,1
Página12,20,,4622,9768,133,2738,10372,4637,1
Página12,20,,4626,9778,133,2739,10353,4635,1
Página12,20,,4627,9820,133,2738,10319,4633,1
Página12,20,,4625,9815,133,2738,10321,4633,1
Página12,20,,4623,9810,132,2737,10320,4623,1
Página12,20,,4621,9807,133,2738,10324,4621,1
Página12,20,,4618,9787,132,2738,10338,4625,1
Página12,20,,4618,9813,133,2737,10323,4624,1
Página12,20,,4615,9788,133,2738,10342,4622,1
Página12,20,,4617,9820,133,2739,10326,4621,1
Página12,20,,4616,9809,133,2740,10334,4620,1
Página12,20,,4616,9830,133,2741,10324,4618,1
Página12,20,,4615,9833,134,2742,10327,4617,1
Página12,20,,4614,9833,132,2743,10331,4615,1
Página12,20,,4613,9822,132,2743,10358,4617,1
Página12,20,,4612,9825,133,2729,10348,4607,1
Página12,20,,4613,9838,133,2742,10343,4607,1
Página12,20,,4612,9841,134,2744,10346,4612,1
Página12,20,,4612,9842,132,2741,10349,4611,1
Página12,20,,4612,9844,132,2744,10351,4610,1
Página12,20,,4612,9846,132,2745,10356,4611,1
Página12,20,,4610,9832,133,2744,10376,4608,1
Página12,20,,4610,9853,132,2746,10357,4608,1
Página12,20,,4609,9843,133,2747,10365,4607,1
Página12,20,,4609,9844,133,2748,10367,4606,1
Página12,20,,4609,9849,133,2748,10372,4607,1
Página12,20,,4610,9849,133,2748,10374,4598,1
Página12,20,,4609,9843,133,2751,10373,4603,1
Página12,20,,4608,9847,133,2751,10369,4602,1
Página12,20,,4609,9862,132,2749,10359,4601,1
Página12,20,,4607,9853,133,2746,10362,4601,1
Página12,20,,4607,9841,134,2752,10372,4601,1
Página12,20,,4607,9866,133,2750,10350,4599,1
Página12,20,,4607,9866,134,2754,10346,4598,1
Página12,20,,4606,9865,134,2754,10345,4597,1
Página12,20,,4604,9862,133,2750,10340,4597,1
Página12,20,,4600,9854,134,2745,10329,4591,1
Página12,20,,4598,9847,134,2749,10325,4582,1
Página12,20,,4591,9844,133,2753,10327,4589,1
Página12,20,,4591,9842,132,2756,10328,4589,1
Página12,20,,4589,9828,133,2757,10332,4588,1
Página12,20,,4587,9808,133,2759,10328,4587,1
Página12,20,,4588,9819,133,2757,10328,4587,1
Página12,20,,4586,9790,133,2760,10350,4587,1
Página12,20,,4584,9773,135,2760,10341,4588,1
Página12,20,,4585,9782,133,2760,10339,4581,1
Página12,20,,4585,9783,132,2761,10336,4584,1
Página12,20,,4583,9751,132,2763,10355,4586,1
Página12,20,,4583,9742,133,2762,10357,4586,1
Página12,20,,4582,9740,133,2761,10356,4588,1
Página12,20,,4584,9760,133,2762,10326,4586,1
Página12,20,,4573,9608,131,2762,10423,4586,1
Página12,20,,4575,9637,131,2764,10418,4580,1
Página12,20,,4578,9659,132,2762,10409,4580,1
Página12,20,,4577,9676,134,2763,10390,4582,1
Página12,20,,4579,9698,133,2765,10380,4586,1
Página12,20,,4578,9702,133,2765,10374,4579,1
Página12,20,,4578,9702,133,2765,10375,4579,1
Página12,20,,4579,9704,133,2762,10375,4585,1
Página12,20,,4577,9709,133,2764,10368,4584,1
Página12,20,,4578,9716,132,2763,10367,4585,1
Página12,20,,4577,9718,134,2767,10367,4584,1
Página12,20,,4577,9718,133,2767,10366,4583,1
Página12,20,,4577,9721,134,2768,10366,4583,1
Página12,20,,4576,9698,132,2769,10382,4582,1
Página12,20,,4578,9716,133,2770,10375,4582,1
Página12,20,,4576,9707,133,2769,10367,4579,1
Página12,20,,4576,9699,132,2772,10373,4574,1
Página12,20,,4574,9695,132,2769,10374,4573,1
Página12,20,,4575,9701,132,2772,10368,4578,1
Página12,20,,4574,9691,133,2772,10378,4577,1
Página12,20,,4573,9671,133,2772,10390,4577,1
Página12,20,,4570,9649,132,2775,10407,4577,1
Página12,20,,4570,9642,133,2775,10417,4577,1
Página12,20,,4570,9660,132,2775,10401,4577,1
Página12,20,,4569,9652,132,2773,10410,4576,1
Página12,20,,4572,9662,133,2776,10394,4575,1
Página12,20,,4571,9664,133,2775,10407,4573,1
Página12,20,,4569,9660,133,2773,10401,4576,1
Página12,20,,4568,9658,131,2776,10399,4575,1
Página12,20,,4568,9651,133,2776,10403,4574,1
Página12,20,,4567,9648,132,2776,10402,4573,1
Página12,20,,4567,9638,132,2774,10407,4573,1
Página12,20,,4568,9616,133,2777,10404,4572,1
Página12,20,,4566,9624,132,2776,10408,4572,1
Página12,20,,4565,9624,132,2777,10404,4572,1
Página12,20,,4564,9622,132,2778,10404,4571,1
Página12,20,,4565,9611,133,2779,10417,4572,1
Página12,20,,4563,9621,133,2776,10401,4565,1
Página12,20,,4562,9623,133,2778,10396,4570,1
Página12,20,,4562,9619,133,2777,10397,4570,1
Página12,20,,4559,9603,132,2771,10400,4570,1
Página12,20,,4557,9610,133,2765,10391,4566,1
Página12,20,,4556,9615,133,2764,10381,4566,1
Página12,20,,4556,9624,132,2767,10388,4565,1
Página12,20,,4556,9614,132,2771,10381,4566,1
Página12,20,,4557,9625,133,2759,10386,4565,1
Página12,20,,4557,9633,133,2767,10378,4565,1
Página12,20,,4557,9630,133,2771,10382,4564,1
Página12,20,,4556,9625,133,2773,10388,4564,1
Página12,20,,4555,9620,132,2774,10400,4565,1
Página12,20,,4558,9635,132,2771,10380,4557,1
Página12,20,,4556,9635,132,2772,10383,4557,1
Página12,20,,4556,9616,133,2771,10524,4557,1
Página12,20,,4556,9639,133,2778,10382,4563,1
Página12,20,,4556,9641,132,2778,10382,4563,1
Página12,20,,4557,9645,132,2774,10382,4565,1
Página12,20,,4555,9629,132,2779,10392,4563,1
Página12,20,,4555,9626,131,2779,10387,4564,1
Página12,20,,4556,9653,133,2781,10362,4564,1
Página12,20,,4557,9664,132,2778,10354,4564,1
Página12,20,,4557,9658,132,2776,10352,4566,1
Página12,20,,4553,9652,132,2777,10339,4565,1
Página12,20,,4552,9649,133,2779,10349,4565,1
Página12,20,,4552,9633,131,2780,10355,4559,1
Página12,20,,4553,9682,133,2781,10321,4559,1
Página12,20,,4548,9626,132,2778,10352,4566,1
Página12,20,,4547,9650,133,2777,10315,4561,1
Página12,20,,4546,9630,132,2778,10291,4564,1
Página12,20,,4545,9627,131,2777,10264,4565,1
Página12,20,,4544,9603,131,2778,10249,4566,1
Página12,20,,4543,9625,132,2778,10236,4566,1
Página12,20,,4542,9604,132,2777,10250,4566,1
Página12,20,,4543,9629,133,2775,10243,4565,1
Página12,20,,4542,9628,131,2760,10256,4567,1
Página12,20,,4543,9639,132,2774,10265,4566,1
Página12,20,,4543,9651,131,2774,10269,4566,1
Página12,20,,4541,9639,132,2774,10293,4568,1
Página12,20,,4542,9638,132,2772,10291,4567,1
Página12,20,,4544,9674,133,2770,10273,4567,1
Página12,20,,4544,9679,132,2774,10276,4568,1
Página12,20,,4543,9674,132,2776,10299,4562,1
Página12,20,,4540,9640,131,2776,10325,4563,1
Página12,20,,4543,9672,131,2776,10304,4563,1
Página12,20,,4541,9666,132,2777,10308,4563,1
Página12,20,,4541,9663,132,2776,10308,4565,1
Página12,20,,4541,9658,132,2767,10310,4569,1
Página12,20,,4541,9658,132,2776,10308,4570,1
Página12,20,,4539,9657,131,2773,10308,4570,1
Página12,20,,4541,9650,132,2777,10314,4566,1
Página12,20,,4540,9635,132,2776,10311,4570,1
Página12,20,,4543,9667,133,2774,10290,4571,1
Página12,20,,4543,9672,131,2773,10301,4569,1
Página12,20,,4543,9675,131,2773,10313,4566,1
Página12,20,,4543,9688,131,2775,10310,4570,1
Página12,20,,4574,9683,132,2777,10298,4569,1
Página12,20,,4657,9625,132,2775,10281,4568,1
Página12,20,,4659,9659,132,2771,10261,4566,1
Página12,20,,4641,9673,131,2765,10247,4565,1
Página12,20,,4635,9626,131,2765,10231,4563,1
Página12,20,,4645,9634,131,2767,10204,4563,1
Página12,20,,4644,9603,132,2768,10220,4564,1
Página12,20,,4647,9622,131,2770,10206,4564,1
Página12,20,,4649,9606,131,2771,10213,4564,1
Página12,20,,4652,9635,130,2773,10209,4563,1
Página12,20,,4650,9635,131,2772,10214,4563,1
Página12,20,,4652,9638,132,2773,10224,4564,1
Página12,20,,4648,9589,129,2758,10246,4562,1
Página12,20,,4652,9634,131,2770,10230,4561,1
Página12,20,,4653,9640,131,2772,10225,4561,1
Página12,20,,4651,9625,130,2773,10243,4560,1
Página12,20,,4650,9619,130,2774,10247,4559,1
Página12,20,,4651,9606,130,2776,10231,4560,1
Página12,20,,4646,9610,130,2775,10237,4558,1
Página12,20,,4649,9597,130,2774,10245,4558,1
Página12,20,,4654,9645,129,2775,10209,4558,1
Página12,20,,4647,9593,129,2777,10231,4557,1
Página12,20,,4648,9575,130,2776,10266,4558,1
Página12,20,,4649,9605,131,2775,10241,4556,1
Página12,20,,4649,9613,130,2775,10238,4556,1
Página12,20,,4650,9627,129,2776,10230,4556,1
Página12,20,,4648,9611,131,2776,10248,4556,1
Página12,20,,4649,9620,130,2776,10229,4555,1
Página12,20,,4646,9578,130,2775,10259,4553,1
Página12,20,,4643,9587,130,2775,10236,4554,1
Página12,20,,4643,9584,130,2775,10254,4555,1
Página12,20,,4643,9584,130,2775,10232,4554,1
Página12,20,,4641,9571,130,2773,10245,4554,1
Página12,20,,4642,9577,130,2774,10238,4554,1
Página12,20,,4640,9580,130,2772,10239,4553,1
Página12,20,,4639,9573,130,2774,10243,4553,1
Página12,20,,4639,9582,128,2775,10240,4553,1
Página12,20,,4639,9582,129,2775,10244,4553,1
Página12,20,,4642,9613,130,2776,10228,4554,1
Página12,20,,4643,9628,130,2777,10218,4554,1
Página12,20,,4645,9643,130,2779,10212,4554,1
Página12,20,,4645,9655,130,2779,10205,4553,1
Página12,20,,4640,9654,130,2779,10210,4553,1
Página12,20,,4646,9669,129,2779,10201,4554,1
Página12,20,,4646,9673,130,2778,10194,4548,1
Página12,20,,4647,9675,128,2778,10194,4553,1
Página12,20,,4646,9674,130,2779,10191,4552,1
Página12,20,,4646,9676,130,2778,10189,4552,1
Página12,20,,4646,9676,130,2776,10191,4554,1
Página12,20,,4645,9664,127,2775,10205,4546,1
Página12,20,,4642,9655,128,2776,10205,4545,1
Página12,20,,4642,9652,131,2776,10211,4546,1
Página12,20,,4622,9673,129,2777,10211,4547,1
Página12,20,,4621,9693,128,2776,10193,4551,1
Página12,20,,4625,9704,129,2778,10187,4549,1
Página12,20,,4622,9726,129,2777,10162,4546,1
Página12,20,,4625,9730,129,2778,10154,4550,1
Página12,20,,4624,9726,129,2779,10146,4550,1
Página12,20,,4622,9710,130,2771,10141,4552,1
Página12,20,,4615,9688,130,2762,10114,4547,1
Página12,20,,4613,9676,130,2762,10097,4545,1
Página12,20,,4610,9666,129,2766,10093,4546,1
Página12,20,,4609,9657,129,2765,10082,4544,1
Página12,20,,4607,9651,129,2766,10077,4543,1
Página12,20,,4605,9644,129,2769,10073,4543,1
Página12,20,,4604,9636,129,2770,10069,4542,1
Página12,20,,4602,9627,129,2771,10069,4543,1
Página12,20,,4603,9635,129,2772,10059,4543,1
Página12,20,,4602,9633,128,2769,10053,4542,1
Página12,20,,4602,9631,129,2768,10052,4542,1
Página12,20,,4603,9634,129,2769,10049,4541,1
Página12,20,,4601,9630,129,2769,10047,4542,1
Página12,20,,4602,9631,129,2771,10048,4543,1
Página12,20,,4600,9624,128,2769,10042,4542,1
Página12,20,,4599,9622,128,2770,10037,4542,1
Página12,20,,4598,9618,129,2769,10034,4541,1
Página12,20,,4597,9616,130,2768,10032,4541,1
Página12,20,,4596,9618,128,2769,10034,4540,1
Página12,20,,4581,9620,128,2764,10044,4540,1
Página12,20,,4573,9622,130,2767,10047,4540,1
Página12,20,,4570,9627,128,2764,10056,4539,1
Página12,20,,4565,9642,129,2766,10073,4540,1
Página12,20,,4537,9654,129,2763,10083,4539,1
Página12,20,,4537,9662,129,2762,10092,4540,1
Página12,20,,4535,9665,129,2765,10098,4540,1
Página12,20,,4537,9668,128,2766,10103,4540,1
Página12,20,,4558,9659,129,2764,10101,4540,1
Página12,20,,4554,9663,129,2763,10108,4540,1
Página12,20,,4562,9666,129,2761,10112,4542,1
Página12,20,,4536,9673,130,2764,10124,4535,1
Página12,20,,4547,9665,129,2755,10118,4535,1
Página12,20,,4552,9670,129,2766,10127,4540,1
Página12,20,,4552,9671,130,2765,10129,4536,1
Página12,20,,4553,9674,129,2767,10131,4542,1
Página12,20,,4554,9686,130,2765,10121,4539,1
Página12,20,,4552,9685,130,2769,10108,4535,1
Página12,20,,4563,9679,128,2770,10103,4541,1
Página12,20,,4563,9679,130,2769,10102,4542,1
Página12,20,,4562,9679,129,2771,10102,4542,1
Página12,20,,4562,9687,131,2772,10117,4542,1
Página12,20,,4635,9833,131,2775,10264,4607,1
Página12,20,,4619,9860,132,2777,10288,4617,1
Página12,20,,4644,9872,132,2776,10304,4634,1
Página12,20,,4664,9872,132,2776,10305,4643,1
Página12,20,,4674,9887,133,2779,10322,4656,1
Página12,20,,4673,9897,133,2776,10346,4663,1
Página12,20,,4674,9910,133,2777,10358,4672,1
Página12,20,,4672,9929,132,2775,10349,4681,1
Página12,20,,4678,9942,132,2779,10362,4688,1
Página12,20,,4710,9937,134,2779,10369,4695,1
Página12,20,,4718,9948,133,2781,10380,4703,1
Página12,20,,4718,9951,133,2780,10380,4710,1
Página12,20,,4729,9956,134,2780,10392,4715,1
Página12,20,,4736,9963,133,2772,10413,4724,1
Página12,20,,4747,9978,134,2770,10398,4737,1
Página12,20,,4752,9967,134,2769,10397,4744,1
Página12,20,,4727,9992,134,2773,10395,4749,1
Página12,20,,4731,9979,134,2777,10374,4754,1
Página12,20,,4745,9987,134,2777,10390,4758,1
Página12,20,,4760,9969,133,2778,10374,4764,1
Página12,20,,4738,9977,133,2780,10374,4767,1
Página12,20,,4757,9965,134,2781,10371,4769,1
Página12,20,,4737,9964,134,2782,10368,4774,1
Página12,20,,4741,9974,134,2781,10378,4778,1
Página12,20,,4760,9970,136,2783,10373,4781,1
Página12,20,,4766,9956,135,2786,10359,4783,1
Página12,20,,4757,9954,135,2786,10356,4785,1
Página12,20,,4746,9963,134,2785,10365,4787,1
Página12,20,,4779,9947,134,2786,10360,4791,1
Página12,20,,4778,9953,136,2785,10356,4792,1
Página12,20,,4780,9957,135,2783,10358,4793,1
Página12,20,,4781,9960,135,2786,10362,4795,1
Página12,20,,4757,9971,133,2786,10368,4797,1
Página12,20,,4760,9979,135,2785,10373,4793,1
Página12,20,,4785,9974,136,2785,10384,4802,1
Página12,20,,4786,9977,135,2786,10381,4802,1
Página12,20,,4786,9981,134,2786,10386,4804,1
Página12,20,,4787,9985,135,2787,10390,4805,1
Página12,20,,4785,9988,135,2788,10395,4807,1
Página12,20,,4794,10003,135,2790,10401,4811,1
Página12,20,,4790,9994,136,2787,10402,4809,1
Página12,20,,4791,9996,135,2786,10406,4810,1
Página12,20,,4792,9995,136,2788,10407,4810,1
Página12,20,,4768,10006,135,2788,10416,4810,1
Página12,20,,4792,9992,136,2787,10402,4809,1
Página12,20,,4793,9991,135,2788,10403,4810,1
Página12,20,,4767,9996,134,2788,10407,4810,1
Página12,20,,4792,9985,136,2787,10399,4810,1
Página12,20,,4791,9985,135,2787,10401,4810,1
Página12,20,,4767,9997,135,2788,10413,4810,1
Página12,20,,4792,9985,135,2790,10405,4812,1
Página12,20,,4790,9978,134,2789,10403,4811,1
Página12,20,,4789,9971,136,2789,10399,4811,1
Página12,20,,4773,9964,135,2789,10406,4812,1
Página12,20,,4789,9969,135,2789,10387,4811,1
Página12,20,,4789,9969,136,2787,10383,4811,1
Página12,20,,4765,9982,136,2785,10395,4813,1
Página12,20,,4787,9963,136,2785,10380,4810,1
Página12,20,,4787,9963,135,2787,10380,4810,1
Página12,20,,4786,9961,136,2789,10379,4809,1
Página12,20,,4761,9971,135,2787,10388,4811,1
Página12,20,,4761,9957,134,2785,10368,4809,1
Página12,20,,4783,9934,135,2784,10356,4804,1
Página12,20,,4781,9923,135,2681,10347,4803,1
Página12,20,,4779,9909,136,2774,10341,4803,1
Página12,20,,4750,9858,133,2779,10373,4807,1
Página12,20,,4775,9875,136,2780,10347,4807,1
Página12,20,,4771,9854,135,2781,10360,4807,1
Página12,20,,4764,9857,135,2776,10371,4806,1
Página12,20,,4764,9825,135,2770,10369,4804,1
Página12,20,,4738,9831,134,2769,10362,4802,1
Página12,20,,4760,9818,135,2769,10353,4802,1
Página12,20,,4761,9837,134,2773,10324,4803,1
Página12,20,,4761,9866,135,2776,10321,4806,1
Página12,20,,4759,9864,135,2773,10324,4805,1
Página12,20,,4758,9864,135,2775,10326,4805,1
Página12,20,,4757,9859,133,2776,10343,4805,1
Página12,20,,4758,9854,133,2776,10351,4805,1
Página12,20,,4735,9873,133,2776,10361,4806,1
Página12,20,,4758,9867,135,2774,10360,4809,1
Página12,20,,4757,9866,133,2778,10360,4806,1
Página12,20,,4757,9868,134,2775,10364,4806,1
Página12,20,,4757,9868,133,2776,10364,4805,1
Página12,20,,4734,9880,134,2777,10374,4804,1
Página12,20,,4756,9869,135,2779,10367,4805,1
Página12,20,,4755,9868,134,2778,10368,4803,1
Página12,20,,4754,9867,135,2775,10368,4803,1
Página12,20,,4754,9872,134,2777,10374,4799,1
Página12,20,,4732,9899,133,2777,10366,4801,1
Página12,20,,4751,9868,133,2777,10383,4802,1
Página12,20,,4727,9876,135,2778,10365,4799,1
Página12,20,,4748,9866,134,2774,10356,4798,1
Página12,20,,4745,9835,134,2776,10371,4798,1
Página12,20,,4742,9818,135,2777,10375,4797,1
Página12,20,,4742,9826,134,2778,10364,4798,1
Página12,20,,4741,9816,133,2777,10370,4796,1
Página12,20,,4740,9825,133,2778,10358,4795,1
Página12,20,,4718,9835,134,2778,10360,4795,1
Página12,20,,4738,9820,135,2777,10369,4795,1
Página12,20,,4718,9861,134,2775,10350,4796,1
Página12,20,,4741,9858,134,2776,10341,4796,1
Página12,20,,4726,9853,133,2775,10346,4796,1
Página12,20,,4739,9879,134,2776,10330,4796,1
Página12,20,,4739,9883,134,2776,10327,4796,1
Página12,20,,4717,9898,135,2776,10334,4797,1
Página12,20,,4732,9894,133,2777,10332,4799,1
Página12,20,,4713,9889,134,2776,10336,4798,1
Página12,20,,4731,9893,134,2776,10318,4798,1
Página12,20,,4709,9874,135,2779,10342,4799,1
Página12,20,,4727,9866,132,2779,10350,4799,1
Página12,20,,4724,9843,134,2777,10374,4802,1
Página12,20,,4720,9888,134,2777,10365,4800,1
Página12,20,,4724,9885,133,2779,10363,4801,1
Página12,20,,4708,9898,133,2779,10373,4800,1
Página12,20,,4725,9894,133,2768,10382,4796,1
Página12,20,,4725,9895,134,2777,10383,4795,1
Página12,20,,4724,9903,132,2778,10390,4795,1
Página12,20,,4718,9893,133,2776,10380,4801,1
Página12,20,,4704,9884,134,2775,10383,4801,1
Página12,20,,4720,9874,135,2777,10375,4801,1
Página12,20,,4719,9876,133,2776,10376,4802,1
Página12,20,,4719,9893,134,2776,10370,4800,1
Página12,20,,4720,9892,133,2774,10381,4800,1
Página12,20,,4701,9902,133,2775,10391,4801,1
Página12,20,,4700,9903,133,2768,10393,4799,1
Página12,20,,4714,9887,135,2761,10375,4795,1
Página12,20,,4691,9877,133,2759,10364,4794,1
Página12,20,,4733,9846,133,2764,10334,4794,1
Página12,20,,4698,9843,132,2766,10327,4794,1
Página12,20,,4730,9811,132,2762,10298,4796,1
Página12,20,,4696,9706,133,2765,10372,4796,1
Página12,20,,4717,9683,132,2766,10354,4796,1
Página12,20,,4718,9711,132,2768,10326,4795,1
Página12,20,,4685,9722,131,2767,10303,4795,1
Página12,20,,4716,9697,131,2768,10290,4795,1
Página12,20,,4684,9729,131,2764,10262,4794,1
Página12,20,,4712,9709,132,2766,10237,4794,1
Página12,20,,4709,9697,132,2765,10225,4793,1
Página12,20,,4707,9693,132,2764,10219,4793,1
Página12,20,,4706,9697,132,2765,10223,4793,1
Página12,20,,4673,9718,131,2765,10240,4795,1
Página12,20,,4703,9704,132,2765,10230,4794,1
Página12,20,,4702,9706,131,2764,10230,4794,1
Página12,20,,4702,9718,132,2762,10216,4794,1
Página12,20,,4702,9713,132,2763,10209,4794,1
Página12,20,,4701,9710,131,2762,10204,4795,1
Página12,20,,4687,9719,131,2762,10211,4794,1
Página12,20,,4697,9707,132,2762,10198,4794,1
Página12,20,,4671,9731,131,2760,10223,4793,1
Página12,20,,4697,9729,131,2762,10221,4793,1
Página12,20,,4700,9763,131,2762,10229,4794,1
Página12,20,,4702,9779,131,2759,10212,4791,1
Página12,20,,4701,9789,132,2758,10232,4791,1
Página12,20,,4698,9776,132,2758,10224,4785,1
Página12,20,,4696,9765,130,2758,10211,4785,1
Página12,20,,4694,9755,130,2757,10204,4785,1
Página12,20,,4693,9692,131,2755,10230,4786,1
Página12,20,,4691,9736,131,2756,10205,4785,1
Página12,20,,4690,9736,132,2754,10201,4784,1
Página12,20,,4689,9736,132,2755,10197,4784,1
Página12,20,,4688,9737,131,2757,10206,4783,1
Página12,20,,4686,9737,130,2755,10195,4788,1
Página12,20,,4655,9740,130,2753,10199,4787,1
Página12,20,,4684,9703,131,2755,10193,4787,1
Página12,20,,4653,9725,131,2754,10212,4787,1
Página12,20,,4685,9712,131,2754,10204,4787,1
Página12,20,,4653,9745,130,2752,10205,4787,1
Página12,20,,4684,9721,130,2749,10207,4785,1
Página12,20,,4683,9723,132,2754,10202,4786,1
Página12,20,,4683,9730,130,2754,10205,4786,1
Página12,20,,4683,9732,131,2755,10207,4785,1
Página12,20,,4681,9736,131,2755,10195,4785,1
Página12,20,,4680,9732,131,2752,10192,4785,1
Página12,20,,4677,9722,130,2753,10190,4784,1
Página12,20,,4676,9709,130,2752,10174,4783,1
Página12,20,,4641,9715,129,2751,10176,4782,1
Página12,20,,4672,9694,130,2752,10155,4782,1
Página12,20,,4642,9707,129,2751,10165,4784,1
Página12,20,,4670,9690,130,2751,10149,4783,1
Página12,20,,4667,9689,130,2744,10148,4781,1
Página12,20,,4665,9707,130,2739,10165,4779,1
Página12,20,,4659,9723,130,2733,10183,4777,1
Página12,20,,4658,9731,131,2739,10187,4777,1
Página12,20,,4628,9747,130,2739,10197,4778,1
Página12,20,,4659,9741,131,2736,10192,4778,1
Página12,20,,4629,9757,130,2739,10212,4779,1
Página12,20,,4628,9765,130,2741,10202,4779,1
Página12,20,,4626,9760,130,2734,10208,4779,1
Página12,20,,4624,9776,131,2741,10215,4779,1
Página12,20,,4601,9782,130,2742,10229,4779,1
Página12,20,,4599,9776,130,2741,10221,4781,1
Página12,20,,4631,9750,130,2743,10200,4781,1
Página12,20,,4630,9744,131,2743,10187,4781,1
Página12,20,,4629,9740,130,2743,10185,4781,1
Página12,20,,4627,9710,131,2742,10197,4782,1
Página12,20,,4632,9714,130,2743,10204,4780,1
Página12,20,,4626,9726,131,2740,10190,4782,1
Página12,20,,4626,9727,129,2743,10192,4783,1
Página12,20,,4609,9736,129,2742,10199,4783,1
Página12,20,,4625,9727,130,2743,10190,4783,1
Página12,20,,4626,9727,130,2740,10184,4783,1
Página12,20,,4608,9735,130,2739,10219,4782,1
Página12,20,,4605,9698,130,2743,10196,4782,1
Página12,20,,4605,9721,129,2743,10198,4781,1
Página12,20,,4605,9720,130,2743,10195,4781,1
Página12,20,,4604,9718,131,2742,10195,4780,1
Página12,20,,4604,9723,130,2742,10194,4782,1
Página12,20,,4603,9724,130,2742,10192,4780,1
Página12,20,,4604,9726,129,2742,10194,4780,1
Página12,20,,4603,9715,129,2743,10206,4780,1
Página12,20,,4604,9736,130,2744,10196,4779,1
Página12,20,,4604,9744,129,2743,10191,4779,1
Página12,20,,4603,9747,130,2742,10207,4778,1
Página12,20,,4603,9753,129,2744,10214,4777,1
Página12,20,,4605,9779,130,2744,10207,4777,1
Página12,20,,4606,9790,131,2732,10213,4776,1
Página12,20,,4606,9799,129,2744,10225,4777,1
Página12,20,,4608,9810,130,2744,10233,4776,1
Página12,20,,4607,9818,131,2748,10237,4774,1
Página12,20,,4608,9826,130,2748,10246,4774,1
Página12,20,,4590,9842,130,2748,10261,4774,1
Página12,20,,4591,9848,131,2749,10267,4772,1
Página12,20,,4591,9855,130,2747,10275,4772,1
Página12,20,,4591,9860,130,2749,10278,4773,1
Página12,20,,4592,9865,131,2751,10282,4772,1
Página12,20,,4592,9869,130,2751,10286,4772,1
Página12,20,,4592,9874,130,2751,10290,4771,1
Página12,20,,4593,9877,130,2752,10293,4773,1
Página12,20,,4594,9886,131,2749,10302,4773,1
Página12,20,,4615,9874,131,2753,10292,4772,1
Página12,20,,4617,9877,131,2754,10295,4772,1
Página12,20,,4617,9879,130,2753,10299,4773,1
Página12,20,,4622,9875,131,2752,10299,4773,1
Página12,20,,4623,9878,131,2752,10303,4775,1
Página12,20,,4622,9876,130,2749,10302,4773,1
Página12,20,,4619,9873,131,2742,10299,4773,1
Página12,20,,4617,9868,132,2743,10296,4767,1
Página12,20,,4616,9863,131,2746,10293,4771,1
Página12,20,,4616,9858,130,2750,10289,4775,1
Página12,20,,4615,9852,131,2747,10284,4774,1
Página12,20,,4616,9846,131,2748,10282,4775,1
Página12,20,,4616,9843,130,2745,10280,4777,1
Página12,20,,4659,9818,131,2752,10260,4777,1
Página12,20,,4658,9814,131,2752,10261,4777,1
Página12,20,,4617,9839,132,2753,10274,4778,1
Página12,20,,4655,9822,131,2754,10259,4779,1
Página12,20,,4656,9821,131,2754,10266,4780,1
Página12,20,,4626,9815,129,2752,10306,4780,1
Página12,20,,4607,9852,131,2754,10297,4780,1
Página12,20,,4626,9861,131,2755,10289,4781,1
Página12,20,,4627,9862,131,2756,10301,4781,1
Página12,20,,4590,9876,131,2755,10334,4785,1
Página12,20,,4592,9899,131,2756,10327,4776,1
Página12,20,,4590,9888,130,2757,10341,4783,1
Página12,20,,4610,9882,131,2759,10332,4783,1
Página12,20,,4625,9881,131,2760,10328,4783,1
Página12,20,,4610,9886,131,2761,10336,4783,1
Página12,20,,4594,9894,130,2760,10342,4785,1
Página12,20,,4629,9873,132,2760,10334,4784,1
Página12,20,,4616,9880,131,2763,10332,4784,1
Página12,20,,4591,9884,131,2763,10341,4784,1
Página12,20,,4591,9863,132,2763,10353,4785,1
Página12,20,,4593,9865,131,2764,10342,4785,1
Página12,20,,4614,9868,132,2754,10327,4786,1
Página12,20,,4610,9874,130,2762,10331,4785,1
Página12,20,,4610,9875,131,2765,10343,4779,1
Página12,20,,4610,9873,132,2764,10351,4779,1
Página12,20,,4616,9901,131,2765,10341,4784,1
Página12,20,,4614,9909,131,2764,10345,4783,1
Página12,20,,4613,9890,131,2766,10361,4780,1
Página12,20,,4612,9892,132,2765,10355,4778,1
Página12,20,,4611,9879,131,2765,10346,4774,1
Página12,20,,4607,9846,131,2764,10311,4769,1
Página12,20,,4606,9829,131,2763,10288,4768,1
Página12,20,,4604,9822,132,2762,10276,4770,1
Página12,20,,4601,9821,132,2764,10271,4764,1
Página12,20,,4601,9823,130,2765,10272,4764,1
Página12,20,,4602,9831,131,2765,10277,4764,1
Página12,20,,4603,9845,131,2765,10286,4772,1
Página12,20,,4590,9856,131,2765,10299,4770,1
Página12,20,,4593,9861,132,2765,10306,4771,1
Página12,20,,4583,9874,131,2766,10316,4770,1
Página12,20,,4593,9875,130,2766,10320,4770,1
Página12,20,,4603,9868,132,2766,10324,4771,1
Página12,20,,4602,9872,132,2768,10332,4773,1
Página12,20,,4600,9883,131,2768,10337,4772,1
Página12,20,,4602,9875,131,2767,10344,4773,1
Página12,20,,4600,9889,131,2770,10341,4773,1
Página12,20,,4595,9892,131,2772,10352,4774,1
Página12,20,,4588,9885,132,2770,10359,4775,1
Página12,20,,4593,9906,131,2766,10372,4774,1
Página12,20,,4598,9882,132,2759,10353,4774,1
Página12,20,,4581,9864,132,2759,10345,4772,1
Página12,20,,4605,9808,132,2762,10346,4774,1
Página12,20,,4596,9846,131,2762,10315,4773,1
Página12,20,,4606,9836,132,2765,10312,4774,1
Página12,20,,4584,9833,130,2764,10303,4774,1
Página12,20,,4586,9833,131,2767,10301,4774,1
Página12,20,,4590,9825,131,2763,10296,4773,1
Página12,20,,4588,9821,131,2766,10289,4773,1
Página12,20,,4572,9819,130,2765,10287,4774,1
Página12,20,,4566,9815,132,2766,10287,4775,1
Página12,20,,4572,9815,131,2765,10291,4774,1
Página12,20,,4569,9822,131,2761,10282,4774,1
Página12,20,,4583,9824,131,2762,10293,4774,1
Página12,20,,4587,9831,132,2764,10305,4774,1
Página12,20,,4567,9836,130,2765,10310,4774,1
Página12,20,,4576,9835,131,2765,10309,4776,1
Página12,20,,4587,9838,131,2765,10313,4774,1
Página12,20,,4571,9849,133,2762,10325,4776,1
Página12,20,,4580,9855,131,2765,10330,4776,1
Página12,20,,4565,9871,131,2764,10342,4776,1
Página12,20,,4595,9867,131,2766,10349,4779,1
Página12,20,,4597,9876,131,2766,10357,4778,1
Página12,20,,4596,9892,131,2767,10359,4779,1
Página12,20,,4599,9900,131,2768,10367,4778,1
Página12,20,,4598,9906,132,2767,10373,4779,1
Página12,20,,4599,9916,132,2763,10384,4773,1
Página12,20,,4599,9920,133,2766,10375,4778,1
Página12,20,,4600,9924,131,2763,10380,4777,1
Página12,20,,4599,9929,131,2770,10397,4772,1
Página12,20,,4599,9932,132,2772,10400,4772,1
Página12,20,,4593,9923,132,2772,10396,4778,1
Página12,20,,4598,9939,132,2774,10395,4781,1
Página12,20,,4599,9968,131,2774,10363,4779,1
Página12,20,,4598,9968,131,2775,10357,4779,1
Página12,20,,4596,9963,132,2776,10362,4773,1
Página12,20,,4594,9955,132,2776,10350,4774,1
Página12,20,,4595,9945,132,2778,10337,4775,1
Página12,20,,4585,9932,131,2777,10323,4781,1
Página12,20,,4590,9917,132,2778,10313,4781,1
Página12,20,,4590,9906,131,2778,10304,4780,1
Página12,20,,4589,9895,131,2779,10296,4780,1
Página12,20,,4587,9892,131,2778,10291,4781,1
Página12,20,,4585,9900,131,2776,10286,4779,1
Página12,20,,4585,9891,131,2778,10280,4779,1
Página12,20,,4579,9888,131,2779,10274,4779,1
Página12,20,,4575,9883,131,2778,10269,4779,1
Página12,20,,4580,9879,131,2778,10263,4778,1
Página12,20,,4574,9876,132,2778,10261,4778,1
Página12,20,,4579,9874,131,2777,10259,4776,1
Página12,20,,4579,9873,131,2778,10258,4776,1
Página12,20,,4571,9872,131,2777,10256,4776,1
Página12,20,,4570,9871,130,2777,10256,4775,1
Página12,20,,4575,9859,132,2776,10260,4777,1
Página12,20,,4572,9862,132,2768,10239,4773,1
Página12,20,,4568,9855,131,2762,10225,4770,1
Página12,20,,4567,9852,132,2760,10237,4769,1
Página12,20,,4565,9849,130,2761,10232,4768,1
Página12,20,,4565,9845,131,2763,10228,4768,1
Página12,20,,4565,9843,131,2763,10226,4768,1
Página12,20,,4563,9838,130,2762,10222,4766,1
Página12,20,,4562,9834,131,2759,10219,4767,1
Página12,20,,4561,9836,131,2758,10220,4766,1
Página12,20,,4560,9840,130,2752,10224,4766,1
Página12,20,,4560,9845,130,2754,10231,4766,1
Página12,20,,4560,9852,131,2760,10237,4765,1
Página12,20,,4560,9858,131,2761,10249,4769,1
Página12,20,,4562,9868,130,2760,10256,4768,1
Página12,20,,4559,9865,130,2761,10252,4769,1
Página12,20,,4559,9860,130,2761,10248,4769,1
Página12,20,,4558,9852,130,2761,10240,4770,1
Página12,20,,4557,9846,130,2759,10234,4770,1
Página12,20,,4558,9843,129,2761,10231,4771,1
Página12,20,,4556,9837,131,2760,10225,4771,1
Página12,20,,4556,9835,130,2760,10223,4770,1
Página12,20,,4556,9831,130,2760,10218,4770,1
Página12,20,,4555,9828,130,2760,10215,4769,1
Página12,20,,4555,9831,130,2760,10220,4771,1
Página12,20,,4555,9833,130,2759,10221,4769,1
Página12,20,,4555,9840,130,2756,10230,4769,1
Página12,20,,4556,9848,130,2759,10238,4769,1
Página12,20,,4556,9855,131,2760,10247,4769,1
Página12,20,,4557,9861,130,2762,10255,4769,1
Página12,20,,4558,9867,131,2760,10260,4770,1
Página12,20,,4557,9868,130,2761,10262,4770,1
Página12,20,,4559,9871,130,2762,10264,4770,1
Página12,20,,4558,9873,130,2761,10267,4771,1
Página12,20,,4559,9875,130,2763,10270,4771,1
Página12,20,,4559,9878,130,2762,10273,4773,1
Página12,20,,4560,9881,130,2762,10276,4773,1
Página12,20,,4560,9883,130,2762,10279,4772,1
Página12,20,,4560,9886,130,2761,10283,4773,1
Página12,20,,4560,9889,130,2761,10286,4772,1
Página12,20,,4561,9891,131,2762,10281,4772,1
Página12,20,,4561,9893,131,2763,10291,4774,1
Página12,20,,4561,9891,130,2758,10290,4774,1
Página12,20,,4561,9890,131,2761,10289,4774,1
Página12,20,,4561,9890,130,2757,10289,4775,1
Página12,20,,4561,9891,130,2761,10292,4774,1
Página12,20,,4563,9895,132,2763,10299,4774,1
Página12,20,,4561,9898,132,2760,10300,4775,1
Página12,20,,4563,9903,130,2760,10306,4775,1
Página12,20,,4563,9908,131,2762,10312,4775,1
Página12,20,,4564,9912,131,2764,10316,4775,1
Página12,20,,4564,9919,132,2765,10326,4776,1
Página12,20,,4565,9920,132,2763,10324,4776,1
Página12,20,,4564,9917,131,2766,10323,4776,1
Página12,20,,4564,9913,130,2767,10318,4777,1
Página12,20,,4563,9907,131,2766,10313,4776,1
Página12,20,,4563,9881,131,2760,10296,4776,1
Página12,20,,4557,9867,130,2753,10277,4770,1
Página12,20,,4557,9864,130,2751,10275,4766,1
Página12,20,,4558,9867,131,2755,10285,4763,1
Página12,20,,4556,9864,131,2756,10284,4767,1
Página12,20,,4551,9856,129,2758,10297,4766,1
Página12,20,,4550,9872,130,2759,10286,4766,1
Página12,20,,4550,9873,131,2760,10287,4766,1
Página12,20,,4551,9875,132,2741,10287,4766,1
Página12,20,,4555,9877,130,2759,10292,4768,1
Página12,20,,4555,9874,130,2759,10288,4767,1
Página12,20,,4553,9875,131,2762,10290,4767,1
Página12,20,,4548,9876,131,2763,10292,4768,1
Página12,20,,4551,9879,130,2763,10293,4768,1
Página12,20,,4549,9880,131,2762,10296,4769,1
Página12,20,,4548,9878,130,2762,10295,4769,1
Página12,20,,4546,9878,132,2762,10295,4770,1
Página12,20,,4552,9870,129,2763,10294,4771,1
Página12,20,,4551,9864,131,2765,10295,4770,1
Página12,20,,4552,9878,130,2763,10291,4770,1
Página12,20,,4545,9880,131,2761,10303,4773,1
Página12,20,,4543,9880,131,2765,10300,4770,1
Página12,20,,4543,9881,131,2763,10303,4769,1
Página12,20,,4543,9883,130,2763,10306,4770,1
Página12,20,,4549,9871,130,2760,10311,4771,1
Página12,20,,4551,9888,131,2759,10314,4770,1
Página12,20,,4551,9884,131,2765,10312,4769,1
Página12,20,,4551,9884,131,2765,10311,4767,1
Página12,20,,4552,9883,131,2765,10315,4768,1
Página12,20,,4550,9891,131,2760,10311,4767,1
Página12,20,,4548,9895,131,2759,10311,4768,1
Página12,20,,4555,9904,130,2759,10307,4768,1
Página12,20,,4556,9907,131,2763,10308,4766,1
Página12,20,,4557,9910,131,2764,10309,4767,1
Página12,20,,4557,9912,131,2765,10310,4764,1
Página12,20,,4557,9914,131,2767,10316,4766,1
Página12,20,,4557,9919,131,2766,10315,4763,1
Página12,20,,4557,9920,131,2766,10318,4764,1
Página12,20,,4559,9922,130,2766,10320,4763,1
Página12,20,,4559,9925,132,2767,10323,4763,1
Página12,20,,4559,9928,131,2769,10326,4762,1
Página12,20,,4560,9930,131,2768,10329,4763,1
Página12,20,,4558,9930,131,2770,10329,4761,1
Página12,20,,4558,9931,131,2771,10329,4761,1
Página12,20,,4558,9932,131,2770,10331,4761,1
Página12,20,,4558,9932,130,2772,10330,4761,1
Página12,20,,4560,9936,132,2773,10332,4764,1
Página12,20,,4560,9935,132,2771,10334,4762,1
Página12,20,,4559,9938,131,2773,10338,4763,1
Página12,20,,4560,9940,131,2773,10339,4764,1
Página12,20,,4561,9941,132,2770,10341,4764,1
Página12,20,,4561,9941,132,2773,10342,4764,1
Página12,20,,4562,9941,131,2768,10342,4765,1
Página12,20,,4561,9940,131,2772,10338,4766,1
Página12,20,,4562,9938,132,2775,10338,4766,1
Página12,20,,4562,9938,133,2774,10338,4767,1
Página12,20,,4564,9941,131,2770,10342,4767,1
Página12,20,,4562,9948,131,2764,10351,4766,1
Página12,20,,4561,9946,131,2762,10345,4765,1
Página12,20,,4561,9942,131,2767,10348,4760,1
Página12,20,,4561,9924,131,2766,10357,4763,1
Página12,20,,4561,9914,132,2771,10351,4762,1
Página12,20,,4561,9906,130,2772,10348,4764,1
Página12,20,,4560,9898,131,2773,10347,4763,1
Página12,20,,4560,9888,131,2774,10349,4765,1
Página12,20,,4561,9889,132,2775,10351,4770,1
Página12,20,,4559,9867,131,2775,10351,4771,1
Página12,20,,4559,9867,131,2776,10351,4772,1
Página12,20,,4561,9876,131,2778,10350,4773,1
Página12,20,,4561,9876,130,2778,10350,4772,1
Página12,20,,4561,9893,132,2778,10339,4774,1
Página12,20,,4557,9890,131,2775,10366,4774,1
Página12,20,,4563,9912,131,2777,10357,4774,1
Página12,20,,4562,9917,130,2778,10363,4775,1
Página12,20,,4564,9923,132,2779,10369,4775,1
Página12,20,,4563,9929,132,2780,10377,4776,1
Página12,20,,4564,9938,132,2778,10386,4777,1
Página12,20,,4565,9941,131,2781,10391,4777,1
Página12,20,,4566,9948,132,2783,10399,4777,1
Página12,20,,4566,9951,132,2783,10400,4776,1
Página12,20,,4564,9952,131,2783,10402,4775,1
Página12,20,,4560,9954,132,2782,10404,4776,1
Página12,20,,4566,9956,131,2781,10407,4776,1
Página12,20,,4567,9957,130,2780,10410,4776,1
Página12,20,,4566,9952,131,2782,10405,4774,1
Página12,20,,4566,9944,131,2783,10399,4775,1
Página12,20,,4565,9936,132,2785,10393,4777,1
Página12,20,,4560,9927,131,2782,10386,4774,1
Página12,20,,4563,9919,131,2783,10385,4774,1
Página12,20,,4562,9908,132,2782,10387,4774,1
Página12,20,,4563,9927,131,2784,10368,4773,1
Página12,20,,4562,9925,131,2779,10366,4774,1
Página12,20,,4563,9925,131,2781,10367,4775,1
Página12,20,,4561,9923,132,2784,10366,4775,1
Página12,20,,4561,9926,131,2782,10371,4775,1
Página12,20,,4563,9926,130,2783,10375,4775,1
Página12,20,,4563,9923,132,2784,10376,4775,1
Página12,20,,4561,9912,130,2784,10373,4773,1
Página12,20,,4560,9901,131,2782,10366,4773,1
Página12,20,,4558,9894,133,2782,10363,4772,1
Página12,20,,4559,9889,131,2782,10357,4771,1
Página12,20,,4559,9889,131,2782,10351,4771,1
Página12,20,,4558,9880,133,2782,10351,4774,1
Página12,20,,4558,9877,132,2777,10350,4771,1
Página12,20,,4554,9860,132,2778,10347,4770,1
Página12,20,,4552,9842,131,2780,10349,4769,1
Página12,20,,4550,9836,133,2778,10342,4769,1
Página12,20,,4549,9833,131,2777,10336,4768,1
Página12,20,,4548,9832,131,2776,10335,4768,1
Página12,20,,4548,9838,131,2778,10333,4767,1
Página12,20,,4548,9842,131,2779,10337,4768,1
Página12,20,,4546,9831,131,2770,10339,4766,1
Página12,20,,4545,9844,130,2763,10318,4764,1
Página12,20,,4543,9863,132,2763,10311,4763,1
Página12,20,,4542,9863,132,2767,10309,4763,1
Página12,20,,4541,9862,130,2769,10308,4764,1
Página12,20,,4540,9851,132,2768,10315,4757,1
Página12,20,,4539,9837,131,2769,10321,4757,1
Página12,20,,4537,9830,131,2771,10309,4763,1
Página12,20,,4536,9815,131,2770,10332,4758,1
Página12,20,,4536,9805,131,2770,10342,4759,1
Página12,20,,4539,9852,130,2769,10316,4757,1
Página12,20,,4539,9854,130,2771,10318,4757,1
Página12,20,,4539,9857,132,2772,10321,4758,1
Página12,20,,4537,9857,131,2771,10326,4760,1
Página12,20,,4538,9852,131,2770,10330,4758,1
Página12,20,,4538,9823,131,2770,10344,4762,1
Página12,20,,4525,9828,130,2767,10342,4763,1
Página12,20,,4530,9830,131,2769,10340,4763,1
Página12,20,,4533,9784,131,2771,10346,4763,1
Página12,20,,4532,9796,131,2771,10345,4763,1
Página12,20,,4530,9782,131,2772,10361,4764,1
Página12,20,,4529,9755,132,2770,10380,4764,1
Página12,20,,4530,9772,131,2772,10375,4763,1
Página12,20,,4526,9721,131,2772,10422,4764,1
Página12,20,,4526,9735,131,2773,10423,4765,1
Página12,20,,4529,9752,131,2774,10412,4764,1
Página12,20,,4535,9830,132,2773,10365,4764,1
Página12,20,,4535,9839,132,2770,10378,4764,1
Página12,20,,4535,9846,131,2772,10378,4764,1
Página12,20,,4535,9862,130,2772,10374,4764,1
Página12,20,,4533,9873,130,2772,10374,4764,1
Página12,20,,4530,9881,131,2774,10380,4766,1
Página12,20,,4536,9891,130,2768,10383,4763,1
Página12,20,,4536,9893,130,2772,10386,4763,1
Página12,20,,4536,9890,131,2771,10381,4763,1
Página12,20,,4535,9878,130,2769,10365,4762,1
Página12,20,,4537,9856,130,2764,10333,4762,1
Página12,20,,4531,9835,130,2765,10313,4758,1
Página12,20,,4528,9817,130,2763,10293,4757,1
Página12,20,,4525,9794,131,2761,10267,4758,1
Página12,20,,4522,9773,129,2762,10246,4757,1
Página12,20,,4521,9771,130,2762,10240,4756,1
Página12,20,,4508,9763,129,2757,10232,4756,1
Página12,20,,4512,9768,129,2763,10239,4755,1
Página12,20,,4512,9778,130,2763,10250,4754,1
Página12,20,,4511,9786,129,2758,10257,4753,1
Página12,20,,4518,9786,130,2761,10258,4752,1
Página12,20,,4519,9789,130,2760,10262,4752,1
Página12,20,,4517,9784,130,2761,10255,4751,1
Página12,20,,4516,9776,129,2759,10247,4749,1
Página12,20,,4515,9777,130,2761,10247,4748,1
Página12,20,,4514,9778,130,2762,10249,4747,1
Página12,20,,4517,9779,130,2760,10246,4744,1
Página12,20,,4514,9775,130,2757,10245,4741,1
Página12,20,,4514,9777,128,2759,10246,4745,1
Página12,20,,4513,9785,130,2754,10255,4745,1
Página12,20,,4512,9796,131,2746,10265,4744,1
Página12,20,,4505,9801,130,2744,10273,4740,1
Página12,20,,4505,9806,129,2749,10281,4739,1
Página12,20,,4505,9815,129,2750,10288,4739,1
Página12,20,,4508,9827,130,2750,10302,4741,1
Página12,20,,4508,9830,130,2751,10305,4740,1
Página12,20,,4506,9815,129,2746,10288,4740,1
Página12,20,,4503,9786,128,2747,10255,4740,1
Página12,20,,4500,9764,128,2749,10232,4740,1
Página12,20,,4502,9751,129,2750,10217,4747,1
Página12,20,,4490,9741,130,2747,10208,4746,1
Página12,20,,4489,9751,129,2749,10215,4746,1
Página12,20,,4495,9749,129,2750,10224,4747,1
Página12,20,,4487,9761,129,2750,10236,4747,1
Página12,20,,4496,9771,129,2750,10245,4749,1
Página12,20,,4492,9796,129,2748,10261,4749,1
Página12,20,,4494,9806,130,2746,10272,4750,1
Página12,20,,4494,9808,129,2746,10274,4751,1
Página12,20,,4493,9806,129,2746,10272,4752,1
Página12,20,,4491,9807,128,2744,10272,4752,1
Página12,20,,4487,9814,129,2746,10280,4754,1
Página12,20,,4493,9829,129,2746,10295,4753,1
Página12,20,,4495,9845,129,2748,10315,4755,1
Página12,20,,4496,9863,129,2748,10335,4755,1
Página12,20,,4491,9877,130,2749,10351,4756,1
Página12,20,,4500,9890,129,2748,10365,4758,1
Página12,20,,4501,9903,129,2749,10381,4757,1
Página12,20,,4502,9912,129,2749,10389,4756,1
Página12,20,,4480,9914,128,2749,10400,4757,1
Página12,20,,4505,9928,130,2749,10407,4757,1
Página12,20,,4499,9935,131,2752,10414,4757,1
Página12,20,,4501,9939,129,2751,10420,4759,1
Página12,20,,4507,9941,131,2750,10420,4758,1
Página12,20,,4506,9934,129,2752,10420,4759,1
Página12,20,,4506,9928,129,2753,10414,4759,1
Página12,20,,4506,9923,130,2755,10408,4760,1
Página12,20,,4508,9918,129,2755,10406,4761,1
Página12,20,,4503,9908,129,2755,10393,4761,1
Página12,20,,4504,9901,130,2757,10388,4762,1
Página12,20,,4505,9896,130,2758,10383,4761,1
Página12,20,,4505,9894,130,2759,10381,4762,1
Página12,20,,4505,9889,130,2759,10384,4763,1
Página12,20,,4500,9894,130,2754,10386,4763,1
Página12,20,,4500,9893,130,2761,10387,4764,1
Página12,20,,4500,9894,130,2761,10388,4764,1
Página12,20,,4500,9892,129,2759,10388,4766,1
Página12,20,,4500,9889,130,2760,10388,4765,1
Página12,20,,4501,9870,130,2761,10399,4766,1
Página12,20,,4500,9869,129,2760,10402,4766,1
Página12,20,,4500,9870,129,2759,10404,4766,1
Página12,20,,4500,9869,130,2763,10405,4765,1
Página12,20,,4500,9867,130,2763,10402,4766,1
Página12,20,,4500,9863,130,2763,10406,4765,1
Página12,20,,4499,9838,130,2762,10424,4766,1
Página12,20,,4494,9781,130,2764,10460,4766,1
Página12,20,,4499,9869,131,2756,10395,4765,1
Página12,20,,4501,9882,131,2750,10394,4765,1
Página12,20,,4500,9888,130,2752,10396,4763,1
Página12,20,,4499,9891,131,2757,10401,4764,1
Página12,20,,4499,9895,131,2760,10403,4765,1
Página12,20,,4503,9914,131,2760,10399,4765,1
Página12,20,,4503,9917,131,2762,10387,4766,1
Página12,20,,4502,9922,131,2762,10387,4766,1
Página12,20,,4503,9926,131,2762,10388,4768,1
Página12,20,,4503,9928,131,2765,10394,4768,1
Página12,20,,4506,9931,131,2766,10404,4762,1
Página12,20,,4505,9933,132,2768,10407,4763,1
Página12,20,,4506,9933,131,2770,10408,4763,1
Página12,20,,4506,9933,130,2769,10406,4764,1
Página12,20,,4506,9936,130,2770,10406,4764,1
Página12,20,,4506,9937,131,2770,10407,4771,1
Página12,20,,4506,9949,132,2770,10408,4773,1
Página12,20,,4508,9940,131,2770,10398,4772,1
Página12,20,,4507,9942,130,2770,10409,4766,1
Página12,20,,4507,9943,132,2770,10411,4766,1
Página12,20,,4506,9942,131,2771,10411,4767,1
Página12,20,,4508,9943,131,2768,10414,4769,1
Página12,20,,4508,9944,130,2768,10420,4767,1
Página12,20,,4507,9944,131,2770,10418,4767,1
Página12,20,,4508,9947,130,2772,10420,4766,1
Página12,20,,4508,9949,132,2772,10424,4766,1
Página12,20,,4508,9950,129,2770,10425,4772,1
Página12,20,,4509,9952,132,2772,10426,4767,1
Página12,20,,4508,9953,131,2773,10423,4766,1
Página12,20,,4508,9952,131,2773,10421,4767,1
Página12,20,,4508,9949,131,2771,10419,4768,1
Página12,20,,4508,9947,132,2771,10418,4772,1
Página12,20,,4507,9942,131,2771,10420,4771,1
Página12,20,,4501,9937,130,2769,10412,4772,1
Página12,20,,4500,9935,131,2771,10406,4771,1
Página12,20,,4506,9920,131,2772,10403,4771,1
Página12,20,,4506,9912,131,2770,10403,4771,1
Página12,20,,4506,9909,131,2770,10401,4772,1
Página12,20,,4507,9908,130,2770,10401,4770,1
Página12,20,,4508,9911,131,2773,10405,4769,1
Página12,20,,4508,9929,131,2774,10405,4769,1
Página12,20,,4510,9942,131,2775,10411,4768,1
Página12,20,,4511,9952,132,2774,10421,4768,1
Página12,20,,4512,9964,130,2772,10436,4768,1
Página12,20,,4513,9960,131,2773,10455,4768,1
Página12,20,,4513,9966,132,2773,10461,4768,1
Página12,20,,4514,9970,132,2773,10465,4768,1
Página12,20,,4514,9984,130,2774,10452,4768,1
Página12,20,,4516,9993,131,2769,10460,4769,1
Página12,20,,4515,9981,131,2773,10462,4768,1
Página12,20,,4516,9992,131,2775,10459,4769,1
Página12,20,,4516,9996,131,2776,10452,4768,1
Página12,20,,4516,9999,132,2775,10449,4769,1
Página12,20,,4518,10004,131,2774,10472,4765,1
Página12,20,,4516,10001,129,2774,10469,4770,1
Página12,20,,4516,10000,131,2768,10470,4770,1
Página12,20,,4516,10004,132,2763,10477,4769,1
Página12,20,,4513,10004,132,2762,10471,4768,1
Página12,20,,4513,10005,131,2768,10472,4768,1
Página12,20,,4514,10007,132,2771,10474,4768,1
Página12,20,,4514,10007,132,2772,10475,4769,1
Página12,20,,4515,10009,132,2772,10476,4770,1
Página12,20,,4516,10016,132,2774,10467,4772,1
Página12,20,,4516,10016,130,2775,10464,4771,1
Página12,20,,4517,10016,132,2777,10463,4772,1
Página12,20,,4516,10014,131,2776,10462,4773,1
Página12,20,,4513,10015,131,2777,10464,4773,1
Página12,20,,4516,10010,131,2778,10458,4768,1
Página12,20,,4517,10009,132,2778,10455,4769,1
Página12,20,,4517,10007,131,2780,10454,4769,1
Página12,20,,4517,10007,131,2779,10454,4775,1
Página12,20,,4517,10006,133,2780,10449,4777,1
Página12,20,,4517,10011,132,2781,10458,4776,1
Página12,20,,4517,10013,132,2781,10461,4776,1
Página12,20,,4517,10017,133,2781,10464,4776,1
Página12,20,,4518,10021,131,2782,10470,4777,1
Página12,20,,4518,10024,132,2781,10476,4778,1
Página12,20,,4517,10016,131,2783,10471,4780,1
Página12,20,,4518,10016,132,2776,10477,4779,1
Página12,20,,4517,10016,133,2781,10479,4779,1
Página12,20,,4518,10017,132,2783,10480,4779,1
Página12,20,,4518,10030,133,2784,10468,4780,1
Página12,20,,4518,10030,132,2782,10474,4781,1
Página12,20,,4519,10019,132,2784,10483,4782,1
Página12,20,,4520,10021,132,2785,10483,4781,1
Página12,20,,4520,10034,133,2784,10473,4781,1
Página12,20,,4520,10037,132,2785,10477,4782,1
Página12,20,,4520,10042,131,2784,10488,4782,1
Página12,20,,4520,10045,131,2783,10503,4777,1
Página12,20,,4515,10053,133,2783,10507,4783,1
Página12,20,,4520,10051,133,2785,10512,4783,1
Página12,20,,4522,10045,131,2785,10515,4783,1
Página12,20,,4522,10048,133,2780,10518,4783,1
Página12,20,,4524,10068,131,2786,10516,4783,1
Página12,20,,4527,10082,131,2786,10526,4783,1
Página12,20,,4525,10085,132,2787,10535,4782,1
Página12,20,,4525,10090,133,2786,10542,4781,1
Página12,20,,4526,10093,132,2790,10546,4781,1
Página12,20,,4524,10096,133,2789,10550,4781,1
Página12,20,,4522,10097,132,2787,10552,4781,1
Página12,20,,4527,10093,131,2791,10550,4781,1
Página12,20,,4526,10091,131,2791,10548,4780,1
Página12,20,,4521,10088,134,2793,10545,4778,1
Página12,20,,4521,10085,133,2789,10544,4775,1
Página12,20,,4523,10090,132,2792,10543,4774,1
Página12,20,,4525,10053,133,2790,10512,4771,1
Página12,20,,4508,10004,132,2790,10505,4768,1
Página12,20,,4522,9989,132,2787,10464,4767,1
Página12,20,,4519,9980,132,2787,10453,4766,1
Página12,20,,4517,9969,132,2787,10437,4766,1
Página12,20,,4512,9930,132,2778,10393,4756,1
Página12,20,,4507,9906,133,2769,10370,4751,1
Página12,20,,4506,9912,132,2767,10364,4750,1
Página12,20,,4505,9910,132,2769,10373,4754,1
Página12,20,,4504,9909,132,2772,10372,4754,1
Página12,20,,4505,9912,132,2773,10379,4754,1
Página12,20,,4505,9910,133,2774,10377,4753,1
Página12,20,,4505,9889,132,2773,10365,4754,1
Página12,20,,4502,9878,131,2769,10344,4752,1
Página12,20,,4500,9865,132,2770,10330,4752,1
Página12,20,,4498,9841,131,2769,10311,4750,1
Página12,20,,4496,9831,131,2767,10302,4749,1
Página12,20,,4494,9824,131,2766,10297,4748,1
Página12,20,,4492,9800,131,2750,10303,4748,1
Página12,20,,4490,9792,130,2766,10317,4747,1
Página12,20,,4491,9799,130,2766,10329,4747,1
Página12,20,,4491,9803,130,2764,10334,4747,1
Página12,20,,4491,9808,130,2766,10340,4747,1
Página12,20,,4492,9815,131,2767,10348,4747,1
Página12,20,,4492,9822,132,2767,10353,4745,1
Página12,20,,4494,9836,130,2766,10358,4746,1
Página12,20,,4494,9845,132,2756,10366,4746,1
Página12,20,,4495,9854,130,2767,10380,4747,1
Página12,20,,4498,9869,130,2767,10394,4748,1
Página12,20,,4497,9866,132,2767,10405,4746,1
Página12,20,,4499,9875,132,2765,10416,4747,1
Página12,20,,4501,9898,131,2767,10418,4747,1
Página12,20,,4503,9916,132,2769,10423,4748,1
Página12,20,,4503,9912,132,2771,10447,4749,1
Página12,20,,4505,9911,131,2772,10474,4751,1
Página12,20,,4504,9910,132,2773,10487,4748,1
Página12,20,,4505,9929,132,2773,10494,4748,1
Página12,20,,4506,9950,132,2776,10496,4747,1
Página12,20,,4503,9967,131,2777,10498,4747,1
Página12,20,,4501,9983,133,2778,10505,4746,1
Página12,20,,4500,9975,132,2777,10528,4747,1
Página12,20,,4502,9982,132,2778,10535,4748,1
Página12,20,,4501,9990,133,2781,10539,4748,1
Página12,20,,4502,10005,132,2778,10528,4747,1
Página12,20,,4503,10007,132,2780,10535,4749,1
Página12,20,,4504,10009,132,2779,10551,4748,1
Página12,20,,4504,9996,131,2781,10549,4746,1
Página12,20,,4506,9988,133,2781,10544,4745,1
Página12,20,,4504,9977,132,2782,10534,4744,1
Página12,20,,4502,9963,133,2783,10519,4743,1
Página12,20,,4503,9937,132,2780,10493,4743,1
Página12,20,,4500,9921,132,2781,10475,4742,1
Página12,20,,4499,9915,131,2781,10468,4742,1
Página12,20,,4496,9921,133,2779,10465,4742,1
Página12,20,,4498,9919,132,2779,10469,4742,1
Página12,20,,4499,9927,132,2779,10481,4742,1
Página12,20,,4499,9942,134,2778,10483,4743,1
Página12,20,,4500,9943,132,2773,10486,4743,1
Página12,20,,4500,9947,133,2770,10488,4744,1
Página12,20,,4499,9949,134,2778,10492,4745,1
Página12,20,,4500,9956,132,2772,10500,4747,1
Página12,20,,4499,9965,131,2767,10510,4742,1
Página12,20,,4498,9970,132,2769,10515,4750,1
Página12,20,,4499,9977,133,2772,10521,4752,1
Página12,20,,4497,9970,133,2770,10517,4753,1
Página12,20,,4496,9969,132,2775,10514,4754,1
Página12,20,,4496,9969,132,2777,10515,4755,1
Página12,20,,4496,9968,134,2778,10514,4756,1
Página12,20,,4497,9967,133,2775,10514,4758,1
Página12,20,,4497,9967,133,2778,10513,4759,1
Página12,20,,4496,9965,132,2779,10513,4761,1
Página12,20,,4496,9965,133,2779,10512,4761,1
Página12,20,,4497,9969,132,2782,10519,4761,1
Página12,20,,4494,9987,133,2783,10512,4764,1
Página12,20,,4500,9994,133,2781,10547,4761,1
Página12,20,,4502,10006,132,2782,10559,4762,1
Página12,20,,4503,10013,133,2785,10565,4761,1
Página12,20,,4503,10018,133,2785,10570,4761,1
Página12,20,,4505,10020,133,2785,10575,4756,1
Página12,20,,4506,10028,133,2786,10580,4762,1
Página12,20,,4506,10026,134,2786,10581,4759,1
Página12,20,,4505,10029,134,2787,10584,4759,1
Página12,20,,4506,10026,133,2787,10581,4758,1
Página12,20,,4505,10015,134,2784,10569,4757,1
Página12,20,,4506,9996,133,2785,10551,4750,1
Página12,20,,4502,9974,134,2782,10527,4750,1
Página12,20,,4503,9959,132,2785,10515,4749,1
Página12,20,,4502,9951,132,2787,10505,4755,1
Página12,20,,4500,9945,134,2786,10498,4755,1
Página12,20,,4500,9944,133,2788,10499,4755,1
Página12,20,,4502,9958,132,2788,10496,4756,1
Página12,20,,4501,9963,134,2788,10499,4757,1
Página12,20,,4501,9964,132,2787,10500,4757,1
Página12,20,,4502,9966,133,2786,10503,4759,1
Página12,20,,4502,9970,133,2781,10507,4760,1
Página12,20,,4502,9972,132,2786,10515,4762,1
Página12,20,,4500,9947,133,2786,10501,4762,1
Página12,20,,4496,9929,132,2780,10461,4762,1
Página12,20,,4494,9913,132,2786,10440,4764,1
Página12,20,,4493,9907,132,2785,10445,4761,1
Página12,20,,4492,9905,132,2784,10449,4760,1
Página12,20,,4492,9910,134,2785,10455,4761,1
Página12,20,,4492,9916,133,2785,10453,4764,1
Página12,20,,4493,9930,133,2784,10464,4760,1
Página12,20,,4492,9938,132,2784,10467,4760,1
Página12,20,,4491,9934,133,2783,10458,4767,1
Página12,20,,4492,9928,133,2782,10459,4769,1
Página12,20,,4490,9910,133,2779,10449,4768,1
Página12,20,,4486,9887,132,2779,10422,4767,1
Página12,20,,4484,9863,131,2779,10397,4765,1
Página12,20,,4482,9870,131,2778,10382,4763,1
Página12,20,,4481,9862,132,2779,10369,4762,1
Página12,20,,4479,9848,132,2777,10376,4754,1
Página12,20,,4477,9829,131,2776,10367,4760,1
Página12,20,,4476,9829,132,2777,10368,4760,1
Página12,20,,4474,9840,131,2768,10369,4759,1
Página12,20,,4472,9861,132,2761,10397,4757,1
Página12,20,,4467,9886,131,2759,10425,4756,1
Página12,20,,4470,9899,130,2760,10440,4755,1
Página12,20,,4477,9901,132,2762,10455,4756,1
Página12,20,,4476,9916,131,2762,10459,4755,1
Página12,20,,4477,9915,132,2762,10459,4756,1
Página12,20,,4475,9910,132,2761,10453,4757,1
Página12,20,,4475,9900,132,2760,10445,4757,1
Página12,20,,4474,9896,131,2761,10442,4757,1
Página12,20,,4473,9890,130,2761,10442,4758,1
Página12,20,,4472,9886,131,2763,10437,4757,1
Página12,20,,4473,9891,131,2764,10443,4757,1
Página12,20,,4472,9895,131,2765,10451,4756,1
Página12,20,,4473,9901,131,2761,10471,4756,1
Página12,20,,4473,9897,132,2757,10482,4756,1
Página12,20,,4473,9902,131,2761,10493,4755,1
Página12,20,,4474,9909,132,2764,10504,4756,1
Página12,20,,4475,9914,132,2767,10513,4755,1
Página12,20,,4470,9919,132,2767,10523,4754,1
Página12,20,,4471,9922,133,2768,10536,4755,1
Página12,20,,4480,9930,133,2764,10545,4754,1
Página12,20,,4479,9933,131,2769,10550,4752,1
Página12,20,,4480,9934,132,2770,10551,4752,1
Página12,20,,4479,9925,131,2768,10542,4750,1
Página12,20,,4479,9906,134,2767,10522,4749,1
Página12,20,,4478,9885,132,2767,10497,4749,1
Página12,20,,4477,9871,132,2765,10483,4748,1
Página12,20,,4475,9856,132,2766,10467,4747,1
Página12,20,,4474,9843,131,2767,10454,4746,1
Página12,20,,4474,9837,131,2770,10447,4746,1
Página12,20,,4474,9836,132,2770,10451,4747,1
Página12,20,,4476,9846,132,2769,10456,4745,1
Página12,20,,4475,9851,131,2767,10467,4745,1
Página12,20,,4475,9857,132,2767,10475,4743,1
Página12,20,,4475,9861,132,2768,10481,4743,1
Página12,20,,4476,9862,131,2767,10483,4743,1
Página12,20,,4476,9866,133,2768,10485,4743,1
Página12,20,,4475,9868,132,2768,10484,4745,1
Página12,20,,4476,9873,133,2770,10484,4746,1
Página12,20,,4476,9876,132,2769,10487,4744,1
Página12,20,,4476,9875,132,2768,10488,4743,1
Página12,20,,4478,9867,133,2767,10479,4739,1
Página12,20,,4474,9851,131,2764,10447,4742,1
Página12,20,,4474,9847,132,2762,10441,4741,1
Página12,20,,4473,9842,132,2764,10436,4740,1
Página12,20,,4473,9839,132,2765,10433,4741,1
Página12,20,,4472,9840,132,2766,10436,4741,1
Página12,20,,4473,9842,132,2765,10433,4742,1
Página12,20,,4471,9830,133,2762,10423,4739,1
Página12,20,,4475,9896,132,2764,10366,4739,1
Página12,20,,4474,9884,133,2763,10372,4738,1
Página12,20,,4474,9893,132,2762,10381,4739,1
Página12,20,,4475,9903,131,2757,10391,4739,1
Página12,20,,4475,9909,133,2758,10399,4739,1
Página12,20,,4476,9918,132,2757,10407,4740,1
Página12,20,,4476,9926,133,2750,10403,4737,1
Página12,20,,4472,9904,132,2741,10388,4733,1
Página12,20,,4469,9885,133,2748,10374,4730,1
Página12,20,,4469,9873,134,2752,10363,4729,1
Página12,20,,4467,9862,133,2752,10354,4730,1
Página12,20,,4467,9857,132,2754,10351,4729,1
Página12,20,,4466,9849,133,2753,10344,4728,1
Página12,20,,4465,9842,133,2754,10334,4727,1
Página12,20,,4464,9842,132,2754,10336,4728,1
Página12,20,,4465,9849,133,2752,10344,4729,1
Página12,20,,4467,9859,132,2754,10354,4730,1
Página12,20,,4466,9866,133,2752,10366,4731,1
Página12,20,,4467,9874,131,2753,10377,4732,1
Página12,20,,4468,9880,132,2755,10386,4731,1
Página12,20,,4468,9875,133,2758,10385,4730,1
Página12,20,,4466,9835,132,2757,10382,4729,1
Página12,20,,4462,9800,132,2752,10363,4726,1
Página12,20,,4461,9787,133,2753,10355,4726,1
Página12,20,,4461,9804,131,2753,10328,4725,1
Página12,20,,4460,9797,131,2753,10335,4724,1
Página12,20,,4461,9801,131,2752,10336,4724,1
Página12,20,,4459,9798,131,2733,10337,4717,1
Página12,20,,4459,9801,133,2748,10341,4718,1
Página12,20,,4460,9805,132,2751,10346,4722,1
Página12,20,,4460,9811,131,2752,10352,4723,1
Página12,20,,4461,9818,133,2753,10361,4724,1
Página12,20,,4458,9826,132,2749,10348,4722,1
Página12,20,,4463,9849,132,2754,10365,4726,1
Página12,20,,4465,9859,132,2754,10387,4726,1
Página12,20,,4466,9870,133,2757,10405,4722,1
Página12,20,,4467,9882,132,2756,10418,4723,1
Página12,20,,4469,9894,133,2755,10432,4726,1
Página12,20,,4470,9902,132,2755,10444,4727,1
Página12,20,,4472,9911,132,2758,10451,4734,1
Página12,20,,4470,9880,133,2758,10485,4735,1
Página12,20,,4470,9889,133,2761,10491,4737,1
Página12,20,,4475,9899,133,2760,10504,4741,1
Página12,20,,4477,9936,134,2754,10475,4740,1
Página12,20,,4478,9945,133,2760,10482,4741,1
Página12,20,,4480,9952,133,2762,10488,4743,1
Página12,20,,4478,9927,132,2763,10516,4744,1
Página12,20,,4482,9968,133,2761,10500,4747,1
Página12,20,,4484,9979,134,2759,10504,4747,1
Página12,20,,4485,9987,133,2762,10507,4747,1
Página12,20,,4486,10012,133,2763,10495,4749,1
Página12,20,,4487,10020,134,2764,10502,4750,1
Página12,20,,4489,10037,134,2765,10516,4745,1
Página12,20,,4490,10043,133,2766,10524,4747,1
Página12,20,,4491,10054,134,2765,10528,4754,1
Página12,20,,4487,10080,135,2768,10520,4755,1
Página12,20,,4488,10090,134,2770,10525,4755,1
Página12,20,,4495,10084,133,2773,10528,4756,1
Página12,20,,4496,10089,135,2773,10529,4757,1
Página12,20,,4497,10091,133,2773,10535,4758,1
Página12,20,,4496,10092,134,2776,10535,4758,1
Página12,20,,4496,10112,134,2771,10542,4758,1
Página12,20,,4497,10117,135,2761,10551,4758,1
Página12,20,,4495,10124,134,2760,10554,4759,1
Página12,20,,4490,10126,134,2768,10557,4759,1
Página12,20,,4490,10135,135,2770,10553,4760,1
Página12,20,,4497,10141,135,2768,10556,4763,1
Página12,20,,4497,10145,135,2773,10554,4762,1
Página12,20,,4498,10150,135,2775,10553,4763,1
Página12,20,,4498,10154,136,2772,10552,4764,1
Página12,20,,4499,10156,136,2779,10553,4765,1
Página12,20,,4499,10160,137,2781,10558,4766,1
Página12,20,,4499,10162,135,2783,10559,4767,1
Página12,20,,4500,10164,136,2785,10560,4767,1
Página12,20,,4499,10161,135,2783,10557,4768,1
Página12,20,,4500,10158,136,2787,10553,4769,1
Página12,20,,4500,10161,136,2787,10556,4772,1
Página12,20,,4501,10159,136,2787,10553,4765,1
Página12,20,,4500,10159,136,2790,10555,4768,1
Página12,20,,4500,10161,137,2790,10555,4773,1
Página12,20,,4501,10158,134,2791,10553,4774,1
Página12,20,,4501,10158,135,2790,10552,4777,1
Página12,20,,4502,10158,135,2793,10553,4771,1
Página12,20,,4502,10159,136,2793,10551,4778,1
Página12,20,,4503,10160,137,2794,10552,4779,1
Página12,20,,4503,10162,136,2795,10554,4780,1
Página12,20,,4505,10166,136,2797,10559,4781,1
Página12,20,,4505,10172,136,2797,10565,4782,1
Página12,20,,4506,10176,137,2797,10570,4782,1
Página12,20,,4507,10181,136,2795,10575,4783,1
Página12,20,,4507,10185,137,2800,10580,4784,1
Página12,20,,4509,10190,136,2801,10585,4785,1
Página12,20,,4508,10196,137,2800,10591,4788,1
Página12,20,,4507,10181,136,2802,10588,4786,1
Página12,20,,4509,10194,137,2805,10576,4786,1
Página12,20,,4509,10195,136,2806,10579,4787,1
Página12,20,,4509,10196,137,2805,10578,4788,1
Página12,20,,4509,10200,137,2807,10585,4789,1
Página12,20,,4511,10205,136,2808,10587,4789,1
Página12,20,,4512,10210,138,2809,10595,4790,1
Página12,20,,4513,10215,136,2811,10607,4785,1
Página12,20,,4514,10220,137,2811,10611,4791,1
Página12,20,,4516,10225,137,2812,10612,4790,1
Página12,20,,4515,10226,136,2806,10610,4794,1
Página12,20,,4518,10210,136,2810,10609,4796,1
Página12,20,,4519,10214,137,2811,10608,4796,1
Página12,20,,4519,10222,136,2812,10597,4797,1
Página12,20,,4520,10220,137,2814,10598,4797,1
Página12,20,,4522,10216,138,2813,10604,4792,1
Página12,20,,4514,10208,137,2810,10592,4800,1
Página12,20,,4519,10189,137,2805,10593,4799,1
Página12,20,,4519,10184,136,2812,10590,4799,1
Página12,20,,4518,10196,136,2813,10580,4799,1
Página12,20,,4518,10193,138,2814,10585,4800,1
Página12,20,,4513,10102,136,2812,10657,4801,1
Página12,20,,4519,10207,138,2808,10597,4800,1
Página12,20,,4518,10211,139,2800,10602,4799,1
Página12,20,,4513,10213,137,2799,10603,4799,1
Página12,20,,4518,10206,137,2803,10605,4799,1
Página12,20,,4519,10196,137,2804,10611,4800,1
Página12,20,,4519,10201,138,2808,10612,4800,1
Página12,20,,4520,10215,138,2810,10600,4796,1
Página12,20,,4520,10204,139,2812,10618,4803,1
Página12,20,,4520,10201,138,2812,10618,4803,1
Página12,20,,4520,10215,137,2813,10602,4804,1
Página12,20,,4520,10213,138,2814,10600,4805,1
Página12,20,,4519,10209,139,2816,10611,4800,1
Página12,20,,4521,10210,138,2814,10615,4806,1
Página12,20,,4521,10193,138,2813,10593,4808,1
Página12,20,,4517,10184,136,2814,10586,4808,1
Página12,20,,4511,10185,139,2813,10586,4809,1
Página12,20,,4510,10187,138,2812,10587,4808,1
Página12,20,,4515,10182,137,2814,10588,4808,1
Página12,20,,4517,10179,138,2812,10592,4809,1
Página12,20,,4513,10188,137,2811,10593,4808,1
Página12,20,,4517,10178,139,2813,10596,4808,1
Página12,20,,4518,10182,137,2813,10599,4809,1
Página12,20,,4518,10194,138,2814,10597,4809,1
Página12,20,,4521,10219,138,2814,10589,4810,1
Página12,20,,4520,10222,138,2813,10607,4810,1
Página12,20,,4522,10228,137,2813,10612,4812,1
Página12,20,,4523,10232,137,2814,10616,4811,1
Página12,20,,4522,10236,137,2814,10621,4812,1
Página12,20,,4523,10243,138,2815,10628,4812,1
Página12,20,,4529,10249,139,2813,10635,4814,1
Página12,20,,4531,10255,138,2811,10641,4813,1
Página12,20,,4549,10253,138,2812,10639,4814,1
Página12,20,,4547,10258,139,2816,10644,4815,1
Página12,20,,4551,10260,139,2817,10649,4817,1
Página12,20,,4551,10259,140,2817,10646,4817,1
Página12,20,,4550,10256,139,2813,10645,4817,1
Página12,20,,4561,10243,138,2816,10631,4817,1
Página12,20,,4561,10230,137,2817,10615,4817,1
Página12,20,,4560,10219,139,2819,10608,4817,1
Página12,20,,4559,10207,137,2816,10596,4818,1
Página12,20,,4556,10201,139,2820,10585,4817,1
Página12,20,,4556,10198,138,2818,10583,4817,1
Página12,20,,4555,10199,139,2819,10585,4817,1
Página12,20,,4556,10205,138,2822,10587,4818,1
Página12,20,,4557,10211,137,2820,10594,4820,1
Página12,20,,4556,10215,138,2820,10599,4820,1
Página12,20,,4556,10216,138,2820,10609,4821,1
Página12,20,,4554,10215,138,2822,10613,4821,1
Página12,20,,4554,10215,138,2821,10614,4822,1
Página12,20,,4556,10219,138,2820,10617,4824,1
Página12,20,,4554,10217,138,2819,10611,4824,1
Página12,20,,4554,10223,138,2820,10629,4818,1
Página12,20,,4554,10228,139,2819,10637,4818,1
Página12,20,,4613,10214,137,2820,10628,4824,1
Página12,20,,4597,10219,138,2821,10634,4826,1
Página12,20,,4593,10220,138,2813,10646,4826,1
Página12,20,,4596,10217,138,2803,10652,4825,1
Página12,20,,4605,10216,137,2801,10662,4826,1
Página12,20,,4599,10216,137,2810,10662,4825,1
Página12,20,,4571,10222,137,2812,10672,4826,1
Página12,20,,4520,10250,138,2813,10706,4826,1
Página12,20,,4520,10255,138,2817,10712,4827,1
Página12,20,,4527,10263,137,2818,10716,4829,1
Página12,20,,4616,10247,139,2817,10706,4828,1
Página12,20,,4610,10250,140,2818,10703,4829,1
Página12,20,,4597,10253,140,2818,10703,4830,1
Página12,20,,4606,10259,138,2822,10709,4830,1
Página12,20,,4591,10272,138,2819,10726,4829,1
Página12,20,,4567,10279,139,2825,10729,4832,1
Página12,20,,4566,10286,140,2826,10735,4832,1
Página12,20,,4566,10275,139,2828,10719,4833,1
Página12,20,,4569,10255,138,2828,10703,4834,1
Página12,20,,4592,10236,139,2829,10689,4834,1
Página12,20,,4560,10245,139,2831,10692,4834,1
Página12,20,,4522,10242,139,2830,10686,4835,1
Página12,20,,4531,10225,137,2831,10670,4835,1
Página12,20,,4540,10212,139,2831,10657,4835,1
Página12,20,,4570,10201,140,2833,10649,4834,1
Página12,20,,4599,10173,139,2827,10633,4834,1
Página12,20,,4600,10184,138,2827,10643,4835,1
Página12,20,,4591,10186,138,2830,10642,4834,1
Página12,20,,4596,10173,138,2831,10662,4835,1
Página12,20,,4595,10178,138,2833,10673,4835,1
Página12,20,,4527,10216,138,2834,10707,4835,1
Página12,20,,4536,10218,138,2835,10711,4836,1
Página12,20,,4548,10222,138,2834,10708,4836,1
Página12,20,,4612,10190,139,2835,10690,4837,1
Página12,20,,4599,10202,139,2837,10700,4837,1
Página12,20,,4600,10206,140,2835,10706,4838,1
Página12,20,,4528,10244,138,2837,10743,4841,1
Página12,20,,4541,10245,138,2831,10741,4839,1
Página12,20,,4539,10248,138,2835,10744,4840,1
Página12,20,,4540,10250,140,2831,10747,4840,1
Página12,20,,4601,10223,139,2835,10725,4840,1
Página12,20,,4611,10256,140,2836,10699,4841,1
Página12,20,,4615,10260,140,2838,10703,4841,1
Página12,20,,4613,10246,140,2840,10711,4841,1
Página12,20,,4613,10248,139,2842,10713,4843,1
Página12,20,,4598,10268,140,2841,10733,4842,1
Página12,20,,4535,10288,139,2842,10750,4842,1
Página12,20,,4534,10291,139,2844,10754,4844,1
Página12,20,,4541,10290,139,2843,10754,4845,1
Página12,20,,4631,10250,141,2846,10719,4844,1
Página12,20,,4631,10251,141,2845,10721,4845,1
Página12,20,,4632,10251,141,2848,10730,4845,1
Página12,20,,4632,10253,140,2846,10723,4847,1
Página12,20,,4633,10257,140,2847,10713,4845,1
Página12,20,,4629,10257,139,2849,10720,4845,1
Página12,20,,4537,10304,140,2850,10772,4839,1
Página12,20,,4539,10310,139,2851,10780,4839,1
Página12,20,,4627,10272,142,2842,10751,4846,1
Página12,20,,4612,10283,140,2835,10767,4842,1
Página12,20,,4585,10286,142,2834,10782,4841,1
Página12,20,,4609,10286,139,2837,10786,4842,1
Página12,20,,4574,10290,141,2842,10775,4842,1
Página12,20,,4580,10303,140,2847,10791,4843,1
Página12,20,,4610,10290,139,2847,10778,4844,1
Página12,20,,4601,10296,140,2850,10785,4843,1
Página12,20,,4571,10298,141,2849,10785,4844,1
Página12,20,,4607,10305,140,2845,10797,4845,1
Página12,20,,4604,10298,139,2851,10795,4844,1
Página12,20,,4600,10306,141,2852,10803,4844,1
Página12,20,,4604,10307,141,2854,10805,4844,1
Página12,20,,4604,10308,141,2853,10810,4844,1
Página12,20,,4619,10298,140,2852,10815,4847,1
Página12,20,,4619,10302,139,2855,10825,4847,1
Página12,20,,4620,10296,140,2855,10818,4848,1
Página12,20,,4616,10311,140,2856,10833,4847,1
Página12,20,,4598,10307,140,2858,10820,4846,1
Página12,20,,4573,10290,139,2855,10800,4848,1
Página12,20,,4598,10265,140,2854,10794,4847,1
Página12,20,,4599,10250,140,2853,10773,4846,1
Página12,20,,4597,10243,140,2857,10768,4848,1
Página12,20,,4599,10236,140,2858,10766,4845,1
Página12,20,,4602,10233,140,2858,10764,4847,1
Página12,20,,4603,10236,140,2858,10764,4846,1
Página12,20,,4605,10234,140,2859,10764,4846,1
Página12,20,,4600,10226,140,2859,10772,4844,1
Página12,20,,4600,10233,140,2858,10765,4845,1
Página12,20,,4601,10238,140,2859,10759,4845,1
Página12,20,,4607,10271,140,2858,10758,4848,1
Página12,20,,4610,10276,140,2856,10757,4844,1
Página12,20,,4606,10280,139,2859,10762,4843,1
Página12,20,,4618,10278,140,2858,10757,4844,1
Página12,20,,4616,10283,140,2860,10764,4840,1
Página12,20,,4615,10286,141,2861,10769,4840,1
Página12,20,,4618,10293,141,2863,10786,4841,1
Página12,20,,4600,10303,141,2859,10775,4838,1
Página12,20,,4608,10295,140,2860,10776,4837,1
Página12,20,,4607,10297,141,2862,10777,4836,1
Página12,20,,4603,10298,140,2861,10778,4835,1
Página12,20,,4608,10292,141,2862,10776,4833,1
Página12,20,,4601,10292,140,2861,10774,4832,1
Página12,20,,4611,10285,141,2855,10771,4830,1
Página12,20,,4608,10286,140,2858,10772,4831,1
dia 21 sem pressao - Soja Sauda,21,,4184,9218,4184,3425,9207,7635,1
dia 21 sem pressao - Soja Sauda,21,,4182,9227,4183,3424,9216,7627,1
dia 21 sem pressao - Soja Sauda,21,,4182,9215,4185,3422,9205,7612,1
dia 21 sem pressao - Soja Sauda,21,,4176,9214,4182,3425,9214,7591,1
dia 21 sem pressao - Soja Sauda,21,,4175,9211,4181,3423,9211,7572,1
dia 21 sem pressao - Soja Sauda,21,,4174,9206,4179,3422,9204,7555,1
dia 21 sem pressao - Soja Sauda,21,,4171,9176,4176,3425,9176,7541,1
dia 21 sem pressao - Soja Sauda,21,,4173,9180,4178,3422,9180,7559,1
dia 21 sem pressao - Soja Sauda,21,,4176,9169,4176,3418,9170,7541,1
dia 21 sem pressao - Soja Sauda,21,,4175,9166,4175,3420,9166,7526,1
dia 21 sem pressao - Soja Sauda,21,,4174,9165,4174,3419,9163,7507,1
dia 21 sem pressao - Soja Sauda,21,,4171,9158,4170,3419,9158,7528,1
dia 21 sem pressao - Soja Sauda,21,,4170,9160,4169,3419,9160,7555,1
dia 21 sem pressao - Soja Sauda,21,,4169,9164,4169,3424,9165,7579,1
dia 21 sem pressao - Soja Sauda,21,,4167,9165,4168,3423,9166,7598,1
dia 21 sem pressao - Soja Sauda,21,,4167,9167,4167,3419,9167,7615,1
dia 21 sem pressao - Soja Sauda,21,,4165,9170,4165,3423,9170,7630,1
dia 21 sem pressao - Soja Sauda,21,,4164,9171,4165,3423,9171,7642,1
dia 21 sem pressao - Soja Sauda,21,,4165,9179,4169,3423,9175,7652,1
dia 21 sem pressao - Soja Sauda,21,,4162,9177,4163,3428,9166,7664,1
dia 21 sem pressao - Soja Sauda,21,,4161,9177,4161,3424,9165,7676,1
dia 21 sem pressao - Soja Sauda,21,,4160,9177,4160,3426,9166,7683,1
dia 21 sem pressao - Soja Sauda,21,,4159,9191,4159,3431,9194,7688,1
dia 21 sem pressao - Soja Sauda,21,,4151,9256,4155,3437,9211,7640,1
dia 21 sem pressao - Soja Sauda,21,,4148,9206,4152,3428,9199,7607,1
dia 21 sem pressao - Soja Sauda,21,,4148,9189,4154,3428,9190,7591,1
dia 21 sem pressao - Soja Sauda,21,,4152,9221,4148,3430,9218,7577,1
dia 21 sem pressao - Soja Sauda,21,,4149,9190,4147,3431,9187,7585,1
dia 21 sem pressao - Soja Sauda,21,,4148,9183,4144,3431,9183,7609,1
dia 21 sem pressao - Soja Sauda,21,,4147,9184,4147,3427,9183,7628,1
dia 21 sem pressao - Soja Sauda,21,,4147,9190,4147,3428,9216,7631,1
dia 21 sem pressao - Soja Sauda,21,,4147,9165,4147,3429,9166,7617,1
dia 21 sem pressao - Soja Sauda,21,,4145,9153,4145,3429,9152,7599,1
dia 21 sem pressao - Soja Sauda,21,,4143,9143,4143,3426,9143,7582,1
dia 21 sem pressao - Soja Sauda,21,,4143,9139,4142,3425,9139,7571,1
dia 21 sem pressao - Soja Sauda,21,,4141,9137,4141,3424,9137,7558,1
dia 21 sem pressao - Soja Sauda,21,,4143,9139,4142,3425,9141,7548,1
dia 21 sem pressao - Soja Sauda,21,,4140,9136,4140,3426,9137,7533,1
dia 21 sem pressao - Soja Sauda,21,,4139,9136,4139,3426,9136,7513,1
dia 21 sem pressao - Soja Sauda,21,,4138,9135,4139,3426,9135,7503,1
dia 21 sem pressao - Soja Sauda,21,,4137,9132,4137,3426,9132,7493,1
dia 21 sem pressao - Soja Sauda,21,,4137,9129,4138,3425,9128,7491,1
dia 21 sem pressao - Soja Sauda,21,,4136,9135,4130,3426,9129,7480,1
dia 21 sem pressao - Soja Sauda,21,,4134,9131,4134,3424,9131,7472,1
dia 21 sem pressao - Soja Sauda,21,,4133,9131,4134,3424,9132,7463,1
dia 21 sem pressao - Soja Sauda,21,,4132,9134,4133,3424,9134,7455,1
dia 21 sem pressao - Soja Sauda,21,,4132,9144,4131,3429,9144,7446,1
dia 21 sem pressao - Soja Sauda,21,,4131,9140,4132,3426,9141,7439,1
dia 21 sem pressao - Soja Sauda,21,,4130,9137,4131,3426,9138,7430,1
dia 21 sem pressao - Soja Sauda,21,,4129,9130,4130,3432,9130,7422,1
dia 21 sem pressao - Soja Sauda,21,,4128,9127,4129,3426,9127,7415,1
dia 21 sem pressao - Soja Sauda,21,,4127,9136,4127,3427,9139,7410,1
dia 21 sem pressao - Soja Sauda,21,,4127,9143,4127,3424,9143,7405,1
dia 21 sem pressao - Soja Sauda,21,,4126,9128,4126,3425,9129,7400,1
dia 21 sem pressao - Soja Sauda,21,,4125,9129,4125,3426,9129,7397,1
dia 21 sem pressao - Soja Sauda,21,,4124,9129,4125,3435,9129,7391,1
dia 21 sem pressao - Soja Sauda,21,,4122,9150,4123,3438,9154,7386,1
dia 21 sem pressao - Soja Sauda,21,,4125,9123,4123,3436,9120,7381,1
dia 21 sem pressao - Soja Sauda,21,,4122,9109,4122,3431,9120,7378,1
dia 21 sem pressao - Soja Sauda,21,,4121,9108,4122,3441,9121,7375,1
dia 21 sem pressao - Soja Sauda,21,,4120,9118,4121,3436,9120,7371,1
dia 21 sem pressao - Soja Sauda,21,,4111,9129,4119,3437,9128,7369,1
dia 21 sem pressao - Soja Sauda,21,,4114,9108,4120,3433,9111,7370,1
dia 21 sem pressao - Soja Sauda,21,,4118,9095,4118,3434,9095,7364,1
dia 21 sem pressao - Soja Sauda,21,,4117,9091,4117,3429,9091,7360,1
dia 21 sem pressao - Soja Sauda,21,,4117,9091,4116,3431,9091,7358,1
dia 21 sem pressao - Soja Sauda,21,,4116,9093,4116,3429,9092,7356,1
dia 21 sem pressao - Soja Sauda,21,,4116,9098,4115,3425,9096,7354,1
dia 21 sem pressao - Soja Sauda,21,,4114,9102,4116,3428,9087,7353,1
dia 21 sem pressao - Soja Sauda,21,,4114,9101,4115,3427,9090,7351,1
dia 21 sem pressao - Soja Sauda,21,,4113,9109,4113,3428,9098,7349,1
dia 21 sem pressao - Soja Sauda,21,,4112,9100,4112,3425,9111,7347,1
dia 21 sem pressao - Soja Sauda,21,,4112,9103,4112,3426,9115,7346,1
dia 21 sem pressao - Soja Sauda,21,,4107,9119,4112,3429,9121,7346,1
dia 21 sem pressao - Soja Sauda,21,,4110,9121,4108,3425,9122,7345,1
dia 21 sem pressao - Soja Sauda,21,,4110,9121,4105,3426,9121,7344,1
dia 21 sem pressao - Soja Sauda,21,,4108,9115,4103,3424,9115,7344,1
dia 21 sem pressao - Soja Sauda,21,,4106,9091,4100,3427,9092,7344,1
dia 21 sem pressao - Soja Sauda,21,,4102,9088,4102,3423,9088,7336,1
dia 21 sem pressao - Soja Sauda,21,,4098,9081,4099,3425,9081,7324,1
dia 21 sem pressao - Soja Sauda,21,,4097,9077,4097,3424,9076,7334,1
dia 21 sem pressao - Soja Sauda,21,,4095,9074,4095,3421,9074,7335,1
dia 21 sem pressao - Soja Sauda,21,,4094,9073,4094,3421,9074,7334,1
dia 21 sem pressao - Soja Sauda,21,,4093,9074,4093,3423,9075,7336,1
dia 21 sem pressao - Soja Sauda,21,,4093,9072,4092,3424,9073,7338,1
dia 21 sem pressao - Soja Sauda,21,,4095,9074,4095,3428,9074,7341,1
dia 21 sem pressao - Soja Sauda,21,,4092,9066,4092,3429,9082,7343,1
dia 21 sem pressao - Soja Sauda,21,,4092,9062,4092,3430,9073,7343,1
dia 21 sem pressao - Soja Sauda,21,,4091,9062,4091,3428,9073,7344,1
dia 21 sem pressao - Soja Sauda,21,,4090,9061,4091,3428,9073,7345,1
dia 21 sem pressao - Soja Sauda,21,,4090,9070,4090,3431,9079,7349,1
dia 21 sem pressao - Soja Sauda,21,,4089,9083,4089,3430,9083,7347,1
dia 21 sem pressao - Soja Sauda,21,,4089,9076,4089,3431,9076,7348,1
dia 21 sem pressao - Soja Sauda,21,,4087,9078,4088,3431,9078,7350,1
dia 21 sem pressao - Soja Sauda,21,,4088,9082,4087,3431,9082,7351,1
dia 21 sem pressao - Soja Sauda,21,,4087,9089,4087,3431,9090,7353,1
dia 21 sem pressao - Soja Sauda,21,,4088,9084,4087,3434,9085,7357,1
dia 21 sem pressao - Soja Sauda,21,,4086,9083,4085,3432,9084,7354,1
dia 21 sem pressao - Soja Sauda,21,,4085,9082,4084,3433,9083,7357,1
dia 21 sem pressao - Soja Sauda,21,,4084,9085,4084,3433,9086,7357,1
dia 21 sem pressao - Soja Sauda,21,,4083,9079,4081,3432,9078,7359,1
dia 21 sem pressao - Soja Sauda,21,,4082,9068,4083,3434,9068,7361,1
dia 21 sem pressao - Soja Sauda,21,,4082,9060,4082,3433,9060,7352,1
dia 21 sem pressao - Soja Sauda,21,,4080,9057,4081,3432,9057,7353,1
dia 21 sem pressao - Soja Sauda,21,,4080,9056,4080,3433,9055,7353,1
dia 21 sem pressao - Soja Sauda,21,,4080,9051,4079,3433,9042,7362,1
dia 21 sem pressao - Soja Sauda,21,,4081,9052,4079,3434,9041,7364,1
dia 21 sem pressao - Soja Sauda,21,,4079,9051,4074,3434,9050,7364,1
dia 21 sem pressao - Soja Sauda,21,,4078,9049,4073,3433,9049,7366,1
dia 21 sem pressao - Soja Sauda,21,,4077,9048,4077,3433,9048,7368,1
dia 21 sem pressao - Soja Sauda,21,,4077,9048,4076,3432,9048,7370,1
dia 21 sem pressao - Soja Sauda,21,,4077,9051,4076,3432,9051,7377,1
dia 21 sem pressao - Soja Sauda,21,,4076,9047,4075,3435,9047,7373,1
dia 21 sem pressao - Soja Sauda,21,,4074,9045,4075,3434,9045,7375,1
dia 21 sem pressao - Soja Sauda,21,,4071,9037,4072,3438,9037,7378,1
dia 21 sem pressao - Soja Sauda,21,,4070,9039,4070,3438,9040,7419,1
dia 21 sem pressao - Soja Sauda,21,,4069,9045,4071,3437,9047,7461,1
dia 21 sem pressao - Soja Sauda,21,,4068,9044,4063,3439,9043,7501,1
dia 21 sem pressao - Soja Sauda,21,,4067,9045,4062,3436,9045,7533,1
dia 21 sem pressao - Soja Sauda,21,,4067,9046,4067,3441,9046,7563,1
dia 21 sem pressao - Soja Sauda,21,,4065,9059,4064,3440,9051,7588,1
dia 21 sem pressao - Soja Sauda,21,,4064,9054,4064,3442,9047,7611,1
dia 21 sem pressao - Soja Sauda,21,,4064,9074,4065,3443,9079,7635,1
dia 21 sem pressao - Soja Sauda,21,,4061,9061,4061,3444,9062,7656,1
dia 21 sem pressao - Soja Sauda,21,,4061,9054,4061,3442,9059,7674,1
dia 21 sem pressao - Soja Sauda,21,,4059,9048,4059,3443,9048,7689,1
dia 21 sem pressao - Soja Sauda,21,,4058,9043,4059,3442,9039,7700,1
dia 21 sem pressao - Soja Sauda,21,,4058,9068,4058,3443,9056,7710,1
dia 21 sem pressao - Soja Sauda,21,,4056,9078,4056,3442,9079,7716,1
dia 21 sem pressao - Soja Sauda,21,,4053,9077,4053,3444,9073,7700,1
dia 21 sem pressao - Soja Sauda,21,,4055,9079,4055,3445,9083,7682,1
dia 21 sem pressao - Soja Sauda,21,,4055,9070,4055,3445,9074,7668,1
dia 21 sem pressao - Soja Sauda,21,,4054,9078,4055,3445,9077,7646,1
dia 21 sem pressao - Soja Sauda,21,,3977,8920,3978,3439,8920,7486,1
dia 21 sem pressao - Soja Sauda,21,,3944,8881,3945,3437,8881,7411,1
dia 21 sem pressao - Soja Sauda,21,,3924,8878,3925,3434,8878,7372,1
dia 21 sem pressao - Soja Sauda,21,,3913,8865,3914,3438,8864,7353,1
dia 21 sem pressao - Soja Sauda,21,,3905,8831,3905,3435,8830,7333,1
dia 21 sem pressao - Soja Sauda,21,,3893,8829,3893,3434,8815,7311,1
dia 21 sem pressao - Soja Sauda,21,,3885,8782,3885,3432,8783,7292,1
dia 21 sem pressao - Soja Sauda,21,,3878,8796,3879,3433,8796,7273,1
dia 21 sem pressao - Soja Sauda,21,,3870,8773,3870,3431,8779,7257,1
dia 21 sem pressao - Soja Sauda,21,,3864,8763,3865,3431,8768,7242,1
dia 21 sem pressao - Soja Sauda,21,,3858,8755,3858,3431,8756,7230,1
dia 21 sem pressao - Soja Sauda,21,,3852,8750,3853,3430,8756,7214,1
dia 21 sem pressao - Soja Sauda,21,,3848,8744,3848,3429,8744,7202,1
dia 21 sem pressao - Soja Sauda,21,,3842,8743,3842,3428,8742,7191,1
dia 21 sem pressao - Soja Sauda,21,,3836,8748,3836,3426,8748,7181,1
dia 21 sem pressao - Soja Sauda,21,,3832,8732,3832,3426,8732,7171,1
dia 21 sem pressao - Soja Sauda,21,,3827,8737,3828,3424,8736,7163,1
dia 21 sem pressao - Soja Sauda,21,,3823,8736,3825,3425,8737,7150,1
dia 21 sem pressao - Soja Sauda,21,,3821,8717,3820,3424,8728,7147,1
dia 21 sem pressao - Soja Sauda,21,,3816,8725,3816,3423,8736,7141,1
dia 21 sem pressao - Soja Sauda,21,,3813,8723,3813,3423,8734,7132,1
dia 21 sem pressao - Soja Sauda,21,,3804,8741,3809,3423,8728,7123,1
dia 21 sem pressao - Soja Sauda,21,,3802,8732,3807,3423,8734,7123,1
dia 21 sem pressao - Soja Sauda,21,,3803,8739,3804,3423,8723,7110,1
dia 21 sem pressao - Soja Sauda,21,,3800,8725,3801,3429,8735,7106,1
dia 21 sem pressao - Soja Sauda,21,,3799,8719,3798,3427,8719,7100,1
dia 21 sem pressao - Soja Sauda,21,,3796,8724,3796,3428,8724,7087,1
dia 21 sem pressao - Soja Sauda,21,,3786,8719,3788,3426,8719,7146,1
dia 21 sem pressao - Soja Sauda,21,,3785,8718,3784,3429,8714,7250,1
dia 21 sem pressao - Soja Sauda,21,,3779,8708,3780,3438,8708,7341,1
dia 21 sem pressao - Soja Sauda,21,,3777,8699,3777,3445,8700,7416,1
dia 21 sem pressao - Soja Sauda,21,,3773,8693,3773,3435,8696,7493,1
dia 21 sem pressao - Soja Sauda,21,,3770,8692,3770,3435,8693,7567,1
dia 21 sem pressao - Soja Sauda,21,,3767,8690,3767,3436,8691,7643,1
dia 21 sem pressao - Soja Sauda,21,,3764,8683,3764,3436,8700,7723,1
dia 21 sem pressao - Soja Sauda,21,,3761,8682,3761,3439,8695,7789,1
dia 21 sem pressao - Soja Sauda,21,,3754,8684,3759,3438,8683,7852,1
dia 21 sem pressao - Soja Sauda,21,,3752,8675,3758,3439,8675,7907,1
dia 21 sem pressao - Soja Sauda,21,,3751,8672,3755,3440,8673,7965,1
dia 21 sem pressao - Soja Sauda,21,,3752,8674,3749,3440,8674,8021,1
dia 21 sem pressao - Soja Sauda,21,,3752,8653,3747,3440,8653,8070,1
dia 21 sem pressao - Soja Sauda,21,,3750,8648,3748,3441,8649,8125,1
dia 21 sem pressao - Soja Sauda,21,,3749,8645,3749,3439,8646,8176,1
dia 21 sem pressao - Soja Sauda,21,,3748,8642,3749,3440,8643,8227,1
dia 21 sem pressao - Soja Sauda,21,,3746,8637,3746,3444,8637,8279,1
dia 21 sem pressao - Soja Sauda,21,,3743,8636,3744,3443,8636,8321,1
dia 21 sem pressao - Soja Sauda,21,,3744,8640,3743,3445,8640,8361,1
dia 21 sem pressao - Soja Sauda,21,,3741,8644,3742,3445,8645,8400,1
dia 21 sem pressao - Soja Sauda,21,,3741,8644,3741,3446,8644,8436,1
dia 21 sem pressao - Soja Sauda,21,,3740,8626,3739,3453,8636,8474,1
dia 21 sem pressao - Soja Sauda,21,,3739,8623,3738,3448,8633,8505,1
dia 21 sem pressao - Soja Sauda,21,,3738,8623,3738,3449,8634,8530,1
dia 21 sem pressao - Soja Sauda,21,,3736,8628,3737,3448,8639,8553,1
dia 21 sem pressao - Soja Sauda,21,,3733,8647,3734,3449,8649,8577,1
dia 21 sem pressao - Soja Sauda,21,,3730,8665,3734,3448,8668,8601,1
dia 21 sem pressao - Soja Sauda,21,,3734,8643,3734,3453,8644,8633,1
dia 21 sem pressao - Soja Sauda,21,,3731,8646,3732,3460,8647,8678,1
dia 21 sem pressao - Soja Sauda,21,,3730,8657,3731,3463,8656,8708,1
dia 21 sem pressao - Soja Sauda,21,,3729,8664,3730,3454,8659,8725,1
dia 21 sem pressao - Soja Sauda,21,,3729,8656,3730,3455,8656,8739,1
dia 21 sem pressao - Soja Sauda,21,,3729,8659,3729,3462,8665,8752,1
dia 21 sem pressao - Soja Sauda,21,,3732,8647,3731,3459,8644,8767,1
dia 21 sem pressao - Soja Sauda,21,,3732,8645,3733,3456,8646,8785,1
dia 21 sem pressao - Soja Sauda,21,,3731,8648,3730,3458,8648,8792,1
dia 21 sem pressao - Soja Sauda,21,,3730,8651,3731,3458,8650,8800,1
dia 21 sem pressao - Soja Sauda,21,,3729,8660,3730,3459,8661,8808,1
dia 21 sem pressao - Soja Sauda,21,,3729,8656,3729,3464,8654,8817,1
dia 21 sem pressao - Soja Sauda,21,,3728,8643,3728,3469,8643,8824,1
dia 21 sem pressao - Soja Sauda,21,,3727,8642,3727,3467,8641,8828,1
dia 21 sem pressao - Soja Sauda,21,,3726,8625,3726,3465,8625,8822,1
dia 21 sem pressao - Soja Sauda,21,,3724,8610,3725,3464,8610,8825,1
dia 21 sem pressao - Soja Sauda,21,,3726,8600,3725,3463,8600,8829,1
dia 21 sem pressao - Soja Sauda,21,,3726,8599,3721,3465,8599,8843,1
dia 21 sem pressao - Soja Sauda,21,,3723,8600,3719,3461,8600,8844,1
dia 21 sem pressao - Soja Sauda,21,,3724,8596,3718,3460,8596,8847,1
dia 21 sem pressao - Soja Sauda,21,,3724,8597,3719,3462,8596,8850,1
dia 21 sem pressao - Soja Sauda,21,,3724,8596,3719,3462,8596,8850,1
dia 21 sem pressao - Soja Sauda,21,,3723,8599,3724,3464,8600,8848,1
dia 21 sem pressao - Soja Sauda,21,,3723,8603,3723,3463,8604,8845,1
dia 21 sem pressao - Soja Sauda,21,,3726,8613,3726,3463,8614,8825,1
dia 21 sem pressao - Soja Sauda,21,,3727,8621,3726,3465,8621,8795,1
dia 21 sem pressao - Soja Sauda,21,,3730,8638,3731,3462,8638,8771,1
dia 21 sem pressao - Soja Sauda,21,,3732,8650,3731,3463,8651,8685,1
dia 21 sem pressao - Soja Sauda,21,,3732,8657,3732,3461,8658,8591,1
dia 21 sem pressao - Soja Sauda,21,,3733,8666,3733,3459,8666,8511,1
dia 21 sem pressao - Soja Sauda,21,,3734,8670,3734,3460,8670,8434,1
dia 21 sem pressao - Soja Sauda,21,,3735,8668,3735,3458,8668,8362,1
dia 21 sem pressao - Soja Sauda,21,,3737,8681,3737,3457,8675,8298,1
dia 21 sem pressao - Soja Sauda,21,,3737,8679,3737,3456,8667,8218,1
dia 21 sem pressao - Soja Sauda,21,,3737,8679,3738,3450,8669,8157,1
dia 21 sem pressao - Soja Sauda,21,,3737,8690,3737,3448,8684,8096,1
dia 21 sem pressao - Soja Sauda,21,,3739,8671,3739,3450,8674,8040,1
dia 21 sem pressao - Soja Sauda,21,,3739,8667,3739,3451,8677,7989,1
dia 21 sem pressao - Soja Sauda,21,,3745,8678,3745,3450,8689,7948,1
dia 21 sem pressao - Soja Sauda,21,,3741,8680,3741,3449,8680,7881,1
dia 21 sem pressao - Soja Sauda,21,,3742,8680,3741,3449,8680,7836,1
dia 21 sem pressao - Soja Sauda,21,,3742,8678,3742,3448,8678,7792,1
dia 21 sem pressao - Soja Sauda,21,,3742,8680,3743,3446,8679,7749,1
dia 21 sem pressao - Soja Sauda,21,,3742,8685,3742,3443,8686,7710,1
dia 21 sem pressao - Soja Sauda,21,,3744,8692,3744,3443,8692,7668,1
dia 21 sem pressao - Soja Sauda,21,,3743,8687,3743,3443,8687,7633,1
dia 21 sem pressao - Soja Sauda,21,,3743,8687,3744,3443,8687,7599,1
dia 21 sem pressao - Soja Sauda,21,,3744,8688,3744,3443,8688,7567,1
dia 21 sem pressao - Soja Sauda,21,,3745,8689,3744,3444,8690,7537,1
dia 21 sem pressao - Soja Sauda,21,,3745,8697,3746,3442,8700,7511,1
dia 21 sem pressao - Soja Sauda,21,,3745,8704,3745,3444,8701,7470,1
dia 21 sem pressao - Soja Sauda,21,,3747,8696,3747,3483,8696,7445,1
dia 21 sem pressao - Soja Sauda,21,,3747,8698,3748,3520,8698,7420,1
dia 21 sem pressao - Soja Sauda,21,,3748,8702,3748,3441,8702,7396,1
dia 21 sem pressao - Soja Sauda,21,,3748,8722,3748,3439,8712,7374,1
dia 21 sem pressao - Soja Sauda,21,,3746,8703,3749,3442,8703,7360,1
dia 21 sem pressao - Soja Sauda,21,,3749,8705,3749,3444,8705,7327,1
dia 21 sem pressao - Soja Sauda,21,,3749,8706,3750,3445,8706,7272,1
dia 21 sem pressao - Soja Sauda,21,,3748,8707,3749,3444,8707,7249,1
dia 21 sem pressao - Soja Sauda,21,,3749,8709,3748,3444,8710,7236,1
dia 21 sem pressao - Soja Sauda,21,,3749,8711,3749,3451,8711,7222,1
dia 21 sem pressao - Soja Sauda,21,,3749,8717,3749,3445,8714,7208,1
dia 21 sem pressao - Soja Sauda,21,,3751,8717,3751,3445,8719,7186,1
dia 21 sem pressao - Soja Sauda,21,,3750,8717,3750,3444,8707,7184,1
dia 21 sem pressao - Soja Sauda,21,,3750,8719,3750,3443,8709,7174,1
dia 21 sem pressao - Soja Sauda,21,,3750,8720,3749,3441,8709,7164,1
dia 21 sem pressao - Soja Sauda,21,,3750,8724,3750,3442,8714,7154,1
dia 21 sem pressao - Soja Sauda,21,,3751,8717,3751,3442,8727,7148,1
dia 21 sem pressao - Soja Sauda,21,,3745,8732,3750,3441,8732,7138,1
dia 21 sem pressao - Soja Sauda,21,,3745,8740,3751,3441,8740,7132,1
dia 21 sem pressao - Soja Sauda,21,,3745,8748,3750,3442,8749,7123,1
dia 21 sem pressao - Soja Sauda,21,,3749,8759,3748,3442,8768,7114,1
dia 21 sem pressao - Soja Sauda,21,,3747,8741,3754,3440,8747,7110,1
dia 21 sem pressao - Soja Sauda,21,,3752,8741,3752,3439,8740,7102,1
dia 21 sem pressao - Soja Sauda,21,,3753,8732,3753,3440,8731,7095,1
dia 21 sem pressao - Soja Sauda,21,,3752,8722,3752,3441,8722,7089,1
dia 21 sem pressao - Soja Sauda,21,,3751,8725,3751,3439,8725,7083,1
dia 21 sem pressao - Soja Sauda,21,,3751,8734,3750,3441,8736,7081,1
dia 21 sem pressao - Soja Sauda,21,,3751,8720,3751,3444,8721,7062,1
dia 21 sem pressao - Soja Sauda,21,,3751,8719,3750,3441,8720,7058,1
dia 21 sem pressao - Soja Sauda,21,,3750,8728,3750,3441,8729,7053,1
dia 21 sem pressao - Soja Sauda,21,,3751,8712,3752,3446,8712,7050,1
dia 21 sem pressao - Soja Sauda,21,,3753,8713,3752,3442,8712,7049,1
dia 21 sem pressao - Soja Sauda,21,,3754,8712,3750,3442,8714,7048,1
dia 21 sem pressao - Soja Sauda,21,,3752,8710,3747,3443,8711,7045,1
dia 21 sem pressao - Soja Sauda,21,,3752,8710,3747,3441,8709,7040,1
dia 21 sem pressao - Soja Sauda,21,,3752,8708,3748,3445,8708,7037,1
dia 21 sem pressao - Soja Sauda,21,,3751,8721,3747,3442,8724,7033,1
dia 21 sem pressao - Soja Sauda,21,,3753,8705,3748,3442,8705,7034,1
dia 21 sem pressao - Soja Sauda,21,,3753,8701,3753,3442,8702,7029,1
dia 21 sem pressao - Soja Sauda,21,,3753,8710,3753,3446,8713,7028,1
dia 21 sem pressao - Soja Sauda,21,,3753,8711,3753,3443,8713,7025,1
dia 21 sem pressao - Soja Sauda,21,,3753,8711,3753,3441,8711,7026,1
dia 21 sem pressao - Soja Sauda,21,,3755,8711,3755,3447,8706,7032,1
dia 21 sem pressao - Soja Sauda,21,,3752,8725,3753,3441,8726,7023,1
dia 21 sem pressao - Soja Sauda,21,,3752,8725,3753,3443,8727,7023,1
dia 21 sem pressao - Soja Sauda,21,,3752,8740,3752,3442,8741,7019,1
dia 21 sem pressao - Soja Sauda,21,,3753,8735,3753,3443,8737,7021,1
dia 21 sem pressao - Soja Sauda,21,,3753,8738,3753,3443,8748,7019,1
dia 21 sem pressao - Soja Sauda,21,,3753,8743,3753,3444,8745,7022,1
dia 21 sem pressao - Soja Sauda,21,,3752,8731,3752,3444,8742,7020,1
dia 21 sem pressao - Soja Sauda,21,,3753,8716,3752,3444,8726,7021,1
dia 21 sem pressao - Soja Sauda,21,,3753,8718,3753,3444,8730,7019,1
dia 21 sem pressao - Soja Sauda,21,,3753,8723,3753,3445,8734,7021,1
dia 21 sem pressao - Soja Sauda,21,,3748,8742,3753,3445,8743,7022,1
dia 21 sem pressao - Soja Sauda,21,,3750,8761,3747,3446,8761,7021,1
dia 21 sem pressao - Soja Sauda,21,,3753,8718,3749,3446,8718,7022,1
dia 21 sem pressao - Soja Sauda,21,,3753,8719,3749,3446,8719,7022,1
dia 21 sem pressao - Soja Sauda,21,,3754,8709,3748,3447,8708,7022,1
dia 21 sem pressao - Soja Sauda,21,,3752,8702,3750,3445,8703,7023,1
dia 21 sem pressao - Soja Sauda,21,,3752,8694,3753,3447,8694,7023,1
dia 21 sem pressao - Soja Sauda,21,,3748,8667,3748,3448,8676,7019,1
dia 21 sem pressao - Soja Sauda,21,,3747,8653,3748,3447,8664,7095,1
dia 21 sem pressao - Soja Sauda,21,,3743,8653,3744,3450,8655,7113,1
dia 21 sem pressao - Soja Sauda,21,,3744,8652,3744,3447,8649,7121,1
dia 21 sem pressao - Soja Sauda,21,,3743,8652,3743,3448,8653,7126,1
dia 21 sem pressao - Soja Sauda,21,,3741,8662,3741,3448,8654,7127,1
dia 21 sem pressao - Soja Sauda,21,,3742,8643,3743,3446,8652,7136,1
dia 21 sem pressao - Soja Sauda,21,,3740,8629,3741,3445,8634,7132,1
dia 21 sem pressao - Soja Sauda,21,,3740,8611,3741,3446,8622,7129,1
dia 21 sem pressao - Soja Sauda,21,,3740,8608,3740,3443,8618,7127,1
dia 21 sem pressao - Soja Sauda,21,,3737,8614,3740,3442,8613,7124,1
dia 21 sem pressao - Soja Sauda,21,,3735,8620,3739,3443,8620,7123,1
dia 21 sem pressao - Soja Sauda,21,,3736,8620,3732,3442,8638,7120,1
dia 21 sem pressao - Soja Sauda,21,,3736,8605,3732,3439,8591,7118,1
dia 21 sem pressao - Soja Sauda,21,,3735,8556,3733,3441,8555,7113,1
dia 21 sem pressao - Soja Sauda,21,,3735,8552,3734,3439,8552,7110,1
dia 21 sem pressao - Soja Sauda,21,,3736,8549,3736,3437,8547,7108,1
dia 21 sem pressao - Soja Sauda,21,,3735,8540,3734,3438,8540,7104,1
dia 21 sem pressao - Soja Sauda,21,,3733,8540,3734,3436,8540,7102,1
dia 21 sem pressao - Soja Sauda,21,,3734,8538,3734,3435,8538,7100,1
dia 21 sem pressao - Soja Sauda,21,,3732,8538,3732,3434,8538,7098,1
dia 21 sem pressao - Soja Sauda,21,,3734,8533,3733,3433,8533,7101,1
dia 21 sem pressao - Soja Sauda,21,,3733,8529,3733,3432,8518,7097,1
dia 21 sem pressao - Soja Sauda,21,,3733,8529,3733,3430,8517,7096,1
dia 21 sem pressao - Soja Sauda,21,,3731,8524,3731,3430,8514,7094,1
dia 21 sem pressao - Soja Sauda,21,,3731,8520,3731,3431,8509,7096,1
dia 21 sem pressao - Soja Sauda,21,,3730,8520,3730,3430,8509,7096,1
dia 21 sem pressao - Soja Sauda,21,,3726,8516,3731,3430,8517,7096,1
dia 21 sem pressao - Soja Sauda,21,,3724,8516,3730,3430,8516,7097,1
dia 21 sem pressao - Soja Sauda,21,,3727,8516,3730,3430,8515,7097,1
dia 21 sem pressao - Soja Sauda,21,,3730,8517,3726,3431,8517,7099,1
dia 21 sem pressao - Soja Sauda,21,,3732,8519,3727,3431,8524,7100,1
dia 21 sem pressao - Soja Sauda,21,,3731,8527,3731,3457,8527,7100,1
dia 21 sem pressao - Soja Sauda,21,,3730,8532,3730,3432,8532,7100,1
dia 21 sem pressao - Soja Sauda,21,,3731,8530,3731,3432,8531,7102,1
dia 21 sem pressao - Soja Sauda,21,,3731,8536,3731,3431,8537,7102,1
dia 21 sem pressao - Soja Sauda,21,,3731,8548,3733,3432,8549,7106,1
dia 21 sem pressao - Soja Sauda,21,,3732,8538,3732,3434,8549,7102,1
dia 21 sem pressao - Soja Sauda,21,,3732,8551,3732,3433,8556,7103,1
dia 21 sem pressao - Soja Sauda,21,,3727,8561,3732,3435,8564,7102,1
dia 21 sem pressao - Soja Sauda,21,,3727,8557,3733,3434,8557,7103,1
dia 21 sem pressao - Soja Sauda,21,,3729,8560,3733,3435,8558,7103,1
dia 21 sem pressao - Soja Sauda,21,,3734,8565,3733,3435,8565,7107,1
dia 21 sem pressao - Soja Sauda,21,,3732,8565,3732,3436,8568,7105,1
dia 21 sem pressao - Soja Sauda,21,,3732,8563,3733,3436,8564,7104,1
dia 21 sem pressao - Soja Sauda,21,,3733,8569,3733,3436,8570,7105,1
dia 21 sem pressao - Soja Sauda,21,,3732,8581,3733,3436,8582,7105,1
dia 21 sem pressao - Soja Sauda,21,,3733,8585,3733,3436,8585,7106,1
dia 21 sem pressao - Soja Sauda,21,,3733,8586,3733,3437,8586,7104,1
dia 21 sem pressao - Soja Sauda,21,,3733,8590,3733,3437,8590,7105,1
dia 21 sem pressao - Soja Sauda,21,,3733,8597,3733,3437,8596,7105,1
dia 21 sem pressao - Soja Sauda,21,,3733,8598,3733,3438,8599,7106,1
dia 21 sem pressao - Soja Sauda,21,,3734,8603,3734,3437,8602,7108,1
dia 21 sem pressao - Soja Sauda,21,,3732,8614,3732,3440,8611,7109,1
dia 21 sem pressao - Soja Sauda,21,,3732,8600,3732,3437,8590,7108,1
dia 21 sem pressao - Soja Sauda,21,,3731,8596,3733,3437,8586,7111,1
dia 21 sem pressao - Soja Sauda,21,,3730,8590,3731,3440,8592,7114,1
dia 21 sem pressao - Soja Sauda,21,,3730,8566,3731,3439,8564,7113,1
dia 21 sem pressao - Soja Sauda,21,,3730,8567,3730,3442,8567,7113,1
dia 21 sem pressao - Soja Sauda,21,,3729,8575,3729,3439,8574,7115,1
dia 21 sem pressao - Soja Sauda,21,,3730,8574,3730,3442,8573,7119,1
dia 21 sem pressao - Soja Sauda,21,,3728,8560,3729,3442,8561,7118,1
dia 21 sem pressao - Soja Sauda,21,,3728,8558,3729,3442,8558,7118,1
dia 21 sem pressao - Soja Sauda,21,,3727,8562,3728,3442,8570,7120,1
dia 21 sem pressao - Soja Sauda,21,,3726,8563,3726,3440,8567,7121,1
dia 21 sem pressao - Soja Sauda,21,,3726,8551,3726,3439,8555,7123,1
dia 21 sem pressao - Soja Sauda,21,,3726,8538,3725,3453,8538,7122,1
dia 21 sem pressao - Soja Sauda,21,,3724,8543,3725,3448,8544,7121,1
dia 21 sem pressao - Soja Sauda,21,,3725,8541,3725,3459,8541,7121,1
dia 21 sem pressao - Soja Sauda,21,,3724,8544,3725,3441,8545,7123,1
dia 21 sem pressao - Soja Sauda,21,,3725,8554,3725,3436,8551,7124,1
dia 21 sem pressao - Soja Sauda,21,,3723,8548,3723,3436,8559,7123,1
dia 21 sem pressao - Soja Sauda,21,,3723,8536,3724,3435,8540,7124,1
dia 21 sem pressao - Soja Sauda,21,,3718,8536,3724,3438,8536,7128,1
dia 21 sem pressao - Soja Sauda,21,,3719,8537,3723,3437,8538,7131,1
dia 21 sem pressao - Soja Sauda,21,,3719,8540,3722,3436,8542,7134,1
dia 21 sem pressao - Soja Sauda,21,,3723,8544,3726,3435,8544,7136,1
dia 21 sem pressao - Soja Sauda,21,,3723,8546,3723,3436,8546,7137,1
dia 21 sem pressao - Soja Sauda,21,,3723,8541,3723,3436,8541,7139,1
dia 21 sem pressao - Soja Sauda,21,,3723,8541,3723,3435,8542,7141,1
dia 21 sem pressao - Soja Sauda,21,,3723,8544,3723,3434,8545,7143,1
dia 21 sem pressao - Soja Sauda,21,,3722,8556,3722,3435,8557,7145,1
dia 21 sem pressao - Soja Sauda,21,,3723,8542,3723,3434,8542,7146,1
dia 21 sem pressao - Soja Sauda,21,,3696,8920,3696,3430,8923,7148,1
dia 21 sem pressao - Soja Sauda,21,,3695,8950,3694,3430,8951,7149,1
dia 21 sem pressao - Soja Sauda,21,,3693,8956,3693,3430,8958,7150,1
dia 21 sem pressao - Soja Sauda,21,,3695,8933,3694,3430,8930,7153,1
dia 21 sem pressao - Soja Sauda,21,,3699,8854,3699,3430,8854,7146,1
dia 21 sem pressao - Soja Sauda,21,,3710,8701,3709,3429,8684,7153,1
dia 21 sem pressao - Soja Sauda,21,,3720,8538,3719,3432,8550,7154,1
dia 21 sem pressao - Soja Sauda,21,,3719,8525,3719,3432,8526,7157,1
dia 21 sem pressao - Soja Sauda,21,,3722,8509,3722,3431,8518,7158,1
dia 21 sem pressao - Soja Sauda,21,,3721,8516,3721,3432,8518,7160,1
dia 21 sem pressao - Soja Sauda,21,,3722,8519,3721,3453,8520,7161,1
dia 21 sem pressao - Soja Sauda,21,,3721,8525,3722,3435,8526,7163,1
dia 21 sem pressao - Soja Sauda,21,,3721,8536,3722,3431,8537,7166,1
dia 21 sem pressao - Soja Sauda,21,,3721,8546,3721,3433,8547,7170,1
dia 21 sem pressao - Soja Sauda,21,,3721,8546,3722,3469,8536,7169,1
dia 21 sem pressao - Soja Sauda,21,,3720,8550,3720,3445,8539,7171,1
dia 21 sem pressao - Soja Sauda,21,,3719,8545,3720,3433,8535,7173,1
dia 21 sem pressao - Soja Sauda,21,,3719,8533,3718,3435,8529,7174,1
dia 21 sem pressao - Soja Sauda,21,,3718,8520,3718,3434,8529,7175,1
dia 21 sem pressao - Soja Sauda,21,,3718,8525,3715,3433,8526,7176,1
dia 21 sem pressao - Soja Sauda,21,,3717,8524,3713,3434,8524,7179,1
dia 21 sem pressao - Soja Sauda,21,,3718,8525,3718,3432,8525,7178,1
dia 21 sem pressao - Soja Sauda,21,,3718,8524,3718,3484,8526,7178,1
dia 21 sem pressao - Soja Sauda,21,,3717,8526,3718,3431,8527,7181,1
dia 21 sem pressao - Soja Sauda,21,,3719,8528,3719,3434,8527,7183,1
dia 21 sem pressao - Soja Sauda,21,,3718,8532,3719,3435,8533,7185,1
dia 21 sem pressao - Soja Sauda,21,,3719,8538,3719,3434,8539,7186,1
dia 21 sem pressao - Soja Sauda,21,,3718,8543,3719,3435,8543,7188,1
dia 21 sem pressao - Soja Sauda,21,,3719,8542,3720,3437,8560,7198,1
dia 21 sem pressao - Soja Sauda,21,,3716,8539,3716,3438,8544,7192,1
dia 21 sem pressao - Soja Sauda,21,,3710,8528,3715,3441,8529,7192,1
dia 21 sem pressao - Soja Sauda,21,,3711,8522,3716,3438,8521,7193,1
dia 21 sem pressao - Soja Sauda,21,,3714,8517,3713,3441,8517,7194,1
dia 21 sem pressao - Soja Sauda,21,,3714,8516,3714,3439,8514,7196,1
dia 21 sem pressao - Soja Sauda,21,,3714,8504,3714,3437,8503,7196,1
dia 21 sem pressao - Soja Sauda,21,,3713,8500,3714,3438,8500,7200,1
dia 21 sem pressao - Soja Sauda,21,,3715,8494,3714,3436,8495,7205,1
dia 21 sem pressao - Soja Sauda,21,,3714,8489,3714,3439,8480,7204,1
dia 21 sem pressao - Soja Sauda,21,,3714,8492,3714,3438,8483,7207,1
dia 21 sem pressao - Soja Sauda,21,,3712,8517,3712,3438,8506,7207,1
dia 21 sem pressao - Soja Sauda,21,,3712,8520,3712,3440,8510,7209,1
dia 21 sem pressao - Soja Sauda,21,,3713,8517,3712,3437,8520,7212,1
dia 21 sem pressao - Soja Sauda,21,,3712,8522,3713,3440,8521,7215,1
dia 21 sem pressao - Soja Sauda,21,,3711,8524,3712,3440,8524,7216,1
dia 21 sem pressao - Soja Sauda,21,,3711,8528,3711,3441,8529,7217,1
dia 21 sem pressao - Soja Sauda,21,,3712,8532,3711,3440,8533,7225,1
dia 21 sem pressao - Soja Sauda,21,,3712,8537,3712,3441,8539,7232,1
dia 21 sem pressao - Soja Sauda,21,,3714,8517,3714,3441,8518,7236,1
dia 21 sem pressao - Soja Sauda,21,,3714,8518,3714,3439,8519,7236,1
dia 21 sem pressao - Soja Sauda,21,,3712,8543,3713,3440,8543,7239,1
dia 21 sem pressao - Soja Sauda,21,,3712,8548,3712,3441,8548,7241,1
dia 21 sem pressao - Soja Sauda,21,,3712,8549,3713,3459,8549,7244,1
dia 21 sem pressao - Soja Sauda,21,,3713,8548,3713,3439,8548,7248,1
dia 21 sem pressao - Soja Sauda,21,,3712,8546,3712,3437,8547,7256,1
dia 21 sem pressao - Soja Sauda,21,,3714,8551,3714,3441,8552,7264,1
dia 21 sem pressao - Soja Sauda,21,,3714,8555,3714,3442,8555,7263,1
dia 21 sem pressao - Soja Sauda,21,,3715,8557,3715,3439,8558,7260,1
dia 21 sem pressao - Soja Sauda,21,,3716,8561,3716,3440,8560,7256,1
dia 21 sem pressao - Soja Sauda,21,,3710,8559,3715,3442,8559,7265,1
dia 21 sem pressao - Soja Sauda,21,,3712,8559,3714,3441,8558,7265,1
dia 21 sem pressao - Soja Sauda,21,,3715,8557,3710,3440,8559,7264,1
dia 21 sem pressao - Soja Sauda,21,,3715,8555,3710,3441,8556,7265,1
dia 21 sem pressao - Soja Sauda,21,,3716,8558,3712,3444,8559,7269,1
dia 21 sem pressao - Soja Sauda,21,,3715,8559,3715,3444,8559,7266,1
dia 21 sem pressao - Soja Sauda,21,,3715,8565,3716,3443,8565,7266,1
dia 21 sem pressao - Soja Sauda,21,,3715,8567,3715,3443,8567,7266,1
dia 21 sem pressao - Soja Sauda,21,,3715,8568,3715,3442,8569,7268,1
dia 21 sem pressao - Soja Sauda,21,,3715,8569,3716,3443,8569,7269,1
dia 21 sem pressao - Soja Sauda,21,,3715,8566,3715,3446,8565,7261,1
dia 21 sem pressao - Soja Sauda,21,,3716,8539,3717,3444,8539,7261,1
dia 21 sem pressao - Soja Sauda,21,,3715,8555,3716,3446,8551,7270,1
dia 21 sem pressao - Soja Sauda,21,,3714,8563,3715,3447,8551,7273,1
dia 21 sem pressao - Soja Sauda,21,,3716,8565,3716,3445,8556,7278,1
dia 21 sem pressao - Soja Sauda,21,,3714,8563,3715,3443,8564,7276,1
dia 21 sem pressao - Soja Sauda,21,,3713,8558,3713,3441,8557,7276,1
dia 21 sem pressao - Soja Sauda,21,,3713,8554,3713,3446,8554,7277,1
dia 21 sem pressao - Soja Sauda,21,,3712,8555,3712,3443,8555,7279,1
dia 21 sem pressao - Soja Sauda,21,,3712,8560,3713,3441,8563,7282,1
dia 21 sem pressao - Soja Sauda,21,,3714,8568,3713,3441,8567,7285,1
dia 21 sem pressao - Soja Sauda,21,,3713,8566,3713,3441,8567,7283,1
dia 21 sem pressao - Soja Sauda,21,,3712,8567,3712,3443,8568,7284,1
dia 21 sem pressao - Soja Sauda,21,,3712,8567,3712,3442,8567,7284,1
dia 21 sem pressao - Soja Sauda,21,,3712,8563,3712,3441,8563,7285,1
dia 21 sem pressao - Soja Sauda,21,,3710,8544,3710,3442,8544,7284,1
dia 21 sem pressao - Soja Sauda,21,,3708,8523,3708,3446,8523,7281,1
dia 21 sem pressao - Soja Sauda,21,,3708,8520,3707,3441,8520,7284,1
dia 21 sem pressao - Soja Sauda,21,,3706,8518,3706,3442,8518,7281,1
dia 21 sem pressao - Soja Sauda,21,,3706,8521,3706,3445,8522,7283,1
dia 21 sem pressao - Soja Sauda,21,,3706,8523,3706,3445,8524,7285,1
dia 21 sem pressao - Soja Sauda,21,,3706,8521,3706,3443,8519,7287,1
dia 21 sem pressao - Soja Sauda,21,,3709,8518,3709,3446,8519,7290,1
dia 21 sem pressao - Soja Sauda,21,,3706,8545,3706,3444,8545,7292,1
dia 21 sem pressao - Soja Sauda,21,,3706,8546,3706,3445,8547,7293,1
dia 21 sem pressao - Soja Sauda,21,,3706,8546,3706,3447,8546,7294,1
dia 21 sem pressao - Soja Sauda,21,,3706,8546,3706,3444,8546,7295,1
dia 21 sem pressao - Soja Sauda,21,,3708,8545,3708,3444,8542,7298,1
dia 21 sem pressao - Soja Sauda,21,,3707,8547,3707,3444,8536,7299,1
dia 21 sem pressao - Soja Sauda,21,,3707,8539,3706,3444,8550,7301,1
dia 21 sem pressao - Soja Sauda,21,,3707,8539,3707,3442,8550,7302,1
dia 21 sem pressao - Soja Sauda,21,,3702,8540,3707,3443,8541,7304,1
dia 21 sem pressao - Soja Sauda,21,,3707,8538,3707,3444,8538,7309,1
dia 21 sem pressao - Soja Sauda,21,,3707,8533,3708,3438,8533,7306,1
dia 21 sem pressao - Soja Sauda,21,,3707,8531,3707,3439,8531,7308,1
dia 21 sem pressao - Soja Sauda,21,,3706,8529,3707,3443,8530,7310,1
dia 21 sem pressao - Soja Sauda,21,,3706,8540,3706,3444,8541,7310,1
dia 21 sem pressao - Soja Sauda,21,,3706,8545,3706,3439,8546,7311,1
dia 21 sem pressao - Soja Sauda,21,,3706,8562,3707,3444,8568,7302,1
dia 21 sem pressao - Soja Sauda,21,,3705,8556,3704,3443,8552,7309,1
dia 21 sem pressao - Soja Sauda,21,,3705,8542,3706,3445,8531,7314,1
dia 21 sem pressao - Soja Sauda,21,,3705,8536,3705,3445,8525,7316,1
dia 21 sem pressao - Soja Sauda,21,,3705,8533,3705,3453,8522,7317,1
dia 21 sem pressao - Soja Sauda,21,,3705,8521,3705,3444,8531,7319,1
dia 21 sem pressao - Soja Sauda,21,,3701,8520,3706,3443,8525,7319,1
dia 21 sem pressao - Soja Sauda,21,,3700,8529,3705,3441,8529,7320,1
dia 21 sem pressao - Soja Sauda,21,,3700,8528,3704,3444,8527,7321,1
dia 21 sem pressao - Soja Sauda,21,,3700,8513,3705,3443,8513,7323,1
dia 21 sem pressao - Soja Sauda,21,,3701,8539,3705,3443,8541,7326,1
dia 21 sem pressao - Soja Sauda,21,,3704,8543,3704,3443,8532,7326,1
dia 21 sem pressao - Soja Sauda,21,,3705,8548,3704,3443,8549,7328,1
dia 21 sem pressao - Soja Sauda,21,,3704,8553,3705,3462,8554,7329,1
dia 21 sem pressao - Soja Sauda,21,,3705,8538,3706,3456,8538,7337,1
dia 21 sem pressao - Soja Sauda,21,,3707,8548,3706,3442,8550,7337,1
dia 21 sem pressao - Soja Sauda,21,,3704,8565,3705,3444,8565,7336,1
dia 21 sem pressao - Soja Sauda,21,,3705,8569,3704,3443,8570,7333,1
dia 21 sem pressao - Soja Sauda,21,,3705,8570,3705,3441,8571,7327,1
dia 21 sem pressao - Soja Sauda,21,,3705,8569,3706,3443,8570,7327,1
dia 21 sem pressao - Soja Sauda,21,,3705,8574,3707,3441,8576,7331,1
dia 21 sem pressao - Soja Sauda,21,,3702,8582,3705,3441,8563,7343,1
dia 21 sem pressao - Soja Sauda,21,,3700,8582,3705,3444,8582,7339,1
dia 21 sem pressao - Soja Sauda,21,,3704,8585,3703,3440,8585,7340,1
dia 21 sem pressao - Soja Sauda,21,,3706,8564,3702,3443,8565,7341,1
dia 21 sem pressao - Soja Sauda,21,,3705,8588,3700,3442,8587,7342,1
dia 21 sem pressao - Soja Sauda,21,,3704,8585,3704,3447,8584,7344,1
dia 21 sem pressao - Soja Sauda,21,,3703,8575,3703,3442,8576,7343,1
dia 21 sem pressao - Soja Sauda,21,,3702,8570,3703,3447,8570,7343,1
dia 21 sem pressao - Soja Sauda,21,,3701,8566,3702,3450,8567,7343,1
dia 21 sem pressao - Soja Sauda,21,,3702,8565,3702,3452,8566,7343,1
dia 21 sem pressao - Soja Sauda,21,,3703,8540,3703,3455,8540,7344,1
dia 21 sem pressao - Soja Sauda,21,,3701,8555,3701,3458,8555,7343,1
dia 21 sem pressao - Soja Sauda,21,,3699,8545,3695,3461,8545,7343,1
dia 21 sem pressao - Soja Sauda,21,,3698,8534,3698,3459,8533,7341,1
dia 21 sem pressao - Soja Sauda,21,,3696,8513,3696,3459,8524,7343,1
dia 21 sem pressao - Soja Sauda,21,,3695,8512,3695,3458,8524,7346,1
dia 21 sem pressao - Soja Sauda,21,,3695,8517,3695,3455,8524,7347,1
dia 21 sem pressao - Soja Sauda,21,,3695,8514,3695,3457,8525,7348,1
dia 21 sem pressao - Soja Sauda,21,,3697,8532,3696,3456,8529,7349,1
dia 21 sem pressao - Soja Sauda,21,,3694,8534,3695,3450,8534,7351,1
dia 21 sem pressao - Soja Sauda,21,,3694,8537,3695,3453,8538,7352,1
dia 21 sem pressao - Soja Sauda,21,,3695,8541,3695,3456,8542,7353,1
dia 21 sem pressao - Soja Sauda,21,,3695,8544,3695,3448,8544,7354,1
dia 21 sem pressao - Soja Sauda,21,,3695,8548,3696,3456,8547,7355,1
dia 21 sem pressao - Soja Sauda,21,,3694,8549,3695,3452,8548,7355,1
dia 21 sem pressao - Soja Sauda,21,,3695,8550,3695,3457,8551,7356,1
dia 21 sem pressao - Soja Sauda,21,,3695,8552,3695,3456,8553,7357,1
dia 21 sem pressao - Soja Sauda,21,,3694,8555,3695,3446,8555,7361,1
dia 21 sem pressao - Soja Sauda,21,,3695,8561,3694,3444,8562,7363,1
dia 21 sem pressao - Soja Sauda,21,,3694,8565,3695,3448,8566,7365,1
dia 21 sem pressao - Soja Sauda,21,,3694,8570,3694,3444,8570,7366,1
dia 21 sem pressao - Soja Sauda,21,,3694,8573,3694,3447,8574,7367,1
dia 21 sem pressao - Soja Sauda,21,,3694,8574,3694,3447,8574,7360,1
dia 21 sem pressao - Soja Sauda,21,,3695,8575,3696,3448,8574,7364,1
dia 21 sem pressao - Soja Sauda,21,,3694,8574,3695,3443,8574,7372,1
dia 21 sem pressao - Soja Sauda,21,,3694,8575,3694,3444,8574,7374,1
dia 21 sem pressao - Soja Sauda,21,,3695,8574,3695,3454,8575,7376,1
dia 21 sem pressao - Soja Sauda,21,,3694,8576,3695,3442,8576,7377,1
dia 21 sem pressao - Soja Sauda,21,,3694,8576,3694,3442,8575,7379,1
dia 21 sem pressao - Soja Sauda,21,,3696,8583,3695,3444,8583,7383,1
dia 21 sem pressao - Soja Sauda,21,,3694,8579,3694,3444,8580,7381,1
dia 21 sem pressao - Soja Sauda,21,,3694,8585,3694,3443,8585,7382,1
dia 21 sem pressao - Soja Sauda,21,,3694,8584,3694,3442,8585,7383,1
dia 21 sem pressao - Soja Sauda,21,,3695,8582,3695,3443,8582,7384,1
dia 21 sem pressao - Soja Sauda,21,,3695,8587,3695,3443,8587,7386,1
dia 21 sem pressao - Soja Sauda,21,,3694,8588,3694,3443,8588,7387,1
dia 21 sem pressao - Soja Sauda,21,,3695,8573,3695,3443,8573,7389,1
dia 21 sem pressao - Soja Sauda,21,,3695,8570,3694,3444,8571,7389,1
dia 21 sem pressao - Soja Sauda,21,,3694,8572,3694,3444,8572,7392,1
dia 21 sem pressao - Soja Sauda,21,,3692,8578,3695,3443,8577,7385,1
dia 21 sem pressao - Soja Sauda,21,,3693,8553,3694,3443,8564,7395,1
dia 21 sem pressao - Soja Sauda,21,,3690,8559,3693,3443,8560,7396,1
dia 21 sem pressao - Soja Sauda,21,,3688,8557,3693,3445,8557,7397,1
dia 21 sem pressao - Soja Sauda,21,,3688,8554,3693,3445,8554,7399,1
dia 21 sem pressao - Soja Sauda,21,,3692,8554,3690,3443,8556,7401,1
dia 21 sem pressao - Soja Sauda,21,,3692,8554,3693,3446,8555,7401,1
dia 21 sem pressao - Soja Sauda,21,,3691,8554,3692,3445,8554,7402,1
dia 21 sem pressao - Soja Sauda,21,,3691,8553,3692,3445,8553,7404,1
dia 21 sem pressao - Soja Sauda,21,,3691,8547,3691,3443,8547,7406,1
dia 21 sem pressao - Soja Sauda,21,,3690,8541,3694,3444,8540,7408,1
dia 21 sem pressao - Soja Sauda,21,,3688,8533,3689,3442,8528,7408,1
dia 21 sem pressao - Soja Sauda,21,,3687,8526,3689,3443,8537,7408,1
dia 21 sem pressao - Soja Sauda,21,,3689,8526,3688,3442,8536,7408,1
dia 21 sem pressao - Soja Sauda,21,,3689,8528,3689,3443,8540,7411,1
dia 21 sem pressao - Soja Sauda,21,,3688,8545,3689,3442,8549,7414,1
dia 21 sem pressao - Soja Sauda,21,,3689,8549,3689,3443,8548,7414,1
dia 21 sem pressao - Soja Sauda,21,,3689,8547,3689,3441,8547,7416,1
dia 21 sem pressao - Soja Sauda,21,,3686,8545,3689,3444,8545,7417,1
dia 21 sem pressao - Soja Sauda,21,,3684,8550,3690,3445,8550,7419,1
dia 21 sem pressao - Soja Sauda,21,,3688,8555,3689,3443,8555,7421,1
dia 21 sem pressao - Soja Sauda,21,,3689,8560,3688,3442,8561,7423,1
dia 21 sem pressao - Soja Sauda,21,,3689,8566,3689,3440,8567,7426,1
dia 21 sem pressao - Soja Sauda,21,,3689,8573,3689,3441,8573,7421,1
dia 21 sem pressao - Soja Sauda,21,,3690,8578,3690,3439,8567,7431,1
dia 21 sem pressao - Soja Sauda,21,,3691,8573,3691,3434,8584,7433,1
dia 21 sem pressao - Soja Sauda,21,,3690,8578,3691,3435,8589,7434,1
dia 21 sem pressao - Soja Sauda,21,,3692,8584,3691,3434,8594,7436,1
dia 21 sem pressao - Soja Sauda,21,,3691,8588,3692,3428,8599,7438,1
dia 21 sem pressao - Soja Sauda,21,,3692,8600,3687,3428,8600,7438,1
dia 21 sem pressao - Soja Sauda,21,,3691,8600,3691,3431,8600,7439,1
dia 21 sem pressao - Soja Sauda,21,,3691,8599,3691,3432,8600,7441,1
dia 21 sem pressao - Soja Sauda,21,,3690,8603,3691,3436,8603,7442,1
dia 21 sem pressao - Soja Sauda,21,,3691,8617,3691,3439,8618,7443,1
dia 21 sem pressao - Soja Sauda,21,,3693,8588,3692,3444,8588,7444,1
dia 21 sem pressao - Soja Sauda,21,,3693,8586,3693,3431,8586,7444,1
dia 21 sem pressao - Soja Sauda,21,,3691,8581,3692,3429,8581,7442,1
dia 21 sem pressao - Soja Sauda,21,,3690,8571,3691,3435,8570,7438,1
dia 21 sem pressao - Soja Sauda,21,,3690,8566,3692,3434,8566,7436,1
dia 21 sem pressao - Soja Sauda,21,,3690,8562,3687,3430,8562,7443,1
dia 21 sem pressao - Soja Sauda,21,,3690,8562,3691,3427,8562,7443,1
dia 21 sem pressao - Soja Sauda,21,,3690,8562,3690,3430,8563,7445,1
dia 21 sem pressao - Soja Sauda,21,,3690,8565,3690,3428,8565,7445,1
dia 21 sem pressao - Soja Sauda,21,,3690,8570,3690,3441,8572,7449,1
dia 21 sem pressao - Soja Sauda,21,,3690,8579,3690,3441,8578,7450,1
dia 21 sem pressao - Soja Sauda,21,,3690,8582,3690,3441,8583,7449,1
dia 21 sem pressao - Soja Sauda,21,,3690,8586,3691,3440,8586,7452,1
dia 21 sem pressao - Soja Sauda,21,,3690,8589,3690,3442,8590,7453,1
dia 21 sem pressao - Soja Sauda,21,,3690,8592,3689,3445,8593,7453,1
dia 21 sem pressao - Soja Sauda,21,,3689,8594,3690,3444,8597,7456,1
dia 21 sem pressao - Soja Sauda,21,,3689,8595,3689,3440,8595,7455,1
dia 21 sem pressao - Soja Sauda,21,,3689,8595,3689,3435,8595,7456,1
dia 21 sem pressao - Soja Sauda,21,,3689,8601,3689,3439,8602,7458,1
dia 21 sem pressao - Soja Sauda,21,,3689,8609,3689,3427,8611,7458,1
dia 21 sem pressao - Soja Sauda,21,,3691,8601,3691,3427,8602,7460,1
dia 21 sem pressao - Soja Sauda,21,,3689,8596,3685,3428,8596,7461,1
dia 21 sem pressao - Soja Sauda,21,,3689,8591,3684,3430,8591,7461,1
dia 21 sem pressao - Soja Sauda,21,,3689,8588,3690,3431,8588,7463,1
dia 21 sem pressao - Soja Sauda,21,,3690,8588,3690,3431,8589,7465,1
dia 21 sem pressao - Soja Sauda,21,,3689,8597,3689,3430,8593,7468,1
dia 21 sem pressao - Soja Sauda,21,,3690,8598,3687,3431,8595,7466,1
dia 21 sem pressao - Soja Sauda,21,,3689,8604,3689,3425,8609,7467,1
dia 21 sem pressao - Soja Sauda,21,,3690,8597,3690,3428,8597,7468,1
dia 21 sem pressao - Soja Sauda,21,,3690,8595,3690,3428,8597,7469,1
dia 21 sem pressao - Soja Sauda,21,,3690,8602,3689,3429,8608,7471,1
dia 21 sem pressao - Soja Sauda,21,,3691,8608,3690,3428,8588,7473,1
dia 21 sem pressao - Soja Sauda,21,,3690,8606,3691,3428,8617,7472,1
dia 21 sem pressao - Soja Sauda,21,,3690,8609,3690,3428,8621,7472,1
dia 21 sem pressao - Soja Sauda,21,,3692,8596,3691,3426,8608,7475,1
dia 21 sem pressao - Soja Sauda,21,,3688,8613,3691,3432,8615,7477,1
dia 21 sem pressao - Soja Sauda,21,,3687,8626,3691,3432,8627,7480,1
dia 21 sem pressao - Soja Sauda,21,,3691,8619,3687,3433,8619,7480,1
dia 21 sem pressao - Soja Sauda,21,,3690,8607,3685,3433,8607,7481,1
dia 21 sem pressao - Soja Sauda,21,,3688,8593,3689,3432,8595,7481,1
dia 21 sem pressao - Soja Sauda,21,,3686,8591,3686,3439,8590,7469,1
dia 21 sem pressao - Soja Sauda,21,,3685,8588,3685,3437,8579,7477,1
dia 21 sem pressao - Soja Sauda,21,,3685,8579,3684,3436,8586,7477,1
dia 21 sem pressao - Soja Sauda,21,,3685,8574,3687,3432,8577,7478,1
dia 21 sem pressao - Soja Sauda,21,,3685,8564,3687,3431,8564,7480,1
dia 21 sem pressao - Soja Sauda,21,,3685,8566,3686,3432,8569,7481,1
dia 21 sem pressao - Soja Sauda,21,,3685,8574,3686,3435,8566,7474,1
dia 21 sem pressao - Soja Sauda,21,,3685,8575,3686,3432,8572,7475,1
dia 21 sem pressao - Soja Sauda,21,,3686,8575,3686,3435,8581,7479,1
dia 21 sem pressao - Soja Sauda,21,,3686,8573,3686,3434,8563,7487,1
dia 21 sem pressao - Soja Sauda,21,,3685,8565,3686,3431,8569,7487,1
dia 21 sem pressao - Soja Sauda,21,,3686,8552,3685,3431,8563,7488,1
dia 21 sem pressao - Soja Sauda,21,,3684,8556,3685,3433,8565,7489,1
dia 21 sem pressao - Soja Sauda,21,,3679,8568,3685,3435,8568,7491,1
dia 21 sem pressao - Soja Sauda,21,,3681,8570,3685,3436,8569,7493,1
dia 21 sem pressao - Soja Sauda,21,,3685,8569,3681,3433,8570,7493,1
dia 21 sem pressao - Soja Sauda,21,,3685,8571,3686,3434,8571,7493,1
dia 21 sem pressao - Soja Sauda,21,,3685,8573,3685,3434,8573,7495,1
dia 21 sem pressao - Soja Sauda,21,,3684,8580,3683,3436,8597,7496,1
dia 21 sem pressao - Soja Sauda,21,,3683,8595,3683,3432,8605,7501,1
dia 21 sem pressao - Soja Sauda,21,,3684,8575,3684,3435,8576,7500,1
dia 21 sem pressao - Soja Sauda,21,,3683,8575,3684,3435,8575,7499,1
dia 21 sem pressao - Soja Sauda,21,,3684,8577,3684,3429,8577,7492,1
dia 21 sem pressao - Soja Sauda,21,,3683,8572,3683,3429,8573,7492,1
dia 21 sem pressao - Soja Sauda,21,,3683,8583,3683,3428,8581,7494,1
dia 21 sem pressao - Soja Sauda,21,,3683,8605,3683,3430,8580,7506,1
dia 21 sem pressao - Soja Sauda,21,,3684,8574,3684,3431,8564,7505,1
dia 21 sem pressao - Soja Sauda,21,,3684,8563,3684,3427,8573,7506,1
dia 21 sem pressao - Soja Sauda,21,,3685,8561,3685,3429,8570,7506,1
dia 21 sem pressao - Soja Sauda,21,,3685,8559,3686,3432,8570,7508,1
dia 21 sem pressao - Soja Sauda,21,,3681,8580,3686,3430,8580,7509,1
dia 21 sem pressao - Soja Sauda,21,,3683,8568,3685,3430,8569,7509,1
dia 21 sem pressao - Soja Sauda,21,,3685,8570,3680,3430,8569,7511,1
dia 21 sem pressao - Soja Sauda,21,,3684,8569,3680,3429,8569,7512,1
dia 21 sem pressao - Soja Sauda,21,,3684,8565,3679,3429,8565,7514,1
dia 21 sem pressao - Soja Sauda,21,,3683,8567,3685,3427,8566,7517,1
dia 21 sem pressao - Soja Sauda,21,,3683,8563,3683,3430,8564,7516,1
dia 21 sem pressao - Soja Sauda,21,,3682,8567,3682,3428,8574,7518,1
dia 21 sem pressao - Soja Sauda,21,,3683,8563,3682,3429,8564,7518,1
dia 21 sem pressao - Soja Sauda,21,,3681,8567,3681,3430,8563,7519,1
dia 21 sem pressao - Soja Sauda,21,,3681,8564,3682,3428,8564,7521,1
dia 21 sem pressao - Soja Sauda,21,,3677,8549,3682,3430,8550,7520,1
dia 21 sem pressao - Soja Sauda,21,,3677,8544,3681,3430,8544,7521,1
dia 21 sem pressao - Soja Sauda,21,,3680,8542,3679,3427,8543,7521,1
dia 21 sem pressao - Soja Sauda,21,,3680,8541,3676,3428,8543,7522,1
dia 21 sem pressao - Soja Sauda,21,,3681,8541,3675,3427,8541,7523,1
dia 21 sem pressao - Soja Sauda,21,,3681,8534,3682,3426,8534,7527,1
dia 21 sem pressao - Soja Sauda,21,,3679,8534,3679,3427,8535,7525,1
dia 21 sem pressao - Soja Sauda,21,,3679,8550,3678,3425,8535,7528,1
dia 21 sem pressao - Soja Sauda,21,,3679,8533,3678,3427,8534,7530,1
dia 21 sem pressao - Soja Sauda,21,,3677,8531,3677,3427,8534,7531,1
dia 21 sem pressao - Soja Sauda,21,,3677,8541,3677,3427,8541,7535,1
dia 21 sem pressao - Soja Sauda,21,,3675,8550,3676,3424,8552,7535,1
dia 21 sem pressao - Soja Sauda,21,,3677,8536,3677,3426,8535,7538,1
dia 21 sem pressao - Soja Sauda,21,,3677,8540,3677,3425,8542,7540,1
dia 21 sem pressao - Soja Sauda,21,,3676,8563,3676,3430,8565,7546,1
dia 21 sem pressao - Soja Sauda,21,,3671,8599,3672,3426,8606,7543,1
dia 21 sem pressao - Soja Sauda,21,,3669,8618,3670,3423,8619,7557,1
dia 21 sem pressao - Soja Sauda,21,,3670,8619,3671,3425,8620,7565,1
dia 21 sem pressao - Soja Sauda,21,,3649,8909,3649,3421,8910,7566,1
dia 21 sem pressao - Soja Sauda,21,,3675,8570,3675,3424,8569,7569,1
dia 21 sem pressao - Soja Sauda,21,,3676,8565,3676,3426,8565,7571,1
dia 21 sem pressao - Soja Sauda,21,,3676,8568,3675,3426,8568,7574,1
dia 21 sem pressao - Soja Sauda,21,,3676,8580,3676,3425,8583,7579,1
dia 21 sem pressao - Soja Sauda,21,,3675,8580,3675,3426,8584,7581,1
dia 21 sem pressao - Soja Sauda,21,,3674,8584,3675,3424,8587,7582,1
dia 21 sem pressao - Soja Sauda,21,,3674,8584,3675,3426,8585,7585,1
dia 21 sem pressao - Soja Sauda,21,,3673,8589,3673,3425,8602,7588,1
dia 21 sem pressao - Soja Sauda,21,,3674,8604,3673,3423,8593,7581,1
dia 21 sem pressao - Soja Sauda,21,,3670,8590,3675,3427,8590,7592,1
dia 21 sem pressao - Soja Sauda,21,,3673,8580,3676,3428,8580,7594,1
dia 21 sem pressao - Soja Sauda,21,,3676,8583,3671,3428,8584,7595,1
dia 21 sem pressao - Soja Sauda,21,,3675,8582,3671,3427,8582,7597,1
dia 21 sem pressao - Soja Sauda,21,,3675,8578,3670,3429,8581,7600,1
dia 21 sem pressao - Soja Sauda,21,,3673,8566,3673,3429,8577,7600,1
dia 21 sem pressao - Soja Sauda,21,,3672,8552,3673,3428,8553,7600,1
dia 21 sem pressao - Soja Sauda,21,,3672,8549,3673,3427,8549,7599,1
dia 21 sem pressao - Soja Sauda,21,,3672,8553,3672,3425,8555,7600,1
dia 21 sem pressao - Soja Sauda,21,,3670,8555,3671,3428,8557,7601,1
dia 21 sem pressao - Soja Sauda,21,,3672,8538,3673,3424,8528,7602,1
dia 21 sem pressao - Soja Sauda,21,,3671,8528,3669,3427,8520,7603,1
dia 21 sem pressao - Soja Sauda,21,,3671,8518,3671,3427,8530,7604,1
dia 21 sem pressao - Soja Sauda,21,,3671,8514,3671,3428,8522,7605,1
dia 21 sem pressao - Soja Sauda,21,,3670,8515,3671,3427,8527,7607,1
dia 21 sem pressao - Soja Sauda,21,,3667,8535,3671,3428,8540,7610,1
dia 21 sem pressao - Soja Sauda,21,,3671,8511,3665,3426,8511,7610,1
dia 21 sem pressao - Soja Sauda,21,,3670,8509,3666,3426,8509,7613,1
dia 21 sem pressao - Soja Sauda,21,,3669,8505,3665,3427,8505,7613,1
dia 21 sem pressao - Soja Sauda,21,,3669,8498,3666,3428,8497,7615,1
dia 21 sem pressao - Soja Sauda,21,,3669,8492,3670,3427,8493,7618,1
dia 21 sem pressao - Soja Sauda,21,,3669,8489,3669,3427,8488,7619,1
dia 21 sem pressao - Soja Sauda,21,,3668,8488,3668,3428,8489,7620,1
dia 21 sem pressao - Soja Sauda,21,,3668,8485,3668,3425,8486,7621,1
dia 21 sem pressao - Soja Sauda,21,,3668,8487,3668,3425,8488,7622,1
dia 21 sem pressao - Soja Sauda,21,,3669,8493,3667,3425,8494,7627,1
dia 21 sem pressao - Soja Sauda,21,,3668,8490,3669,3424,8492,7616,1
dia 21 sem pressao - Soja Sauda,21,,3666,8508,3667,3423,8500,7626,1
dia 21 sem pressao - Soja Sauda,21,,3667,8505,3667,3421,8492,7629,1
dia 21 sem pressao - Soja Sauda,21,,3666,8516,3667,3421,8496,7630,1
dia 21 sem pressao - Soja Sauda,21,,3667,8502,3667,3421,8508,7634,1
dia 21 sem pressao - Soja Sauda,21,,3667,8500,3667,3421,8512,7637,1
dia 21 sem pressao - Soja Sauda,21,,3662,8512,3667,3421,8512,7636,1
dia 21 sem pressao - Soja Sauda,21,,3662,8520,3667,3422,8520,7640,1
dia 21 sem pressao - Soja Sauda,21,,3667,8522,3662,3425,8523,7641,1
dia 21 sem pressao - Soja Sauda,21,,3667,8524,3663,3425,8523,7644,1
dia 21 sem pressao - Soja Sauda,21,,3668,8522,3666,3422,8523,7646,1
dia 21 sem pressao - Soja Sauda,21,,3668,8526,3669,3421,8526,7647,1
dia 21 sem pressao - Soja Sauda,21,,3669,8531,3668,3424,8531,7649,1
dia 21 sem pressao - Soja Sauda,21,,3668,8541,3668,3422,8542,7649,1
dia 21 sem pressao - Soja Sauda,21,,3668,8543,3668,3422,8543,7651,1
dia 21 sem pressao - Soja Sauda,21,,3669,8542,3669,3424,8533,7652,1
dia 21 sem pressao - Soja Sauda,21,,3666,8534,3667,3423,8547,7651,1
dia 21 sem pressao - Soja Sauda,21,,3664,8562,3665,3423,8561,7653,1
dia 21 sem pressao - Soja Sauda,21,,3666,8568,3666,3425,8568,7645,1
dia 21 sem pressao - Soja Sauda,21,,3663,8571,3664,3423,8579,7644,1
dia 21 sem pressao - Soja Sauda,21,,3664,8643,3665,3423,8577,7650,1
dia 21 sem pressao - Soja Sauda,21,,3665,8559,3665,3425,8554,7655,1
dia 21 sem pressao - Soja Sauda,21,,3665,8560,3665,3426,8549,7657,1
dia 21 sem pressao - Soja Sauda,21,,3666,8540,3666,3426,8551,7660,1
dia 21 sem pressao - Soja Sauda,21,,3661,8547,3666,3427,8548,7659,1
dia 21 sem pressao - Soja Sauda,21,,3661,8560,3665,3427,8561,7661,1
dia 21 sem pressao - Soja Sauda,21,,3660,8557,3666,3426,8559,7661,1
dia 21 sem pressao - Soja Sauda,21,,3660,8542,3666,3427,8542,7663,1
dia 21 sem pressao - Soja Sauda,21,,3661,8539,3667,3426,8549,7665,1
dia 21 sem pressao - Soja Sauda,21,,3664,8553,3665,3426,8554,7665,1
dia 21 sem pressao - Soja Sauda,21,,3664,8553,3664,3426,8553,7666,1
dia 21 sem pressao - Soja Sauda,21,,3663,8557,3664,3427,8557,7665,1
dia 21 sem pressao - Soja Sauda,21,,3663,8559,3663,3424,8555,7667,1
dia 21 sem pressao - Soja Sauda,21,,3667,8528,3667,3429,8527,7672,1
dia 21 sem pressao - Soja Sauda,21,,3663,8545,3663,3431,8546,7668,1
dia 21 sem pressao - Soja Sauda,21,,3663,8546,3663,3430,8547,7661,1
dia 21 sem pressao - Soja Sauda,21,,3664,8527,3664,3429,8527,7662,1
dia 21 sem pressao - Soja Sauda,21,,3663,8544,3663,3429,8534,7672,1
dia 21 sem pressao - Soja Sauda,21,,3662,8548,3663,3429,8541,7674,1
dia 21 sem pressao - Soja Sauda,21,,3661,8548,3665,3432,8553,7679,1
dia 21 sem pressao - Soja Sauda,21,,3659,8538,3664,3429,8539,7677,1
dia 21 sem pressao - Soja Sauda,21,,3657,8568,3662,3431,8568,7678,1
dia 21 sem pressao - Soja Sauda,21,,3663,8572,3659,3433,8572,7680,1
dia 21 sem pressao - Soja Sauda,21,,3662,8577,3657,3429,8577,7683,1
dia 21 sem pressao - Soja Sauda,21,,3664,8559,3665,3486,8557,7685,1
dia 21 sem pressao - Soja Sauda,21,,3665,8551,3666,3444,8551,7686,1
dia 21 sem pressao - Soja Sauda,21,,3665,8552,3666,3445,8552,7687,1
dia 21 sem pressao - Soja Sauda,21,,3665,8560,3666,3435,8560,7688,1
dia 21 sem pressao - Soja Sauda,21,,3660,8641,3660,3435,8643,7690,1
dia 21 sem pressao - Soja Sauda,21,,3653,8741,3652,3440,8722,7691,1
dia 21 sem pressao - Soja Sauda,21,,3666,8577,3666,3436,8578,7692,1
dia 21 sem pressao - Soja Sauda,21,,3666,8583,3666,3438,8584,7694,1
dia 21 sem pressao - Soja Sauda,21,,3666,8584,3666,3436,8584,7695,1
dia 21 sem pressao - Soja Sauda,21,,3666,8585,3667,3440,8586,7697,1
dia 21 sem pressao - Soja Sauda,21,,3666,8588,3667,3434,8590,7700,1
dia 21 sem pressao - Soja Sauda,21,,3667,8587,3663,3439,8587,7698,1
dia 21 sem pressao - Soja Sauda,21,,3668,8567,3669,3433,8566,7701,1
dia 21 sem pressao - Soja Sauda,21,,3669,8566,3669,3434,8566,7701,1
dia 21 sem pressao - Soja Sauda,21,,3667,8589,3667,3434,8590,7702,1
dia 21 sem pressao - Soja Sauda,21,,3669,8593,3671,3477,8594,7702,1
dia 21 sem pressao - Soja Sauda,21,,3669,8598,3670,3436,8598,7706,1
dia 21 sem pressao - Soja Sauda,21,,3667,8596,3667,3431,8597,7706,1
dia 21 sem pressao - Soja Sauda,21,,3668,8596,3667,3433,8597,7708,1
dia 21 sem pressao - Soja Sauda,21,,3667,8598,3668,3432,8598,7708,1
dia 21 sem pressao - Soja Sauda,21,,3667,8598,3668,3432,8597,7709,1
dia 21 sem pressao - Soja Sauda,21,,3669,8594,3669,3432,8595,7712,1
dia 21 sem pressao - Soja Sauda,21,,3668,8596,3669,3433,8595,7712,1
dia 21 sem pressao - Soja Sauda,21,,3669,8595,3669,3433,8596,7713,1
dia 21 sem pressao - Soja Sauda,21,,3671,8575,3671,3432,8575,7713,1
dia 21 sem pressao - Soja Sauda,21,,3670,8575,3670,3436,8575,7714,1
dia 21 sem pressao - Soja Sauda,21,,3669,8606,3669,3437,8606,7714,1
dia 21 sem pressao - Soja Sauda,21,,3667,8605,3667,3441,8605,7713,1
dia 21 sem pressao - Soja Sauda,21,,3661,8616,3668,3445,8607,7717,1
dia 21 sem pressao - Soja Sauda,21,,3666,8616,3667,3451,8611,7716,1
dia 21 sem pressao - Soja Sauda,21,,3667,8603,3667,3513,8602,7718,1
dia 21 sem pressao - Soja Sauda,21,,3666,8600,3667,3461,8600,7718,1
dia 21 sem pressao - Soja Sauda,21,,3666,8597,3666,3543,8596,7719,1
dia 21 sem pressao - Soja Sauda,21,,3666,8592,3677,3616,8592,7724,1
dia 21 sem pressao - Soja Sauda,21,,3665,8585,3665,3444,8586,7714,1
dia 21 sem pressao - Soja Sauda,21,,3664,8580,3664,3449,8580,7715,1
dia 21 sem pressao - Soja Sauda,21,,3663,8574,3664,3468,8574,7714,1
dia 21 sem pressao - Soja Sauda,21,,3663,8568,3664,3456,8565,7721,1
dia 21 sem pressao - Soja Sauda,21,,3663,8564,3663,3460,8558,7728,1
dia 21 sem pressao - Soja Sauda,21,,3663,8561,3663,3481,8551,7728,1
dia 21 sem pressao - Soja Sauda,21,,3663,8545,3663,3471,8556,7727,1
dia 21 sem pressao - Soja Sauda,21,,3661,8550,3664,3510,8554,7729,1
dia 21 sem pressao - Soja Sauda,21,,3669,8548,3671,3562,8555,7730,1
dia 21 sem pressao - Soja Sauda,21,,3661,8553,3662,3442,8558,7733,1
dia 21 sem pressao - Soja Sauda,21,,3656,8570,3661,3445,8569,7733,1
dia 21 sem pressao - Soja Sauda,21,,3659,8562,3662,3445,8562,7733,1
dia 21 sem pressao - Soja Sauda,21,,3661,8563,3658,3442,8563,7734,1
dia 21 sem pressao - Soja Sauda,21,,3661,8563,3657,3440,8564,7735,1
dia 21 sem pressao - Soja Sauda,21,,3662,8562,3657,3478,8563,7736,1
dia 21 sem pressao - Soja Sauda,21,,3663,8554,3663,3443,8556,7739,1
dia 21 sem pressao - Soja Sauda,21,,3662,8557,3662,3437,8558,7739,1
dia 21 sem pressao - Soja Sauda,21,,3663,8561,3663,3439,8561,7741,1
dia 21 sem pressao - Soja Sauda,21,,3664,8558,3664,3441,8557,7743,1
dia 21 sem pressao - Soja Sauda,21,,3670,8558,3676,3615,8557,7746,1
dia 21 sem pressao - Soja Sauda,21,,3663,8560,3665,3438,8562,7747,1
dia 21 sem pressao - Soja Sauda,21,,3665,8563,3665,3439,8564,7749,1
dia 21 sem pressao - Soja Sauda,21,,3665,8564,3665,3439,8565,7750,1
dia 21 sem pressao - Soja Sauda,21,,3663,8573,3664,3440,8572,7752,1
dia 21 sem pressao - Soja Sauda,21,,3663,8560,3663,3443,8557,7752,1
dia 21 sem pressao - Soja Sauda,21,,3663,8550,3663,3442,8553,7755,1
dia 21 sem pressao - Soja Sauda,21,,3663,8542,3659,3443,8543,7752,1
dia 21 sem pressao - Soja Sauda,21,,3663,8540,3663,3445,8539,7752,1
dia 21 sem pressao - Soja Sauda,21,,3662,8535,3663,3447,8535,7756,1
dia 21 sem pressao - Soja Sauda,21,,3661,8542,3662,3443,8540,7757,1
dia 21 sem pressao - Soja Sauda,21,,3662,8545,3662,3444,8546,7759,1
dia 21 sem pressao - Soja Sauda,21,,3663,8543,3663,3447,8541,7765,1
dia 21 sem pressao - Soja Sauda,21,,3663,8544,3663,3444,8544,7765,1
dia 21 sem pressao - Soja Sauda,21,,3662,8553,3663,3445,8555,7766,1
dia 21 sem pressao - Soja Sauda,21,,3664,8559,3664,3445,8553,7767,1
dia 21 sem pressao - Soja Sauda,21,,3664,8552,3665,3448,8553,7769,1
dia 21 sem pressao - Soja Sauda,21,,3665,8556,3665,3442,8548,7772,1
dia 21 sem pressao - Soja Sauda,21,,3666,8541,3667,3444,8541,7772,1
dia 21 sem pressao - Soja Sauda,21,,3665,8563,3666,3445,8565,7774,1
dia 21 sem pressao - Soja Sauda,21,,3665,8578,3666,3443,8579,7777,1
dia 21 sem pressao - Soja Sauda,21,,3665,8585,3666,3447,8584,7779,1
dia 21 sem pressao - Soja Sauda,21,,3668,8596,3667,3452,8600,7782,1
dia 21 sem pressao - Soja Sauda,21,,3669,8561,3674,3633,8562,7783,1
dia 21 sem pressao - Soja Sauda,21,,3666,8590,3662,3454,8591,7785,1
dia 21 sem pressao - Soja Sauda,21,,3667,8597,3662,3458,8598,7788,1
dia 21 sem pressao - Soja Sauda,21,,3666,8606,3662,3459,8607,7789,1
dia 21 sem pressao - Soja Sauda,21,,3666,8604,3662,3458,8604,7795,1
dia 21 sem pressao - Soja Sauda,21,,3663,8634,3665,3461,8637,7795,1
dia 21 sem pressao - Soja Sauda,21,,3660,8628,3664,3463,8629,7797,1
dia 21 sem pressao - Soja Sauda,21,,3665,8611,3660,3566,8613,7802,1
dia 21 sem pressao - Soja Sauda,21,,3663,8619,3660,3451,8619,7802,1
dia 21 sem pressao - Soja Sauda,21,,3664,8607,3659,3453,8607,7803,1
dia 21 sem pressao - Soja Sauda,21,,3662,8618,3658,3451,8619,7806,1
dia 21 sem pressao - Soja Sauda,21,,3665,8583,3662,3445,8583,7807,1
dia 21 sem pressao - Soja Sauda,21,,3666,8588,3666,3444,8588,7811,1
dia 21 sem pressao - Soja Sauda,21,,3666,8589,3666,3445,8590,7811,1
dia 21 sem pressao - Soja Sauda,21,,3666,8581,3667,3447,8582,7814,1
dia 21 sem pressao - Soja Sauda,21,,3667,8578,3667,3444,8579,7816,1
dia 21 sem pressao - Soja Sauda,21,,3667,8579,3668,3446,8579,7817,1
dia 21 sem pressao - Soja Sauda,21,,3671,8577,3677,3529,8576,7819,1
dia 21 sem pressao - Soja Sauda,21,,3671,8566,3675,3585,8566,7820,1
dia 21 sem pressao - Soja Sauda,21,,3672,8549,3674,3567,8548,7822,1
dia 21 sem pressao - Soja Sauda,21,,3673,8539,3673,3538,8539,7821,1
dia 21 sem pressao - Soja Sauda,21,,3671,8537,3671,3540,8536,7821,1
dia 21 sem pressao - Soja Sauda,21,,3665,8540,3665,3443,8540,7815,1
dia 21 sem pressao - Soja Sauda,21,,3665,8540,3665,3445,8566,7823,1
dia 21 sem pressao - Soja Sauda,21,,3660,8543,3666,3442,8550,7822,1
dia 21 sem pressao - Soja Sauda,21,,3660,8546,3665,3444,8546,7822,1
dia 21 sem pressao - Soja Sauda,21,,3660,8549,3664,3457,8541,7823,1
dia 21 sem pressao - Soja Sauda,21,,3660,8533,3665,3443,8533,7826,1
dia 21 sem pressao - Soja Sauda,21,,3663,8527,3665,3441,8527,7827,1
dia 21 sem pressao - Soja Sauda,21,,3662,8523,3661,3448,8520,7829,1
dia 21 sem pressao - Soja Sauda,21,,3660,8533,3662,3437,8536,7830,1
dia 21 sem pressao - Soja Sauda,21,,3659,8530,3659,3440,8532,7831,1
dia 21 sem pressao - Soja Sauda,21,,3658,8520,3658,3438,8520,7831,1
dia 21 sem pressao - Soja Sauda,21,,3659,8503,3660,3437,8503,7832,1
dia 21 sem pressao - Soja Sauda,21,,3670,8499,3671,3623,8500,7830,1
dia 21 sem pressao - Soja Sauda,21,,3668,8500,3670,3616,8499,7832,1
dia 21 sem pressao - Soja Sauda,21,,3658,8500,3659,3436,8500,7832,1
dia 21 sem pressao - Soja Sauda,21,,3660,8479,3660,3488,8469,7832,1
dia 21 sem pressao - Soja Sauda,21,,3661,8482,3660,3436,8482,7834,1
dia 21 sem pressao - Soja Sauda,21,,3658,8509,3658,3435,8509,7834,1
dia 21 sem pressao - Soja Sauda,21,,3657,8521,3657,3434,8521,7825,1
dia 21 sem pressao - Soja Sauda,21,,3657,8505,3656,3433,8503,7826,1
dia 21 sem pressao - Soja Sauda,21,,3656,8523,3656,3429,8522,7825,1
dia 21 sem pressao - Soja Sauda,21,,3659,8520,3658,3429,8518,7830,1
dia 21 sem pressao - Soja Sauda,21,,3656,8518,3654,3431,8520,7836,1
dia 21 sem pressao - Soja Sauda,21,,3657,8507,3657,3432,8513,7838,1
dia 21 sem pressao - Soja Sauda,21,,3656,8509,3657,3432,8509,7839,1
dia 21 sem pressao - Soja Sauda,21,,3656,8501,3656,3431,8501,7841,1
dia 21 sem pressao - Soja Sauda,21,,3656,8503,3658,3432,8503,7846,1
dia 21 sem pressao - Soja Sauda,21,,3656,8504,3657,3431,8504,7844,1
dia 21 sem pressao - Soja Sauda,21,,3656,8501,3656,3431,8501,7846,1
dia 21 sem pressao - Soja Sauda,21,,3656,8502,3656,3429,8502,7847,1
dia 21 sem pressao - Soja Sauda,21,,3655,8505,3656,3431,8505,7847,1
dia 21 sem pressao - Soja Sauda,21,,3655,8504,3655,3431,8504,7851,1
dia 21 sem pressao - Soja Sauda,21,,3656,8508,3655,3432,8510,7854,1
dia 21 sem pressao - Soja Sauda,21,,3655,8503,3656,3428,8503,7842,1
dia 21 sem pressao - Soja Sauda,21,,3654,8515,3654,3427,8514,7845,1
dia 21 sem pressao - Soja Sauda,21,,3654,8512,3655,3430,8513,7847,1
dia 21 sem pressao - Soja Sauda,21,,3655,8513,3655,3430,8513,7848,1
dia 21 sem pressao - Soja Sauda,21,,3655,8518,3656,3433,8507,7860,1
dia 21 sem pressao - Soja Sauda,21,,3655,8514,3654,3432,8524,7860,1
dia 21 sem pressao - Soja Sauda,21,,3651,8557,3653,3430,8554,7862,1
dia 21 sem pressao - Soja Sauda,21,,3653,8521,3653,3428,8523,7862,1
dia 21 sem pressao - Soja Sauda,21,,3652,8523,3652,3428,8524,7863,1
dia 21 sem pressao - Soja Sauda,21,,3652,8526,3652,3427,8527,7864,1
dia 21 sem pressao - Soja Sauda,21,,3651,8531,3652,3426,8532,7865,1
dia 21 sem pressao - Soja Sauda,21,,3652,8531,3653,3436,8529,7866,1
dia 21 sem pressao - Soja Sauda,21,,3653,8530,3653,3441,8530,7869,1
dia 21 sem pressao - Soja Sauda,21,,3653,8531,3653,3441,8532,7870,1
dia 21 sem pressao - Soja Sauda,21,,3653,8535,3653,3441,8535,7871,1
dia 21 sem pressao - Soja Sauda,21,,3653,8539,3653,3444,8540,7872,1
dia 21 sem pressao - Soja Sauda,21,,3653,8547,3653,3440,8544,7873,1
dia 21 sem pressao - Soja Sauda,21,,3655,8533,3655,3440,8532,7877,1
dia 21 sem pressao - Soja Sauda,21,,3656,8522,3656,3439,8523,7877,1
dia 21 sem pressao - Soja Sauda,21,,3655,8537,3655,3439,8537,7879,1
dia 21 sem pressao - Soja Sauda,21,,3655,8542,3656,3439,8543,7880,1
dia 21 sem pressao - Soja Sauda,21,,3654,8551,3654,3436,8554,7884,1
dia 21 sem pressao - Soja Sauda,21,,3655,8554,3656,3436,8554,7888,1
dia 21 sem pressao - Soja Sauda,21,,3653,8580,3654,3442,8556,7891,1
dia 21 sem pressao - Soja Sauda,21,,3652,8564,3654,3442,8567,7893,1
dia 21 sem pressao - Soja Sauda,21,,3652,8543,3652,3436,8550,7896,1
dia 21 sem pressao - Soja Sauda,21,,3652,8523,3652,3441,8533,7900,1
dia 21 sem pressao - Soja Sauda,21,,3644,8568,3648,3434,8572,7905,1
dia 21 sem pressao - Soja Sauda,21,,3650,8556,3650,3441,8609,7906,1
dia 21 sem pressao - Soja Sauda,21,,3651,8524,3652,3435,8523,7906,1
dia 21 sem pressao - Soja Sauda,21,,3650,8530,3651,3429,8531,7908,1
dia 21 sem pressao - Soja Sauda,21,,3650,8538,3650,3430,8539,7908,1
dia 21 sem pressao - Soja Sauda,21,,3650,8551,3650,3427,8559,7910,1
dia 21 sem pressao - Soja Sauda,21,,3650,8552,3650,3433,8552,7911,1
dia 21 sem pressao - Soja Sauda,21,,3649,8561,3649,3424,8564,7906,1
dia 21 sem pressao - Soja Sauda,21,,3650,8557,3650,3425,8559,7906,1
dia 21 sem pressao - Soja Sauda,21,,3651,8543,3652,3427,8543,7904,1
dia 21 sem pressao - Soja Sauda,21,,3649,8583,3648,3421,8582,7904,1
dia 21 sem pressao - Soja Sauda,21,,3643,8584,3648,3420,8575,7916,1
dia 21 sem pressao - Soja Sauda,21,,3651,8569,3650,3420,8572,7918,1
dia 21 sem pressao - Soja Sauda,21,,3651,8569,3650,3415,8569,7920,1
dia 21 sem pressao - Soja Sauda,21,,3649,8589,3650,3415,8585,7920,1
dia 21 sem pressao - Soja Sauda,21,,3650,8580,3652,3414,8579,7922,1
dia 21 sem pressao - Soja Sauda,21,,3652,8582,3652,3414,8586,7926,1
dia 21 sem pressao - Soja Sauda,21,,3651,8593,3651,3413,8595,7925,1
dia 21 sem pressao - Soja Sauda,21,,3653,8579,3653,3413,8569,7925,1
dia 21 sem pressao - Soja Sauda,21,,3654,8561,3654,3425,8561,7925,1
dia 21 sem pressao - Soja Sauda,21,,3654,8562,3655,3426,8563,7924,1
dia 21 sem pressao - Soja Sauda,21,,3654,8567,3655,3422,8573,7929,1
dia 21 sem pressao - Soja Sauda,21,,3655,8564,3654,3421,8564,7928,1
dia 21 sem pressao - Soja Sauda,21,,3653,8568,3654,3412,8568,7928,1
dia 21 sem pressao - Soja Sauda,21,,3650,8564,3652,3413,8565,7928,1
dia 21 sem pressao - Soja Sauda,21,,3652,8574,3652,3413,8574,7929,1
dia 21 sem pressao - Soja Sauda,21,,3654,8555,3654,3412,8557,7930,1
dia 21 sem pressao - Soja Sauda,21,,3651,8570,3652,3413,8557,7931,1
dia 21 sem pressao - Soja Sauda,21,,3651,8573,3652,3411,8565,7931,1
dia 21 sem pressao - Soja Sauda,21,,3648,8588,3648,3409,8568,7933,1
dia 21 sem pressao - Soja Sauda,21,,3649,8560,3649,3408,8549,7933,1
dia 21 sem pressao - Soja Sauda,21,,3650,8523,3650,3408,8512,7934,1
dia 21 sem pressao - Soja Sauda,21,,3649,8520,3648,3407,8510,7933,1
dia 21 sem pressao - Soja Sauda,21,,3649,8505,3649,3407,8506,7932,1
dia 21 sem pressao - Soja Sauda,21,,3648,8493,3648,3405,8486,7931,1
dia 21 sem pressao - Soja Sauda,21,,3642,8488,3647,3403,8488,7934,1
dia 21 sem pressao - Soja Sauda,21,,3645,8499,3651,3525,8499,7937,1
dia 21 sem pressao - Soja Sauda,21,,3645,8495,3645,3403,8495,7938,1
dia 21 sem pressao - Soja Sauda,21,,3644,8488,3645,3401,8488,7939,1
dia 21 sem pressao - Soja Sauda,21,,3644,8494,3644,3401,8493,7941,1
dia 21 sem pressao - Soja Sauda,21,,3642,8493,3642,3400,8486,7937,1
dia 21 sem pressao - Soja Sauda,21,,3641,8480,3641,3399,8480,7931,1
dia 21 sem pressao - Soja Sauda,21,,3640,8490,3640,3396,8491,7931,1
dia 21 sem pressao - Soja Sauda,21,,3641,8477,3641,3397,8475,7943,1
dia 21 sem pressao - Soja Sauda,21,,3642,8474,3643,3398,8471,7945,1
dia 21 sem pressao - Soja Sauda,21,,3642,8452,3641,3400,8453,7945,1
dia 21 sem pressao - Soja Sauda,21,,3642,8468,3638,3399,8458,7946,1
dia 21 sem pressao - Soja Sauda,21,,3641,8483,3637,3399,8485,7947,1
dia 21 sem pressao - Soja Sauda,21,,3643,8492,3642,3398,8493,7949,1
dia 21 sem pressao - Soja Sauda,21,,3645,8476,3644,3398,8482,7954,1
dia 21 sem pressao - Soja Sauda,21,,3642,8503,3643,3399,8505,7956,1
dia 21 sem pressao - Soja Sauda,21,,3643,8496,3642,3398,8499,7957,1
dia 21 sem pressao - Soja Sauda,21,,3643,8499,3643,3398,8497,7959,1
dia 21 sem pressao - Soja Sauda,21,,3642,8507,3642,3398,8509,7960,1
dia 21 sem pressao - Soja Sauda,21,,3643,8490,3646,3399,8491,7964,1
dia 21 sem pressao - Soja Sauda,21,,3644,8477,3644,3399,8480,7961,1
dia 21 sem pressao - Soja Sauda,21,,3641,8511,3642,3398,8485,7964,1
dia 21 sem pressao - Soja Sauda,21,,3642,8527,3641,3398,8530,7964,1
dia 21 sem pressao - Soja Sauda,21,,3643,8522,3643,3397,8512,7966,1
dia 21 sem pressao - Soja Sauda,21,,3647,8482,3647,3398,8472,7968,1
dia 21 sem pressao - Soja Sauda,21,,3646,8516,3646,3398,8512,7971,1
dia 21 sem pressao - Soja Sauda,21,,3642,8525,3645,3422,8528,7972,1
dia 21 sem pressao - Soja Sauda,21,,3628,8764,3645,3397,8768,7978,1
dia 21 sem pressao - Soja Sauda,21,,3647,8536,3642,3397,8537,7982,1
dia 21 sem pressao - Soja Sauda,21,,3647,8546,3643,3398,8546,7986,1
dia 21 sem pressao - Soja Sauda,21,,3648,8555,3644,3397,8554,7990,1
dia 21 sem pressao - Soja Sauda,21,,3648,8549,3648,3399,8549,7996,1
dia 21 sem pressao - Soja Sauda,21,,3648,8548,3648,3398,8548,7999,1
dia 21 sem pressao - Soja Sauda,21,,3647,8540,3648,3398,8540,8002,1
dia 21 sem pressao - Soja Sauda,21,,3647,8522,3647,3399,8520,8005,1
dia 21 sem pressao - Soja Sauda,21,,3631,8670,3627,3398,8609,8012,1
dia 21 sem pressao - Soja Sauda,21,,3643,8509,3644,3400,8499,8051,1
dia 21 sem pressao - Soja Sauda,21,,3646,8481,3646,3400,8471,8086,1
dia 21 sem pressao - Soja Sauda,21,,3644,8503,3644,3401,8514,8109,1
dia 21 sem pressao - Soja Sauda,21,,3637,8603,3637,3402,8618,8121,1
dia 21 sem pressao - Soja Sauda,21,,3631,8675,3632,3400,8684,8131,1
dia 21 sem pressao - Soja Sauda,21,,3644,8500,3643,3400,8497,8146,1
dia 21 sem pressao - Soja Sauda,21,,3643,8487,3644,3399,8487,8160,1
dia 21 sem pressao - Soja Sauda,21,,3642,8490,3642,3400,8490,8169,1
dia 21 sem pressao - Soja Sauda,21,,3643,8453,3643,3399,8452,8180,1
dia 21 sem pressao - Soja Sauda,21,,3643,8433,3643,3398,8433,8190,1
dia 21 sem pressao - Soja Sauda,21,,3643,8448,3643,3399,8449,8199,1
dia 21 sem pressao - Soja Sauda,21,,3640,8455,3640,3398,8455,8205,1
dia 21 sem pressao - Soja Sauda,21,,3639,8445,3639,3398,8443,8211,1
dia 21 sem pressao - Soja Sauda,21,,3639,8434,3639,3395,8434,8216,1
dia 21 sem pressao - Soja Sauda,21,,3640,8419,3641,3396,8418,8221,1
dia 21 sem pressao - Soja Sauda,21,,3642,8423,3641,3396,8413,8228,1
dia 21 sem pressao - Soja Sauda,21,,3640,8430,3640,3396,8426,8232,1
dia 21 sem pressao - Soja Sauda,21,,3640,8421,3640,3394,8411,8226,1
dia 21 sem pressao - Soja Sauda,21,,3637,8451,3637,3393,8454,8228,1
dia 21 sem pressao - Soja Sauda,21,,3638,8447,3638,3390,8448,8248,1
dia 21 sem pressao - Soja Sauda,21,,3637,8471,3638,3387,8471,8255,1
dia 21 sem pressao - Soja Sauda,21,,3639,8471,3640,3386,8473,8262,1
dia 21 sem pressao - Soja Sauda,21,,3639,8490,3639,3385,8491,8268,1
dia 21 sem pressao - Soja Sauda,21,,3640,8492,3640,3388,8491,8273,1
dia 21 sem pressao - Soja Sauda,21,,3639,8505,3639,3387,8506,8275,1
dia 21 sem pressao - Soja Sauda,21,,3639,8510,3639,3387,8508,8278,1
dia 21 sem pressao - Soja Sauda,21,,3639,8513,3639,3386,8513,8283,1
dia 21 sem pressao - Soja Sauda,21,,3639,8519,3640,3388,8519,8286,1
dia 21 sem pressao - Soja Sauda,21,,3640,8517,3640,3387,8516,8285,1
dia 21 sem pressao - Soja Sauda,21,,3639,8514,3639,3384,8514,8279,1
dia 21 sem pressao - Soja Sauda,21,,3638,8519,3639,3386,8519,8276,1
dia 21 sem pressao - Soja Sauda,21,,3639,8526,3639,3384,8526,8270,1
dia 21 sem pressao - Soja Sauda,21,,3640,8520,3639,3385,8529,8264,1
dia 21 sem pressao - Soja Sauda,21,,3641,8515,3641,3385,8516,8261,1
dia 21 sem pressao - Soja Sauda,21,,3635,8509,3640,3386,8509,8251,1
dia 21 sem pressao - Soja Sauda,21,,3634,8505,3639,3383,8506,8246,1
dia 21 sem pressao - Soja Sauda,21,,3634,8496,3639,3384,8496,8241,1
dia 21 sem pressao - Soja Sauda,21,,3638,8497,3633,3385,8498,8237,1
dia 21 sem pressao - Soja Sauda,21,,3639,8491,3634,3383,8491,8232,1
dia 21 sem pressao - Soja Sauda,21,,3640,8473,3640,3382,8473,8225,1
dia 21 sem pressao - Soja Sauda,21,,3639,8487,3640,3384,8488,8221,1
dia 21 sem pressao - Soja Sauda,21,,3638,8485,3639,3383,8485,8214,1
dia 21 sem pressao - Soja Sauda,21,,3638,8479,3638,3383,8480,8208,1
dia 21 sem pressao - Soja Sauda,21,,3639,8476,3640,3383,8478,8206,1
dia 21 sem pressao - Soja Sauda,21,,3641,8453,3641,3383,8457,8201,1
dia 21 sem pressao - Soja Sauda,21,,3637,8482,3637,3380,8482,8196,1
dia 21 sem pressao - Soja Sauda,21,,3637,8482,3637,3382,8482,8192,1
dia 21 sem pressao - Soja Sauda,21,,3637,8483,3637,3381,8483,8188,1
dia 21 sem pressao - Soja Sauda,21,,3637,8485,3638,3378,8485,8181,1
dia 21 sem pressao - Soja Sauda,21,,3637,8481,3638,3379,8482,8174,1
dia 21 sem pressao - Soja Sauda,21,,3633,8482,3637,3376,8482,8179,1
dia 21 sem pressao - Soja Sauda,21,,3631,8488,3636,3377,8490,8176,1
dia 21 sem pressao - Soja Sauda,21,,3631,8484,3636,3376,8484,8175,1
dia 21 sem pressao - Soja Sauda,21,,3635,8480,3631,3376,8479,8172,1
dia 21 sem pressao - Soja Sauda,21,,3636,8495,3631,3377,8503,8172,1
dia 21 sem pressao - Soja Sauda,21,,3635,8495,3635,3376,8501,8167,1
dia 21 sem pressao - Soja Sauda,21,,3633,8509,3634,3377,8510,8167,1
dia 21 sem pressao - Soja Sauda,21,,3633,8510,3634,3376,8510,8164,1
dia 21 sem pressao - Soja Sauda,21,,3634,8516,3634,3374,8516,8162,1
dia 21 sem pressao - Soja Sauda,21,,3634,8520,3634,3373,8520,8162,1
dia 21 sem pressao - Soja Sauda,21,,3633,8519,3634,3373,8520,8160,1
dia 21 sem pressao - Soja Sauda,21,,3634,8525,3634,3378,8523,8158,1
dia 21 sem pressao - Soja Sauda,21,,3634,8541,3634,3375,8542,8157,1
dia 21 sem pressao - Soja Sauda,21,,3634,8553,3634,3375,8553,8157,1
dia 21 sem pressao - Soja Sauda,21,,3636,8540,3637,3371,8544,8151,1
dia 21 sem pressao - Soja Sauda,21,,3631,8540,3636,3372,8540,8159,1
dia 21 sem pressao - Soja Sauda,21,,3631,8538,3635,3372,8538,8158,1
dia 21 sem pressao - Soja Sauda,21,,3635,8539,3631,3371,8539,8158,1
dia 21 sem pressao - Soja Sauda,21,,3635,8540,3631,3374,8541,8157,1
dia 21 sem pressao - Soja Sauda,21,,3635,8546,3630,3370,8551,8161,1
dia 21 sem pressao - Soja Sauda,21,,3636,8542,3636,3372,8541,8158,1
dia 21 sem pressao - Soja Sauda,21,,3636,8541,3637,3373,8542,8158,1
dia 21 sem pressao - Soja Sauda,21,,3639,8515,3639,3372,8514,8158,1
dia 21 sem pressao - Soja Sauda,21,,3638,8535,3638,3373,8536,8159,1
dia 21 sem pressao - Soja Sauda,21,,3638,8542,3638,3373,8543,8164,1
dia 21 sem pressao - Soja Sauda,21,,3636,8554,3637,3367,8556,8163,1
dia 21 sem pressao - Soja Sauda,21,,3636,8540,3636,3366,8550,8163,1
dia 21 sem pressao - Soja Sauda,21,,3628,8630,3638,3370,8580,8167,1
dia 21 sem pressao - Soja Sauda,21,,3632,8544,3638,3368,8545,8166,1
dia 21 sem pressao - Soja Sauda,21,,3634,8537,3640,3370,8536,8168,1
dia 21 sem pressao - Soja Sauda,21,,3639,8544,3634,3368,8542,8169,1
dia 21 sem pressao - Soja Sauda,21,,3638,8543,3636,3371,8544,8171,1
dia 21 sem pressao - Soja Sauda,21,,3639,8546,3639,3370,8546,8173,1
dia 21 sem pressao - Soja Sauda,21,,3640,8547,3640,3369,8548,8173,1
dia 21 sem pressao - Soja Sauda,21,,3641,8550,3641,3369,8546,8174,1
dia 21 sem pressao - Soja Sauda,21,,3641,8551,3640,3369,8551,8176,1
dia 21 sem pressao - Soja Sauda,21,,3642,8550,3641,3368,8551,8177,1
dia 21 sem pressao - Soja Sauda,21,,3643,8555,3643,3368,8555,8181,1
dia 21 sem pressao - Soja Sauda,21,,3641,8554,3642,3370,8563,8178,1
dia 21 sem pressao - Soja Sauda,21,,3641,8571,3642,3372,8572,8180,1
dia 21 sem pressao - Soja Sauda,21,,3642,8554,3643,3370,8555,8175,1
dia 21 sem pressao - Soja Sauda,21,,3643,8564,3643,3370,8564,8172,1
dia 21 sem pressao - Soja Sauda,21,,3644,8571,3644,3373,8572,8172,1
dia 21 sem pressao - Soja Sauda,21,,3639,8592,3645,3370,8567,8184,1
dia 21 sem pressao - Soja Sauda,21,,3639,8573,3644,3371,8574,8184,1
dia 21 sem pressao - Soja Sauda,21,,3644,8583,3640,3372,8584,8186,1
dia 21 sem pressao - Soja Sauda,21,,3644,8587,3640,3372,8587,8186,1
dia 21 sem pressao - Soja Sauda,21,,3644,8593,3643,3370,8593,8186,1
dia 21 sem pressao - Soja Sauda,21,,3645,8600,3645,3419,8600,8189,1
dia 21 sem pressao - Soja Sauda,21,,3644,8604,3645,3388,8604,8188,1
dia 21 sem pressao - Soja Sauda,21,,3649,8601,3656,3534,8600,8189,1
dia 21 sem pressao - Soja Sauda,21,,3652,8600,3656,3519,8599,8189,1
dia 21 sem pressao - Soja Sauda,21,,3649,8566,3655,3505,8566,8190,1
dia 21 sem pressao - Soja Sauda,21,,3649,8574,3649,3391,8573,8191,1
dia 21 sem pressao - Soja Sauda,21,,3648,8587,3648,3383,8587,8191,1
dia 21 sem pressao - Soja Sauda,21,,3648,8586,3648,3371,8588,8192,1
dia 21 sem pressao - Soja Sauda,21,,3648,8586,3649,3372,8586,8191,1
dia 21 sem pressao - Soja Sauda,21,,3648,8587,3648,3367,8573,8192,1
dia 21 sem pressao - Soja Sauda,21,,3650,8598,3651,3367,8596,8196,1
dia 21 sem pressao - Soja Sauda,21,,3647,8572,3649,3369,8570,8190,1
dia 21 sem pressao - Soja Sauda,21,,3644,8585,3649,3368,8585,8190,1
dia 21 sem pressao - Soja Sauda,21,,3643,8585,3648,3367,8586,8189,1
dia 21 sem pressao - Soja Sauda,21,,3645,8573,3650,3367,8588,8190,1
dia 21 sem pressao - Soja Sauda,21,,3649,8597,3644,3368,8595,8190,1
dia 21 sem pressao - Soja Sauda,21,,3647,8591,3647,3365,8592,8189,1
dia 21 sem pressao - Soja Sauda,21,,3648,8560,3649,3366,8568,8179,1
dia 21 sem pressao - Soja Sauda,21,,3646,8595,3646,3366,8595,8181,1
dia 21 sem pressao - Soja Sauda,21,,3646,8594,3646,3365,8587,8191,1
dia 21 sem pressao - Soja Sauda,21,,3646,8592,3647,3365,8581,8192,1
dia 21 sem pressao - Soja Sauda,21,,3645,8591,3643,3366,8592,8191,1
dia 21 sem pressao - Soja Sauda,21,,3644,8594,3640,3365,8596,8190,1
dia 21 sem pressao - Soja Sauda,21,,3644,8593,3641,3365,8593,8193,1
dia 21 sem pressao - Soja Sauda,21,,3646,8585,3640,3366,8589,8194,1
dia 21 sem pressao - Soja Sauda,21,,3647,8580,3644,3367,8582,8197,1
dia 21 sem pressao - Soja Sauda,21,,3643,8606,3644,3364,8608,8196,1
dia 21 sem pressao - Soja Sauda,21,,3643,8609,3643,3365,8608,8196,1
dia 21 sem pressao - Soja Sauda,21,,3644,8601,3644,3365,8601,8197,1
dia 21 sem pressao - Soja Sauda,21,,3644,8610,3644,3364,8612,8199,1
dia 21 sem pressao - Soja Sauda,21,,3644,8620,3643,3365,8618,8199,1
dia 21 sem pressao - Soja Sauda,21,,3644,8620,3643,3362,8620,8200,1
dia 21 sem pressao - Soja Sauda,21,,3642,8617,3642,3360,8617,8200,1
dia 21 sem pressao - Soja Sauda,21,,3638,8619,3643,3359,8619,8202,1
dia 21 sem pressao - Soja Sauda,21,,3642,8620,3637,3360,8620,8203,1
dia 21 sem pressao - Soja Sauda,21,,3643,8622,3638,3361,8622,8203,1
dia 21 sem pressao - Soja Sauda,21,,3646,8582,3646,3361,8581,8205,1
dia 21 sem pressao - Soja Sauda,21,,3643,8628,3643,3362,8627,8205,1
dia 21 sem pressao - Soja Sauda,21,,3643,8634,3643,3362,8635,8209,1
dia 21 sem pressao - Soja Sauda,21,,3641,8647,3642,3361,8648,8208,1
dia 21 sem pressao - Soja Sauda,21,,3643,8651,3644,3361,8633,8210,1
dia 21 sem pressao - Soja Sauda,21,,3644,8636,3644,3362,8636,8210,1
dia 21 sem pressao - Soja Sauda,21,,3644,8632,3644,3362,8632,8212,1
dia 21 sem pressao - Soja Sauda,21,,3646,8623,3646,3362,8635,8216,1
dia 21 sem pressao - Soja Sauda,21,,3645,8634,3645,3361,8635,8205,1
dia 21 sem pressao - Soja Sauda,21,,3645,8629,3646,3361,8619,8215,1
dia 21 sem pressao - Soja Sauda,21,,3645,8628,3646,3360,8618,8216,1
dia 21 sem pressao - Soja Sauda,21,,3646,8625,3646,3361,8622,8218,1
dia 21 sem pressao - Soja Sauda,21,,3646,8622,3647,3360,8623,8222,1
dia 21 sem pressao - Soja Sauda,21,,3647,8625,3648,3361,8625,8222,1
dia 21 sem pressao - Soja Sauda,21,,3646,8629,3643,3359,8630,8223,1
dia 21 sem pressao - Soja Sauda,21,,3647,8607,3646,3361,8604,8225,1
dia 21 sem pressao - Soja Sauda,21,,3647,8608,3647,3361,8607,8226,1
dia 21 sem pressao - Soja Sauda,21,,3648,8603,3648,3360,8604,8231,1
dia 21 sem pressao - Soja Sauda,21,,3648,8605,3648,3362,8604,8231,1
dia 21 sem pressao - Soja Sauda,21,,3646,8597,3645,3361,8603,8230,1
dia 21 sem pressao - Soja Sauda,21,,3645,8587,3645,3359,8586,8230,1
dia 21 sem pressao - Soja Sauda,21,,3645,8575,3645,3358,8576,8231,1
dia 21 sem pressao - Soja Sauda,21,,3644,8558,3644,3358,8558,8232,1
dia 21 sem pressao - Soja Sauda,21,,3643,8563,3645,3356,8564,8234,1
dia 21 sem pressao - Soja Sauda,21,,3644,8559,3643,3357,8561,8226,1
dia 21 sem pressao - Soja Sauda,21,,3643,8559,3643,3357,8560,8227,1
dia 21 sem pressao - Soja Sauda,21,,3643,8565,3643,3357,8559,8236,1
dia 21 sem pressao - Soja Sauda,21,,3644,8572,3643,3358,8562,8241,1
dia 21 sem pressao - Soja Sauda,21,,3644,8592,3643,3357,8583,8247,1
dia 21 sem pressao - Soja Sauda,21,,3644,8599,3643,3357,8599,8242,1
dia 21 sem pressao - Soja Sauda,21,,3644,8605,3644,3357,8606,8242,1
dia 21 sem pressao - Soja Sauda,21,,3645,8612,3644,3356,8613,8243,1
dia 21 sem pressao - Soja Sauda,21,,3645,8626,3646,3357,8626,8244,1
dia 21 sem pressao - Soja Sauda,21,,3646,8625,3647,3359,8625,8249,1
dia 21 sem pressao - Soja Sauda,21,,3647,8635,3647,3359,8635,8249,1
dia 21 sem pressao - Soja Sauda,21,,3648,8635,3648,3358,8636,8246,1
dia 21 sem pressao - Soja Sauda,21,,3648,8643,3648,3357,8642,8246,1
dia 21 sem pressao - Soja Sauda,21,,3647,8662,3648,3358,8669,8246,1
dia 21 sem pressao - Soja Sauda,21,,3650,8633,3649,3358,8631,8248,1
dia 21 sem pressao - Soja Sauda,21,,3651,8636,3651,3359,8638,8249,1
dia 21 sem pressao - Soja Sauda,21,,3650,8640,3651,3358,8640,8248,1
dia 21 sem pressao - Soja Sauda,21,,3651,8641,3652,3357,8641,8249,1
dia 21 sem pressao - Soja Sauda,21,,3630,8910,3630,3356,8915,8251,1
dia 21 sem pressao - Soja Sauda,21,,3638,8829,3637,3357,8830,8241,1
dia 21 sem pressao - Soja Sauda,21,,3630,8961,3629,3356,8966,8243,1
dia 21 sem pressao - Soja Sauda,21,,3648,8656,3653,3358,8657,8255,1
dia 21 sem pressao - Soja Sauda,21,,3648,8653,3653,3358,8653,8255,1
dia 21 sem pressao - Soja Sauda,21,,3651,8661,3649,3359,8662,8258,1
dia 21 sem pressao - Soja Sauda,21,,3650,8666,3646,3358,8664,8258,1
dia 21 sem pressao - Soja Sauda,21,,3650,8652,3645,3359,8653,8264,1
dia 21 sem pressao - Soja Sauda,21,,3648,8646,3648,3357,8643,8263,1
dia 21 sem pressao - Soja Sauda,21,,3651,8562,3651,3362,8572,8255,1
dia 21 sem pressao - Soja Sauda,21,,3650,8542,3650,3360,8533,8267,1
dia 21 sem pressao - Soja Sauda,21,,3648,8544,3649,3358,8545,8268,1
dia 21 sem pressao - Soja Sauda,21,,3647,8555,3648,3355,8557,8269,1
dia 21 sem pressao - Soja Sauda,21,,3647,8553,3649,3356,8542,8272,1
dia 21 sem pressao - Soja Sauda,21,,3648,8570,3649,3357,8564,8278,1
dia 21 sem pressao - Soja Sauda,21,,3650,8546,3650,3358,8555,8277,1
dia 21 sem pressao - Soja Sauda,21,,3648,8555,3650,3357,8558,8278,1
dia 21 sem pressao - Soja Sauda,21,,3645,8567,3651,3359,8567,8278,1
dia 21 sem pressao - Soja Sauda,21,,3646,8574,3651,3359,8575,8280,1
dia 21 sem pressao - Soja Sauda,21,,3646,8566,3651,3359,8564,8281,1
dia 21 sem pressao - Soja Sauda,21,,3654,8574,3653,3360,8574,8282,1
dia 21 sem pressao - Soja Sauda,21,,3653,8565,3653,3359,8566,8283,1
dia 21 sem pressao - Soja Sauda,21,,3653,8568,3654,3358,8568,8284,1
dia 21 sem pressao - Soja Sauda,21,,3652,8576,3653,3359,8578,8284,1
dia 21 sem pressao - Soja Sauda,21,,3653,8572,3653,3358,8573,8286,1
dia 21 sem pressao - Soja Sauda,21,,3653,8573,3653,3361,8573,8289,1
dia 21 sem pressao - Soja Sauda,21,,3652,8565,3652,3359,8565,8288,1
dia 21 sem pressao - Soja Sauda,21,,3651,8553,3651,3358,8551,8290,1
dia 21 sem pressao - Soja Sauda,21,,3649,8558,3650,3359,8555,8289,1
dia 21 sem pressao - Soja Sauda,21,,3710,8672,3709,3364,8673,8424,1
dia 21 sem pressao - Soja Sauda,21,,3719,8673,3718,3365,8688,8440,1
dia 21 sem pressao - Soja Sauda,21,,3727,8676,3728,3364,8677,8440,1
dia 21 sem pressao - Soja Sauda,21,,3735,8694,3735,3365,8696,8453,1
dia 21 sem pressao - Soja Sauda,21,,3741,8705,3742,3365,8704,8466,1
dia 21 sem pressao - Soja Sauda,21,,3749,8706,3749,3365,8699,8489,1
dia 21 sem pressao - Soja Sauda,21,,3757,8695,3758,3364,8683,8501,1
dia 21 sem pressao - Soja Sauda,21,,3766,8694,3766,3363,8695,8511,1
dia 21 sem pressao - Soja Sauda,21,,3772,8699,3772,3364,8700,8522,1
dia 21 sem pressao - Soja Sauda,21,,3777,8704,3777,3363,8705,8532,1
dia 21 sem pressao - Soja Sauda,21,,3783,8708,3783,3362,8708,8540,1
dia 21 sem pressao - Soja Sauda,21,,3788,8712,3788,3366,8712,8552,1
dia 21 sem pressao - Soja Sauda,21,,3794,8720,3794,3364,8727,8559,1
dia 21 sem pressao - Soja Sauda,21,,3800,8721,3800,3365,8721,8566,1
dia 21 sem pressao - Soja Sauda,21,,3804,8727,3804,3366,8727,8572,1
dia 21 sem pressao - Soja Sauda,21,,3809,8734,3808,3364,8734,8581,1
dia 21 sem pressao - Soja Sauda,21,,3813,8742,3813,3366,8743,8589,1
dia 21 sem pressao - Soja Sauda,21,,3817,8754,3816,3365,8757,8598,1
dia 21 sem pressao - Soja Sauda,21,,3820,8769,3820,3368,8770,8594,1
dia 21 sem pressao - Soja Sauda,21,,3824,8771,3824,3365,8771,8601,1
dia 21 sem pressao - Soja Sauda,21,,3827,8774,3828,3363,8771,8616,1
dia 21 sem pressao - Soja Sauda,21,,3830,8777,3830,3366,8766,8626,1
dia 21 sem pressao - Soja Sauda,21,,3835,8778,3834,3368,8776,8630,1
dia 21 sem pressao - Soja Sauda,21,,3837,8780,3837,3376,8779,8640,1
dia 21 sem pressao - Soja Sauda,21,,3838,8775,3839,3375,8775,8645,1
dia 21 sem pressao - Soja Sauda,21,,3840,8769,3840,3373,8769,8651,1
dia 21 sem pressao - Soja Sauda,21,,3842,8762,3842,3375,8762,8656,1
dia 21 sem pressao - Soja Sauda,21,,3843,8755,3844,3373,8755,8661,1
dia 21 sem pressao - Soja Sauda,21,,3845,8744,3844,3370,8736,8665,1
dia 21 sem pressao - Soja Sauda,21,,3843,8762,3846,3369,8751,8668,1
dia 21 sem pressao - Soja Sauda,21,,3847,8753,3847,3364,8741,8672,1
dia 21 sem pressao - Soja Sauda,21,,3850,8744,3850,3364,8740,8677,1
dia 21 sem pressao - Soja Sauda,21,,3852,8764,3851,3365,8747,8680,1
dia 21 sem pressao - Soja Sauda,21,,3855,8766,3855,3364,8770,8690,1
dia 21 sem pressao - Soja Sauda,21,,3855,8772,3856,3363,8773,8692,1
dia 21 sem pressao - Soja Sauda,21,,3858,8787,3859,3363,8789,8685,1
dia 21 sem pressao - Soja Sauda,21,,3861,8777,3860,3361,8762,8702,1
dia 21 sem pressao - Soja Sauda,21,,3857,8772,3857,3357,8771,8702,1
dia 21 sem pressao - Soja Sauda,21,,3855,8777,3856,3355,8786,8705,1
dia 21 sem pressao - Soja Sauda,21,,3856,8763,3856,3418,8758,8708,1
dia 21 sem pressao - Soja Sauda,21,,3854,8828,3855,3398,8834,8716,1
dia 21 sem pressao - Soja Sauda,21,,3865,8763,3864,3460,8763,8720,1
dia 21 sem pressao - Soja Sauda,21,,3866,8775,3866,3491,8778,8729,1
dia 21 sem pressao - Soja Sauda,21,,3868,8750,3868,3503,8749,8728,1
dia 21 sem pressao - Soja Sauda,21,,3867,8745,3868,3492,8745,8736,1
dia 21 sem pressao - Soja Sauda,21,,3861,8754,3862,3364,8761,8744,1
dia 21 sem pressao - Soja Sauda,21,,3860,8755,3861,3357,8755,8764,1
dia 21 sem pressao - Soja Sauda,21,,3861,8747,3861,3356,8746,8772,1
dia 21 sem pressao - Soja Sauda,21,,3860,8742,3861,3358,8742,8777,1
dia 21 sem pressao - Soja Sauda,21,,3860,8734,3861,3358,8733,8782,1
dia 21 sem pressao - Soja Sauda,21,,3860,8726,3860,3356,8728,8790,1
dia 21 sem pressao - Soja Sauda,21,,3859,8720,3860,3354,8721,8780,1
dia 21 sem pressao - Soja Sauda,21,,3859,8723,3860,3355,8724,8783,1
dia 21 sem pressao - Soja Sauda,21,,3860,8724,3860,3355,8724,8791,1
dia 21 sem pressao - Soja Sauda,21,,3859,8741,3859,3354,8737,8800,1
dia 21 sem pressao - Soja Sauda,21,,3862,8724,3862,3355,8712,8804,1
dia 21 sem pressao - Soja Sauda,21,,3865,8733,3859,3355,8736,8811,1
dia 21 sem pressao - Soja Sauda,21,,3861,8752,3856,3354,8755,8813,1
dia 21 sem pressao - Soja Sauda,21,,3862,8719,3860,3355,8720,8815,1
dia 21 sem pressao - Soja Sauda,21,,3862,8721,3863,3356,8722,8820,1
dia 21 sem pressao - Soja Sauda,21,,3862,8728,3863,3353,8729,8822,1
dia 21 sem pressao - Soja Sauda,21,,3863,8730,3863,3355,8731,8827,1
dia 21 sem pressao - Soja Sauda,21,,3862,8730,3862,3354,8730,8829,1
dia 21 sem pressao - Soja Sauda,21,,3861,8745,3861,3352,8749,8829,1
dia 21 sem pressao - Soja Sauda,21,,3861,8738,3861,3353,8739,8830,1
dia 21 sem pressao - Soja Sauda,21,,3861,8732,3861,3353,8732,8831,1
dia 21 sem pressao - Soja Sauda,21,,3862,8722,3861,3351,8726,8831,1
dia 21 sem pressao - Soja Sauda,21,,3859,8719,3860,3351,8718,8819,1
dia 21 sem pressao - Soja Sauda,21,,3858,8721,3858,3351,8722,8818,1
dia 21 sem pressao - Soja Sauda,21,,3858,8709,3858,3350,8705,8826,1
dia 21 sem pressao - Soja Sauda,21,,3856,8714,3857,3350,8707,8826,1
dia 21 sem pressao - Soja Sauda,21,,3857,8695,3856,3350,8686,8830,1
dia 21 sem pressao - Soja Sauda,21,,3853,8679,3855,3348,8679,8828,1
dia 21 sem pressao - Soja Sauda,21,,3855,8667,3855,3349,8667,8826,1
dia 21 sem pressao - Soja Sauda,21,,3855,8650,3856,3348,8651,8823,1
dia 21 sem pressao - Soja Sauda,21,,3853,8679,3853,3348,8679,8824,1
dia 21 sem pressao - Soja Sauda,21,,3853,8684,3853,3353,8686,8827,1
dia 21 sem pressao - Soja Sauda,21,,3854,8693,3855,3354,8693,8830,1
dia 21 sem pressao - Soja Sauda,21,,3854,8697,3854,3354,8698,8826,1
dia 21 sem pressao - Soja Sauda,21,,3854,8706,3855,3351,8707,8827,1
dia 21 sem pressao - Soja Sauda,21,,3855,8709,3855,3347,8710,8829,1
dia 21 sem pressao - Soja Sauda,21,,3855,8720,3856,3346,8720,8829,1
dia 21 sem pressao - Soja Sauda,21,,3857,8729,3857,3345,8730,8833,1
dia 21 sem pressao - Soja Sauda,21,,3857,8741,3857,3346,8740,8832,1
dia 21 sem pressao - Soja Sauda,21,,3857,8753,3857,3345,8751,8832,1
dia 21 sem pressao - Soja Sauda,21,,3858,8737,3858,3344,8738,8820,1
dia 21 sem pressao - Soja Sauda,21,,3857,8754,3857,3345,8755,8821,1
dia 21 sem pressao - Soja Sauda,21,,3859,8759,3856,3344,8758,8821,1
dia 21 sem pressao - Soja Sauda,21,,3855,8756,3856,3343,8757,8829,1
dia 21 sem pressao - Soja Sauda,21,,3859,8728,3854,3344,8727,8830,1
dia 21 sem pressao - Soja Sauda,21,,3856,8764,3856,3342,8764,8825,1
dia 21 sem pressao - Soja Sauda,21,,3855,8772,3855,3338,8772,8820,1
dia 21 sem pressao - Soja Sauda,21,,3854,8777,3854,3337,8777,8818,1
dia 21 sem pressao - Soja Sauda,21,,3854,8780,3854,3338,8779,8818,1
dia 21 sem pressao - Soja Sauda,21,,3853,8781,3853,3338,8781,8821,1
dia 21 sem pressao - Soja Sauda,21,,3853,8780,3854,3340,8780,8819,1
dia 21 sem pressao - Soja Sauda,21,,3853,8776,3853,3339,8777,8816,1
dia 21 sem pressao - Soja Sauda,21,,3852,8773,3852,3340,8772,8815,1
dia 21 sem pressao - Soja Sauda,21,,3851,8769,3852,3342,8769,8813,1
dia 21 sem pressao - Soja Sauda,21,,3852,8767,3852,3349,8767,8813,1
dia 21 sem pressao - Soja Sauda,21,,3851,8762,3852,3349,8766,8810,1
dia 21 sem pressao - Soja Sauda,21,,3850,8756,3850,3339,8766,8809,1
dia 21 sem pressao - Soja Sauda,21,,3850,8757,3850,3340,8768,8809,1
dia 21 sem pressao - Soja Sauda,21,,3849,8759,3849,3340,8769,8807,1
dia 21 sem pressao - Soja Sauda,21,,3845,8773,3850,3341,8773,8807,1
dia 21 sem pressao - Soja Sauda,21,,3846,8777,3851,3341,8777,8807,1
dia 21 sem pressao - Soja Sauda,21,,3851,8783,3846,3338,8784,8805,1
dia 21 sem pressao - Soja Sauda,21,,3851,8789,3846,3339,8790,8805,1
dia 21 sem pressao - Soja Sauda,21,,3851,8801,3852,3339,8801,8806,1
dia 21 sem pressao - Soja Sauda,21,,3852,8791,3852,3338,8791,8807,1
dia 21 sem pressao - Soja Sauda,21,,3852,8814,3853,3338,8811,8807,1
dia 21 sem pressao - Soja Sauda,21,,3852,8811,3851,3338,8812,8808,1
dia 21 sem pressao - Soja Sauda,21,,3852,8803,3852,3338,8804,8807,1
dia 21 sem pressao - Soja Sauda,21,,3851,8809,3851,3340,8809,8806,1
dia 21 sem pressao - Soja Sauda,21,,3851,8803,3851,3339,8804,8807,1
dia 21 sem pressao - Soja Sauda,21,,3853,8806,3851,3340,8805,8805,1
dia 21 sem pressao - Soja Sauda,21,,3851,8781,3850,3339,8791,8805,1
dia 21 sem pressao - Soja Sauda,21,,3851,8777,3851,3340,8784,8804,1
dia 21 sem pressao - Soja Sauda,21,,3845,8784,3851,3340,8785,8805,1
dia 21 sem pressao - Soja Sauda,21,,3845,8786,3850,3340,8785,8805,1
dia 21 sem pressao - Soja Sauda,21,,3845,8790,3850,3340,8793,8805,1
dia 21 sem pressao - Soja Sauda,21,,3851,8792,3851,3342,8792,8808,1
dia 21 sem pressao - Soja Sauda,21,,3851,8798,3850,3341,8797,8805,1
dia 21 sem pressao - Soja Sauda,21,,3851,8805,3851,3342,8805,8805,1
dia 21 sem pressao - Soja Sauda,21,,3851,8808,3852,3342,8808,8804,1
dia 21 sem pressao - Soja Sauda,21,,3851,8813,3852,3342,8813,8803,1
dia 21 sem pressao - Soja Sauda,21,,3852,8825,3852,3342,8829,8805,1
dia 21 sem pressao - Soja Sauda,21,,3852,8829,3851,3340,8829,8805,1
dia 21 sem pressao - Soja Sauda,21,,3852,8827,3852,3342,8827,8806,1
dia 21 sem pressao - Soja Sauda,21,,3852,8829,3853,3344,8829,8805,1
dia 21 sem pressao - Soja Sauda,21,,3852,8832,3852,3347,8832,8806,1
dia 21 sem pressao - Soja Sauda,21,,3852,8835,3853,3341,8836,8806,1
dia 21 sem pressao - Soja Sauda,21,,3852,8839,3852,3341,8839,8793,1
dia 21 sem pressao - Soja Sauda,21,,3851,8838,3850,3340,8838,8793,1
dia 21 sem pressao - Soja Sauda,21,,3850,8835,3851,3341,8836,8796,1
dia 21 sem pressao - Soja Sauda,21,,3850,8823,3849,3335,8811,8803,1
dia 21 sem pressao - Soja Sauda,21,,3851,8814,3850,3333,8804,8805,1
dia 21 sem pressao - Soja Sauda,21,,3848,8785,3849,3335,8785,8799,1
dia 21 sem pressao - Soja Sauda,21,,3847,8773,3847,3336,8772,8797,1
dia 21 sem pressao - Soja Sauda,21,,3846,8768,3847,3339,8773,8797,1
dia 21 sem pressao - Soja Sauda,21,,3845,8755,3846,3332,8755,8796,1
dia 21 sem pressao - Soja Sauda,21,,3845,8752,3846,3331,8751,8795,1
dia 21 sem pressao - Soja Sauda,21,,3844,8756,3844,3332,8759,8795,1
dia 21 sem pressao - Soja Sauda,21,,3843,8754,3843,3340,8754,8793,1
dia 21 sem pressao - Soja Sauda,21,,3843,8751,3843,3339,8751,8794,1
dia 21 sem pressao - Soja Sauda,21,,3843,8748,3843,3338,8748,8793,1
dia 21 sem pressao - Soja Sauda,21,,3842,8743,3843,3335,8743,8793,1
dia 21 sem pressao - Soja Sauda,21,,3840,8742,3840,3333,8743,8791,1
dia 21 sem pressao - Soja Sauda,21,,3833,8753,3838,3331,8753,8791,1
dia 21 sem pressao - Soja Sauda,21,,3833,8756,3839,3331,8757,8794,1
dia 21 sem pressao - Soja Sauda,21,,3838,8759,3834,3330,8759,8793,1
dia 21 sem pressao - Soja Sauda,21,,3838,8761,3838,3330,8763,8794,1
dia 21 sem pressao - Soja Sauda,21,,3837,8757,3838,3330,8756,8794,1
dia 21 sem pressao - Soja Sauda,21,,3837,8757,3837,3330,8757,8795,1
dia 21 sem pressao - Soja Sauda,21,,3838,8758,3838,3329,8759,8800,1
dia 21 sem pressao - Soja Sauda,21,,3837,8760,3837,3327,8759,8797,1
dia 21 sem pressao - Soja Sauda,21,,3837,8760,3837,3325,8759,8797,1
dia 21 sem pressao - Soja Sauda,21,,3837,8759,3836,3328,8759,8799,1
dia 21 sem pressao - Soja Sauda,21,,3836,8764,3836,3325,8761,8800,1
dia 21 sem pressao - Soja Sauda,21,,3836,8767,3836,3328,8767,8804,1
dia 21 sem pressao - Soja Sauda,21,,3837,8772,3836,3327,8770,8804,1
dia 21 sem pressao - Soja Sauda,21,,3836,8773,3836,3328,8763,8804,1
dia 21 sem pressao - Soja Sauda,21,,3836,8778,3835,3328,8767,8804,1
dia 21 sem pressao - Soja Sauda,21,,3835,8782,3835,3326,8770,8806,1
dia 21 sem pressao - Soja Sauda,21,,3835,8773,3835,3326,8784,8807,1
dia 21 sem pressao - Soja Sauda,21,,3836,8774,3836,3325,8785,8809,1
dia 21 sem pressao - Soja Sauda,21,,3833,8795,3835,3321,8795,8810,1
dia 21 sem pressao - Soja Sauda,21,,3836,8785,3831,3324,8785,8810,1
dia 21 sem pressao - Soja Sauda,21,,3837,8782,3834,3325,8783,8812,1
dia 21 sem pressao - Soja Sauda,21,,3836,8802,3836,3322,8803,8812,1
dia 21 sem pressao - Soja Sauda,21,,3836,8798,3838,3322,8799,8815,1
dia 21 sem pressao - Soja Sauda,21,,3836,8808,3836,3322,8806,8814,1
dia 21 sem pressao - Soja Sauda,21,,3837,8799,3837,3323,8799,8815,1
dia 21 sem pressao - Soja Sauda,21,,3837,8805,3837,3323,8806,8816,1
dia 21 sem pressao - Soja Sauda,21,,3838,8791,3838,3323,8791,8816,1
dia 21 sem pressao - Soja Sauda,21,,3835,8820,3836,3317,8826,8820,1
dia 21 sem pressao - Soja Sauda,21,,3831,8821,3836,3319,8821,8818,1
dia 21 sem pressao - Soja Sauda,21,,3832,8821,3837,3320,8823,8818,1
dia 21 sem pressao - Soja Sauda,21,,3832,8822,3837,3319,8822,8819,1
dia 21 sem pressao - Soja Sauda,21,,3835,8827,3835,3318,8827,8821,1
dia 21 sem pressao - Soja Sauda,21,,3839,8823,3834,3317,8827,8822,1
dia 21 sem pressao - Soja Sauda,21,,3839,8831,3840,3318,8829,8825,1
dia 21 sem pressao - Soja Sauda,21,,3837,8828,3838,3315,8827,8825,1
dia 21 sem pressao - Soja Sauda,21,,3838,8826,3837,3315,8826,8825,1
dia 21 sem pressao - Soja Sauda,21,,3838,8826,3838,3315,8827,8826,1
dia 21 sem pressao - Soja Sauda,21,,3838,8824,3837,3317,8825,8828,1
dia 21 sem pressao - Soja Sauda,21,,3837,8825,3837,3313,8827,8829,1
dia 21 sem pressao - Soja Sauda,21,,3837,8828,3836,3312,8836,8828,1
dia 21 sem pressao - Soja Sauda,21,,3837,8828,3838,3317,8827,8827,1
dia 21 sem pressao - Soja Sauda,21,,3837,8833,3837,3318,8834,8827,1
dia 21 sem pressao - Soja Sauda,21,,3836,8827,3837,3317,8828,8816,1
dia 21 sem pressao - Soja Sauda,21,,3837,8829,3838,3314,8827,8819,1
dia 21 sem pressao - Soja Sauda,21,,3837,8824,3837,3312,8814,8828,1
dia 21 sem pressao - Soja Sauda,21,,3836,8829,3837,3313,8819,8828,1
dia 21 sem pressao - Soja Sauda,21,,3836,8830,3836,3312,8841,8829,1
dia 21 sem pressao - Soja Sauda,21,,3835,8837,3835,3312,8849,8830,1
dia 21 sem pressao - Soja Sauda,21,,3836,8832,3838,3311,8844,8831,1
dia 21 sem pressao - Soja Sauda,21,,3837,8842,3837,3310,8846,8830,1
dia 21 sem pressao - Soja Sauda,21,,3837,8843,3837,3312,8845,8830,1
dia 21 sem pressao - Soja Sauda,21,,3837,8846,3837,3311,8846,8833,1
dia 21 sem pressao - Soja Sauda,21,,3837,8847,3837,3311,8846,8834,1
dia 21 sem pressao - Soja Sauda,21,,3838,8843,3838,3309,8854,8835,1
dia 21 sem pressao - Soja Sauda,21,,3835,8856,3833,3307,8859,8836,1
dia 21 sem pressao - Soja Sauda,21,,3835,8845,3835,3306,8846,8839,1
dia 21 sem pressao - Soja Sauda,21,,3835,8839,3836,3309,8839,8836,1
dia 21 sem pressao - Soja Sauda,21,,3834,8833,3834,3356,8834,8825,1
dia 21 sem pressao - Soja Sauda,21,,3833,8826,3834,3309,8827,8824,1
dia 21 sem pressao - Soja Sauda,21,,3833,8819,3833,3309,8818,8823,1
dia 21 sem pressao - Soja Sauda,21,,3832,8814,3833,3309,8806,8834,1
dia 21 sem pressao - Soja Sauda,21,,3831,8828,3831,3310,8792,8836,1
dia 21 sem pressao - Soja Sauda,21,,3828,8792,3832,3309,8792,8835,1
dia 21 sem pressao - Soja Sauda,21,,3827,8789,3833,3308,8789,8834,1
dia 21 sem pressao - Soja Sauda,21,,3827,8786,3832,3307,8787,8833,1
dia 21 sem pressao - Soja Sauda,21,,3827,8787,3832,3309,8787,8834,1
dia 21 sem pressao - Soja Sauda,21,,3826,8793,3834,3308,8788,8837,1
dia 21 sem pressao - Soja Sauda,21,,3833,8788,3833,3306,8789,8834,1
dia 21 sem pressao - Soja Sauda,21,,3833,8791,3833,3307,8791,8834,1
dia 21 sem pressao - Soja Sauda,21,,3834,8794,3833,3306,8795,8834,1
dia 21 sem pressao - Soja Sauda,21,,3834,8799,3834,3306,8799,8834,1
dia 21 sem pressao - Soja Sauda,21,,3835,8805,3834,3303,8807,8835,1
dia 21 sem pressao - Soja Sauda,21,,3835,8801,3835,3304,8802,8834,1
dia 21 sem pressao - Soja Sauda,21,,3836,8806,3836,3304,8806,8835,1
dia 21 sem pressao - Soja Sauda,21,,3836,8811,3836,3305,8811,8835,1
dia 21 sem pressao - Soja Sauda,21,,3837,8815,3837,3304,8816,8837,1
dia 21 sem pressao - Soja Sauda,21,,3839,8825,3839,3305,8821,8841,1
dia 21 sem pressao - Soja Sauda,21,,3832,8821,3837,3305,8822,8838,1
dia 21 sem pressao - Soja Sauda,21,,3831,8840,3836,3305,8841,8839,1
dia 21 sem pressao - Soja Sauda,21,,3836,8833,3833,3305,8833,8837,1
dia 21 sem pressao - Soja Sauda,21,,3835,8831,3831,3305,8832,8838,1
dia 21 sem pressao - Soja Sauda,21,,3837,8822,3831,3305,8825,8839,1
dia 21 sem pressao - Soja Sauda,21,,3836,8824,3837,3304,8825,8839,1
dia 21 sem pressao - Soja Sauda,21,,3836,8824,3835,3304,8824,8839,1
dia 21 sem pressao - Soja Sauda,21,,3834,8818,3835,3306,8820,8839,1
dia 21 sem pressao - Soja Sauda,21,,3834,8832,3834,3305,8832,8840,1
dia 21 sem pressao - Soja Sauda,21,,3835,8822,3835,3305,8820,8839,1
dia 21 sem pressao - Soja Sauda,21,,3835,8828,3835,3305,8829,8841,1
dia 21 sem pressao - Soja Sauda,21,,3835,8823,3835,3304,8823,8840,1
dia 21 sem pressao - Soja Sauda,21,,3835,8826,3835,3304,8825,8839,1
dia 21 sem pressao - Soja Sauda,21,,3835,8829,3835,3305,8828,8839,1
dia 21 sem pressao - Soja Sauda,21,,3835,8829,3835,3304,8829,8838,1
dia 21 sem pressao - Soja Sauda,21,,3837,8833,3836,3302,8832,8844,1
dia 21 sem pressao - Soja Sauda,21,,3836,8829,3835,3302,8829,8835,1
dia 21 sem pressao - Soja Sauda,21,,3835,8800,3836,3303,8832,8836,1
dia 21 sem pressao - Soja Sauda,21,,3836,8834,3836,3303,8833,8837,1
dia 21 sem pressao - Soja Sauda,21,,3835,8835,3835,3302,8831,8847,1
dia 21 sem pressao - Soja Sauda,21,,3835,8842,3836,3303,8844,8850,1
dia 21 sem pressao - Soja Sauda,21,,3836,8841,3835,3301,8840,8852,1
dia 21 sem pressao - Soja Sauda,21,,3836,8844,3836,3302,8845,8853,1
dia 21 sem pressao - Soja Sauda,21,,3837,8848,3836,3302,8848,8854,1
dia 21 sem pressao - Soja Sauda,21,,3836,8856,3837,3303,8858,8854,1
dia 21 sem pressao - Soja Sauda,21,,3838,8858,3838,3302,8863,8856,1
dia 21 sem pressao - Soja Sauda,21,,3839,8864,3839,3302,8861,8856,1
dia 21 sem pressao - Soja Sauda,21,,3838,8864,3838,3301,8864,8856,1
dia 21 sem pressao - Soja Sauda,21,,3838,8869,3839,3300,8870,8857,1
dia 21 sem pressao - Soja Sauda,21,,3839,8874,3838,3301,8875,8857,1
dia 21 sem pressao - Soja Sauda,21,,3840,8873,3839,3302,8873,8859,1
dia 21 sem pressao - Soja Sauda,21,,3840,8885,3840,3301,8884,8859,1
dia 21 sem pressao - Soja Sauda,21,,3840,8884,3840,3298,8887,8859,1
dia 21 sem pressao - Soja Sauda,21,,3839,8888,3839,3294,8889,8857,1
dia 21 sem pressao - Soja Sauda,21,,3833,8888,3838,3292,8888,8858,1
dia 21 sem pressao - Soja Sauda,21,,3833,8888,3838,3296,8888,8858,1
dia 21 sem pressao - Soja Sauda,21,,3833,8891,3838,3297,8891,8857,1
dia 21 sem pressao - Soja Sauda,21,,3832,8892,3838,3298,8892,8859,1
dia 21 sem pressao - Soja Sauda,21,,3834,8897,3839,3299,8897,8862,1
dia 21 sem pressao - Soja Sauda,21,,3837,8893,3837,3299,8894,8860,1
dia 21 sem pressao - Soja Sauda,21,,3836,8903,3836,3300,8893,8861,1
dia 21 sem pressao - Soja Sauda,21,,3837,8893,3836,3300,8894,8860,1
dia 21 sem pressao - Soja Sauda,21,,3836,8892,3837,3299,8891,8859,1
dia 21 sem pressao - Soja Sauda,21,,3838,8885,3838,3301,8885,8859,1
dia 21 sem pressao - Soja Sauda,21,,3837,8883,3838,3299,8886,8849,1
dia 21 sem pressao - Soja Sauda,21,,3837,8883,3837,3300,8883,8848,1
dia 21 sem pressao - Soja Sauda,21,,3837,8883,3837,3298,8883,8849,1
dia 21 sem pressao - Soja Sauda,21,,3837,8884,3838,3299,8879,8859,1
dia 21 sem pressao - Soja Sauda,21,,3838,8887,3838,3300,8876,8860,1
dia 21 sem pressao - Soja Sauda,21,,3838,8891,3839,3301,8881,8862,1
dia 21 sem pressao - Soja Sauda,21,,3838,8880,3838,3299,8891,8861,1
dia 21 sem pressao - Soja Sauda,21,,3838,8881,3839,3300,8892,8861,1
dia 21 sem pressao - Soja Sauda,21,,3833,8889,3838,3299,8889,8861,1
dia 21 sem pressao - Soja Sauda,21,,3833,8889,3838,3299,8889,8861,1
dia 21 sem pressao - Soja Sauda,21,,3834,8891,3840,3299,8888,8864,1
dia 21 sem pressao - Soja Sauda,21,,3838,8886,3838,3301,8887,8862,1
dia 21 sem pressao - Soja Sauda,21,,3838,8886,3839,3301,8887,8860,1
dia 21 sem pressao - Soja Sauda,21,,3838,8888,3838,3299,8888,8861,1
dia 21 sem pressao - Soja Sauda,21,,3838,8891,3838,3300,8891,8863,1
dia 21 sem pressao - Soja Sauda,21,,3840,8894,3839,3299,8893,8866,1
dia 21 sem pressao - Soja Sauda,21,,3839,8897,3840,3297,8896,8864,1
dia 21 sem pressao - Soja Sauda,21,,3839,8897,3839,3302,8889,8871,1
dia 21 sem pressao - Soja Sauda,21,,3839,8888,3840,3301,8899,8873,1
dia 21 sem pressao - Soja Sauda,21,,3839,8892,3840,3299,8903,8875,1
dia 21 sem pressao - Soja Sauda,21,,3840,8894,3840,3300,8905,8876,1
dia 21 sem pressao - Soja Sauda,21,,3837,8900,3840,3300,8900,8879,1
dia 21 sem pressao - Soja Sauda,21,,3839,8888,3835,3299,8888,8878,1
dia 21 sem pressao - Soja Sauda,21,,3838,8878,3833,3299,8878,8878,1
dia 21 sem pressao - Soja Sauda,21,,3837,8870,3832,3300,8870,8877,1
dia 21 sem pressao - Soja Sauda,21,,3837,8866,3832,3301,8867,8877,1
dia 21 sem pressao - Soja Sauda,21,,3838,8865,3832,3298,8865,8879,1
dia 21 sem pressao - Soja Sauda,21,,3837,8863,3838,3297,8864,8880,1
dia 21 sem pressao - Soja Sauda,21,,3837,8868,3837,3297,8867,8879,1
dia 21 sem pressao - Soja Sauda,21,,3836,8870,3836,3299,8870,8881,1
dia 21 sem pressao - Soja Sauda,21,,3835,8871,3836,3304,8871,8882,1
dia 21 sem pressao - Soja Sauda,21,,3838,8874,3837,3303,8869,8887,1
dia 21 sem pressao - Soja Sauda,21,,3835,8870,3835,3302,8870,8886,1
dia 21 sem pressao - Soja Sauda,21,,3835,8868,3835,3302,8869,8887,1
dia 21 sem pressao - Soja Sauda,21,,3832,8887,3832,3303,8886,8883,1
dia 21 sem pressao - Soja Sauda,21,,3833,8860,3833,3303,8860,8878,1
dia 21 sem pressao - Soja Sauda,21,,3833,8852,3832,3303,8856,8882,1
dia 21 sem pressao - Soja Sauda,21,,3832,8840,3832,3305,8850,8895,1
dia 21 sem pressao - Soja Sauda,21,,3832,8832,3832,3304,8843,8892,1
dia 21 sem pressao - Soja Sauda,21,,3832,8836,3839,3422,8848,8894,1
dia 21 sem pressao - Soja Sauda,21,,3831,8842,3831,3303,8853,8894,1
dia 21 sem pressao - Soja Sauda,21,,3831,8846,3832,3303,8857,8894,1
dia 21 sem pressao - Soja Sauda,21,,3830,8860,3832,3302,8861,8897,1
dia 21 sem pressao - Soja Sauda,21,,3832,8869,3832,3299,8869,8896,1
dia 21 sem pressao - Soja Sauda,21,,3830,8894,3830,3296,8883,8884,1
dia 21 sem pressao - Soja Sauda,21,,3828,8898,3829,3294,8899,8897,1
dia 21 sem pressao - Soja Sauda,21,,3828,8884,3827,3297,8885,8897,1
dia 21 sem pressao - Soja Sauda,21,,3828,8875,3827,3297,8874,8898,1
dia 21 sem pressao - Soja Sauda,21,,3826,8863,3826,3298,8863,8899,1
dia 21 sem pressao - Soja Sauda,21,,3826,8860,3825,3297,8863,8900,1
dia 21 sem pressao - Soja Sauda,21,,3827,8856,3827,3297,8854,8900,1
dia 21 sem pressao - Soja Sauda,21,,3823,8841,3823,3296,8842,8899,1
dia 21 sem pressao - Soja Sauda,21,,3820,8818,3821,3295,8818,8891,1
dia 21 sem pressao - Soja Sauda,21,,3819,8807,3819,3294,8806,8882,1
dia 21 sem pressao - Soja Sauda,21,,3818,8802,3819,3295,8801,8882,1
dia 21 sem pressao - Soja Sauda,21,,3818,8788,3818,3296,8782,8894,1
dia 21 sem pressao - Soja Sauda,21,,3817,8787,3816,3294,8776,8893,1
dia 21 sem pressao - Soja Sauda,21,,3815,8768,3815,3292,8778,8894,1
dia 21 sem pressao - Soja Sauda,21,,3813,8760,3814,3290,8770,8893,1
dia 21 sem pressao - Soja Sauda,21,,3812,8754,3812,3289,8765,8892,1
dia 21 sem pressao - Soja Sauda,21,,3813,8758,3813,3288,8768,8893,1
dia 21 sem pressao - Soja Sauda,21,,3811,8768,3812,3290,8768,8889,1
dia 21 sem pressao - Soja Sauda,21,,3811,8769,3812,3289,8770,8889,1
dia 21 sem pressao - Soja Sauda,21,,3812,8769,3811,3288,8769,8887,1
dia 21 sem pressao - Soja Sauda,21,,3810,8771,3811,3287,8772,8888,1
dia 21 sem pressao - Soja Sauda,21,,3811,8776,3811,3286,8776,8891,1
dia 21 sem pressao - Soja Sauda,21,,3811,8774,3811,3285,8775,8889,1
dia 21 sem pressao - Soja Sauda,21,,3811,8779,3810,3283,8779,8891,1
dia 21 sem pressao - Soja Sauda,21,,3811,8786,3810,3284,8788,8893,1
dia 21 sem pressao - Soja Sauda,21,,3811,8787,3811,3283,8787,8896,1
dia 21 sem pressao - Soja Sauda,21,,3811,8786,3811,3283,8791,8899,1
dia 21 sem pressao - Soja Sauda,21,,3811,8787,3812,3285,8779,8905,1
dia 21 sem pressao - Soja Sauda,21,,3812,8789,3811,3283,8777,8905,1
dia 21 sem pressao - Soja Sauda,21,,3811,8786,3810,3281,8776,8908,1
dia 21 sem pressao - Soja Sauda,21,,3810,8786,3811,3282,8776,8907,1
dia 21 sem pressao - Soja Sauda,21,,3811,8777,3811,3282,8791,8913,1
dia 21 sem pressao - Soja Sauda,21,,3810,8794,3811,3280,8795,8911,1
dia 21 sem pressao - Soja Sauda,21,,3810,8791,3811,3279,8791,8911,1
dia 21 sem pressao - Soja Sauda,21,,3809,8784,3810,3278,8786,8911,1
dia 21 sem pressao - Soja Sauda,21,,3809,8779,3809,3309,8779,8911,1
dia 21 sem pressao - Soja Sauda,21,,3809,8775,3810,3376,8780,8912,1
dia 21 sem pressao - Soja Sauda,21,,3809,8780,3810,3354,8781,8915,1
dia 21 sem pressao - Soja Sauda,21,,3813,8783,3816,3405,8782,8910,1
dia 21 sem pressao - Soja Sauda,21,,3811,8790,3814,3395,8790,8911,1
dia 21 sem pressao - Soja Sauda,21,,3810,8799,3812,3387,8792,8911,1
dia 21 sem pressao - Soja Sauda,21,,3810,8795,3812,3381,8796,8913,1
dia 21 sem pressao - Soja Sauda,21,,3809,8813,3811,3375,8822,8917,1
dia 21 sem pressao - Soja Sauda,21,,3812,8808,3814,3385,8809,8915,1
dia 21 sem pressao - Soja Sauda,21,,3814,8819,3815,3389,8822,8908,1
dia 21 sem pressao - Soja Sauda,21,,3812,8839,3814,3372,8841,8908,1
dia 21 sem pressao - Soja Sauda,21,,3813,8839,3815,3383,8844,8909,1
dia 21 sem pressao - Soja Sauda,21,,3815,8840,3817,3380,8839,8914,1
dia 21 sem pressao - Soja Sauda,21,,3815,8844,3817,3381,8843,8921,1
dia 21 sem pressao - Soja Sauda,21,,3814,8836,3816,3369,8837,8921,1
dia 21 sem pressao - Soja Sauda,21,,3812,8818,3814,3298,8819,8922,1
dia 21 sem pressao - Soja Sauda,21,,3812,8822,3813,3317,8823,8923,1
dia 21 sem pressao - Soja Sauda,21,,3818,8820,3818,3372,8817,8921,1
dia 21 sem pressao - Soja Sauda,21,,3818,8839,3821,3379,8839,8920,1
dia 21 sem pressao - Soja Sauda,21,,3812,8814,3818,3382,8814,8919,1
dia 21 sem pressao - Soja Sauda,21,,3815,8816,3810,3368,8826,8916,1
dia 21 sem pressao - Soja Sauda,21,,3815,8767,3815,3365,8766,8903,1
dia 21 sem pressao - Soja Sauda,21,,3809,8796,3812,3375,8797,8904,1
dia 21 sem pressao - Soja Sauda,21,,3809,8800,3810,3357,8800,8903,1
dia 21 sem pressao - Soja Sauda,21,,3810,8795,3811,3370,8793,8909,1
dia 21 sem pressao - Soja Sauda,21,,3810,8804,3811,3340,8794,8915,1
dia 21 sem pressao - Soja Sauda,21,,3807,8809,3807,3266,8796,8915,1
dia 21 sem pressao - Soja Sauda,21,,3805,8820,3806,3266,8817,8914,1
dia 21 sem pressao - Soja Sauda,21,,3806,8807,3806,3267,8807,8915,1
dia 21 sem pressao - Soja Sauda,21,,3805,8798,3805,3267,8798,8912,1
dia 21 sem pressao - Soja Sauda,21,,3805,8789,3803,3265,8789,8912,1
dia 21 sem pressao - Soja Sauda,21,,3806,8783,3807,3264,8782,8910,1
dia 21 sem pressao - Soja Sauda,21,,3804,8774,3803,3294,8774,8911,1
dia 21 sem pressao - Soja Sauda,21,,3806,8765,3807,3357,8764,8908,1
dia 21 sem pressao - Soja Sauda,21,,3804,8756,3803,3300,8755,8907,1
dia 21 sem pressao - Soja Sauda,21,,3801,8750,3801,3260,8750,8908,1
dia 21 sem pressao - Soja Sauda,21,,3801,8752,3801,3261,8753,8907,1
dia 21 sem pressao - Soja Sauda,21,,3800,8758,3801,3258,8758,8896,1
dia 21 sem pressao - Soja Sauda,21,,3801,8752,3801,3258,8752,8895,1
dia 21 sem pressao - Soja Sauda,21,,3800,8754,3801,3258,8754,8895,1
dia 21 sem pressao - Soja Sauda,21,,3801,8757,3801,3256,8746,8907,1
dia 21 sem pressao - Soja Sauda,21,,3800,8761,3801,3255,8751,8907,1
dia 21 sem pressao - Soja Sauda,21,,3796,8759,3801,3255,8760,8905,1
dia 21 sem pressao - Soja Sauda,21,,3796,8763,3801,3253,8763,8905,1
dia 21 sem pressao - Soja Sauda,21,,3796,8764,3801,3252,8764,8905,1
dia 21 sem pressao - Soja Sauda,21,,3801,8768,3796,3256,8768,8904,1
dia 21 sem pressao - Soja Sauda,21,,3803,8775,3798,3254,8777,8910,1
dia 21 sem pressao - Soja Sauda,21,,3801,8775,3802,3250,8775,8905,1
dia 21 sem pressao - Soja Sauda,21,,3801,8779,3800,3249,8779,8906,1
dia 21 sem pressao - Soja Sauda,21,,3801,8782,3801,3249,8778,8908,1
dia 21 sem pressao - Soja Sauda,21,,3801,8782,3801,3249,8782,8908,1
dia 21 sem pressao - Soja Sauda,21,,3802,8782,3803,3248,8782,8910,1
dia 21 sem pressao - Soja Sauda,21,,3797,8789,3801,3248,8788,8908,1
dia 21 sem pressao - Soja Sauda,21,,3796,8788,3801,3247,8787,8909,1
dia 21 sem pressao - Soja Sauda,21,,3800,8787,3799,3247,8787,8908,1
dia 21 sem pressao - Soja Sauda,21,,3800,8788,3796,3247,8788,8908,1
dia 21 sem pressao - Soja Sauda,21,,3800,8786,3795,3247,8787,8909,1
dia 21 sem pressao - Soja Sauda,21,,3800,8787,3800,3247,8789,8913,1
dia 21 sem pressao - Soja Sauda,21,,3800,8781,3799,3245,8780,8909,1
dia 21 sem pressao - Soja Sauda,21,,3799,8774,3799,3245,8775,8910,1
dia 21 sem pressao - Soja Sauda,21,,3798,8772,3798,3245,8772,8909,1
dia 21 sem pressao - Soja Sauda,21,,3798,8774,3798,3276,8774,8909,1
dia 21 sem pressao - Soja Sauda,21,,3799,8772,3799,3244,8774,8909,1
dia 21 sem pressao - Soja Sauda,21,,3797,8769,3798,3245,8770,8909,1
dia 21 sem pressao - Soja Sauda,21,,3797,8768,3797,3244,8769,8909,1
dia 21 sem pressao - Soja Sauda,21,,3796,8770,3798,3244,8770,8907,1
dia 21 sem pressao - Soja Sauda,21,,3797,8786,3797,3249,8776,8907,1
dia 21 sem pressao - Soja Sauda,21,,3797,8778,3799,3245,8779,8910,1
dia 21 sem pressao - Soja Sauda,21,,3797,8776,3798,3243,8766,8909,1
dia 21 sem pressao - Soja Sauda,21,,3799,8767,3798,3243,8762,8909,1
dia 21 sem pressao - Soja Sauda,21,,3797,8758,3797,3243,8773,8909,1
dia 21 sem pressao - Soja Sauda,21,,3796,8745,3796,3242,8756,8909,1
dia 21 sem pressao - Soja Sauda,21,,3795,8731,3794,3241,8744,8912,1
dia 21 sem pressao - Soja Sauda,21,,3794,8739,3793,3240,8739,8906,1
dia 21 sem pressao - Soja Sauda,21,,3793,8734,3792,3239,8734,8906,1
dia 21 sem pressao - Soja Sauda,21,,3791,8716,3791,3234,8723,8901,1
dia 21 sem pressao - Soja Sauda,21,,3781,8704,3786,3230,8704,8898,1
dia 21 sem pressao - Soja Sauda,21,,3785,8704,3785,3225,8704,8899,1
dia 21 sem pressao - Soja Sauda,21,,3785,8709,3784,3229,8709,8899,1
dia 21 sem pressao - Soja Sauda,21,,3785,8716,3785,3235,8716,8899,1
dia 21 sem pressao - Soja Sauda,21,,3785,8727,3785,3229,8728,8890,1
dia 21 sem pressao - Soja Sauda,21,,3784,8721,3784,3230,8718,8897,1
dia 21 sem pressao - Soja Sauda,21,,3786,8713,3786,3230,8710,8898,1
dia 21 sem pressao - Soja Sauda,21,,3786,8712,3786,3228,8699,8901,1
dia 21 sem pressao - Soja Sauda,21,,3785,8712,3787,3228,8703,8901,1
dia 21 sem pressao - Soja Sauda,21,,3785,8709,3786,3233,8699,8903,1
dia 21 sem pressao - Soja Sauda,21,,3779,8698,3784,3232,8697,8903,1
dia 21 sem pressao - Soja Sauda,21,,3782,8693,3782,3224,8691,8902,1
dia 21 sem pressao - Soja Sauda,21,,3783,8691,3779,3235,8690,8902,1
dia 21 sem pressao - Soja Sauda,21,,3783,8700,3778,3235,8700,8902,1
dia 21 sem pressao - Soja Sauda,21,,3783,8687,3783,3223,8686,8905,1
dia 21 sem pressao - Soja Sauda,21,,3781,8673,3781,3224,8671,8898,1
dia 21 sem pressao - Soja Sauda,21,,3780,8664,3782,3233,8664,8898,1
dia 21 sem pressao - Soja Sauda,21,,3780,8665,3781,3231,8666,8896,1
dia 21 sem pressao - Soja Sauda,21,,3780,8665,3780,3230,8666,8897,1
dia 21 sem pressao - Soja Sauda,21,,3780,8664,3780,3229,8660,8900,1
dia 21 sem pressao - Soja Sauda,21,,3779,8661,3779,3230,8666,8896,1
dia 21 sem pressao - Soja Sauda,21,,3776,8664,3778,3221,8668,8895,1
dia 21 sem pressao - Soja Sauda,21,,3773,8672,3778,3218,8673,8897,1
dia 21 sem pressao - Soja Sauda,21,,3773,8687,3777,3218,8688,8897,1
dia 21 sem pressao - Soja Sauda,21,,3774,8682,3779,3216,8681,8897,1
dia 21 sem pressao - Soja Sauda,21,,3781,8685,3775,3217,8686,8898,1
dia 21 sem pressao - Soja Sauda,21,,3780,8688,3780,3215,8688,8898,1
dia 21 sem pressao - Soja Sauda,21,,3781,8689,3781,3216,8689,8898,1
dia 21 sem pressao - Soja Sauda,21,,3780,8692,3780,3216,8692,8898,1
dia 21 sem pressao - Soja Sauda,21,,3781,8689,3781,3216,8691,8898,1
dia 21 sem pressao - Soja Sauda,21,,3782,8691,3781,3215,8691,8900,1
dia 21 sem pressao - Soja Sauda,21,,3780,8695,3780,3215,8695,8899,1
dia 21 sem pressao - Soja Sauda,21,,3781,8696,3781,3215,8696,8900,1
dia 21 sem pressao - Soja Sauda,21,,3781,8697,3781,3214,8697,8900,1
dia 21 sem pressao - Soja Sauda,21,,3781,8694,3781,3224,8694,8899,1
dia 21 sem pressao - Soja Sauda,21,,3781,8698,3778,3224,8698,8898,1
dia 21 sem pressao - Soja Sauda,21,,3782,8707,3782,3220,8699,8898,1
dia 21 sem pressao - Soja Sauda,21,,3783,8710,3783,3218,8699,8899,1
dia 21 sem pressao - Soja Sauda,21,,3782,8717,3782,3213,8707,8899,1
dia 21 sem pressao - Soja Sauda,21,,3783,8728,3783,3220,8717,8900,1
dia 21 sem pressao - Soja Sauda,21,,3785,8733,3783,3212,8742,8906,1
dia 21 sem pressao - Soja Sauda,21,,3785,8760,3785,3209,8760,8904,1
dia 21 sem pressao - Soja Sauda,21,,3785,8767,3785,3209,8769,8904,1
dia 21 sem pressao - Soja Sauda,21,,3785,8770,3785,3207,8770,8905,1
dia 21 sem pressao - Soja Sauda,21,,3785,8779,3785,3207,8781,8905,1
dia 21 sem pressao - Soja Sauda,21,,3785,8777,3785,3205,8777,8907,1
dia 21 sem pressao - Soja Sauda,21,,3785,8779,3785,3206,8780,8907,1
dia 21 sem pressao - Soja Sauda,21,,3784,8788,3784,3206,8775,8907,1
dia 21 sem pressao - Soja Sauda,21,,3784,8780,3784,3206,8779,8908,1
dia 21 sem pressao - Soja Sauda,21,,3785,8774,3785,3206,8774,8909,1
dia 21 sem pressao - Soja Sauda,21,,3787,8771,3786,3207,8771,8903,1
dia 21 sem pressao - Soja Sauda,21,,3784,8789,3780,3204,8790,8911,1
dia 21 sem pressao - Soja Sauda,21,,3784,8782,3779,3205,8783,8912,1
dia 21 sem pressao - Soja Sauda,21,,3784,8787,3785,3204,8787,8911,1
dia 21 sem pressao - Soja Sauda,21,,3785,8784,3785,3200,8784,8915,1
dia 21 sem pressao - Soja Sauda,21,,3784,8793,3784,3194,8793,8898,1
dia 21 sem pressao - Soja Sauda,21,,3783,8798,3784,3191,8798,8910,1
dia 21 sem pressao - Soja Sauda,21,,3783,8804,3784,3195,8804,8911,1
dia 21 sem pressao - Soja Sauda,21,,3784,8812,3784,3198,8812,8916,1
dia 21 sem pressao - Soja Sauda,21,,3783,8815,3784,3196,8815,8914,1
dia 21 sem pressao - Soja Sauda,21,,3783,8815,3783,3198,8815,8914,1
dia 21 sem pressao - Soja Sauda,21,,3783,8815,3783,3197,8816,8916,1
dia 21 sem pressao - Soja Sauda,21,,3783,8809,3784,3197,8797,8915,1
dia 21 sem pressao - Soja Sauda,21,,3786,8796,3785,3196,8797,8918,1
dia 21 sem pressao - Soja Sauda,21,,3785,8779,3785,3196,8791,8917,1
dia 21 sem pressao - Soja Sauda,21,,3784,8780,3784,3197,8789,8919,1
dia 21 sem pressao - Soja Sauda,21,,3779,8790,3784,3196,8790,8918,1
dia 21 sem pressao - Soja Sauda,21,,3778,8793,3784,3197,8795,8918,1
dia 21 sem pressao - Soja Sauda,21,,3782,8795,3784,3197,8795,8919,1
dia 21 sem pressao - Soja Sauda,21,,3785,8803,3785,3195,8800,8920,1
dia 21 sem pressao - Soja Sauda,21,,3783,8780,3783,3195,8780,8920,1
dia 21 sem pressao - Soja Sauda,21,,3783,8769,3783,3195,8768,8919,1
dia 21 sem pressao - Soja Sauda,21,,3784,8769,3784,3194,8769,8919,1
dia 21 sem pressao - Soja Sauda,21,,3784,8770,3784,3194,8769,8919,1
dia 21 sem pressao - Soja Sauda,21,,3784,8754,3784,3194,8754,8922,1
dia 21 sem pressao - Soja Sauda,21,,3784,8748,3784,3194,8748,8921,1
dia 21 sem pressao - Soja Sauda,21,,3784,8749,3784,3194,8749,8921,1
dia 21 sem pressao - Soja Sauda,21,,3784,8755,3784,3193,8755,8922,1
dia 21 sem pressao - Soja Sauda,21,,3785,8763,3785,3194,8763,8923,1
dia 21 sem pressao - Soja Sauda,21,,3786,8771,3787,3194,8771,8925,1
dia 21 sem pressao - Soja Sauda,21,,3786,8770,3786,3194,8782,8924,1
dia 21 sem pressao - Soja Sauda,21,,3785,8776,3784,3194,8787,8925,1
dia 21 sem pressao - Soja Sauda,21,,3780,8785,3783,3193,8785,8926,1
dia 21 sem pressao - Soja Sauda,21,,3777,8762,3782,3194,8762,8925,1
dia 21 sem pressao - Soja Sauda,21,,3783,8758,3778,3193,8750,8927,1
dia 21 sem pressao - Soja Sauda,21,,3780,8767,3781,3191,8755,8922,1
dia 21 sem pressao - Soja Sauda,21,,3782,8751,3781,3194,8751,8921,1
dia 21 sem pressao - Soja Sauda,21,,3779,8732,3780,3193,8732,8923,1
dia 21 sem pressao - Soja Sauda,21,,3777,8732,3777,3193,8729,8922,1
dia 21 sem pressao - Soja Sauda,21,,3777,8714,3777,3193,8717,8924,1
dia 21 sem pressao - Soja Sauda,21,,3773,8706,3777,3191,8706,8920,1
dia 21 sem pressao - Soja Sauda,21,,3776,8712,3772,3191,8713,8919,1
dia 21 sem pressao - Soja Sauda,21,,3776,8713,3772,3192,8713,8920,1
dia 21 sem pressao - Soja Sauda,21,,3778,8719,3773,3193,8720,8922,1
dia 21 sem pressao - Soja Sauda,21,,3779,8729,3777,3192,8730,8923,1
dia 21 sem pressao - Soja Sauda,21,,3781,8743,3781,3192,8747,8928,1
dia 21 sem pressao - Soja Sauda,21,,3780,8757,3780,3193,8756,8929,1
dia 21 sem pressao - Soja Sauda,21,,3781,8757,3781,3192,8753,8924,1
dia 21 sem pressao - Soja Sauda,21,,3781,8765,3782,3191,8764,8944,1
dia 21 sem pressao - Soja Sauda,21,,3781,8773,3782,3193,8780,8955,1
dia 21 sem pressao - Soja Sauda,21,,3784,8779,3784,3192,8779,8961,1
dia 21 sem pressao - Soja Sauda,21,,3781,8794,3781,3192,8789,8961,1
dia 21 sem pressao - Soja Sauda,21,,3782,8795,3782,3192,8794,8964,1
dia 21 sem pressao - Soja Sauda,21,,3782,8786,3780,3192,8785,8966,1
dia 21 sem pressao - Soja Sauda,21,,3780,8773,3780,3195,8771,8968,1
dia 21 sem pressao - Soja Sauda,21,,3780,8760,3780,3194,8761,8968,1
dia 21 sem pressao - Soja Sauda,21,,3779,8751,3779,3198,8744,8967,1
dia 21 sem pressao - Soja Sauda,21,,3779,8736,3778,3193,8748,8967,1
dia 21 sem pressao - Soja Sauda,21,,3779,8729,3780,3195,8739,8966,1
dia 21 sem pressao - Soja Sauda,21,,3778,8727,3777,3185,8726,8963,1
dia 21 sem pressao - Soja Sauda,21,,3772,8706,3773,3176,8700,8956,1
dia 21 sem pressao - Soja Sauda,21,,3770,8684,3771,3176,8684,8953,1
dia 21 sem pressao - Soja Sauda,21,,3769,8684,3771,3176,8685,8956,1
dia 21 sem pressao - Soja Sauda,21,,3771,8683,3769,3177,8675,8951,1
dia 21 sem pressao - Soja Sauda,21,,3770,8680,3770,3176,8674,8951,1
dia 21 sem pressao - Soja Sauda,21,,3768,8692,3769,3177,8681,8952,1
dia 21 sem pressao - Soja Sauda,21,,3767,8699,3768,3177,8700,8954,1
dia 21 sem pressao - Soja Sauda,21,,3769,8695,3768,3177,8713,8958,1
dia 21 sem pressao - Soja Sauda,21,,3769,8706,3768,3178,8707,8956,1
dia 21 sem pressao - Soja Sauda,21,,3770,8705,3764,3178,8705,8956,1
dia 21 sem pressao - Soja Sauda,21,,3770,8708,3765,3177,8709,8957,1
dia 21 sem pressao - Soja Sauda,21,,3770,8713,3767,3178,8712,8959,1
dia 21 sem pressao - Soja Sauda,21,,3771,8730,3770,3177,8724,8961,1
dia 21 sem pressao - Soja Sauda,21,,3771,8725,3772,3176,8725,8963,1
dia 21 sem pressao - Soja Sauda,21,,3771,8716,3770,3177,8719,8963,1
dia 21 sem pressao - Soja Sauda,21,,3769,8717,3769,3177,8717,8965,1
dia 21 sem pressao - Soja Sauda,21,,3769,8707,3769,3176,8707,8964,1
dia 21 sem pressao - Soja Sauda,21,,3768,8715,3769,3175,8709,8964,1
dia 21 sem pressao - Soja Sauda,21,,3769,8714,3771,3176,8714,8963,1
dia 21 sem pressao - Soja Sauda,21,,3769,8712,3768,3175,8709,8965,1
dia 21 sem pressao - Soja Sauda,21,,3769,8710,3768,3175,8708,8965,1
dia 21 sem pressao - Soja Sauda,21,,3769,8704,3769,3176,8704,8954,1
dia 21 sem pressao - Soja Sauda,21,,3769,8705,3769,3175,8705,8953,1
dia 21 sem pressao - Soja Sauda,21,,3771,8700,3769,3175,8700,8954,1
dia 21 sem pressao - Soja Sauda,21,,3766,8706,3770,3173,8707,8967,1
dia 21 sem pressao - Soja Sauda,21,,3769,8710,3769,3174,8711,8968,1
dia 21 sem pressao - Soja Sauda,21,,3772,8716,3767,3174,8716,8970,1
dia 21 sem pressao - Soja Sauda,21,,3773,8726,3773,3169,8726,8971,1
dia 21 sem pressao - Soja Sauda,21,,3773,8736,3773,3170,8737,8962,1
dia 21 sem pressao - Soja Sauda,21,,3773,8731,3773,3169,8742,8973,1
dia 21 sem pressao - Soja Sauda,21,,3773,8727,3773,3169,8737,8975,1
dia 21 sem pressao - Soja Sauda,21,,3767,8731,3773,3170,8729,8976,1
dia 21 sem pressao - Soja Sauda,21,,3766,8734,3772,3169,8733,8976,1
dia 21 sem pressao - Soja Sauda,21,,3768,8742,3773,3172,8741,8977,1
dia 21 sem pressao - Soja Sauda,21,,3773,8747,3772,3170,8747,8979,1
dia 21 sem pressao - Soja Sauda,21,,3772,8756,3772,3169,8757,8979,1
dia 21 sem pressao - Soja Sauda,21,,3772,8769,3772,3172,8769,8980,1
dia 21 sem pressao - Soja Sauda,21,,3773,8762,3771,3170,8762,8981,1
dia 21 sem pressao - Soja Sauda,21,,3772,8766,3773,3170,8767,8983,1
dia 21 sem pressao - Soja Sauda,21,,3775,8767,3774,3171,8779,8973,1
dia 21 sem pressao - Soja Sauda,21,,3773,8790,3774,3173,8791,8975,1
dia 21 sem pressao - Soja Sauda,21,,3775,8804,3774,3170,8794,8986,1
dia 21 sem pressao - Soja Sauda,21,,3775,8816,3775,3170,8806,8987,1
dia 21 sem pressao - Soja Sauda,21,,3775,8826,3776,3169,8821,8987,1
dia 21 sem pressao - Soja Sauda,21,,3777,8815,3777,3170,8826,8989,1
dia 21 sem pressao - Soja Sauda,21,,3772,8829,3776,3169,8827,8988,1
dia 21 sem pressao - Soja Sauda,21,,3771,8834,3776,3169,8836,8988,1
dia 21 sem pressao - Soja Sauda,21,,3771,8831,3777,3170,8835,8987,1
dia 21 sem pressao - Soja Sauda,21,,3776,8835,3771,3169,8831,8985,1
dia 21 sem pressao - Soja Sauda,21,,3776,8841,3770,3169,8840,8993,1
dia 21 sem pressao - Soja Sauda,21,,3777,8834,3776,3170,8835,8984,1
dia 21 sem pressao - Soja Sauda,21,,3777,8830,3777,3171,8831,8983,1
dia 21 sem pressao - Soja Sauda,21,,3777,8836,3777,3171,8835,8984,1
dia 21 sem pressao - Soja Sauda,21,,3778,8840,3778,3170,8842,8983,1
dia 21 sem pressao - Soja Sauda,21,,3778,8851,3778,3165,8851,8983,1
dia 21 sem pressao - Soja Sauda,21,,3778,8872,3778,3160,8872,8981,1
dia 21 sem pressao - Soja Sauda,21,,3778,8869,3777,3157,8869,8979,1
dia 21 sem pressao - Soja Sauda,21,,3777,8874,3777,3158,8866,8976,1
dia 21 sem pressao - Soja Sauda,21,,3777,8856,3778,3161,8848,8977,1
dia 21 sem pressao - Soja Sauda,21,,3777,8840,3779,3162,8852,8977,1
dia 21 sem pressao - Soja Sauda,21,,3778,8840,3778,3162,8851,8977,1
dia 21 sem pressao - Soja Sauda,21,,3779,8838,3778,3163,8847,8977,1
dia 21 sem pressao - Soja Sauda,21,,3779,8861,3780,3162,8859,8979,1
dia 21 sem pressao - Soja Sauda,21,,3779,8831,3779,3164,8832,8980,1
dia 21 sem pressao - Soja Sauda,21,,3779,8828,3780,3163,8827,8982,1
dia 21 sem pressao - Soja Sauda,21,,3780,8823,3780,3164,8826,8981,1
dia 21 sem pressao - Soja Sauda,21,,3781,8830,3780,3163,8829,8981,1
dia 21 sem pressao - Soja Sauda,21,,3782,8833,3781,3163,8833,8981,1
dia 21 sem pressao - Soja Sauda,21,,3782,8838,3782,3163,8839,8980,1
dia 21 sem pressao - Soja Sauda,21,,3781,8843,3782,3163,8843,8979,1
dia 21 sem pressao - Soja Sauda,21,,3782,8846,3782,3164,8846,8978,1
dia 21 sem pressao - Soja Sauda,21,,3782,8845,3782,3165,8845,8978,1
dia 21 sem pressao - Soja Sauda,21,,3782,8843,3783,3163,8844,8977,1
dia 21 sem pressao - Soja Sauda,21,,3783,8843,3783,3163,8843,8966,1
dia 21 sem pressao - Soja Sauda,21,,3782,8850,3782,3164,8843,8976,1
dia 21 sem pressao - Soja Sauda,21,,3782,8863,3781,3163,8853,8975,1
dia 21 sem pressao - Soja Sauda,21,,3782,8867,3782,3162,8857,8974,1
dia 21 sem pressao - Soja Sauda,21,,3784,9026,3784,3160,9089,8977,1
dia 21 sem pressao - Soja Sauda,21,,3784,8857,3784,3159,8856,8975,1
dia 21 sem pressao - Soja Sauda,21,,3786,8858,3785,3159,8858,8975,1
dia 21 sem pressao - Soja Sauda,21,,3786,8862,3786,3163,8862,8975,1
dia 21 sem pressao - Soja Sauda,21,,3786,8866,3787,3173,8867,8977,1
dia 21 sem pressao - Soja Sauda,21,,3786,8870,3787,3162,8870,8982,1
dia 21 sem pressao - Soja Sauda,21,,3787,8877,3788,3167,8878,8969,1
dia 21 sem pressao - Soja Sauda,21,,3787,8883,3787,3163,8881,8978,1
dia 21 sem pressao - Soja Sauda,21,,3786,8884,3787,3164,8873,8983,1
dia 21 sem pressao - Soja Sauda,21,,3786,8881,3786,3167,8869,8983,1
dia 21 sem pressao - Soja Sauda,21,,3785,8866,3786,3164,8877,8990,1
dia 21 sem pressao - Soja Sauda,21,,3786,8871,3787,3165,8882,8994,1
dia 21 sem pressao - Soja Sauda,21,,3781,8887,3787,3163,8889,8992,1
dia 21 sem pressao - Soja Sauda,21,,3784,8896,3785,3164,8896,8993,1
dia 21 sem pressao - Soja Sauda,21,,3781,8908,3780,3164,8908,8992,1
dia 21 sem pressao - Soja Sauda,21,,3785,8923,3781,3165,8925,8991,1
dia 21 sem pressao - Soja Sauda,21,,3785,8949,3781,3166,8962,8992,1
dia 21 sem pressao - Soja Sauda,21,,3784,8921,3785,3164,8921,8991,1
dia 21 sem pressao - Soja Sauda,21,,3776,8949,3783,3164,8890,8990,1
dia 21 sem pressao - Soja Sauda,21,,3782,8888,3782,3165,8894,8989,1
dia 21 sem pressao - Soja Sauda,21,,3782,8876,3782,3165,8881,8989,1
dia 21 sem pressao - Soja Sauda,21,,3780,8884,3781,3164,8879,8993,1
dia 21 sem pressao - Soja Sauda,21,,3781,8878,3781,3162,8879,8977,1
dia 21 sem pressao - Soja Sauda,21,,3780,8879,3780,3163,8880,8976,1
dia 21 sem pressao - Soja Sauda,21,,3779,8872,3779,3163,8870,8984,1
dia 21 sem pressao - Soja Sauda,21,,3779,8866,3779,3163,8856,8986,1
dia 21 sem pressao - Soja Sauda,21,,3778,8865,3775,3163,8857,8988,1
dia 21 sem pressao - Soja Sauda,21,,3778,8836,3779,3161,8838,8990,1
dia 21 sem pressao - Soja Sauda,21,,3778,8834,3778,3161,8834,8991,1
dia 21 sem pressao - Soja Sauda,21,,3778,8834,3778,3162,8834,8992,1
dia 21 sem pressao - Soja Sauda,21,,3778,8837,3778,3162,8837,8992,1
dia 21 sem pressao - Soja Sauda,21,,3778,8840,3779,3162,8841,8993,1
dia 21 sem pressao - Soja Sauda,21,,3778,8814,3778,3169,8814,8996,1
dia 21 sem pressao - Soja Sauda,21,,3777,8780,3776,3158,8790,8991,1
dia 21 sem pressao - Soja Sauda,21,,3774,8789,3771,3150,8789,8982,1
dia 21 sem pressao - Soja Sauda,21,,3774,8798,3774,3149,8797,8981,1
dia 21 sem pressao - Soja Sauda,21,,3774,8810,3774,3149,8811,8981,1
dia 21 sem pressao - Soja Sauda,21,,3774,8806,3773,3150,8806,8982,1
dia 21 sem pressao - Soja Sauda,21,,3771,8811,3773,3150,8811,8983,1
dia 21 sem pressao - Soja Sauda,21,,3773,8815,3772,3151,8813,8984,1
dia 21 sem pressao - Soja Sauda,21,,3769,8811,3774,3150,8813,8985,1
dia 21 sem pressao - Soja Sauda,21,,3767,8820,3773,3152,8820,8987,1
dia 21 sem pressao - Soja Sauda,21,,3770,8830,3773,3153,8829,8988,1
dia 21 sem pressao - Soja Sauda,21,,3773,8840,3769,3153,8841,8989,1
dia 21 sem pressao - Soja Sauda,21,,3773,8854,3770,3153,8848,8990,1
dia 21 sem pressao - Soja Sauda,21,,3774,8863,3769,3153,8864,8993,1
dia 21 sem pressao - Soja Sauda,21,,3752,9141,3753,3153,9146,8993,1
dia 21 sem pressao - Soja Sauda,21,,3750,9179,3751,3151,9183,8993,1
dia 21 sem pressao - Soja Sauda,21,,3752,9171,3751,3156,9167,8994,1
dia 21 sem pressao - Soja Sauda,21,,3754,9164,3755,3153,9171,8994,1
dia 21 sem pressao - Soja Sauda,21,,3753,9193,3753,3152,9196,8994,1
dia 21 sem pressao - Soja Sauda,21,,3755,9194,3762,3163,9203,8992,1
dia 21 sem pressao - Soja Sauda,21,,3748,9279,3748,3156,9280,8991,1
dia 21 sem pressao - Soja Sauda,21,,3748,9290,3748,3150,9291,8991,1
dia 21 sem pressao - Soja Sauda,21,,3753,9245,3752,3154,9245,8990,1
dia 21 sem pressao - Soja Sauda,21,,3782,8886,3783,3150,8876,8989,1
dia 21 sem pressao - Soja Sauda,21,,3780,8845,3785,3150,8844,8989,1
dia 21 sem pressao - Soja Sauda,21,,3780,8839,3786,3149,8838,8990,1
dia 21 sem pressao - Soja Sauda,21,,3782,8833,3787,3150,8833,8991,1
dia 21 sem pressao - Soja Sauda,21,,3786,8833,3785,3150,8833,8991,1
dia 21 sem pressao - Soja Sauda,21,,3788,8834,3782,3148,8835,8991,1
dia 21 sem pressao - Soja Sauda,21,,3787,8841,3788,3146,8841,8992,1
dia 21 sem pressao - Soja Sauda,21,,3788,8844,3789,3155,8844,8993,1
dia 21 sem pressao - Soja Sauda,21,,3786,8868,3786,3152,8864,8994,1
dia 21 sem pressao - Soja Sauda,21,,3786,8881,3785,3147,8882,8994,1
dia 21 sem pressao - Soja Sauda,21,,3787,8886,3784,3147,8883,8996,1
dia 21 sem pressao - Soja Sauda,21,,3789,8871,3789,3148,8871,9001,1
dia 21 sem pressao - Soja Sauda,21,,3789,8871,3789,3149,8872,8992,1
dia 21 sem pressao - Soja Sauda,21,,3789,8870,3789,3145,8871,8991,1
dia 21 sem pressao - Soja Sauda,21,,3790,8867,3790,3146,8861,9003,1
dia 21 sem pressao - Soja Sauda,21,,3790,8865,3791,3146,8855,9006,1
dia 21 sem pressao - Soja Sauda,21,,3790,8882,3790,3146,8873,9011,1
dia 21 sem pressao - Soja Sauda,21,,3790,8871,3790,3148,8882,9013,1
dia 21 sem pressao - Soja Sauda,21,,3790,8873,3790,3148,8883,9017,1
dia 21 sem pressao - Soja Sauda,21,,3784,8884,3789,3148,8884,9021,1
dia 21 sem pressao - Soja Sauda,21,,3784,8884,3789,3149,8884,9023,1
dia 21 sem pressao - Soja Sauda,21,,3784,8885,3789,3144,8886,9028,1
dia 21 sem pressao - Soja Sauda,21,,3789,8887,3790,3144,8887,9030,1
dia 21 sem pressao - Soja Sauda,21,,3790,8888,3790,3148,8888,9032,1
dia 21 sem pressao - Soja Sauda,21,,3790,8889,3790,3146,8890,9033,1
dia 21 sem pressao - Soja Sauda,21,,3791,8892,3790,3145,8892,9035,1
dia 21 sem pressao - Soja Sauda,21,,3792,8895,3792,3144,8900,9048,1
dia 21 sem pressao - Soja Sauda,21,,3791,8892,3791,3142,8883,9040,1
dia 21 sem pressao - Soja Sauda,21,,3791,8879,3790,3143,8890,9042,1
dia 21 sem pressao - Soja Sauda,21,,3791,8877,3790,3146,8888,9043,1
dia 21 sem pressao - Soja Sauda,21,,3791,8874,3791,3143,8886,9044,1
dia 21 sem pressao - Soja Sauda,21,,3789,8885,3790,3143,8886,9046,1
dia 21 sem pressao - Soja Sauda,21,,3790,8891,3791,3141,8888,9046,1
dia 21 sem pressao - Soja Sauda,21,,3788,8878,3788,3138,8868,9045,1
dia 21 sem pressao - Soja Sauda,21,,3788,8873,3789,3132,8873,9043,1
dia 21 sem pressao - Soja Sauda,21,,3786,8878,3786,3130,8867,9044,1
dia 21 sem pressao - Soja Sauda,21,,3786,8881,3786,3134,8872,9044,1
dia 21 sem pressao - Soja Sauda,21,,3787,8885,3786,3135,8875,9045,1
dia 21 sem pressao - Soja Sauda,21,,3787,8879,3788,3136,8888,9046,1
dia 21 sem pressao - Soja Sauda,21,,3788,8882,3788,3139,8893,9048,1
dia 21 sem pressao - Soja Sauda,21,,3784,8894,3788,3138,8895,9047,1
dia 21 sem pressao - Soja Sauda,21,,3783,8901,3788,3139,8898,9046,1
dia 21 sem pressao - Soja Sauda,21,,3788,8904,3783,3139,8910,9046,1
Página13,21,,3825,8218,121,3381,8975,4154,1
Página13,21,,3827,8211,121,3380,8983,4156,1
Página13,21,,3825,8210,120,3372,8981,4155,1
Página13,21,,3825,8197,120,3376,8989,4155,1
Página13,21,,3826,8237,121,3370,8963,4154,1
Página13,21,,3830,8241,121,3360,8970,4158,1
Página13,21,,3828,8239,121,3368,8964,4156,1
Página13,21,,3825,8237,121,3371,8954,4154,1
Página13,21,,3824,8235,121,3367,8950,4153,1
Página13,21,,3824,8234,121,3376,8950,4151,1
Página13,21,,3823,8233,120,3369,8950,4151,1
Página13,21,,3822,8231,120,3368,8948,4149,1
Página13,21,,3824,8228,121,3360,8950,4149,1
Página13,21,,3821,8266,121,3358,8914,4146,1
Página13,21,,3817,8207,121,3359,8957,4143,1
Página13,21,,3818,8213,120,3367,8956,4145,1
Página13,21,,3817,8210,121,3370,8956,4145,1
Página13,21,,3815,8214,121,3373,8951,4144,1
Página13,21,,3820,8225,121,3370,8960,4149,1
Página13,21,,3817,8214,120,3366,8961,4147,1
Página13,21,,3817,8214,120,3367,8956,4146,1
Página13,21,,3816,8202,120,3373,8961,4144,1
Página13,21,,3815,8202,120,3378,8959,4144,1
Página13,21,,3815,8205,120,3370,8956,4144,1
Página13,21,,3814,8186,120,3373,8970,4144,1
Página13,21,,3814,8203,121,3376,8958,4144,1
Página13,21,,3814,8194,120,3375,8957,4142,1
Página13,21,,3818,8212,121,3376,8958,4144,1
Página13,21,,3814,8201,121,3385,8955,4142,1
Página13,21,,3817,8257,121,3382,8913,4142,1
Página13,21,,3818,8249,121,3380,8915,4143,1
Página13,21,,3812,8193,121,3376,8955,4136,1
Página13,21,,3812,8193,122,3388,8955,4136,1
Página13,21,,3815,8247,122,3383,8910,4138,1
Página13,21,,3811,8193,121,3379,8944,4141,1
Página13,21,,3809,8158,121,3388,8974,4138,1
Página13,21,,3811,8192,121,3379,8950,4140,1
Página13,21,,3816,8249,121,3379,8916,4141,1
Página13,21,,3814,8248,121,3386,8907,4139,1
Página13,21,,3810,8180,121,3387,8956,4138,1
Página13,21,,3808,8176,122,3387,8957,4138,1
Página13,21,,3809,8181,121,3379,8956,4138,1
Página13,21,,3809,8187,122,3393,8951,4138,1
Página13,21,,3810,8187,122,3389,8949,4137,1
Página13,21,,3809,8188,121,3382,8947,4136,1
Página13,21,,3808,8186,121,3384,8947,4136,1
Página13,21,,3808,8179,122,3384,8954,4136,1
Página13,21,,3813,8189,121,3384,8957,4139,1
Página13,21,,3811,8187,122,3391,8952,4139,1
Página13,21,,3808,8177,121,3389,8949,4135,1
Página13,21,,3807,8175,121,3392,8944,4134,1
Página13,21,,3807,8178,122,3389,8944,4132,1
Página13,21,,3806,8171,122,3390,8938,4132,1
Página13,21,,3808,8224,121,3394,8896,4132,1
Página13,21,,3808,8221,121,3394,8898,4131,1
Página13,21,,3804,8232,122,3393,8898,4130,1
Página13,21,,3799,8172,121,3389,8946,4132,1
Página13,21,,3802,8161,121,3389,8948,4130,1
Página13,21,,3805,8217,122,3394,8903,4128,1
Página13,21,,3801,8164,121,3397,8940,4128,1
Página13,21,,3803,8204,120,3389,8932,4128,1
Página13,21,,3800,8169,121,3388,8935,4127,1
Página13,21,,3802,8169,121,3388,8936,4127,1
Página13,21,,3803,8225,121,3396,8887,4126,1
Página13,21,,3799,8155,121,3394,8942,4127,1
Página13,21,,3799,8145,122,3399,8944,4125,1
Página13,21,,3803,8154,122,3402,8958,4130,1
Página13,21,,3807,8156,122,3401,8965,4132,1
Página13,21,,3805,8220,122,3402,8900,4122,1
Página13,21,,3798,8142,123,3406,8945,4124,1
Página13,21,,3798,8140,123,3404,8945,4121,1
Página13,21,,3793,8170,123,3410,8907,4119,1
Página13,21,,3797,8192,123,3419,8898,4118,1
Página13,21,,3791,8127,123,3409,8948,4117,1
Página13,21,,3792,8141,123,3412,8937,4117,1
Página13,21,,3791,8119,123,3419,8931,4112,1
Página13,21,,3792,8161,122,3409,8908,4115,1
Página13,21,,3792,8172,123,3413,8898,4114,1
Página13,21,,3791,8171,123,3420,8897,4114,1
Página13,21,,3792,8174,123,3416,8898,4110,1
Página13,21,,3791,8171,123,3403,8899,4113,1
Página13,21,,3788,8164,122,3407,8897,4113,1
Página13,21,,3790,8176,123,3412,8891,4112,1
Página13,21,,3789,8174,123,3410,8891,4112,1
Página13,21,,3789,8174,122,3402,8898,4114,1
Página13,21,,3790,8174,123,3405,8895,4113,1
Página13,21,,3789,8172,122,3405,8894,4113,1
Página13,21,,3793,8180,122,3393,8903,4113,1
Página13,21,,3792,8177,123,3416,8900,4110,1
Página13,21,,3791,8176,123,3420,8900,4111,1
Página13,21,,3790,8161,123,3411,8903,4114,1
Página13,21,,3787,8154,121,3396,8896,4111,1
Página13,21,,3787,8147,121,3398,8898,4113,1
Página13,21,,3786,8147,121,3398,8896,4111,1
Página13,21,,3785,8147,121,3400,8895,4109,1
Página13,21,,3782,8150,122,3403,8905,4110,1
Página13,21,,3784,8140,121,3401,8903,4108,1
Página13,21,,3783,8135,121,3401,8907,4108,1
Página13,21,,3782,8128,122,3400,8917,4109,1
Página13,21,,3783,8114,121,3399,8924,4108,1
Página13,21,,3781,8103,121,3406,8937,4108,1
Página13,21,,3765,7837,121,3404,9130,4107,1
Página13,21,,3779,8087,121,3405,8939,4106,1
Página13,21,,3784,8110,122,3403,8929,4107,1
Página13,21,,3779,8110,121,3401,8921,4105,1
Página13,21,,3780,8125,122,3407,8917,4104,1
Página13,21,,3780,8117,122,3405,8905,4103,1
Página13,21,,3780,8121,123,3456,8900,4104,1
Página13,21,,3779,8123,124,3455,8900,4102,1
Página13,21,,3780,8120,127,3505,8898,4101,1
Página13,21,,3778,8117,125,3448,8898,4100,1
Página13,21,,3774,8130,125,3469,8903,4101,1
Página13,21,,3775,8124,122,3419,8897,4098,1
Página13,21,,3775,8123,122,3423,8897,4099,1
Página13,21,,3778,8113,123,3436,8925,4103,1
Página13,21,,3779,8136,123,3425,8903,4104,1
Página13,21,,3780,8133,123,3422,8902,4104,1
Página13,21,,3779,8139,122,3420,8894,4103,1
Página13,21,,3777,8136,123,3417,8885,4100,1
Página13,21,,3775,8134,122,3415,8880,4098,1
Página13,21,,3774,8133,122,3417,8875,4097,1
Página13,21,,3775,8142,122,3413,8861,4097,1
Página13,21,,3769,8137,123,3418,8870,4097,1
Página13,21,,3767,8135,122,3414,8867,4095,1
Página13,21,,3766,8134,122,3417,8867,4094,1
Página13,21,,3772,8140,122,3422,8861,4094,1
Página13,21,,3768,8131,124,3435,8858,4093,1
Página13,21,,3766,8127,123,3427,8856,4089,1
Página13,21,,3766,8125,123,3429,8858,4090,1
Página13,21,,3766,8122,122,3424,8857,4088,1
Página13,21,,3698,7976,121,3416,8712,4018,1
Página13,21,,3690,7964,121,3417,8703,4008,1
Página13,21,,3681,7955,121,3415,8695,3998,1
Página13,21,,3673,7952,121,3415,8682,3988,1
Página13,21,,3662,7911,120,3415,8698,3979,1
Página13,21,,3652,7889,120,3415,8695,3969,1
Página13,21,,3644,7885,120,3413,8688,3963,1
Página13,21,,3637,7871,121,3414,8679,3951,1
Página13,21,,3630,7871,120,3410,8676,3945,1
Página13,21,,3622,7871,120,3409,8673,3936,1
Página13,21,,3615,7857,120,3412,8669,3928,1
Página13,21,,3610,7860,120,3412,8670,3923,1
Página13,21,,3605,7852,119,3414,8658,3916,1
Página13,21,,3601,7860,120,3415,8646,3909,1
Página13,21,,3596,7875,120,3415,8628,3905,1
Página13,21,,3593,7904,120,3413,8601,3898,1
Página13,21,,3588,7904,120,3413,8595,3892,1
Página13,21,,3582,7862,120,3418,8620,3886,1
Página13,21,,3578,7871,119,3412,8604,3881,1
Página13,21,,3576,7886,119,3414,8603,3880,1
Página13,21,,3571,7860,119,3415,8618,3869,1
Página13,21,,3568,7875,119,3415,8601,3864,1
Página13,21,,3565,7857,119,3416,8603,3867,1
Página13,21,,3563,7887,119,3413,8573,3862,1
Página13,21,,3561,7891,120,3412,8577,3859,1
Página13,21,,3556,7843,120,3414,8613,3857,1
Página13,21,,3553,7870,120,3416,8611,3856,1
Página13,21,,3549,7872,119,3417,8608,3851,1
Página13,21,,3546,7826,119,3416,8624,3847,1
Página13,21,,3546,7868,119,3417,8582,3845,1
Página13,21,,3546,7880,119,3416,8580,3842,1
Página13,21,,3540,7832,119,3414,8612,3838,1
Página13,21,,3541,7863,119,3416,8590,3835,1
Página13,21,,3536,7826,119,3415,8616,3833,1
Página13,21,,3535,7822,119,3420,8617,3831,1
Página13,21,,3529,7823,120,3419,8590,3828,1
Página13,21,,3533,7830,120,3422,8615,3823,1
Página13,21,,3529,7803,120,3417,8616,3825,1
Página13,21,,3527,7809,119,3420,8611,3823,1
Página13,21,,3528,7821,119,3421,8597,3820,1
Página13,21,,3528,7833,120,3423,8599,3819,1
Página13,21,,3527,7845,119,3422,8598,3818,1
Página13,21,,3526,7868,119,3421,8576,3816,1
Página13,21,,3521,7799,120,3422,8627,3814,1
Página13,21,,3518,7795,119,3420,8626,3813,1
Página13,21,,3519,7800,119,3424,8622,3812,1
Página13,21,,3522,7863,119,3420,8576,3811,1
Página13,21,,3520,7866,120,3423,8571,3809,1
Página13,21,,3520,7873,119,3425,8568,3809,1
Página13,21,,3519,7875,119,3424,8567,3807,1
Página13,21,,3518,7873,120,3427,8567,3806,1
Página13,21,,3513,7879,120,3424,8561,3804,1
Página13,21,,3517,7879,121,3427,8574,3805,1
Página13,21,,3513,7831,120,3424,8611,3805,1
Página13,21,,3503,7747,120,3424,8670,3801,1
Página13,21,,3499,7710,119,3431,8692,3800,1
Página13,21,,3490,7478,120,3427,8864,3799,1
Página13,21,,3494,7549,119,3428,8803,3797,1
Página13,21,,3492,7531,119,3427,8821,3797,1
Página13,21,,3492,7520,119,3426,8840,3796,1
Página13,21,,3486,7450,119,3426,8881,3795,1
Página13,21,,3495,7589,119,3430,8769,3793,1
Página13,21,,3493,7565,119,3431,8781,3793,1
Página13,21,,3499,7684,120,3428,8698,3792,1
Página13,21,,3501,7706,120,3431,8687,3793,1
Página13,21,,3504,7775,120,3427,8631,3791,1
Página13,21,,3504,7789,119,3431,8614,3789,1
Página13,21,,3499,7731,119,3430,8658,3789,1
Página13,21,,3501,7753,120,3430,8645,3789,1
Página13,21,,3499,7745,119,3428,8650,3789,1
Página13,21,,3496,7789,120,3430,8608,3786,1
Página13,21,,3497,7809,120,3433,8598,3786,1
Página13,21,,3498,7790,120,3433,8602,3784,1
Página13,21,,3502,7820,120,3434,8590,3785,1
Página13,21,,3499,7776,120,3432,8622,3784,1
Página13,21,,3498,7778,120,3435,8617,3782,1
Página13,21,,3500,7822,120,3435,8584,3783,1
Página13,21,,3498,7823,120,3437,8576,3780,1
Página13,21,,3497,7798,121,3437,8602,3781,1
Página13,21,,3498,7820,120,3440,8584,3783,1
Página13,21,,3499,7805,120,3440,8595,3781,1
Página13,21,,3497,7793,120,3438,8603,3782,1
Página13,21,,3500,7836,120,3436,8566,3780,1
Página13,21,,3497,7833,120,3441,8559,3777,1
Página13,21,,3497,7804,120,3438,8590,3779,1
Página13,21,,3498,7831,120,3436,8565,3777,1
Página13,21,,3490,7838,120,3438,8555,3774,1
Página13,21,,3494,7800,120,3440,8586,3773,1
Página13,21,,3491,7745,120,3437,8586,3777,1
Página13,21,,3496,7830,120,3443,8569,3774,1
Página13,21,,3492,7818,120,3440,8569,3770,1
Página13,21,,3492,7844,120,3440,8542,3768,1
Página13,21,,3492,7875,121,3443,8516,3767,1
Página13,21,,3488,7839,120,3440,8539,3766,1
Página13,21,,3489,7849,120,3443,8542,3766,1
Página13,21,,3492,7863,121,3445,8538,3768,1
Página13,21,,3490,7862,120,3443,8526,3765,1
Página13,21,,3489,7862,120,3445,8522,3763,1
Página13,21,,3488,7863,120,3442,8522,3763,1
Página13,21,,3487,7859,120,3445,8521,3760,1
Página13,21,,3484,7858,121,3447,8515,3751,1
Página13,21,,3485,7860,121,3444,8514,3759,1
Página13,21,,3483,7859,121,3447,8508,3755,1
Página13,21,,3482,7847,120,3446,8516,3754,1
Página13,21,,3482,7849,121,3446,8523,3755,1
Página13,21,,3480,7845,121,3447,8524,3754,1
Página13,21,,3480,7843,120,3448,8526,3755,1
Página13,21,,3478,7837,121,3447,8515,3751,1
Página13,21,,3479,7838,121,3443,8524,3749,1
Página13,21,,3479,7855,122,3446,8503,3749,1
Página13,21,,3474,7841,121,3447,8502,3747,1
Página13,21,,3475,7839,120,3449,8516,3746,1
Página13,21,,3475,7835,121,3449,8515,3746,1
Página13,21,,3475,7836,121,3450,8514,3746,1
Página13,21,,3481,7859,121,3457,8526,3752,1
Página13,21,,3485,7866,121,3456,8542,3756,1
Página13,21,,3480,7855,121,3455,8527,3750,1
Página13,21,,3476,7847,121,3452,8519,3746,1
Página13,21,,3476,7856,121,3455,8516,3749,1
Página13,21,,3476,7832,121,3454,8515,3745,1
Página13,21,,3482,7865,122,3457,8525,3750,1
Página13,21,,3472,7844,121,3456,8501,3738,1
Página13,21,,3476,7859,121,3457,8515,3741,1
Página13,21,,3474,7852,121,3451,8516,3741,1
Página13,21,,3473,7812,121,3455,8537,3741,1
Página13,21,,3470,7798,121,3457,8546,3742,1
Página13,21,,3472,7799,121,3460,8552,3743,1
Página13,21,,3473,7810,122,3463,8543,3742,1
Página13,21,,3471,7806,121,3460,8539,3740,1
Página13,21,,3469,7787,121,3459,8556,3740,1
Página13,21,,3469,7797,121,3461,8537,3737,1
Página13,21,,3466,7795,121,3465,8534,3736,1
Página13,21,,3461,7763,121,3462,8546,3731,1
Página13,21,,3460,7777,121,3463,8522,3729,1
Página13,21,,3455,7751,121,3463,8541,3734,1
Página13,21,,3447,7742,121,3462,8513,3716,1
Página13,21,,3445,7723,121,3466,8514,3711,1
Página13,21,,3447,7741,122,3468,8519,3717,1
Página13,21,,3445,7730,121,3469,8520,3714,1
Página13,21,,3432,7703,121,3463,8490,3700,1
Página13,21,,3441,7715,121,3464,8464,3690,1
Página13,21,,3446,7760,121,3465,8517,3725,1
Página13,21,,3442,7747,122,3471,8518,3709,1
Página13,21,,3461,7787,122,3473,8551,3726,1
Página13,21,,3464,7812,122,3472,8535,3729,1
Página13,21,,3469,7782,122,3467,8595,3741,1
Página13,21,,3472,7778,122,3470,8603,3745,1
Página13,21,,3480,7845,122,3471,8558,3750,1
Página13,21,,3486,7841,122,3477,8582,3756,1
Página13,21,,3491,7810,122,3481,8624,3763,1
Página13,21,,3496,7813,123,3477,8635,3771,1
Página13,21,,3500,7819,123,3485,8639,3776,1
Página13,21,,3510,7883,124,3484,8605,3782,1
Página13,21,,3512,7839,123,3487,8648,3786,1
Página13,21,,3514,7836,124,3484,8651,3789,1
Página13,21,,3518,7856,123,3481,8637,3792,1
Página13,21,,3520,7847,123,3482,8637,3796,1
Página13,21,,3525,7872,123,3488,8624,3799,1
Página13,21,,3527,7880,123,3483,8619,3801,1
Página13,21,,3531,7897,124,3490,8612,3804,1
Página13,21,,3533,7862,124,3492,8644,3806,1
Página13,21,,3535,7892,123,3484,8620,3809,1
Página13,21,,3539,7915,124,3492,8612,3813,1
Página13,21,,3540,7880,124,3487,8632,3817,1
Página13,21,,3547,7883,125,3488,8653,3824,1
Página13,21,,3552,7896,125,3486,8660,3830,1
Página13,21,,3553,7879,125,3489,8685,3832,1
Página13,21,,3557,7915,125,3497,8646,3833,1
Página13,21,,3559,7897,125,3497,8648,3838,1
Página13,21,,3563,7934,125,3493,8646,3840,1
Página13,21,,3566,7943,125,3494,8643,3838,1
Página13,21,,3568,7938,125,3495,8648,3839,1
Página13,21,,3569,7934,125,3496,8654,3841,1
Página13,21,,3572,7936,125,3499,8646,3848,1
Página13,21,,3571,7904,125,3495,8672,3850,1
Página13,21,,3572,7908,124,3493,8668,3852,1
Página13,21,,3572,7917,125,3494,8673,3854,1
Página13,21,,3569,7888,125,3491,8665,3850,1
Página13,21,,3572,7912,125,3494,8670,3853,1
Página13,21,,3568,7874,125,3495,8670,3847,1
Página13,21,,3576,7913,124,3495,8666,3855,1
Página13,21,,3577,7929,125,3497,8646,3850,1
Página13,21,,3570,7862,125,3497,8694,3854,1
Página13,21,,3566,7848,125,3494,8680,3848,1
Página13,21,,3561,7867,124,3489,8635,3839,1
Página13,21,,3565,7864,124,3494,8670,3848,1
Página13,21,,3542,7796,124,3489,8621,3820,1
Página13,21,,3564,7855,125,3496,8668,3846,1
Página13,21,,3569,7889,125,3501,8651,3848,1
Página13,21,,3568,7880,124,3493,8659,3845,1
Página13,21,,3570,7878,124,3492,8655,3850,1
Página13,21,,3570,7876,125,3495,8653,3850,1
Página13,21,,3570,7858,125,3502,8668,3850,1
Página13,21,,3572,7873,125,3500,8655,3852,1
Página13,21,,3568,7897,126,3505,8653,3854,1
Página13,21,,3575,7891,125,3504,8661,3854,1
Página13,21,,3575,7892,125,3505,8657,3854,1
Página13,21,,3576,7889,125,3509,8660,3855,1
Página13,21,,3576,7891,125,3507,8662,3856,1
Página13,21,,3576,7889,125,3502,8668,3857,1
Página13,21,,3578,7891,126,3506,8665,3857,1
Página13,21,,3578,7891,125,3509,8666,3857,1
Página13,21,,3578,7889,126,3509,8666,3858,1
Página13,21,,3579,7894,126,3511,8662,3857,1
Página13,21,,3581,7892,126,3509,8657,3859,1
Página13,21,,3581,7905,126,3510,8643,3859,1
Página13,21,,3580,7876,126,3512,8665,3859,1
Página13,21,,3583,7908,126,3515,8652,3860,1
Página13,21,,3583,7899,127,3516,8653,3861,1
Página13,21,,3579,7840,126,3519,8695,3861,1
Página13,21,,3571,7818,126,3512,8687,3852,1
Página13,21,,3570,7842,125,3510,8657,3850,1
Página13,21,,3572,7896,126,3511,8610,3849,1
Página13,21,,3570,7867,125,3512,8635,3849,1
Página13,21,,3568,7845,126,3510,8651,3849,1
Página13,21,,3563,7807,124,3511,8658,3845,1
Página13,21,,3561,7800,126,3511,8667,3843,1
Página13,21,,3571,7839,125,3512,8674,3851,1
Página13,21,,3570,7840,126,3512,8675,3850,1
Página13,21,,3564,7832,126,3513,8671,3847,1
Página13,21,,3556,7804,127,3509,8654,3835,1
Página13,21,,3553,7812,127,3508,8659,3837,1
Página13,21,,3553,7814,126,3514,8653,3833,1
Página13,21,,3555,7814,127,3515,8653,3833,1
Página13,21,,3560,7823,126,3519,8666,3838,1
Página13,21,,3564,7833,127,3523,8674,3843,1
Página13,21,,3568,7838,127,3519,8682,3847,1
Página13,21,,3571,7848,126,3523,8690,3849,1
Página13,21,,3576,7854,127,3521,8689,3855,1
Página13,21,,3577,7854,127,3527,8700,3857,1
Página13,21,,3580,7860,127,3525,8700,3859,1
Página13,21,,3582,7862,127,3526,8704,3862,1
Página13,21,,3585,7864,127,3525,8705,3864,1
Página13,21,,3587,7868,127,3527,8708,3866,1
Página13,21,,3589,7866,127,3528,8711,3863,1
Página13,21,,3591,7872,127,3535,8713,3866,1
Página13,21,,3593,7874,128,3534,8716,3867,1
Página13,21,,3595,7876,128,3530,8717,3871,1
Página13,21,,3598,7880,127,3533,8722,3873,1
Página13,21,,3599,7877,127,3534,8727,3878,1
Página13,21,,3601,7876,127,3535,8732,3881,1
Página13,21,,3601,7856,128,3536,8753,3882,1
Página13,21,,3602,7856,127,3539,8754,3884,1
Página13,21,,3607,7909,128,3536,8722,3888,1
Página13,21,,3610,7920,128,3542,8711,3888,1
Página13,21,,3611,7930,128,3537,8704,3888,1
Página13,21,,3613,7935,128,3542,8703,3890,1
Página13,21,,3616,7970,128,3542,8675,3893,1
Página13,21,,3618,7985,129,3543,8670,3894,1
Página13,21,,3618,7965,128,3544,8685,3897,1
Página13,21,,3619,7962,128,3541,8673,3896,1
Página13,21,,3621,7982,128,3543,8661,3897,1
Página13,21,,3619,7931,128,3544,8699,3898,1
Página13,21,,3618,7918,128,3544,8709,3899,1
Página13,21,,3620,7914,129,3543,8716,3900,1
Página13,21,,3614,7911,128,3543,8723,3900,1
Página13,21,,3614,7882,129,3543,8746,3900,1
Página13,21,,3614,7868,128,3539,8751,3901,1
Página13,21,,3617,7923,128,3542,8717,3903,1
Página13,21,,3620,7931,128,3543,8714,3904,1
Página13,21,,3625,7933,129,3547,8712,3903,1
Página13,21,,3626,7936,128,3546,8710,3904,1
Página13,21,,3626,7935,129,3550,8711,3905,1
Página13,21,,3626,7934,129,3551,8712,3906,1
Página13,21,,3628,7940,129,3554,8714,3906,1
Página13,21,,3628,7940,130,3556,8708,3902,1
Página13,21,,3628,7945,129,3557,8706,3902,1
Página13,21,,3630,7952,129,3551,8699,3902,1
Página13,21,,3630,7956,129,3555,8686,3908,1
Página13,21,,3631,7959,129,3559,8685,3907,1
Página13,21,,3626,7962,129,3557,8694,3910,1
Página13,21,,3631,7961,129,3557,8691,3908,1
Página13,21,,3632,7989,129,3558,8668,3908,1
Página13,21,,3632,7990,129,3559,8666,3908,1
Página13,21,,3631,7966,129,3559,8683,3908,1
Página13,21,,3631,7972,130,3554,8673,3907,1
Página13,21,,3628,7975,130,3558,8660,3899,1
Página13,21,,3630,7951,130,3559,8684,3904,1
Página13,21,,3624,7948,129,3552,8668,3900,1
Página13,21,,3622,7941,129,3555,8662,3900,1
Página13,21,,3621,7908,129,3555,8681,3898,1
Página13,21,,3620,7915,130,3559,8666,3899,1
Página13,21,,3621,7926,129,3559,8663,3897,1
Página13,21,,3620,7910,129,3553,8687,3897,1
Página13,21,,3621,7929,129,3559,8671,3898,1
Página13,21,,3621,7948,129,3560,8656,3897,1
Página13,21,,3621,7953,129,3557,8651,3896,1
Página13,21,,3621,7954,129,3559,8647,3896,1
Página13,21,,3620,7956,130,3564,8649,3898,1
Página13,21,,3620,7956,129,3560,8645,3896,1
Página13,21,,3620,7959,129,3561,8641,3895,1
Página13,21,,3620,7957,130,3561,8642,3895,1
Página13,21,,3620,7958,129,3561,8641,3896,1
Página13,21,,3619,7959,129,3562,8638,3896,1
Página13,21,,3618,7945,130,3563,8641,3895,1
Página13,21,,3616,7917,130,3562,8654,3894,1
Página13,21,,3617,7939,130,3561,8632,3895,1
Página13,21,,3617,7944,129,3560,8622,3894,1
Página13,21,,3620,7955,130,3563,8614,3896,1
Página13,21,,3611,7921,129,3557,8638,3895,1
Página13,21,,3613,7947,130,3561,8616,3895,1
Página13,21,,3611,7922,129,3560,8625,3893,1
Página13,21,,3611,7931,129,3559,8623,3894,1
Página13,21,,3613,7926,130,3559,8613,3890,1
Página13,21,,3618,7943,130,3561,8619,3894,1
Página13,21,,3617,7960,129,3559,8604,3892,1
Página13,21,,3616,7938,129,3560,8625,3892,1
Página13,21,,3616,7937,128,3559,8626,3892,1
Página13,21,,3619,7965,129,3571,8609,3892,1
Página13,21,,3616,7946,130,3571,8623,3891,1
Página13,21,,3617,7965,130,3565,8609,3890,1
Página13,21,,3618,7972,130,3564,8605,3891,1
Página13,21,,3617,7956,130,3565,8616,3890,1
Página13,21,,3617,7972,129,3566,8608,3890,1
Página13,21,,3617,7953,129,3566,8627,3890,1
Página13,21,,3619,7984,130,3567,8605,3886,1
Página13,21,,3616,7951,130,3570,8628,3884,1
Página13,21,,3616,7954,130,3571,8623,3883,1
Página13,21,,3616,7949,130,3568,8628,3884,1
Página13,21,,3617,7975,130,3571,8599,3888,1
Página13,21,,3616,7943,129,3570,8627,3888,1
Página13,21,,3617,7951,130,3568,8623,3889,1
Página13,21,,3618,7970,130,3568,8610,3888,1
Página13,21,,3616,7943,130,3568,8626,3890,1
Página13,21,,3612,7952,129,3565,8626,3889,1
Página13,21,,3617,7951,130,3569,8623,3890,1
Página13,21,,3616,7949,130,3569,8624,3889,1
Página13,21,,3617,7953,130,3572,8619,3890,1
Página13,21,,3618,7952,130,3573,8621,3890,1
Página13,21,,3621,7984,130,3567,8599,3890,1
Página13,21,,3620,7951,130,3569,8632,3890,1
Página13,21,,3621,7977,131,3572,8608,3892,1
Página13,21,,3618,7954,130,3575,8625,3891,1
Página13,21,,3618,7921,132,3573,8660,3891,1
Página13,21,,3619,7942,131,3573,8641,3890,1
Página13,21,,3621,7974,130,3571,8617,3890,1
Página13,21,,3619,7938,131,3574,8625,3890,1
Página13,21,,3618,7940,130,3574,8651,3890,1
Página13,21,,3619,7935,130,3577,8653,3890,1
Página13,21,,3619,7937,130,3574,8648,3890,1
Página13,21,,3618,7932,130,3572,8658,3889,1
Página13,21,,3620,7956,130,3573,8639,3890,1
Página13,21,,3621,7937,130,3569,8659,3889,1
Página13,21,,3620,7965,130,3572,8619,3891,1
Página13,21,,3620,7938,131,3585,8640,3890,1
Página13,21,,3620,7932,130,3573,8649,3892,1
Página13,21,,3621,7933,130,3573,8650,3892,1
Página13,21,,3623,7956,130,3575,8638,3892,1
Página13,21,,3623,7922,130,3577,8678,3895,1
Página13,21,,3623,7938,130,3572,8650,3894,1
Página13,21,,3622,7921,130,3573,8674,3894,1
Página13,21,,3624,7929,130,3575,8672,3895,1
Página13,21,,3627,7963,130,3572,8651,3895,1
Página13,21,,3623,7916,130,3575,8681,3895,1
Página13,21,,3624,7923,130,3576,8673,3895,1
Página13,21,,3624,7935,130,3583,8665,3895,1
Página13,21,,3625,7958,130,3575,8645,3895,1
Página13,21,,3626,7956,130,3570,8647,3895,1
Página13,21,,3627,7957,130,3569,8652,3896,1
Página13,21,,3626,7953,130,3572,8651,3894,1
Página13,21,,3623,7947,130,3572,8646,3893,1
Página13,21,,3622,7951,130,3566,8642,3886,1
Página13,21,,3621,7949,129,3566,8637,3885,1
Página13,21,,3621,7940,130,3566,8643,3884,1
Página13,21,,3614,7937,130,3566,8638,3888,1
Página13,21,,3614,7911,129,3563,8669,3889,1
Página13,21,,3617,7947,130,3541,8642,3888,1
Página13,21,,3620,7949,129,3568,8640,3887,1
Página13,21,,3616,7903,129,3571,8675,3887,1
Página13,21,,3620,7953,130,3579,8638,3886,1
Página13,21,,3617,7908,130,3575,8674,3887,1
Página13,21,,3616,7907,129,3576,8674,3886,1
Página13,21,,3620,7960,130,3579,8634,3884,1
Página13,21,,3617,7916,130,3577,8661,3884,1
Página13,21,,3616,7905,130,3575,8676,3884,1
Página13,21,,3618,7948,130,3574,8640,3884,1
Página13,21,,3615,7898,130,3576,8678,3885,1
Página13,21,,3615,7903,130,3575,8674,3883,1
Página13,21,,3617,7948,130,3572,8638,3884,1
Página13,21,,3612,7903,130,3566,8678,3884,1
Página13,21,,3615,7905,130,3572,8663,3886,1
Página13,21,,3618,7952,130,3573,8630,3883,1
Página13,21,,3614,7892,130,3572,8675,3883,1
Página13,21,,3614,7902,129,3574,8663,3882,1
Página13,21,,3615,7905,130,3572,8665,3883,1
Página13,21,,3615,7924,129,3570,8658,3882,1
Página13,21,,3610,7931,130,3572,8652,3881,1
Página13,21,,3610,7932,129,3573,8650,3882,1
Página13,21,,3613,7896,131,3585,8677,3880,1
Página13,21,,3612,7899,131,3585,8674,3879,1
Página13,21,,3611,7901,132,3581,8670,3872,1
Página13,21,,3612,7903,131,3587,8672,3871,1
Página13,21,,3607,7946,130,3580,8632,3872,1
Página13,21,,3621,7906,131,3581,8652,3877,1
Página13,21,,3636,7892,130,3574,8647,3875,1
Página13,21,,3639,7885,130,3576,8654,3875,1
Página13,21,,3643,7935,130,3583,8618,3875,1
Página13,21,,3638,7885,129,3575,8662,3876,1
Página13,21,,3641,7905,130,3576,8652,3876,1
Página13,21,,3638,7896,129,3566,8644,3874,1
Página13,21,,3639,7912,130,3575,8637,3875,1
Página13,21,,3638,7901,129,3574,8647,3875,1
Página13,21,,3636,7869,130,3574,8649,3865,1
Página13,21,,3639,7891,130,3586,8661,3875,1
Página13,21,,3638,7893,130,3581,8658,3875,1
Página13,21,,3640,7931,129,3577,8626,3875,1
Página13,21,,3639,7930,129,3578,8628,3875,1
Página13,21,,3636,7894,129,3578,8657,3875,1
Página13,21,,3640,7929,129,3578,8620,3872,1
Página13,21,,3637,7900,129,3579,8653,3876,1
Página13,21,,3637,7892,129,3588,8662,3875,1
Página13,21,,3629,7896,130,3587,8665,3871,1
Página13,21,,3629,7903,130,3588,8661,3873,1
Página13,21,,3632,7933,130,3581,8647,3871,1
Página13,21,,3627,7927,130,3584,8653,3876,1
Página13,21,,3629,7962,130,3582,8619,3876,1
Página13,21,,3628,7914,130,3588,8657,3875,1
Página13,21,,3631,7919,130,3588,8656,3876,1
Página13,21,,3632,7922,130,3588,8655,3877,1
Página13,21,,3630,7921,130,3588,8650,3874,1
Página13,21,,3628,7909,130,3590,8657,3873,1
Página13,21,,3632,7955,130,3592,8620,3874,1
Página13,21,,3628,7916,131,3593,8650,3875,1
Página13,21,,3631,7950,131,3602,8624,3876,1
Página13,21,,3634,7917,130,3599,8651,3873,1
Página13,21,,3629,7930,131,3589,8640,3874,1
Página13,21,,3632,7953,131,3594,8635,3873,1
Página13,21,,3629,7925,131,3595,8643,3873,1
Página13,21,,3631,7945,130,3591,8637,3874,1
Página13,21,,3629,7923,130,3592,8643,3873,1
Página13,21,,3629,7918,130,3592,8643,3875,1
Página13,21,,3632,7955,130,3596,8612,3873,1
Página13,21,,3630,7935,130,3591,8631,3875,1
Página13,21,,3631,7929,130,3590,8639,3875,1
Página13,21,,3634,7951,133,3601,8636,3875,1
Página13,21,,3627,7949,131,3599,8634,3877,1
Página13,21,,3632,7959,130,3591,8625,3874,1
Página13,21,,3632,7953,131,3596,8632,3877,1
Página13,21,,3633,7952,131,3598,8635,3877,1
Página13,21,,3633,7954,130,3588,8636,3879,1
Página13,21,,3632,7952,130,3595,8630,3875,1
Página13,21,,3630,7931,130,3597,8644,3875,1
Página13,21,,3630,7927,130,3588,8648,3875,1
Página13,21,,3630,7928,130,3589,8647,3875,1
Página13,21,,3630,7929,131,3592,8639,3876,1
Página13,21,,3629,7924,131,3596,8643,3874,1
Página13,21,,3629,7922,131,3593,8643,3873,1
Página13,21,,3629,7923,131,3592,8647,3875,1
Página13,21,,3631,7921,131,3591,8651,3875,1
Página13,21,,3630,7921,131,3594,8645,3874,1
Página13,21,,3630,7924,131,3595,8646,3875,1
Página13,21,,3628,7927,131,3593,8646,3875,1
Página13,21,,3636,7928,131,3596,8648,3877,1
Página13,21,,3639,7930,131,3593,8652,3879,1
Página13,21,,3639,7927,131,3593,8650,3878,1
Página13,21,,3635,7926,131,3597,8649,3878,1
Página13,21,,3641,7928,131,3594,8651,3879,1
Página13,21,,3642,7928,131,3595,8652,3880,1
Página13,21,,3644,7931,131,3617,8660,3883,1
Página13,21,,3645,7932,132,3606,8657,3884,1
Página13,21,,3646,7931,131,3602,8660,3881,1
Página13,21,,3648,7931,131,3600,8661,3881,1
Página13,21,,3647,7930,131,3598,8663,3882,1
Página13,21,,3649,7924,131,3599,8666,3884,1
Página13,21,,3651,7931,131,3599,8661,3890,1
Página13,21,,3652,7919,131,3601,8671,3890,1
Página13,21,,3653,7920,132,3611,8671,3891,1
Página13,21,,3653,7920,131,3606,8673,3891,1
Página13,21,,3649,7930,131,3595,8674,3892,1
Página13,21,,3648,7929,131,3601,8675,3893,1
Página13,21,,3655,7928,132,3599,8677,3893,1
Página13,21,,3655,7928,131,3604,8679,3893,1
Página13,21,,3655,7928,131,3610,8680,3893,1
Página13,21,,3655,7928,131,3606,8680,3894,1
Página13,21,,3654,7926,131,3603,8681,3895,1
Página13,21,,3656,7961,131,3597,8643,3887,1
Página13,21,,3656,7960,131,3599,8645,3887,1
Página13,21,,3652,7921,131,3599,8673,3887,1
Página13,21,,3652,7913,131,3599,8680,3887,1
Página13,21,,3650,7899,131,3601,8673,3884,1
Página13,21,,3650,7897,131,3604,8678,3889,1
Página13,21,,3653,7945,131,3599,8638,3889,1
Página13,21,,3652,7952,131,3598,8636,3889,1
Página13,21,,3648,7967,131,3599,8627,3888,1
Página13,21,,3648,7968,131,3598,8627,3888,1
Página13,21,,3650,7967,131,3599,8634,3890,1
Página13,21,,3653,7965,131,3606,8632,3888,1
Página13,21,,3649,7917,131,3608,8664,3887,1
Página13,21,,3649,7911,131,3599,8667,3887,1
Página13,21,,3649,7909,131,3600,8670,3886,1
Página13,21,,3651,7908,131,3596,8674,3880,1
Página13,21,,3648,7895,131,3601,8671,3887,1
Página13,21,,3648,7908,131,3599,8670,3886,1
Página13,21,,3635,7909,131,3602,8669,3885,1
Página13,21,,3647,7907,131,3599,8668,3880,1
Página13,21,,3647,7910,131,3608,8669,3881,1
Página13,21,,3648,7913,131,3608,8658,3886,1
Página13,21,,3649,7913,131,3605,8662,3886,1
Página13,21,,3649,7904,131,3599,8671,3887,1
Página13,21,,3647,7901,131,3604,8666,3885,1
Página13,21,,3650,7922,131,3601,8675,3880,1
Página13,21,,3641,7912,133,3612,8665,3884,1
Página13,21,,3646,7911,133,3606,8663,3881,1
Página13,21,,3647,7916,132,3607,8663,3882,1
Página13,21,,3646,7911,132,3601,8658,3882,1
Página13,21,,3646,7913,132,3611,8658,3882,1
Página13,21,,3649,7950,132,3608,8629,3882,1
Página13,21,,3645,7965,132,3604,8628,3883,1
Página13,21,,3648,7975,131,3605,8638,3888,1
Página13,21,,3653,7969,132,3607,8635,3887,1
Página13,21,,3654,7973,132,3605,8633,3886,1
Página13,21,,3652,7972,132,3606,8627,3885,1
Página13,21,,3652,7969,132,3608,8630,3885,1
Página13,21,,3653,7971,131,3606,8624,3884,1
Página13,21,,3652,7975,131,3605,8624,3885,1
Página13,21,,3653,7973,131,3604,8624,3884,1
Página13,21,,3653,7974,132,3606,8623,3885,1
Página13,21,,3653,7974,131,3605,8624,3885,1
Página13,21,,3653,7976,132,3609,8622,3885,1
Página13,21,,3654,7977,131,3608,8626,3882,1
Página13,21,,3654,7976,131,3608,8626,3882,1
Página13,21,,3655,7975,132,3605,8618,3887,1
Página13,21,,3655,7965,131,3606,8630,3887,1
Página13,21,,3656,7968,132,3608,8632,3889,1
Página13,21,,3659,7972,132,3603,8639,3889,1
Página13,21,,3658,7979,132,3606,8636,3892,1
Página13,21,,3659,7979,132,3608,8636,3891,1
Página13,21,,3657,7973,131,3609,8633,3891,1
Página13,21,,3658,7966,132,3612,8644,3892,1
Página13,21,,3658,7987,132,3608,8632,3893,1
Página13,21,,3662,7982,132,3606,8638,3895,1
Página13,21,,3665,7984,132,3613,8634,3894,1
Página13,21,,3666,7984,132,3606,8636,3895,1
Página13,21,,3666,7975,132,3603,8644,3895,1
Página13,21,,3666,7976,133,3610,8645,3896,1
Página13,21,,3667,7986,132,3609,8642,3898,1
Página13,21,,3668,7989,132,3609,8632,3898,1
Página13,21,,3669,7990,131,3605,8633,3899,1
Página13,21,,3669,7990,131,3605,8639,3900,1
Página13,21,,3670,7983,132,3607,8643,3900,1
Página13,21,,3671,7985,132,3610,8642,3901,1
Página13,21,,3666,7983,132,3612,8634,3896,1
Página13,21,,3665,7980,132,3612,8634,3896,1
Página13,21,,3664,7974,132,3610,8632,3893,1
Página13,21,,3662,7960,132,3612,8627,3893,1
Página13,21,,3662,7984,131,3615,8626,3892,1
Página13,21,,3663,7980,132,3614,8626,3892,1
Página13,21,,3663,7980,133,3612,8626,3892,1
Página13,21,,3662,7980,132,3612,8626,3892,1
Página13,21,,3661,7977,132,3616,8624,3885,1
Página13,21,,3661,7977,132,3613,8626,3885,1
Página13,21,,3661,7978,132,3611,8618,3891,1
Página13,21,,3661,7977,132,3611,8620,3890,1
Página13,21,,3660,7965,132,3612,8625,3889,1
Página13,21,,3660,7965,132,3611,8626,3888,1
Página13,21,,3660,7945,132,3622,8647,3889,1
Página13,21,,3658,7935,134,3658,8665,3890,1
Página13,21,,3655,7943,133,3612,8643,3885,1
Página13,21,,3654,7941,133,3609,8645,3884,1
Página13,21,,3654,7945,133,3625,8645,3885,1
Página13,21,,3653,7944,133,3622,8642,3883,1
Página13,21,,3654,7943,133,3621,8646,3883,1
Página13,21,,3649,7892,132,3613,8683,3883,1
Página13,21,,3648,7889,132,3610,8686,3883,1
Página13,21,,3651,7915,132,3610,8667,3882,1
Página13,21,,3649,7908,132,3611,8665,3881,1
Página13,21,,3649,7905,132,3618,8665,3880,1
Página13,21,,3648,7900,132,3612,8661,3875,1
Página13,21,,3651,7951,132,3617,8640,3875,1
Página13,21,,3648,7897,132,3612,8663,3880,1
Página13,21,,3646,7874,132,3616,8678,3879,1
Página13,21,,3647,7869,132,3614,8690,3882,1
Página13,21,,3645,7855,132,3614,8692,3879,1
Página13,21,,3643,7874,132,3620,8687,3881,1
Página13,21,,3646,7886,132,3619,8686,3883,1
Página13,21,,3650,7883,132,3613,8717,3886,1
Página13,21,,3651,7871,132,3614,8715,3886,1
Página13,21,,3651,7864,132,3614,8723,3888,1
Página13,21,,3652,7873,133,3621,8721,3888,1
Página13,21,,3652,7799,132,3618,8750,3888,1
Página13,21,,3649,7842,132,3614,8744,3886,1
Página13,21,,3645,7832,132,3616,8739,3884,1
Página13,21,,3647,7846,132,3613,8725,3882,1
Página13,21,,3647,7846,132,3618,8724,3883,1
Página13,21,,3648,7876,132,3614,8699,3877,1
Página13,21,,3647,7882,132,3613,8680,3882,1
Página13,21,,3647,7877,133,3612,8690,3882,1
Página13,21,,3649,7901,132,3614,8669,3882,1
Página13,21,,3648,7901,132,3615,8665,3881,1
Página13,21,,3648,7906,133,3615,8662,3879,1
Página13,21,,3650,7927,132,3610,8656,3879,1
Página13,21,,3645,7890,132,3612,8682,3879,1
Página13,21,,3646,7892,132,3613,8688,3879,1
Página13,21,,3644,7882,132,3619,8675,3877,1
Página13,21,,3645,7898,132,3609,8674,3877,1
Página13,21,,3648,7938,132,3602,8645,3877,1
Página13,21,,3645,7903,132,3605,8669,3876,1
Página13,21,,3644,7859,133,3622,8673,3872,1
Página13,21,,3645,7905,132,3620,8663,3873,1
Página13,21,,3644,7909,132,3617,8651,3875,1
Página13,21,,3646,7921,132,3617,8642,3876,1
Página13,21,,3644,7909,132,3612,8644,3875,1
Página13,21,,3639,7904,132,3612,8660,3874,1
Página13,21,,3644,7910,132,3609,8654,3874,1
Página13,21,,3646,7941,132,3604,8639,3873,1
Página13,21,,3641,7888,133,3612,8658,3873,1
Página13,21,,3639,7894,132,3614,8673,3876,1
Página13,21,,3644,7905,132,3604,8667,3875,1
Página13,21,,3643,7902,132,3606,8665,3874,1
Página13,21,,3643,7900,133,3620,8664,3874,1
Página13,21,,3646,7931,133,3624,8638,3873,1
Página13,21,,3645,7936,132,3616,8639,3874,1
Página13,21,,3645,7937,133,3613,8634,3873,1
Página13,21,,3642,7920,133,3608,8647,3872,1
Página13,21,,3639,7862,133,3617,8677,3871,1
Página13,21,,3641,7904,133,3618,8657,3870,1
Página13,21,,3639,7869,133,3612,8659,3870,1
Página13,21,,3637,7899,133,3608,8659,3870,1
Página13,21,,3641,7905,133,3622,8650,3870,1
Página13,21,,3643,7911,133,3628,8656,3873,1
Página13,21,,3641,7913,133,3620,8648,3871,1
Página13,21,,3641,7905,132,3619,8653,3872,1
Página13,21,,3642,7905,133,3621,8656,3872,1
Página13,21,,3645,7896,133,3629,8673,3876,1
Página13,21,,3648,7918,133,3620,8665,3879,1
Página13,21,,3648,7908,133,3634,8678,3880,1
Página13,21,,3649,7897,133,3624,8693,3875,1
Página13,21,,3650,7891,133,3628,8697,3877,1
Página13,21,,3650,7890,133,3626,8701,3878,1
Página13,21,,3656,7893,133,3620,8695,3883,1
Página13,21,,3652,7891,133,3623,8701,3885,1
Página13,21,,3652,7885,132,3622,8707,3884,1
Página13,21,,3656,7929,133,3631,8677,3886,1
Página13,21,,3660,7943,134,3633,8666,3887,1
Página13,21,,3658,7945,133,3622,8663,3887,1
Página13,21,,3660,7949,134,3624,8662,3888,1
Página13,21,,3661,7952,133,3626,8662,3888,1
Página13,21,,3660,7950,134,3633,8664,3889,1
Página13,21,,3661,7941,133,3627,8674,3889,1
Página13,21,,3660,7924,133,3625,8696,3893,1
Página13,21,,3661,7929,134,3630,8684,3885,1
Página13,21,,3656,7919,133,3628,8674,3884,1
Página13,21,,3654,7903,134,3626,8666,3883,1
Página13,21,,3652,7906,134,3628,8667,3882,1
Página13,21,,3652,7911,133,3627,8659,3881,1
Página13,21,,3652,7907,133,3625,8664,3881,1
Página13,21,,3650,7911,133,3623,8673,3882,1
Página13,21,,3654,7925,132,3621,8667,3881,1
Página13,21,,3654,7926,133,3625,8669,3880,1
Página13,21,,3652,7918,133,3628,8668,3879,1
Página13,21,,3651,7898,133,3623,8688,3875,1
Página13,21,,3649,7898,133,3624,8682,3878,1
Página13,21,,3650,7907,133,3628,8671,3878,1
Página13,21,,3649,7905,134,3636,8677,3878,1
Página13,21,,3650,7910,134,3637,8672,3875,1
Página13,21,,3651,7912,133,3625,8679,3873,1
Página13,21,,3650,7903,133,3624,8685,3880,1
Página13,21,,3650,7920,133,3625,8669,3877,1
Página13,21,,3650,7923,133,3625,8667,3876,1
Página13,21,,3648,7918,133,3625,8670,3876,1
Página13,21,,3650,7933,133,3625,8661,3876,1
Página13,21,,3651,7934,133,3630,8664,3878,1
Página13,21,,3652,7918,133,3626,8673,3877,1
Página13,21,,3653,7934,133,3626,8669,3878,1
Página13,21,,3651,7923,134,3637,8670,3876,1
Página13,21,,3651,7926,133,3638,8667,3876,1
Página13,21,,3650,7919,133,3628,8675,3877,1
Página13,21,,3652,7927,134,3636,8676,3879,1
Página13,21,,3649,7913,133,3622,8678,3876,1
Página13,21,,3652,7931,134,3626,8673,3878,1
Página13,21,,3649,7923,134,3622,8665,3873,1
Página13,21,,3648,7921,133,3624,8661,3873,1
Página13,21,,3647,7907,133,3627,8671,3874,1
Página13,21,,3650,7927,134,3631,8663,3875,1
Página13,21,,3646,7925,133,3634,8684,3877,1
Página13,21,,3652,7923,133,3632,8683,3877,1
Página13,21,,3650,7932,133,3625,8668,3875,1
Página13,21,,3650,7933,134,3629,8669,3876,1
Página13,21,,3649,7928,133,3625,8666,3874,1
Página13,21,,3649,7929,133,3632,8671,3875,1
Página13,21,,3649,7919,133,3630,8670,3874,1
Página13,21,,3649,7927,134,3632,8666,3874,1
Página13,21,,3650,7938,133,3625,8657,3873,1
Página13,21,,3650,7945,134,3625,8657,3874,1
Página13,21,,3651,7948,134,3637,8656,3874,1
Página13,21,,3650,7945,134,3637,8656,3873,1
Página13,21,,3651,7947,134,3638,8656,3874,1
Página13,21,,3652,7945,134,3640,8657,3874,1
Página13,21,,3651,7942,134,3640,8660,3874,1
Página13,21,,3652,7950,134,3640,8657,3875,1
Página13,21,,3652,7948,134,3639,8662,3876,1
Página13,21,,3652,7951,134,3640,8658,3874,1
Página13,21,,3652,7954,133,3631,8662,3875,1
Página13,21,,3653,7956,133,3628,8663,3876,1
Página13,21,,3655,7956,134,3636,8663,3874,1
Página13,21,,3653,7949,134,3631,8666,3876,1
Página13,21,,3653,7951,133,3635,8664,3876,1
Página13,21,,3653,7953,133,3630,8661,3875,1
Página13,21,,3652,7951,134,3633,8662,3876,1
Página13,21,,3652,7950,134,3630,8659,3876,1
Página13,21,,3652,7951,134,3632,8658,3876,1
Página13,21,,3654,7955,134,3627,8663,3878,1
Página13,21,,3652,7953,134,3630,8658,3875,1
Página13,21,,3652,7952,133,3627,8659,3870,1
Página13,21,,3655,7952,134,3638,8660,3870,1
Página13,21,,3653,7952,134,3635,8661,3874,1
Página13,21,,3652,7950,134,3629,8660,3874,1
Página13,21,,3652,7950,133,3632,8660,3874,1
Página13,21,,3652,7949,133,3630,8659,3874,1
Página13,21,,3654,7953,133,3632,8661,3874,1
Página13,21,,3654,7949,134,3632,8663,3875,1
Página13,21,,3654,7952,134,3634,8664,3876,1
Página13,21,,3656,7953,134,3633,8668,3877,1
Página13,21,,3654,7951,134,3637,8664,3876,1
Página13,21,,3656,7954,133,3635,8670,3878,1
Página13,21,,3661,7956,134,3633,8673,3881,1
Página13,21,,3655,7953,133,3631,8667,3879,1
Página13,21,,3656,7952,134,3633,8667,3872,1
Página13,21,,3655,7951,133,3630,8669,3874,1
Página13,21,,3657,7951,134,3631,8668,3879,1
Página13,21,,3661,7972,134,3632,8663,3885,1
Página13,21,,3666,7982,134,3635,8676,3887,1
Página13,21,,3665,7978,134,3640,8676,3887,1
Página13,21,,3666,7982,134,3635,8678,3888,1
Página13,21,,3667,7980,134,3633,8671,3889,1
Página13,21,,3668,7968,135,3631,8682,3890,1
Página13,21,,3666,7960,135,3631,8679,3889,1
Página13,21,,3667,7984,135,3631,8673,3888,1
Página13,21,,3669,7985,134,3635,8677,3890,1
Página13,21,,3664,7975,134,3644,8667,3884,1
Página13,21,,3662,7972,135,3644,8661,3881,1
Página13,21,,3662,7973,134,3630,8661,3883,1
Página13,21,,3661,7973,134,3637,8658,3882,1
Página13,21,,3663,7975,134,3632,8659,3877,1
Página13,21,,3661,7974,134,3633,8650,3881,1
Página13,21,,3660,7964,134,3634,8657,3881,1
Página13,21,,3662,7965,134,3633,8660,3881,1
Página13,21,,3660,7960,135,3640,8657,3880,1
Página13,21,,3659,7973,134,3630,8657,3880,1
Página13,21,,3659,7968,134,3641,8656,3880,1
Página13,21,,3658,7967,134,3642,8654,3879,1
Página13,21,,3659,7967,134,3638,8654,3878,1
Página13,21,,3658,7969,135,3638,8653,3877,1
Página13,21,,3661,7975,133,3639,8658,3882,1
Página13,21,,3661,7973,134,3635,8655,3880,1
Página13,21,,3659,7970,134,3636,8654,3879,1
Página13,21,,3659,7970,133,3637,8655,3878,1
Página13,21,,3660,7973,134,3638,8657,3875,1
Página13,21,,3658,7969,134,3632,8655,3874,1
Página13,21,,3659,7966,133,3637,8652,3879,1
Página13,21,,3666,7981,134,3638,8663,3886,1
Página13,21,,3665,7968,133,3637,8676,3885,1
Página13,21,,3662,7951,134,3635,8680,3881,1
Página13,21,,3659,7961,134,3644,8664,3879,1
Página13,21,,3655,7972,134,3644,8659,3879,1
Página13,21,,3660,7969,134,3643,8660,3878,1
Página13,21,,3659,7958,134,3633,8672,3879,1
Página13,21,,3657,7964,134,3633,8660,3876,1
Página13,21,,3657,7956,133,3633,8666,3877,1
Página13,21,,3658,7978,134,3635,8663,3876,1
Página13,21,,3657,7968,134,3635,8659,3875,1
Página13,21,,3657,7960,134,3634,8667,3876,1
Página13,21,,3658,7967,134,3636,8663,3875,1
Página13,21,,3658,7971,134,3641,8665,3876,1
Página13,21,,3661,7972,134,3647,8674,3879,1
Página13,21,,3660,7968,134,3640,8672,3878,1
Página13,21,,3660,7966,135,3641,8671,3877,1
Página13,21,,3659,7965,133,3638,8672,3877,1
Página13,21,,3659,7964,134,3639,8673,3877,1
Página13,21,,3658,7965,134,3639,8671,3876,1
Página13,21,,3660,7963,134,3642,8671,3876,1
Página13,21,,3657,7960,134,3643,8670,3875,1
Página13,21,,3658,7962,134,3637,8670,3875,1
Página13,21,,3658,7964,134,3636,8668,3875,1
Página13,21,,3659,7966,134,3641,8671,3875,1
Página13,21,,3658,7969,134,3639,8672,3875,1
Página13,21,,3658,7967,134,3642,8668,3876,1
Página13,21,,3659,7967,135,3641,8671,3875,1
Página13,21,,3659,7962,134,3640,8672,3870,1
Página13,21,,3658,7964,134,3637,8670,3870,1
Página13,21,,3658,7960,135,3635,8671,3875,1
Página13,21,,3659,7959,135,3637,8675,3874,1
Página13,21,,3656,7951,134,3635,8675,3873,1
Página13,21,,3658,7957,135,3662,8674,3873,1
Página13,21,,3656,7939,135,3663,8673,3873,1
Página13,21,,3656,7952,135,3658,8676,3872,1
Página13,21,,3656,7949,135,3648,8682,3873,1
Página13,21,,3658,7946,134,3643,8693,3877,1
Página13,21,,3657,7949,135,3643,8676,3874,1
Página13,21,,3658,7938,134,3651,8689,3876,1
Página13,21,,3659,7931,135,3638,8698,3877,1
Página13,21,,3660,7937,135,3640,8699,3877,1
Página13,21,,3656,7940,134,3643,8693,3875,1
Página13,21,,3657,7941,133,3634,8699,3875,1
Página13,21,,3659,7943,134,3628,8696,3875,1
Página13,21,,3658,7942,135,3635,8697,3874,1
Página13,21,,3660,7940,134,3645,8705,3876,1
Página13,21,,3658,7947,134,3638,8697,3875,1
Página13,21,,3660,7951,134,3638,8697,3876,1
Página13,21,,3660,7953,134,3644,8694,3875,1
Página13,21,,3661,7960,135,3639,8693,3876,1
Página13,21,,3662,7962,134,3643,8692,3876,1
Página13,21,,3661,7960,134,3639,8691,3875,1
Página13,21,,3662,7963,135,3645,8691,3877,1
Página13,21,,3660,7957,134,3643,8680,3875,1
Página13,21,,3663,7956,135,3642,8694,3876,1
Página13,21,,3661,7950,135,3641,8691,3875,1
Página13,21,,3661,7945,134,3643,8691,3875,1
Página13,21,,3662,7962,135,3643,8701,3879,1
Página13,21,,3659,7958,135,3641,8696,3878,1
Página13,21,,3661,7955,134,3641,8692,3876,1
Página13,21,,3661,7954,134,3640,8694,3874,1
Página13,21,,3661,7953,134,3639,8692,3875,1
Página13,21,,3662,7953,135,3639,8697,3876,1
Página13,21,,3662,7955,135,3638,8696,3877,1
Página13,21,,3661,7952,134,3640,8700,3875,1
Página13,21,,3659,7931,135,3639,8716,3875,1
Página13,21,,3662,7929,135,3641,8734,3880,1
Página13,21,,3662,7932,135,3648,8727,3878,1
Página13,21,,3653,7907,134,3641,8741,3876,1
Página13,21,,3655,7926,134,3634,8727,3876,1
Página13,21,,3656,7919,134,3638,8739,3879,1
Página13,21,,3662,7924,135,3643,8732,3878,1
Página13,21,,3661,7922,134,3644,8747,3877,1
Página13,21,,3660,7902,134,3644,8751,3877,1
Página13,21,,3661,7920,135,3642,8736,3877,1
Página13,21,,3661,7923,134,3648,8736,3877,1
Página13,21,,3661,7925,135,3645,8736,3878,1
Página13,21,,3662,7925,135,3639,8737,3878,1
Página13,21,,3667,7928,135,3640,8758,3883,1
Página13,21,,3662,7933,134,3645,8730,3877,1
Página13,21,,3662,7928,135,3646,8734,3877,1
Página13,21,,3660,7915,135,3648,8740,3876,1
Página13,21,,3660,7907,135,3650,8747,3876,1
Página13,21,,3660,7918,135,3653,8738,3877,1
Página13,21,,3661,7913,136,3655,8738,3876,1
Página13,21,,3660,7892,136,3658,8757,3877,1
Página13,21,,3660,7910,137,3666,8750,3876,1
Página13,21,,3661,7921,138,3666,8742,3875,1
Página13,21,,3660,7906,137,3668,8755,3874,1
Página13,21,,3659,7899,137,3670,8756,3874,1
Página13,21,,3658,7886,136,3669,8768,3875,1
Página13,21,,3663,7892,136,3669,8783,3876,1
Página13,21,,3657,7865,137,3672,8789,3876,1
Página13,21,,3658,7870,136,3668,8786,3876,1
Página13,21,,3660,7877,136,3668,8783,3877,1
Página13,21,,3660,7878,136,3668,8779,3876,1
Página13,21,,3665,7906,136,3674,8773,3881,1
Página13,21,,3665,7907,135,3658,8771,3881,1
Página13,21,,3667,7927,136,3663,8759,3883,1
Página13,21,,3666,7927,136,3657,8749,3874,1
Página13,21,,3667,7931,136,3658,8747,3876,1
Página13,21,,3667,7932,136,3661,8746,3875,1
Página13,21,,3662,7931,136,3650,8747,3880,1
Página13,21,,3662,7931,137,3665,8749,3881,1
Página13,21,,3666,7912,136,3664,8763,3882,1
Página13,21,,3668,7908,137,3662,8775,3885,1
Página13,21,,3672,7950,136,3666,8758,3883,1
Página13,21,,3674,7951,136,3668,8758,3887,1
Página13,21,,3676,7947,136,3659,8766,3890,1
Página13,21,,3676,7944,136,3651,8770,3890,1
Página13,21,,3676,7944,136,3651,8771,3892,1
Página13,21,,3677,7941,136,3650,8783,3894,1
Página13,21,,3680,7954,136,3657,8773,3890,1
Página13,21,,3679,7936,136,3659,8778,3895,1
Página13,21,,3680,7948,135,3641,8764,3895,1
Página13,21,,3682,7946,135,3649,8771,3897,1
Página13,21,,3681,7940,135,3647,8783,3898,1
Página13,21,,3683,7942,135,3647,8772,3899,1
Página13,21,,3684,7931,135,3647,8786,3901,1
Página13,21,,3683,7910,135,3644,8790,3902,1
Página13,21,,3684,7927,136,3644,8788,3902,1
Página13,21,,3683,7915,135,3639,8796,3900,1
Página13,21,,3687,7939,135,3641,8789,3905,1
Página13,21,,3681,7937,135,3644,8769,3897,1
Página13,21,,3680,7934,134,3647,8765,3895,1
Página13,21,,3678,7933,135,3645,8760,3894,1
Página13,21,,3677,7934,135,3646,8758,3893,1
Página13,21,,3679,7936,135,3639,8756,3893,1
Página13,21,,3681,7962,135,3644,8739,3893,1
Página13,21,,3677,7961,135,3644,8729,3890,1
Página13,21,,3674,7925,135,3649,8759,3889,1
Página13,21,,3674,7936,135,3641,8750,3889,1
Página13,21,,3674,7936,135,3637,8748,3888,1
Página13,21,,3675,7945,135,3638,8743,3883,1
Página13,21,,3674,7950,134,3640,8749,3886,1
Página13,21,,3675,7949,135,3644,8733,3889,1
Página13,21,,3673,7943,135,3642,8731,3886,1
Página13,21,,3673,7947,135,3645,8729,3887,1
Página13,21,,3674,7941,135,3649,8730,3886,1
Página13,21,,3676,7952,134,3643,8743,3885,1
Página13,21,,3673,7945,135,3643,8748,3886,1
Página13,21,,3674,7953,135,3655,8739,3885,1
Página13,21,,3673,7952,135,3652,8744,3885,1
Página13,21,,3671,7949,136,3647,8743,3877,1
Página13,21,,3669,7945,136,3633,8742,3881,1
Página13,21,,3669,7946,135,3640,8743,3881,1
Página13,21,,3670,7950,135,3647,8745,3881,1
Página13,21,,3669,7951,135,3640,8745,3881,1
Página13,21,,3670,7951,135,3638,8747,3881,1
Página13,21,,3677,7965,135,3643,8760,3888,1
Página13,21,,3672,7954,135,3647,8748,3883,1
Página13,21,,3678,7969,135,3642,8765,3890,1
Página13,21,,3680,7972,135,3644,8763,3884,1
Página13,21,,3680,7972,135,3643,8763,3885,1
Página13,21,,3679,7971,135,3645,8760,3885,1
Página13,21,,3673,7957,135,3641,8747,3877,1
Página13,21,,3674,7956,135,3640,8746,3880,1
Página13,21,,3674,7956,135,3639,8746,3882,1
Página13,21,,3672,7953,135,3639,8745,3883,1
Página13,21,,3672,7957,135,3643,8744,3882,1
Página13,21,,3671,7956,135,3642,8742,3882,1
Página13,21,,3671,7958,134,3639,8743,3882,1
Página13,21,,3672,7959,134,3642,8743,3882,1
Página13,21,,3671,7960,134,3637,8739,3880,1
Página13,21,,3672,7970,134,3642,8735,3881,1
Página13,21,,3672,7977,135,3632,8727,3880,1
Página13,21,,3673,7981,135,3648,8727,3882,1
Página13,21,,3671,7989,135,3647,8727,3881,1
Página13,21,,3674,7987,136,3651,8725,3881,1
Página13,21,,3674,7991,135,3644,8722,3881,1
Página13,21,,3673,7988,135,3643,8723,3880,1
Página13,21,,3674,7990,135,3644,8725,3877,1
Página13,21,,3673,7988,135,3644,8730,3877,1
Página13,21,,3675,7995,135,3640,8723,3882,1
Página13,21,,3673,7995,134,3637,8717,3880,1
Página13,21,,3677,8019,134,3641,8709,3883,1
Página13,21,,3682,8029,135,3646,8714,3885,1
Página13,21,,3675,8013,134,3642,8709,3881,1
Página13,21,,3674,8013,135,3643,8707,3880,1
Página13,21,,3675,8012,135,3645,8708,3881,1
Página13,21,,3675,8015,135,3641,8705,3880,1
Página13,21,,3675,8013,134,3633,8708,3880,1
Página13,21,,3675,8015,135,3639,8712,3882,1
Página13,21,,3676,8014,135,3653,8698,3880,1
Página13,21,,3675,8007,136,3651,8704,3880,1
Página13,21,,3676,8011,135,3656,8706,3881,1
Página13,21,,3676,8005,135,3646,8712,3881,1
Página13,21,,3681,8011,135,3650,8710,3880,1
Página13,21,,3678,8021,135,3649,8709,3881,1
Página13,21,,3669,8027,135,3648,8717,3881,1
Página13,21,,3669,8025,135,3653,8712,3881,1
Página13,21,,3669,8026,135,3647,8713,3881,1
Página13,21,,3666,7988,135,3643,8741,3882,1
Página13,21,,3666,7978,135,3647,8751,3881,1
Página13,21,,3666,7979,135,3646,8749,3882,1
Página13,21,,3668,8005,135,3642,8732,3882,1
Página13,21,,3669,8022,136,3660,8719,3881,1
Página13,21,,3669,8024,136,3658,8717,3881,1
Página13,21,,3669,8017,137,3657,8713,3883,1
Página13,21,,3675,8025,136,3645,8733,3888,1
Página13,21,,3671,8021,136,3639,8724,3876,1
Página13,21,,3666,7970,135,3640,8751,3882,1
Página13,21,,3670,8011,136,3645,8719,3882,1
Página13,21,,3668,8023,135,3642,8715,3882,1
Página13,21,,3667,8024,135,3640,8715,3882,1
Página13,21,,3663,8024,135,3636,8715,3881,1
Página13,21,,3669,8026,135,3639,8716,3882,1
Página13,21,,3670,8025,136,3648,8715,3881,1
Página13,21,,3669,8025,136,3646,8714,3881,1
Página13,21,,3669,8026,135,3647,8715,3881,1
Página13,21,,3670,8028,136,3644,8717,3882,1
Página13,21,,3670,8029,135,3649,8717,3882,1
Página13,21,,3671,8030,136,3645,8717,3881,1
Página13,21,,3669,8027,135,3643,8717,3882,1
Página13,21,,3669,8029,136,3646,8717,3882,1
Página13,21,,3669,8030,136,3646,8716,3881,1
Página13,21,,3667,7976,136,3642,8762,3884,1
Página13,21,,3668,8000,136,3642,8733,3883,1
Página13,21,,3668,7998,136,3649,8735,3882,1
Página13,21,,3669,8008,136,3642,8734,3882,1
Página13,21,,3668,8007,135,3641,8735,3881,1
Página13,21,,3669,8011,136,3645,8740,3884,1
Página13,21,,3668,8007,136,3646,8744,3885,1
Página13,21,,3671,8005,135,3642,8744,3884,1
Página13,21,,3668,7998,135,3642,8741,3884,1
Página13,21,,3668,7994,135,3648,8743,3883,1
Página13,21,,3669,8003,135,3643,8735,3883,1
Página13,21,,3671,7998,136,3650,8742,3884,1
Página13,21,,3669,8006,136,3653,8735,3884,1
Página13,21,,3669,8005,135,3643,8735,3882,1
Página13,21,,3671,8009,135,3645,8739,3883,1
Página13,21,,3670,8005,135,3647,8736,3883,1
Página13,21,,3669,8006,135,3637,8738,3885,1
Página13,21,,3670,8008,135,3635,8740,3884,1
Página13,21,,3673,8011,136,3648,8746,3886,1
Página13,21,,3672,8007,135,3641,8747,3886,1
Página13,21,,3672,8008,136,3640,8748,3885,1
Página13,21,,3671,8000,136,3636,8751,3886,1
Página13,21,,3671,8001,135,3636,8736,3886,1
Página13,21,,3670,7987,135,3631,8743,3885,1
Página13,21,,3671,8005,136,3633,8734,3884,1
Página13,21,,3671,8004,135,3630,8739,3885,1
Página13,21,,3672,7985,136,3638,8743,3886,1
Página13,21,,3671,8000,135,3631,8748,3884,1
Página13,21,,3670,8009,135,3636,8737,3884,1
Página13,21,,3670,8002,136,3632,8742,3885,1
Página13,21,,3672,7999,135,3644,8753,3887,1
Página13,21,,3673,8014,136,3642,8733,3886,1
Página13,21,,3676,8031,136,3640,8736,3887,1
Página13,21,,3672,8013,136,3641,8722,3885,1
Página13,21,,3673,8022,136,3641,8731,3886,1
Página13,21,,3676,8027,135,3641,8734,3887,1
Página13,21,,3674,8027,136,3642,8725,3885,1
Página13,21,,3674,8029,135,3628,8728,3881,1
Página13,21,,3674,8026,136,3639,8728,3887,1
Página13,21,,3672,8005,137,3637,8729,3886,1
Página13,21,,3671,8021,136,3635,8730,3885,1
Página13,21,,3671,7987,136,3639,8765,3887,1
Página13,21,,3670,7957,136,3640,8796,3887,1
Página13,21,,3671,7953,136,3630,8800,3888,1
Página13,21,,3671,7953,136,3637,8796,3889,1
Página13,21,,3671,7953,136,3629,8794,3889,1
Página13,21,,3669,7944,136,3641,8788,3887,1
Página13,21,,3669,7942,136,3641,8789,3888,1
Página13,21,,3670,7942,136,3641,8796,3887,1
Página13,21,,3671,7937,135,3643,8808,3890,1
Página13,21,,3670,7951,136,3633,8821,3895,1
Página13,21,,3672,7954,135,3632,8826,3896,1
Página13,21,,3675,7946,135,3631,8839,3899,1
Página13,21,,3680,7959,135,3632,8834,3900,1
Página13,21,,3681,7958,135,3634,8841,3902,1
Página13,21,,3685,7963,135,3632,8848,3905,1
Página13,21,,3687,7948,136,3642,8866,3907,1
Página13,21,,3686,7958,135,3636,8850,3905,1
Página13,21,,3689,7975,135,3630,8837,3908,1
Página13,21,,3690,7972,136,3640,8856,3908,1
Página13,21,,3692,7977,136,3636,8843,3906,1
Página13,21,,3692,7971,136,3637,8848,3907,1
Página13,21,,3693,7970,136,3638,8848,3907,1
Página13,21,,3695,7983,136,3633,8843,3908,1
Página13,21,,3693,7967,136,3633,8846,3912,1
Página13,21,,3694,7968,136,3634,8855,3915,1
Página13,21,,3696,7978,136,3636,8848,3915,1
Página13,21,,3696,7982,136,3634,8847,3915,1
Página13,21,,3697,7985,135,3634,8845,3916,1
Página13,21,,3698,7987,136,3635,8849,3917,1
Página13,21,,3699,7983,136,3635,8856,3917,1
Página13,21,,3698,7978,136,3639,8855,3919,1
Página13,21,,3699,7976,136,3638,8856,3919,1
Página13,21,,3700,7981,136,3644,8865,3920,1
Página13,21,,3700,7983,136,3634,8852,3919,1
Página13,21,,3701,7989,136,3634,8846,3919,1
Página13,21,,3698,7987,136,3631,8837,3916,1
Página13,21,,3697,7984,136,3633,8837,3916,1
Página13,21,,3695,7978,136,3636,8832,3912,1
Página13,21,,3691,7953,136,3628,8844,3906,1
Página13,21,,3687,7938,135,3625,8856,3904,1
Página13,21,,3683,7951,135,3635,8836,3908,1
Página13,21,,3686,7950,136,3632,8838,3907,1
Página13,21,,3685,7942,136,3635,8847,3907,1
Página13,21,,3687,7954,136,3631,8834,3906,1
Página13,21,,3688,7959,136,3634,8838,3907,1
Página13,21,,3686,7947,136,3632,8848,3906,1
Página13,21,,3687,7954,136,3632,8842,3905,1
Página13,21,,3688,7965,135,3631,8842,3905,1
Página13,21,,3685,7959,136,3634,8832,3904,1
Página13,21,,3686,7972,136,3633,8818,3897,1
Página13,21,,3683,7961,136,3632,8820,3900,1
Página13,21,,3682,7963,136,3632,8817,3898,1
Página13,21,,3681,7958,136,3631,8819,3898,1
Página13,21,,3680,7954,137,3629,8822,3897,1
Página13,21,,3679,7957,137,3634,8819,3893,1
Página13,21,,3678,7956,136,3631,8811,3893,1
Página13,21,,3677,7954,136,3638,8812,3891,1
Página13,21,,3677,7948,136,3637,8823,3892,1
Página13,21,,3671,7947,137,3635,8828,3891,1
Página13,21,,3671,7941,136,3631,8844,3891,1
Página13,21,,3676,7956,135,3629,8821,3890,1
Página13,21,,3677,7961,136,3629,8823,3891,1
Página13,21,,3675,7954,135,3631,8829,3891,1
Página13,21,,3676,7950,136,3632,8832,3890,1
Página13,21,,3675,7963,135,3628,8820,3890,1
Página13,21,,3675,7960,136,3638,8822,3888,1
Página13,21,,3674,7955,135,3624,8825,3889,1
Página13,21,,3734,8072,136,3633,8971,3949,1
Página13,21,,3745,8084,138,3637,8971,3959,1
Página13,21,,3752,8088,138,3636,8980,3968,1
Página13,21,,3760,8091,138,3636,8994,3977,1
Página13,21,,3768,8096,138,3634,9004,3985,1
Página13,21,,3776,8110,138,3633,9007,3995,1
Página13,21,,3785,8128,138,3635,9017,4004,1
Página13,21,,3791,8133,138,3637,9025,4012,1
Página13,21,,3796,8131,137,3627,9032,4019,1
Página13,21,,3802,8137,138,3630,9035,4025,1
Página13,21,,3808,8134,138,3629,9047,4032,1
Página13,21,,3815,8146,138,3639,9050,4039,1
Página13,21,,3819,8146,138,3636,9055,4044,1
Página13,21,,3824,8140,139,3643,9063,4053,1
Página13,21,,3830,8155,138,3653,9068,4058,1
Página13,21,,3836,8160,138,3646,9070,4063,1
Página13,21,,3841,8167,138,3636,9078,4068,1
Página13,21,,3846,8170,138,3633,9080,4069,1
Página13,21,,3852,8174,139,3642,9074,4080,1
Página13,21,,3852,8174,138,3642,9072,4084,1
Página13,21,,3858,8181,138,3635,9079,4090,1
Página13,21,,3865,8187,139,3632,9093,4096,1
Página13,21,,3864,8181,139,3653,9089,4094,1
Página13,21,,3866,8180,139,3643,9090,4098,1
Página13,21,,3869,8183,140,3649,9094,4102,1
Página13,21,,3870,8183,139,3647,9090,4104,1
Página13,21,,3872,8184,140,3646,9092,4107,1
Página13,21,,3876,8186,139,3641,9096,4109,1
Página13,21,,3878,8187,140,3651,9098,4113,1
Página13,21,,3881,8191,140,3646,9098,4115,1
Página13,21,,3882,8188,139,3645,9099,4116,1
Página13,21,,3883,8188,140,3653,9098,4118,1
Página13,21,,3885,8190,140,3649,9100,4122,1
Página13,21,,3887,8191,140,3642,9100,4123,1
Página13,21,,3888,8194,140,3647,9098,4126,1
Página13,21,,3890,8199,139,3642,9098,4126,1
Página13,21,,3895,8199,139,3643,9110,4133,1
Página13,21,,3896,8212,140,3650,9094,4129,1
Página13,21,,3894,8211,139,3639,9088,4132,1
Página13,21,,3895,8215,140,3639,9085,4133,1
Página13,21,,3897,8219,140,3640,9081,4135,1
Página13,21,,3898,8228,139,3631,9079,4137,1
Página13,21,,3902,8235,140,3637,9074,4134,1
Página13,21,,3900,8223,140,3634,9066,4139,1
Página13,21,,3901,8229,140,3634,9070,4140,1
Página13,21,,3904,8239,140,3641,9078,4143,1
Página13,21,,3908,8249,140,3644,9076,4145,1
Página13,21,,3907,8244,140,3646,9073,4144,1
Página13,21,,3908,8240,140,3651,9080,4147,1
Página13,21,,3906,8237,140,3648,9073,4144,1
Página13,21,,3905,8238,140,3648,9078,4145,1
Página13,21,,3907,8242,141,3648,9063,4147,1
Página13,21,,3908,8242,141,3656,9061,4146,1
Página13,21,,3907,8243,140,3648,9064,4149,1
Página13,21,,3911,8244,140,3647,9075,4150,1
Página13,21,,3909,8229,140,3659,9080,4147,1
Página13,21,,3908,8236,140,3657,9081,4149,1
Página13,21,,3908,8236,140,3658,9078,4147,1
Página13,21,,3909,8235,140,3659,9082,4149,1
Página13,21,,3909,8234,140,3660,9086,4151,1
Página13,21,,3908,8225,141,3649,9087,4150,1
Página13,21,,3910,8235,141,3651,9085,4151,1
Página13,21,,3909,8237,140,3649,9080,4150,1
Página13,21,,3909,8238,140,3649,9082,4150,1
Página13,21,,3910,8239,140,3649,9079,4150,1
Página13,21,,3910,8240,140,3650,9079,4149,1
Página13,21,,3910,8242,140,3652,9082,4148,1
Página13,21,,3910,8240,140,3650,9066,4152,1
Página13,21,,3909,8234,140,3651,9076,4151,1
Página13,21,,3908,8227,141,3654,9076,4150,1
Página13,21,,3909,8234,141,3650,9076,4150,1
Página13,21,,3909,8243,140,3655,9078,4153,1
Página13,21,,3910,8238,141,3662,9078,4151,1
Página13,21,,3909,8239,140,3653,9081,4153,1
Página13,21,,3909,8240,140,3653,9081,4153,1
Página13,21,,3908,8239,140,3654,9078,4150,1
Página13,21,,3909,8238,140,3652,9080,4152,1
Página13,21,,3909,8237,140,3651,9069,4151,1
Página13,21,,3908,8239,140,3652,9068,4151,1
Página13,21,,3909,8242,141,3651,9068,4151,1
Página13,21,,3908,8238,140,3647,9076,4153,1
Página13,21,,3909,8230,140,3652,9081,4155,1
Página13,21,,3910,8232,140,3655,9086,4154,1
Página13,21,,3906,8242,140,3655,9092,4155,1
Página13,21,,3910,8241,140,3653,9089,4156,1
Página13,21,,3908,8241,140,3651,9080,4152,1
Página13,21,,3909,8233,140,3652,9095,4153,1
Página13,21,,3909,8244,140,3648,9083,4153,1
Página13,21,,3909,8240,140,3652,9082,4151,1
Página13,21,,3908,8245,140,3657,9078,4151,1
Página13,21,,3909,8249,141,3661,9082,4154,1
Página13,21,,3907,8247,141,3657,9077,4151,1
Página13,21,,3909,8252,141,3654,9084,4154,1
Página13,21,,3909,8246,140,3656,9080,4146,1
Página13,21,,3907,8241,140,3650,9082,4148,1
Página13,21,,3908,8227,140,3648,9087,4153,1
Página13,21,,3907,8241,141,3656,9069,4151,1
Página13,21,,3908,8243,141,3656,9068,4151,1
Página13,21,,3906,8240,140,3649,9078,4151,1
Página13,21,,3901,8230,141,3650,9075,4147,1
Página13,21,,3900,8222,141,3651,9085,4148,1
Página13,21,,3901,8226,141,3655,9087,4146,1
Página13,21,,3900,8227,141,3654,9080,4144,1
Página13,21,,3899,8230,140,3649,9078,4145,1
Página13,21,,3900,8232,140,3641,9081,4146,1
Página13,21,,3901,8239,140,3643,9084,4146,1
Página13,21,,3899,8236,140,3651,9080,4145,1
Página13,21,,3899,8235,140,3642,9081,4144,1
Página13,21,,3899,8235,140,3640,9081,4143,1
Página13,21,,3898,8226,140,3646,9088,4144,1
Página13,21,,3898,8235,139,3650,9080,4143,1
Página13,21,,3898,8234,140,3648,9083,4143,1
Página13,21,,3898,8237,140,3641,9082,4142,1
Página13,21,,3897,8228,140,3647,9088,4137,1
Página13,21,,3898,8241,140,3653,9080,4137,1
Página13,21,,3894,8220,140,3643,9078,4133,1
Página13,21,,3904,8241,141,3659,9104,4152,1
Página13,21,,3903,8239,140,3657,9101,4151,1
Página13,21,,3895,8215,139,3643,9090,4143,1
Página13,21,,3895,8220,140,3637,9090,4143,1
Página13,21,,3896,8218,139,3644,9091,4142,1
Página13,21,,3895,8218,139,3646,9083,4144,1
Página13,21,,3894,8229,140,3640,9075,4141,1
Página13,21,,3894,8230,139,3650,9076,4141,1
Página13,21,,3894,8226,140,3655,9077,4142,1
Página13,21,,3894,8223,139,3650,9084,4141,1
Página13,21,,3893,8211,140,3643,9089,4140,1
Página13,21,,3895,8227,139,3645,9077,4140,1
Página13,21,,3892,8223,139,3645,9081,4140,1
Página13,21,,3893,8231,139,3637,9074,4140,1
Página13,21,,3892,8229,139,3634,9076,4141,1
Página13,21,,3893,8234,139,3635,9078,4141,1
Página13,21,,3892,8224,139,3634,9078,4140,1
Página13,21,,3892,8223,139,3642,9081,4140,1
Página13,21,,3892,8222,140,3643,9082,4139,1
Página13,21,,3891,8217,139,3645,9086,4140,1
Página13,21,,3890,8200,140,3642,9102,4140,1
Página13,21,,3889,8198,140,3654,9104,4139,1
Página13,21,,3893,8208,141,3654,9106,4144,1
Página13,21,,3890,8200,140,3652,9103,4140,1
Página13,21,,3893,8207,140,3650,9111,4144,1
Página13,21,,3889,8181,140,3648,9122,4136,1
Página13,21,,3890,8177,140,3647,9115,4142,1
Página13,21,,3891,8184,140,3655,9117,4141,1
Página13,21,,3893,8207,140,3653,9098,4141,1
Página13,21,,3894,8221,139,3648,9087,4142,1
Página13,21,,3895,8234,139,3649,9087,4144,1
Página13,21,,3894,8237,140,3645,9096,4142,1
Página13,21,,3894,8235,140,3653,9099,4143,1
Página13,21,,3895,8244,139,3644,9084,4143,1
Página13,21,,3895,8241,140,3642,9087,4143,1
Página13,21,,3897,8255,140,3643,9075,4143,1
Página13,21,,3897,8256,140,3647,9075,4140,1
Página13,21,,3895,8253,140,3652,9074,4143,1
Página13,21,,3894,8244,140,3646,9077,4143,1
Página13,21,,3893,8238,139,3630,9088,4143,1
Página13,21,,3892,8235,140,3631,9075,4141,1
Página13,21,,3891,8246,139,3635,9066,4140,1
Página13,21,,3889,8199,139,3626,9104,4140,1
Página13,21,,3888,8197,140,3633,9108,4140,1
Página13,21,,3892,8250,139,3629,9074,4139,1
Página13,21,,3892,8242,140,3637,9065,4141,1
Página13,21,,3892,8264,138,3627,9063,4140,1
Página13,21,,3892,8269,139,3639,9063,4142,1
Página13,21,,3896,8273,140,3643,9053,4144,1
Página13,21,,3892,8261,139,3639,9047,4139,1
Página13,21,,3891,8261,139,3644,9044,4139,1
Página13,21,,3894,8263,140,3645,9043,4140,1
Página13,21,,3892,8260,139,3633,9044,4145,1
Página13,21,,3892,8252,139,3634,9037,4137,1
Página13,21,,3883,8220,139,3628,9065,4139,1
Página13,21,,3883,8198,140,3641,9080,4139,1
Página13,21,,3885,8191,139,3641,9080,4139,1
Página13,21,,3886,8190,139,3640,9078,4138,1
Página13,21,,3886,8187,139,3641,9083,4140,1
Página13,21,,3886,8188,139,3640,9083,4140,1
Página13,21,,3886,8183,139,3636,9078,4139,1
Página13,21,,3885,8182,138,3617,9077,4140,1
Página13,21,,3886,8187,137,3616,9077,4140,1
Página13,21,,3886,8182,139,3630,9076,4142,1
Página13,21,,3889,8184,139,3622,9079,4143,1
Página13,21,,3886,8177,138,3625,9075,4142,1
Página13,21,,3883,8162,138,3621,9079,4140,1
Página13,21,,3883,8163,138,3622,9087,4140,1
Página13,21,,3884,8169,139,3628,9084,4142,1
Página13,21,,3882,8170,138,3624,9098,4141,1
Página13,21,,3877,8159,138,3625,9102,4142,1
Página13,21,,3879,8191,137,3617,9074,4140,1
Página13,21,,3882,8192,138,3621,9076,4139,1
Página13,21,,3884,8196,138,3624,9080,4139,1
Página13,21,,3883,8197,138,3619,9085,4141,1
Página13,21,,3882,8194,138,3615,9084,4139,1
Página13,21,,3882,8185,139,3630,9096,4138,1
Página13,21,,3882,8192,138,3617,9088,4139,1
Página13,21,,3882,8190,139,3616,9094,4137,1
Página13,21,,3880,8169,138,3632,9111,4136,1
Página13,21,,3883,8169,139,3634,9123,4142,1
Página13,21,,3882,8171,137,3618,9100,4139,1
Página13,21,,3882,8177,138,3628,9100,4138,1
Página13,21,,3877,8188,138,3618,9101,4139,1
Página13,21,,3875,8184,138,3627,9100,4136,1
Página13,21,,3875,8176,139,3634,9108,4136,1
Página13,21,,3880,8191,138,3633,9095,4137,1
Página13,21,,3882,8188,139,3618,9099,4136,1
Página13,21,,3880,8190,138,3617,9093,4136,1
Página13,21,,3882,8192,139,3618,9096,4136,1
Página13,21,,3878,8154,137,3608,9123,4135,1
Página13,21,,3868,7965,138,3616,9281,4136,1
Página13,21,,3876,8158,138,3617,9107,4135,1
Página13,21,,3878,8186,138,3613,9082,4134,1
Página13,21,,3878,8204,138,3616,9068,4134,1
Página13,21,,3877,8214,138,3609,9055,4130,1
Página13,21,,3871,8222,140,3614,9055,4129,1
Página13,21,,3874,8227,139,3621,9056,4129,1
Página13,21,,3877,8228,138,3613,9053,4129,1
Página13,21,,3877,8233,138,3617,9051,4129,1
Página13,21,,3877,8236,138,3617,9052,4130,1
Página13,21,,3876,8237,138,3622,9050,4129,1
Página13,21,,3883,8253,138,3629,9060,4135,1
Página13,21,,3878,8241,138,3619,9052,4130,1
Página13,21,,3878,8246,138,3622,9048,4128,1
Página13,21,,3877,8246,138,3618,9049,4128,1
Página13,21,,3878,8248,138,3621,9052,4130,1
Página13,21,,3878,8252,138,3627,9052,4130,1
Página13,21,,3880,8256,138,3628,9056,4124,1
Página13,21,,3884,8249,138,3621,9052,4124,1
Página13,21,,3882,8243,138,3621,9059,4123,1
Página13,21,,3881,8240,138,3623,9053,4126,1
Página13,21,,3879,8231,137,3621,9053,4129,1
Página13,21,,3879,8221,138,3625,9060,4128,1
Página13,21,,3879,8238,137,3622,9046,4127,1
Página13,21,,3875,8251,138,3625,9047,4127,1
Página13,21,,3875,8253,138,3619,9044,4126,1
Página13,21,,3878,8255,139,3629,9048,4129,1
Página13,21,,3883,8264,138,3613,9059,4132,1
Página13,21,,3880,8256,139,3625,9052,4128,1
Página13,21,,3887,8251,138,3621,9049,4126,1
Página13,21,,3889,8247,138,3626,9053,4128,1
Página13,21,,3888,8232,137,3612,9064,4128,1
Página13,21,,3895,8276,138,3614,9027,4130,1
Página13,21,,3895,8292,138,3614,9009,4128,1
Página13,21,,3903,8309,138,3623,9016,4132,1
Página13,21,,3894,8282,138,3618,9013,4127,1
Página13,21,,3894,8280,137,3619,9008,4126,1
Página13,21,,3893,8273,138,3625,9015,4127,1
Página13,21,,3888,8299,138,3622,9017,4128,1
Página13,21,,3879,8273,138,3625,9012,4127,1
Página13,21,,3888,8272,137,3609,9009,4128,1
Página13,21,,3891,8253,137,3620,9027,4131,1
Página13,21,,3889,8254,137,3613,9011,4128,1
Página13,21,,3890,8255,136,3608,9016,4128,1
Página13,21,,3888,8245,137,3610,9011,4128,1
Página13,21,,3888,8249,138,3615,9002,4127,1
Página13,21,,3886,8234,137,3615,9014,4126,1
Página13,21,,3888,8254,137,3625,8996,4127,1
Página13,21,,3885,8217,138,3624,9025,4127,1
Página13,21,,3885,8209,137,3624,9035,4127,1
Página13,21,,3883,8191,137,3625,9050,4126,1
Página13,21,,3883,8197,138,3618,9043,4125,1
Página13,21,,3884,8199,137,3618,9046,4120,1
Página13,21,,3883,8180,137,3620,9075,4120,1
Página13,21,,3883,8183,137,3613,9071,4127,1
Página13,21,,3885,8190,136,3609,9077,4130,1
Página13,21,,3882,8200,137,3604,9053,4125,1
Página13,21,,3883,8200,136,3602,9070,4125,1
Página13,21,,3882,8181,137,3599,9078,4125,1
Página13,21,,3883,8212,137,3603,9061,4124,1
Página13,21,,3881,8190,137,3599,9085,4123,1
Página13,21,,3878,8172,137,3592,9081,4123,1
Página13,21,,3880,8175,136,3594,9095,4121,1
Página13,21,,3877,8171,136,3599,9101,4121,1
Página13,21,,3879,8172,136,3598,9104,4122,1
Página13,21,,3877,8150,136,3596,9104,4120,1
Página13,21,,3845,7736,136,3599,9473,4129,1
Página13,21,,3854,7782,135,3595,9437,4129,1
Página13,21,,3846,7730,135,3592,9449,4122,1
Página13,21,,3849,7740,135,3595,9458,4123,1
Página13,21,,3848,7751,135,3589,9440,4124,1
Página13,21,,3849,7747,135,3591,9443,4123,1
Página13,21,,3851,7748,135,3599,9447,4126,1
Página13,21,,3848,7713,135,3591,9461,4123,1
Página13,21,,3862,7918,135,3595,9288,4123,1
Página13,21,,3865,7933,135,3594,9286,4123,1
Página13,21,,3887,8217,135,3596,9073,4127,1
Página13,21,,3882,8247,136,3595,9055,4124,1
Página13,21,,3872,8254,136,3593,9053,4123,1
Página13,21,,3868,8228,136,3596,9065,4122,1
Página13,21,,3873,8241,136,3590,9049,4122,1
Página13,21,,3887,8236,135,3588,9043,4122,1
Página13,21,,3882,8223,135,3589,9056,4122,1
Página13,21,,3883,8228,136,3599,9048,4122,1
Página13,21,,3886,8230,136,3593,9057,4125,1
Página13,21,,3884,8247,136,3601,9038,4122,1
Página13,21,,3883,8228,136,3601,9034,4123,1
Página13,21,,3884,8247,135,3599,9037,4123,1
Página13,21,,3883,8249,135,3592,9039,4119,1
Página13,21,,3882,8262,135,3589,9038,4118,1
Página13,21,,3874,8258,136,3598,9041,4118,1
Página13,21,,3885,8250,135,3596,9045,4118,1
Página13,21,,3885,8243,136,3593,9050,4123,1
Página13,21,,3882,8219,135,3594,9071,4124,1
Página13,21,,3879,8223,136,3592,9078,4122,1
Página13,21,,3874,8247,135,3597,9061,4123,1
Página13,21,,3885,8245,135,3593,9058,4123,1
Página13,21,,3887,8244,135,3588,9068,4123,1
Página13,21,,3888,8266,135,3591,9055,4124,1
Página13,21,,3895,8283,135,3592,9079,4134,1
Página13,21,,3896,8286,135,3596,9069,4131,1
Página13,21,,3886,8272,135,3589,9054,4124,1
Página13,21,,3885,8264,135,3594,9059,4125,1
Página13,21,,3886,8276,135,3590,9046,4123,1
Página13,21,,3888,8267,135,3591,9045,4123,1
Página13,21,,3885,8281,135,3592,9043,4122,1
Página13,21,,3875,8286,135,3590,9044,4121,1
Página13,21,,3886,8248,135,3589,9066,4122,1
Página13,21,,3886,8281,136,3597,9055,4123,1
Página13,21,,3883,8282,136,3588,9047,4122,1
Página13,21,,3886,8274,135,3592,9078,4121,1
Página13,21,,3874,8294,135,3595,9047,4120,1
Página13,21,,3874,8294,135,3595,9049,4119,1
Página13,21,,3886,8286,135,3592,9050,4120,1
Página13,21,,3881,8295,136,3592,9081,4127,1
Página13,21,,3892,8285,135,3591,9070,4125,1
Página13,21,,3884,8255,135,3587,9070,4121,1
Página13,21,,3880,8266,136,3580,9082,4121,1
Página13,21,,3882,8259,136,3581,9071,4117,1
Página13,21,,3877,8254,136,3587,9073,4116,1
Página13,21,,3879,8266,136,3583,9063,4117,1
Página13,21,,3873,8266,135,3580,9079,4116,1
Página13,21,,3882,8267,135,3585,9076,4115,1
Página13,21,,3879,8260,135,3584,9069,4111,1
Página13,21,,3882,8284,135,3592,9052,4113,1
Página13,21,,3882,8287,135,3581,9042,4116,1
Página13,21,,3881,8286,135,3590,9041,4116,1
Página13,21,,3881,8275,135,3589,9053,4115,1
Página13,21,,3877,8286,135,3594,9053,4115,1
Página13,21,,3876,8287,136,3589,9053,4115,1
Página13,21,,3880,8287,136,3590,9057,4116,1
Página13,21,,3875,8291,135,3593,9061,4116,1
Página13,21,,3881,8285,135,3588,9064,4116,1
Página13,21,,3878,8283,136,3588,9072,4115,1
Página13,21,,3870,8256,135,3592,9103,4119,1
Página13,21,,3868,8266,135,3587,9087,4116,1
Página13,21,,3871,8287,135,3587,9096,4121,1
Página13,21,,3880,8260,135,3588,9083,4114,1
Página13,21,,3871,8269,134,3588,9082,4114,1
Página13,21,,3883,8267,135,3585,9084,4114,1
Página13,21,,3879,8237,135,3593,9100,4114,1
Página13,21,,3865,8251,135,3587,9108,4113,1
Página13,21,,3874,8242,136,3587,9104,4115,1
Página13,21,,3877,8233,135,3591,9114,4115,1
Página13,21,,3871,8181,134,3583,9160,4113,1
Página13,21,,3866,8215,135,3587,9128,4113,1
Página13,21,,3869,8224,135,3585,9120,4114,1
Página13,21,,3877,8305,135,3582,9059,4113,1
Página13,21,,3875,8218,135,3589,9119,4113,1
Página13,21,,3872,8206,135,3594,9128,4113,1
Página13,21,,3873,8218,135,3593,9122,4113,1
Página13,21,,3874,8227,135,3593,9124,4114,1
Página13,21,,3865,8215,135,3585,9130,4116,1
Página13,21,,3870,8290,135,3583,9073,4114,1
Página13,21,,3868,8236,135,3586,9133,4118,1
Página13,21,,3874,8217,135,3585,9127,4114,1
Página13,21,,3858,8010,135,3580,9282,4115,1
Página13,21,,3865,8223,134,3581,9130,4114,1
Página13,21,,3875,8217,134,3576,9127,4114,1
Página13,21,,3867,8228,134,3578,9116,4113,1
Página13,21,,3877,8237,135,3585,9129,4116,1
Página13,21,,3876,8238,134,3580,9112,4114,1
Página13,21,,3879,8247,134,3578,9115,4115,1
Página13,21,,3878,8245,135,3585,9115,4115,1
Página13,21,,3876,8247,134,3582,9114,4116,1
Página13,21,,3869,8252,134,3576,9120,4114,1
Página13,21,,3881,8256,135,3576,9120,4111,1
Página13,21,,3879,8241,134,3580,9119,4109,1
Página13,21,,3868,8233,135,3575,9134,4114,1
Página13,21,,3878,8241,134,3574,9122,4116,1
Página13,21,,3878,8237,135,3583,9121,4114,1
Página13,21,,3878,8245,134,3582,9116,4114,1
Página13,21,,3879,8263,134,3575,9103,4110,1
Página13,21,,3877,8266,135,3576,9081,4111,1
Página13,21,,3878,8274,135,3577,9097,4111,1
Página13,21,,3877,8278,135,3577,9089,4110,1
Página13,21,,3877,8279,135,3584,9089,4110,1
Página13,21,,3867,8287,135,3582,9095,4110,1
Página13,21,,3879,8285,134,3580,9093,4110,1
Página13,21,,3877,8279,135,3580,9091,4110,1
Página13,21,,3866,8286,135,3584,9096,4107,1
Página13,21,,3877,8269,135,3582,9091,4109,1
Página13,21,,3878,8270,135,3583,9092,4110,1
Página13,21,,3878,8272,135,3584,9091,4110,1
Página13,21,,3885,8286,135,3588,9110,4119,1
Página13,21,,3891,8294,136,3589,9133,4129,1
Página13,21,,3887,8272,135,3592,9113,4119,1
Página13,21,,3883,8282,135,3588,9099,4115,1
Página13,21,,3880,8278,135,3588,9096,4114,1
Página13,21,,3882,8281,135,3595,9100,4116,1
Página13,21,,3881,8277,135,3593,9095,4112,1
Página13,21,,3881,8279,136,3587,9107,4113,1
Página13,21,,3879,8275,135,3592,9103,4113,1
Página13,21,,3868,8276,135,3593,9111,4109,1
Página13,21,,3882,8277,135,3586,9100,4108,1
Página13,21,,3878,8266,135,3586,9100,4108,1
Página13,21,,3880,8283,135,3584,9087,4115,1
Página13,21,,3880,8276,134,3583,9097,4114,1
Página13,21,,3881,8276,135,3585,9100,4116,1
Página13,21,,3879,8271,135,3585,9095,4113,1
Página13,21,,3874,8283,135,3582,9093,4114,1
Página13,21,,3875,8281,135,3583,9095,4114,1
Página13,21,,3878,8280,135,3583,9095,4114,1
Página13,21,,3878,8280,135,3580,9095,4113,1
Página13,21,,3879,8282,135,3580,9098,4114,1
Página13,21,,3877,8274,135,3579,9101,4112,1
Página13,21,,3870,8278,134,3584,9088,4112,1
Página13,21,,3878,8278,135,3582,9098,4111,1
Página13,21,,3877,8275,134,3578,9100,4110,1
Página13,21,,3876,8274,135,3583,9105,4111,1
Página13,21,,3867,8284,134,3576,9104,4112,1
Página13,21,,3867,8279,134,3578,9115,4108,1
Página13,21,,3880,8280,135,3579,9107,4112,1
Página13,21,,3867,8287,135,3583,9103,4111,1
Página13,21,,3878,8281,135,3584,9099,4112,1
Página13,21,,3867,8290,135,3586,9104,4111,1
Página13,21,,3877,8281,134,3582,9106,4111,1
Página13,21,,3869,8289,135,3577,9105,4112,1
Página13,21,,3877,8278,134,3583,9104,4112,1
Página13,21,,3866,8277,135,3585,9114,4111,1
Página13,21,,3877,8271,135,3584,9109,4112,1
Página13,21,,3881,8281,135,3583,9103,4111,1
Página13,21,,3880,8289,135,3580,9102,4111,1
Página13,21,,3867,8281,135,3584,9115,4107,1
Página13,21,,3870,8307,135,3583,9096,4107,1
Página13,21,,3880,8295,135,3589,9094,4111,1
Página13,21,,3868,8301,135,3587,9094,4110,1
Página13,21,,3868,8304,135,3590,9099,4112,1
Página13,21,,3868,8302,137,3636,9110,4105,1
Página13,21,,3887,8306,142,3729,9089,4108,1
Página13,21,,3884,8308,145,3729,9103,4109,1
Página13,21,,3881,8308,138,3636,9103,4108,1
Página13,21,,3880,8308,137,3633,9107,4108,1
Página13,21,,3878,8302,137,3626,9105,4107,1
Página13,21,,3878,8291,136,3621,9116,4109,1
Página13,21,,3878,8291,136,3619,9114,4108,1
Página13,21,,3877,8287,136,3607,9119,4108,1
Página13,21,,3876,8283,136,3607,9121,4108,1
Página13,21,,3876,8279,135,3605,9127,4108,1
Página13,21,,3866,8290,135,3599,9130,4108,1
Página13,21,,3870,8304,135,3598,9120,4107,1
Página13,21,,3867,8293,135,3596,9124,4109,1
Página13,21,,3865,8299,135,3594,9132,4110,1
Página13,21,,3863,8293,135,3595,9139,4112,1
Página13,21,,3871,8305,136,3585,9166,4120,1
Página13,21,,3885,8288,136,3601,9160,4120,1
Página13,21,,3889,8305,135,3593,9149,4115,1
Página13,21,,3881,8283,135,3588,9149,4113,1
Página13,21,,3881,8292,135,3591,9134,4112,1
Página13,21,,3880,8283,135,3588,9141,4111,1
Página13,21,,3879,8286,135,3591,9147,4112,1
Página13,21,,3881,8296,135,3585,9141,4112,1
Página13,21,,3882,8294,135,3587,9146,4114,1
Página13,21,,3879,8282,135,3584,9145,4112,1
Página13,21,,3880,8289,135,3587,9147,4112,1
Página13,21,,3881,8300,134,3590,9140,4112,1
Página13,21,,3880,8294,135,3590,9154,4114,1
Página13,21,,3880,8279,135,3583,9147,4113,1
Página13,21,,3876,8243,135,3579,9172,4111,1
Página13,21,,3879,8275,135,3582,9154,4113,1
Página13,21,,3879,8255,135,3589,9169,4112,1
Página13,21,,3881,8281,136,3582,9153,4113,1
Página13,21,,3874,8280,134,3589,9159,4112,1
Página13,21,,3872,8264,135,3591,9174,4111,1
Página13,21,,3874,8279,135,3586,9164,4112,1
Página13,21,,3878,8278,134,3587,9160,4111,1
Página13,21,,3878,8286,135,3583,9157,4111,1
Página13,21,,3880,8296,135,3584,9149,4111,1
Página13,21,,3877,8271,134,3585,9168,4111,1
Página13,21,,3878,8279,135,3586,9162,4110,1
Página13,21,,3878,8276,135,3589,9164,4110,1
Página13,21,,3878,8290,135,3587,9161,4111,1
Página13,21,,3878,8282,135,3589,9154,4111,1
Página13,21,,3888,8309,135,3591,9158,4111,1
Página13,21,,3878,8287,135,3581,9160,4108,1
Página13,21,,3877,8257,135,3586,9236,4109,1
Página13,21,,3882,8308,134,3586,9144,4109,1
Página13,21,,3881,8314,134,3583,9150,4109,1
Página13,21,,3880,8307,135,3584,9148,4109,1
Página13,21,,3880,8317,135,3582,9144,4111,1
Página13,21,,3881,8315,135,3590,9144,4111,1
Página13,21,,3880,8310,135,3589,9152,4112,1
Página13,21,,3872,8317,134,3589,9162,4113,1
Página13,21,,3881,8306,134,3590,9155,4111,1
Página13,21,,3865,8314,135,3579,9160,4110,1
Página13,21,,3869,8311,135,3577,9167,4110,1
Página13,21,,3879,8306,135,3577,9157,4103,1
Página13,21,,3877,8306,135,3583,9157,4102,1
Página13,21,,3874,8328,135,3595,9183,4112,1
Página13,21,,3875,8319,135,3589,9184,4110,1
Página13,21,,3865,8318,135,3588,9166,4110,1
Página13,21,,3868,8319,135,3590,9165,4111,1
Página13,21,,3870,8305,135,3592,9183,4111,1
Página13,21,,3870,8310,135,3590,9182,4110,1
Página13,21,,3870,8319,135,3591,9176,4113,1
Página13,21,,3868,8291,135,3591,9187,4110,1
Página13,21,,3870,8309,135,3592,9181,4110,1
Página13,21,,3869,8311,135,3600,9187,4111,1
Página13,21,,3870,8312,135,3602,9184,4109,1
Página13,21,,3870,8318,135,3601,9172,4109,1
Página13,21,,3871,8320,135,3601,9163,4108,1
Página13,21,,3870,8315,135,3602,9170,4109,1
Página13,21,,3872,8323,135,3601,9166,4110,1
Página13,21,,3871,8318,135,3600,9167,4109,1
Página13,21,,3870,8294,135,3599,9194,4113,1
Página13,21,,3865,8325,135,3597,9175,4110,1
Página13,21,,3864,8321,134,3597,9172,4109,1
Página13,21,,3885,8307,135,3596,9177,4110,1
Página13,21,,3884,8301,134,3596,9179,4110,1
Página13,21,,3884,8298,135,3596,9189,4110,1
Página13,21,,3885,8307,134,3600,9185,4112,1
Página13,21,,3885,8308,134,3595,9188,4112,1
Página13,21,,3882,8305,134,3596,9183,4111,1
Página13,21,,3881,8303,135,3597,9186,4110,1
Página13,21,,3881,8301,135,3597,9188,4111,1
Página13,21,,3885,8302,135,3599,9199,4114,1
Página13,21,,3881,8298,135,3596,9195,4111,1
Página13,21,,3883,8299,134,3600,9183,4112,1
Página13,21,,3883,8322,134,3598,9186,4112,1
Página13,21,,3884,8309,135,3602,9189,4114,1
Página13,21,,3884,8321,135,3597,9186,4112,1
Página13,21,,3878,8316,135,3598,9199,4113,1
Página13,21,,3883,8318,135,3600,9196,4113,1
Página13,21,,3882,8311,135,3601,9198,4112,1
Página13,21,,3881,8305,134,3601,9202,4113,1
Página13,21,,3883,8311,134,3602,9204,4115,1
Página13,21,,3884,8330,134,3602,9188,4113,1
Página13,21,,3884,8326,135,3609,9190,4112,1
Página13,21,,3884,8314,135,3608,9205,4115,1
Página13,21,,3884,8322,135,3609,9193,4113,1
Página13,21,,3884,8320,135,3610,9194,4114,1
Página13,21,,3886,8319,136,3612,9205,4116,1
Página13,21,,3884,8299,135,3612,9207,4114,1
Página13,21,,3884,8303,135,3610,9214,4115,1
Página13,21,,3882,8290,135,3609,9214,4114,1
Página13,21,,3883,8283,135,3611,9221,4115,1
Página13,21,,3882,8280,135,3612,9225,4114,1
Página13,21,,3876,8274,135,3612,9230,4115,1
Página13,21,,3853,8013,134,3611,9425,4114,1
Página13,21,,3853,7993,135,3612,9438,4114,1
Página13,21,,3880,8258,135,3611,9232,4114,1
Página13,21,,3883,8277,135,3597,9242,4116,1
Página13,21,,3883,8306,135,3600,9202,4114,1
Página13,21,,3880,8294,135,3599,9208,4113,1
Página13,21,,3880,8295,135,3601,9208,4114,1
Página13,21,,3882,8283,135,3603,9231,4115,1
Página13,21,,3881,8290,135,3602,9214,4112,1
Página13,21,,3882,8285,134,3603,9216,4113,1
Página13,21,,3881,8293,135,3602,9213,4113,1
Página13,21,,3883,8294,135,3602,9218,4113,1
Página13,21,,3880,8280,135,3601,9227,4108,1
Página13,21,,3879,8271,134,3603,9239,4108,1
Página13,21,,3881,8289,135,3604,9224,4112,1
Página13,21,,3881,8288,135,3601,9207,4112,1
Página13,21,,3889,8303,134,3594,9240,4120,1
Página13,21,,3882,8283,135,3592,9229,4114,1
Página13,21,,3882,8300,134,3596,9216,4114,1
Página13,21,,3881,8298,134,3595,9217,4112,1
Página13,21,,3881,8297,134,3596,9223,4115,1
Página13,21,,3886,8303,134,3600,9225,4117,1
Página13,21,,3896,8324,135,3599,9242,4125,1
Página13,21,,3886,8299,134,3597,9223,4118,1
Página13,21,,3883,8291,134,3597,9228,4111,1
Página13,21,,3889,8307,134,3600,9232,4111,1
Página13,21,,3883,8287,134,3596,9234,4110,1
Página13,21,,3883,8293,134,3595,9223,4115,1
Página13,21,,3881,8286,134,3595,9214,4114,1
Página13,21,,3880,8280,134,3593,9221,4113,1
Página13,21,,3881,8284,134,3596,9220,4113,1
Página13,21,,3881,8283,134,3598,9229,4114,1
Página13,21,,3882,8290,134,3596,9218,4113,1
Página13,21,,3881,8299,134,3595,9215,4112,1
Página13,21,,3880,8294,134,3595,9220,4113,1
Página13,21,,3881,8299,134,3604,9216,4113,1
Página13,21,,3881,8297,134,3602,9226,4112,1
Página13,21,,3880,8286,134,3600,9243,4113,1
Página13,21,,3882,8296,135,3597,9234,4113,1
Página13,21,,3881,8273,134,3600,9232,4113,1
Página13,21,,3883,8305,136,3614,9224,4112,1
Página13,21,,3884,8324,135,3602,9212,4112,1
Página13,21,,3885,8326,135,3602,9225,4117,1
Página13,21,,3884,8322,135,3597,9213,4113,1
Página13,21,,3883,8316,134,3596,9220,4112,1
Página13,21,,3881,8296,134,3601,9226,4112,1
Página13,21,,3881,8306,134,3598,9222,4112,1
Página13,21,,3883,8305,134,3603,9228,4113,1
Página13,21,,3883,8311,134,3600,9229,4112,1
Página13,21,,3882,8304,134,3599,9221,4111,1
Página13,21,,3885,8317,134,3601,9219,4111,1
Página13,21,,3881,8311,135,3600,9215,4111,1
Página13,21,,3884,8322,134,3596,9209,4113,1
Página13,21,,3881,8314,134,3600,9212,4110,1
Página13,21,,3881,8311,134,3598,9209,4109,1
Página13,21,,3880,8306,134,3600,9217,4109,1
Página13,21,,3881,8305,134,3602,9223,4110,1
Página13,21,,3881,8301,134,3600,9230,4112,1
Página13,21,,3884,8325,134,3596,9213,4109,1
Página13,21,,3880,8315,135,3595,9219,4108,1
Página13,21,,3882,8309,134,3592,9233,4109,1
Página13,21,,3879,8305,134,3594,9226,4108,1
Página13,21,,3880,8303,134,3597,9229,4109,1
Página13,21,,3879,8297,135,3597,9233,4108,1
Página13,21,,3879,8296,134,3598,9227,4108,1
Página13,21,,3881,8306,134,3601,9231,4109,1
Página13,21,,3879,8295,134,3599,9237,4109,1
Página13,21,,3886,8310,134,3601,9259,4119,1
Página13,21,,3889,8311,134,3600,9263,4118,1
Página13,21,,3888,8308,134,3598,9254,4118,1
Página13,21,,3883,8300,134,3598,9250,4114,1
Página13,21,,3881,8306,134,3601,9234,4111,1
Página13,21,,3882,8301,134,3600,9239,4110,1
Página13,21,,3881,8298,134,3602,9245,4109,1
Página13,21,,3884,8329,134,3599,9220,4108,1
Página13,21,,3883,8326,134,3600,9232,4106,1
Página13,21,,3883,8330,134,3602,9226,4109,1
Página13,21,,3884,8334,134,3603,9226,4109,1
Página13,21,,3884,8331,134,3602,9229,4109,1
Página13,21,,3881,8311,134,3597,9239,4109,1
Página13,21,,3882,8307,134,3605,9249,4110,1
Página13,21,,3885,8334,134,3608,9229,4110,1
Página13,21,,3883,8323,134,3604,9247,4109,1
Página13,21,,3881,8310,134,3605,9246,4109,1
Página13,21,,3882,8304,134,3607,9245,4109,1
Página13,21,,3885,8332,135,3604,9240,4113,1
Página13,21,,3885,8325,134,3603,9238,4110,1
Página13,21,,3888,8332,134,3606,9252,4114,1
Página13,21,,3884,8322,134,3603,9242,4109,1
Página13,21,,3881,8307,135,3604,9250,4102,1
Página13,21,,3883,8314,135,3602,9244,4103,1
Página13,21,,3883,8316,134,3604,9249,4105,1
Página13,21,,3886,8355,134,3599,9217,4109,1
Página13,21,,3883,8324,134,3601,9244,4110,1
Página13,21,,3883,8321,134,3601,9235,4110,1
Página13,21,,3884,8336,134,3602,9231,4109,1
Página13,21,,3885,8344,134,3601,9229,4110,1
Página13,21,,3886,8342,134,3599,9230,4111,1
Página13,21,,3884,8326,134,3600,9229,4109,1
Página13,21,,3884,8343,134,3601,9227,4108,1
Página13,21,,3884,8341,134,3603,9227,4109,1
Página13,21,,3884,8341,134,3601,9227,4107,1
Página13,21,,3884,8336,134,3595,9239,4109,1
Página13,21,,3883,8331,134,3599,9236,4103,1
Página13,21,,3884,8332,134,3600,9243,4104,1
Página13,21,,3883,8324,133,3599,9244,4105,1
Página13,21,,3882,8324,134,3605,9231,4108,1
Página13,21,,3883,8327,134,3603,9231,4108,1
Página13,21,,3878,8330,134,3603,9239,4108,1
Página13,21,,3886,8346,134,3604,9255,4115,1
Página13,21,,3881,8330,134,3597,9246,4110,1
Página13,21,,3883,8331,134,3599,9232,4099,1
Página13,21,,3875,8294,134,3604,9216,4095,1
Página13,21,,3876,8304,134,3602,9247,4100,1
Página13,21,,3920,8420,136,3617,9335,4150,1
Página13,21,,3940,8427,137,3611,9334,4168,1
Página13,21,,3947,8452,136,3610,9368,4178,1
Página13,21,,3952,8456,137,3615,9374,4184,1
Página13,21,,3956,8456,136,3615,9384,4191,1
Página13,21,,3967,8459,137,3618,9389,4196,1
Página13,21,,3975,8467,136,3621,9411,4207,1
Página13,21,,3980,8475,136,3622,9410,4212,1
Página13,21,,3986,8478,137,3623,9417,4218,1
Página13,21,,3991,8477,137,3623,9421,4223,1
Página13,21,,3995,8480,137,3623,9430,4228,1
Página13,21,,4000,8495,137,3621,9425,4234,1
Página13,21,,4004,8486,137,3622,9441,4238,1
Página13,21,,4008,8497,137,3622,9433,4244,1
Página13,21,,4011,8498,137,3624,9435,4247,1
Página13,21,,4009,8488,137,3622,9427,4247,1
Página13,21,,4012,8478,137,3620,9430,4250,1
Página13,21,,4015,8487,137,3620,9434,4253,1
Página13,21,,4016,8489,137,3623,9433,4255,1
Página13,21,,4018,8488,137,3622,9434,4258,1
Página13,21,,4021,8490,137,3621,9439,4260,1
Página13,21,,4023,8495,137,3621,9433,4262,1
Página13,21,,4025,8498,137,3622,9434,4261,1
Página13,21,,4026,8499,137,3622,9436,4261,1
Página13,21,,4028,8497,137,3621,9440,4263,1
Página13,21,,4028,8485,136,3617,9443,4267,1
Página13,21,,4029,8491,137,3616,9437,4272,1
Página13,21,,4028,8492,136,3613,9438,4273,1
Página13,21,,4032,8492,136,3613,9450,4275,1
Página13,21,,4032,8478,136,3606,9452,4277,1
Página13,21,,4035,8508,136,3606,9442,4278,1
Página13,21,,4036,8510,137,3610,9444,4279,1
Página13,21,,4037,8511,137,3609,9447,4281,1
Página13,21,,4037,8500,136,3606,9460,4282,1
Página13,21,,4040,8511,136,3608,9450,4283,1
Página13,21,,4039,8500,137,3606,9459,4285,1
Página13,21,,4040,8504,136,3608,9473,4286,1
Página13,21,,4041,8504,137,3607,9461,4286,1
Página13,21,,4023,8484,136,3608,9461,4287,1
Página13,21,,4042,8499,137,3608,9451,4288,1
Página13,21,,4041,8484,136,3607,9472,4289,1
Página13,21,,4042,8477,136,3611,9467,4289,1
Página13,21,,4038,8503,136,3610,9466,4289,1
Página13,21,,4043,8512,136,3611,9461,4293,1
Página13,21,,4048,8506,136,3607,9464,4291,1
Página13,21,,4046,8487,136,3604,9475,4291,1
Página13,21,,4048,8499,136,3601,9469,4291,1
Página13,21,,4049,8510,136,3600,9460,4292,1
Página13,21,,4047,8481,136,3600,9462,4293,1
Página13,21,,4033,8440,136,3596,9422,4279,1
Página13,21,,4048,8502,137,3604,9466,4292,1
Página14,21,,4110,8429,113,3096,9045,4375,1
Página14,21,,4107,8397,113,3088,9043,4375,1
Página14,21,,4108,8418,113,3091,9051,4374,1
Página14,21,,4108,8420,113,3087,9049,4375,1
Página14,21,,4107,8409,113,3087,9044,4373,1
Página14,21,,4107,8416,113,3086,9040,4373,1
Página14,21,,4105,8410,113,3083,9042,4372,1
Página14,21,,4103,8398,113,3082,9050,4370,1
Página14,21,,4103,8398,113,3082,9052,4371,1
Página14,21,,4103,8410,112,3080,9048,4371,1
Página14,21,,4096,8409,112,3081,9049,4370,1
Página14,21,,4101,8393,112,3082,9051,4369,1
Página14,21,,4094,8409,113,3083,9046,4368,1
Página14,21,,4093,8407,113,3083,9045,4368,1
Página14,21,,4093,8408,112,3083,9046,4368,1
Página14,21,,4098,8406,112,3083,9045,4368,1
Página14,21,,4098,8406,113,3083,9044,4367,1
Página14,21,,4097,8407,113,3081,9043,4367,1
Página14,21,,4097,8405,112,3083,9042,4366,1
Página14,21,,4096,8408,112,3083,9046,4368,1
Página14,21,,4095,8403,113,3085,9042,4366,1
Página14,21,,4094,8402,112,3085,9041,4365,1
Página14,21,,4093,8401,113,3086,9040,4364,1
Página14,21,,4092,8401,112,3089,9040,4364,1
Página14,21,,4092,8403,113,3087,9042,4363,1
Página14,21,,4093,8402,112,3086,9044,4358,1
Página14,21,,4090,8395,112,3081,9040,4361,1
Página14,21,,4087,8405,113,3078,9030,4359,1
Página14,21,,4086,8413,113,3078,9016,4357,1
Página14,21,,4085,8416,113,3082,9015,4356,1
Página14,21,,4086,8418,113,3083,9015,4356,1
Página14,21,,4085,8417,113,3084,9013,4356,1
Página14,21,,4084,8420,113,3085,9013,4356,1
Página14,21,,4085,8417,113,3083,9011,4355,1
Página14,21,,4084,8420,113,3085,9012,4355,1
Página14,21,,4082,8401,113,3085,9025,4355,1
Página14,21,,4082,8400,112,3086,9025,4354,1
Página14,21,,4082,8406,113,3086,9020,4354,1
Página14,21,,4083,8408,112,3083,9018,4354,1
Página14,21,,4081,8409,113,3086,9016,4353,1
Página14,21,,4080,8402,113,3088,9019,4347,1
Página14,21,,4079,8405,113,3088,9017,4347,1
Página14,21,,4079,8408,112,3088,9014,4346,1
Página14,21,,4080,8408,112,3091,9006,4353,1
Página14,21,,4078,8399,113,3089,9014,4352,1
Página14,21,,4079,8395,112,3091,9014,4352,1
Página14,21,,4076,8404,113,3092,9016,4352,1
Página14,21,,4072,8405,113,3091,9019,4351,1
Página14,21,,4072,8403,113,3091,9022,4352,1
Página14,21,,4078,8410,113,3091,9015,4351,1
Página14,21,,4077,8408,112,3091,9016,4351,1
Página14,21,,4077,8407,112,3092,9017,4350,1
Página14,21,,4077,8407,113,3094,9017,4350,1
Página14,21,,4077,8407,112,3092,9026,4351,1
Página14,21,,4075,8404,113,3091,9022,4344,1
Página14,21,,4075,8406,112,3092,9020,4343,1
Página14,21,,4074,8404,112,3093,9020,4345,1
Página14,21,,4074,8404,112,3094,9010,4349,1
Página14,21,,4074,8404,113,3092,9013,4351,1
Página14,21,,4073,8405,113,3092,9023,4348,1
Página14,21,,4073,8406,112,3093,9023,4348,1
Página14,21,,4073,8403,112,3094,9024,4347,1
Página14,21,,4071,8401,112,3094,9026,4347,1
Página14,21,,4072,8404,113,3095,9027,4347,1
Página14,21,,4071,8408,112,3096,9027,4346,1
Página14,21,,4070,8393,113,3096,9034,4347,1
Página14,21,,4069,8393,112,3096,9033,4347,1
Página14,21,,4068,8387,112,3095,9036,4347,1
Página14,21,,4064,8377,113,3094,9042,4347,1
Página14,21,,4065,8375,113,3096,9041,4345,1
Página14,21,,4064,8366,112,3096,9048,4345,1
Página14,21,,4063,8356,113,3095,9059,4344,1
Página14,21,,4063,8373,113,3097,9039,4344,1
Página14,21,,4065,8393,113,3096,9021,4338,1
Página14,21,,4065,8374,113,3096,9034,4343,1
Página14,21,,4064,8390,113,3097,9022,4343,1
Página14,21,,4063,8391,112,3096,9020,4343,1
Página14,21,,4063,8389,112,3097,9021,4342,1
Página14,21,,4062,8393,112,3098,9016,4342,1
Página14,21,,4063,8394,112,3097,9016,4342,1
Página14,21,,4062,8395,113,3100,9012,4342,1
Página14,21,,4061,8395,113,3099,9010,4341,1
Página14,21,,4060,8394,112,3094,9007,4340,1
Página14,21,,4056,8385,113,3091,9006,4337,1
Página14,21,,4053,8385,113,3095,9002,4329,1
Página14,21,,4053,8377,113,3099,8997,4335,1
Página14,21,,4054,8384,113,3102,8991,4334,1
Página14,21,,4052,8356,112,3115,9024,4335,1
Página14,21,,4051,8370,113,3117,9014,4335,1
Página14,21,,4052,8377,114,3123,9007,4334,1
Página14,21,,4052,8380,113,3123,9005,4334,1
Página14,21,,4051,8380,113,3104,9004,4334,1
Página14,21,,4051,8381,113,3107,9005,4335,1
Página14,21,,4050,8379,112,3108,9003,4333,1
Página14,21,,4051,8377,114,3133,9004,4333,1
Página14,21,,4049,8368,112,3107,9012,4332,1
Página14,21,,4050,8379,113,3108,9002,4332,1
Página14,21,,4049,8375,113,3109,9008,4333,1
Página14,21,,4048,8371,112,3107,9007,4332,1
Página14,21,,4047,8363,113,3110,9013,4332,1
Página14,21,,4047,8361,112,3110,9013,4332,1
Página14,21,,4046,8357,112,3110,9016,4331,1
Página14,21,,4044,8346,112,3110,9027,4332,1
Página14,21,,4044,8328,113,3111,9019,4331,1
Página14,21,,4043,8331,113,3112,9028,4331,1
Página14,21,,4044,8348,112,3111,9017,4330,1
Página14,21,,4045,8347,112,3113,9011,4330,1
Página14,21,,4042,8332,113,3112,9024,4332,1
Página14,21,,4041,8336,113,3111,9027,4330,1
Página14,21,,4042,8334,113,3112,9028,4329,1
Página14,21,,4041,8337,113,3112,9025,4329,1
Página14,21,,4041,8341,112,3114,9021,4329,1
Página14,21,,4041,8345,112,3113,9016,4330,1
Página14,21,,4042,8348,112,3113,9020,4330,1
Página14,21,,4040,8343,113,3114,9018,4328,1
Página14,21,,4040,8350,112,3115,9012,4328,1
Página14,21,,4039,8343,113,3113,9020,4327,1
Página14,21,,4040,8358,112,3114,9005,4327,1
Página14,21,,4040,8368,112,3113,8991,4318,1
Página14,21,,4040,8369,112,3115,8996,4326,1
Página14,21,,4039,8376,113,3115,8990,4325,1
Página14,21,,4039,8374,112,3115,8993,4325,1
Página14,21,,4038,8353,113,3117,8997,4325,1
Página14,21,,4038,8365,113,3116,9003,4325,1
Página14,21,,4037,8363,113,3114,9002,4324,1
Página14,21,,4037,8373,112,3116,8994,4325,1
Página14,21,,4037,8373,113,3119,8944,4261,1
Página14,21,,3963,8241,111,3112,8834,4247,1
Página14,21,,3955,8233,111,3112,8823,4237,1
Página14,21,,3945,8226,111,3112,8805,4227,1
Página14,21,,3934,8197,111,3112,8823,4217,1
Página14,21,,3925,8160,110,3114,8834,4207,1
Página14,21,,3919,8174,111,3110,8812,4197,1
Página14,21,,3908,8166,110,3112,8812,4190,1
Página14,21,,3901,8184,110,3110,8791,4182,1
Página14,21,,3899,8176,109,3112,8788,4173,1
Página14,21,,3892,8168,110,3118,8786,4167,1
Página14,21,,3886,8161,109,3113,8785,4160,1
Página14,21,,3875,8130,110,3108,8780,4149,1
Página14,21,,3860,8160,109,3102,8746,4127,1
Página14,21,,3851,8139,109,3101,8756,4112,1
Página14,21,,3846,8151,110,3105,8752,4112,1
Página14,21,,3844,8145,109,3107,8748,4109,1
Página14,21,,3836,8149,110,3110,8741,4105,1
Página14,21,,3839,8149,110,3107,8738,4102,1
Página14,21,,3835,8147,109,3109,8738,4098,1
Página14,21,,3828,8136,109,3110,8746,4095,1
Página14,21,,3827,8140,109,3109,8744,4092,1
Página14,21,,3825,8119,109,3112,8753,4087,1
Página14,21,,3825,8134,109,3112,8739,4084,1
Página14,21,,3822,8133,109,3112,8740,4081,1
Página14,21,,3819,8134,109,3113,8738,4078,1
Página14,21,,3818,8133,109,3110,8739,4076,1
Página14,21,,3816,8131,109,3111,8737,4074,1
Página14,21,,3813,8119,109,3112,8745,4071,1
Página14,21,,3812,8126,109,3112,8739,4069,1
Página14,21,,3810,8125,109,3113,8739,4067,1
Página14,21,,3809,8126,109,3112,8739,4065,1
Página14,21,,3806,8128,109,3112,8724,4064,1
Página14,21,,3805,8127,109,3114,8726,4061,1
Página14,21,,3804,8112,109,3124,8755,4059,1
Página14,21,,3802,8104,109,3117,8756,4058,1
Página14,21,,3802,8109,109,3122,8747,4057,1
Página14,21,,3800,8122,109,3112,8736,4055,1
Página14,21,,3799,8124,109,3112,8735,4054,1
Página14,21,,3798,8121,109,3114,8737,4053,1
Página14,21,,3797,8122,109,3115,8734,4052,1
Página14,21,,3796,8122,109,3117,8734,4050,1
Página14,21,,3794,8120,109,3117,8738,4050,1
Página14,21,,3794,8118,109,3116,8738,4048,1
Página14,21,,3793,8121,109,3116,8736,4047,1
Página14,21,,3793,8120,109,3116,8737,4046,1
Página14,21,,3792,8120,109,3115,8738,4045,1
Página14,21,,3791,8119,109,3115,8738,4045,1
Página14,21,,3792,8117,109,3115,8735,4043,1
Página14,21,,3791,8110,109,3116,8738,4043,1
Página14,21,,3790,8110,109,3117,8738,4042,1
Página14,21,,3790,8109,109,3117,8741,4042,1
Página14,21,,3790,8118,110,3118,8746,4043,1
Página14,21,,3788,8107,109,3116,8756,4040,1
Página14,21,,3790,8112,109,3116,8734,4040,1
Página14,21,,3788,8120,109,3116,8744,4040,1
Página14,21,,3786,8122,109,3116,8740,4039,1
Página14,21,,3787,8113,109,3117,8752,4040,1
Página14,21,,3787,8107,109,3117,8758,4041,1
Página14,21,,3787,8116,110,3117,8744,4039,1
Página14,21,,3787,8117,109,3117,8744,4038,1
Página14,21,,3787,8118,109,3118,8745,4038,1
Página14,21,,3787,8116,109,3117,8748,4032,1
Página14,21,,3786,8111,109,3119,8746,4039,1
Página14,21,,3788,8124,109,3119,8743,4037,1
Página14,21,,3787,8124,109,3115,8737,4037,1
Página14,21,,3787,8117,110,3118,8753,4037,1
Página14,21,,3787,8123,109,3119,8743,4037,1
Página14,21,,3782,8133,109,3126,8742,4038,1
Página14,21,,3786,8129,109,3123,8743,4036,1
Página14,21,,3784,8116,109,3110,8750,4035,1
Página14,21,,3784,8121,110,3110,8749,4033,1
Página14,21,,3783,8128,109,3113,8745,4033,1
Página14,21,,3784,8131,109,3114,8744,4033,1
Página14,21,,3785,8134,109,3116,8744,4034,1
Página14,21,,3786,8138,109,3115,8743,4034,1
Página14,21,,3785,8137,109,3115,8745,4034,1
Página14,21,,3785,8137,109,3117,8746,4034,1
Página14,21,,3786,8136,109,3118,8748,4034,1
Página14,21,,3786,8131,109,3119,8755,4032,1
Página14,21,,3787,8142,109,3120,8755,4031,1
Página14,21,,3786,8140,110,3121,8752,4035,1
Página14,21,,3788,8141,110,3128,8754,4034,1
Página14,21,,3788,8140,110,3133,8757,4036,1
Página14,21,,3788,8138,110,3134,8759,4036,1
Página14,21,,3788,8143,110,3128,8757,4037,1
Página14,21,,3789,8145,109,3125,8763,4037,1
Página14,21,,3788,8126,109,3126,8764,4035,1
Página14,21,,3789,8142,109,3126,8764,4036,1
Página14,21,,3789,8143,110,3128,8765,4036,1
Página14,21,,3789,8142,109,3127,8769,4037,1
Página14,21,,3790,8146,109,3123,8768,4037,1
Página14,21,,3790,8143,109,3127,8768,4037,1
Página14,21,,3790,8140,109,3126,8771,4037,1
Página14,21,,3791,8146,109,3126,8768,4037,1
Página14,21,,3790,8139,110,3127,8780,4037,1
Página14,21,,3788,8111,110,3127,8802,4040,1
Página14,21,,3787,8089,110,3127,8805,4039,1
Página14,21,,3789,8099,109,3128,8798,4039,1
Página14,21,,3784,8091,109,3128,8811,4039,1
Página14,21,,3783,8103,109,3128,8814,4040,1
Página14,21,,3785,8107,110,3127,8801,4041,1
Página14,21,,3790,8112,109,3129,8793,4040,1
Página14,21,,3789,8108,109,3128,8797,4040,1
Página14,21,,3789,8108,109,3129,8794,4040,1
Página14,21,,3790,8107,110,3131,8796,4041,1
Página14,21,,3788,8113,110,3129,8802,4041,1
Página14,21,,3792,8118,110,3127,8793,4041,1
Página14,21,,3791,8117,110,3130,8793,4038,1
Página14,21,,3791,8116,110,3130,8794,4036,1
Página14,21,,3791,8117,109,3130,8795,4036,1
Página14,21,,3792,8114,110,3139,8786,4042,1
Página14,21,,3792,8112,109,3132,8789,4043,1
Página14,21,,3791,8108,110,3131,8792,4043,1
Página14,21,,3787,8115,109,3131,8798,4043,1
Página14,21,,3788,8112,109,3133,8802,4044,1
Página14,21,,3785,8086,109,3132,8825,4044,1
Página14,21,,3792,8098,109,3133,8805,4045,1
Página14,21,,3792,8089,110,3132,8813,4044,1
Página14,21,,3794,8109,110,3134,8804,4044,1
Página14,21,,3793,8096,109,3131,8804,4044,1
Página14,21,,3793,8111,109,3133,8802,4044,1
Página14,21,,3789,8108,109,3131,8805,4045,1
Página14,21,,3793,8103,110,3132,8807,4045,1
Página14,21,,3793,8100,110,3134,8809,4044,1
Página14,21,,3793,8104,110,3129,8805,4044,1
Página14,21,,3792,8101,110,3123,8816,4043,1
Página14,21,,3790,8082,110,3125,8813,4042,1
Página14,21,,3789,8070,110,3127,8826,4042,1
Página14,21,,3788,8079,110,3130,8827,4042,1
Página14,21,,3785,8078,110,3128,8828,4043,1
Página14,21,,3789,8058,110,3131,8849,4043,1
Página14,21,,3790,8067,110,3130,8837,4044,1
Página14,21,,3790,8071,110,3132,8833,4044,1
Página14,21,,3792,8086,109,3134,8826,4044,1
Página14,21,,3792,8084,110,3135,8832,4045,1
Página14,21,,3793,8091,110,3137,8823,4045,1
Página14,21,,3792,8085,110,3137,8818,4045,1
Página14,21,,3794,8097,110,3135,8820,4046,1
Página14,21,,3795,8099,109,3135,8819,4045,1
Página14,21,,3796,8091,110,3133,8821,4047,1
Página14,21,,3795,8101,109,3130,8820,4041,1
Página14,21,,3794,8090,110,3133,8832,4040,1
Página14,21,,3795,8096,110,3134,8824,4040,1
Página14,21,,3794,8084,109,3134,8837,4043,1
Página14,21,,3796,8109,110,3133,8818,4041,1
Página14,21,,3791,8108,109,3135,8816,4048,1
Página14,21,,3792,8112,110,3136,8815,4047,1
Página14,21,,3796,8114,109,3136,8814,4047,1
Página14,21,,3798,8118,110,3134,8813,4048,1
Página14,21,,3798,8117,110,3133,8814,4048,1
Página14,21,,3798,8116,110,3133,8817,4049,1
Página14,21,,3797,8110,110,3133,8819,4048,1
Página14,21,,3798,8118,110,3134,8814,4047,1
Página14,21,,3798,8115,110,3133,8817,4047,1
Página14,21,,3797,8107,110,3136,8823,4048,1
Página14,21,,3789,8118,110,3136,8815,4048,1
Página14,21,,3798,8115,109,3136,8820,4044,1
Página14,21,,3798,8107,110,3136,8822,4043,1
Página14,21,,3798,8107,110,3136,8827,4042,1
Página14,21,,3797,8100,110,3136,8823,4048,1
Página14,21,,3798,8104,110,3135,8827,4050,1
Página14,21,,3797,8095,110,3136,8838,4048,1
Página14,21,,3798,8104,110,3136,8834,4049,1
Página14,21,,3797,8095,110,3138,8843,4048,1
Página14,21,,3800,8119,110,3136,8823,4048,1
Página14,21,,3801,8120,110,3137,8823,4048,1
Página14,21,,3800,8120,110,3161,8825,4049,1
Página14,21,,3800,8118,110,3157,8825,4049,1
Página14,21,,3801,8127,110,3139,8818,4049,1
Página14,21,,3801,8130,110,3139,8816,4049,1
Página14,21,,3801,8129,110,3139,8819,4049,1
Página14,21,,3801,8125,110,3138,8816,4048,1
Página14,21,,3801,8116,110,3138,8822,4050,1
Página14,21,,3797,8126,110,3139,8823,4048,1
Página14,21,,3797,8124,110,3139,8825,4049,1
Página14,21,,3797,8122,111,3139,8827,4050,1
Página14,21,,3804,8124,110,3140,8830,4051,1
Página14,21,,3803,8119,110,3140,8827,4050,1
Página14,21,,3803,8128,111,3140,8824,4050,1
Página14,21,,3803,8123,110,3141,8829,4050,1
Página14,21,,3798,8133,110,3136,8821,4049,1
Página14,21,,3802,8133,110,3131,8819,4048,1
Página14,21,,3802,8134,110,3131,8817,4047,1
Página14,21,,3803,8145,110,3134,8809,4047,1
Página14,21,,3804,8150,110,3135,8808,4043,1
Página14,21,,3804,8153,110,3136,8793,4047,1
Página14,21,,3804,8153,110,3136,8794,4048,1
Página14,21,,3804,8149,110,3135,8799,4047,1
Página14,21,,3804,8142,110,3137,8809,4047,1
Página14,21,,3804,8140,110,3142,8812,4048,1
Página14,21,,3799,8150,111,3154,8812,4048,1
Página14,21,,3800,8150,111,3155,8813,4048,1
Página14,21,,3803,8151,111,3160,8813,4048,1
Página14,21,,3806,8151,111,3151,8815,4049,1
Página14,21,,3806,8153,111,3137,8816,4050,1
Página14,21,,3806,8153,110,3140,8818,4051,1
Página14,21,,3806,8154,110,3139,8819,4049,1
Página14,21,,3806,8154,110,3138,8821,4051,1
Página14,21,,3806,8155,110,3138,8822,4051,1
Página14,21,,3809,8156,110,3138,8826,4052,1
Página14,21,,3807,8154,110,3138,8824,4051,1
Página14,21,,3807,8153,111,3138,8826,4050,1
Página14,21,,3807,8152,111,3139,8827,4046,1
Página14,21,,3807,8151,110,3140,8829,4046,1
Página14,21,,3807,8149,110,3140,8835,4048,1
Página14,21,,3806,8143,110,3138,8836,4052,1
Página14,21,,3807,8148,111,3141,8832,4052,1
Página14,21,,3808,8148,110,3141,8831,4052,1
Página14,21,,3808,8147,110,3141,8832,4051,1
Página14,21,,3808,8147,110,3136,8834,4053,1
Página14,21,,3809,8151,110,3143,8834,4054,1
Página14,21,,3808,8147,110,3142,8833,4052,1
Página14,21,,3809,8148,110,3142,8834,4053,1
Página14,21,,3809,8148,111,3142,8835,4052,1
Página14,21,,3809,8156,110,3143,8829,4054,1
Página14,21,,3810,8160,110,3145,8829,4055,1
Página14,21,,3810,8161,110,3142,8828,4054,1
Página14,21,,3811,8161,110,3144,8830,4054,1
Página14,21,,3811,8163,110,3144,8830,4053,1
Página14,21,,3812,8164,110,3143,8830,4053,1
Página14,21,,3811,8165,110,3142,8833,4049,1
Página14,21,,3812,8155,111,3144,8833,4055,1
Página14,21,,3806,8167,111,3144,8834,4054,1
Página14,21,,3807,8167,111,3143,8836,4054,1
Página14,21,,3807,8167,110,3146,8836,4055,1
Página14,21,,3807,8169,111,3145,8840,4056,1
Página14,21,,3812,8164,110,3142,8838,4056,1
Página14,21,,3812,8164,111,3143,8839,4055,1
Página14,21,,3812,8161,110,3143,8840,4055,1
Página14,21,,3812,8154,110,3145,8845,4055,1
Página14,21,,3814,8155,110,3148,8846,4056,1
Página14,21,,3814,8155,110,3140,8838,4057,1
Página14,21,,3812,8150,111,3145,8835,4056,1
Página14,21,,3812,8157,111,3146,8830,4056,1
Página14,21,,3813,8148,110,3145,8837,4056,1
Página14,21,,3812,8148,111,3146,8837,4056,1
Página14,21,,3813,8157,111,3141,8836,4056,1
Página14,21,,3809,8142,111,3136,8846,4055,1
Página14,21,,3811,8153,111,3137,8839,4053,1
Página14,21,,3809,8144,111,3138,8845,4053,1
Página14,21,,3808,8139,111,3141,8846,4054,1
Página14,21,,3809,8147,111,3141,8842,4055,1
Página14,21,,3808,8133,111,3144,8854,4053,1
Página14,21,,3810,8143,110,3144,8851,4055,1
Página14,21,,3810,8131,111,3143,8850,4055,1
Página14,21,,3806,8133,110,3144,8850,4054,1
Página14,21,,3804,8133,111,3145,8850,4055,1
Página14,21,,3804,8132,111,3144,8852,4054,1
Página14,21,,3804,8132,111,3144,8853,4055,1
Página14,21,,3812,8141,111,3144,8835,4047,1
Página14,21,,3810,8140,110,3144,8847,4055,1
Página14,21,,3810,8139,111,3144,8848,4055,1
Página14,21,,3810,8140,111,3146,8848,4055,1
Página14,21,,3811,8142,110,3146,8849,4056,1
Página14,21,,3811,8142,111,3145,8851,4056,1
Página14,21,,3811,8140,111,3147,8852,4056,1
Página14,21,,3811,8139,111,3147,8852,4056,1
Página14,21,,3811,8139,111,3147,8854,4056,1
Página14,21,,3811,8135,111,3147,8857,4056,1
Página14,21,,3811,8130,111,3146,8863,4058,1
Página14,21,,3812,8137,110,3146,8853,4052,1
Página14,21,,3812,8135,111,3147,8858,4056,1
Página14,21,,3811,8132,111,3147,8849,4057,1
Página14,21,,3811,8135,111,3147,8849,4057,1
Página14,21,,3813,8123,111,3147,8865,4058,1
Página14,21,,3812,8134,111,3146,8862,4058,1
Página14,21,,3811,8130,111,3146,8864,4058,1
Página14,21,,3808,8088,111,3148,8879,4058,1
Página14,21,,3812,8131,110,3147,8863,4057,1
Página14,21,,3812,8127,111,3147,8869,4058,1
Página14,21,,3813,8135,111,3146,8863,4058,1
Página14,21,,3812,8135,111,3148,8864,4053,1
Página14,21,,3812,8134,110,3149,8866,4053,1
Página14,21,,3812,8131,111,3149,8870,4053,1
Página14,21,,3811,8127,111,3150,8873,4056,1
Página14,21,,3812,8123,111,3148,8868,4059,1
Página14,21,,3810,8100,111,3150,8888,4058,1
Página14,21,,3813,8121,111,3150,8871,4059,1
Página14,21,,3811,8127,111,3150,8871,4058,1
Página14,21,,3807,8131,111,3150,8870,4058,1
Página14,21,,3809,8131,111,3150,8872,4059,1
Página14,21,,3813,8129,111,3150,8871,4058,1
Página14,21,,3813,8130,111,3150,8871,4059,1
Página14,21,,3812,8128,111,3149,8871,4059,1
Página14,21,,3812,8130,111,3151,8870,4058,1
Página14,21,,3812,8134,111,3153,8873,4059,1
Página14,21,,3812,8132,111,3152,8867,4058,1
Página14,21,,3813,8132,111,3151,8872,4056,1
Página14,21,,3812,8131,111,3149,8874,4053,1
Página14,21,,3813,8133,111,3150,8874,4053,1
Página14,21,,3814,8133,111,3150,8875,4054,1
Página14,21,,3814,8137,111,3151,8863,4060,1
Página14,21,,3813,8136,111,3148,8876,4058,1
Página14,21,,3813,8137,111,3145,8876,4057,1
Página14,21,,3812,8136,112,3143,8876,4056,1
Página14,21,,3812,8137,111,3146,8878,4057,1
Página14,21,,3813,8138,111,3148,8878,4057,1
Página14,21,,3813,8139,111,3150,8878,4058,1
Página14,21,,3814,8142,111,3152,8879,4058,1
Página14,21,,3814,8143,111,3150,8878,4058,1
Página14,21,,3814,8142,111,3151,8879,4058,1
Página14,21,,3814,8143,111,3151,8879,4058,1
Página14,21,,3814,8143,111,3152,8881,4058,1
Página14,21,,3816,8147,111,3152,8884,4060,1
Página14,21,,3815,8144,111,3151,8882,4059,1
Página14,21,,3815,8145,111,3152,8881,4059,1
Página14,21,,3815,8144,111,3154,8883,4060,1
Página14,21,,3815,8145,111,3151,8881,4060,1
Página14,21,,3817,8155,111,3151,8877,4060,1
Página14,21,,3814,8136,111,3149,8879,4061,1
Página14,21,,3815,8144,111,3153,8883,4059,1
Página14,21,,3816,8145,111,3155,8882,4059,1
Página14,21,,3815,8147,111,3153,8882,4059,1
Página14,21,,3815,8143,111,3154,8887,4062,1
Página14,21,,3810,8125,112,3155,8895,4060,1
Página14,21,,3813,8129,111,3154,8896,4060,1
Página14,21,,3815,8132,111,3151,8887,4060,1
Página14,21,,3815,8140,111,3155,8887,4060,1
Página14,21,,3815,8146,111,3156,8877,4060,1
Página14,21,,3817,8145,111,3165,8886,4062,1
Página14,21,,3815,8137,112,3167,8892,4061,1
Página14,21,,3816,8152,112,3162,8881,4060,1
Página14,21,,3816,8152,111,3159,8882,4061,1
Página14,21,,3817,8151,111,3161,8884,4060,1
Página14,21,,3819,8158,111,3160,8874,4052,1
Página14,21,,3816,8150,112,3159,8884,4061,1
Página14,21,,3816,8149,111,3160,8885,4060,1
Página14,21,,3817,8153,112,3161,8881,4055,1
Página14,21,,3818,8154,111,3159,8882,4055,1
Página14,21,,3818,8152,112,3161,8883,4055,1
Página14,21,,3813,8156,111,3160,8883,4061,1
Página14,21,,3818,8155,111,3163,8884,4060,1
Página14,21,,3818,8157,112,3164,8884,4061,1
Página14,21,,3818,8157,111,3164,8886,4061,1
Página14,21,,3818,8165,112,3166,8880,4061,1
Página14,21,,3819,8168,112,3164,8882,4062,1
Página14,21,,3819,8168,112,3169,8880,4061,1
Página14,21,,3819,8169,112,3167,8879,4061,1
Página14,21,,3819,8170,112,3168,8879,4063,1
Página14,21,,3819,8166,112,3170,8882,4062,1
Página14,21,,3820,8172,111,3170,8880,4063,1
Página14,21,,3820,8171,112,3169,8878,4061,1
Página14,21,,3820,8178,111,3168,8875,4062,1
Página14,21,,3820,8175,111,3171,8878,4062,1
Página14,21,,3820,8171,112,3169,8882,4062,1
Página14,21,,3821,8168,112,3169,8889,4063,1
Página14,21,,3819,8168,112,3169,8876,4063,1
Página14,21,,3820,8168,112,3170,8875,4063,1
Página14,21,,3818,8165,112,3166,8889,4061,1
Página14,21,,3818,8167,112,3162,8883,4060,1
Página14,21,,3814,8141,112,3161,8907,4058,1
Página14,21,,3816,8148,112,3163,8890,4058,1
Página14,21,,3820,8188,112,3166,8873,4059,1
Página14,21,,3817,8165,112,3166,8882,4058,1
Página14,21,,3817,8159,112,3169,8869,4058,1
Página14,21,,3814,8198,112,3169,8864,4058,1
Página14,21,,3814,8196,112,3169,8866,4059,1
Página14,21,,3815,8196,111,3170,8865,4060,1
Página14,21,,3820,8197,112,3169,8866,4059,1
Página14,21,,3821,8196,112,3171,8868,4058,1
Página14,21,,3820,8187,112,3171,8875,4059,1
Página14,21,,3820,8194,112,3173,8872,4060,1
Página14,21,,3820,8197,112,3173,8872,4058,1
Página14,21,,3822,8195,112,3168,8878,4060,1
Página14,21,,3821,8203,112,3171,8869,4059,1
Página14,21,,3822,8205,113,3191,8869,4059,1
Página14,21,,3821,8205,112,3174,8870,4060,1
Página14,21,,3822,8208,112,3172,8871,4060,1
Página14,21,,3817,8211,112,3172,8873,4060,1
Página14,21,,3822,8194,112,3172,8880,4060,1
Página14,21,,3823,8195,112,3172,8881,4061,1
Página14,21,,3823,8195,112,3172,8883,4060,1
Página14,21,,3823,8196,112,3173,8884,4060,1
Página14,21,,3825,8200,111,3172,8888,4063,1
Página14,21,,3823,8208,112,3171,8886,4060,1
Página14,21,,3823,8206,112,3171,8884,4062,1
Página14,21,,3823,8207,112,3172,8885,4060,1
Página14,21,,3823,8207,112,3172,8886,4061,1
Página14,21,,3824,8208,111,3172,8886,4062,1
Página14,21,,3821,8203,112,3173,8871,4057,1
Página14,21,,3823,8206,112,3173,8886,4062,1
Página14,21,,3823,8206,112,3173,8885,4062,1
Página14,21,,3823,8205,112,3174,8884,4062,1
Página14,21,,3823,8204,113,3174,8884,4057,1
Página14,21,,3815,8194,112,3172,8876,4057,1
Página14,21,,3823,8205,112,3174,8871,4062,1
Página14,21,,3823,8207,112,3174,8873,4062,1
Página14,21,,3823,8207,112,3174,8872,4062,1
Página14,21,,3823,8209,112,3174,8870,4062,1
Página14,21,,3825,8212,112,3172,8869,4063,1
Página14,21,,3823,8209,112,3174,8880,4063,1
Página14,21,,3824,8208,112,3178,8879,4063,1
Página14,21,,3824,8208,112,3176,8880,4063,1
Página14,21,,3823,8208,112,3177,8879,4063,1
Página14,21,,3823,8210,112,3176,8884,4068,1
Página14,21,,3825,8209,112,3178,8879,4063,1
Página14,21,,3824,8208,112,3179,8881,4062,1
Página14,21,,3824,8208,112,3179,8881,4063,1
Página14,21,,3823,8208,112,3178,8880,4062,1
Página14,21,,3823,8207,112,3180,8880,4063,1
Página14,21,,3824,8208,112,3177,8883,4064,1
Página14,21,,3824,8206,112,3179,8884,4062,1
Página14,21,,3823,8197,113,3181,8889,4063,1
Página14,21,,3823,8195,112,3180,8891,4063,1
Página14,21,,3824,8195,113,3177,8889,4063,1
Página14,21,,3823,8219,113,3177,8871,4061,1
Página14,21,,3822,8224,113,3172,8867,4060,1
Página14,21,,3823,8218,113,3174,8873,4059,1
Página14,21,,3822,8213,113,3175,8874,4059,1
Página14,21,,3822,8210,112,3178,8878,4059,1
Página14,21,,3821,8208,112,3177,8879,4058,1
Página14,21,,3821,8207,112,3176,8882,4057,1
Página14,21,,3821,8194,112,3177,8879,4054,1
Página14,21,,3822,8204,113,3196,8876,4061,1
Página14,21,,3821,8191,112,3183,8887,4060,1
Página14,21,,3821,8191,112,3178,8885,4059,1
Página14,21,,3822,8193,112,3178,8884,4059,1
Página14,21,,3822,8192,112,3180,8887,4059,1
Página14,21,,3817,8203,112,3177,8889,4060,1
Página14,21,,3821,8201,112,3179,8890,4060,1
Página14,21,,3821,8195,112,3180,8895,4060,1
Página14,21,,3822,8205,112,3178,8889,4060,1
Página14,21,,3823,8213,112,3180,8885,4060,1
Página14,21,,3823,8205,113,3180,8895,4060,1
Página14,21,,3822,8201,112,3178,8894,4060,1
Página14,21,,3821,8199,112,3178,8896,4060,1
Página14,21,,3822,8196,112,3179,8899,4060,1
Página14,21,,3821,8196,112,3179,8901,4060,1
Página14,21,,3822,8191,112,3179,8908,4063,1
Página14,21,,3817,8202,112,3179,8889,4061,1
Página14,21,,3823,8204,112,3177,8893,4061,1
Página14,21,,3822,8195,112,3177,8893,4061,1
Página14,21,,3821,8173,113,3177,8905,4060,1
Página14,21,,3827,8195,112,3177,8903,4062,1
Página14,21,,3823,8198,113,3181,8902,4061,1
Página14,21,,3822,8198,113,3182,8904,4061,1
Página14,21,,3823,8203,113,3178,8900,4061,1
Página14,21,,3823,8201,113,3177,8905,4061,1
Página14,21,,3823,8194,112,3179,8910,4062,1
Página14,21,,3824,8208,113,3177,8900,4062,1
Página14,21,,3823,8211,112,3177,8899,4062,1
Página14,21,,3824,8214,113,3180,8896,4061,1
Página14,21,,3825,8217,112,3181,8895,4062,1
Página14,21,,3825,8216,112,3183,8898,4062,1
Página14,21,,3825,8216,112,3183,8901,4058,1
Página14,21,,3824,8216,112,3183,8893,4062,1
Página14,21,,3825,8217,113,3183,8888,4063,1
Página14,21,,3825,8217,113,3205,8889,4062,1
Página14,21,,3825,8212,112,3189,8897,4062,1
Página14,21,,3825,8215,112,3186,8903,4063,1
Página14,21,,3826,8218,112,3186,8900,4063,1
Página14,21,,3826,8226,113,3188,8896,4062,1
Página14,21,,3826,8220,113,3188,8902,4063,1
Página14,21,,3826,8219,113,3187,8903,4063,1
Página14,21,,3825,8222,112,3185,8910,4062,1
Página14,21,,3827,8222,113,3186,8904,4062,1
Página14,21,,3827,8222,113,3191,8904,4063,1
Página14,21,,3827,8223,113,3190,8904,4063,1
Página14,21,,3827,8223,113,3188,8903,4063,1
Página14,21,,3828,8224,113,3187,8903,4063,1
Página14,21,,3827,8224,113,3185,8905,4062,1
Página14,21,,3826,8221,114,3198,8907,4060,1
Página14,21,,3826,8224,114,3199,8911,4061,1
Página14,21,,3826,8224,114,3204,8909,4059,1
Página14,21,,3826,8224,114,3204,8910,4060,1
Página14,21,,3825,8218,114,3203,8917,4060,1
Página14,21,,3825,8211,114,3207,8923,4060,1
Página14,21,,3827,8221,114,3207,8920,4062,1
Página14,21,,3827,8218,114,3203,8922,4061,1
Página14,21,,3827,8231,114,3205,8912,4061,1
Página14,21,,3828,8233,114,3207,8913,4061,1
Página14,21,,3828,8233,114,3208,8916,4062,1
Página14,21,,3829,8230,115,3231,8921,4062,1
Página14,21,,3829,8230,114,3213,8921,4057,1
Página14,21,,3829,8231,114,3210,8921,4057,1
Página14,21,,3828,8231,114,3212,8921,4057,1
Página14,21,,3828,8229,113,3210,8922,4061,1
Página14,21,,3826,8192,114,3206,8928,4064,1
Página14,21,,3827,8218,114,3203,8934,4062,1
Página14,21,,3827,8219,113,3206,8934,4063,1
Página14,21,,3827,8220,114,3206,8935,4063,1
Página14,21,,3828,8218,114,3208,8939,4063,1
Página14,21,,3828,8218,114,3211,8941,4062,1
Página14,21,,3827,8218,114,3210,8943,4063,1
Página14,21,,3827,8214,113,3205,8944,4063,1
Página14,21,,3827,8214,114,3210,8944,4062,1
Página14,21,,3826,8214,114,3210,8945,4062,1
Página14,21,,3827,8217,114,3211,8944,4061,1
Página14,21,,3828,8219,115,3219,8947,4063,1
Página14,21,,3827,8210,114,3211,8949,4058,1
Página14,21,,3829,8222,114,3209,8939,4057,1
Página14,21,,3828,8225,114,3210,8937,4057,1
Página14,21,,3828,8223,114,3211,8937,4059,1
Página14,21,,3828,8222,114,3211,8940,4058,1
Página14,21,,3828,8221,115,3216,8938,4063,1
Página14,21,,3828,8220,114,3219,8938,4062,1
Página14,21,,3828,8220,114,3209,8937,4062,1
Página14,21,,3828,8217,114,3212,8937,4063,1
Página14,21,,3827,8214,114,3208,8939,4064,1
Página14,21,,3829,8214,115,3225,8944,4065,1
Página14,21,,3826,8205,113,3193,8948,4064,1
Página14,21,,3828,8220,113,3191,8936,4064,1
Página14,21,,3828,8220,113,3191,8934,4064,1
Página14,21,,3828,8220,113,3192,8932,4064,1
Página14,21,,3829,8220,113,3188,8932,4064,1
Página14,21,,3828,8217,113,3189,8931,4064,1
Página14,21,,3828,8219,112,3189,8930,4064,1
Página14,21,,3828,8217,113,3189,8929,4064,1
Página14,21,,3827,8217,112,3187,8929,4063,1
Página14,21,,3829,8218,113,3190,8929,4063,1
Página14,21,,3827,8210,112,3188,8927,4064,1
Página14,21,,3827,8204,113,3187,8931,4064,1
Página14,21,,3827,8199,112,3187,8935,4064,1
Página14,21,,3827,8202,113,3190,8932,4064,1
Página14,21,,3828,8207,113,3191,8932,4068,1
Página14,21,,3827,8217,113,3187,8929,4064,1
Página14,21,,3827,8206,113,3185,8927,4063,1
Página14,21,,3822,8218,113,3182,8916,4062,1
Página14,21,,3825,8204,114,3180,8928,4061,1
Página14,21,,3825,8203,113,3183,8928,4060,1
Página14,21,,3825,8204,113,3184,8928,4060,1
Página14,21,,3823,8212,113,3184,8931,4060,1
Página14,21,,3821,8219,113,3184,8933,4060,1
Página14,21,,3826,8218,113,3184,8934,4061,1
Página14,21,,3825,8219,113,3183,8935,4060,1
Página14,21,,3826,8217,113,3185,8938,4061,1
Página14,21,,3826,8218,113,3184,8939,4061,1
Página14,21,,3826,8219,113,3186,8941,4061,1
Página14,21,,3826,8217,113,3186,8943,4061,1
Página14,21,,3826,8217,113,3186,8945,4061,1
Página14,21,,3826,8217,113,3187,8947,4061,1
Página14,21,,3826,8216,113,3186,8948,4061,1
Página14,21,,3826,8217,113,3187,8954,4062,1
Página14,21,,3825,8194,113,3187,8966,4062,1
Página14,21,,3825,8201,113,3187,8963,4062,1
Página14,21,,3826,8205,113,3189,8961,4062,1
Página14,21,,3827,8211,113,3197,8959,4063,1
Página14,21,,3827,8215,113,3197,8961,4064,1
Página14,21,,3832,8262,114,3197,8921,4062,1
Página14,21,,3831,8262,113,3196,8921,4063,1
Página14,21,,3830,8247,113,3193,8932,4062,1
Página14,21,,3829,8235,113,3192,8943,4063,1
Página14,21,,3829,8234,113,3192,8945,4063,1
Página14,21,,3829,8231,113,3194,8948,4064,1
Página14,21,,3828,8217,113,3193,8961,4063,1
Página14,21,,3824,8180,113,3199,8995,4063,1
Página14,21,,3826,8187,113,3197,8983,4064,1
Página14,21,,3825,8175,113,3193,8993,4063,1
Página14,21,,3821,8190,113,3189,8983,4063,1
Página14,21,,3828,8205,113,3186,8973,4059,1
Página14,21,,3828,8208,113,3187,8971,4058,1
Página14,21,,3827,8202,113,3190,8983,4058,1
Página14,21,,3822,8167,113,3187,8986,4063,1
Página14,21,,3830,8210,113,3189,8965,4065,1
Página14,21,,3827,8196,113,3185,8983,4064,1
Página14,21,,3828,8205,113,3186,8974,4065,1
Página14,21,,3827,8206,113,3186,8973,4063,1
Página14,21,,3828,8201,113,3186,8978,4064,1
Página14,21,,3827,8191,113,3186,8996,4065,1
Página14,21,,3829,8210,113,3186,8972,4065,1
Página14,21,,3830,8218,113,3185,8966,4065,1
Página14,21,,3830,8218,113,3190,8965,4065,1
Página14,21,,3830,8215,113,3189,8968,4065,1
Página14,21,,3830,8214,113,3188,8964,4052,1
Página14,21,,3830,8213,113,3190,8973,4066,1
Página14,21,,3829,8212,113,3188,8973,4066,1
Página14,21,,3828,8208,112,3200,8976,4066,1
Página14,21,,3830,8210,113,3188,8975,4061,1
Página14,21,,3831,8207,113,3189,8972,4061,1
Página14,21,,3831,8218,113,3188,8975,4066,1
Página14,21,,3831,8222,113,3188,8962,4067,1
Página14,21,,3830,8208,113,3189,8965,4067,1
Página14,21,,3831,8213,113,3189,8966,4068,1
Página14,21,,3829,8229,113,3185,8962,4067,1
Página14,21,,3830,8214,115,3197,8956,4065,1
Página14,21,,3829,8222,114,3186,8962,4063,1
Página14,21,,3830,8221,114,3186,8976,4070,1
Página14,21,,3828,8208,113,3181,8967,4064,1
Página14,21,,3828,8210,113,3183,8965,4064,1
Página14,21,,3827,8193,112,3184,8974,4065,1
Página14,21,,3824,8230,113,3184,8959,4064,1
Página14,21,,3824,8231,113,3185,8960,4064,1
Página14,21,,3830,8234,113,3184,8959,4063,1
Página14,21,,3830,8228,113,3185,8959,4065,1
Página14,21,,3829,8225,113,3188,8961,4065,1
Página14,21,,3828,8223,113,3189,8964,4064,1
Página14,21,,3830,8226,113,3187,8961,4065,1
Página14,21,,3831,8232,113,3186,8948,4065,1
Página14,21,,3830,8240,113,3185,8947,4065,1
Página14,21,,3830,8236,113,3214,8952,4065,1
Página14,21,,3831,8243,114,3211,8946,4065,1
Página14,21,,3832,8244,115,3222,8948,4065,1
Página14,21,,3830,8241,115,3222,8959,4067,1
Página14,21,,3830,8236,114,3221,8951,4065,1
Página14,21,,3829,8243,113,3205,8949,4064,1
Página14,21,,3830,8246,114,3196,8945,4064,1
Página14,21,,3828,8222,113,3189,8972,4064,1
Página14,21,,3827,8218,113,3188,8968,4064,1
Página14,21,,3829,8219,113,3186,8981,4068,1
Página14,21,,3827,8217,113,3186,8976,4060,1
Página14,21,,3828,8214,113,3188,8975,4059,1
Página14,21,,3828,8215,113,3187,8965,4065,1
Página14,21,,3827,8206,113,3188,8977,4065,1
Página14,21,,3828,8207,113,3187,8971,4065,1
Página14,21,,3829,8209,113,3186,8975,4065,1
Página14,21,,3829,8216,113,3186,8976,4065,1
Página14,21,,3828,8219,113,3187,8972,4065,1
Página14,21,,3828,8215,113,3187,8976,4066,1
Página14,21,,3828,8221,113,3187,8970,4066,1
Página14,21,,3830,8223,113,3185,8971,4066,1
Página14,21,,3829,8225,113,3184,8970,4066,1
Página14,21,,3829,8226,113,3187,8971,4066,1
Página14,21,,3829,8225,114,3188,8972,4065,1
Página14,21,,3828,8216,113,3187,8978,4065,1
Página14,21,,3828,8221,113,3186,8980,4066,1
Página14,21,,3828,8218,113,3185,8982,4066,1
Página14,21,,3828,8215,113,3187,8987,4066,1
Página14,21,,3827,8211,112,3187,8991,4066,1
Página14,21,,3827,8204,113,3187,8997,4065,1
Página14,21,,3826,8208,113,3186,8991,4066,1
Página14,21,,3827,8195,113,3186,9008,4065,1
Página14,21,,3828,8213,114,3187,8989,4065,1
Página14,21,,3827,8214,113,3187,8989,4065,1
Página14,21,,3828,8211,113,3185,8999,4065,1
Página14,21,,3828,8223,113,3184,8984,4064,1
Página14,21,,3827,8220,113,3186,8988,4065,1
Página14,21,,3829,8225,114,3187,8978,4065,1
Página14,21,,3830,8226,113,3187,8976,4065,1
Página14,21,,3829,8223,113,3187,8979,4066,1
Página14,21,,3830,8224,113,3184,8998,4067,1
Página14,21,,3828,8216,114,3180,8988,4065,1
Página14,21,,3827,8209,114,3182,9005,4064,1
Página14,21,,3828,8204,113,3183,9019,4063,1
Página14,21,,3828,8227,113,3181,8983,4063,1
Página14,21,,3828,8216,113,3183,8995,4064,1
Página14,21,,3829,8218,113,3184,8996,4064,1
Página14,21,,3829,8215,113,3184,8999,4064,1
Página14,21,,3827,8214,113,3185,9006,4066,1
Página14,21,,3830,8220,113,3183,9007,4065,1
Página14,21,,3827,8193,114,3186,9026,4065,1
Página14,21,,3830,8225,114,3186,8999,4065,1
Página14,21,,3830,8224,113,3186,9001,4065,1
Página14,21,,3830,8227,113,3186,9000,4065,1
Página14,21,,3830,8227,113,3183,9004,4066,1
Página14,21,,3830,8223,113,3187,9005,4065,1
Página14,21,,3831,8222,114,3187,9007,4065,1
Página14,21,,3830,8219,113,3187,9009,4066,1
Página14,21,,3830,8218,113,3186,9011,4066,1
Página14,21,,3831,8216,113,3186,9017,4066,1
Página14,21,,3830,8210,113,3186,9023,4066,1
Página14,21,,3828,8182,113,3188,9044,4061,1
Página14,21,,3825,8148,113,3187,9062,4061,1
Página14,21,,3827,8173,114,3187,9035,4067,1
Página14,21,,3830,8185,113,3187,9032,4067,1
Página14,21,,3829,8189,113,3186,9041,4067,1
Página14,21,,3829,8184,113,3187,9047,4066,1
Página14,21,,3827,8174,113,3187,9052,4066,1
Página14,21,,3831,8203,113,3188,9036,4068,1
Página14,21,,3831,8207,114,3188,9039,4068,1
Página14,21,,3832,8201,113,3189,9037,4063,1
Página14,21,,3832,8206,113,3188,9035,4062,1
Página14,21,,3831,8208,113,3189,9034,4063,1
Página14,21,,3833,8211,114,3188,9022,4068,1
Página14,21,,3834,8229,113,3187,9012,4068,1
Página14,21,,3836,8235,113,3186,9021,4069,1
Página14,21,,3835,8237,113,3187,9021,4068,1
Página14,21,,3835,8237,113,3187,9023,4068,1
Página14,21,,3834,8223,114,3187,9030,4069,1
Página14,21,,3836,8246,113,3188,9016,4069,1
Página14,21,,3837,8257,113,3187,9018,4070,1
Página14,21,,3835,8240,113,3187,9025,4069,1
Página14,21,,3839,8259,113,3188,9026,4069,1
Página14,21,,3840,8274,113,3189,9012,4069,1
Página14,21,,3841,8294,113,3189,8998,4069,1
Página14,21,,3842,8296,113,3188,9002,4071,1
Página14,21,,3842,8298,113,3190,9000,4070,1
Página14,21,,3842,8299,113,3189,9000,4070,1
Página14,21,,3842,8307,114,3188,8995,4070,1
Página14,21,,3842,8310,114,3188,8993,4069,1
Página14,21,,3843,8313,114,3189,8993,4071,1
Página14,21,,3842,8307,114,3188,8997,4066,1
Página14,21,,3842,8313,114,3187,8982,4070,1
Página14,21,,3841,8291,113,3188,9024,4071,1
Página14,21,,3842,8302,113,3189,8992,4071,1
Página14,21,,3841,8265,113,3187,9033,4076,1
Página14,21,,3840,8290,114,3182,9010,4066,1
Página14,21,,3838,8261,115,3191,9021,4069,1
Página14,21,,3839,8285,114,3185,9014,4070,1
Página14,21,,3838,8285,114,3181,9009,4068,1
Página14,21,,3840,8301,114,3182,8997,4069,1
Página14,21,,3841,8302,114,3181,8997,4069,1
Página14,21,,3839,8288,114,3185,9010,4069,1
Página14,21,,3839,8275,114,3180,9024,4069,1
Página14,21,,3841,8297,113,3183,9004,4064,1
Página14,21,,3841,8306,114,3184,8997,4063,1
Página14,21,,3832,8308,114,3183,8997,4063,1
Página14,21,,3841,8308,114,3183,8985,4070,1
Página14,21,,3843,8308,113,3183,8987,4070,1
Página14,21,,3842,8309,114,3183,8997,4070,1
Página14,21,,3841,8308,113,3182,8999,4070,1
Página14,21,,3842,8307,113,3182,9000,4070,1
Página14,21,,3842,8308,114,3183,8999,4069,1
Página14,21,,3840,8279,114,3184,9016,4071,1
Página14,21,,3840,8282,114,3186,9021,4071,1
Página14,21,,3840,8279,114,3184,9023,4070,1
Página14,21,,3840,8278,114,3183,9025,4071,1
Página14,21,,3840,8277,113,3183,9025,4070,1
Página14,21,,3838,8273,114,3183,9028,4071,1
Página14,21,,3836,8261,114,3184,9036,4070,1
Página14,21,,3834,8264,114,3185,9035,4071,1
Página14,21,,3834,8258,113,3187,9038,4070,1
Página14,21,,3833,8257,114,3189,9043,4070,1
Página14,21,,3834,8264,114,3189,9033,4070,1
Página14,21,,3840,8264,114,3186,9036,4071,1
Página14,21,,3839,8260,114,3189,9037,4070,1
Página14,21,,3839,8261,114,3191,9037,4070,1
Página14,21,,3839,8261,114,3190,9038,4070,1
Página14,21,,3839,8263,114,3193,9037,4070,1
Página14,21,,3839,8263,114,3190,9040,4069,1
Página14,21,,3841,8277,115,3193,9030,4070,1
Página14,21,,3840,8278,114,3195,9031,4069,1
Página14,21,,3841,8278,114,3194,9031,4070,1
Página14,21,,3841,8278,114,3196,9032,4070,1
Página14,21,,3841,8280,114,3198,9036,4071,1
Página14,21,,3837,8278,114,3196,9032,4069,1
Página14,21,,3835,8278,113,3194,9035,4070,1
Página14,21,,3835,8279,114,3195,9035,4070,1
Página14,21,,3841,8279,114,3195,9036,4069,1
Página14,21,,3841,8280,114,3194,9039,4070,1
Página14,21,,3841,8279,114,3201,9039,4070,1
Página14,21,,3841,8278,114,3198,9039,4070,1
Página14,21,,3841,8277,114,3199,9040,4069,1
Página14,21,,3841,8276,114,3201,9041,4069,1
Página14,21,,3841,8272,114,3200,9044,4069,1
Página14,21,,3841,8268,114,3201,9049,4070,1
Página14,21,,3841,8268,114,3201,9051,4069,1
Página14,21,,3841,8273,115,3200,9043,4070,1
Página14,21,,3841,8268,114,3201,9048,4069,1
Página14,21,,3841,8271,114,3201,9035,4070,1
Página14,21,,3839,8279,114,3200,9035,4070,1
Página14,21,,3842,8288,115,3200,9029,4067,1
Página14,21,,3841,8291,114,3196,9027,4068,1
Página14,21,,3841,8292,115,3199,9027,4068,1
Página14,21,,3839,8279,115,3193,9037,4066,1
Página14,21,,3840,8287,115,3197,9032,4065,1
Página14,21,,3840,8288,115,3198,9032,4067,1
Página14,21,,3842,8297,114,3200,9029,4067,1
Página14,21,,3842,8296,114,3199,9030,4066,1
Página14,21,,3841,8294,115,3202,9032,4067,1
Página14,21,,3841,8294,114,3201,9033,4067,1
Página14,21,,3841,8284,114,3202,9043,4068,1
Página14,21,,3842,8291,114,3203,9037,4068,1
Página14,21,,3842,8295,115,3199,9036,4063,1
Página14,21,,3842,8291,115,3202,9038,4063,1
Página14,21,,3843,8296,115,3202,9022,4068,1
Página14,21,,3842,8284,114,3202,9035,4068,1
Página14,21,,3842,8283,115,3203,9036,4068,1
Página14,21,,3843,8282,114,3202,9040,4069,1
Página14,21,,3842,8281,114,3201,9048,4069,1
Página14,21,,3842,8280,114,3201,9051,4069,1
Página14,21,,3842,8284,114,3203,9047,4069,1
Página14,21,,3843,8284,114,3202,9049,4069,1
Página14,21,,3844,8281,115,3201,9053,4070,1
Página14,21,,3842,8278,115,3200,9056,4069,1
Página14,21,,3843,8283,115,3202,9052,4068,1
Página14,21,,3843,8285,114,3201,9053,4069,1
Página14,21,,3844,8285,115,3202,9053,4069,1
Página14,21,,3843,8283,115,3201,9058,4073,1
Página14,21,,3842,8285,115,3201,9054,4070,1
Página14,21,,3844,8287,114,3201,9053,4071,1
Página14,21,,3844,8286,115,3204,9055,4069,1
Página14,21,,3843,8284,115,3202,9058,4070,1
Página14,21,,3845,8285,114,3206,9058,4070,1
Página14,21,,3845,8288,114,3201,9057,4071,1
Página14,21,,3845,8284,115,3203,9059,4071,1
Página14,21,,3845,8288,115,3201,9057,4071,1
Página14,21,,3845,8286,114,3204,9059,4071,1
Página14,21,,3845,8286,114,3212,9061,4071,1
Página14,21,,3846,8286,114,3205,9065,4072,1
Página14,21,,3845,8277,115,3203,9070,4070,1
Página14,21,,3845,8282,115,3203,9068,4067,1
Página14,21,,3846,8280,114,3203,9070,4067,1
Página14,21,,3845,8274,115,3203,9074,4070,1
Página14,21,,3847,8274,114,3203,9067,4073,1
Página14,21,,3840,8272,115,3203,9086,4073,1
Página14,21,,3841,8274,115,3202,9077,4073,1
Página14,21,,3840,8270,115,3202,9080,4073,1
Página14,21,,3845,8269,114,3203,9082,4073,1
Página14,21,,3847,8262,115,3207,9089,4074,1
Página14,21,,3845,8256,115,3202,9095,4073,1
Página14,21,,3847,8271,114,3207,9083,4073,1
Página14,21,,3847,8282,114,3203,9076,4074,1
Página14,21,,3847,8279,114,3202,9079,4074,1
Página14,21,,3847,8256,114,3202,9085,4075,1
Página14,21,,3847,8273,115,3201,9075,4075,1
Página14,21,,3847,8264,115,3207,9085,4075,1
Página14,21,,3848,8272,115,3205,9080,4075,1
Página14,21,,3848,8284,115,3199,9082,4074,1
Página14,21,,3846,8270,115,3193,9087,4073,1
Página14,21,,3845,8247,115,3201,9084,4072,1
Página14,21,,3845,8279,115,3194,9082,4073,1
Página14,21,,3846,8289,115,3195,9070,4072,1
Página14,21,,3847,8294,115,3198,9068,4072,1
Página14,21,,3848,8304,115,3203,9062,4072,1
Página14,21,,3848,8299,114,3201,9070,4072,1
Página14,21,,3849,8309,115,3204,9066,4074,1
Página14,21,,3849,8298,115,3201,9084,4071,1
Página14,21,,3850,8313,115,3201,9056,4074,1
Página14,21,,3850,8309,115,3202,9061,4075,1
Página14,21,,3850,8308,115,3204,9059,4074,1
Página14,21,,3850,8305,115,3201,9066,4074,1
Página14,21,,3845,8313,114,3200,9067,4075,1
Página14,21,,3850,8311,115,3200,9068,4075,1
Página14,21,,3851,8312,115,3199,9068,4075,1
Página14,21,,3851,8306,115,3197,9074,4075,1
Página14,21,,3851,8310,115,3198,9071,4076,1
Página14,21,,3852,8310,115,3199,9078,4081,1
Página14,21,,3851,8308,115,3200,9074,4076,1
Página14,21,,3851,8307,114,3200,9075,4077,1
Página14,21,,3851,8305,114,3201,9078,4076,1
Página14,21,,3851,8302,116,3200,9081,4076,1
Página14,21,,3852,8301,114,3201,9083,4072,1
Página14,21,,3848,8297,114,3199,9080,4076,1
Página14,21,,3851,8300,115,3199,9085,4077,1
Página14,21,,3852,8303,115,3199,9083,4078,1
Página14,21,,3852,8304,115,3199,9083,4078,1
Página14,21,,3852,8304,115,3200,9084,4079,1
Página14,21,,3852,8305,115,3212,9086,4079,1
Página14,21,,3852,8303,115,3200,9087,4080,1
Página14,21,,3852,8299,115,3200,9091,4080,1
Página14,21,,3853,8312,115,3203,9079,4080,1
Página14,21,,3853,8312,115,3200,9082,4080,1
Página14,21,,3855,8305,115,3200,9081,4080,1
Página14,21,,3852,8302,115,3198,9075,4079,1
Página14,21,,3853,8307,115,3198,9077,4080,1
Página14,21,,3853,8308,115,3198,9083,4080,1
Página14,21,,3853,8302,114,3198,9089,4079,1
Página14,21,,3854,8302,115,3196,9089,4082,1
Página14,21,,3851,8313,115,3198,9090,4081,1
Página14,21,,3854,8316,115,3198,9088,4081,1
Página14,21,,3855,8317,115,3198,9088,4080,1
Página14,21,,3854,8317,115,3199,9089,4082,1
Página14,21,,3855,8316,115,3199,9092,4081,1
Página14,21,,3855,8315,114,3202,9095,4083,1
Página14,21,,3856,8315,116,3215,9094,4082,1
Página14,21,,3856,8315,116,3213,9095,4082,1
Página14,21,,3856,8324,116,3223,9090,4083,1
Página14,21,,3857,8324,116,3216,9090,4082,1
Página14,21,,3858,8322,116,3228,9094,4084,1
Página14,21,,3857,8320,115,3218,9096,4077,1
Página14,21,,3858,8333,115,3216,9087,4077,1
Página14,21,,3858,8335,116,3216,9085,4077,1
Página14,21,,3858,8334,115,3208,9078,4083,1
Página14,21,,3857,8323,115,3209,9093,4083,1
Página14,21,,3856,8327,115,3199,9088,4081,1
Página14,21,,3856,8328,116,3198,9086,4081,1
Página14,21,,3855,8328,115,3204,9088,4081,1
Página14,21,,3855,8328,115,3206,9088,4081,1
Página14,21,,3856,8330,115,3205,9089,4080,1
Página14,21,,3856,8329,115,3204,9090,4081,1
Página14,21,,3856,8330,116,3203,9092,4082,1
Página14,21,,3858,8333,116,3202,9095,4077,1
Página14,21,,3857,8330,115,3202,9091,4076,1
Página14,21,,3857,8332,115,3202,9089,4080,1
Página14,21,,3856,8327,114,3199,9088,4082,1
Página14,21,,3857,8332,115,3197,9084,4082,1
Página14,21,,3858,8321,115,3199,9098,4083,1
Página14,21,,3851,8320,114,3199,9105,4083,1
Página14,21,,3852,8318,115,3200,9107,4083,1
Página14,21,,3852,8317,115,3198,9110,4082,1
Página14,21,,3851,8312,114,3200,9114,4083,1
Página14,21,,3854,8341,115,3199,9096,4085,1
Página14,21,,3860,8341,115,3198,9093,4083,1
Página14,21,,3860,8338,115,3198,9095,4084,1
Página14,21,,3859,8338,116,3199,9097,4084,1
Página14,21,,3859,8336,115,3196,9099,4084,1
Página14,21,,3859,8333,116,3197,9107,4084,1
Página14,21,,3859,8333,115,3195,9104,4085,1
Página14,21,,3859,8332,115,3198,9103,4085,1
Página14,21,,3860,8332,116,3197,9104,4084,1
Página14,21,,3859,8327,115,3197,9110,4084,1
Página14,21,,3861,8339,115,3199,9100,4079,1
Página14,21,,3861,8335,116,3208,9108,4079,1
Página14,21,,3859,8330,115,3198,9099,4085,1
Página14,21,,3860,8331,115,3198,9098,4085,1
Página14,21,,3861,8331,115,3201,9102,4085,1
Página14,21,,3860,8320,115,3199,9113,4085,1
Página14,21,,3855,8317,115,3198,9113,4084,1
Página14,21,,3860,8330,116,3196,9116,4084,1
Página14,21,,3860,8330,115,3198,9116,4085,1
Página14,21,,3862,8329,115,3199,9118,4086,1
Página14,21,,3861,8333,115,3198,9117,4086,1
Página14,21,,3861,8335,115,3198,9122,4086,1
Página14,21,,3862,8335,115,3198,9121,4081,1
Página14,21,,3862,8334,115,3199,9123,4080,1
Página14,21,,3862,8333,115,3195,9124,4084,1
Página14,21,,3862,8333,115,3199,9117,4086,1
Página14,21,,3863,8334,116,3199,9123,4086,1
Página14,21,,3857,8304,115,3200,9143,4086,1
Página14,21,,3860,8346,115,3198,9126,4085,1
Página14,21,,3865,8349,115,3200,9126,4086,1
Página14,21,,3865,8351,115,3198,9127,4086,1
Página14,21,,3865,8351,115,3199,9138,4086,1
Página14,21,,3865,8344,116,3199,9136,4087,1
Página14,21,,3867,8354,116,3200,9129,4086,1
Página14,21,,3866,8355,115,3201,9129,4087,1
Página14,21,,3866,8356,115,3204,9129,4088,1
Página14,21,,3866,8354,115,3203,9127,4088,1
Página14,21,,3859,8345,115,3203,9138,4086,1
Página14,21,,3865,8348,116,3199,9136,4088,1
Página14,21,,3865,8350,116,3195,9135,4086,1
Página14,21,,3860,8345,116,3195,9139,4086,1
Página14,21,,3859,8344,115,3200,9142,4086,1
Página14,21,,3858,8341,115,3200,9158,4086,1
Página14,21,,3863,8346,116,3204,9144,4086,1
Página14,21,,3863,8343,115,3201,9146,4087,1
Página14,21,,3865,8345,115,3201,9150,4088,1
Página14,21,,3865,8340,115,3199,9152,4087,1
Página14,21,,3865,8338,115,3198,9155,4088,1
Página14,21,,3865,8338,115,3201,9150,4087,1
Página14,21,,3866,8338,115,3204,9153,4087,1
Página14,21,,3867,8349,116,3212,9148,4088,1
Página14,21,,3867,8350,116,3207,9143,4088,1
Página14,21,,3866,8346,116,3204,9145,4088,1
Página14,21,,3867,8355,115,3202,9139,4088,1
Página14,21,,3867,8354,115,3203,9138,4088,1
Página14,21,,3868,8355,116,3202,9141,4089,1
Página14,21,,3866,8356,116,3204,9137,4089,1
Página14,21,,3868,8355,116,3202,9138,4090,1
Página14,21,,3868,8354,115,3205,9140,4090,1
Página14,21,,3868,8355,116,3203,9139,4090,1
Página14,21,,3868,8360,116,3209,9106,4086,1
Página14,21,,3863,8355,116,3206,9141,4090,1
Página14,21,,3864,8354,116,3206,9140,4090,1
Página14,21,,3868,8353,115,3205,9141,4090,1
Página14,21,,3868,8348,116,3206,9145,4090,1
Página14,21,,3869,8349,115,3205,9143,4090,1
Página14,21,,3868,8351,116,3201,9143,4091,1
Página14,21,,3868,8347,115,3204,9144,4091,1
Página14,21,,3869,8352,116,3206,9141,4091,1
Página14,21,,3869,8351,116,3205,9140,4091,1
Página14,21,,3869,8358,116,3205,9137,4092,1
Página14,21,,3871,8369,115,3203,9130,4092,1
Página14,21,,3870,8369,116,3203,9129,4092,1
Página14,21,,3872,8387,115,3207,9116,4091,1
Página14,21,,3873,8389,116,3203,9117,4092,1
Página14,21,,3872,8388,115,3205,9119,4092,1
Página14,21,,3872,8392,115,3203,9124,4092,1
Página14,21,,3873,8396,116,3203,9109,4092,1
Página14,21,,3873,8397,115,3203,9109,4093,1
Página14,21,,3873,8399,116,3204,9110,4092,1
Página14,21,,3873,8389,116,3204,9123,4092,1
Página14,21,,3874,8393,116,3204,9130,4098,1
Página14,21,,3874,8401,116,3203,9128,4093,1
Página14,21,,3874,8401,116,3205,9128,4093,1
Página14,21,,3874,8400,116,3205,9130,4093,1
Página14,21,,3874,8400,116,3206,9132,4093,1
Página14,21,,3875,8397,116,3203,9131,4093,1
Página14,21,,3874,8396,116,3205,9135,4093,1
Página14,21,,3873,8390,116,3208,9139,4093,1
Página14,21,,3874,8390,116,3204,9139,4093,1
Página14,21,,3873,8389,116,3204,9139,4094,1
Página14,21,,3874,8389,116,3203,9141,4094,1
Página14,21,,3874,8388,115,3204,9143,4094,1
Página14,21,,3874,8389,115,3202,9143,4094,1
Página14,21,,3875,8389,116,3196,9148,4095,1
Página14,21,,3872,8387,116,3192,9147,4093,1
Página14,21,,3867,8395,116,3187,9143,4092,1
Página14,21,,3869,8395,116,3191,9147,4092,1
Página14,21,,3872,8388,115,3194,9150,4092,1
Página14,21,,3873,8392,115,3194,9148,4092,1
Página14,21,,3874,8393,115,3195,9149,4092,1
Página14,21,,3874,8395,116,3194,9149,4092,1
Página14,21,,3874,8376,116,3195,9161,4093,1
Página14,21,,3874,8390,116,3192,9154,4093,1
Página14,21,,3874,8389,116,3193,9155,4092,1
Página14,21,,3874,8389,115,3194,9155,4093,1
Página14,21,,3875,8392,116,3194,9153,4093,1
Página14,21,,3879,8391,116,3193,9162,4095,1
Página14,21,,3874,8386,116,3192,9149,4093,1
Página14,21,,3875,8387,115,3193,9148,4094,1
Página14,21,,3874,8372,116,3189,9181,4095,1
Página14,21,,3872,8374,116,3191,9164,4094,1
Página14,21,,3875,8378,116,3188,9168,4095,1
Página14,21,,3874,8375,116,3192,9173,4095,1
Página14,21,,3874,8370,116,3193,9177,4095,1
Página14,21,,3875,8380,116,3193,9168,4095,1
Página14,21,,3874,8384,115,3194,9165,4094,1
Página14,21,,3876,8392,116,3192,9163,4095,1
Página14,21,,3876,8392,116,3192,9164,4095,1
Página14,21,,3876,8391,116,3216,9166,4094,1
Página14,21,,3876,8365,115,3196,9181,4095,1
Página14,21,,3876,8381,116,3192,9175,4096,1
Página14,21,,3874,8357,116,3190,9183,4091,1
Página14,21,,3878,8390,115,3191,9170,4095,1
Página14,21,,3876,8383,116,3192,9177,4096,1
Página14,21,,3876,8370,115,3191,9194,4096,1
Página14,21,,3877,8377,116,3191,9182,4096,1
Página14,21,,3879,8392,115,3194,9172,4096,1
Página14,21,,3880,8392,116,3192,9175,4097,1
Página14,21,,3878,8392,115,3193,9182,4096,1
Página14,21,,3879,8391,115,3194,9179,4097,1
Página14,21,,3878,8378,115,3194,9187,4097,1
Página14,21,,3878,8380,116,3195,9186,4097,1
Página14,21,,3878,8380,115,3190,9189,4097,1
Página14,21,,3878,8378,116,3194,9189,4097,1
Página14,21,,3879,8377,115,3195,9190,4097,1
Página14,21,,3877,8370,115,3194,9189,4097,1
Página14,21,,3879,8379,116,3195,9198,4098,1
Página14,21,,3878,8369,115,3193,9195,4099,1
Página14,21,,3879,8381,116,3194,9178,4097,1
Página14,21,,3879,8379,115,3194,9182,4097,1
Página14,21,,3879,8375,115,3194,9183,4097,1
Página14,21,,3879,8374,115,3195,9187,4097,1
Página14,21,,3878,8357,116,3193,9204,4096,1
Página14,21,,3879,8373,116,3194,9201,4097,1
Página14,21,,3879,8372,115,3195,9202,4097,1
Página14,21,,3879,8374,115,3196,9202,4097,1
Página14,21,,3879,8369,116,3195,9209,4096,1
Página14,21,,3880,8379,116,3194,9190,4097,1
Página14,21,,3880,8388,115,3194,9193,4096,1
Página14,21,,3880,8405,116,3191,9182,4096,1
Página14,21,,3874,8404,116,3187,9184,4095,1
Página14,21,,3879,8394,116,3203,9185,4093,1
Página14,21,,3878,8402,117,3202,9172,4094,1
Página14,21,,3880,8403,115,3196,9172,4093,1
Página14,21,,3880,8393,116,3200,9186,4094,1
Página14,21,,3880,8410,116,3202,9179,4095,1
Página14,21,,3882,8427,115,3206,9164,4094,1
Página14,21,,3882,8430,116,3209,9164,4094,1
Página14,21,,3882,8429,116,3206,9165,4094,1
Página14,21,,3880,8403,115,3206,9192,4094,1
Página14,21,,3883,8435,115,3205,9164,4097,1
Página14,21,,3882,8427,116,3205,9174,4089,1
Página14,21,,3881,8412,116,3207,9187,4089,1
Página14,21,,3884,8436,116,3207,9161,4094,1
Página14,21,,3883,8425,116,3207,9168,4095,1
Página14,21,,3884,8438,116,3209,9156,4096,1
Página14,21,,3885,8423,116,3208,9175,4096,1
Página14,21,,3881,8434,116,3210,9170,4095,1
Página14,21,,3877,8421,116,3211,9184,4096,1
Página14,21,,3879,8436,116,3210,9171,4095,1
Página14,21,,3878,8433,115,3212,9173,4095,1
Página14,21,,3880,8438,116,3212,9173,4096,1
Página14,21,,3884,8418,116,3215,9185,4096,1
Página14,21,,3883,8434,116,3219,9177,4096,1
Página14,21,,3882,8419,116,3214,9183,4096,1
Página14,21,,3881,8415,115,3210,9196,4095,1
Página14,21,,3883,8437,116,3205,9185,4097,1
Página14,21,,3880,8432,116,3209,9186,4096,1
Página14,21,,3882,8423,115,3207,9198,4096,1
Página14,21,,3881,8398,115,3209,9187,4096,1
Página14,21,,3883,8438,116,3208,9191,4096,1
Página14,21,,3884,8442,115,3207,9186,4097,1
Página14,21,,3884,8439,116,3207,9189,4097,1
Página14,21,,3882,8408,116,3208,9203,4097,1
Página14,21,,3883,8416,116,3209,9205,4098,1
Página14,21,,3805,9109,1949,3207,9107,11154,1
Página14,21,,3845,8361,114,3203,9107,4058,1
Página14,21,,3877,8424,3779,2969,9183,4091,1
Página14,21,,3777,8943,3835,2959,8976,11067,1
Página14,21,,3855,9124,3873,2969,9131,11202,1
Página14,21,,3866,9162,3866,2967,9176,11255,1
Página14,21,,3857,9185,3863,2968,9200,11265,1
Página14,21,,9179,9161,9187,2946,9149,6178,1
Página14,21,,7220,9243,3888,2965,9246,6214,1
Página14,21,,3745,8150,111,3149,8876,3896,1
Página14,21,,3852,9186,343,2971,9191,11242,1
Página14,21,,3864,9211,3864,2966,9212,11267,1
Página14,21,,3869,9191,3869,2964,9193,11270,1
Página14,21,,3870,9187,3871,2967,9188,11269,1
Página14,21,,3871,9199,3871,2965,9200,11273,1
Página14,21,,3874,9210,3874,2966,9194,11280,1
Página14,21,,3937,9343,3936,2972,9344,11450,1
Página14,21,,3948,9343,3948,2975,9343,11468,1
Página14,21,,3958,9350,3958,2973,9351,11467,1
Página14,21,,3960,9342,3960,2973,9342,11457,1
Página14,21,,3955,9326,3956,2969,9329,11440,1
Página14,21,,3913,9245,3914,2963,9243,11328,1
Página14,21,,3898,9243,3901,2970,9234,11326,1
Página14,21,,3867,9153,3869,2960,9163,11256,1
Página14,21,,3867,9134,3860,2949,9154,11288,1
Página14,21,,3901,9210,3900,2965,9207,11316,1
Página14,21,,3895,9217,3891,2959,9230,11333,1
Página14,21,,3913,9256,3914,2968,9253,11366,1
Página14,21,,3917,9259,3917,2969,9258,11360,1
Página14,21,,3920,9285,3920,2973,9291,11376,1
Página14,21,,3926,9282,3925,2973,9281,11376,1
Página14,21,,3916,9261,3917,2975,9261,11349,1
Página14,21,,3895,9204,3899,2968,9201,11288,1
Página14,21,,3898,9238,3880,2964,9245,11332,1
Página14,21,,3901,9225,3900,2971,9222,11317,1
Página14,21,,3893,9203,3902,2969,9236,11354,1
Página14,21,,3919,9249,3918,2975,9245,11360,1
Página14,21,,3903,9202,3904,2966,9169,11318,1
Página14,21,,3903,9227,3906,2972,9216,11326,1
Página14,21,,3922,9265,3919,2970,9250,11353,1
Página14,21,,3901,9220,3898,2970,9227,11319,1
Página14,21,,3884,9210,3892,2968,9205,11352,1
Página14,21,,3911,9262,3912,2972,9256,11352,1
Página14,21,,3891,9208,3897,2966,9216,11291,1
Página14,21,,3904,9225,3888,2963,9205,11295,1
Página14,21,,3887,9220,3893,2970,9215,11276,1
Página14,21,,3923,9290,3923,2975,9286,11380,1
Página14,21,,3913,9271,3912,2967,9263,11348,1
Página14,21,,3881,9217,3873,2968,9212,11306,1
Página14,21,,3900,9172,3869,2962,9193,11293,1
Página14,21,,3895,9203,3889,2959,9196,11291,1
Página14,21,,3884,9164,3889,2967,9146,11276,1
Página14,21,,3904,9248,3907,2971,9227,11335,1
Página14,21,,3897,9211,3896,2957,9212,11336,1
Página14,21,,3900,9235,3903,2971,9238,11354,1
Página14,21,,3906,9236,3908,2973,9228,11343,1
Página14,21,,3897,9217,3900,2965,9209,11309,1
Página14,21,,3875,9177,3877,2968,9153,11172,1
Página14,21,,3898,9220,3895,2971,9212,11330,1
Página14,21,,3901,9212,3898,2972,9210,11341,1
Página14,21,,3867,9145,3874,2970,9215,11352,1
Página14,21,,3850,9186,3831,2960,9187,11303,1
Página14,21,,3894,9209,3874,2965,9199,11320,1
Página14,21,,3902,9229,3907,2974,9242,11362,1
Página14,21,,3872,9132,3875,2963,9132,11248,1
Página14,21,,3893,9198,3889,2968,9197,11331,1
Página14,21,,3890,9209,3872,2957,9213,11351,1
Página14,21,,3891,9215,3892,2972,9212,11340,1
Página14,21,,3838,9078,3813,2964,9170,11301,1
Página14,21,,3894,9217,3896,2976,9219,11349,1
Página14,21,,3876,9174,3880,2967,9173,11309,1
Página14,21,,3882,9168,3880,2968,9103,11310,1
Página14,21,,3896,9218,3891,2971,9224,11362,1
Página14,21,,3885,9210,3889,2967,9197,11330,1
Página14,21,,3871,9193,3854,2969,9178,11323,1
Página14,21,,3904,9231,3902,2974,9228,11385,1
Página14,21,,3851,9127,3879,2984,9125,11204,1
Página14,21,,3886,9198,3880,2981,9197,11354,1
Página14,21,,3904,9239,3899,2981,9241,11414,1
Página14,21,,3918,9278,3912,2981,9285,11444,1
Página14,21,,3908,9257,3910,2977,9255,11401,1
Página14,21,,3891,9192,3883,2968,9212,11375,1
Página14,21,,3900,9236,3898,2971,9230,11369,1
Página14,21,,3892,9208,3891,2969,9210,11341,1
Página14,21,,3866,9142,3868,2964,9142,11259,1
Página14,21,,3842,9150,3853,2960,9146,11340,1
Página14,21,,3890,9235,3887,2968,9239,11364,1
Página14,21,,3903,9233,3903,2971,9234,11390,1
Página14,21,,3899,9225,3897,2967,9226,11381,1
Página14,21,,3912,9254,3909,2971,9256,11415,1
Página14,21,,3916,9261,3916,2970,9267,11417,1
Página14,21,,3917,9259,3917,2974,9252,11419,1
Página14,21,,3920,9261,3921,2972,9246,11420,1
Página14,21,,3921,9256,3922,2974,9246,11426,1
Página14,21,,3921,9264,3920,2970,9256,11422,1
Página14,21,,3917,9249,3917,2970,9249,11412,1
Página14,21,,3922,9266,3922,2969,9264,11422,1
Página14,21,,3923,9261,3917,2970,9260,11415,1
Página14,21,,3918,9248,3915,2969,9247,11407,1
Página14,21,,3869,9124,3865,2954,9163,11270,1
Página14,21,,3879,9212,3831,2950,9221,11378,1
Página14,21,,3911,9241,3910,2966,9246,11411,1
Página14,21,,3920,9254,3920,2969,9252,11412,1
Página14,21,,3922,9256,3922,2968,9256,11419,1
Página14,21,,3919,9254,3919,2967,9254,11408,1
Página14,21,,3910,9243,3909,2963,9243,11385,1
Página14,21,,3916,9242,3915,2966,9242,11398,1
Página14,21,,3905,9213,3903,2962,9209,11368,1
Página14,21,,3907,9221,3894,2959,9212,11359,1
Página14,21,,3868,9165,3889,2957,9140,11288,1
Página14,21,,3901,9226,3901,2963,9226,11373,1
Página14,21,,3894,9214,3895,2962,9245,11389,1
Página14,21,,3909,9242,3909,2967,9244,11392,1
Página14,21,,3907,9240,3906,2965,9240,11384,1
Página14,21,,3894,9178,3897,2962,9164,11292,1
Página14,21,,3889,9203,3864,2954,9202,11337,1
Página14,21,,3894,9198,3899,2964,9197,11326,1
Página14,21,,3876,9182,3881,2960,9211,11406,1
Página14,21,,3907,9246,3912,2966,9250,11405,1
Página14,21,,3899,9238,3905,2965,9240,11377,1
Página14,21,,3881,9209,3889,2960,9201,11317,1
Página14,21,,3857,9153,3868,2962,9220,11350,1
Página14,21,,3887,9199,3893,2964,9189,11268,1
Página14,21,,3899,9247,3901,2964,9244,11365,1
Página14,21,,3907,9231,3892,2960,9228,11373,1
Página14,21,,3905,9217,3906,2965,9215,11364,1
Página14,21,,3911,9248,3906,2965,9244,11408,1
Página14,21,,3901,9207,3905,2966,9192,11332,1
Página14,21,,3886,9181,3883,2960,9184,11321,1
Página14,21,,3868,9217,3858,2951,9264,11412,1
Página14,21,,3866,9150,3878,2954,9146,11233,1
Página14,21,,3876,9190,3882,2958,9195,11311,1
Página14,21,,3853,9135,3874,2953,9130,11257,1
Página14,21,,3892,9236,3897,2962,9237,11361,1
Página14,21,,3867,9165,3870,2958,9187,11362,1
Página14,21,,3897,9244,3889,2957,9237,11343,1
Página14,21,,3899,9269,3900,2963,9238,11341,1
Página14,21,,3860,9199,3864,2957,9174,11268,1
Página14,21,,3879,9272,3873,2961,9267,11304,1
Página14,21,,3912,9262,3900,2952,9260,11375,1
Página14,21,,3883,9224,3883,2957,9219,11314,1
Página14,21,,3899,9287,3896,2963,9288,11368,1
Página14,21,,3859,9202,3863,2959,9194,11258,1
Página14,21,,3863,9198,3869,2956,9180,11266,1
Página14,21,,3872,9166,3876,2958,9171,11258,1
Página14,21,,3868,9155,3856,2951,9138,11257,1
Página14,21,,3909,9265,3905,2959,9267,11396,1
Página14,21,,3892,9223,3893,2962,9225,11310,1
Página14,21,,3906,9263,3876,2957,9267,11388,1
Página14,21,,3923,9299,3922,2969,9312,11426,1
Página14,21,,3932,9311,3932,2971,9310,11444,1
Página14,21,,3947,9333,3947,2973,9334,11475,1
Página14,21,,3950,9338,3951,2977,9338,11479,1
Página14,21,,3954,9362,3954,2973,9363,11478,1
Página14,21,,3956,9359,3956,2973,9361,11465,1
Página14,21,,3956,9342,3955,2970,9337,11455,1
Página14,21,,3953,9323,3957,2969,9321,11464,1
Página14,21,,3949,9307,3950,2969,9307,11446,1
Página14,21,,3936,9273,3932,2964,9275,11390,1
Página14,21,,3914,9177,3882,2951,9261,11370,1
Página14,21,,3935,9262,3935,2967,9267,11408,1
Página14,21,,3940,9292,3938,2965,9299,11433,1
Página14,21,,3923,9259,3926,2964,9254,11375,1
Página14,21,,3942,9311,3943,2966,9289,11426,1
Página14,21,,3924,9238,3925,2963,9240,11382,1
Página14,21,,3903,9231,3893,2958,9217,11342,1
Página14,21,,3918,9223,3918,2962,9178,11216,1
Página14,21,,3893,9218,3878,2954,9216,11334,1
Página14,21,,3905,9209,3903,2961,9220,11353,1
Página14,21,,3934,9289,3925,2960,9276,11361,1
Página14,21,,3907,9221,3912,2962,9192,11282,1
Página14,21,,3928,9276,3930,2963,9273,11391,1
Página14,21,,3898,9210,3907,2960,9228,11372,1
Página14,21,,3866,9222,3875,2949,9236,11306,1
Página14,21,,3892,9266,3874,2955,9236,11364,1
Página14,21,,3881,9172,3884,2954,9211,11317,1
Página14,21,,3924,9252,3922,2963,9263,11353,1
Página14,21,,3889,9202,3890,2955,9218,11290,1
Página14,21,,3910,9237,3911,2960,9227,11325,1
Página14,21,,3881,9138,3889,2952,9120,11187,1
Página14,21,,3895,9208,3907,2960,9211,11327,1
Página14,21,,3903,9238,3900,2959,9241,11353,1
Página14,21,,3857,9125,3862,2951,9188,11354,1
Página14,21,,3882,9225,3847,2943,9216,11274,1
Página14,21,,3874,9186,3844,2940,9186,11292,1
Página14,21,,3903,9245,3904,2960,9239,11344,1
Página14,21,,3835,9182,3847,2944,9245,11349,1
Página14,21,,3909,9261,3900,2958,9270,11373,1
Página14,21,,3879,9244,3865,2948,9263,11363,1
Página14,21,,3896,9197,3900,2958,9197,11325,1
Página14,21,,3877,9179,3867,2948,9128,11223,1
Página14,21,,3892,9242,3892,2954,9234,11305,1
Página14,21,,3887,9238,3890,2956,9222,11214,1
Página14,21,,3891,9252,3892,2958,9255,11336,1
Página14,21,,3897,9256,3903,2961,9252,11309,1
Página14,21,,3890,9271,3887,2955,9267,11327,1
Página14,21,,3903,9284,3906,2961,9274,11370,1
Página14,21,,3901,9265,3900,2957,9228,11287,1
Página14,21,,3904,9287,3908,2961,9294,11351,1
Página14,21,,3916,9297,3914,2966,9304,11400,1
Página14,21,,3839,9246,3880,2943,9269,11342,1
Página14,21,,3891,9232,3897,2962,9208,11283,1
Página14,21,,3871,9212,3868,2953,9188,11222,1
Página14,21,,3900,9286,3895,2959,9281,11309,1
Página14,21,,3897,9282,3900,2963,9280,11353,1
Página14,21,,3885,9256,3888,2960,9249,11279,1
Página14,21,,3859,9241,3872,2962,9256,11287,1
Página14,21,,3874,9227,3876,2956,9226,11280,1
Página14,21,,3886,9291,3861,2951,9281,11351,1
Página14,21,,3887,9263,3865,2966,9223,11219,1
Página14,21,,3878,9257,3885,2976,9243,11331,1
Página14,21,,3874,9252,3839,2980,9247,11343,1
Página14,21,,3899,9280,3898,3002,9281,11352,1
Página14,21,,3870,9185,3872,2997,9156,11242,1
Página14,21,,3890,9259,3895,2986,9264,11292,1
Página14,21,,3904,9298,3906,2993,9303,11396,1
Página14,21,,3837,9152,3855,2975,9240,11316,1
Página14,21,,3868,9198,3830,2972,9254,11422,1
Página14,21,,3908,9331,3908,2984,9330,11428,1
Página14,21,,3884,9279,3883,2969,9266,11349,1
Página14,21,,3864,9242,3878,2970,9239,11304,1
Página14,21,,3880,9252,3886,2970,9243,11318,1
Página14,21,,3833,9238,3858,2959,9217,11275,1
Página14,21,,3898,9307,3870,2950,9304,11403,1
Página14,21,,3824,9287,3822,2946,9308,11439,1
Página14,21,,3885,9280,3886,2960,9271,11388,1
Página14,21,,3854,9275,3853,2954,9302,11414,1
Página14,21,,3850,9229,3853,2956,9205,11317,1
Página14,21,,3846,9217,3869,2958,9209,11315,1
Página14,21,,3872,9238,3881,2956,9205,11327,1
Página14,21,,3920,9350,3924,2961,9350,11443,1
Página14,21,,9531,9504,9525,2953,9488,11604,1
Página14,21,,3955,9403,3955,2964,9400,11562,1
Página14,21,,3969,9429,3966,2965,9439,11615,1
Página14,21,,3962,9403,3961,2962,9404,9486,1
Página14,21,,3924,9334,3919,2951,9318,11319,1
Página14,21,,3928,9324,3927,2958,9328,11467,1
Página14,21,,3915,9311,3921,2992,9330,11558,1
Página14,21,,3979,9453,3979,2971,9457,11616,1
Página14,21,,3993,9455,3993,2970,9468,11645,1
Página14,21,,4006,9513,4011,2968,9504,11675,1
Página14,21,,4024,9505,4024,2993,9505,11691,1
Página14,21,,4034,9480,4033,2977,9479,11699,1
Página14,21,,4040,9481,4041,2975,9482,11712,1
Página14,21,,4047,9486,4044,2977,9486,11719,1
Página14,21,,4052,9490,4047,2975,9491,11725,1
Página14,21,,4058,9494,4057,2976,9495,11732,1
Página14,21,,4062,9499,4062,2979,9499,11741,1
Página14,21,,4068,9503,4068,3003,9506,11750,1
Página14,21,,4073,9508,4073,2988,9509,11760,1
Página14,21,,4077,9511,4076,2981,9511,11760,1
Página14,21,,4080,9513,4080,2981,9513,11767,1
Página14,21,,4086,9516,4086,3000,9515,11772,1
Página14,21,,4089,9519,4089,3010,9518,11779,1
Página14,21,,4095,9522,4094,3010,9521,11783,1
Página14,21,,4097,9522,4097,3014,9522,11787,1
Página14,21,,4100,9523,4100,3012,9523,11792,1
Página14,21,,4103,9525,4103,3009,9525,11795,1
Página14,21,,4106,9527,4106,3007,9527,11802,1
Página14,21,,4111,9529,4112,3012,9532,11811,1
Página14,21,,4106,9531,4112,3007,9529,11811,1
Página14,21,,4109,9532,4114,3011,9533,11815,1
Página14,21,,4111,9533,4117,3009,9533,11819,1
Página14,21,,4118,9533,4119,3009,9533,11822,1
Página14,21,,4122,9534,4120,3008,9538,11831,1
Página14,21,,4125,9535,4125,2996,9535,11831,1
Página14,21,,4125,9550,4125,2998,9550,11835,1
Página14,21,,4128,9554,4128,2996,9555,11839,1
Página14,21,,4129,9556,4129,2992,9556,11843,1
Página14,21,,4131,9559,4131,2993,9561,11847,1
Página14,21,,4130,9561,4131,2992,9562,11853,1
Página14,21,,4131,9562,4131,2992,9562,11854,1
Página14,21,,4130,9573,4130,2993,9567,11857,1
Página14,21,,4133,9569,4133,2994,9568,11843,1
Página14,21,,4135,9567,4135,2995,9567,11848,1
Página14,21,,4130,9595,4134,2996,9593,11851,1
Página14,21,,4135,9588,4129,2999,9588,11867,1
Página14,21,,4136,9591,4130,2991,9591,11871,1
Página14,21,,4138,9593,4135,2999,9597,11872,1
Página14,21,,4138,9593,4138,2997,9593,11874,1
Página14,21,,4138,9594,4139,3002,9596,11879,1
Página14,21,,4141,9596,4141,3004,9596,11876,1
Página14,21,,4140,9596,4140,3002,9597,11877,1
Página14,21,,4141,9598,4141,2999,9597,11875,1
Página14,21,,4142,9598,4142,2998,9598,11877,1
Página14,21,,4142,9599,4142,3000,9599,11879,1
Página14,21,,4143,9601,4143,3000,9602,11881,1
Página14,21,,4144,9600,4144,2998,9600,11880,1
Página14,21,,4144,9601,4144,2992,9601,11881,1
Página14,21,,4144,9601,4144,2996,9601,11872,1
Página14,21,,4145,9601,4145,2993,9601,11864,1
Página14,21,,4146,9602,4146,2997,9602,11865,1
Página14,21,,4146,9603,4145,2986,9589,11880,1
Página14,21,,4149,9574,4149,2999,9574,11877,1
Página14,21,,4148,9569,4149,2996,9569,11875,1
Página14,21,,4149,9569,4149,2997,9569,11872,1
Página14,21,,4149,9565,4149,2999,9565,11872,1
Página14,21,,4149,9569,4149,3000,9569,11871,1
Página14,21,,4148,9580,4148,3001,9580,11871,1
Página14,21,,4151,9582,4151,3020,9605,11870,1
Página14,21,,4152,9562,4152,3031,9561,11869,1
Página14,21,,4152,9558,4152,3025,9558,11870,1
Página14,21,,4154,9546,4154,3026,9546,11870,1
Página14,21,,4154,9545,4154,3006,9545,11867,1
Página14,21,,4153,9561,4153,3007,9560,11855,1
Página14,21,,4155,9539,4155,3006,9528,11867,1
Página14,21,,4155,9542,4155,3008,9530,11869,1
Página14,21,,4155,9536,4154,3008,9545,11867,1
Página14,21,,4155,9542,4154,3008,9554,11868,1
Página14,21,,4153,9545,4154,3006,9556,11869,1
Página14,21,,4155,9548,4149,3007,9549,11868,1
Página14,21,,4159,9511,4159,3007,9511,11867,1
Página14,21,,4160,9509,4159,3007,9509,11867,1
Página14,21,,4159,9508,4159,3007,9509,11866,1
Página14,21,,4161,9510,4161,3007,9509,11873,1
Página14,21,,4159,9509,4160,3006,9509,11868,1
Página14,21,,4160,9508,4159,3007,9508,11866,1
Página14,21,,4160,9508,4160,3005,9508,11865,1
Página14,21,,4160,9507,4160,3005,9508,11863,1
Página14,21,,4160,9509,4160,3005,9512,11855,1
Página14,21,,4162,9502,4161,3005,9513,11871,1
Página14,21,,4155,9509,4160,3006,9510,11866,1
Página14,21,,4155,9510,4160,3007,9510,11867,1
Página14,21,,4158,9510,4158,3007,9511,11867,1
Página14,21,,4160,9510,4154,3004,9511,11867,1
Página14,21,,4160,9513,4155,3004,9513,11869,1
Página14,21,,4160,9512,4160,3005,9512,11868,1
Página14,21,,4160,9512,4159,3005,9512,11868,1
Página14,21,,4160,9513,4160,3006,9513,11868,1
Página14,21,,4159,9511,4159,3006,9512,11867,1
Página14,21,,4161,9514,4161,3005,9516,11866,1
Página14,21,,4160,9511,4158,3014,9501,11867,1
Página14,21,,4160,9516,4160,3029,9515,11866,1
Página14,21,,4159,9515,4160,3029,9515,11867,1
Página14,21,,4159,9516,4160,3034,9516,11871,1
Página14,21,,4159,9516,4159,3028,9518,11860,1
Página14,21,,4155,9517,4160,3035,9515,11874,1
Página14,21,,4160,9514,4154,3035,9515,11872,1
Página14,21,,4159,9516,4153,3038,9516,11874,1
Página14,21,,4159,9516,4157,3036,9517,11874,1
Página14,21,,4157,9526,4157,3036,9536,11876,1
Página14,21,,4159,9521,4160,3035,9521,11877,1
Página14,21,,4158,9522,4158,3035,9524,11873,1
Página14,21,,4157,9523,4158,3036,9523,11874,1
Página14,21,,4158,9519,4158,3034,9519,11873,1
Página14,21,,4158,9520,4158,3036,9520,11872,1
Página14,21,,4160,9530,4160,3039,9519,11860,1
Página14,21,,4158,9523,4158,3040,9523,11859,1
Página14,21,,4156,9524,4157,3037,9523,11871,1
Página14,21,,4145,9531,4143,3027,9528,11866,1
Página14,21,,4153,9521,4151,3003,9522,11866,1
Página14,21,,4153,9512,4153,3003,9513,11865,1
Página14,21,,4151,9530,4152,3022,9524,11832,1
Página14,21,,4151,9531,4151,3003,9532,11865,1
Página14,21,,4150,9534,4150,3000,9535,11865,1
Página14,21,,4150,9537,4150,3004,9537,11865,1
Página14,21,,4149,9559,4147,3010,9548,11865,1
Página14,21,,4148,9546,4148,3003,9547,11863,1
Página14,21,,4150,9546,4150,3004,9542,11864,1
Página14,21,,4151,9535,4151,3023,9538,11848,1
Página14,21,,4151,9542,4152,3035,9545,11849,1
Página14,21,,4151,9540,4152,3032,9530,11822,1
Página14,21,,4151,9542,4151,3030,9530,11861,1
Página14,21,,4151,9545,4151,3028,9533,11862,1
Página14,21,,4152,9532,4152,3029,9542,11863,1
Página14,21,,4151,9533,4151,3010,9544,11862,1
Página14,21,,4148,9541,4151,3027,9545,11863,1
Página14,21,,4145,9548,4151,3026,9549,11863,1
Página14,21,,4144,9552,4151,3027,9552,11863,1
Página14,21,,4140,9546,4146,3032,9552,11864,1
Página14,21,,4150,9555,4150,3033,9561,11864,1
Página14,21,,4150,9558,4150,3032,9558,11865,1
Página14,21,,4150,9553,4150,3025,9553,11865,1
Página14,21,,4150,9557,4150,3024,9559,11864,1
Página14,21,,4149,9559,4150,3026,9563,11866,1
Página14,21,,4150,9548,4149,3026,9559,11868,1
Página14,21,,4149,9546,4150,3027,9558,11864,1
Página14,21,,4149,9548,4149,3022,9560,11863,1
Página14,21,,4147,9507,4151,3022,9539,11853,1
Página14,21,,4145,9541,4151,3020,9542,11864,1
Página14,21,,4136,9543,4146,3025,9543,11863,1
Página14,21,,4150,9543,4147,3027,9544,11859,1
Página14,21,,4150,9544,4150,3014,9544,11858,1
Página14,21,,4150,9547,4149,3026,9547,11858,1
Página14,21,,4150,9545,4150,3026,9546,11858,1
Página14,21,,4150,9550,4141,3021,9549,11858,1
Página14,21,,4149,9553,4150,3024,9558,11857,1
Página14,21,,4149,9555,4149,3011,9549,11857,1
Página14,21,,4150,9546,4149,3007,9546,11856,1
Página14,21,,4149,9550,4149,3014,9550,11855,1
Página14,21,,4150,9555,4149,3002,9558,11863,1
Página14,21,,4143,9553,4149,2998,9554,11855,1
Página14,21,,4146,9554,4148,3018,9554,11855,1
Página14,21,,4148,9558,4142,3012,9559,11853,1
Página14,21,,4147,9562,4142,3011,9562,11853,1
Página14,21,,4147,9567,4142,3011,9569,11856,1
Página14,21,,4148,9569,4148,3009,9570,11856,1
Página14,21,,4147,9565,4147,3011,9565,11852,1
Página14,21,,4147,9571,4146,3005,9571,11855,1
Página14,21,,4147,9569,4147,3006,9569,11856,1
Página14,21,,4146,9567,4146,2998,9567,11856,1
Página14,21,,4147,9564,4147,2992,9565,11858,1
Página14,21,,4138,9569,4145,2981,9569,11854,1
Página14,21,,4141,9594,4142,2977,9590,11852,1
Página14,21,,4143,9579,4143,2976,9578,11835,1
Página14,21,,4143,9586,4143,2977,9585,11837,1
Página14,21,,4141,9594,4142,2977,9593,11841,1
Página14,21,,4143,9574,4144,2978,9562,11848,1
Página14,21,,4145,9578,4142,2978,9567,11847,1
Página14,21,,4143,9585,4145,2977,9585,11845,1
Página14,21,,4143,9596,4142,2978,9593,11845,1
Página14,21,,4145,9577,4145,2978,9577,11846,1
Página14,21,,4143,9603,4144,2978,9589,11844,1
Página14,21,,4141,9595,4141,2978,9595,11844,1
Página14,21,,4143,9593,4143,2980,9593,11846,1
Página14,21,,4142,9593,4142,2980,9594,11845,1
Página14,21,,4141,9604,4141,2980,9597,11844,1
Página14,21,,4142,9593,4143,2981,9600,11844,1
Página14,21,,4139,9620,4140,2981,9621,11843,1
Página14,21,,4134,9602,4131,2978,9594,11844,1
Página14,21,,4139,9626,4138,2979,9642,11839,1
Página14,21,,4140,9617,4140,2980,9617,11825,1
Página14,21,,4139,9615,4139,2980,9615,11826,1
Página14,21,,4139,9626,4140,2978,9615,11842,1
Página14,21,,4140,9624,4140,2981,9613,11845,1
Página14,21,,4139,9637,4133,2980,9634,11839,1
Página14,21,,4140,9602,4137,2979,9593,11831,1
Página14,21,,4142,9633,4142,2979,9601,11839,1
Página14,21,,4143,9608,4139,2979,9608,11837,1
Página14,21,,4142,9611,4142,2981,9611,11837,1
Página14,21,,4140,9648,4137,2980,9603,11839,1
Página14,21,,4143,9599,4144,2979,9601,11836,1
Página14,21,,4137,9615,4138,2981,9604,11836,1
Página14,21,,4144,9589,4144,2980,9588,11835,1
Página14,21,,4144,9586,4144,2983,9585,11834,1
Página14,21,,4144,9586,4145,2981,9585,11834,1
Página14,21,,4145,9582,4145,2980,9582,11833,1
Página14,21,,4145,9581,4144,2980,9582,11832,1
Página14,21,,4144,9581,4145,2979,9582,11832,1
Página14,21,,4144,9580,4144,2980,9580,11831,1
Página14,21,,4146,9580,4148,2980,9581,11832,1
Página14,21,,4147,9566,4148,2980,9573,11830,1
Página14,21,,4141,9575,4147,2981,9575,11827,1
Página14,21,,4145,9575,4147,2980,9575,11827,1
Página14,21,,4147,9576,4141,2980,9576,11824,1
Página14,21,,4147,9576,4140,2979,9576,11824,1
Página14,21,,4147,9585,4142,2979,9596,11824,1
Página14,21,,4146,9581,4147,2979,9581,11822,1
Página14,21,,4145,9591,4145,2980,9590,11820,1
Página14,21,,4148,9581,4143,2979,9573,11819,1
Página14,21,,4148,9569,4148,2978,9569,11819,1
Página14,21,,4147,9585,4147,2983,9587,11820,1
Página14,21,,4148,9565,4148,2979,9565,11813,1
Página14,21,,4147,9581,4147,2987,9577,11813,1
Página14,21,,4148,9567,4147,2982,9567,11812,1
Página14,21,,4147,9565,4147,2980,9566,11810,1
Página14,21,,4146,9561,4149,2979,9558,11812,1
Página14,21,,4147,9560,4147,2974,9560,11807,1
Página14,21,,4144,9565,4144,2974,9568,11801,1
Página14,21,,4138,9558,4145,2972,9558,11798,1
Página14,21,,4142,9546,4143,2978,9545,11803,1
Página14,21,,4146,9541,4140,2973,9542,11796,1
Página14,21,,4144,9554,4139,2978,9564,11797,1
Página14,21,,4140,9554,4124,2973,9555,11794,1
Página14,21,,4146,9542,4145,2973,9542,11795,1
Página14,21,,4146,9556,4146,2975,9555,11793,1
Página14,21,,4144,9548,4144,2975,9548,11793,1
Página14,21,,4144,9547,4144,2974,9547,11792,1
Página14,21,,4143,9550,4143,2975,9549,11790,1
Página14,21,,4145,9542,4145,2975,9541,11790,1
Página14,21,,4145,9542,4146,2980,9542,11791,1
Página14,21,,4145,9541,4145,2977,9541,11787,1
Página14,21,,4144,9540,4144,2977,9540,11786,1
Página14,21,,4144,9539,4144,2976,9540,11782,1
Página14,21,,4144,9539,4143,2975,9540,11771,1
Página14,21,,4141,9556,4141,2977,9557,11771,1
Página14,21,,4142,9533,4142,2977,9545,11783,1
Página14,21,,4142,9531,4142,2976,9543,11780,1
Página14,21,,4141,9531,4141,2976,9542,11779,1
Página14,21,,4135,9542,4141,2976,9542,11777,1
Página14,21,,4136,9545,4142,2976,9544,11779,1
Página14,21,,4140,9547,4135,2976,9548,11774,1
Página14,21,,4139,9554,4136,2975,9554,11771,1
Página14,21,,4139,9558,4139,2975,9559,11772,1
Página14,21,,4141,9535,4141,2975,9536,11772,1
Página14,21,,4141,9535,4141,2976,9535,11772,1
Página14,21,,4139,9536,4141,2975,9536,11767,1
Página14,21,,4140,9536,4140,2975,9535,11767,1
Página14,21,,4140,9536,4140,2975,9536,11765,1
Página14,21,,4140,9536,4140,2976,9536,11765,1
Página14,21,,4141,9542,4141,2977,9537,11768,1
Página14,21,,4139,9538,4140,2980,9525,11763,1
Página14,21,,4139,9538,4139,2983,9529,11762,1
Página14,21,,4139,9525,4140,2980,9535,11761,1
Página14,21,,4139,9523,4139,2975,9534,11760,1
Página14,21,,4139,9524,4139,2974,9534,11763,1
Página14,21,,4139,9536,4138,2972,9537,11759,1
Página14,21,,4138,9539,4138,2972,9541,11758,1
Página14,21,,4138,9535,4138,2973,9535,11756,1
Página14,21,,4138,9535,4138,2972,9535,11756,1
Página14,21,,4137,9534,4138,2972,9535,11759,1
Página14,21,,4138,9538,4138,2971,9539,11757,1
Página14,21,,4138,9536,4138,2970,9535,11754,1
Página14,21,,4137,9535,4137,2971,9535,11752,1
Página14,21,,4137,9535,4137,2970,9535,11751,1
Página14,21,,4136,9535,4136,2970,9535,11750,1
Página14,21,,4136,9535,4137,2969,9526,11757,1
Página14,21,,4136,9531,4136,2970,9536,11760,1
Página14,21,,4131,9536,4136,2971,9537,11762,1
Página14,21,,4130,9537,4135,2970,9537,11763,1
Página14,21,,4130,9538,4135,2970,9538,11763,1
Página14,21,,4137,9543,4132,2966,9539,11769,1
Página14,21,,4130,9541,4134,2961,9541,11763,1
Página14,21,,4131,9558,4126,2959,9562,11759,1
Página14,21,,4127,9579,4128,2959,9564,11758,1
Página14,21,,4129,9555,4129,2961,9554,11759,1
Página14,21,,4130,9554,4130,2961,9554,11757,1
Página14,21,,4130,9553,4130,2961,9553,11745,1
Página14,21,,4130,9554,4130,2962,9555,11756,1
Página14,21,,4131,9556,4131,2963,9557,11748,1
Página14,21,,4131,9555,4131,2965,9551,11757,1
Página14,21,,4131,9556,4131,2968,9545,11759,1
Página14,21,,4131,9558,4131,2976,9547,11760,1
Página14,21,,4131,9557,4131,2969,9546,11760,1
Página14,21,,4131,9561,4131,2968,9549,11760,1
Página14,21,,4126,9562,4131,2967,9562,11758,1
Página14,21,,4125,9564,4131,2965,9564,11757,1
Página14,21,,4131,9565,4127,2967,9565,11756,1
Página14,21,,4130,9566,4125,2966,9567,11755,1
Página14,21,,4132,9569,4126,2967,9573,11757,1
Página14,21,,4131,9573,4131,2967,9572,11753,1
Página14,21,,4131,9575,4130,2967,9574,11753,1
Página14,21,,4130,9577,4129,2967,9576,11752,1
Página14,21,,4127,9592,4129,2965,9579,11750,1
Página14,21,,4130,9580,4129,2966,9583,11754,1
Página14,21,,4129,9590,4128,2965,9579,11748,1
Página14,21,,4129,9573,4129,2965,9581,11747,1
Página14,21,,4130,9570,4129,2967,9583,11747,1
Página14,21,,4129,9570,4129,2968,9582,11745,1
Página14,21,,4124,9587,4128,2967,9586,11745,1
Página14,21,,4129,9576,4131,2965,9575,11748,1
Página14,21,,4129,9575,4129,2966,9575,11744,1
Página14,21,,4129,9575,4129,2966,9575,11744,1
Página14,21,,4129,9575,4128,2965,9575,11742,1
Página14,21,,4129,9576,4129,2966,9575,11741,1
Página14,21,,4130,9576,4129,2965,9576,11742,1
Página14,21,,4128,9575,4129,2966,9575,11740,1
Página14,21,,4129,9575,4128,2966,9576,11740,1
Página14,21,,4128,9575,4128,2964,9575,11738,1
Página14,21,,4128,9574,4128,2965,9574,11739,1
Página14,21,,4129,9573,4128,2963,9574,11739,1
Página14,21,,4129,9573,4129,2964,9573,11739,1
Página14,21,,4128,9573,4128,2963,9573,11734,1
Página14,21,,4129,9573,4129,2965,9573,11718,1
Página14,21,,4128,9573,4128,2965,9573,11717,1
Página14,21,,4128,9576,4129,2965,9576,11721,1
Página14,21,,4128,9573,4123,2965,9573,11731,1
Página14,21,,4128,9572,4127,2963,9572,11732,1
Página14,21,,4127,9571,4128,2964,9572,11732,1
Página14,21,,4127,9573,4128,2964,9572,11732,1
Página14,21,,4127,9573,4127,2962,9574,11733,1
Página14,21,,4127,9573,4127,2964,9573,11731,1
Página14,21,,4127,9573,4127,2964,9573,11730,1
Página14,21,,4127,9574,4127,2964,9574,11729,1
Página14,21,,4127,9574,4127,2964,9573,11726,1
Página14,21,,4127,9574,4126,2961,9575,11729,1
Página14,21,,4126,9573,4126,2958,9574,11724,1
Página14,21,,4124,9573,4124,2954,9574,11718,1
Página14,21,,4118,9572,4123,2954,9572,11717,1
Página14,21,,4123,9572,4118,2957,9571,11715,1
Página14,21,,4123,9571,4117,2958,9572,11713,1
Página14,21,,4124,9572,4122,2958,9572,11713,1
Página14,21,,4123,9572,4124,2960,9573,11712,1
Página14,21,,4125,9571,4125,2959,9576,11715,1
Página14,21,,4124,9575,4124,2961,9574,11711,1
Página14,21,,4124,9575,4124,2960,9575,11712,1
Página14,21,,4124,9576,4124,2961,9576,11711,1
Página14,21,,4124,9576,4124,2961,9576,11711,1
Página14,21,,4124,9577,4124,2960,9579,11715,1
Página14,21,,4124,9581,4124,2960,9568,11710,1
Página14,21,,4124,9576,4124,2958,9577,11710,1
Página14,21,,4124,9578,4123,2959,9578,11710,1
Página14,21,,4124,9579,4124,2960,9578,11708,1
Página14,21,,4124,9580,4124,2960,9580,11711,1
Página14,21,,4124,9580,4124,2960,9580,11710,1
Página14,21,,4124,9580,4124,2960,9580,11710,1
Página14,21,,4124,9581,4124,2958,9581,11712,1
Página14,21,,4124,9582,4124,2957,9581,11711,1
Página14,21,,4125,9584,4125,2955,9585,11711,1
Página14,21,,4119,9583,4124,2957,9582,11712,1
Página14,21,,4119,9583,4125,2957,9583,11712,1
Página14,21,,4119,9583,4125,2957,9583,11712,1
Página14,21,,4125,9584,4121,2958,9585,11710,1
Página14,21,,4124,9585,4123,2957,9584,11715,1
Página14,21,,4125,9586,4125,2956,9588,11711,1
Página14,21,,4124,9586,4126,2957,9587,11711,1
Página14,21,,4125,9589,4124,2957,9589,11712,1
Página14,21,,4124,9595,4123,2958,9595,11710,1
Página14,21,,4123,9607,4122,2957,9606,11713,1
Página14,21,,4124,9603,4124,2956,9604,11707,1
Página14,21,,4124,9602,4123,2955,9600,11702,1
Página14,21,,4124,9599,4123,2955,9599,11697,1
Página14,21,,4124,9599,4125,2956,9598,11697,1
Página14,21,,4126,9598,4125,2956,9587,11701,1
Página14,21,,4125,9597,4125,2954,9597,11713,1
Página14,21,,4125,9598,4125,2955,9598,11713,1
Página14,21,,4125,9599,4125,2954,9599,11712,1
Página14,21,,4125,9601,4125,2956,9601,11712,1
Página14,21,,4124,9603,4125,2954,9603,11717,1
Página14,21,,4125,9604,4126,2954,9604,11711,1
Página14,21,,4125,9608,4124,2954,9608,11710,1
Página14,21,,4125,9611,4125,2953,9611,11709,1
Página14,21,,4125,9614,4124,2954,9614,11709,1
Página14,21,,4125,9616,4124,2954,9616,11707,1
Página14,21,,4125,9621,4125,2953,9620,11703,1
Página14,21,,4124,9625,4124,2954,9626,11693,1
Página14,21,,4124,9628,4124,2954,9630,11692,1
Página14,21,,4126,9610,4125,2953,9609,11696,1
Página14,21,,4125,9610,4126,2953,9601,11704,1
Página14,21,,4125,9618,4127,2953,9614,11702,1
Página14,21,,4125,9616,4119,2953,9617,11704,1
Página14,21,,4124,9617,4125,2957,9617,11703,1
Página14,21,,4123,9618,4124,2949,9618,11690,1
Página14,21,,4121,9616,4122,2943,9617,11697,1
Página14,21,,4122,9618,4122,2946,9617,11695,1
Página14,21,,4121,9618,4121,2947,9618,11696,1
Página14,21,,4121,9619,4122,2947,9620,11693,1
Página14,21,,4122,9621,4122,2944,9621,11696,1
Página14,21,,4122,9620,4122,2947,9620,11696,1
Página14,21,,4122,9620,4122,2948,9619,11692,1
Página14,21,,4122,9619,4122,2948,9619,11680,1
Página14,21,,4122,9620,4123,2948,9620,11680,1
Página14,21,,4125,9617,4125,2949,9618,11681,1
Página14,21,,4118,9614,4124,2949,9614,11695,1
Página14,21,,4118,9612,4123,2949,9612,11695,1
Página14,21,,4124,9613,4124,2948,9613,11697,1
Página14,21,,4123,9613,4123,2949,9613,11696,1
Página14,21,,4125,9617,4125,2944,9616,11702,1
Página14,21,,4124,9614,4124,2945,9615,11698,1
Página14,21,,4124,9615,4124,2951,9614,11697,1
Página14,21,,4124,9615,4124,2953,9616,11696,1
Página14,21,,4124,9619,4125,2956,9619,11696,1
Página14,21,,4124,9633,4122,2957,9632,11696,1
Página14,21,,4123,9640,4122,2954,9647,11699,1
Página14,21,,4124,9605,4124,2957,9617,11696,1
Página14,21,,4124,9606,4124,2957,9617,11694,1
Página14,21,,4124,9607,4125,2961,9618,11695,1
Página14,21,,4123,9613,4124,2960,9620,11694,1
Página14,21,,4119,9616,4125,2962,9615,11694,1
Página14,21,,4125,9613,4125,2964,9613,11693,1
Página14,21,,4125,9613,4124,2962,9614,11691,1
Página14,21,,4125,9614,4125,2963,9614,11690,1
Página14,21,,4124,9616,4125,2962,9617,11690,1
Página14,21,,4126,9620,4125,2962,9628,11702,1
Página14,21,,4124,9617,4125,2963,9617,11688,1
Página14,21,,4125,9618,4125,2963,9618,11687,1
Página14,21,,4124,9617,4125,2960,9617,11687,1
Página14,21,,4124,9618,4124,2963,9619,11684,1
Página14,21,,4124,9622,4124,2965,9620,11685,1
Página14,21,,4126,9623,4125,2965,9611,11689,1
Página14,21,,4124,9612,4125,2966,9620,11682,1
Página14,21,,4124,9608,4125,2970,9620,11680,1
Página14,21,,4124,9609,4125,2972,9621,11680,1
Página14,21,,4124,9615,4124,2972,9621,11678,1
Página14,21,,4119,9623,4125,2970,9623,11680,1
Página14,21,,4124,9623,4119,2969,9623,11678,1
Página14,21,,4124,9624,4119,2971,9624,11679,1
Página14,21,,4124,9625,4118,2971,9624,11677,1
Página14,21,,4124,9626,4119,2970,9626,11676,1
Página14,21,,4123,9628,4125,2967,9629,11676,1
Página14,21,,4124,9632,4123,2971,9632,11674,1
Página14,21,,4124,9625,4125,2971,9626,11675,1
Página14,21,,4124,9628,4124,2972,9627,11673,1
Página14,21,,4124,9627,4125,2972,9627,11672,1
Página14,21,,4125,9630,4124,2968,9631,11673,1
Página14,21,,4125,9626,4124,2971,9615,11672,1
Página14,21,,4124,9627,4124,2967,9627,11670,1
Página14,21,,4122,9627,4123,2964,9630,11672,1
Página14,21,,4122,9628,4122,2963,9628,11665,1
Página14,21,,4122,9630,4122,2965,9629,11665,1
Página14,21,,4122,9629,4122,2965,9629,11665,1
Página14,21,,4122,9630,4122,2968,9629,11666,1
Página14,21,,4123,9632,4123,2967,9633,11668,1
Página14,21,,4122,9632,4123,2966,9631,11665,1
Página14,21,,4123,9632,4122,2967,9633,11667,1
Página14,21,,4122,9633,4123,2968,9633,11667,1
Página14,21,,4123,9634,4123,2967,9634,11665,1
Página14,21,,4125,9639,4124,2965,9639,11672,1
Página14,21,,4124,9637,4118,2969,9637,11668,1
Página14,21,,4124,9638,4124,2969,9638,11668,1
Página14,21,,4124,9639,4124,2970,9640,11667,1
Página14,21,,4124,9642,4124,2971,9642,11667,1
Página14,21,,4126,9644,4125,2971,9644,11667,1
Página14,21,,4126,9645,4123,2970,9644,11667,1
Página14,21,,4125,9644,4125,2970,9644,11667,1
Página14,21,,4126,9645,4125,2970,9645,11667,1
Página14,21,,4125,9646,4125,2971,9645,11667,1
Página14,21,,4125,9647,4125,2971,9647,11667,1
Página14,21,,4126,9649,4126,2971,9650,11668,1
Página14,21,,4125,9649,4125,2970,9649,11667,1
Página14,21,,4125,9650,4125,2971,9650,11667,1
Página14,21,,4125,9650,4126,2973,9652,11666,1
Página14,21,,4125,9657,4124,2969,9657,11666,1
Página14,21,,4125,9659,4125,2965,9648,11668,1
Página14,21,,4122,9659,4124,2970,9659,11665,1
Página14,21,,4125,9659,4119,2972,9659,11663,1
Página14,21,,4124,9658,4119,2972,9659,11664,1
Página14,21,,4124,9659,4119,2973,9659,11664,1
Página14,21,,4122,9659,4119,2974,9659,11663,1
Página14,21,,4124,9660,4125,2970,9659,11660,1
Página14,21,,4123,9661,4122,2970,9660,11665,1
Página14,21,,4124,9660,4124,2968,9661,11664,1
Página14,21,,4123,9661,4124,2965,9661,11663,1
Página14,21,,4123,9663,4124,2962,9663,11663,1
Página14,21,,4124,9665,4123,2966,9665,11663,1
Página14,21,,4123,9665,4123,2966,9665,11662,1
Página14,21,,4123,9665,4123,2965,9666,11662,1
Página14,21,,4122,9670,4123,2964,9669,11661,1
Página14,21,,4122,9671,4122,2964,9671,11662,1
Página14,21,,4121,9655,4123,2964,9665,11660,1
Página14,21,,4117,9671,4122,2964,9672,11661,1
Página14,21,,4117,9672,4122,2962,9672,11662,1
Página14,21,,4117,9673,4122,2962,9673,11662,1
Página14,21,,4122,9673,4116,2963,9673,11663,1
Página14,21,,4123,9675,4117,2961,9675,11665,1
Página14,21,,4122,9674,4122,2960,9673,11664,1
Página14,21,,4122,9673,4122,2960,9674,11664,1
Página14,21,,4122,9674,4122,2961,9674,11665,1
Página14,21,,4122,9675,4122,2959,9675,11667,1
Página14,21,,4125,9673,4118,2959,9674,11660,1
Página14,21,,4122,9679,4122,2951,9679,11669,1
Página14,21,,4120,9679,4120,2948,9680,11667,1
Página14,21,,4115,9684,4121,2945,9682,11672,1
Página14,21,,4114,9682,4120,2949,9682,11673,1
Página14,21,,4114,9684,4120,2948,9684,11677,1
Página14,21,,4118,9683,4118,2948,9682,11678,1
Página14,21,,4114,9683,4120,2949,9683,11679,1
Página14,21,,4120,9680,4117,2949,9683,11684,1
Página14,21,,4121,9684,4121,2950,9684,11683,1
Página14,21,,4121,9684,4121,2950,9684,11683,1
Página14,21,,4121,9685,4121,2949,9685,11686,1
Página14,21,,4121,9687,4121,2948,9687,11686,1
Página14,21,,4122,9690,4121,2949,9689,11688,1
Página14,21,,4122,9689,4122,2950,9689,11688,1
Página14,21,,4122,9690,4122,2949,9690,11691,1
Página14,21,,4123,9691,4123,2952,9691,11692,1
Página14,21,,4123,9694,4123,2952,9695,11692,1
Página14,21,,4125,9702,4125,2948,9703,11695,1
Página14,21,,4119,9726,4121,2947,9730,11695,1
Página14,21,,4119,9705,4121,2948,9705,11695,1
Página14,21,,4118,9702,4123,2949,9701,11695,1
Página14,21,,4122,9701,4121,2947,9702,11695,1
Página14,21,,4125,9704,4118,2948,9705,11697,1
Página14,21,,4123,9703,4124,2947,9704,11695,1
Página14,21,,4124,9701,4124,2948,9701,11692,1
Página14,21,,4124,9701,4124,2949,9701,11698,1
Página14,21,,4124,9701,4125,2948,9702,11694,1
Página14,21,,4125,9705,4124,2948,9703,11693,1
Página14,21,,4125,9713,4125,2946,9702,11688,1
Página14,21,,4125,9710,4124,2947,9699,11693,1
Página14,21,,4124,9708,4125,2948,9706,11691,1
Página15,21,,4184,8879,104,2781,9640,4454,1
Página15,21,,4182,8833,104,2781,9557,4454,1
Página15,21,,4181,8844,104,2783,9616,4453,1
Página15,21,,4150,8404,104,2783,9473,4454,1
Página15,21,,4184,8941,104,2783,9718,4452,1
Página15,21,,4186,8959,104,2784,9691,4451,1
Página15,21,,4179,8870,104,2786,9702,4450,1
Página15,21,,4183,8962,104,2782,9747,4448,1
Página15,21,,4175,8886,104,2776,9651,4445,1
Página15,21,,4171,8880,104,2778,9639,4443,1
Página15,21,,4173,8894,104,2782,9628,4443,1
Página15,21,,4171,8856,104,2782,9597,4443,1
Página15,21,,4171,8868,104,2785,9677,4441,1
Página15,21,,4173,8485,104,2773,9123,4441,1
Página15,21,,4175,8944,104,2778,9681,4441,1
Página15,21,,4175,8946,104,2782,9732,4439,1
Página15,21,,4176,8936,104,2778,9703,4443,1
Página15,21,,4168,8904,104,2776,9674,4440,1
Página15,21,,4159,8884,104,2773,9426,4438,1
Página15,21,,4173,8967,104,2789,9694,4438,1
Página15,21,,4169,8933,103,2777,9734,4438,1
Página15,21,,4167,8530,103,2776,9098,4436,1
Página15,21,,4136,8416,103,2774,9118,4436,1
Página15,21,,4133,8410,102,2775,9123,4436,1
Página15,21,,4164,8893,103,2779,9692,4435,1
Página15,21,,4159,8800,103,2778,9569,4435,1
Página15,21,,4157,8797,104,2790,9374,4433,1
Página15,21,,4132,8407,103,2779,9124,4434,1
Página15,21,,4156,8765,103,2786,9348,4432,1
Página15,21,,4158,8838,104,2793,9636,4431,1
Página15,21,,4157,8820,104,2793,9639,4431,1
Página15,21,,4153,8792,104,2789,9151,4431,1
Página15,21,,4153,8799,103,2791,9588,4431,1
Página15,21,,4153,8804,103,2792,9608,4429,1
Página15,21,,4153,8816,104,2793,9626,4428,1
Página15,21,,4153,8840,103,2779,9659,4429,1
Página15,21,,4150,8782,103,2789,9560,4426,1
Página15,21,,4148,8748,103,2790,9577,4423,1
Página15,21,,4117,8383,103,2780,9125,4428,1
Página15,21,,4144,8769,103,2792,9612,4426,1
Página15,21,,4149,8818,104,2782,9711,4426,1
Página15,21,,4142,8759,103,2794,9659,4425,1
Página15,21,,4139,8755,103,2791,9658,4425,1
Página15,21,,4140,8722,103,2786,9610,4423,1
Página15,21,,4144,8756,103,2794,9656,4423,1
Página15,21,,4115,8364,102,2779,9127,4421,1
Página15,21,,4147,8878,103,2793,9747,4422,1
Página15,21,,4151,8901,104,2793,9770,4423,1
Página15,21,,4147,8877,104,2792,9792,4417,1
Página15,21,,4147,8882,104,2795,9801,4415,1
Página15,21,,4149,8908,103,2791,9850,4415,1
Página15,21,,4149,8910,104,2789,9836,4420,1
Página15,21,,4150,8966,103,2782,9866,4422,1
Página15,21,,4148,8911,103,2792,9855,4420,1
Página15,21,,4147,8907,104,2795,9886,4418,1
Página15,21,,4143,8923,104,2798,9871,4418,1
Página15,21,,4139,8887,104,2797,9868,4418,1
Página15,21,,4102,8334,103,2795,9157,4416,1
Página15,21,,4108,8338,103,2792,9158,4418,1
Página15,21,,4119,8520,103,2795,9368,4416,1
Página15,21,,4106,8337,102,2787,9160,4417,1
Página15,21,,4106,8334,102,2784,9159,4416,1
Página15,21,,4106,8814,103,2785,9754,4416,1
Página15,21,,4120,8832,103,2798,9731,4417,1
Página15,21,,4141,8915,103,2793,9834,4414,1
Página15,21,,4140,8951,104,2791,9859,4411,1
Página15,21,,4103,8360,103,2789,9113,4408,1
Página15,21,,4100,8355,103,2791,9118,4408,1
Página15,21,,4100,8361,103,2786,9108,4408,1
Página15,21,,4120,8929,104,2798,9854,4408,1
Página15,21,,4139,8965,104,2789,9826,4408,1
Página15,21,,4143,9011,104,2790,9812,4408,1
Página15,21,,4138,8992,104,2790,9816,4407,1
Página15,21,,4139,8982,103,2792,9706,4408,1
Página15,21,,4102,8434,103,2789,9062,4407,1
Página15,21,,4102,8438,102,2790,9062,4406,1
Página15,21,,4103,8441,102,2790,9063,4407,1
Página15,21,,4102,8441,102,2790,9062,4406,1
Página15,21,,4102,8444,102,2791,9061,4406,1
Página15,21,,4102,8442,103,2792,9059,4405,1
Página15,21,,4101,8440,103,2791,9056,4405,1
Página15,21,,4138,8998,103,2794,9715,4403,1
Página15,21,,4132,8912,103,2793,9674,4405,1
Página15,21,,4136,8998,103,2792,9711,4402,1
Página15,21,,4136,8997,103,2793,9725,4400,1
Página15,21,,4141,9087,103,2793,9823,4398,1
Página15,21,,4132,8962,104,2794,9662,4399,1
Página15,21,,4137,9050,104,2794,9783,4403,1
Página15,21,,4132,8981,103,2794,9740,4402,1
Página15,21,,4136,9055,103,2795,9772,4402,1
Página15,21,,4134,9018,104,2794,9759,4402,1
Página15,21,,4133,9008,103,2796,9705,4401,1
Página15,21,,4093,8804,102,2793,9574,4401,1
Página15,21,,4130,8971,103,2797,9715,4400,1
Página15,21,,4132,9020,103,2795,9744,4401,1
Página15,21,,4129,8967,103,2795,9660,4399,1
Página15,21,,4131,9014,104,2796,9753,4399,1
Página15,21,,4135,9055,103,2796,9730,4400,1
Página15,21,,4131,9010,103,2797,9731,4399,1
Página15,21,,4130,9022,103,2797,9720,4399,1
Página15,21,,4127,8977,103,2796,9669,4398,1
Página15,21,,4123,8886,103,2797,9607,4398,1
Página15,21,,4131,9067,103,2794,9778,4399,1
Página15,21,,4126,9064,103,2790,9784,4396,1
Página15,21,,4124,9031,104,2791,9774,4396,1
Página15,21,,4122,8980,103,2793,9704,4395,1
Página15,21,,4121,8938,103,2794,9621,4395,1
Página15,21,,4118,8896,103,2794,9571,4394,1
Página15,21,,4122,8949,103,2792,9637,4394,1
Página15,21,,4122,8963,103,2795,9635,4393,1
Página15,21,,4120,8947,103,2797,9630,4392,1
Página15,21,,4120,8944,103,2798,9643,4391,1
Página15,21,,4117,8944,103,2797,9608,4390,1
Página15,21,,4119,8955,103,2798,9621,4390,1
Página15,21,,4117,8929,103,2795,9590,4390,1
Página15,21,,4118,8960,103,2795,9652,4388,1
Página15,21,,4118,8971,103,2794,9652,4387,1
Página15,21,,4119,8986,103,2795,9676,4387,1
Página15,21,,4117,8962,103,2796,9639,4388,1
Página15,21,,4115,8938,103,2796,9638,4385,1
Página15,21,,4115,8922,103,2796,9598,4384,1
Página15,21,,4105,8851,103,2793,9519,4383,1
Página15,21,,4101,8788,103,2786,9511,4380,1
Página15,21,,4097,8780,103,2788,9425,4378,1
Página15,21,,4093,8728,103,2790,9334,4377,1
Página15,21,,4091,8730,103,2791,9332,4377,1
Página15,21,,4094,8742,103,2794,9389,4377,1
Página15,21,,4093,8742,103,2795,9383,4376,1
Página15,21,,4089,8681,103,2793,9342,4376,1
Página15,21,,4090,8699,102,2795,9321,4375,1
Página15,21,,4084,8585,103,2796,9246,4375,1
Página15,21,,4075,8486,102,2796,9131,4377,1
Página15,21,,4084,8633,103,2796,9285,4370,1
Página15,21,,4081,8576,103,2796,9230,4371,1
Página15,21,,4080,8586,102,2797,9256,4373,1
Página15,21,,4077,8518,103,2797,9214,4375,1
Página15,21,,4073,8470,102,2796,9139,4377,1
Página15,21,,4076,8518,103,2796,9061,4375,1
Página15,21,,4068,8558,102,2796,9182,4375,1
Página15,21,,4077,8559,102,2797,9191,4375,1
Página15,21,,4078,8572,103,2797,9194,4374,1
Página15,21,,4078,8581,102,2797,9218,4375,1
Página15,21,,4077,8570,102,2797,9220,4374,1
Página15,21,,4069,8563,103,2798,9232,4374,1
Página15,21,,4075,8574,102,2797,9199,4373,1
Página15,21,,4075,8533,102,2800,9187,4373,1
Página15,21,,4081,8646,103,2800,9296,4373,1
Página15,21,,4084,8703,103,2800,9385,4375,1
Página15,21,,4082,8668,102,2800,9376,4372,1
Página15,21,,4084,8726,102,2800,9377,4372,1
Página15,21,,4062,8396,102,2797,9012,4371,1
Página15,21,,4087,8789,103,2801,9473,4371,1
Página15,21,,4085,8744,102,2800,9423,4371,1
Página15,21,,4079,8752,103,2803,9433,4365,1
Página15,21,,4077,8736,103,2804,9369,4362,1
Página15,21,,4076,8735,104,2804,9377,4355,1
Página15,21,,4069,8642,104,2803,9391,4359,1
Página15,21,,4074,8760,103,2805,9415,4358,1
Página15,21,,4071,8736,103,2807,9435,4355,1
Página15,21,,4069,8756,103,2807,9411,4354,1
Página15,21,,4069,8765,103,2806,9421,4353,1
Página15,21,,4068,8757,103,2809,9366,4353,1
Página15,21,,4069,8775,103,2809,9437,4351,1
Página15,21,,4067,8777,103,2810,9449,4349,1
Página15,21,,4071,8865,103,2809,9568,4344,1
Página15,21,,4070,8870,104,2811,9560,4341,1
Página15,21,,4067,8847,104,2810,9519,4346,1
Página15,21,,4068,8857,103,2811,9532,4344,1
Página15,21,,4066,8853,103,2812,9568,4345,1
Página15,21,,4061,8772,104,2813,9574,4343,1
Página15,21,,4061,8808,104,2814,9568,4343,1
Página15,21,,4058,8774,103,2812,9539,4342,1
Página15,21,,4058,8762,103,2809,9534,4346,1
Página15,21,,4028,8329,102,2810,9002,4341,1
Página15,21,,4054,8739,103,2815,9572,4340,1
Página15,21,,4058,8783,103,2817,9568,4340,1
Página15,21,,4052,8727,103,2818,9511,4339,1
Página15,21,,4048,8765,103,2813,9553,4337,1
Página15,21,,4022,8317,103,2812,9007,4334,1
Página15,21,,4051,8791,104,2812,9568,4331,1
Página15,21,,4052,8814,103,2817,9560,4331,1
Página15,21,,4046,8736,104,2819,9532,4331,1
Página15,21,,4016,8312,103,2820,9015,4331,1
Página15,21,,4040,8682,103,2819,9470,4331,1
Página15,21,,4046,8755,104,2821,9542,4331,1
Página15,21,,4046,8756,104,2820,9532,4332,1
Página15,21,,4044,8762,104,2820,9553,4331,1
Página15,21,,4043,8692,103,2820,9464,4331,1
Página15,21,,4016,8309,103,2819,9012,4330,1
Página15,21,,4011,8320,102,2818,9010,4330,1
Página15,21,,4012,8325,103,2817,9012,4331,1
Página15,21,,4016,8321,103,2818,9011,4330,1
Página15,21,,4015,8321,103,2818,9012,4330,1
Página15,21,,4015,8321,103,2819,9017,4330,1
Página15,21,,4015,8320,103,2819,9016,4329,1
Página15,21,,4015,8322,104,2819,9018,4331,1
Página15,21,,4014,8313,102,2820,9019,4329,1
Página15,21,,4014,8313,103,2821,9020,4329,1
Página15,21,,4010,8329,103,2822,9025,4328,1
Página15,21,,4047,8823,103,2824,9643,4328,1
Página15,21,,4013,8325,103,2823,9023,4327,1
Página15,21,,4014,8328,103,2820,9024,4329,1
Página15,21,,4013,8329,103,2824,9022,4327,1
Página15,21,,4013,8330,103,2825,9022,4327,1
Página15,21,,4013,8331,103,2823,9024,4327,1
Página15,21,,4012,8332,103,2824,9024,4327,1
Página15,21,,4014,8333,103,2825,9025,4327,1
Página15,21,,4013,8334,103,2826,9024,4327,1
Página15,21,,4012,8333,103,2826,9024,4321,1
Página15,21,,4012,8336,103,2826,9022,4320,1
Página15,21,,4012,8335,103,2826,9010,4326,1
Página15,21,,4014,8337,103,2826,9007,4328,1
Página15,21,,4011,8339,103,2827,9006,4325,1
Página15,21,,4011,8336,103,2826,9002,4324,1
Página15,21,,4010,8329,103,2827,9002,4324,1
Página15,21,,4010,8326,103,2828,9003,4323,1
Página15,21,,3938,8178,101,2821,8842,4246,1
Página15,21,,3923,8145,101,2822,8820,4230,1
Página15,21,,3914,8136,101,2822,8809,4221,1
Página15,21,,3899,8139,101,2823,8799,4210,1
Página15,21,,3891,8133,101,2823,8795,4201,1
Página15,21,,3889,8132,101,2823,8794,4193,1
Página15,21,,3883,8131,100,2823,8791,4187,1
Página15,21,,3876,8126,101,2822,8785,4179,1
Página15,21,,3869,8123,101,2822,8784,4171,1
Página15,21,,3863,8120,101,2823,8783,4164,1
Página15,21,,3858,8117,101,2824,8782,4157,1
Página15,21,,3853,8117,100,2821,8784,4152,1
Página15,21,,3848,8115,100,2823,8782,4146,1
Página15,21,,3844,8114,100,2821,8782,4140,1
Página15,21,,3840,8112,100,2822,8781,4136,1
Página15,21,,3836,8112,100,2822,8780,4131,1
Página15,21,,3832,8109,101,2821,8781,4122,1
Página15,21,,3824,8106,100,2819,8775,4117,1
Página15,21,,3814,8098,100,2817,8775,4106,1
Página15,21,,3809,8096,100,2818,8775,4100,1
Página15,21,,3806,8091,100,2818,8779,4097,1
Página15,21,,3804,8090,100,2816,8780,4094,1
Página15,21,,3802,8089,100,2817,8781,4091,1
Página15,21,,3801,8092,100,2819,8782,4089,1
Página15,21,,3798,8088,100,2818,8782,4087,1
Página15,21,,3796,8087,100,2817,8781,4078,1
Página15,21,,3795,8085,100,2819,8782,4078,1
Página15,21,,3794,8090,100,2819,8770,4079,1
Página15,21,,3791,8086,99,2819,8767,4077,1
Página15,21,,3791,8082,100,2821,8777,4077,1
Página15,21,,3784,8083,99,2819,8776,4074,1
Página15,21,,3788,8081,100,2820,8779,4073,1
Página15,21,,3786,8076,99,2822,8784,4071,1
Página15,21,,3786,8088,100,2822,8778,4070,1
Página15,21,,3785,8087,99,2822,8778,4070,1
Página15,21,,3785,8087,100,2821,8781,4069,1
Página15,21,,3783,8084,99,2819,8783,4068,1
Página15,21,,3783,8088,99,2819,8777,4068,1
Página15,21,,3782,8086,99,2821,8776,4066,1
Página15,21,,3782,8086,99,2819,8779,4065,1
Página15,21,,3781,8086,99,2819,8778,4058,1
Página15,21,,3780,8087,99,2820,8779,4058,1
Página15,21,,3780,8087,99,2820,8769,4062,1
Página15,21,,3778,8078,99,2820,8764,4061,1
Página15,21,,3777,8055,100,2819,8779,4059,1
Página15,21,,3777,8064,99,2820,8780,4060,1
Página15,21,,3777,8071,99,2819,8774,4060,1
Página15,21,,3777,8070,99,2818,8774,4060,1
Página15,21,,3776,8071,99,2818,8773,4060,1
Página15,21,,3777,8077,99,2817,8770,4061,1
Página15,21,,3777,8081,100,2820,8771,4060,1
Página15,21,,3777,8083,100,2819,8769,4059,1
Página15,21,,3778,8087,100,2821,8769,4058,1
Página15,21,,3777,8089,100,2820,8771,4057,1
Página15,21,,3778,8091,99,2822,8763,4060,1
Página15,21,,3779,8083,100,2821,8776,4060,1
Página15,21,,3773,8092,100,2819,8776,4060,1
Página15,21,,3773,8093,99,2820,8778,4060,1
Página15,21,,3778,8098,99,2820,8781,4060,1
Página15,21,,3778,8099,99,2820,8780,4061,1
Página15,21,,3778,8102,100,2820,8783,4061,1
Página15,21,,3779,8103,100,2820,8784,4060,1
Página15,21,,3778,8103,100,2821,8787,4061,1
Página15,21,,3779,8109,100,2821,8788,4061,1
Página15,21,,3780,8110,100,2822,8790,4061,1
Página15,21,,3780,8115,100,2821,8792,4063,1
Página15,21,,3780,8106,99,2821,8793,4061,1
Página15,21,,3778,8115,99,2820,8793,4062,1
Página15,21,,3776,8116,100,2821,8795,4062,1
Página15,21,,3780,8118,100,2822,8796,4062,1
Página15,21,,3781,8121,100,2822,8800,4063,1
Página15,21,,3781,8120,100,2820,8797,4062,1
Página15,21,,3782,8121,100,2821,8797,4061,1
Página15,21,,3781,8123,100,2821,8798,4062,1
Página15,21,,3783,8127,100,2819,8800,4061,1
Página15,21,,3780,8125,99,2817,8800,4060,1
Página15,21,,3780,8127,101,2817,8803,4060,1
Página15,21,,3781,8128,100,2817,8805,4061,1
Página15,21,,3781,8129,100,2819,8807,4061,1
Página15,21,,3782,8132,100,2820,8809,4062,1
Página15,21,,3782,8133,100,2821,8812,4062,1
Página15,21,,3783,8134,100,2822,8813,4063,1
Página15,21,,3786,8138,100,2823,8820,4065,1
Página15,21,,3784,8137,100,2823,8819,4064,1
Página15,21,,3785,8137,100,2824,8821,4065,1
Página15,21,,3786,8139,100,2823,8822,4065,1
Página15,21,,3783,8103,100,2825,8853,4066,1
Página15,21,,3785,8100,100,2824,8855,4067,1
Página15,21,,3785,8099,100,2824,8861,4069,1
Página15,21,,3785,8100,100,2824,8863,4068,1
Página15,21,,3785,8100,100,2826,8864,4064,1
Página15,21,,3786,8100,100,2827,8858,4070,1
Página15,21,,3787,8098,100,2828,8858,4072,1
Página15,21,,3787,8098,101,2826,8864,4070,1
Página15,21,,3787,8095,100,2827,8864,4072,1
Página15,21,,3762,7697,100,2826,9169,4072,1
Página15,21,,3761,7674,99,2826,9186,4073,1
Página15,21,,3785,8026,99,2827,8917,4074,1
Página15,21,,3792,8110,100,2826,8857,4075,1
Página15,21,,3788,8066,100,2826,8888,4074,1
Página15,21,,3789,8076,100,2826,8884,4075,1
Página15,21,,3791,8083,100,2828,8882,4070,1
Página15,21,,3791,8085,100,2827,8877,4075,1
Página15,21,,3792,8090,101,2829,8874,4077,1
Página15,21,,3792,8080,100,2828,8887,4077,1
Página15,21,,3792,8087,100,2827,8888,4077,1
Página15,21,,3788,8096,100,2827,8889,4077,1
Página15,21,,3789,8098,100,2827,8890,4077,1
Página15,21,,3788,8084,100,2827,8897,4078,1
Página15,21,,3795,8104,100,2829,8890,4078,1
Página15,21,,3796,8102,100,2828,8891,4078,1
Página15,21,,3796,8113,100,2830,8887,4079,1
Página15,21,,3798,8121,100,2827,8879,4079,1
Página15,21,,3797,8122,100,2828,8884,4081,1
Página15,21,,3799,8124,100,2827,8873,4080,1
Página15,21,,3798,8123,101,2829,8876,4079,1
Página15,21,,3798,8121,100,2831,8887,4080,1
Página15,21,,3794,8125,100,2829,8887,4080,1
Página15,21,,3798,8125,100,2829,8891,4080,1
Página15,21,,3800,8123,100,2829,8893,4080,1
Página15,21,,3800,8121,100,2829,8896,4080,1
Página15,21,,3800,8124,100,2829,8895,4080,1
Página15,21,,3799,8123,100,2830,8897,4081,1
Página15,21,,3800,8125,100,2830,8897,4081,1
Página15,21,,3802,8140,100,2830,8888,4082,1
Página15,21,,3801,8141,100,2830,8888,4082,1
Página15,21,,3801,8139,100,2831,8888,4082,1
Página15,21,,3802,8139,100,2831,8887,4082,1
Página15,21,,3802,8139,100,2832,8887,4082,1
Página15,21,,3803,8138,101,2831,8885,4083,1
Página15,21,,3801,8136,101,2828,8883,4083,1
Página15,21,,3801,8123,100,2827,8893,4082,1
Página15,21,,3801,8137,101,2829,8880,4082,1
Página15,21,,3801,8137,100,2829,8882,4082,1
Página15,21,,3801,8136,100,2829,8882,4083,1
Página15,21,,3802,8137,100,2831,8883,4083,1
Página15,21,,3803,8138,100,2831,8886,4084,1
Página15,21,,3804,8127,100,2828,8897,4080,1
Página15,21,,3803,8118,101,2828,8893,4080,1
Página15,21,,3804,8138,100,2829,8888,4086,1
Página15,21,,3805,8133,100,2828,8892,4087,1
Página15,21,,3805,8123,100,2829,8905,4089,1
Página15,21,,3807,8140,100,2828,8906,4090,1
Página15,21,,3807,8144,100,2831,8899,4089,1
Página15,21,,3807,8145,100,2830,8901,4089,1
Página15,21,,3808,8147,100,2832,8900,4089,1
Página15,21,,3808,8146,100,2831,8902,4090,1
Página15,21,,3809,8148,100,2831,8904,4091,1
Página15,21,,3809,8147,100,2832,8904,4091,1
Página15,21,,3810,8148,100,2831,8904,4091,1
Página15,21,,3810,8148,100,2831,8907,4092,1
Página15,21,,3811,8148,100,2832,8907,4093,1
Página15,21,,3811,8145,100,2831,8916,4093,1
Página15,21,,3813,8153,101,2831,8899,4093,1
Página15,21,,3808,8153,101,2832,8909,4094,1
Página15,21,,3809,8146,100,2831,8919,4095,1
Página15,21,,3815,8180,100,2833,8889,4095,1
Página15,21,,3817,8199,100,2833,8885,4097,1
Página15,21,,3817,8194,100,2830,8883,4095,1
Página15,21,,3817,8191,100,2833,8885,4096,1
Página15,21,,3817,8190,100,2832,8887,4096,1
Página15,21,,3818,8196,101,2835,8885,4097,1
Página15,21,,3819,8201,101,2832,8887,4093,1
Página15,21,,3819,8199,101,2833,8890,4097,1
Página15,21,,3819,8202,101,2835,8890,4097,1
Página15,21,,3819,8195,101,2836,8895,4097,1
Página15,21,,3820,8202,101,2837,8889,4098,1
Página15,21,,3820,8197,101,2836,8892,4099,1
Página15,21,,3821,8200,101,2832,8888,4094,1
Página15,21,,3820,8194,100,2834,8884,4100,1
Página15,21,,3821,8189,100,2836,8883,4099,1
Página15,21,,3821,8184,101,2836,8889,4100,1
Página15,21,,3820,8196,101,2835,8887,4100,1
Página15,21,,3823,8203,100,2836,8887,4101,1
Página15,21,,3822,8200,101,2836,8887,4101,1
Página15,21,,3823,8202,102,2837,8888,4101,1
Página15,21,,3823,8203,101,2839,8889,4102,1
Página15,21,,3823,8204,101,2838,8891,4102,1
Página15,21,,3825,8207,101,2837,8896,4102,1
Página15,21,,3824,8207,101,2837,8894,4102,1
Página15,21,,3826,8218,101,2837,8886,4102,1
Página15,21,,3822,8171,101,2839,8919,4102,1
Página15,21,,3824,8197,102,2839,8909,4103,1
Página15,21,,3826,8204,101,2839,8903,4103,1
Página15,21,,3826,8205,102,2840,8904,4099,1
Página15,21,,3826,8209,101,2841,8900,4101,1
Página15,21,,3826,8207,101,2839,8908,4103,1
Página15,21,,3826,8218,101,2836,8893,4102,1
Página15,21,,3825,8215,101,2836,8892,4101,1
Página15,21,,3825,8210,101,2837,8899,4101,1
Página15,21,,3825,8204,101,2840,8904,4104,1
Página15,21,,3827,8207,101,2840,8903,4102,1
Página15,21,,3826,8207,101,2840,8899,4103,1
Página15,21,,3826,8207,102,2841,8899,4104,1
Página15,21,,3826,8206,102,2840,8897,4103,1
Página15,21,,3828,8209,101,2840,8900,4103,1
Página15,21,,3822,8204,101,2840,8897,4103,1
Página15,21,,3827,8200,101,2842,8896,4104,1
Página15,21,,3827,8194,101,2842,8900,4104,1
Página15,21,,3828,8192,101,2842,8901,4105,1
Página15,21,,3828,8191,102,2842,8907,4108,1
Página15,21,,3828,8191,102,2842,8904,4106,1
Página15,21,,3828,8189,102,2844,8905,4107,1
Página15,21,,3829,8187,102,2844,8907,4107,1
Página15,21,,3831,8213,101,2844,8888,4104,1
Página15,21,,3831,8217,102,2847,8890,4102,1
Página15,21,,3827,8221,101,2845,8891,4109,1
Página15,21,,3832,8217,102,2848,8889,4108,1
Página15,21,,3832,8218,102,2848,8891,4108,1
Página15,21,,3832,8219,102,2850,8892,4109,1
Página15,21,,3833,8224,102,2849,8895,4109,1
Página15,21,,3834,8225,102,2850,8896,4109,1
Página15,21,,3834,8225,102,2848,8898,4110,1
Página15,21,,3834,8225,102,2848,8899,4110,1
Página15,21,,3834,8226,101,2848,8901,4109,1
Página15,21,,3835,8227,103,2848,8903,4111,1
Página15,21,,3835,8225,102,2847,8907,4111,1
Página15,21,,3832,8201,103,2849,8901,4111,1
Página15,21,,3835,8230,102,2849,8892,4111,1
Página15,21,,3835,8219,102,2849,8902,4111,1
Página15,21,,3835,8214,101,2850,8904,4112,1
Página15,21,,3830,8218,102,2851,8914,4113,1
Página15,21,,3837,8218,102,2847,8907,4113,1
Página15,21,,3835,8211,102,2850,8906,4113,1
Página15,21,,3835,8207,102,2850,8915,4113,1
Página15,21,,3835,8198,102,2851,8915,4112,1
Página15,21,,3835,8217,102,2850,8894,4113,1
Página15,21,,3836,8227,102,2851,8894,4114,1
Página15,21,,3837,8226,103,2849,8896,4113,1
Página15,21,,3837,8229,102,2850,8896,4114,1
Página15,21,,3837,8232,102,2851,8897,4114,1
Página15,21,,3838,8240,102,2851,8894,4109,1
Página15,21,,3838,8236,103,2850,8891,4115,1
Página15,21,,3835,8241,102,2850,8898,4114,1
Página15,21,,3834,8229,102,2851,8907,4115,1
Página15,21,,3838,8222,102,2850,8914,4115,1
Página15,21,,3837,8215,102,2850,8919,4114,1
Página15,21,,3836,8213,102,2850,8923,4116,1
Página15,21,,3838,8219,103,2851,8916,4114,1
Página15,21,,3839,8231,103,2851,8904,4114,1
Página15,21,,3839,8230,102,2850,8900,4113,1
Página15,21,,3839,8219,102,2849,8902,4113,1
Página15,21,,3837,8194,103,2848,8912,4114,1
Página15,21,,3839,8171,102,2843,8909,4111,1
Página15,21,,3838,8152,102,2842,8912,4110,1
Página15,21,,3833,8141,102,2843,8936,4110,1
Página15,21,,3837,8147,102,2846,8917,4109,1
Página15,21,,3838,8156,102,2846,8916,4110,1
Página15,21,,3838,8155,102,2846,8918,4110,1
Página15,21,,3834,7881,102,2847,9143,4110,1
Página15,21,,3842,8177,102,2847,8907,4111,1
Página15,21,,3841,8180,102,2847,8902,4111,1
Página15,21,,3840,8174,103,2847,8919,4111,1
Página15,21,,3842,8185,102,2847,8915,4111,1
Página15,21,,3841,8170,102,2849,8930,4111,1
Página15,21,,3844,8181,102,2850,8930,4113,1
Página15,21,,3842,8169,103,2850,8939,4112,1
Página15,21,,3843,8184,101,2851,8927,4113,1
Página15,21,,3843,8183,102,2850,8929,4112,1
Página15,21,,3842,8177,101,2852,8933,4112,1
Página15,21,,3842,8164,102,2850,8945,4114,1
Página15,21,,3843,8174,102,2849,8938,4108,1
Página15,21,,3843,8172,102,2849,8940,4108,1
Página15,21,,3843,8178,102,2850,8929,4113,1
Página15,21,,3843,8157,102,2850,8951,4113,1
Página15,21,,3844,8158,102,2850,8953,4113,1
Página15,21,,3840,8123,101,2847,9007,4115,1
Página15,21,,3842,8146,102,2851,8968,4113,1
Página15,21,,3840,8109,102,2849,9011,4113,1
Página15,21,,3840,8135,101,2850,8982,4114,1
Página15,21,,3842,8143,102,2850,8982,4114,1
Página15,21,,3843,8146,102,2847,8985,4115,1
Página15,21,,3844,8152,101,2851,8981,4114,1
Página15,21,,3844,8155,101,2850,8981,4114,1
Página15,21,,3843,8144,102,2852,8991,4114,1
Página15,21,,3843,8142,102,2851,8991,4114,1
Página15,21,,3844,8162,102,2852,8977,4114,1
Página15,21,,3837,8130,102,2850,8995,4114,1
Página15,21,,3837,8117,102,2851,9007,4113,1
Página15,21,,3843,8132,102,2852,9014,4113,1
Página15,21,,3843,8124,102,2852,8994,4113,1
Página15,21,,3841,8111,101,2850,8999,4112,1
Página15,21,,3842,8108,102,2851,9002,4113,1
Página15,21,,3840,8075,102,2850,9022,4112,1
Página15,21,,3839,8069,101,2852,9026,4112,1
Página15,21,,3840,8071,102,2850,9020,4111,1
Página15,21,,3842,8067,102,2850,8993,4106,1
Página15,21,,3842,8101,102,2848,8993,4112,1
Página15,21,,3843,8109,101,2849,8990,4112,1
Página15,21,,3844,8132,103,2852,8973,4111,1
Página15,21,,3844,8106,102,2850,8992,4111,1
Página15,21,,3847,8171,102,2852,8953,4113,1
Página15,21,,3845,8126,102,2851,8986,4109,1
Página15,21,,3845,8125,102,2852,8993,4107,1
Página15,21,,3845,8137,102,2852,8983,4111,1
Página15,21,,3847,8145,102,2853,8976,4113,1
Página15,21,,3848,8149,102,2853,8989,4113,1
Página15,21,,3844,8101,102,2852,9037,4115,1
Página15,21,,3843,8103,101,2850,9025,4112,1
Página15,21,,3844,8135,102,2846,9005,4107,1
Página15,21,,3845,8160,103,2846,8989,4111,1
Página15,21,,3847,8185,102,2848,8971,4111,1
Página15,21,,3845,8155,102,2851,8999,4112,1
Página15,21,,3842,8107,102,2850,9032,4108,1
Página15,21,,3843,8117,102,2852,9006,4108,1
Página15,21,,3844,8119,102,2853,9018,4113,1
Página15,21,,3841,8163,101,2853,8992,4113,1
Página15,21,,3840,8142,102,2853,9009,4113,1
Página15,21,,3845,8136,102,2853,9017,4114,1
Página15,21,,3849,8175,102,2854,8992,4114,1
Página15,21,,3846,8150,102,2853,9008,4114,1
Página15,21,,3847,8160,102,2854,9003,4114,1
Página15,21,,3849,8183,103,2855,8987,4115,1
Página15,21,,3846,8161,102,2857,9005,4115,1
Página15,21,,3848,8166,103,2855,9012,4117,1
Página15,21,,3841,8156,102,2853,9014,4115,1
Página15,21,,3847,8163,102,2855,9005,4115,1
Página15,21,,3845,8145,103,2854,9004,4115,1
Página15,21,,3847,8160,102,2854,9003,4115,1
Página15,21,,3847,8154,103,2858,9009,4116,1
Página15,21,,3843,8114,102,2856,9034,4115,1
Página15,21,,3846,8151,103,2861,9000,4115,1
Página15,21,,3846,8149,103,2861,8996,4114,1
Página15,21,,3847,8169,102,2858,8984,4114,1
Página15,21,,3845,8120,102,2858,9027,4114,1
Página15,21,,3839,7989,103,2857,9250,4109,1
Página15,21,,3845,8133,102,2859,8962,4113,1
Página15,21,,3842,8118,102,2859,8948,4113,1
Página15,21,,3840,8071,103,2859,8975,4112,1
Página15,21,,3837,8016,102,2855,9004,4107,1
Página15,21,,3837,8083,101,2856,8955,4111,1
Página15,21,,3837,8076,102,2858,8963,4110,1
Página15,21,,3837,8061,102,2859,8985,4110,1
Página15,21,,3838,8080,102,2858,8968,4110,1
Página15,21,,3838,8087,102,2857,8970,4109,1
Página15,21,,3836,8038,102,2855,8992,4109,1
Página15,21,,3835,8036,102,2856,8984,4103,1
Página15,21,,3836,8061,102,2852,8946,4102,1
Página15,21,,3834,8037,102,2856,8980,4104,1
Página15,21,,3833,8020,102,2854,8980,4107,1
Página15,21,,3832,8005,101,2855,8982,4106,1
Página15,21,,3828,8021,101,2853,8977,4105,1
Página15,21,,3829,8028,101,2859,8964,4104,1
Página15,21,,3832,8028,102,2855,8970,4104,1
Página15,21,,3836,8077,101,2851,8936,4103,1
Página15,21,,3834,8070,102,2853,8971,4099,1
Página15,21,,3832,8033,102,2851,8984,4103,1
Página15,21,,3835,8082,102,2850,8949,4103,1
Página15,21,,3835,8080,102,2850,8957,4103,1
Página15,21,,3836,8095,101,2850,8944,4103,1
Página15,21,,3838,8102,102,2847,8952,4098,1
Página15,21,,3840,8140,102,2848,8920,4105,1
Página15,21,,3836,8165,102,2846,8909,4104,1
Página15,21,,3837,8179,102,2848,8911,4105,1
Página15,21,,3841,8181,102,2846,8924,4104,1
Página15,21,,3840,8190,102,2846,8921,4103,1
Página15,21,,3839,8190,102,2844,8927,4102,1
Página15,21,,3840,8196,102,2846,8927,4101,1
Página15,21,,3841,8196,102,2850,8925,4102,1
Página15,21,,3840,8198,101,2847,8929,4101,1
Página15,21,,3840,8203,102,2847,8930,4102,1
Página15,21,,3840,8197,102,2846,8943,4098,1
Página15,21,,3842,8224,102,2847,8922,4097,1
Página15,21,,3843,8225,102,2849,8924,4096,1
Página15,21,,3841,8208,102,2848,8944,4103,1
Página15,21,,3840,8208,102,2848,8949,4103,1
Página15,21,,3841,8206,102,2846,8953,4104,1
Página15,21,,3843,8231,101,2846,8932,4103,1
Página15,21,,3842,8239,102,2846,8937,4099,1
Página15,21,,3841,8217,102,2845,8957,4104,1
Página15,21,,3841,8225,102,2848,8951,4104,1
Página15,21,,3841,8218,103,2848,8961,4104,1
Página15,21,,3842,8229,102,2848,8952,4104,1
Página15,21,,3842,8228,102,2848,8957,4105,1
Página15,21,,3844,8236,103,2851,8954,4106,1
Página15,21,,3838,8229,102,2848,8960,4105,1
Página15,21,,3843,8238,102,2850,8953,4105,1
Página15,21,,3842,8235,102,2850,8957,4105,1
Página15,21,,3843,8237,103,2850,8956,4105,1
Página15,21,,3843,8237,103,2850,8949,4107,1
Página15,21,,3843,8238,102,2849,8953,4106,1
Página15,21,,3843,8238,102,2850,8956,4106,1
Página15,21,,3843,8234,102,2849,8958,4106,1
Página15,21,,3843,8236,101,2849,8958,4104,1
Página15,21,,3844,8236,102,2850,8962,4102,1
Página15,21,,3844,8232,102,2849,8966,4107,1
Página15,21,,3843,8225,102,2849,8972,4106,1
Página15,21,,3843,8238,102,2849,8969,4107,1
Página15,21,,3843,8237,102,2851,8972,4106,1
Página15,21,,3844,8233,102,2850,8979,4106,1
Página15,21,,3846,8251,102,2851,8968,4107,1
Página15,21,,3844,8243,101,2852,8973,4107,1
Página15,21,,3844,8246,102,2854,8969,4102,1
Página15,21,,3844,8242,102,2854,8970,4103,1
Página15,21,,3842,8229,101,2852,8980,4106,1
Página15,21,,3845,8250,102,2852,8953,4108,1
Página15,21,,3844,8239,102,2853,8964,4107,1
Página15,21,,3841,8252,102,2853,8966,4108,1
Página15,21,,3840,8252,102,2856,8971,4108,1
Página15,21,,3840,8255,102,2856,8970,4108,1
Página15,21,,3845,8255,102,2854,8972,4109,1
Página15,21,,3845,8261,103,2854,8966,4109,1
Página15,21,,3845,8264,103,2854,8962,4109,1
Página15,21,,3846,8260,103,2855,8964,4109,1
Página15,21,,3845,8262,103,2855,8967,4109,1
Página15,21,,3845,8264,103,2856,8968,4111,1
Página15,21,,3846,8269,103,2855,8953,4109,1
Página15,21,,3846,8270,102,2855,8951,4110,1
Página15,21,,3846,8255,103,2851,8963,4110,1
Página15,21,,3844,8244,103,2852,8972,4110,1
Página15,21,,3844,8238,102,2849,8969,4108,1
Página15,21,,3843,8249,102,2846,8953,4105,1
Página15,21,,3842,8240,103,2846,8960,4102,1
Página15,21,,3837,8247,102,2847,8954,4104,1
Página15,21,,3842,8245,103,2850,8949,4105,1
Página15,21,,3842,8234,103,2850,8955,4105,1
Página15,21,,3842,8234,102,2850,8952,4104,1
Página15,21,,3842,8237,102,2851,8951,4105,1
Página15,21,,3841,8233,102,2851,8952,4105,1
Página15,21,,3842,8231,102,2852,8955,4105,1
Página15,21,,3842,8226,102,2852,8959,4105,1
Página15,21,,3842,8218,102,2853,8965,4105,1
Página15,21,,3841,8232,101,2853,8954,4100,1
Página15,21,,3843,8230,102,2851,8956,4107,1
Página15,21,,3843,8218,102,2853,8961,4106,1
Página15,21,,3843,8218,103,2855,8964,4106,1
Página15,21,,3842,8225,102,2855,8967,4106,1
Página15,21,,3839,8231,103,2854,8969,4106,1
Página15,21,,3839,8235,102,2854,8970,4107,1
Página15,21,,3844,8234,103,2852,8975,4106,1
Página15,21,,3844,8239,103,2854,8982,4106,1
Página15,21,,3843,8243,102,2854,8978,4106,1
Página15,21,,3844,8246,102,2854,8979,4105,1
Página15,21,,3844,8250,102,2855,8983,4107,1
Página15,21,,3845,8252,102,2856,8983,4106,1
Página15,21,,3845,8255,102,2855,8985,4101,1
Página15,21,,3844,8255,102,2857,8986,4106,1
Página15,21,,3844,8250,102,2856,8987,4101,1
Página15,21,,3846,8268,102,2853,8998,4110,1
Página15,21,,3844,8263,103,2854,8992,4105,1
Página15,21,,3844,8262,103,2854,8992,4105,1
Página15,21,,3844,8263,102,2855,8994,4106,1
Página15,21,,3844,8259,102,2855,9002,4106,1
Página15,21,,3844,8255,103,2856,8998,4107,1
Página15,21,,3844,8265,102,2855,9001,4106,1
Página15,21,,3842,8257,103,2856,9011,4105,1
Página15,21,,3843,8243,103,2857,9005,4105,1
Página15,21,,3843,8261,103,2858,9009,4106,1
Página15,21,,3842,8253,103,2858,9012,4105,1
Página15,21,,3842,8241,103,2858,9027,4107,1
Página15,21,,3843,8258,102,2857,9015,4101,1
Página15,21,,3843,8257,103,2855,9013,4104,1
Página15,21,,3843,8241,102,2856,9015,4106,1
Página15,21,,3842,8221,102,2858,9027,4106,1
Página15,21,,3841,8231,103,2856,9032,4107,1
Página15,21,,3840,8245,102,2856,9026,4106,1
Página15,21,,3841,8228,102,2857,9035,4107,1
Página15,21,,3842,8241,103,2858,9033,4106,1
Página15,21,,3842,8244,102,2857,9034,4106,1
Página15,21,,3844,8250,102,2858,9043,4111,1
Página15,21,,3843,8243,102,2857,9035,4106,1
Página15,21,,3843,8248,103,2858,9033,4107,1
Página15,21,,3841,8261,103,2858,9027,4106,1
Página15,21,,3838,8267,103,2858,9024,4106,1
Página15,21,,3840,8259,103,2858,9025,4106,1
Página15,21,,3843,8249,103,2858,9026,4106,1
Página15,21,,3843,8256,104,2859,9024,4106,1
Página15,21,,3842,8257,103,2854,9010,4105,1
Página15,21,,3840,8250,103,2850,9013,4103,1
Página15,21,,3838,8256,102,2831,9020,4104,1
Página15,21,,3838,8251,101,2835,9029,4103,1
Página15,21,,3839,8252,102,2851,9034,4102,1
Página15,21,,3840,8253,102,2853,9037,4098,1
Página15,21,,3839,8251,102,2856,9041,4098,1
Página15,21,,3838,8247,103,2857,9041,4103,1
Página15,21,,3840,8243,102,2857,9047,4103,1
Página15,21,,3840,8243,102,2857,9048,4104,1
Página15,21,,3841,8238,103,2858,9048,4104,1
Página15,21,,3840,8248,103,2856,9050,4103,1
Página15,21,,3840,8246,103,2865,9050,4103,1
Página15,21,,3840,8240,103,2868,9053,4103,1
Página15,21,,3839,8229,103,2868,9047,4103,1
Página15,21,,3841,8233,103,2868,9044,4104,1
Página15,21,,3839,8223,103,2866,9045,4098,1
Página15,21,,3838,8214,102,2867,9036,4104,1
Página15,21,,3838,8204,103,2867,9044,4103,1
Página15,21,,3838,8200,103,2868,9050,4103,1
Página15,21,,3838,8190,103,2868,9056,4105,1
Página15,21,,3839,8202,102,2869,9057,4104,1
Página15,21,,3838,8198,103,2870,9060,4103,1
Página15,21,,3840,8222,103,2870,9042,4103,1
Página15,21,,3841,8230,102,2870,9040,4104,1
Página15,21,,3841,8213,103,2871,9058,4104,1
Página15,21,,3840,8213,103,2871,9046,4104,1
Página15,21,,3840,8219,103,2872,9041,4104,1
Página15,21,,3839,8202,102,2871,9054,4104,1
Página15,21,,3840,8235,103,2868,9037,4103,1
Página15,21,,3837,8240,103,2872,9038,4105,1
Página15,21,,3842,8243,103,2871,9040,4105,1
Página15,21,,3842,8244,103,2874,9037,4104,1
Página15,21,,3843,8256,103,2874,9032,4104,1
Página15,21,,3843,8253,103,2874,9031,4104,1
Página15,21,,3841,8230,103,2875,9050,4104,1
Página15,21,,3842,8221,102,2873,9066,4105,1
Página15,21,,3844,8250,103,2876,9038,4104,1
Página15,21,,3844,8245,103,2875,9045,4105,1
Página15,21,,3843,8252,103,2875,9039,4105,1
Página15,21,,3843,8249,103,2876,9044,4105,1
Página15,21,,3842,8235,103,2876,9063,4105,1
Página15,21,,3842,8233,102,2876,9048,4105,1
Página15,21,,3844,8235,104,2875,9052,4105,1
Página15,21,,3845,8251,104,2876,9043,4106,1
Página15,21,,3844,8241,103,2878,9051,4106,1
Página15,21,,3840,8278,103,2877,9036,4108,1
Página15,21,,3846,8285,102,2876,9031,4107,1
Página15,21,,3846,8283,102,2878,9031,4106,1
Página15,21,,3845,8285,103,2876,9031,4106,1
Página15,21,,3845,8280,103,2878,9037,4106,1
Página15,21,,3847,8295,103,2878,9032,4108,1
Página15,21,,3847,8291,104,2877,9032,4106,1
Página15,21,,3846,8282,103,2879,9043,4107,1
Página15,21,,3847,8282,103,2879,9048,4106,1
Página15,21,,3846,8283,103,2879,9046,4106,1
Página15,21,,3847,8286,103,2876,9052,4107,1
Página15,21,,3843,8282,104,2872,9052,4104,1
Página15,21,,3843,8283,102,2872,9051,4103,1
Página15,21,,3844,8281,103,2873,9052,4104,1
Página15,21,,3843,8283,103,2875,9052,4104,1
Página15,21,,3842,8270,103,2877,9059,4104,1
Página15,21,,3843,8287,104,2876,9044,4103,1
Página15,21,,3842,8264,103,2877,9062,4104,1
Página15,21,,3845,8267,103,2877,9065,4104,1
Página15,21,,3842,8263,103,2877,9063,4103,1
Página15,21,,3843,8264,103,2878,9063,4103,1
Página15,21,,3843,8264,102,2878,9063,4104,1
Página15,21,,3843,8265,104,2879,9064,4104,1
Página15,21,,3843,8268,103,2878,9068,4107,1
Página15,21,,3845,8298,103,2879,9042,4103,1
Página15,21,,3843,8256,102,2878,9077,4104,1
Página15,21,,3845,8297,103,2880,9049,4104,1
Página15,21,,3844,8279,103,2881,9072,4100,1
Página15,21,,3844,8269,103,2860,9073,4100,1
Página15,21,,3838,8265,102,2861,9072,4105,1
Página15,21,,3845,8294,103,2880,9063,4105,1
Página15,21,,3847,8312,104,2879,9050,4105,1
Página15,21,,3845,8283,103,2881,9075,4104,1
Página15,21,,3844,8269,103,2881,9085,4105,1
Página15,21,,3844,8261,102,2882,9093,4106,1
Página15,21,,3842,8244,103,2883,9110,4106,1
Página15,21,,3843,8259,103,2881,9094,4105,1
Página15,21,,3842,8255,103,2877,9102,4105,1
Página15,21,,3842,8239,103,2881,9089,4106,1
Página15,21,,3845,8283,103,2882,9068,4106,1
Página15,21,,3846,8294,104,2883,9062,4106,1
Página15,21,,3846,8293,103,2884,9066,4107,1
Página15,21,,3847,8297,104,2884,9074,4100,1
Página15,21,,3844,8266,104,2882,9089,4101,1
Página15,21,,3845,8265,104,2884,9082,4107,1
Página15,21,,3844,8265,103,2883,9095,4106,1
Página15,21,,3844,8259,103,2882,9101,4106,1
Página15,21,,3845,8267,104,2884,9096,4106,1
Página15,21,,3843,8246,103,2882,9112,4105,1
Página15,21,,3845,8260,103,2883,9101,4106,1
Página15,21,,3845,8272,104,2885,9094,4105,1
Página15,21,,3846,8273,104,2885,9096,4105,1
Página15,21,,3846,8270,104,2886,9097,4105,1
Página15,21,,3845,8268,104,2885,9098,4104,1
Página15,21,,3846,8261,103,2886,9102,4105,1
Página15,21,,3845,8257,104,2886,9103,4102,1
Página15,21,,3845,8247,104,2886,9102,4106,1
Página15,21,,3845,8248,104,2887,9098,4106,1
Página15,21,,3845,8240,104,2886,9106,4106,1
Página15,21,,3843,8242,103,2881,9119,4107,1
Página15,21,,3846,8236,103,2876,9116,4107,1
Página15,21,,3847,8265,104,2886,9096,4108,1
Página15,21,,3848,8263,104,2887,9100,4108,1
Página15,21,,3847,8249,103,2887,9117,4108,1
Página15,21,,3850,8285,104,2888,9088,4110,1
Página15,21,,3847,8266,104,2877,9101,4109,1
Página15,21,,3847,8263,104,2882,9110,4108,1
Página15,21,,3847,8266,104,2863,9106,4105,1
Página15,21,,3844,8251,103,2859,9131,4107,1
Página15,21,,3846,8277,102,2860,9112,4103,1
Página15,21,,3847,8279,103,2863,9114,4103,1
Página15,21,,3847,8282,103,2864,9108,4108,1
Página15,21,,3847,8277,103,2865,9120,4110,1
Página15,21,,3843,8282,102,2865,9123,4109,1
Página15,21,,3844,8292,104,2884,9118,4109,1
Página15,21,,3848,8273,103,2888,9134,4109,1
Página15,21,,3849,8281,104,2888,9130,4110,1
Página15,21,,3850,8285,104,2887,9131,4110,1
Página15,21,,3849,8283,104,2890,9130,4110,1
Página15,21,,3849,8284,105,2890,9128,4111,1
Página15,21,,3849,8281,105,2890,9128,4110,1
Página15,21,,3845,8172,104,2891,9329,4111,1
Página15,21,,3852,8293,104,2891,9116,4110,1
Página15,21,,3849,8277,104,2890,9128,4112,1
Página15,21,,3850,8273,104,2892,9131,4111,1
Página15,21,,3850,8273,104,2892,9131,4107,1
Página15,21,,3850,8284,105,2892,9115,4111,1
Página15,21,,3852,8279,104,2874,9107,4114,1
Página15,21,,3851,8296,105,2890,9117,4113,1
Página15,21,,3851,8285,104,2884,9130,4112,1
Página15,21,,3851,8291,103,2882,9125,4112,1
Página15,21,,3851,8287,105,2890,9129,4113,1
Página15,21,,3852,8300,104,2892,9124,4114,1
Página15,21,,3854,8303,104,2891,9125,4113,1
Página15,21,,3852,8283,104,2893,9130,4112,1
Página15,21,,3852,8283,104,2894,9131,4109,1
Página15,21,,3850,8266,104,2894,9139,4112,1
Página15,21,,3852,8276,103,2889,9122,4113,1
Página15,21,,3852,8266,104,2893,9137,4114,1
Página15,21,,3848,8284,104,2895,9130,4114,1
Página15,21,,3850,8275,104,2894,9136,4113,1
Página15,21,,3852,8284,104,2885,9130,4114,1
Página15,21,,3853,8286,104,2874,9129,4114,1
Página15,21,,3854,8284,105,2893,9128,4115,1
Página15,21,,3851,8252,104,2893,9153,4114,1
Página15,21,,3851,8252,105,2893,9154,4115,1
Página15,21,,3851,8250,104,2892,9155,4115,1
Página15,21,,3851,8251,104,2890,9156,4115,1
Página15,21,,3853,8253,104,2894,9158,4115,1
Página15,21,,3852,8254,105,2888,9156,4114,1
Página15,21,,3853,8269,106,2904,9149,4114,1
Página15,21,,3852,8256,105,2905,9158,4115,1
Página15,21,,3852,8256,105,2894,9160,4115,1
Página15,21,,3852,8252,105,2892,9162,4115,1
Página15,21,,3854,8258,105,2905,9164,4114,1
Página15,21,,3852,8253,105,2905,9164,4115,1
Página15,21,,3851,8250,104,2889,9168,4115,1
Página15,21,,3854,8277,105,2904,9150,4112,1
Página15,21,,3855,8293,104,2904,9137,4110,1
Página15,21,,3856,8302,105,2902,9125,4116,1
Página15,21,,3855,8292,104,2883,9133,4114,1
Página15,21,,3853,8300,104,2902,9135,4114,1
Página15,21,,3857,8325,104,2884,9120,4114,1
Página15,21,,3855,8319,104,2877,9134,4112,1
Página15,21,,3855,8323,104,2893,9127,4111,1
Página15,21,,3854,8326,106,2899,9124,4111,1
Página15,21,,3853,8320,103,2879,9133,4113,1
Página15,21,,3854,8330,104,2877,9137,4112,1
Página15,21,,3856,8340,105,2894,9129,4107,1
Página15,21,,3856,8340,104,2891,9120,4113,1
Página15,21,,3855,8339,103,2876,9125,4112,1
Página15,21,,3857,8333,104,2897,9134,4113,1
Página15,21,,3859,8345,103,2890,9138,4114,1
Página15,21,,3854,8312,105,2896,9160,4113,1
Página15,21,,3858,8348,104,2896,9133,4113,1
Página15,21,,3857,8347,105,2878,9135,4114,1
Página15,21,,3856,8348,105,2897,9140,4113,1
Página15,21,,3859,8350,105,2895,9141,4114,1
Página15,21,,3859,8352,104,2899,9140,4115,1
Página15,21,,3860,8356,105,2894,9140,4114,1
Página15,21,,3859,8354,105,2899,9143,4115,1
Página15,21,,3859,8344,104,2895,9144,4115,1
Página15,21,,3861,8357,104,2896,9146,4115,1
Página15,21,,3860,8351,104,2895,9144,4115,1
Página15,21,,3860,8339,105,2896,9156,4115,1
Página15,21,,3859,8341,105,2896,9148,4115,1
Página15,21,,3855,8346,105,2901,9150,4115,1
Página15,21,,3855,8351,105,2902,9144,4115,1
Página15,21,,3860,8351,105,2900,9137,4115,1
Página15,21,,3860,8344,105,2900,9138,4115,1
Página15,21,,3860,8345,105,2899,9136,4115,1
Página15,21,,3859,8335,105,2900,9142,4115,1
Página15,21,,3860,8345,105,2900,9141,4115,1
Página15,21,,3858,8330,105,2899,9138,4115,1
Página15,21,,3860,8322,105,2901,9147,4115,1
Página15,21,,3858,8331,105,2900,9144,4114,1
Página15,21,,3856,8339,105,2900,9161,4114,1
Página15,21,,3861,8343,105,2901,9144,4114,1
Página15,21,,3861,8338,104,2896,9151,4115,1
Página15,21,,3862,8341,105,2893,9149,4114,1
Página15,21,,3862,8345,105,2892,9147,4114,1
Página15,21,,3861,8337,105,2888,9155,4114,1
Página15,21,,3861,8338,105,2901,9156,4114,1
Página15,21,,3861,8326,104,2900,9174,4114,1
Página15,21,,3862,8327,105,2901,9172,4112,1
Página15,21,,3863,8336,105,2900,9164,4110,1
Página15,21,,3862,8311,104,2901,9185,4114,1
Página15,21,,3863,8339,104,2901,9151,4114,1
Página15,21,,3863,8328,104,2901,9161,4106,1
Página15,21,,3863,8333,104,2900,9168,4114,1
Página15,21,,3863,8332,104,2902,9160,4113,1
Página15,21,,3863,8324,105,2898,9148,4112,1
Página15,21,,3861,8315,104,2878,9150,4113,1
Página15,21,,3862,8318,105,2890,9148,4112,1
Página15,21,,3863,8329,105,2898,9138,4112,1
Página15,21,,3864,8330,105,2901,9140,4112,1
Página15,21,,3864,8330,105,2901,9142,4111,1
Página15,21,,3864,8331,105,2902,9144,4107,1
Página15,21,,3881,8419,106,2899,9552,4113,1
Página15,21,,3860,8330,104,2873,9150,4111,1
Página15,21,,3931,9671,105,2882,10676,4111,1
Página15,21,,3952,8539,106,2891,10700,4111,1
Página15,21,,3879,9002,107,2895,10693,4111,1
Página15,21,,3970,9887,106,2894,11012,4111,1
Página15,21,,3977,9982,107,2895,11139,4112,1
Página15,21,,3863,8358,106,2901,9154,4111,1
Página15,21,,3879,8367,106,2899,9919,4112,1
Página15,21,,3960,8569,107,2898,10469,4112,1
Página15,21,,3908,9175,105,2901,9158,4111,1
Página15,21,,3866,8369,105,2902,9148,4110,1
Página15,21,,3868,8389,104,2904,10496,4111,1
Página15,21,,3904,9400,107,2907,11024,4104,1
Página15,21,,3931,9660,105,2904,9544,4110,1
Página15,21,,3902,8391,105,2902,10200,4112,1
Página15,21,,3896,8674,106,2907,9859,4111,1
Página15,21,,3908,8495,105,2905,9834,4111,1
Página15,21,,3914,8643,106,2897,9138,4113,1
Página15,21,,3874,8387,104,2897,9135,4107,1
Página15,21,,3979,9898,108,2907,10952,4111,1
Página15,21,,3958,8584,105,2890,9136,4112,1
Página15,21,,3870,8383,106,2904,9142,4111,1
Página15,21,,3871,8494,105,2905,9431,4112,1
Página15,21,,3971,9744,108,2905,9822,4112,1
Página15,21,,3882,8633,106,2906,9159,4111,1
Página15,21,,3972,8863,107,2905,9320,4111,1
Página15,21,,3891,9000,106,2908,9705,4110,1
Página15,21,,3875,8400,105,2907,9141,4110,1
Página15,21,,3875,8406,106,2883,9141,4107,1
Página15,21,,3962,9629,108,2912,10400,4111,1
Página15,21,,3989,10049,108,2916,11134,4112,1
Página15,21,,3988,10060,107,2915,11174,4111,1
Página15,21,,3987,10010,108,2915,11172,4110,1
Página15,21,,3981,10104,108,2915,11162,4112,1
Página15,21,,3987,10029,108,2908,11140,4111,1
Página15,21,,3980,9960,108,2916,10748,4110,1
Página15,21,,3960,9922,107,2916,10704,4111,1
Página15,21,,3971,9772,108,2916,10804,4111,1
Página15,21,,3949,9551,107,2915,10633,4111,1
Página15,21,,3948,9456,107,2912,10492,4105,1
Página15,21,,3945,9383,107,2914,10396,4105,1
Página15,21,,3945,9422,107,2916,10428,4110,1
Página15,21,,3941,9356,108,2913,10371,4111,1
Página15,21,,3938,9267,107,2914,10250,4111,1
Página15,21,,3937,9310,107,2912,10306,4112,1
Página15,21,,3936,9279,107,2913,10283,4111,1
Página15,21,,3936,9270,107,2914,10266,4111,1
Página15,21,,3935,9250,106,2913,10178,4111,1
Página15,21,,3928,9132,107,2913,10071,4105,1
Página15,21,,3930,9188,107,2912,10102,4111,1
Página15,21,,3928,9139,108,2913,10034,4110,1
Página15,21,,3928,9130,107,2913,10043,4110,1
Página15,21,,3930,9154,107,2914,10044,4111,1
Página15,21,,3922,9127,107,2908,10042,4111,1
Página15,21,,3917,9052,107,2913,9946,4111,1
Página15,21,,3917,8994,107,2906,9880,4109,1
Página15,21,,3916,9001,107,2905,9886,4108,1
Página15,21,,3909,8585,107,2904,9800,4107,1
Página15,21,,3906,8862,107,2906,9720,4107,1
Página15,21,,3903,8794,107,2909,9644,4107,1
Página15,21,,3899,8761,107,2909,9568,4107,1
Página15,21,,3904,8806,107,2910,9647,4107,1
Página15,21,,3902,8768,107,2909,9615,4106,1
Página15,21,,3890,8458,107,2909,9243,4106,1
Página15,21,,3886,8621,105,2909,9432,4106,1
Página15,21,,3892,8621,106,2911,9443,4106,1
Página15,21,,3897,8690,106,2908,9492,4106,1
Página15,21,,3900,8745,107,2910,9573,4106,1
Página15,21,,3900,8721,107,2910,9570,4105,1
Página15,21,,3900,8736,106,2910,9568,4105,1
Página15,21,,3901,8762,106,2910,9602,4107,1
Página15,21,,3905,8794,106,2910,9637,4105,1
Página15,21,,3904,8785,107,2908,9616,4107,1
Página15,21,,3901,8740,107,2905,9565,4107,1
Página15,21,,3901,8727,106,2907,9555,4107,1
Página15,21,,3900,8724,107,2908,9545,4107,1
Página15,21,,3900,8706,105,2908,9505,4107,1
Página15,21,,3905,8786,106,2906,9616,4106,1
Página15,21,,3906,8790,106,2909,9630,4108,1
Página15,21,,3909,8833,106,2908,9665,4107,1
Página15,21,,3909,8828,106,2908,9667,4106,1
Página15,21,,3909,8830,107,2905,9661,4103,1
Página15,21,,3911,8827,106,2908,9671,4107,1
Página15,21,,3910,8847,106,2905,9673,4108,1
Página15,21,,3907,8863,106,2903,9715,4108,1
Página15,21,,3908,8875,107,2897,9723,4107,1
Página15,21,,3915,8915,107,2904,9773,4108,1
Página15,21,,3916,8906,106,2903,9737,4108,1
Página15,21,,3917,8930,107,2903,9778,4108,1
Página15,21,,3919,8934,107,2903,9793,4109,1
Página15,21,,3916,8902,106,2902,9802,4108,1
Página15,21,,3917,8914,107,2903,9837,4108,1
Página15,21,,3918,8919,106,2903,9853,4109,1
Página15,21,,3918,8919,107,2901,9811,4108,1
Página15,21,,3917,8885,106,2903,9807,4108,1
Página15,21,,3915,8863,106,2902,9839,4108,1
Página15,21,,3913,8867,106,2903,9809,4107,1
Página15,21,,3908,8834,106,2903,9776,4109,1
Página15,21,,3912,8794,105,2901,9779,4108,1
Página15,21,,3914,8836,106,2902,9773,4108,1
Página15,21,,3915,8835,107,2902,9760,4108,1
Página15,21,,3909,8819,107,2903,9733,4107,1
Página15,21,,3911,8791,106,2902,9688,4107,1
Página15,21,,3906,8783,106,2900,9675,4106,1
Página15,21,,3909,8759,107,2901,9658,4106,1
Página15,21,,3967,8898,107,2905,9829,4166,1
Página15,21,,3972,8902,107,2904,9828,4173,1
Página15,21,,3983,8933,107,2905,9813,4183,1
Página15,21,,3991,8917,108,2903,9799,4192,1
Página15,21,,3998,8936,108,2906,9804,4200,1
Página15,21,,4006,8953,108,2904,9811,4209,1
Página15,21,,4018,8996,108,2900,9852,4221,1
Página15,21,,4037,9042,108,2896,9913,4237,1
Página15,21,,4046,9053,108,2897,9929,4243,1
Página15,21,,4049,9038,109,2898,9923,4249,1
Página15,21,,4057,9064,110,2897,9937,4264,1
Página15,21,,4061,9062,109,2899,9888,4267,1
Página15,21,,4066,9061,109,2900,9942,4273,1
Página15,21,,4064,9053,109,2902,9929,4278,1
Página15,21,,4072,9106,110,2901,9924,4282,1
Página15,21,,4083,9150,109,2903,9955,4287,1
Página15,21,,4085,9128,110,2902,9942,4291,1
Página15,21,,4086,9152,109,2902,9944,4295,1
Página15,21,,4093,9154,110,2901,9948,4298,1
Página15,21,,4093,9124,109,2902,9918,4302,1
Página15,21,,4097,9111,109,2900,9934,4305,1
Página15,21,,4095,9053,109,2899,9981,4309,1
Página15,21,,4091,9046,108,2901,9976,4311,1
Página15,21,,4092,9044,109,2901,9976,4315,1
Página15,21,,4100,9034,108,2901,9957,4317,1
Página15,21,,4098,9002,108,2899,9924,4322,1
Página15,21,,4100,8979,110,2899,9902,4323,1
Página15,21,,4103,9010,108,2899,9873,4326,1
Página15,21,,4104,9003,108,2899,9887,4328,1
Página15,21,,4104,8965,109,2899,9949,4328,1
Página15,21,,4105,8979,109,2899,9978,4328,1
Página15,21,,4108,9056,109,2896,10026,4336,1
Página15,21,,4112,9097,109,2900,10062,4337,1
Página15,21,,4120,9128,109,2899,10098,4339,1
Página15,21,,4119,9127,110,2899,10121,4340,1
Página15,21,,4121,9122,109,2899,10099,4341,1
Página15,21,,4123,9126,109,2897,10095,4343,1
Página15,21,,4126,9151,110,2898,10113,4344,1
Página15,21,,4127,9161,110,2897,10179,4346,1
Página15,21,,4128,9144,109,2897,10171,4346,1
Página15,21,,4129,9159,109,2897,10195,4347,1
Página15,21,,4128,9166,110,2896,10217,4350,1
Página15,21,,4132,9185,109,2874,10199,4346,1
Página15,21,,4131,9159,109,2894,10160,4352,1
Página15,21,,4131,9162,109,2891,10198,4354,1
Página15,21,,4128,9092,109,2895,10191,4354,1
Página15,21,,4134,9139,109,2894,10180,4356,1
Página15,21,,4129,9102,108,2890,10160,4355,1
Página15,21,,4126,9060,109,2894,10196,4356,1
Página15,21,,4131,9128,110,2894,10188,4356,1
Página15,21,,4135,9158,109,2873,10171,4357,1
Página15,21,,4135,9154,109,2894,10169,4362,1
Página15,21,,4136,9175,109,2894,10163,4359,1
Página15,21,,4137,9167,109,2895,10185,4360,1
Página15,21,,4138,9185,110,2895,10180,4360,1
Página15,21,,4136,9180,109,2894,10202,4362,1
Página15,21,,4142,9210,109,2894,10221,4361,1
Página15,21,,4139,9198,110,2893,10199,4363,1
Página15,21,,4139,9197,109,2893,10191,4363,1
Página15,21,,4135,9137,109,2894,10176,4364,1
Página15,21,,4138,9176,109,2895,10191,4365,1
Página15,21,,4138,9184,110,2891,10176,4366,1
Página15,21,,4136,9188,109,2887,10137,4365,1
Página15,21,,4127,9066,110,2886,10015,4365,1
Página15,21,,4126,9119,109,2889,10111,4366,1
Página15,21,,4134,9152,109,2890,10130,4365,1
Página15,21,,4134,9162,109,2891,10134,4366,1
Página15,21,,4134,9167,109,2893,10171,4366,1
Página15,21,,4136,9188,109,2894,10164,4366,1
Página15,21,,4138,9155,109,2892,10235,4363,1
Página15,21,,4132,9140,108,2894,10166,4367,1
Página15,21,,4130,9101,109,2895,10187,4367,1
Página15,21,,4135,9091,109,2895,10196,4368,1
Página15,21,,4132,9126,109,2896,10197,4369,1
Página15,21,,4129,9146,110,2895,10173,4370,1
Página15,21,,4133,9140,110,2895,10173,4369,1
Página15,21,,4129,9106,109,2896,10164,4369,1
Página15,21,,4129,9102,110,2896,10154,4370,1
Página15,21,,4127,9051,109,2896,10117,4370,1
Página15,21,,4124,9029,109,2896,10058,4369,1
Página15,21,,4125,9029,108,2895,10058,4371,1
Página15,21,,4131,9103,110,2897,10051,4365,1
Página15,21,,4103,8922,109,2896,10090,4371,1
Página15,21,,4128,9082,109,2895,10030,4371,1
Página15,21,,4131,9117,110,2897,10035,4371,1
Página15,21,,4132,9126,109,2895,10010,4371,1
Página15,21,,4133,9157,109,2897,10023,4372,1
Página15,21,,4133,9149,109,2898,10018,4371,1
Página15,21,,4132,9166,110,2899,10031,4372,1
Página15,21,,4134,9172,110,2900,10026,4372,1
Página15,21,,4132,9152,109,2899,10004,4369,1
Página15,21,,4133,9175,110,2899,10025,4367,1
Página15,21,,4130,9138,109,2899,9961,4370,1
Página15,21,,4129,9131,110,2900,9966,4373,1
Página15,21,,4128,9124,110,2897,9971,4373,1
Página15,21,,4128,9091,110,2898,9994,4374,1
Página15,21,,4123,9066,109,2896,9970,4373,1
Página15,21,,4127,9110,110,2897,9967,4374,1
Página15,21,,4128,9160,110,2897,10012,4374,1
Página15,21,,4129,9168,110,2898,10013,4374,1
Página15,21,,4128,9157,109,2896,10003,4372,1
Página15,21,,4127,9130,110,2895,9984,4369,1
Página15,21,,4128,9147,109,2896,10020,4368,1
Página15,21,,4129,9177,109,2896,10063,4372,1
Página15,21,,4126,9130,110,2899,9996,4372,1
Página15,21,,4130,9193,108,2897,10063,4372,1
Página15,21,,4125,9196,109,2896,10067,4373,1
Página15,21,,4130,9199,110,2898,10067,4372,1
Página15,21,,4130,9199,109,2898,10055,4372,1
Página15,21,,4130,9205,109,2898,10068,4373,1
Página15,21,,4127,9179,109,2898,10054,4372,1
Página15,21,,4128,9190,110,2899,10075,4373,1
Página15,21,,4127,9193,109,2900,10096,4372,1
Página15,21,,4129,9206,110,2901,10059,4372,1
Página15,21,,4128,9204,109,2900,10056,4372,1
Página15,21,,4128,9191,110,2901,10032,4372,1
Página15,21,,4126,9177,110,2899,10018,4371,1
Página15,21,,4125,9169,109,2897,10012,4370,1
Página15,21,,4122,9174,110,2892,10036,4369,1
Página15,21,,4119,9123,109,2890,9967,4367,1
Página15,21,,4114,9074,109,2889,9910,4367,1
Página15,21,,4111,9037,109,2896,9865,4367,1
Página15,21,,4110,9032,109,2896,9853,4366,1
Página15,21,,4114,9081,110,2897,9911,4366,1
Página15,21,,4115,9088,110,2894,9930,4367,1
Página15,21,,4115,9104,110,2897,9945,4366,1
Página15,21,,4117,9135,110,2899,9982,4366,1
Página15,21,,4118,9135,110,2900,9977,4366,1
Página15,21,,4118,9133,109,2898,9978,4366,1
Página15,21,,4117,9136,110,2899,9981,4361,1
Página15,21,,4107,9136,110,2900,10000,4366,1
Página15,21,,4115,9105,109,2898,9939,4366,1
Página15,21,,4112,9127,110,2898,9978,4365,1
Página15,21,,4111,9129,110,2900,9990,4366,1
Página15,21,,4117,9141,110,2901,10001,4367,1
Página15,21,,4114,9112,110,2900,9981,4367,1
Página15,21,,4115,9135,110,2901,10004,4366,1
Página15,21,,4116,9140,109,2902,10005,4366,1
Página15,21,,4116,9150,110,2901,10009,4364,1
Página15,21,,4118,9165,110,2900,10029,4366,1
Página15,21,,4115,9157,110,2903,10044,4366,1
Página15,21,,4115,9145,109,2902,10028,4365,1
Página15,21,,4116,9151,109,2903,10032,4366,1
Página15,21,,4115,9155,110,2903,10046,4365,1
Página15,21,,4113,9126,110,2903,9987,4366,1
Página15,21,,4112,9129,110,2902,10013,4365,1
Página15,21,,4115,8843,110,2904,9512,4366,1
Página15,21,,4113,9121,110,2904,10020,4365,1
Página15,21,,4113,9127,110,2904,10033,4365,1
Página15,21,,4113,9098,110,2903,9993,4365,1
Página15,21,,4113,9117,110,2903,10012,4363,1
Página15,21,,4113,9124,110,2905,9987,4364,1
Página15,21,,4115,9150,109,2905,10043,4358,1
Página15,21,,4116,9167,110,2905,10070,4357,1
Página15,21,,4116,9133,110,2905,9960,4363,1
Página15,21,,4111,9104,111,2905,9979,4362,1
Página15,21,,4113,9126,109,2905,9997,4362,1
Página15,21,,4114,9144,110,2906,10039,4362,1
Página15,21,,4111,9092,111,2905,10039,4362,1
Página15,21,,4112,9100,110,2905,10058,4362,1
Página15,21,,4110,9088,110,2903,10042,4362,1
Página15,21,,4107,9068,111,2906,10054,4362,1
Página15,21,,4102,8995,110,2906,9987,4362,1
Página15,21,,4104,9024,110,2905,10008,4362,1
Página15,21,,4109,9076,110,2905,9971,4358,1
Página15,21,,4107,9046,110,2907,9996,4357,1
Página15,21,,4107,9063,111,2907,10007,4361,1
Página15,21,,4107,9054,110,2907,10023,4361,1
Página15,21,,4105,9013,110,2906,10069,4362,1
Página15,21,,4104,9080,110,2907,10066,4362,1
Página15,21,,4104,9080,110,2906,10073,4362,1
Página15,21,,4108,9095,110,2906,10074,4362,1
Página15,21,,4109,9121,110,2903,10020,4361,1
Página15,21,,4098,9046,110,2898,10045,4360,1
Página15,21,,4082,9025,110,2899,9995,4358,1
Página15,21,,4096,8991,110,2899,9953,4357,1
Página15,21,,4100,9031,110,2900,10019,4358,1
Página15,21,,4100,9044,110,2902,10039,4357,1
Página15,21,,4097,9037,109,2900,10028,4358,1
Página15,21,,4100,9044,110,2903,10020,4356,1
Página15,21,,4093,8929,109,2904,9882,4357,1
Página15,21,,4098,9003,110,2904,9970,4356,1
Página15,21,,4098,9016,110,2904,10001,4355,1
Página15,21,,4095,8960,110,2902,9993,4356,1
Página15,21,,4099,9038,109,2904,10017,4356,1
Página15,21,,4098,9018,110,2906,10023,4355,1
Página15,21,,4096,8994,110,2906,10012,4355,1
Página15,21,,4098,9031,109,2905,10030,4356,1
Página15,21,,4100,9040,110,2906,10029,4355,1
Página15,21,,4100,9040,110,2905,10032,4350,1
Página15,21,,4093,8968,109,2905,9963,4352,1
Página15,21,,4093,8959,109,2905,9972,4355,1
Página15,21,,4101,9041,110,2906,10049,4355,1
Página15,21,,4102,9035,110,2905,10092,4357,1
Página15,21,,4100,9031,110,2905,10027,4356,1
Página15,21,,4097,9002,110,2903,9997,4355,1
Página15,21,,4097,9005,110,2904,9958,4355,1
Página15,21,,4096,8997,109,2904,9982,4355,1
Página15,21,,4098,9002,109,2904,9959,4355,1
Página15,21,,4098,8988,110,2902,9986,4350,1
Página15,21,,4098,8993,109,2904,9990,4354,1
Página15,21,,4085,8926,109,2903,9985,4355,1
Página15,21,,4096,8972,109,2903,9981,4353,1
Página15,21,,4099,9013,110,2903,10062,4355,1
Página15,21,,4105,9097,110,2904,10029,4355,1
Página15,21,,4107,9144,109,2904,10053,4354,1
Página15,21,,4107,9113,110,2905,10015,4354,1
Página15,21,,4101,9058,110,2903,10140,4353,1
Página15,21,,4104,9093,110,2905,10181,4354,1
Página15,21,,4104,9097,110,2905,10182,4354,1
Página15,21,,4103,9083,110,2905,10181,4353,1
Página15,21,,4098,9058,111,2905,10148,4352,1
Página15,21,,4101,9064,110,2904,10139,4353,1
Página15,21,,4103,9084,109,2903,10106,4352,1
Página15,21,,4106,9124,110,2905,10134,4353,1
Página15,21,,4080,8807,109,2904,10093,4353,1
Página15,21,,4100,9106,110,2906,10135,4353,1
Página15,21,,4104,9175,110,2905,10109,4353,1
Página15,21,,4102,9085,110,2905,10065,4353,1
Página15,21,,4105,9110,109,2906,10086,4354,1
Página15,21,,4105,9120,110,2904,10102,4354,1
Página15,21,,4111,9200,110,2906,10060,4354,1
Página15,21,,4112,9214,111,2906,10058,4354,1
Página15,21,,4106,9151,111,2906,10094,4354,1
Página15,21,,4107,9133,110,2907,10098,4354,1
Página15,21,,4104,9098,110,2907,10067,4354,1
Página15,21,,4105,9127,109,2907,10108,4354,1
Página15,21,,4106,9120,110,2907,10095,4354,1
Página15,21,,4105,9132,110,2905,10095,4353,1
Página15,21,,4100,9099,111,2901,10027,4350,1
Página15,21,,4096,9065,111,2899,10018,4348,1
Página15,21,,4096,9021,109,2900,10193,4349,1
Página15,21,,4089,8975,110,2900,10048,4348,1
Página15,21,,4097,9064,110,2903,10090,4347,1
Página15,21,,4100,9092,110,2904,10050,4347,1
Página15,21,,4099,9085,110,2904,10049,4347,1
Página15,21,,4097,9067,111,2905,10014,4348,1
Página15,21,,4096,9051,110,2905,9999,4349,1
Página15,21,,4097,9059,110,2904,9995,4347,1
Página15,21,,4099,9077,111,2904,10005,4346,1
Página15,21,,4095,9038,110,2905,9963,4345,1
Página15,21,,4093,8995,110,2906,9976,4346,1
Página15,21,,4092,8992,109,2904,9984,4341,1
Página15,21,,4089,8965,110,2906,9974,4342,1
Página15,21,,4083,8889,110,2906,9963,4345,1
Página15,21,,4084,8917,109,2906,9955,4345,1
Página15,21,,4084,8575,110,2905,9642,4345,1
Página15,21,,4087,8942,110,2904,9952,4347,1
Página15,21,,4091,8991,109,2904,9949,4346,1
Página15,21,,4093,9049,110,2905,9941,4346,1
Página15,21,,4090,8944,110,2903,9836,4345,1
Página15,21,,4085,8907,110,2903,9915,4345,1
Página15,21,,4089,8970,109,2903,9894,4346,1
Página15,21,,4093,9021,110,2902,9915,4345,1
Página15,21,,4091,8996,110,2901,9883,4345,1
Página15,21,,4088,8990,109,2901,9898,4344,1
Página15,21,,4091,8991,108,2901,9885,4339,1
Página15,21,,4088,8963,109,2901,9851,4343,1
Página15,21,,4092,8992,109,2902,9889,4344,1
Página15,21,,4091,8968,110,2901,9857,4345,1
Página15,21,,4089,9053,111,2903,9985,4345,1
Página15,21,,4064,8695,109,2901,9517,4346,1
Página15,21,,4066,8742,109,2901,9933,4348,1
Página15,21,,4097,9082,110,2901,9984,4346,1
Página15,21,,4100,9168,109,2899,10080,4346,1
Página15,21,,4103,9150,110,2901,10033,4348,1
Página15,21,,4096,9075,111,2901,9960,4347,1
Página15,21,,4096,9093,110,2900,9974,4347,1
Página15,21,,4098,9108,110,2899,10032,4348,1
Página15,21,,4100,9150,110,2900,10072,4344,1
Página15,21,,4102,9163,110,2905,10072,4343,1
Página15,21,,4103,9184,110,2906,10103,4346,1
Página15,21,,4104,9189,109,2907,10085,4348,1
Página15,21,,4102,9162,110,2907,10079,4350,1
Página15,21,,4098,9080,110,2906,10106,4349,1
Página15,21,,4096,9076,110,2907,10114,4349,1
Página15,21,,4094,9048,110,2907,10081,4349,1
Página15,21,,4098,9122,110,2908,10172,4349,1
Página15,21,,4099,9114,110,2907,10153,4350,1
Página15,21,,4076,9129,110,2908,10174,4348,1
Página15,21,,4101,9168,109,2910,10151,4346,1
Página15,21,,4101,9150,111,2911,10060,4344,1
Página15,21,,4097,9089,109,2909,10122,4344,1
Página15,21,,4098,9114,109,2910,10161,4351,1
Página15,21,,4101,9152,110,2903,10138,4342,1
Página15,21,,4097,9110,110,2898,10136,4345,1
Página15,21,,4093,9075,110,2895,10027,4344,1
Página15,21,,4093,9095,111,2901,10121,4344,1
Página15,21,,4095,9097,109,2903,10144,4343,1
Página15,21,,4091,9059,110,2904,10126,4343,1
Página15,21,,4099,9184,111,2904,10158,4343,1
Página15,21,,4085,9068,110,2902,10023,4339,1
Página15,21,,4096,9121,111,2906,10074,4339,1
Página15,21,,4099,9161,111,2905,10119,4343,1
Página15,21,,4097,9136,110,2906,10094,4344,1
Página15,21,,4096,9112,110,2906,10129,4344,1
Página15,21,,4098,9133,110,2907,10141,4345,1
Página15,21,,4102,9179,110,2907,10100,4345,1
Página15,21,,4103,9197,111,2907,10147,4344,1
Página15,21,,4101,9171,110,2909,10110,4345,1
Página15,21,,4096,9096,110,2908,9986,4346,1
Página15,21,,4102,8999,110,2910,10069,4347,1
Página15,21,,4107,9254,111,2911,10177,4346,1
Página15,21,,4070,8746,110,2908,9543,4347,1
Página15,21,,4074,8790,110,2908,9517,4347,1
Página15,21,,4101,9172,110,2911,10094,4343,1
Página15,21,,4103,9207,110,2911,10155,4346,1
Página15,21,,4101,9152,110,2908,10004,4348,1
Página15,21,,4096,9117,110,2910,10052,4349,1
Página15,21,,4100,9154,112,2910,10146,4349,1
Página15,21,,4102,9184,112,2910,10152,4349,1
Página15,21,,4099,9173,110,2912,10133,4349,1
Página15,21,,4066,8728,110,2909,9596,4349,1
Página15,21,,4095,9094,111,2910,10035,4349,1
Página15,21,,4069,8726,109,2909,9601,4350,1
Página15,21,,4096,9073,109,2910,10079,4349,1
Página15,21,,4094,9086,110,2910,10024,4345,1
Página15,21,,4090,9041,110,2909,9869,4351,1
Página15,21,,4084,8903,110,2912,10077,4350,1
Página15,21,,4095,9046,109,2911,9878,4350,1
Página15,21,,4092,9144,111,2911,10209,4350,1
Página15,21,,4088,9050,110,2912,10082,4350,1
Página15,21,,4062,8697,110,2910,9647,4350,1
Página15,21,,4098,9114,112,2913,10145,4349,1
Página15,21,,4069,8725,111,2909,9626,4347,1
Página15,21,,4091,9032,109,2912,10001,4347,1
Página15,21,,4096,9073,111,2912,10093,4347,1
Página15,21,,4100,9118,110,2910,9747,4348,1
Página15,21,,4075,8799,110,2899,9605,4346,1
Página15,21,,4099,9106,110,2911,10063,4346,1
Página15,21,,4089,8991,110,2910,10064,4347,1
Página15,21,,4093,9038,110,2911,10095,4348,1
Página15,21,,4095,9031,110,2913,10063,4348,1
Página15,21,,4095,9063,111,2910,10059,4349,1
Página15,21,,4090,8858,110,2913,10001,4349,1
Página15,21,,4068,8714,110,2911,9616,4350,1
Página15,21,,4079,8792,110,2910,9614,4350,1
Página15,21,,4069,8719,110,2909,9612,4350,1
Página15,21,,4076,8910,109,2907,9832,4353,1
Página15,21,,4090,8989,111,2906,9850,4351,1
Página15,21,,4101,9202,110,2900,10123,4351,1
Página15,21,,4116,9375,112,2901,10361,4351,1
Página15,21,,4104,9339,111,2898,10272,4351,1
Página15,21,,4103,9318,110,2903,10259,4351,1
Página15,21,,4103,9317,111,2903,10258,4351,1
Página15,21,,4105,9239,110,2905,10124,4351,1
Página15,21,,4111,9349,111,2905,10297,4352,1
Página15,21,,4111,9329,111,2905,10276,4353,1
Página15,21,,4109,9329,110,2905,10337,4353,1
Página15,21,,4116,9419,110,2906,10443,4353,1
Página15,21,,4116,9392,111,2905,10441,4353,1
Página15,21,,4111,9326,111,2901,10374,4349,1
Página15,21,,4118,9432,110,2901,10336,4354,1
Página15,21,,4113,9367,110,2904,10405,4354,1
Página15,21,,4112,9344,110,2905,10411,4355,1
Página15,21,,4113,9354,112,2903,10433,4355,1
Página15,21,,4108,9380,110,2906,10436,4356,1
Página15,21,,4111,9326,111,2905,10452,4355,1
Página15,21,,4114,9378,109,2906,10394,4355,1
Página15,21,,4107,9243,110,2906,10298,4356,1
Página15,21,,4101,9210,110,2904,10221,4356,1
Página15,21,,4111,9345,109,2905,10316,4357,1
Página15,21,,4111,9340,110,2905,10424,4357,1
Página15,21,,4111,9341,110,2903,10426,4357,1
Página15,21,,4110,9330,110,2903,10400,4358,1
Página15,21,,4105,9259,110,2904,10325,4358,1
Página15,21,,4110,9315,111,2901,10344,4360,1
Página15,21,,4106,9329,111,2902,10278,4358,1
Página15,21,,4098,9228,111,2901,10205,4359,1
Página15,21,,4101,9267,110,2901,10226,4358,1
Página15,21,,4105,9240,110,2901,10173,4360,1
Página15,21,,4106,9289,108,2899,10228,4361,1
Página15,21,,4111,9344,110,2897,10296,4359,1
Página15,21,,4072,8963,111,2896,9608,4361,1
Página15,21,,4110,9325,110,2896,10191,4361,1
Página15,21,,4100,9200,110,2897,10256,4360,1
Página15,21,,4105,9242,111,2901,10303,4361,1
Página15,21,,4086,9001,110,2897,10155,4359,1
Página15,21,,4096,9136,110,2898,10163,4359,1
Página15,21,,4110,9322,111,2899,10184,4360,1
Página15,21,,4114,9384,110,2901,10138,4360,1
Página15,21,,4109,9373,111,2891,10182,4361,1
Página15,21,,4114,9404,110,2896,10040,4360,1
Página15,21,,4119,9460,110,2895,10210,4361,1
Página15,21,,4113,9379,110,2890,9704,4360,1
Página15,21,,4122,9494,110,2898,10175,4361,1
Página15,21,,4120,9370,110,2894,10219,4363,1
Página15,21,,4122,9499,111,2894,10207,4360,1
Página15,21,,4118,9508,110,2901,10234,4361,1
Página15,21,,4120,9481,110,2902,10173,4360,1
Página15,21,,4114,9291,109,2878,10108,4360,1
Página15,21,,4116,9408,110,2895,10107,4360,1
Página15,21,,4077,8913,109,2895,9529,4360,1
Página15,21,,4099,9381,111,2889,10083,4361,1
Página15,21,,4114,9381,110,2899,10130,4361,1
Página15,21,,4093,9126,109,2888,9898,4361,1
Página15,21,,4107,9336,111,2887,10129,4359,1
Página15,21,,4106,9357,111,2894,10142,4359,1
Página15,21,,4108,9347,110,2894,10087,4359,1
Página15,21,,4106,9385,111,2896,10107,4359,1
Página15,21,,4073,8876,110,2875,9551,4359,1
Página15,21,,4074,8886,109,2877,9547,4358,1
Página15,21,,4074,8885,108,2877,9548,4359,1
Página15,21,,4075,8889,110,2889,9548,4359,1
Página15,21,,4077,8894,109,2897,9561,4363,1
Página15,21,,4106,9368,111,2898,10114,4359,1
Página15,21,,4115,9506,111,2900,10304,4359,1
Página15,21,,4118,9551,111,2902,10332,4358,1
Página15,21,,4120,9463,109,2900,10232,4358,1
Página15,21,,4112,9411,112,2900,10162,4360,1
Página15,21,,4113,9400,111,2900,10132,4358,1
Página15,21,,4112,9400,111,2902,10153,4359,1
Página15,21,,4108,9346,111,2895,9992,4359,1
Página15,21,,4106,9327,109,2880,10083,4358,1
Página15,21,,4106,9322,109,2900,10120,4359,1
Página15,21,,4111,9371,110,2896,10123,4359,1
Página15,21,,4116,9449,110,2901,10219,4354,1
Página15,21,,4117,9468,111,2902,10227,4358,1
Página15,21,,4113,9406,110,2903,10228,4358,1
Página15,21,,4110,9366,109,2900,10207,4358,1
Página15,21,,4107,9396,110,2900,10224,4359,1
Página15,21,,4110,9378,111,2902,10208,4359,1
Página15,21,,4108,9349,110,2901,10156,4361,1
Página15,21,,4109,9164,111,2903,10117,4359,1
Página15,21,,4070,8858,110,2900,9562,4359,1
Página15,21,,4105,9279,110,2900,10094,4360,1
Página15,21,,4071,8862,108,2897,9572,4360,1
Página15,21,,4074,8938,110,2900,9835,4360,1
Página15,21,,4102,9189,110,2900,10080,4359,1
Página15,21,,4104,9298,110,2902,10127,4356,1
Página15,21,,4100,9243,111,2899,9816,4356,1
Página15,21,,4100,9237,109,2899,10041,4361,1
Página15,21,,4101,9242,110,2899,10076,4361,1
Página15,21,,4101,9243,110,2900,10010,4362,1
Página15,21,,4103,9262,110,2898,10016,4361,1
Página15,21,,4073,8853,110,2899,9695,4360,1
Página15,21,,4104,9261,111,2897,10106,4361,1
Página15,21,,4105,9309,110,2898,10142,4362,1
Página15,21,,4105,9314,111,2898,10166,4362,1
Página15,21,,4106,9320,111,2901,10136,4361,1
Página15,21,,4107,9326,111,2891,10139,4360,1
Página15,21,,4074,8879,109,2894,9596,4358,1
Página15,21,,4110,9325,110,2900,10145,4360,1
Página15,21,,4112,9388,110,2901,10172,4361,1
Página15,21,,4092,8867,110,2900,9599,4361,1
Página15,21,,4071,8828,110,2898,9627,4361,1
Página15,21,,4098,9242,110,2900,10035,4361,1
Página15,21,,4102,9287,110,2900,10079,4361,1
Página15,21,,4103,9254,109,2901,10075,4361,1
Página15,21,,4097,9193,110,2900,9987,4361,1
Página15,21,,4104,9280,111,2901,10039,4360,1
Página15,21,,4116,9514,111,2896,10136,4357,1
Página15,21,,4121,9540,111,2899,10291,4357,1
Página15,21,,4120,9513,111,2901,10261,4352,1
Página15,21,,4122,9429,112,2905,9731,4356,1
Página15,21,,4117,9498,112,2907,9928,4356,1
Página15,21,,4120,9490,111,2905,10302,4356,1
Página15,21,,4120,9504,110,2907,10243,4356,1
Página15,21,,4116,9497,112,2908,10260,4358,1
Página15,21,,4118,9474,112,2908,10200,4358,1
Página15,21,,4120,9540,111,2906,10285,4355,1
Página15,21,,4121,9392,111,2908,10226,4356,1
Página15,21,,4116,9506,110,2892,10251,4357,1
Página15,21,,4116,9482,110,2898,10228,4357,1
Página15,21,,4078,8952,110,2890,9601,4353,1
Página15,21,,4119,9503,110,2891,10245,4358,1
Página15,21,,4115,9430,110,2892,10206,4359,1
Página15,21,,4095,9428,109,2888,10180,4360,1
Página15,21,,4073,8947,109,2888,9618,4359,1
Página15,21,,4112,9456,110,2889,10149,4360,1
Página15,21,,4114,9429,109,2889,10203,4360,1
Página15,21,,4107,9438,111,2903,10198,4360,1
Página15,21,,4117,9466,112,2910,10226,4360,1
Página15,21,,4116,9462,110,2909,10218,4360,1
Página15,21,,4119,9486,110,2909,10259,4357,1
Página15,21,,4119,9486,111,2904,10251,4359,1
Página15,21,,4123,9497,110,2908,10298,4359,1
Página15,21,,4111,9455,110,2907,10204,4359,1
Página15,21,,4121,9572,111,2909,10325,4360,1
Página15,21,,4120,9504,111,2907,10300,4359,1
Página15,21,,4120,9483,110,2909,10287,4361,1
Página15,21,,4117,9473,112,2912,10245,4360,1
Página15,21,,4118,9469,111,2911,10263,4361,1
Página15,21,,4118,9457,112,2911,10280,4361,1
Página15,21,,4113,9322,111,2910,9654,4361,1
Página15,21,,4112,9275,111,2911,10211,4362,1
Página15,21,,4114,9366,110,2912,10241,4362,1
Página15,21,,4107,9285,110,2913,10222,4357,1
Página15,21,,4116,9459,110,2914,10249,4357,1
