Coleta,Dia,Vaso,Tempo,Soil,Temp.,Pres.,MQ2,MQ3,MQ7,MQ8,MQ135,MQ138,Classe
dia 19 - Soja Heterodera Vaso 9,19,9,0.16,2416.0,31.8,81.7,1591.0,3854.0,44.0,2232.0,4019.0,677.0,0
dia 19 - Soja Heterodera Vaso 9,19,9,0.42,2401.0,31.8,82.77,1939.0,4602.0,46.0,2258.0,4787.0,822.0,0
dia 19 - Soja Heterodera Vaso 9,19,9,0.68,2371.0,31.8,83.74,2333.0,5428.0,48.0,2281.0,5709.0,993.0,0
dia 19 - Soja Heterodera Vaso 9,19,9,0.94,2417.0,31.8,84.66,2763.0,6318.0,51.0,2301.0,6616.0,1191.0,0
dia 19 - Soja Heterodera Vaso 9,19,9,1.19,2416.0,31.8,85.54,3260.0,7297.0,52.0,2327.0,7670.0,1422.0,0
dia 19 - Soja Heterodera Vaso 9,19,9,1.45,2441.0,31.8,86.39,3823.0,8323.0,56.0,2349.0,8747.0,1695.0,0
dia 19 - Soja Heterodera Vaso 9,19,9,1.71,2423.0,31.8,87.2,4565.0,9439.0,60.0,2386.0,9812.0,2020.0,0
dia 19 - Soja Heterodera Vaso 9,19,9,1.98,2415.0,31.8,88.0,5482.0,10382.0,64.0,2414.0,10819.0,2406.0,0
dia 19 - Soja Heterodera Vaso 9,19,9,2.27,2416.0,31.8,88.82,6836.0,11458.0,70.0,2447.0,11746.0,2863.0,0
dia 19 - Soja Heterodera Vaso 9,19,9,2.58,2438.0,31.8,89.64,8331.0,12413.0,77.0,2483.0,12909.0,3393.0,0
dia 19 - Soja Heterodera Vaso 9,19,9,2.9,2427.0,31.8,90.4,9575.0,13429.0,83.0,2517.0,13846.0,3934.0,0
dia 19 - Soja Heterodera Vaso 9,19,9,3.24,2440.0,31.8,91.14,10820.0,14302.0,87.0,2551.0,14734.0,4507.0,0
dia 19 - Soja Heterodera Vaso 9,19,9,3.54,2399.0,31.8,91.71,11644.0,14988.0,91.0,2578.0,15461.0,5009.0,0
dia 19 - Soja Heterodera Vaso 9,19,9,3.88,2422.0,31.8,92.25,12438.0,15659.0,95.0,2609.0,16193.0,5566.0,0
dia 19 - Soja Heterodera Vaso 9,19,9,4.2,2426.0,31.8,92.67,13082.0,16234.0,98.0,2635.0,16821.0,6050.0,0
dia 19 - Soja Heterodera Vaso 9,19,9,4.51,2405.0,31.8,92.96,13615.0,16690.0,101.0,2657.0,17363.0,6525.0,0
dia 19 - Soja Heterodera Vaso 9,19,9,4.78,2414.0,31.8,93.18,13982.0,17055.0,103.0,2673.0,17785.0,6964.0,0
dia 19 - Soja Heterodera Vaso 9,19,9,5.04,2441.0,31.8,93.34,14371.0,17220.0,104.0,2694.0,18133.0,7340.0,0
dia 19 - Soja Heterodera Vaso 9,19,9,5.31,2431.0,31.8,93.46,14695.0,17621.0,106.0,2713.0,18493.0,7708.0,0
dia 19 - Soja Heterodera Vaso 9,19,9,5.58,2410.0,31.7,93.54,14980.0,17849.0,107.0,2726.0,18797.0,8055.0,0
dia 19 - Soja Heterodera Vaso 9,19,9,5.85,2402.0,31.7,93.59,15236.0,18064.0,108.0,2739.0,19070.0,8331.0,0
dia 19 - Soja Heterodera Vaso 9,19,9,6.12,2404.0,31.7,93.62,15462.0,18249.0,109.0,2752.0,19322.0,8714.0,0
dia 19 - Soja Heterodera Vaso 9,19,9,6.38,2446.0,31.7,93.66,15665.0,18406.0,109.0,2763.0,19519.0,8998.0,0
dia 19 - Soja Heterodera Vaso 9,19,9,6.69,2430.0,31.7,93.68,15850.0,18557.0,110.0,2769.0,19733.0,9307.0,0
dia 19 - Soja Heterodera Vaso 9,19,9,7.01,2417.0,31.7,93.7,16020.0,18694.0,112.0,2778.0,19916.0,9594.0,0
dia 19 - Soja Heterodera Vaso 9,19,9,7.32,2403.0,31.7,93.71,16157.0,18812.0,112.0,2788.0,20069.0,9843.0,0
dia 19 - Soja Heterodera Vaso 9,19,9,7.62,2417.0,31.7,93.71,16261.0,18915.0,112.0,2798.0,20190.0,10053.0,0
dia 19 - Soja Heterodera Vaso 9,19,9,7.93,2429.0,31.7,93.72,16337.0,18990.0,113.0,2801.0,20298.0,10239.0,0
dia 19 - Soja Heterodera Vaso 9,19,9,8.28,2417.0,31.7,93.73,16384.0,19070.0,113.0,2813.0,20401.0,10411.0,0
dia 19 - Soja Heterodera Vaso 9,19,9,8.64,2439.0,31.7,93.73,16286.0,19147.0,113.0,2819.0,20511.0,10569.0,0
dia 19 - Soja Heterodera Vaso 9,19,9,8.9,2426.0,31.7,93.73,16417.0,19196.0,113.0,2823.0,20566.0,10661.0,0
dia 19 - Soja Heterodera Vaso 9,19,9,9.16,2430.0,31.6,93.73,16368.0,19231.0,113.0,2827.0,20598.0,10736.0,0
dia 19 - Soja Heterodera Vaso 9,19,9,9.42,2411.0,31.6,93.74,16363.0,19265.0,113.0,2835.0,20647.0,10798.0,0
dia 19 - Soja Heterodera Vaso 9,19,9,9.68,2394.0,31.6,93.74,16317.0,19281.0,113.0,2835.0,20678.0,10849.0,0
dia 19 - Soja Heterodera Vaso 9,19,9,9.94,2408.0,31.6,93.74,16264.0,19296.0,112.0,2843.0,20705.0,10824.0,0
dia 19 - Soja Heterodera Vaso 9,19,9,10.21,2408.0,31.6,93.74,16200.0,19270.0,112.0,2844.0,20733.0,10924.0,0
dia 19 - Soja Heterodera Vaso 9,19,9,10.49,2415.0,31.6,93.74,16112.0,19289.0,111.0,2843.0,20703.0,10942.0,0
dia 19 - Soja Heterodera Vaso 9,19,9,10.79,2410.0,31.6,93.74,16024.0,19285.0,112.0,2845.0,20741.0,10961.0,0
dia 19 - Soja Heterodera Vaso 9,19,9,11.1,2427.0,31.6,93.74,15927.0,19276.0,110.0,2849.0,20747.0,10971.0,0
dia 19 - Soja Heterodera Vaso 9,19,9,11.42,2423.0,31.6,93.74,15824.0,19262.0,110.0,2849.0,20749.0,10974.0,0
dia 19 - Soja Heterodera Vaso 9,19,9,11.68,2418.0,31.6,93.75,15732.0,19246.0,110.0,2846.0,20690.0,10964.0,0
dia 19 - Soja Heterodera Vaso 9,19,9,11.99,2414.0,31.6,93.75,15629.0,19224.0,109.0,2839.0,20744.0,10896.0,0
dia 19 - Soja Heterodera Vaso 9,19,9,12.31,2407.0,31.6,93.74,15508.0,19069.0,109.0,2843.0,20736.0,10946.0,0
dia 19 - Soja Heterodera Vaso 9,19,9,12.65,2426.0,31.6,93.74,15388.0,19161.0,109.0,2846.0,20721.0,10923.0,0
dia 19 - Soja Heterodera Vaso 9,19,9,12.92,2403.0,31.6,93.75,15306.0,19156.0,108.0,2851.0,20737.0,10846.0,0
dia 19 - Soja Heterodera Vaso 9,19,9,13.19,2412.0,31.6,93.75,15205.0,19121.0,108.0,2854.0,20724.0,10892.0,0
dia 19 - Soja Heterodera Vaso 9,19,9,13.45,2411.0,31.6,93.75,15007.0,19094.0,107.0,2854.0,20702.0,10864.0,0
dia 19 - Soja Heterodera Vaso 9,19,9,13.72,2420.0,31.6,93.75,15003.0,19060.0,107.0,2856.0,20684.0,10836.0,0
dia 19 - Soja Heterodera Vaso 9,19,9,13.99,2409.0,31.6,93.74,14896.0,19024.0,107.0,2858.0,20672.0,10804.0,0
dia 19 - Soja Heterodera Vaso 9,19,9,14.26,2420.0,31.6,93.75,14789.0,18887.0,106.0,2856.0,20645.0,10770.0,0
dia 19 - Soja Heterodera Vaso 9,19,9,14.55,2403.0,31.5,93.75,14673.0,18928.0,105.0,2856.0,20612.0,10656.0,0
dia 19 - Soja Heterodera Vaso 9,19,9,14.85,2428.0,31.5,93.75,14548.0,18853.0,105.0,2855.0,20588.0,10628.0,0
dia 19 - Soja Heterodera Vaso 9,19,9,15.18,2395.0,31.5,93.75,14338.0,18840.0,104.0,2853.0,20563.0,10633.0,0
dia 19 - Soja Heterodera Vaso 9,19,9,15.51,2425.0,31.5,93.74,14313.0,18794.0,104.0,2850.0,20534.0,10586.0,0
dia 19 - Soja Heterodera Vaso 9,19,9,15.8,2445.0,31.5,93.75,14118.0,18755.0,103.0,2855.0,20510.0,10545.0,0
dia 19 - Soja Heterodera Vaso 9,19,9,16.11,2414.0,31.5,93.74,14099.0,18711.0,102.0,2850.0,20487.0,10499.0,0
dia 19 - Soja Heterodera Vaso 9,19,9,16.42,2393.0,31.5,93.74,13993.0,18668.0,102.0,2851.0,20462.0,10454.0,0
dia 19 - Soja Heterodera Vaso 9,19,9,16.76,2399.0,31.5,93.74,13892.0,18644.0,103.0,2849.0,20456.0,10415.0,0
dia 19 - Soja Heterodera Vaso 9,19,9,17.02,2419.0,31.5,93.74,13803.0,18495.0,102.0,2853.0,20438.0,10374.0,0
dia 19 - Soja Heterodera Vaso 9,19,9,17.28,2395.0,31.5,93.74,13714.0,18568.0,101.0,2853.0,20408.0,10333.0,0
dia 19 - Soja Heterodera Vaso 9,19,9,17.54,2420.0,31.5,93.74,13578.0,18534.0,101.0,2852.0,20389.0,10293.0,0
dia 19 - Soja Heterodera Vaso 9,19,9,17.8,2403.0,31.5,93.74,13545.0,18504.0,101.0,2853.0,20367.0,10254.0,0
dia 19 - Soja Heterodera Vaso 9,19,9,18.07,2404.0,31.5,93.74,13461.0,18471.0,100.0,2848.0,20345.0,10214.0,0
dia 19 - Soja Heterodera Vaso 9,19,9,18.33,2421.0,31.5,93.75,13370.0,18422.0,100.0,2852.0,20306.0,10166.0,0
dia 19 - Soja Heterodera Vaso 9,19,9,18.63,2405.0,31.5,93.75,13278.0,18384.0,100.0,2850.0,20282.0,10120.0,0
dia 19 - Soja Heterodera Vaso 9,19,9,18.96,2449.0,31.5,93.75,13181.0,18345.0,99.0,2848.0,20183.0,10070.0,0
dia 19 - Soja Heterodera Vaso 9,19,9,19.27,2391.0,31.5,93.74,13091.0,18193.0,99.0,2845.0,20234.0,10024.0,0
dia 19 - Soja Heterodera Vaso 9,19,9,19.54,2433.0,31.5,93.75,13017.0,18279.0,98.0,2847.0,20216.0,9988.0,0
dia 19 - Soja Heterodera Vaso 9,19,9,19.84,2428.0,31.5,93.74,12935.0,18245.0,98.0,2848.0,20193.0,9944.0,0
dia 19 - Soja Heterodera Vaso 9,19,9,20.17,2422.0,31.5,93.74,12847.0,18210.0,97.0,2845.0,20172.0,9897.0,0
dia 19 - Soja Heterodera Vaso 9,19,9,20.5,2414.0,31.5,93.74,12763.0,18059.0,97.0,2844.0,20150.0,9852.0,0
dia 19 - Soja Heterodera Vaso 9,19,9,20.77,2418.0,31.5,93.74,12713.0,18170.0,97.0,2846.0,20156.0,9828.0,0
dia 19 - Soja Heterodera Vaso 9,19,9,21.04,2385.0,31.5,93.74,12647.0,18139.0,96.0,2845.0,20135.0,9791.0,0
dia 19 - Soja Heterodera Vaso 9,19,9,21.3,2402.0,31.5,93.74,12580.0,18118.0,96.0,2844.0,20120.0,9755.0,0
dia 19 - Soja Heterodera Vaso 9,19,9,21.57,2441.0,31.5,93.74,12521.0,18088.0,96.0,2844.0,20103.0,9722.0,0
dia 19 - Soja Heterodera Vaso 9,19,9,21.84,2414.0,31.5,93.74,12462.0,17943.0,96.0,2841.0,20087.0,9685.0,0
dia 19 - Soja Heterodera Vaso 9,19,9,22.11,2416.0,31.5,93.74,12393.0,18043.0,96.0,2841.0,20066.0,9651.0,0
dia 19 - Soja Heterodera Vaso 9,19,9,22.4,2401.0,31.5,93.74,12322.0,17999.0,95.0,2841.0,20031.0,9605.0,0
dia 19 - Soja Heterodera Vaso 9,19,9,22.71,2411.0,31.5,93.74,12256.0,17973.0,95.0,2840.0,20016.0,9568.0,0
dia 19 - Soja Heterodera Vaso 9,19,9,23.04,2437.0,31.5,93.74,12188.0,17947.0,95.0,2841.0,20000.0,9529.0,0
dia 19 - Soja Heterodera Vaso 9,19,9,23.37,2406.0,31.5,93.74,12121.0,17808.0,95.0,2841.0,19981.0,9489.0,0
dia 19 - Soja Heterodera Vaso 9,19,9,23.67,2429.0,31.5,93.74,12065.0,17897.0,95.0,2841.0,19875.0,9456.0,0
dia 19 - Soja Heterodera Vaso 9,19,9,23.99,2416.0,31.5,93.74,12007.0,17793.0,94.0,2840.0,19951.0,9420.0,0
dia 19 - Soja Heterodera Vaso 9,19,9,24.31,2420.0,31.5,93.74,11949.0,17853.0,93.0,2837.0,19934.0,9385.0,0
dia 19 - Soja Heterodera Vaso 9,19,9,24.67,2414.0,31.5,93.74,11900.0,17852.0,94.0,2837.0,19942.0,9356.0,0
dia 19 - Soja Heterodera Vaso 9,19,9,24.94,2429.0,31.5,93.74,11855.0,17845.0,93.0,2835.0,19950.0,9338.0,0
dia 19 - Soja Heterodera Vaso 9,19,9,25.2,2400.0,31.5,93.74,11806.0,17811.0,93.0,2839.0,19791.0,9299.0,0
dia 19 - Soja Heterodera Vaso 9,19,9,25.46,2434.0,31.5,93.74,11764.0,17794.0,93.0,2841.0,19903.0,9273.0,0
dia 19 - Soja Heterodera Vaso 9,19,9,25.72,2409.0,31.5,93.74,11719.0,17779.0,93.0,2841.0,19812.0,9247.0,0
dia 19 - Soja Heterodera Vaso 9,19,9,25.99,2432.0,31.5,93.74,11682.0,17762.0,93.0,2842.0,19880.0,9220.0,0
dia 19 - Soja Heterodera Vaso 9,19,9,26.26,2415.0,31.5,93.74,11632.0,17730.0,92.0,2842.0,19852.0,9187.0,0
dia 19 - Soja Heterodera Vaso 9,19,9,26.57,2439.0,31.5,93.75,11586.0,17713.0,92.0,2835.0,19840.0,9157.0,0
dia 19 - Soja Heterodera Vaso 9,19,9,26.89,2435.0,31.5,93.74,11539.0,17696.0,92.0,2839.0,19828.0,9127.0,0
dia 19 - Soja Heterodera Vaso 9,19,9,27.2,2434.0,31.5,93.74,11495.0,17680.0,92.0,2839.0,19816.0,9099.0,0
dia 19 - Soja Heterodera Vaso 9,19,9,27.46,2405.0,31.5,93.74,11460.0,17554.0,92.0,2841.0,19810.0,9076.0,0
dia 19 - Soja Heterodera Vaso 9,19,9,27.76,2457.0,31.5,93.74,11420.0,17653.0,92.0,2841.0,19798.0,8993.0,0
dia 19 - Soja Heterodera Vaso 9,19,9,28.09,2440.0,31.4,93.74,11377.0,17636.0,91.0,2840.0,19788.0,9021.0,0
dia 19 - Soja Heterodera Vaso 9,19,9,28.42,2435.0,31.5,93.74,11336.0,17621.0,91.0,2839.0,19775.0,8993.0,0
dia 19 - Soja Heterodera Vaso 9,19,9,28.69,2422.0,31.5,93.74,11316.0,17579.0,92.0,2841.0,19767.0,8982.0,0
dia 19 - Soja Heterodera Vaso 9,19,9,28.96,2431.0,31.5,93.74,11284.0,17615.0,92.0,2840.0,19787.0,8962.0,0
dia 19 - Soja Heterodera Vaso 9,19,9,29.23,2436.0,31.5,93.74,11258.0,17596.0,91.0,2841.0,19747.0,8938.0,0
dia 19 - Soja Heterodera Vaso 9,19,9,29.49,2416.0,31.5,93.74,11233.0,17582.0,91.0,2839.0,19752.0,8917.0,0
dia 19 - Soja Heterodera Vaso 9,19,9,29.76,2411.0,31.5,93.74,11184.0,17578.0,91.0,2840.0,19750.0,8872.0,0
dia 19 - Soja Heterodera Vaso 9,19,9,30.04,2444.0,31.5,93.75,11172.0,17502.0,91.0,2840.0,19732.0,8881.0,0
dia 19 - Soja Heterodera Vaso 9,19,9,30.31,2417.0,31.5,93.74,11134.0,17540.0,91.0,2840.0,19721.0,8807.0,0
dia 19 - Soja Heterodera Vaso 9,19,9,30.63,2386.0,31.5,93.74,11102.0,17528.0,91.0,2838.0,19594.0,8827.0,0
dia 19 - Soja Heterodera Vaso 9,19,9,30.96,2397.0,31.5,93.74,11068.0,17516.0,90.0,2839.0,19705.0,8801.0,0
dia 19 - Soja Heterodera Vaso 9,19,9,31.39,2441.0,31.5,93.74,11017.0,17507.0,90.0,2832.0,19695.0,8772.0,0
dia 19 - Soja Heterodera Vaso 9,19,9,31.69,2407.0,31.5,93.74,10989.0,17496.0,90.0,2838.0,19689.0,8752.0,0
dia 19 - Soja Heterodera Vaso 9,19,9,32.01,2411.0,31.5,93.74,10963.0,17486.0,90.0,2840.0,19681.0,8733.0,0
dia 19 - Soja Heterodera Vaso 9,19,9,32.33,2401.0,31.5,93.74,10933.0,17477.0,89.0,2838.0,19674.0,8712.0,0
dia 19 - Soja Heterodera Vaso 9,19,9,32.7,2403.0,31.5,93.74,10896.0,17478.0,90.0,2839.0,19689.0,8699.0,0
dia 19 - Soja Heterodera Vaso 9,19,9,32.96,2400.0,31.5,93.74,10899.0,17497.0,90.0,2837.0,19704.0,8691.0,0
dia 19 - Soja Heterodera Vaso 9,19,9,33.22,2416.0,31.5,93.74,10870.0,17467.0,90.0,2830.0,19673.0,8664.0,0
dia 19 - Soja Heterodera Vaso 9,19,9,33.49,2413.0,31.5,93.74,10848.0,17457.0,89.0,2836.0,19669.0,8594.0,0
dia 19 - Soja Heterodera Vaso 9,19,9,33.74,2410.0,31.5,93.74,10832.0,17451.0,89.0,2840.0,19662.0,8634.0,0
dia 19 - Soja Heterodera Vaso 9,19,9,34.0,2419.0,31.5,93.74,10814.0,17444.0,89.0,2839.0,19656.0,8564.0,0
dia 19 - Soja Heterodera Vaso 9,19,9,34.28,2419.0,31.5,93.74,10783.0,17421.0,89.0,2840.0,19634.0,8596.0,0
dia 19 - Soja Heterodera Vaso 9,19,9,34.59,2420.0,31.5,93.74,10761.0,17414.0,89.0,2840.0,19628.0,8577.0,0
dia 19 - Soja Heterodera Vaso 9,19,9,35.03,2399.0,31.5,93.74,10730.0,17402.0,89.0,2838.0,19497.0,8554.0,0
dia 19 - Soja Heterodera Vaso 9,19,9,35.38,2426.0,31.5,93.74,10706.0,17396.0,89.0,2835.0,19615.0,8537.0,0
dia 19 - Soja Heterodera Vaso 9,19,9,35.69,2435.0,31.5,93.74,10686.0,17388.0,90.0,2836.0,19611.0,8520.0,0
dia 19 - Soja Heterodera Vaso 9,19,9,36.0,2410.0,31.5,93.74,10666.0,17382.0,88.0,2839.0,19606.0,8504.0,0
dia 19 - Soja Heterodera Vaso 9,19,9,36.32,2400.0,31.5,93.74,10644.0,17377.0,89.0,2836.0,19600.0,8488.0,0
dia 19 - Soja Heterodera Vaso 9,19,9,36.65,2425.0,31.5,93.74,10636.0,17390.0,89.0,2834.0,19620.0,8482.0,0
dia 19 - Soja Heterodera Vaso 9,19,9,36.91,2403.0,31.5,93.74,10620.0,17388.0,88.0,2834.0,19616.0,8470.0,0
dia 19 - Soja Heterodera Vaso 9,19,9,37.18,2412.0,31.5,93.74,10600.0,17380.0,89.0,2839.0,19610.0,8401.0,0
dia 19 - Soja Heterodera Vaso 9,19,9,37.45,2417.0,31.5,93.74,10584.0,17374.0,88.0,2833.0,19604.0,8441.0,0
dia 19 - Soja Heterodera Vaso 9,19,9,37.71,2400.0,31.5,93.74,10572.0,17300.0,88.0,2836.0,19606.0,8432.0,0
dia 19 - Soja Heterodera Vaso 9,19,9,37.98,2399.0,31.5,93.74,10548.0,17363.0,88.0,2839.0,19601.0,8416.0,0
dia 19 - Soja Heterodera Vaso 9,19,9,38.24,2416.0,31.5,93.74,10542.0,17364.0,89.0,2836.0,19578.0,8399.0,0
dia 19 - Soja Heterodera Vaso 9,19,9,38.54,2438.0,31.5,93.73,10484.0,17338.0,88.0,2841.0,19573.0,8386.0,0
dia 19 - Soja Heterodera Vaso 9,19,9,38.84,2400.0,31.5,93.73,10435.0,17332.0,88.0,2840.0,19572.0,8373.0,0
dia 19 - Soja Heterodera Vaso 9,19,9,39.15,2405.0,31.5,93.75,10482.0,17326.0,88.0,2840.0,19567.0,8360.0,0
dia 19 - Soja Heterodera Vaso 9,19,9,39.5,2429.0,31.5,93.75,10477.0,17323.0,88.0,2841.0,19562.0,8345.0,0
dia 19 - Soja Heterodera Vaso 9,19,9,39.79,2393.0,31.5,93.75,10450.0,17318.0,88.0,2842.0,19558.0,8334.0,0
dia 19 - Soja Heterodera Vaso 9,19,9,40.11,2415.0,31.5,93.74,10434.0,17313.0,88.0,2842.0,19557.0,8320.0,0
dia 19 - Soja Heterodera Vaso 9,19,9,40.42,2436.0,31.5,93.75,10419.0,17309.0,88.0,2842.0,19552.0,8309.0,0
dia 19 - Soja Heterodera Vaso 9,19,9,40.73,2420.0,31.5,93.75,10417.0,17325.0,88.0,2842.0,19572.0,8306.0,0
dia 19 - Soja Heterodera Vaso 9,19,9,40.99,2414.0,31.5,93.74,10389.0,17340.0,88.0,2845.0,19590.0,8305.0,0
dia 19 - Soja Heterodera Vaso 9,19,9,41.25,2425.0,31.5,93.74,10391.0,17316.0,88.0,2848.0,19563.0,8285.0,0
dia 19 - Soja Heterodera Vaso 9,19,9,41.51,2414.0,31.5,93.74,10380.0,17312.0,87.0,2848.0,19560.0,8276.0,0
dia 19 - Soja Heterodera Vaso 9,19,9,41.77,2413.0,31.5,93.74,10369.0,17310.0,88.0,2846.0,19558.0,8266.0,0
dia 19 - Soja Heterodera Vaso 9,19,9,42.03,2404.0,31.5,93.75,10357.0,17306.0,88.0,2839.0,19554.0,8257.0,0
dia 19 - Soja Heterodera Vaso 9,19,9,42.29,2412.0,31.5,93.74,10336.0,17288.0,87.0,2844.0,19538.0,8241.0,0
dia 19 - Soja Heterodera Vaso 9,19,9,42.61,2376.0,31.5,93.74,10323.0,17284.0,88.0,2842.0,19533.0,8180.0,0
dia 19 - Soja Heterodera Vaso 9,19,9,42.93,2397.0,31.5,93.74,10310.0,17177.0,88.0,2845.0,19533.0,8218.0,0
dia 19 - Soja Heterodera Vaso 9,19,9,43.24,2404.0,31.5,93.74,10231.0,17278.0,87.0,2846.0,19527.0,8208.0,0
dia 19 - Soja Heterodera Vaso 9,19,9,43.51,2418.0,31.5,93.74,10288.0,17276.0,87.0,2844.0,19527.0,8199.0,0
dia 19 - Soja Heterodera Vaso 9,19,9,43.8,2448.0,31.5,93.74,10276.0,17273.0,87.0,2844.0,19524.0,8189.0,0
dia 19 - Soja Heterodera Vaso 9,19,9,44.13,2416.0,31.5,93.75,10263.0,17269.0,87.0,2844.0,19522.0,8178.0,0
dia 19 - Soja Heterodera Vaso 9,19,9,44.47,2422.0,31.5,93.75,10249.0,17209.0,87.0,2844.0,19520.0,8167.0,0
dia 19 - Soja Heterodera Vaso 9,19,9,44.74,2413.0,31.5,93.74,10255.0,17285.0,87.0,2848.0,19541.0,8169.0,0
dia 19 - Soja Heterodera Vaso 9,19,9,45.01,2417.0,31.5,93.74,10244.0,17279.0,87.0,2844.0,19511.0,8157.0,0
dia 19 - Soja Heterodera Vaso 9,19,9,45.28,2434.0,31.6,93.74,10234.0,17277.0,87.0,2849.0,19493.0,8090.0,0
dia 19 - Soja Heterodera Vaso 9,19,9,45.54,2420.0,31.5,93.74,10222.0,17277.0,87.0,2850.0,19532.0,8143.0,0
dia 19 - Soja Heterodera Vaso 9,19,9,45.81,2406.0,31.5,93.74,10138.0,17269.0,87.0,2849.0,19532.0,8134.0,0
dia 19 - Soja Heterodera Vaso 9,19,9,46.07,2418.0,31.6,93.75,10206.0,17269.0,87.0,2850.0,19531.0,8111.0,0
dia 19 - Soja Heterodera Vaso 9,19,9,46.35,2414.0,31.6,93.75,10187.0,17252.0,87.0,2849.0,19508.0,8112.0,0
dia 19 - Soja Heterodera Vaso 9,19,9,46.66,2408.0,31.6,93.74,10174.0,17230.0,87.0,2847.0,19475.0,8101.0,0
dia 19 - Soja Heterodera Vaso 9,19,9,46.99,2394.0,31.6,93.74,10167.0,17248.0,87.0,2848.0,19507.0,8093.0,0
dia 19 - Soja Heterodera Vaso 9,19,9,47.35,2419.0,31.6,93.74,10157.0,17260.0,86.0,2848.0,19513.0,8092.0,0
dia 19 - Soja Heterodera Vaso 9,19,9,47.64,2419.0,31.6,93.74,10147.0,17140.0,87.0,2847.0,19502.0,8076.0,0
dia 19 - Soja Heterodera Vaso 9,19,9,47.98,2405.0,31.6,93.74,10138.0,17241.0,87.0,2846.0,19502.0,8067.0,0
dia 19 - Soja Heterodera Vaso 9,19,9,48.3,2418.0,31.6,93.74,10128.0,17239.0,87.0,2846.0,19498.0,8059.0,0
dia 19 - Soja Heterodera Vaso 9,19,9,48.61,2401.0,31.6,93.74,10132.0,17258.0,87.0,2843.0,19520.0,8060.0,0
dia 19 - Soja Heterodera Vaso 9,19,9,48.87,2411.0,31.6,93.74,10135.0,17085.0,87.0,2848.0,19494.0,8038.0,0
dia 19 - Soja Heterodera Vaso 9,19,9,49.13,2410.0,31.6,93.74,10115.0,17251.0,87.0,2847.0,19514.0,8047.0,0
dia 19 - Soja Heterodera Vaso 9,19,9,49.39,2423.0,31.6,93.74,10043.0,17250.0,87.0,2847.0,19511.0,8040.0,0
dia 19 - Soja Heterodera Vaso 9,19,9,49.65,2401.0,31.6,93.74,10101.0,17249.0,87.0,2847.0,19512.0,8033.0,0
dia 19 - Soja Heterodera Vaso 9,19,9,49.91,2426.0,31.6,93.74,10095.0,17247.0,86.0,2847.0,19508.0,8024.0,0
dia 19 - Soja Heterodera Vaso 9,19,9,50.2,2402.0,31.6,93.74,10078.0,17162.0,87.0,2848.0,19495.0,8013.0,0
dia 19 - Soja Heterodera Vaso 9,19,9,50.51,2419.0,31.6,93.74,10071.0,17128.0,87.0,2847.0,19490.0,8005.0,0
dia 19 - Soja Heterodera Vaso 9,19,9,50.84,2442.0,31.6,93.74,10061.0,17227.0,87.0,2843.0,19491.0,7998.0,0
dia 19 - Soja Heterodera Vaso 9,19,9,51.17,2404.0,31.6,93.74,10053.0,17225.0,87.0,2847.0,19488.0,7990.0,0
dia 19 - Soja Heterodera Vaso 9,19,9,51.46,2431.0,31.6,93.74,10045.0,17225.0,87.0,2844.0,19486.0,7984.0,0
dia 19 - Soja Heterodera Vaso 9,19,9,51.76,2405.0,31.6,93.74,10039.0,17224.0,87.0,2842.0,19486.0,7978.0,0
dia 19 - Soja Heterodera Vaso 9,19,9,52.09,2414.0,31.6,93.74,10031.0,17222.0,87.0,2853.0,19487.0,7970.0,0
dia 19 - Soja Heterodera Vaso 9,19,9,52.43,2424.0,31.6,93.74,10035.0,17241.0,87.0,2854.0,19507.0,7972.0,0
dia 19 - Soja Heterodera Vaso 9,19,9,52.7,2406.0,31.6,93.74,10030.0,17240.0,87.0,2855.0,19511.0,7967.0,0
dia 19 - Soja Heterodera Vaso 9,19,9,52.97,2429.0,31.6,93.74,10022.0,17129.0,86.0,2855.0,19498.0,7958.0,0
dia 19 - Soja Heterodera Vaso 9,19,9,53.24,2406.0,31.6,93.74,10017.0,17236.0,87.0,2857.0,19497.0,7956.0,0
dia 19 - Soja Heterodera Vaso 9,19,9,53.51,2399.0,31.6,93.74,10008.0,17203.0,87.0,2854.0,19505.0,7949.0,0
dia 19 - Soja Heterodera Vaso 9,19,9,53.78,2413.0,31.7,93.74,10006.0,17234.0,87.0,2858.0,19502.0,7914.0,0
dia 19 - Soja Heterodera Vaso 9,19,9,54.04,2384.0,31.6,93.74,9998.0,17234.0,87.0,2859.0,19499.0,7939.0,0
dia 19 - Soja Heterodera Vaso 9,19,9,54.3,2408.0,31.7,93.74,9920.0,17214.0,87.0,2860.0,19479.0,7927.0,0
dia 19 - Soja Heterodera Vaso 9,19,9,54.62,2436.0,31.6,93.74,9975.0,17216.0,86.0,2860.0,19480.0,7921.0,0
dia 19 - Soja Heterodera Vaso 9,19,9,54.92,2438.0,31.7,93.74,9971.0,17214.0,86.0,2857.0,19479.0,7914.0,0
dia 19 - Soja Heterodera Vaso 9,19,9,55.23,2423.0,31.7,93.74,9964.0,17214.0,86.0,2859.0,19480.0,7909.0,0
dia 19 - Soja Heterodera Vaso 9,19,9,55.56,2389.0,31.7,93.74,9959.0,17211.0,87.0,2859.0,19479.0,7903.0,0
dia 19 - Soja Heterodera Vaso 9,19,9,55.86,2399.0,31.7,93.74,9954.0,17211.0,86.0,2860.0,19477.0,7897.0,0
dia 19 - Soja Heterodera Vaso 9,19,9,56.19,2414.0,31.7,93.74,9946.0,17209.0,87.0,2861.0,19477.0,7890.0,0
dia 19 - Soja Heterodera Vaso 9,19,9,56.52,2424.0,31.7,93.74,9939.0,17210.0,87.0,2862.0,19476.0,7885.0,0
dia 19 - Soja Heterodera Vaso 9,19,9,56.8,2437.0,31.7,93.74,9947.0,17229.0,86.0,2863.0,19499.0,7888.0,0
dia 19 - Soja Heterodera Vaso 9,19,9,57.06,2436.0,31.7,93.74,9940.0,17120.0,87.0,2855.0,19494.0,7882.0,0
dia 19 - Soja Heterodera Vaso 9,19,9,57.32,2423.0,31.7,93.74,9936.0,17215.0,87.0,2864.0,19494.0,7879.0,0
dia 19 - Soja Heterodera Vaso 9,19,9,57.58,2417.0,31.7,93.74,9902.0,17205.0,86.0,2866.0,19492.0,7874.0,0
dia 19 - Soja Heterodera Vaso 9,19,9,57.83,2409.0,31.7,93.74,9927.0,17223.0,87.0,2867.0,19492.0,7869.0,0
dia 19 - Soja Heterodera Vaso 9,19,9,58.09,2415.0,31.7,93.74,9850.0,17204.0,86.0,2864.0,19480.0,7858.0,0
dia 19 - Soja Heterodera Vaso 9,19,9,58.38,2436.0,31.7,93.74,9908.0,17205.0,86.0,2864.0,19353.0,7853.0,0
dia 19 - Soja Heterodera Vaso 9,19,9,58.71,2424.0,31.7,93.74,9903.0,17205.0,86.0,2865.0,19474.0,7847.0,0
dia 19 - Soja Heterodera Vaso 9,19,9,59.03,2424.0,31.7,93.74,9896.0,17205.0,86.0,2860.0,19473.0,7842.0,0
dia 19 - Soja Heterodera Vaso 9,19,9,59.37,2446.0,31.7,93.74,9891.0,17204.0,87.0,2865.0,19472.0,7837.0,0
dia 19 - Soja Heterodera Vaso 9,19,9,59.68,2412.0,31.7,93.74,9886.0,17203.0,86.0,2866.0,19472.0,7831.0,0
dia 19 - Soja Heterodera Vaso 9,19,9,60.01,2459.0,31.7,93.74,9881.0,17202.0,86.0,2865.0,19472.0,7776.0,0
dia 19 - Soja Heterodera Vaso 9,19,9,60.34,2417.0,31.7,93.74,9876.0,17098.0,87.0,2865.0,19471.0,7820.0,0
dia 19 - Soja Heterodera Vaso 9,19,9,60.61,2431.0,31.7,93.74,9884.0,17223.0,86.0,2865.0,19495.0,7825.0,0
dia 19 - Soja Heterodera Vaso 9,19,9,60.89,2423.0,31.7,93.7,9772.0,17044.0,86.0,2860.0,19289.0,7740.0,0
dia 19 - Soja Heterodera Vaso 9,19,9,61.16,2389.0,31.7,92.27,9769.0,17049.0,86.0,2844.0,19168.0,7733.0,0
dia 19 - Soja Heterodera Vaso 9,19,9,61.42,2424.0,31.8,91.21,9759.0,17040.0,86.0,2843.0,19296.0,7719.0,0
dia 19 - Soja Heterodera Vaso 9,19,9,61.7,2412.0,31.8,90.37,9748.0,17037.0,85.0,2836.0,19293.0,7712.0,0
dia 19 - Soja Heterodera Vaso 9,19,9,61.97,2413.0,31.8,89.69,9739.0,17040.0,85.0,2839.0,19168.0,7702.0,0
dia 19 - Soja Heterodera Vaso 9,19,9,62.24,2427.0,31.8,89.11,9727.0,17040.0,85.0,2835.0,19288.0,7697.0,0
dia 19 - Soja Heterodera Vaso 9,19,9,62.52,2429.0,31.8,88.56,9712.0,17016.0,84.0,2831.0,19259.0,7678.0,0
dia 19 - Soja Heterodera Vaso 9,19,9,62.94,2384.0,31.8,87.83,9704.0,17014.0,84.0,2822.0,19256.0,7665.0,0
dia 19 - Soja Heterodera Vaso 9,19,9,63.27,2422.0,31.8,87.35,9702.0,17011.0,84.0,2816.0,19254.0,7656.0,0
dia 19 - Soja Heterodera Vaso 9,19,9,63.62,2422.0,31.8,86.85,9688.0,17025.0,84.0,2809.0,19258.0,7658.0,0
dia 19 - Soja Heterodera Vaso 9,19,9,63.92,2417.0,31.8,86.45,9699.0,16897.0,84.0,2807.0,19254.0,7643.0,0
dia 19 - Soja Heterodera Vaso 9,19,9,64.25,2397.0,31.8,86.04,9697.0,17020.0,84.0,2796.0,19254.0,7637.0,0
dia 19 - Soja Heterodera Vaso 9,19,9,64.58,2422.0,31.8,85.66,9694.0,17009.0,84.0,2797.0,19254.0,7631.0,0
dia 19 - Soja Heterodera Vaso 9,19,9,64.88,2449.0,31.9,85.35,9708.0,17035.0,84.0,2795.0,19282.0,7638.0,0
dia 19 - Soja Heterodera Vaso 9,19,9,65.15,2423.0,31.9,85.07,9718.0,16883.0,84.0,2792.0,19266.0,7621.0,0
dia 19 - Soja Heterodera Vaso 9,19,9,65.41,2425.0,31.9,84.8,9695.0,17022.0,84.0,2791.0,19276.0,7628.0,0
dia 19 - Soja Heterodera Vaso 9,19,9,65.67,2425.0,31.9,84.55,9644.0,17034.0,84.0,2789.0,19276.0,7625.0,0
dia 19 - Soja Heterodera Vaso 9,19,9,65.93,2442.0,31.9,84.32,9708.0,17035.0,84.0,2789.0,19278.0,7622.0,0
dia 19 - Soja Heterodera Vaso 9,19,9,66.19,2437.0,32.0,84.11,9709.0,17036.0,83.0,2788.0,19265.0,7608.0,0
dia 19 - Soja Heterodera Vaso 9,19,9,66.48,2408.0,32.0,83.86,9700.0,16912.0,83.0,2783.0,19263.0,7610.0,0
dia 19 - Soja Heterodera Vaso 9,19,9,66.8,2423.0,32.0,83.6,9701.0,17026.0,83.0,2779.0,19266.0,7609.0,0
dia 19 - Soja Heterodera Vaso 9,19,9,67.14,2405.0,32.0,83.34,9701.0,17029.0,83.0,2775.0,19269.0,7606.0,0
dia 19 - Soja Heterodera Vaso 9,19,9,67.47,2430.0,32.0,83.12,9704.0,17033.0,83.0,2773.0,19272.0,7604.0,0
dia 19 - Soja Heterodera Vaso 9,19,9,67.77,2437.0,32.1,82.92,9707.0,17036.0,84.0,2771.0,19277.0,7603.0,0
dia 19 - Soja Heterodera Vaso 9,19,9,68.08,2439.0,32.1,82.69,9709.0,17042.0,83.0,2767.0,19281.0,7603.0,0
dia 19 - Soja Heterodera Vaso 9,19,9,68.42,2400.0,32.1,82.49,9712.0,16933.0,83.0,2764.0,19284.0,7602.0,0
dia 19 - Soja Heterodera Vaso 9,19,9,68.75,2439.0,32.1,82.31,9665.0,17072.0,83.0,2762.0,19312.0,7612.0,0
dia 19 - Soja Heterodera Vaso 9,19,9,69.01,2418.0,32.2,82.16,9734.0,17087.0,83.0,2760.0,19335.0,7619.0,0
dia 19 - Soja Heterodera Vaso 9,19,9,69.29,2415.0,32.2,82.01,9735.0,17074.0,83.0,2761.0,19315.0,7611.0,0
dia 19 - Soja Heterodera Vaso 9,19,9,69.56,2414.0,32.2,81.86,9737.0,16947.0,83.0,2759.0,19293.0,7613.0,0
dia 19 - Soja Heterodera Vaso 9,19,9,69.82,2417.0,32.2,81.75,9732.0,17071.0,83.0,2757.0,19305.0,7612.0,0
dia 19 - Soja Heterodera Vaso 9,19,9,70.09,2424.0,32.3,81.63,9735.0,17073.0,83.0,2751.0,19325.0,7613.0,0
dia 19 - Soja Heterodera Vaso 9,19,9,70.36,2414.0,32.3,81.49,9745.0,17084.0,83.0,2754.0,19325.0,7565.0,0
dia 19 - Soja Heterodera Vaso 9,19,9,70.62,2380.0,32.3,81.35,9720.0,17042.0,83.0,2749.0,19280.0,7593.0,0
dia 19 - Soja Heterodera Vaso 9,19,9,70.93,2395.0,32.3,81.21,9720.0,17044.0,83.0,2746.0,19285.0,7593.0,0
dia 19 - Soja Heterodera Vaso 9,19,9,71.36,2423.0,32.3,81.02,9719.0,17046.0,83.0,2740.0,19287.0,7590.0,0
dia 19 - Soja Heterodera Vaso 9,19,9,71.7,2411.0,32.3,80.89,9718.0,16945.0,83.0,2735.0,19284.0,7588.0,0
dia 19 - Soja Heterodera Vaso 9,19,9,72.0,2409.0,32.3,80.77,9718.0,16939.0,82.0,2737.0,19288.0,7587.0,0
dia 19 - Soja Heterodera Vaso 9,19,9,72.31,2396.0,32.3,80.64,9717.0,17047.0,82.0,2730.0,19165.0,7585.0,0
dia 19 - Soja Heterodera Vaso 9,19,9,72.61,2412.0,32.3,80.51,9717.0,17046.0,83.0,2735.0,19167.0,7584.0,0
dia 19 - Soja Heterodera Vaso 9,19,9,72.96,2406.0,32.3,80.41,9729.0,17061.0,82.0,2730.0,19313.0,7591.0,0
dia 19 - Soja Heterodera Vaso 9,19,9,73.22,2419.0,32.3,80.32,9728.0,17062.0,83.0,2733.0,19314.0,7542.0,0
dia 19 - Soja Heterodera Vaso 9,19,9,73.49,2374.0,32.3,80.25,9728.0,17051.0,82.0,2732.0,19313.0,7587.0,0
dia 19 - Soja Heterodera Vaso 9,19,9,73.75,2436.0,32.4,80.17,9728.0,16938.0,82.0,2729.0,19313.0,7586.0,0
dia 19 - Soja Heterodera Vaso 9,19,9,74.01,2418.0,32.4,80.09,9727.0,17023.0,82.0,2730.0,19321.0,7584.0,0
dia 19 - Soja Heterodera Vaso 9,19,9,74.27,2411.0,32.4,80.0,9662.0,17022.0,82.0,2728.0,19323.0,7583.0,0
dia 19 - Soja Heterodera Vaso 9,19,9,74.53,2378.0,32.4,79.92,9729.0,17022.0,83.0,2725.0,19324.0,7583.0,0
dia 19 - Soja Heterodera Vaso 9,19,9,74.79,2383.0,32.4,79.85,9720.0,16998.0,82.0,2721.0,19314.0,7575.0,0
dia 19 - Soja Heterodera Vaso 9,19,9,75.1,2385.0,32.4,79.76,9722.0,17005.0,81.0,2723.0,19307.0,7570.0,0
dia 19 - Soja Heterodera Vaso 9,19,9,75.44,2421.0,32.4,79.67,9721.0,17005.0,82.0,2724.0,19308.0,7567.0,0
dia 19 - Soja Heterodera Vaso 9,19,9,75.76,2391.0,32.4,79.6,9721.0,17005.0,82.0,2720.0,19306.0,7565.0,0
dia 19 - Soja Heterodera Vaso 9,19,9,76.06,2320.0,32.4,79.51,9722.0,17005.0,82.0,2718.0,19308.0,7563.0,0
dia 19 - Soja Heterodera Vaso 9,19,9,76.39,2425.0,32.4,79.43,9723.0,17005.0,82.0,2717.0,19308.0,7560.0,0
dia 19 - Soja Heterodera Vaso 9,19,9,76.72,2391.0,32.4,79.36,9682.0,17010.0,82.0,2712.0,19308.0,7557.0,0
dia 19 - Soja Heterodera Vaso 9,19,9,77.05,2391.0,32.5,79.29,9735.0,17028.0,81.0,2714.0,19332.0,7565.0,0
dia 19 - Soja Heterodera Vaso 9,19,9,77.32,2403.0,32.5,79.24,9739.0,17044.0,82.0,2713.0,19353.0,7570.0,0
dia 19 - Soja Heterodera Vaso 9,19,9,77.59,2399.0,32.5,79.18,9717.0,16990.0,82.0,2715.0,19327.0,7559.0,0
dia 19 - Soja Heterodera Vaso 9,19,9,77.86,2406.0,32.5,79.14,9665.0,17016.0,82.0,2715.0,19308.0,7558.0,0
dia 19 - Soja Heterodera Vaso 9,19,9,78.13,2398.0,32.5,79.08,9734.0,17009.0,82.0,2715.0,19331.0,7554.0,0
dia 19 - Soja Heterodera Vaso 9,19,9,78.4,2387.0,32.5,79.03,9728.0,17021.0,82.0,2715.0,19333.0,7554.0,0
dia 19 - Soja Heterodera Vaso 9,19,9,78.66,2392.0,32.5,78.97,9729.0,16928.0,81.0,2713.0,19298.0,7551.0,0
dia 19 - Soja Heterodera Vaso 9,19,9,78.96,2397.0,32.5,78.92,9723.0,16999.0,81.0,2711.0,19308.0,7489.0,0
dia 19 - Soja Heterodera Vaso 9,19,9,79.27,2390.0,32.5,78.88,9716.0,16928.0,82.0,2711.0,19308.0,7534.0,0
dia 19 - Soja Heterodera Vaso 9,19,9,79.6,2381.0,32.5,78.81,9693.0,16994.0,82.0,2708.0,19306.0,7533.0,0
dia 19 - Soja Heterodera Vaso 9,19,9,79.93,2424.0,32.5,78.75,9712.0,16993.0,82.0,2707.0,19305.0,7529.0,0
dia 19 - Soja Heterodera Vaso 9,19,9,80.22,2401.0,32.5,78.69,9709.0,16991.0,81.0,2703.0,19305.0,7527.0,0
dia 19 - Soja Heterodera Vaso 9,19,9,80.54,2390.0,32.5,78.63,9706.0,16992.0,81.0,2702.0,19303.0,7524.0,0
dia 19 - Soja Heterodera Vaso 9,19,9,80.86,2380.0,32.5,78.57,9702.0,16991.0,81.0,2702.0,19304.0,7519.0,0
dia 19 - Soja Heterodera Vaso 9,19,9,81.21,2395.0,32.5,78.51,9709.0,17013.0,81.0,2700.0,19327.0,7523.0,0
dia 19 - Soja Heterodera Vaso 9,19,9,81.47,2370.0,32.5,78.47,9704.0,17009.0,81.0,2700.0,19320.0,7482.0,0
dia 19 - Soja Heterodera Vaso 9,19,9,81.74,2402.0,32.5,78.44,9674.0,16988.0,82.0,2696.0,19319.0,7514.0,0
dia 19 - Soja Heterodera Vaso 9,19,9,82.0,2436.0,32.5,78.4,9696.0,17003.0,82.0,2701.0,19319.0,7516.0,0
dia 19 - Soja Heterodera Vaso 9,19,9,82.26,2421.0,32.5,78.37,9629.0,17001.0,81.0,2700.0,19318.0,7514.0,0
dia 19 - Soja Heterodera Vaso 9,19,9,82.52,2362.0,32.6,78.33,9689.0,16999.0,82.0,2699.0,19307.0,7507.0,0
dia 19 - Soja Heterodera Vaso 9,19,9,82.81,2413.0,32.6,78.28,9676.0,16984.0,81.0,2698.0,19299.0,7503.0,0
dia 19 - Soja Heterodera Vaso 9,19,9,83.12,2408.0,32.6,78.26,9673.0,16982.0,81.0,2696.0,19298.0,7499.0,0
dia 19 - Soja Heterodera Vaso 9,19,9,83.45,2384.0,32.6,78.23,9669.0,16980.0,81.0,2697.0,19298.0,7496.0,0
dia 19 - Soja Heterodera Vaso 9,19,9,83.78,2431.0,32.6,78.18,9666.0,16866.0,81.0,2693.0,19295.0,7492.0,0
dia 19 - Soja Heterodera Vaso 9,19,9,84.08,2416.0,32.6,78.14,9664.0,16978.0,81.0,2690.0,19232.0,7485.0,0
dia 19 - Soja Heterodera Vaso 9,19,9,84.39,2402.0,32.6,78.11,9659.0,16979.0,81.0,2692.0,19175.0,7487.0,0
dia 19 - Soja Heterodera Vaso 9,19,9,84.72,2430.0,32.6,78.06,9619.0,16979.0,81.0,2693.0,19295.0,7483.0,0
dia 19 - Soja Heterodera Vaso 9,19,9,85.07,2402.0,32.6,78.02,9665.0,17000.0,81.0,2692.0,19318.0,7489.0,0
dia 19 - Soja Heterodera Vaso 9,19,9,85.33,2401.0,32.6,77.99,9599.0,17016.0,81.0,2691.0,19339.0,7495.0,0
dia 19 - Soja Heterodera Vaso 9,19,9,85.59,2411.0,32.6,77.97,9657.0,16993.0,81.0,2696.0,19313.0,7485.0,0
dia 19 - Soja Heterodera Vaso 9,19,9,85.88,2404.0,32.6,77.95,9654.0,16995.0,81.0,2693.0,19314.0,7483.0,0
dia 19 - Soja Heterodera Vaso 9,19,9,86.14,2410.0,32.6,77.92,9649.0,16885.0,81.0,2693.0,19312.0,7469.0,0
dia 19 - Soja Heterodera Vaso 9,19,9,86.41,2420.0,32.6,77.88,9646.0,16990.0,81.0,2692.0,19314.0,7473.0,0
dia 19 - Soja Heterodera Vaso 9,19,9,86.68,2399.0,32.6,77.85,9643.0,16990.0,81.0,2690.0,19319.0,7475.0,0
dia 19 - Soja Heterodera Vaso 9,19,9,86.95,2424.0,32.6,77.83,9615.0,16950.0,81.0,2691.0,19306.0,7404.0,0
dia 19 - Soja Heterodera Vaso 9,19,9,87.22,2432.0,32.6,77.8,9626.0,16975.0,80.0,2690.0,19295.0,7461.0,0
dia 19 - Soja Heterodera Vaso 9,19,9,87.53,2419.0,32.6,77.78,9623.0,16973.0,80.0,2689.0,19296.0,7458.0,0
dia 19 - Soja Heterodera Vaso 9,19,9,87.88,2408.0,32.6,77.75,9617.0,16866.0,81.0,2687.0,19296.0,7455.0,0
dia 19 - Soja Heterodera Vaso 9,19,9,88.22,2400.0,32.6,77.73,9615.0,16975.0,81.0,2687.0,19296.0,7452.0,0
dia 19 - Soja Heterodera Vaso 9,19,9,88.52,2401.0,32.6,77.7,9610.0,16971.0,81.0,2683.0,19298.0,7449.0,0
dia 19 - Soja Heterodera Vaso 9,19,9,88.84,2386.0,32.6,77.68,9607.0,16970.0,80.0,2687.0,19296.0,7445.0,0
dia 19 - Soja Heterodera Vaso 9,19,9,89.16,2383.0,32.6,77.65,9603.0,16970.0,81.0,2685.0,19295.0,7442.0,0
dia 19 - Soja Heterodera Vaso 9,19,9,89.5,2421.0,32.6,77.63,9614.0,16992.0,81.0,2683.0,19318.0,7449.0,0
dia 19 - Soja Heterodera Vaso 9,19,9,89.77,2392.0,32.6,77.6,9613.0,16988.0,81.0,2683.0,19277.0,7449.0,0
dia 19 - Soja Heterodera Vaso 9,19,9,90.03,2404.0,32.6,77.58,9571.0,16983.0,80.0,2686.0,19312.0,7440.0,0
dia 19 - Soja Heterodera Vaso 9,19,9,90.29,2381.0,32.7,77.57,9601.0,16982.0,81.0,2684.0,19310.0,7439.0,0
dia 19 - Soja Heterodera Vaso 9,19,9,90.55,2409.0,32.6,77.55,9535.0,16982.0,80.0,2686.0,19312.0,7437.0,0
dia 19 - Soja Heterodera Vaso 9,19,9,90.81,2419.0,32.6,77.54,9596.0,16982.0,81.0,2688.0,19312.0,7435.0,0
dia 19 - Soja Heterodera Vaso 9,19,9,91.09,2415.0,32.6,77.52,9585.0,16965.0,81.0,2688.0,19294.0,7426.0,0
dia 19 - Soja Heterodera Vaso 9,19,9,91.4,2401.0,32.6,77.49,9582.0,16964.0,81.0,2686.0,19294.0,7423.0,0
dia 19 - Soja Heterodera Vaso 9,19,9,91.71,2411.0,32.6,77.46,9579.0,16962.0,81.0,2685.0,19292.0,7420.0,0
dia 19 - Soja Heterodera Vaso 9,19,9,92.03,2412.0,32.6,77.44,9576.0,16962.0,81.0,2684.0,19293.0,7417.0,0
dia 19 - Soja Heterodera Vaso 9,19,9,92.29,2404.0,32.7,77.41,9522.0,16962.0,81.0,2672.0,19294.0,7415.0,0
dia 19 - Soja Heterodera Vaso 9,19,9,92.59,2402.0,32.7,77.4,9571.0,16869.0,80.0,2674.0,19292.0,7413.0,0
dia 19 - Soja Heterodera Vaso 9,19,9,92.92,2418.0,32.7,77.37,9569.0,16959.0,80.0,2670.0,19291.0,7409.0,0
dia 19 - Soja Heterodera Vaso 9,19,9,93.25,2410.0,32.7,77.35,9565.0,16960.0,80.0,2673.0,19290.0,7407.0,0
dia 19 - Soja Heterodera Vaso 9,19,9,93.53,2410.0,32.7,77.33,9512.0,16979.0,80.0,2674.0,19314.0,7414.0,0
dia 19 - Soja Heterodera Vaso 9,19,9,93.79,2391.0,32.7,77.31,9572.0,16976.0,80.0,2671.0,19309.0,7411.0,0
dia 19 - Soja Heterodera Vaso 9,19,9,94.08,2382.0,32.7,77.28,9570.0,16976.0,81.0,2672.0,19311.0,7408.0,0
dia 19 - Soja Heterodera Vaso 9,19,9,94.34,2431.0,32.7,77.27,9504.0,16972.0,80.0,2671.0,19310.0,7403.0,0
dia 19 - Soja Heterodera Vaso 9,19,9,94.61,2414.0,32.7,77.25,9564.0,16977.0,80.0,2672.0,19310.0,7403.0,0
dia 19 - Soja Heterodera Vaso 9,19,9,94.98,2398.0,32.7,77.24,9563.0,16976.0,80.0,2669.0,19308.0,7402.0,0
dia 19 - Soja Heterodera Vaso 9,19,9,95.25,2419.0,32.7,77.22,9551.0,16897.0,81.0,2673.0,19289.0,7390.0,0
dia 19 - Soja Heterodera Vaso 9,19,9,95.57,2446.0,32.7,77.21,9533.0,16955.0,80.0,2671.0,19290.0,7389.0,0
dia 19 - Soja Heterodera Vaso 9,19,9,95.91,2407.0,32.7,77.18,9546.0,16954.0,80.0,2675.0,19291.0,7385.0,0
dia 19 - Soja Heterodera Vaso 9,19,9,96.24,2431.0,32.7,77.16,9543.0,16955.0,80.0,2675.0,19290.0,7384.0,0
dia 19 - Soja Heterodera Vaso 9,19,9,96.54,2425.0,32.7,77.14,9542.0,16953.0,80.0,2676.0,19291.0,7381.0,0
dia 19 - Soja Heterodera Vaso 9,19,9,96.87,2411.0,32.7,77.13,9539.0,16954.0,80.0,2675.0,19290.0,7334.0,0
dia 19 - Soja Heterodera Vaso 9,19,9,97.2,2394.0,32.7,77.11,9536.0,16841.0,80.0,2673.0,19289.0,7376.0,0
dia 19 - Soja Heterodera Vaso 9,19,9,97.55,2420.0,32.7,77.09,9547.0,16974.0,81.0,2671.0,19312.0,7382.0,0
dia 19 - Soja Heterodera Vaso 9,19,9,97.82,2414.0,32.7,77.08,9546.0,16860.0,80.0,2672.0,19314.0,7374.0,0
dia 19 - Soja Heterodera Vaso 9,19,9,98.07,2461.0,32.7,77.07,9539.0,16966.0,80.0,2675.0,19307.0,7376.0,0
dia 19 - Soja Heterodera Vaso 9,19,9,98.34,2406.0,32.7,77.06,9526.0,16965.0,80.0,2674.0,19307.0,7375.0,0
dia 19 - Soja Heterodera Vaso 9,19,9,98.6,2401.0,32.7,77.04,9536.0,16964.0,80.0,2675.0,19306.0,7373.0,0
dia 19 - Soja Heterodera Vaso 9,19,9,98.86,2404.0,32.7,77.03,9535.0,16964.0,80.0,2674.0,19306.0,7371.0,0
dia 19 - Soja Heterodera Vaso 9,19,9,99.14,2420.0,32.7,77.02,9524.0,16839.0,80.0,2674.0,19295.0,7362.0,0
dia 19 - Soja Heterodera Vaso 9,19,9,99.45,2407.0,32.7,76.99,9520.0,16949.0,80.0,2673.0,19208.0,7360.0,0
dia 19 - Soja Heterodera Vaso 9,19,9,99.78,2376.0,32.7,76.98,9518.0,16947.0,80.0,2669.0,19288.0,7356.0,0
dia 19 - Soja Heterodera Vaso 9,19,9,100.11,2398.0,32.7,76.96,9515.0,16947.0,80.0,2672.0,19286.0,7355.0,0
dia 19 - Soja Heterodera Vaso 9,19,9,100.42,2405.0,32.7,76.94,9511.0,16947.0,80.0,2671.0,19285.0,7353.0,0
dia 19 - Soja Heterodera Vaso 9,19,9,100.72,2411.0,32.8,76.93,9508.0,16947.0,80.0,2670.0,19286.0,7350.0,0
dia 19 - Soja Heterodera Vaso 9,19,9,101.04,2409.0,32.8,76.92,9506.0,16947.0,80.0,2670.0,19286.0,7348.0,0
dia 19 - Soja Heterodera Vaso 9,19,9,101.39,2419.0,32.8,76.9,9516.0,16971.0,80.0,2668.0,19185.0,7355.0,0
dia 19 - Soja Heterodera Vaso 9,19,9,101.66,2429.0,32.8,76.89,9514.0,16983.0,80.0,2668.0,19331.0,7361.0,0
dia 19 - Soja Heterodera Vaso 9,19,9,101.93,2419.0,32.8,76.88,9506.0,16965.0,79.0,2676.0,19296.0,7351.0,0
dia 19 - Soja Heterodera Vaso 9,19,9,102.2,2366.0,32.8,76.87,9507.0,16965.0,79.0,2675.0,19310.0,7348.0,0
dia 19 - Soja Heterodera Vaso 9,19,9,102.48,2445.0,32.8,76.86,9498.0,16966.0,80.0,2670.0,19306.0,7346.0,0
dia 19 - Soja Heterodera Vaso 9,19,9,102.74,2405.0,32.8,76.85,9439.0,16964.0,80.0,2671.0,19307.0,7341.0,0
dia 19 - Soja Heterodera Vaso 9,19,9,103.01,2411.0,32.8,76.83,9496.0,16965.0,80.0,2673.0,19309.0,7343.0,0
dia 19 - Soja Heterodera Vaso 9,19,9,103.28,2403.0,32.8,76.82,9485.0,16947.0,80.0,2674.0,19277.0,7333.0,0
dia 19 - Soja Heterodera Vaso 9,19,9,103.58,2372.0,32.8,76.81,9484.0,16947.0,79.0,2671.0,19287.0,7331.0,0
dia 19 - Soja Heterodera Vaso 9,19,9,103.9,2435.0,32.8,76.79,9480.0,16947.0,80.0,2668.0,19289.0,7328.0,0
dia 19 - Soja Heterodera Vaso 9,19,9,104.21,2428.0,32.8,76.78,9477.0,16947.0,80.0,2668.0,19288.0,7326.0,0
dia 19 - Soja Heterodera Vaso 9,19,9,104.48,2402.0,32.8,76.77,9476.0,16947.0,79.0,2668.0,19288.0,7324.0,0
dia 19 - Soja Heterodera Vaso 9,19,9,104.78,2408.0,32.8,76.76,9473.0,16835.0,79.0,2672.0,19288.0,7322.0,0
dia 19 - Soja Heterodera Vaso 9,19,9,105.1,2437.0,32.8,76.75,9470.0,16946.0,80.0,2672.0,19290.0,7319.0,0
dia 19 - Soja Heterodera Vaso 9,19,9,105.43,2410.0,32.8,76.73,9468.0,16947.0,80.0,2669.0,19290.0,7317.0,0
dia 19 - Soja Heterodera Vaso 9,19,9,105.7,2413.0,32.9,76.72,9477.0,16918.0,79.0,2670.0,19299.0,7324.0,0
dia 19 - Soja Heterodera Vaso 9,19,9,105.96,2374.0,32.9,77.1,9359.0,16766.0,79.0,2667.0,19085.0,7232.0,0
dia 19 - Soja Heterodera Vaso 9,19,9,106.22,2359.0,32.8,78.27,9287.0,16765.0,79.0,2670.0,19084.0,7220.0,0
dia 19 - Soja Heterodera Vaso 9,19,9,106.48,2371.0,32.9,79.37,9336.0,16757.0,79.0,2674.0,19077.0,7205.0,0
dia 19 - Soja Heterodera Vaso 9,19,9,106.74,2372.0,32.9,80.38,9329.0,16759.0,78.0,2678.0,19077.0,7193.0,0
dia 19 - Soja Heterodera Vaso 9,19,9,107.0,2378.0,32.9,81.36,9317.0,16751.0,79.0,2684.0,19067.0,7178.0,0
dia 19 - Soja Heterodera Vaso 9,19,9,107.32,2362.0,32.9,82.54,9314.0,16768.0,78.0,2688.0,19067.0,7120.0,0
dia 19 - Soja Heterodera Vaso 9,19,9,107.73,2356.0,32.9,83.99,9310.0,16769.0,79.0,2696.0,19062.0,7102.0,0
dia 19 - Soja Heterodera Vaso 9,19,9,108.19,2369.0,32.9,85.56,9299.0,16770.0,80.0,2703.0,19037.0,7127.0,0
dia 19 - Soja Heterodera Vaso 9,19,9,108.46,2378.0,32.9,86.42,9298.0,16723.0,80.0,2713.0,18868.0,7101.0,0
dia 19 - Soja Heterodera Vaso 9,19,9,108.76,2379.0,32.9,87.39,9294.0,16777.0,80.0,2720.0,18910.0,7108.0,0
dia 19 - Soja Heterodera Vaso 9,19,9,109.08,2372.0,32.9,88.33,9261.0,16772.0,80.0,2726.0,19038.0,7097.0,0
dia 19 - Soja Heterodera Vaso 9,19,9,109.39,2400.0,32.9,89.18,9228.0,16784.0,80.0,2733.0,19039.0,7088.0,0
dia 19 - Soja Heterodera Vaso 9,19,9,109.65,2379.0,32.9,89.86,9302.0,16803.0,81.0,2741.0,19061.0,7088.0,0
dia 19 - Soja Heterodera Vaso 9,19,9,109.92,2406.0,32.9,90.49,9304.0,16739.0,80.0,2751.0,19047.0,7072.0,0
dia 19 - Soja Heterodera Vaso 9,19,9,110.19,2350.0,32.9,91.05,9293.0,16795.0,81.0,2754.0,19018.0,7069.0,0
dia 19 - Soja Heterodera Vaso 9,19,9,110.45,2343.0,32.9,91.57,9286.0,16788.0,81.0,2758.0,19040.0,7060.0,0
dia 19 - Soja Heterodera Vaso 9,19,9,110.72,2365.0,32.9,92.03,9281.0,16685.0,81.0,2766.0,19040.0,7045.0,0
dia 19 - Soja Heterodera Vaso 9,19,9,110.99,2360.0,32.9,92.42,9284.0,16793.0,82.0,2772.0,19038.0,7044.0,0
dia 19 - Soja Heterodera Vaso 9,19,9,111.27,2359.0,32.9,92.74,9270.0,16773.0,81.0,2773.0,19004.0,7026.0,0
dia 19 - Soja Heterodera Vaso 9,19,9,111.55,2372.0,32.9,93.0,9206.0,16773.0,82.0,2781.0,19011.0,7023.0,0
dia 19 - Soja Heterodera Vaso 9,19,9,111.87,2358.0,32.9,93.23,9264.0,16768.0,82.0,2784.0,19005.0,7015.0,0
dia 19 - Soja Heterodera Vaso 9,19,9,112.19,2365.0,32.9,93.4,9260.0,16761.0,82.0,2788.0,18996.0,7005.0,0
dia 19 - Soja Heterodera Vaso 9,19,9,112.49,2352.0,32.9,93.51,9258.0,16758.0,82.0,2792.0,18994.0,6998.0,0
dia 19 - Soja Heterodera Vaso 9,19,9,112.8,2385.0,32.9,93.59,9258.0,16760.0,82.0,2796.0,18991.0,6993.0,0
dia 19 - Soja Heterodera Vaso 9,19,9,113.13,2372.0,32.9,93.63,9258.0,16757.0,83.0,2799.0,18989.0,6988.0,0
dia 19 - Soja Heterodera Vaso 9,19,9,113.46,2372.0,32.9,93.67,9255.0,16755.0,83.0,2802.0,18982.0,6939.0,0
dia 19 - Soja Heterodera Vaso 9,19,9,113.73,2392.0,32.9,93.68,9269.0,16775.0,82.0,2807.0,19005.0,6989.0,0
dia 19 - Soja Heterodera Vaso 9,19,9,113.98,2361.0,32.9,93.7,9267.0,16771.0,82.0,2809.0,18876.0,6986.0,0
dia 19 - Soja Heterodera Vaso 9,19,9,114.24,2369.0,32.9,93.7,9265.0,16771.0,82.0,2810.0,18996.0,6985.0,0
dia 19 - Soja Heterodera Vaso 9,19,9,114.5,2365.0,32.9,93.71,9265.0,16732.0,83.0,2811.0,18981.0,6985.0,0
dia 19 - Soja Heterodera Vaso 9,19,9,114.76,2375.0,32.9,93.72,9266.0,16776.0,82.0,2814.0,18997.0,6985.0,0
dia 19 - Soja Heterodera Vaso 9,19,9,115.02,2370.0,32.9,93.72,9233.0,16753.0,83.0,2816.0,18980.0,6979.0,0
dia 19 - Soja Heterodera Vaso 9,19,9,115.31,2373.0,32.9,93.72,9260.0,16766.0,82.0,2818.0,18983.0,6936.0,0
dia 19 - Soja Heterodera Vaso 9,19,9,115.62,2360.0,32.8,93.73,9260.0,16769.0,82.0,2818.0,18912.0,6985.0,0
dia 19 - Soja Heterodera Vaso 9,19,9,115.94,2363.0,32.8,93.73,9263.0,16668.0,83.0,2819.0,18984.0,6981.0,0
dia 19 - Soja Heterodera Vaso 9,19,9,116.29,2384.0,32.8,93.72,9266.0,16777.0,83.0,2819.0,18986.0,6982.0,0
dia 19 - Soja Heterodera Vaso 9,19,9,116.61,2386.0,32.8,93.73,9268.0,16780.0,83.0,2819.0,18987.0,6984.0,0
dia 19 - Soja Heterodera Vaso 9,19,9,116.94,2330.0,32.8,93.73,9271.0,16784.0,83.0,2821.0,18990.0,6956.0,0
dia 19 - Soja Heterodera Vaso 9,19,9,117.27,2412.0,32.8,93.73,9274.0,16780.0,82.0,2822.0,18932.0,6986.0,0
dia 19 - Soja Heterodera Vaso 9,19,9,117.54,2373.0,32.8,93.73,9287.0,16811.0,83.0,2826.0,19015.0,6996.0,0
dia 19 - Soja Heterodera Vaso 9,19,9,117.81,2341.0,32.8,93.73,9288.0,16812.0,82.0,2828.0,19010.0,6997.0,0
dia 19 - Soja Heterodera Vaso 9,19,9,118.08,2357.0,32.8,93.73,9280.0,16816.0,83.0,2832.0,19016.0,6953.0,0
dia 19 - Soja Heterodera Vaso 9,19,9,118.35,2386.0,32.8,93.73,9293.0,16820.0,83.0,2833.0,19017.0,7000.0,0
dia 19 - Soja Heterodera Vaso 9,19,9,118.62,2396.0,32.8,93.73,9239.0,16821.0,83.0,2836.0,19017.0,6988.0,0
dia 19 - Soja Heterodera Vaso 9,19,9,118.89,2382.0,32.8,93.73,9298.0,16823.0,83.0,2836.0,19017.0,6990.0,0
dia 19 - Soja Heterodera Vaso 9,19,9,119.16,2362.0,32.8,93.73,9304.0,16802.0,83.0,2838.0,19022.0,7004.0,0
dia 19 - Soja Heterodera Vaso 9,19,9,119.46,2375.0,32.8,93.73,9296.0,16813.0,83.0,2834.0,19002.0,6999.0,0
dia 19 - Soja Heterodera Vaso 9,19,9,119.76,2386.0,32.8,93.73,9299.0,16817.0,83.0,2835.0,19003.0,7001.0,0
dia 19 - Soja Heterodera Vaso 9,19,9,120.09,2384.0,32.8,93.74,9302.0,16819.0,83.0,2838.0,19005.0,7002.0,0
dia 19 - Soja Heterodera Vaso 9,19,9,120.44,2387.0,32.8,93.73,9305.0,16780.0,83.0,2837.0,19013.0,7013.0,0
dia 19 - Soja Heterodera Vaso 9,19,9,120.73,2382.0,32.8,93.73,9308.0,16826.0,84.0,2839.0,19007.0,6997.0,0
dia 19 - Soja Heterodera Vaso 9,19,9,121.07,2391.0,32.8,93.73,9313.0,16829.0,83.0,2839.0,19009.0,7008.0,0
dia 19 - Soja Heterodera Vaso 9,19,9,121.38,2355.0,32.8,93.74,9314.0,16833.0,83.0,2840.0,19008.0,7009.0,0
dia 19 - Soja Heterodera Vaso 9,19,9,121.68,2390.0,32.8,93.73,9269.0,16855.0,84.0,2842.0,19031.0,7019.0,0
dia 19 - Soja Heterodera Vaso 9,19,9,121.95,2342.0,32.8,93.73,9341.0,16876.0,84.0,2843.0,19052.0,7029.0,0
dia 19 - Soja Heterodera Vaso 9,19,9,122.21,2432.0,32.8,93.74,9332.0,16855.0,84.0,2840.0,19029.0,7021.0,0
dia 19 - Soja Heterodera Vaso 9,19,9,122.46,2383.0,32.8,93.74,9334.0,16859.0,84.0,2841.0,19030.0,7023.0,0
dia 19 - Soja Heterodera Vaso 9,19,9,122.73,2360.0,32.8,93.73,9337.0,16861.0,84.0,2840.0,19031.0,7025.0,0
dia 19 - Soja Heterodera Vaso 9,19,9,122.99,2380.0,32.8,93.74,9339.0,16864.0,84.0,2844.0,19033.0,6981.0,0
dia 19 - Soja Heterodera Vaso 9,19,9,123.26,2362.0,32.8,93.74,9334.0,16848.0,84.0,2844.0,19015.0,7021.0,0
dia 19 - Soja Heterodera Vaso 9,19,9,123.56,2360.0,32.8,93.73,9336.0,16853.0,84.0,2845.0,19015.0,7023.0,0
dia 19 - Soja Heterodera Vaso 9,19,9,123.87,2353.0,32.8,93.73,9339.0,16855.0,84.0,2848.0,19019.0,7024.0,0
dia 19 - Soja Heterodera Vaso 9,19,9,124.19,2376.0,32.8,93.74,9341.0,16858.0,84.0,2855.0,19019.0,7026.0,0
dia 19 - Soja Heterodera Vaso 9,19,9,124.45,2362.0,32.8,93.74,9345.0,16859.0,83.0,2855.0,19020.0,7028.0,0
dia 19 - Soja Heterodera Vaso 9,19,9,124.75,2377.0,32.8,93.73,9288.0,16863.0,84.0,2855.0,19020.0,7030.0,0
dia 19 - Soja Heterodera Vaso 9,19,9,125.08,2375.0,32.8,93.73,9350.0,16865.0,84.0,2852.0,19023.0,7031.0,0
dia 19 - Soja Heterodera Vaso 9,19,9,125.41,2390.0,32.8,93.74,9352.0,16868.0,84.0,2853.0,19024.0,7033.0,0
dia 19 - Soja Heterodera Vaso 9,19,9,125.68,2397.0,32.8,93.73,9306.0,16891.0,84.0,2855.0,19047.0,7042.0,0
dia 19 - Soja Heterodera Vaso 9,19,9,125.94,2404.0,32.8,93.74,9367.0,16888.0,84.0,2856.0,19022.0,7033.0,0
dia 19 - Soja Heterodera Vaso 9,19,9,126.21,2364.0,32.8,93.73,9368.0,16891.0,84.0,2853.0,19042.0,7042.0,0
dia 19 - Soja Heterodera Vaso 9,19,9,126.47,2394.0,32.8,93.74,9374.0,16895.0,85.0,2856.0,19050.0,6999.0,0
dia 19 - Soja Heterodera Vaso 9,19,9,126.85,2379.0,32.9,93.74,9375.0,16893.0,84.0,2855.0,19050.0,7046.0,0
dia 19 - Soja Heterodera Vaso 9,19,9,127.12,2378.0,32.8,93.73,9351.0,16899.0,84.0,2859.0,19051.0,7048.0,0
dia 19 - Soja Heterodera Vaso 9,19,9,127.39,2358.0,32.8,93.73,9371.0,16881.0,85.0,2861.0,19030.0,7024.0,0
dia 19 - Soja Heterodera Vaso 9,19,9,127.7,2372.0,32.8,93.73,9373.0,16883.0,84.0,2858.0,19030.0,6997.0,0
dia 19 - Soja Heterodera Vaso 9,19,9,128.04,2383.0,32.8,93.74,9376.0,16884.0,84.0,2859.0,19033.0,7044.0,0
dia 19 - Soja Heterodera Vaso 9,19,9,128.37,2390.0,32.8,93.73,9378.0,16886.0,84.0,2861.0,19033.0,7044.0,0
dia 19 - Soja Heterodera Vaso 9,19,9,128.67,2362.0,32.8,93.74,9381.0,16888.0,84.0,2862.0,19033.0,7045.0,0
dia 19 - Soja Heterodera Vaso 9,19,9,128.99,2404.0,32.9,93.73,9383.0,16890.0,84.0,2860.0,19034.0,7047.0,0
dia 19 - Soja Heterodera Vaso 9,19,9,129.3,2395.0,32.8,93.74,9386.0,16891.0,85.0,2861.0,19034.0,7048.0,0
dia 19 - Soja Heterodera Vaso 9,19,9,129.66,2389.0,32.9,93.73,9400.0,16917.0,85.0,2864.0,18936.0,7057.0,0
dia 19 - Soja Heterodera Vaso 9,19,9,129.92,2374.0,32.9,93.74,9405.0,16929.0,85.0,2864.0,19079.0,7067.0,0
dia 19 - Soja Heterodera Vaso 9,19,9,130.18,2371.0,32.9,93.74,9341.0,16913.0,84.0,2868.0,19055.0,7058.0,0
dia 19 - Soja Heterodera Vaso 9,19,9,130.44,2361.0,32.9,93.73,9405.0,16914.0,84.0,2868.0,19057.0,7059.0,0
dia 19 - Soja Heterodera Vaso 9,19,9,130.69,2395.0,32.9,93.74,9364.0,16915.0,85.0,2870.0,19056.0,7059.0,0
dia 19 - Soja Heterodera Vaso 9,19,9,130.98,2381.0,32.9,93.73,9409.0,16917.0,85.0,2872.0,18932.0,7061.0,0
dia 19 - Soja Heterodera Vaso 9,19,9,131.26,2373.0,32.8,93.73,9403.0,16902.0,85.0,2873.0,19040.0,7056.0,0
dia 19 - Soja Heterodera Vaso 9,19,9,131.57,2444.0,32.9,93.74,9406.0,16904.0,85.0,2873.0,19042.0,7056.0,0
dia 19 - Soja Heterodera Vaso 9,19,9,131.92,2379.0,32.9,93.74,9348.0,16905.0,85.0,2870.0,19041.0,7057.0,0
dia 19 - Soja Heterodera Vaso 9,19,9,132.27,2342.0,32.9,93.74,9410.0,16906.0,85.0,2868.0,19043.0,7057.0,0
dia 19 - Soja Heterodera Vaso 9,19,9,132.56,2361.0,32.9,93.74,9412.0,16907.0,85.0,2870.0,19043.0,7058.0,0
dia 19 - Soja Heterodera Vaso 9,19,9,132.88,2365.0,32.9,93.74,9414.0,16907.0,84.0,2872.0,19042.0,7059.0,0
dia 19 - Soja Heterodera Vaso 9,19,9,133.21,2383.0,32.9,93.74,9417.0,16910.0,84.0,2872.0,19043.0,7059.0,0
dia 19 - Soja Heterodera Vaso 9,19,9,133.56,2379.0,32.9,93.74,9406.0,16923.0,85.0,2871.0,19068.0,7069.0,0
dia 19 - Soja Heterodera Vaso 9,19,9,133.84,2385.0,32.9,93.74,9443.0,16949.0,85.0,2869.0,19088.0,7078.0,0
dia 19 - Soja Heterodera Vaso 9,19,9,134.11,2385.0,32.9,93.73,9432.0,16932.0,85.0,2873.0,19070.0,7072.0,0
dia 19 - Soja Heterodera Vaso 9,19,9,134.39,2391.0,32.9,93.74,9435.0,16931.0,84.0,2870.0,19062.0,7070.0,0
dia 19 - Soja Heterodera Vaso 9,19,9,134.67,2390.0,32.9,93.74,9435.0,16933.0,85.0,2874.0,19067.0,7025.0,0
dia 19 - Soja Heterodera Vaso 9,19,9,134.94,2407.0,32.9,93.73,9440.0,16935.0,84.0,2876.0,19060.0,7071.0,0
dia 19 - Soja Heterodera Vaso 9,19,9,135.23,2392.0,32.9,93.74,9431.0,16917.0,85.0,2876.0,19049.0,7065.0,0
dia 19 - Soja Heterodera Vaso 9,19,9,135.55,2371.0,32.9,93.74,9432.0,16911.0,85.0,2874.0,19051.0,7066.0,0
dia 19 - Soja Heterodera Vaso 9,19,9,135.86,2366.0,32.9,93.73,9434.0,16919.0,85.0,2874.0,19051.0,7066.0,0
dia 19 - Soja Heterodera Vaso 9,19,9,136.18,2392.0,32.9,93.73,9437.0,16919.0,85.0,2875.0,19051.0,7066.0,0
dia 19 - Soja Heterodera Vaso 9,19,9,136.45,2410.0,32.9,93.74,9438.0,16921.0,85.0,2874.0,19053.0,7066.0,0
dia 19 - Soja Heterodera Vaso 9,19,9,136.75,2399.0,32.9,93.74,9440.0,16921.0,85.0,2871.0,19052.0,7067.0,0
dia 19 - Soja Heterodera Vaso 9,19,9,137.08,2379.0,32.9,93.74,9442.0,16922.0,85.0,2876.0,19055.0,7067.0,0
dia 19 - Soja Heterodera Vaso 9,19,9,137.43,2410.0,32.9,93.74,9444.0,16924.0,85.0,2876.0,19053.0,7068.0,0
dia 19 - Soja Heterodera Vaso 9,19,9,137.7,2372.0,32.9,93.74,9457.0,16945.0,86.0,2878.0,19078.0,7076.0,0
dia 19 - Soja Heterodera Vaso 9,19,9,137.97,2376.0,32.9,93.74,9456.0,16940.0,84.0,2880.0,19072.0,7075.0,0
dia 19 - Soja Heterodera Vaso 9,19,9,138.24,2411.0,32.9,93.74,9458.0,16943.0,85.0,2881.0,19074.0,7030.0,0
dia 19 - Soja Heterodera Vaso 9,19,9,138.51,2380.0,32.9,93.74,9460.0,16943.0,85.0,2882.0,19074.0,7076.0,0
dia 19 - Soja Heterodera Vaso 9,19,9,138.78,2404.0,32.9,93.74,9461.0,16833.0,85.0,2882.0,19074.0,7077.0,0
dia 19 - Soja Heterodera Vaso 9,19,9,139.05,2375.0,32.9,93.73,9454.0,16928.0,85.0,2881.0,19057.0,7070.0,0
dia 19 - Soja Heterodera Vaso 9,19,9,139.37,2381.0,32.9,93.74,9455.0,16928.0,86.0,2885.0,19058.0,7026.0,0
dia 19 - Soja Heterodera Vaso 9,19,9,139.69,2388.0,32.9,93.74,9457.0,16930.0,85.0,2885.0,18952.0,7071.0,0
dia 19 - Soja Heterodera Vaso 9,19,9,140.01,2373.0,32.9,93.74,9396.0,16932.0,86.0,2886.0,19060.0,7072.0,0
dia 19 - Soja Heterodera Vaso 9,19,9,140.28,2370.0,32.9,93.74,9460.0,16932.0,86.0,2895.0,19060.0,7071.0,0
dia 19 - Soja Heterodera Vaso 9,19,9,140.6,2395.0,32.9,93.74,9462.0,16934.0,85.0,2889.0,19061.0,7049.0,0
dia 19 - Soja Heterodera Vaso 9,19,9,140.92,2409.0,32.9,93.74,9463.0,16935.0,85.0,2886.0,18942.0,7072.0,0
dia 19 - Soja Heterodera Vaso 9,19,9,141.25,2381.0,32.9,93.74,9466.0,16936.0,85.0,2886.0,19063.0,7073.0,0
dia 19 - Soja Heterodera Vaso 9,19,9,141.54,2399.0,32.9,93.74,9478.0,16957.0,86.0,2881.0,18970.0,7082.0,0
dia 19 - Soja Heterodera Vaso 9,19,9,141.81,2366.0,32.9,93.74,9489.0,16921.0,86.0,2887.0,19107.0,7068.0,0
dia 19 - Soja Heterodera Vaso 9,19,9,142.08,2406.0,32.9,93.74,9478.0,16951.0,85.0,2884.0,19083.0,7082.0,0
dia 19 - Soja Heterodera Vaso 9,19,9,142.35,2391.0,32.9,93.74,9480.0,16949.0,86.0,2892.0,19023.0,7081.0,0
dia 19 - Soja Heterodera Vaso 9,19,9,142.62,2373.0,32.9,93.74,9481.0,16955.0,85.0,2889.0,19084.0,7082.0,0
dia 19 - Soja Heterodera Vaso 9,19,9,142.89,2398.0,32.9,93.74,9420.0,16946.0,86.0,2896.0,19062.0,7084.0,0
dia 19 - Soja Heterodera Vaso 9,19,9,143.19,2370.0,33.0,93.73,9417.0,16947.0,86.0,2892.0,19070.0,7077.0,0
dia 19 - Soja Heterodera Vaso 9,19,9,143.61,2370.0,32.9,93.73,9480.0,16943.0,86.0,2886.0,19069.0,7077.0,0
dia 19 - Soja Heterodera Vaso 9,19,9,143.94,2322.0,32.9,93.73,9480.0,16944.0,85.0,2893.0,19073.0,7078.0,0
dia 19 - Soja Heterodera Vaso 9,19,9,144.27,2383.0,33.0,93.73,9481.0,16945.0,86.0,2893.0,19073.0,7078.0,0
dia 19 - Soja Heterodera Vaso 9,19,9,144.59,2381.0,33.0,93.74,9484.0,16947.0,85.0,2894.0,19073.0,7078.0,0
dia 19 - Soja Heterodera Vaso 9,19,9,144.89,2387.0,32.9,93.74,9485.0,16947.0,86.0,2894.0,19075.0,7080.0,0
dia 19 - Soja Heterodera Vaso 9,19,9,145.24,2390.0,33.0,93.74,9424.0,16952.0,86.0,2895.0,19075.0,7080.0,0
dia 19 - Soja Heterodera Vaso 9,19,9,145.57,2351.0,33.0,93.74,9502.0,16973.0,86.0,2892.0,19101.0,7089.0,0
dia 19 - Soja Heterodera Vaso 9,19,9,145.84,2393.0,33.0,93.74,9512.0,16831.0,86.0,2897.0,19105.0,7079.0,0
dia 19 - Soja Heterodera Vaso 9,19,9,146.12,2382.0,33.0,93.74,9499.0,16970.0,86.0,2896.0,19096.0,7089.0,0
dia 19 - Soja Heterodera Vaso 9,19,9,146.4,2387.0,33.0,93.74,9502.0,16963.0,86.0,2899.0,19098.0,7088.0,0
dia 19 - Soja Heterodera Vaso 9,19,9,146.68,2395.0,33.0,93.74,9438.0,16963.0,86.0,2900.0,19098.0,7089.0,0
dia 19 - Soja Heterodera Vaso 9,19,9,146.95,2383.0,33.0,93.74,9506.0,16975.0,86.0,2900.0,19105.0,7048.0,0
dia 19 - Soja Heterodera Vaso 9,19,9,147.24,2389.0,33.0,93.74,9508.0,16976.0,86.0,2899.0,19106.0,7093.0,0
dia 19 - Soja Heterodera Vaso 9,19,9,147.52,2381.0,33.0,93.74,9498.0,16958.0,86.0,2896.0,19083.0,7084.0,0
dia 19 - Soja Heterodera Vaso 9,19,9,147.83,2408.0,33.0,93.74,9501.0,16959.0,86.0,2894.0,19085.0,7085.0,0
dia 19 - Soja Heterodera Vaso 9,19,9,148.16,2379.0,33.0,93.74,9501.0,16958.0,86.0,2895.0,19087.0,7086.0,0
dia 19 - Soja Heterodera Vaso 9,19,9,148.47,2361.0,33.0,93.74,9502.0,16961.0,86.0,2894.0,19087.0,7086.0,0
dia 19 - Soja Heterodera Vaso 9,19,9,148.74,2367.0,33.0,93.74,9504.0,16961.0,86.0,2898.0,19090.0,7087.0,0
dia 19 - Soja Heterodera Vaso 9,19,9,149.05,2363.0,33.0,93.74,9507.0,16963.0,86.0,2899.0,19089.0,7087.0,0
dia 19 - Soja Heterodera Vaso 9,19,9,149.38,2385.0,33.0,93.73,9507.0,16963.0,86.0,2899.0,19091.0,7088.0,0
dia 19 - Soja Heterodera Vaso 9,19,9,149.72,2383.0,33.0,93.74,9507.0,16965.0,86.0,2901.0,19076.0,7068.0,0
dia 19 - Soja Heterodera Vaso 9,19,9,150.0,2425.0,33.0,93.75,9520.0,16986.0,86.0,2903.0,19115.0,7097.0,0
dia 19 - Soja Heterodera Vaso 9,19,9,150.27,2374.0,33.0,93.73,9520.0,16984.0,86.0,2902.0,19111.0,7096.0,0
dia 19 - Soja Heterodera Vaso 9,19,9,150.53,2372.0,33.0,93.73,9521.0,16984.0,86.0,2908.0,19111.0,7050.0,0
dia 19 - Soja Heterodera Vaso 9,19,9,150.8,2394.0,33.0,93.75,9522.0,16983.0,86.0,2908.0,19110.0,7096.0,0
dia 19 - Soja Heterodera Vaso 9,19,9,151.07,2382.0,33.0,93.74,9459.0,16986.0,87.0,2908.0,19111.0,7097.0,0
dia 19 - Soja Heterodera Vaso 9,19,9,151.33,2402.0,33.0,93.74,9515.0,16970.0,87.0,2909.0,19096.0,7090.0,0
dia 19 - Soja Heterodera Vaso 9,19,9,151.66,2387.0,33.0,93.74,9517.0,16972.0,86.0,2907.0,19097.0,7092.0,0
dia 19 - Soja Heterodera Vaso 9,19,9,151.98,2368.0,33.0,93.74,9516.0,16868.0,86.0,2904.0,19098.0,7091.0,0
dia 19 - Soja Heterodera Vaso 9,19,9,152.29,2383.0,33.0,93.74,9517.0,16885.0,86.0,2905.0,19098.0,7091.0,0
dia 19 - Soja Heterodera Vaso 9,19,9,152.56,2399.0,33.0,93.74,9519.0,16973.0,87.0,2904.0,19099.0,7092.0,0
dia 19 - Soja Heterodera Vaso 9,19,9,152.86,2372.0,33.0,93.74,9521.0,16975.0,86.0,2906.0,19100.0,7093.0,0
dia 19 - Soja Heterodera Vaso 9,19,9,153.19,2374.0,33.1,93.74,9520.0,16974.0,86.0,2903.0,19100.0,7046.0,0
dia 19 - Soja Heterodera Vaso 9,19,9,153.52,2338.0,33.0,93.74,9493.0,16963.0,86.0,2905.0,19099.0,7093.0,0
dia 19 - Soja Heterodera Vaso 9,19,9,153.81,2369.0,33.0,93.74,9534.0,16996.0,86.0,2907.0,19124.0,7101.0,0
dia 19 - Soja Heterodera Vaso 9,19,9,154.08,2404.0,33.1,93.74,9534.0,16995.0,87.0,2907.0,19121.0,7101.0,0
dia 19 - Soja Heterodera Vaso 9,19,9,154.36,2406.0,33.1,93.74,9534.0,16991.0,87.0,2912.0,19124.0,7101.0,0
dia 19 - Soja Heterodera Vaso 9,19,9,154.63,2394.0,33.1,93.74,9535.0,16971.0,87.0,2909.0,19126.0,7056.0,0
dia 19 - Soja Heterodera Vaso 9,19,9,154.91,2374.0,33.1,93.74,9535.0,16990.0,86.0,2910.0,19126.0,7103.0,0
dia 19 - Soja Heterodera Vaso 9,19,9,155.18,2373.0,33.1,93.74,9535.0,16996.0,86.0,2913.0,19126.0,7102.0,0
dia 19 - Soja Heterodera Vaso 9,19,9,155.47,2412.0,33.1,93.75,9473.0,16981.0,86.0,2913.0,19105.0,7096.0,0
dia 19 - Soja Heterodera Vaso 9,19,9,155.79,2386.0,33.1,93.74,9530.0,16982.0,86.0,2909.0,19107.0,7095.0,0
dia 19 - Soja Heterodera Vaso 9,19,9,156.13,2370.0,33.1,93.74,9529.0,16982.0,86.0,2909.0,19108.0,7095.0,0
dia 19 - Soja Heterodera Vaso 9,19,9,156.46,2382.0,33.1,93.74,9530.0,16983.0,86.0,2908.0,19108.0,7095.0,0
dia 19 - Soja Heterodera Vaso 9,19,9,156.76,2393.0,33.1,93.74,9531.0,16984.0,87.0,2907.0,19109.0,7096.0,0
dia 19 - Soja Heterodera Vaso 9,19,9,157.07,2372.0,33.1,93.74,9532.0,16984.0,87.0,2909.0,19110.0,7095.0,0
dia 19 - Soja Heterodera Vaso 9,19,9,157.42,2385.0,33.1,93.74,9472.0,16988.0,86.0,2908.0,19111.0,7096.0,0
dia 19 - Soja Heterodera Vaso 9,19,9,157.75,2385.0,33.1,93.74,9547.0,17009.0,87.0,2904.0,19134.0,7104.0,0
dia 19 - Soja Heterodera Vaso 9,19,9,158.03,2401.0,33.1,93.74,9556.0,17024.0,87.0,2909.0,19151.0,7085.0,0
dia 19 - Soja Heterodera Vaso 9,19,9,158.29,2387.0,33.1,93.74,9545.0,17003.0,87.0,2913.0,19130.0,7104.0,0
dia 19 - Soja Heterodera Vaso 9,19,9,158.56,2378.0,33.1,93.74,9546.0,17005.0,87.0,2913.0,19131.0,7104.0,0
dia 19 - Soja Heterodera Vaso 9,19,9,158.93,2393.0,33.1,93.74,9547.0,17005.0,87.0,2912.0,19059.0,7101.0,0
dia 19 - Soja Heterodera Vaso 9,19,9,159.21,2368.0,33.1,93.74,9548.0,17006.0,87.0,2917.0,19133.0,7105.0,0
dia 19 - Soja Heterodera Vaso 9,19,9,159.48,2389.0,33.1,93.74,9537.0,17007.0,87.0,2913.0,19116.0,7098.0,0
dia 19 - Soja Heterodera Vaso 9,19,9,159.8,2387.0,33.1,93.74,9541.0,16992.0,87.0,2914.0,19118.0,7098.0,0
dia 19 - Soja Heterodera Vaso 9,19,9,160.14,2379.0,33.1,93.74,9542.0,16992.0,87.0,2912.0,19120.0,7098.0,0
dia 19 - Soja Heterodera Vaso 9,19,9,160.5,2413.0,33.1,93.74,9542.0,17008.0,87.0,2896.0,19127.0,7107.0,0
dia 19 - Soja Heterodera Vaso 9,19,9,160.8,2378.0,33.1,93.74,9539.0,16996.0,86.0,2906.0,19120.0,7099.0,0
dia 19 - Soja Heterodera Vaso 9,19,9,161.14,2348.0,33.1,93.74,9544.0,16995.0,87.0,2907.0,19122.0,7098.0,0
dia 19 - Soja Heterodera Vaso 9,19,9,161.46,2363.0,33.1,93.74,9545.0,16997.0,87.0,2910.0,19122.0,7099.0,0
dia 19 - Soja Heterodera Vaso 9,19,9,161.77,2380.0,33.1,93.74,9557.0,17015.0,87.0,2914.0,19144.0,7106.0,0
dia 19 - Soja Heterodera Vaso 9,19,9,162.04,2374.0,33.1,93.74,9507.0,17036.0,87.0,2915.0,19166.0,7116.0,0
dia 19 - Soja Heterodera Vaso 9,19,9,162.32,2395.0,33.1,93.73,9559.0,17018.0,87.0,2917.0,19019.0,7106.0,0
dia 19 - Soja Heterodera Vaso 9,19,9,162.6,2345.0,33.2,93.74,9558.0,17017.0,87.0,2917.0,19128.0,7109.0,0
dia 19 - Soja Heterodera Vaso 9,19,9,162.88,2372.0,33.2,93.74,9560.0,17017.0,87.0,2915.0,19142.0,7107.0,0
dia 19 - Soja Heterodera Vaso 9,19,9,163.15,2356.0,33.2,93.74,9558.0,17016.0,87.0,2917.0,19027.0,7107.0,0
dia 19 - Soja Heterodera Vaso 9,19,9,163.42,2362.0,33.2,93.74,9551.0,17002.0,87.0,2916.0,19127.0,7101.0,0
dia 19 - Soja Heterodera Vaso 9,19,9,163.75,2370.0,33.2,93.74,9551.0,16892.0,87.0,2916.0,19127.0,7102.0,0
dia 19 - Soja Heterodera Vaso 9,19,9,164.1,2378.0,33.2,93.74,9551.0,17000.0,86.0,2915.0,19127.0,7100.0,0
dia 19 - Soja Heterodera Vaso 9,19,9,164.44,2376.0,33.2,93.75,9552.0,17002.0,87.0,2916.0,19126.0,7100.0,0
dia 19 - Soja Heterodera Vaso 9,19,9,164.76,2385.0,33.2,93.74,9555.0,17003.0,87.0,2915.0,19128.0,7100.0,0
dia 19 - Soja Heterodera Vaso 9,19,9,165.06,2370.0,33.2,93.74,9553.0,17002.0,87.0,2917.0,19127.0,7101.0,0
dia 19 - Soja Heterodera Vaso 9,19,9,165.4,2431.0,33.2,93.74,9555.0,16893.0,87.0,2917.0,19128.0,7100.0,0
dia 19 - Soja Heterodera Vaso 9,19,9,165.74,2363.0,33.2,93.74,9567.0,17026.0,87.0,2910.0,19151.0,7109.0,0
dia 19 - Soja Heterodera Vaso 9,19,9,166.01,2378.0,33.2,93.74,9578.0,16931.0,87.0,2915.0,19111.0,7068.0,0
dia 19 - Soja Heterodera Vaso 9,19,9,166.28,2386.0,33.2,93.74,9565.0,17022.0,87.0,2915.0,19150.0,7106.0,0
dia 19 - Soja Heterodera Vaso 9,19,9,166.56,2391.0,33.2,93.74,9567.0,17025.0,87.0,2917.0,19151.0,7108.0,0
dia 19 - Soja Heterodera Vaso 9,19,9,166.83,2383.0,33.2,93.73,9567.0,16917.0,87.0,2923.0,19150.0,7107.0,0
dia 19 - Soja Heterodera Vaso 9,19,9,167.1,2376.0,33.2,93.74,9568.0,17024.0,87.0,2920.0,19151.0,7107.0,0
dia 19 - Soja Heterodera Vaso 9,19,9,167.39,2377.0,33.2,93.74,9560.0,17009.0,87.0,2918.0,19135.0,7101.0,0
dia 19 - Soja Heterodera Vaso 9,19,9,167.72,2393.0,33.2,93.74,9562.0,17010.0,87.0,2917.0,19135.0,7101.0,0
dia 19 - Soja Heterodera Vaso 9,19,9,168.05,2368.0,33.2,93.74,9562.0,17011.0,87.0,2917.0,19019.0,7101.0,0
dia 19 - Soja Heterodera Vaso 9,19,9,168.38,2379.0,33.2,93.74,9563.0,17012.0,87.0,2916.0,19136.0,7102.0,0
dia 19 - Soja Heterodera Vaso 9,19,9,168.69,2406.0,33.2,93.74,9564.0,17012.0,86.0,2915.0,19138.0,7102.0,0
dia 19 - Soja Heterodera Vaso 9,19,9,169.01,2392.0,33.2,93.74,9564.0,17013.0,87.0,2912.0,19138.0,7102.0,0
dia 19 - Soja Heterodera Vaso 9,19,9,169.33,2385.0,33.2,93.74,9561.0,17015.0,88.0,2918.0,19138.0,7102.0,0
dia 19 - Soja Heterodera Vaso 9,19,9,169.7,2371.0,33.2,93.74,9580.0,17039.0,88.0,2908.0,19065.0,7110.0,0
dia 19 - Soja Heterodera Vaso 9,19,9,169.97,2401.0,33.2,93.74,9590.0,17055.0,88.0,2902.0,19183.0,7119.0,0
dia 19 - Soja Heterodera Vaso 9,19,9,170.25,2392.0,33.2,93.74,9578.0,17036.0,87.0,2897.0,19161.0,7112.0,0
dia 19 - Soja Heterodera Vaso 9,19,9,170.52,2394.0,33.2,93.74,9580.0,16925.0,87.0,2898.0,19163.0,7113.0,0
dia 19 - Soja Heterodera Vaso 9,19,9,170.79,2376.0,33.2,93.74,9580.0,17035.0,87.0,2900.0,19161.0,7110.0,0
dia 19 - Soja Heterodera Vaso 9,19,9,171.07,2395.0,33.2,93.74,9580.0,17035.0,88.0,2906.0,19162.0,7111.0,0
dia 19 - Soja Heterodera Vaso 9,19,9,171.35,2370.0,33.3,93.74,9516.0,17020.0,88.0,2911.0,19138.0,7103.0,0
dia 19 - Soja Heterodera Vaso 9,19,9,171.65,2370.0,33.3,93.74,9552.0,17010.0,87.0,2913.0,19146.0,7104.0,0
dia 19 - Soja Heterodera Vaso 9,19,9,171.98,2402.0,33.3,93.74,9573.0,17021.0,88.0,2910.0,19145.0,7105.0,0
dia 19 - Soja Heterodera Vaso 9,19,9,172.31,2409.0,33.3,93.73,9574.0,17022.0,87.0,2914.0,19147.0,7105.0,0
dia 19 - Soja Heterodera Vaso 9,19,9,172.62,2382.0,33.3,93.74,9574.0,17024.0,88.0,2915.0,19149.0,7105.0,0
dia 19 - Soja Heterodera Vaso 9,19,9,172.92,2376.0,33.3,93.73,9576.0,17023.0,87.0,2917.0,19148.0,7106.0,0
dia 19 - Soja Heterodera Vaso 9,19,9,173.25,2396.0,33.3,93.74,9576.0,17024.0,87.0,2919.0,19149.0,7106.0,0
dia 19 - Soja Heterodera Vaso 9,19,9,173.59,2387.0,33.3,93.74,9576.0,16915.0,88.0,2917.0,19149.0,7106.0,0
dia 19 - Soja Heterodera Vaso 9,19,9,173.87,2402.0,33.3,93.74,9590.0,17045.0,88.0,2920.0,19172.0,7114.0,0
dia 19 - Soja Heterodera Vaso 9,19,9,174.14,2378.0,33.3,93.74,9589.0,17043.0,87.0,2923.0,19178.0,7113.0,0
dia 19 - Soja Heterodera Vaso 9,19,9,174.41,2382.0,33.3,93.75,9590.0,16938.0,88.0,2919.0,19174.0,7114.0,0
dia 19 - Soja Heterodera Vaso 9,19,9,174.69,2397.0,33.3,93.74,9590.0,17045.0,88.0,2926.0,19170.0,7114.0,0
dia 19 - Soja Heterodera Vaso 9,19,9,174.96,2393.0,33.3,93.74,9591.0,17047.0,88.0,2927.0,19171.0,7114.0,0
dia 19 - Soja Heterodera Vaso 9,19,9,175.22,2369.0,33.3,93.74,9590.0,17040.0,88.0,2925.0,19087.0,7108.0,0
dia 19 - Soja Heterodera Vaso 9,19,9,175.53,2392.0,33.3,93.74,9583.0,17032.0,87.0,2922.0,19033.0,7109.0,0
dia 19 - Soja Heterodera Vaso 9,19,9,175.85,2422.0,33.3,93.74,9520.0,17035.0,88.0,2917.0,19158.0,7108.0,0
dia 19 - Soja Heterodera Vaso 9,19,9,176.16,2383.0,33.3,93.74,9585.0,17035.0,87.0,2919.0,19157.0,7109.0,0
dia 19 - Soja Heterodera Vaso 9,19,9,176.48,2391.0,33.3,93.74,9587.0,17035.0,87.0,2923.0,19160.0,7109.0,0
dia 19 - Soja Heterodera Vaso 9,19,9,176.79,2393.0,33.3,93.74,9588.0,17036.0,87.0,2918.0,19159.0,7109.0,0
dia 19 - Soja Heterodera Vaso 9,19,9,177.12,2414.0,33.3,93.74,9589.0,17037.0,87.0,2923.0,19162.0,7110.0,0
dia 19 - Soja Heterodera Vaso 9,19,9,177.45,2403.0,33.3,93.74,9589.0,17038.0,88.0,2925.0,19161.0,7110.0,0
dia 19 - Soja Heterodera Vaso 9,19,9,177.73,2368.0,33.3,93.74,9602.0,17060.0,88.0,2925.0,19185.0,7119.0,0
dia 19 - Soja Heterodera Vaso 9,19,9,178.01,2391.0,33.3,93.74,9541.0,17060.0,88.0,2926.0,19183.0,7119.0,0
dia 19 - Soja Heterodera Vaso 9,19,9,178.28,2394.0,33.3,93.74,9604.0,17057.0,88.0,2930.0,19177.0,7117.0,0
dia 19 - Soja Heterodera Vaso 9,19,9,178.57,2399.0,33.3,93.74,9576.0,17061.0,88.0,2929.0,19187.0,7119.0,0
dia 19 - Soja Heterodera Vaso 9,19,9,178.84,2383.0,33.3,93.73,9604.0,17015.0,88.0,2929.0,19185.0,7120.0,0
dia 19 - Soja Heterodera Vaso 9,19,9,179.12,2366.0,33.3,93.74,9594.0,16923.0,88.0,2930.0,19165.0,7112.0,0
dia 19 - Soja Heterodera Vaso 9,19,9,179.43,2399.0,33.3,93.74,9596.0,16953.0,88.0,2928.0,19168.0,7113.0,0
dia 19 - Soja Heterodera Vaso 9,19,9,179.75,2402.0,33.3,93.74,9596.0,17044.0,87.0,2927.0,19170.0,7114.0,0
dia 19 - Soja Heterodera Vaso 9,19,9,180.07,2388.0,33.4,93.74,9597.0,17046.0,88.0,2933.0,19168.0,7113.0,0
dia 19 - Soja Heterodera Vaso 9,19,9,180.35,2396.0,33.4,93.74,9598.0,16940.0,88.0,2929.0,19170.0,7114.0,0
dia 19 - Soja Heterodera Vaso 9,19,9,180.76,2382.0,33.4,93.74,9536.0,17049.0,88.0,2926.0,19171.0,7114.0,0
dia 19 - Soja Heterodera Vaso 9,19,9,181.08,2388.0,33.4,93.74,9600.0,17048.0,88.0,2929.0,19174.0,7115.0,0
dia 19 - Soja Heterodera Vaso 9,19,9,181.42,2362.0,33.4,93.74,9600.0,17049.0,88.0,2928.0,19173.0,7114.0,0
dia 19 - Soja Heterodera Vaso 9,19,9,181.7,2401.0,33.4,93.74,9599.0,17069.0,88.0,2933.0,19195.0,7123.0,0
dia 19 - Soja Heterodera Vaso 9,19,9,181.98,2392.0,33.4,93.73,9616.0,17068.0,87.0,2933.0,19194.0,7076.0,0
dia 19 - Soja Heterodera Vaso 9,19,9,182.26,2422.0,33.4,93.74,9614.0,17018.0,88.0,2933.0,19197.0,7124.0,0
dia 19 - Soja Heterodera Vaso 9,19,9,182.54,2386.0,33.4,93.74,9614.0,17071.0,88.0,2932.0,19198.0,7124.0,0
dia 19 - Soja Heterodera Vaso 9,19,9,182.81,2393.0,33.4,93.74,9614.0,16957.0,88.0,2935.0,19196.0,7123.0,0
dia 19 - Soja Heterodera Vaso 9,19,9,183.1,2368.0,33.4,93.74,9617.0,17074.0,88.0,2936.0,19200.0,7114.0,0
dia 19 - Soja Heterodera Vaso 9,19,9,183.37,2367.0,33.4,93.73,9606.0,17055.0,88.0,2936.0,19178.0,7117.0,0
dia 19 - Soja Heterodera Vaso 9,19,9,183.67,2379.0,33.4,93.73,9607.0,17054.0,88.0,2934.0,19179.0,7118.0,0
dia 19 - Soja Heterodera Vaso 9,19,9,184.0,2368.0,33.4,93.73,9608.0,17055.0,87.0,2933.0,19180.0,7117.0,0
dia 19 - Soja Heterodera Vaso 9,19,9,184.35,2384.0,33.4,93.74,9545.0,17058.0,88.0,2930.0,19180.0,7117.0,0
dia 19 - Soja Heterodera Vaso 9,19,9,184.66,2384.0,33.4,93.73,9550.0,17057.0,88.0,2933.0,19181.0,7117.0,0
dia 19 - Soja Heterodera Vaso 9,19,9,184.96,2385.0,33.4,93.74,9547.0,17058.0,88.0,2927.0,19183.0,7118.0,0
dia 19 - Soja Heterodera Vaso 9,19,9,185.28,2392.0,33.4,93.74,9611.0,17057.0,88.0,2929.0,19183.0,7118.0,0
dia 19 - Soja Heterodera Vaso 9,19,9,185.63,2419.0,33.4,93.74,9623.0,17078.0,88.0,2927.0,19206.0,7128.0,0
dia 19 - Soja Heterodera Vaso 9,19,9,185.9,2402.0,33.4,93.74,9624.0,17080.0,88.0,2930.0,19211.0,7128.0,0
dia 19 - Soja Heterodera Vaso 9,19,9,186.17,2411.0,33.4,93.74,9623.0,17076.0,88.0,2930.0,19203.0,7080.0,0
dia 19 - Soja Heterodera Vaso 9,19,9,186.44,2372.0,33.4,93.73,9623.0,17077.0,88.0,2931.0,19204.0,7126.0,0
dia 19 - Soja Heterodera Vaso 9,19,9,186.71,2377.0,33.4,93.74,9561.0,17078.0,88.0,2932.0,19203.0,7127.0,0
dia 19 - Soja Heterodera Vaso 9,19,9,186.98,2382.0,33.4,93.74,9625.0,17079.0,88.0,2931.0,19202.0,7128.0,0
dia 19 - Soja Heterodera Vaso 9,19,9,187.26,2403.0,33.4,93.74,9618.0,17064.0,88.0,2935.0,19188.0,7120.0,0
dia 19 - Soja Heterodera Vaso 9,19,9,187.57,2379.0,33.4,93.74,9617.0,17066.0,89.0,2927.0,19189.0,7121.0,0
dia 19 - Soja Heterodera Vaso 9,19,9,187.9,2371.0,33.4,93.74,9618.0,17065.0,88.0,2934.0,19190.0,7121.0,0
dia 19 - Soja Heterodera Vaso 9,19,9,188.24,2383.0,33.4,93.74,9555.0,17068.0,88.0,2934.0,19189.0,7121.0,0
dia 19 - Soja Heterodera Vaso 9,19,9,188.55,2376.0,33.4,93.74,9560.0,17067.0,88.0,2928.0,19190.0,7121.0,0
dia 19 - Soja Heterodera Vaso 9,19,9,188.85,2390.0,33.4,93.74,9560.0,17067.0,88.0,2930.0,19191.0,7121.0,0
dia 19 - Soja Heterodera Vaso 9,19,9,189.17,2369.0,33.5,93.73,9599.0,17068.0,89.0,2929.0,19193.0,7122.0,0
dia 19 - Soja Heterodera Vaso 9,19,9,189.52,2400.0,33.5,93.74,9633.0,17088.0,88.0,2929.0,19215.0,7130.0,0
dia 19 - Soja Heterodera Vaso 9,19,9,189.79,2375.0,33.5,93.74,9634.0,17088.0,89.0,2929.0,19219.0,7130.0,0
dia 19 - Soja Heterodera Vaso 9,19,9,190.08,2368.0,33.5,93.74,9636.0,17087.0,88.0,2931.0,19096.0,7129.0,0
dia 19 - Soja Heterodera Vaso 9,19,9,190.35,2388.0,33.5,93.73,9623.0,17063.0,88.0,2933.0,19185.0,7127.0,0
dia 19 - Soja Heterodera Vaso 9,19,9,190.62,2382.0,33.5,93.74,9632.0,17086.0,88.0,2933.0,19212.0,7128.0,0
dia 19 - Soja Heterodera Vaso 9,19,9,190.89,2357.0,33.5,93.74,9633.0,17047.0,88.0,2933.0,19175.0,7129.0,0
dia 19 - Soja Heterodera Vaso 9,19,9,191.18,2393.0,33.5,93.73,9622.0,17073.0,88.0,2933.0,19198.0,7123.0,0
dia 19 - Soja Heterodera Vaso 9,19,9,191.6,2390.0,33.5,93.73,9626.0,17073.0,88.0,2930.0,19069.0,7124.0,0
dia 19 - Soja Heterodera Vaso 9,19,9,191.95,2353.0,33.5,93.74,9627.0,17072.0,88.0,2932.0,19197.0,7122.0,0
dia 19 - Soja Heterodera Vaso 9,19,9,192.28,2379.0,33.5,93.74,9628.0,17074.0,88.0,2931.0,19199.0,7123.0,0
dia 19 - Soja Heterodera Vaso 9,19,9,192.58,2374.0,33.5,93.73,9630.0,17075.0,88.0,2933.0,19200.0,7123.0,0
dia 19 - Soja Heterodera Vaso 9,19,9,192.9,2378.0,33.5,93.74,9630.0,17075.0,88.0,2933.0,19200.0,7123.0,0
dia 19 - Soja Heterodera Vaso 9,19,9,193.22,2391.0,33.5,93.74,9630.0,17077.0,88.0,2934.0,19201.0,7124.0,0
dia 19 - Soja Heterodera Vaso 9,19,9,193.58,2381.0,33.5,93.74,9617.0,17100.0,88.0,2932.0,19224.0,7132.0,0
dia 19 - Soja Heterodera Vaso 9,19,9,193.86,2370.0,33.5,93.74,9654.0,17115.0,88.0,2938.0,19117.0,7116.0,0
dia 19 - Soja Heterodera Vaso 9,19,9,194.14,2382.0,33.5,93.74,9643.0,17088.0,88.0,2935.0,19210.0,7130.0,0
dia 19 - Soja Heterodera Vaso 9,19,9,194.42,2357.0,33.5,93.74,9640.0,17091.0,88.0,2935.0,19224.0,7130.0,0
dia 19 - Soja Heterodera Vaso 9,19,9,194.7,2384.0,33.5,93.74,9582.0,17095.0,88.0,2936.0,19224.0,7131.0,0
dia 19 - Soja Heterodera Vaso 9,19,9,194.97,2390.0,33.5,93.74,9647.0,17098.0,89.0,2934.0,19219.0,7132.0,0
dia 19 - Soja Heterodera Vaso 9,19,9,195.26,2363.0,33.5,93.73,9635.0,17081.0,88.0,2931.0,19207.0,7125.0,0
dia 19 - Soja Heterodera Vaso 9,19,9,195.58,2380.0,33.5,93.74,9637.0,17081.0,88.0,2933.0,19205.0,7125.0,0
dia 19 - Soja Heterodera Vaso 9,19,9,195.9,2378.0,33.5,93.74,9637.0,17082.0,89.0,2932.0,19087.0,7124.0,0
dia 19 - Soja Heterodera Vaso 9,19,9,196.25,2368.0,33.5,93.73,9638.0,17083.0,89.0,2931.0,19206.0,7125.0,0
dia 19 - Soja Heterodera Vaso 9,19,9,196.55,2372.0,33.5,93.74,9639.0,17084.0,88.0,2926.0,19210.0,7126.0,0
dia 19 - Soja Heterodera Vaso 9,19,9,196.87,2374.0,33.5,93.74,9640.0,17083.0,89.0,2931.0,19209.0,7126.0,0
dia 19 - Soja Heterodera Vaso 9,19,9,197.19,2382.0,33.5,93.74,9640.0,17085.0,89.0,2932.0,19211.0,7126.0,0
dia 19 - Soja Heterodera Vaso 9,19,9,197.54,2383.0,33.6,93.74,9655.0,17108.0,88.0,2931.0,19111.0,7134.0,0
dia 19 - Soja Heterodera Vaso 9,19,9,197.82,2397.0,33.6,93.74,9664.0,17125.0,88.0,2931.0,19254.0,7142.0,0
dia 19 - Soja Heterodera Vaso 9,19,9,198.1,2394.0,33.6,93.74,9653.0,17102.0,89.0,2933.0,19231.0,7133.0,0
dia 19 - Soja Heterodera Vaso 9,19,9,198.36,2368.0,33.6,93.73,9654.0,17058.0,89.0,2935.0,19214.0,7133.0,0
dia 19 - Soja Heterodera Vaso 9,19,9,198.63,2379.0,33.6,93.73,9653.0,17104.0,89.0,2935.0,19232.0,7133.0,0
dia 19 - Soja Heterodera Vaso 9,19,9,198.9,2385.0,33.6,93.73,9655.0,17105.0,89.0,2934.0,19230.0,7132.0,0
dia 19 - Soja Heterodera Vaso 9,19,9,199.21,2365.0,33.6,93.74,9646.0,17113.0,88.0,2935.0,19215.0,7127.0,0
dia 19 - Soja Heterodera Vaso 9,19,9,199.51,2383.0,33.6,93.74,9584.0,17093.0,89.0,2934.0,19215.0,7128.0,0
dia 19 - Soja Heterodera Vaso 9,19,9,199.86,2386.0,33.6,93.74,9648.0,17091.0,88.0,2934.0,19218.0,7127.0,0
dia 19 - Soja Heterodera Vaso 9,19,9,200.22,2381.0,33.6,93.74,9584.0,17097.0,89.0,2934.0,19229.0,7133.0,0
dia 19 - Soja Heterodera Vaso 9,19,9,200.52,2412.0,33.6,93.74,9649.0,16984.0,89.0,2939.0,19217.0,7128.0,0
dia 19 - Soja Heterodera Vaso 9,19,9,200.86,2363.0,33.6,93.74,9649.0,17093.0,89.0,2933.0,19219.0,7127.0,0
dia 19 - Soja Heterodera Vaso 9,19,9,201.18,2372.0,33.6,93.74,9649.0,17094.0,89.0,2933.0,19219.0,7126.0,0
dia 19 - Soja Heterodera Vaso 9,19,9,201.49,2382.0,33.6,93.74,9663.0,17118.0,88.0,2937.0,19242.0,7136.0,0
dia 19 - Soja Heterodera Vaso 9,19,9,201.76,2382.0,33.6,93.73,9668.0,17134.0,88.0,2936.0,19263.0,7144.0,0
dia 19 - Soja Heterodera Vaso 9,19,9,202.06,2388.0,33.6,93.74,9665.0,17115.0,89.0,2937.0,19119.0,7135.0,0
dia 19 - Soja Heterodera Vaso 9,19,9,202.34,2363.0,33.6,93.74,9663.0,17118.0,89.0,2936.0,19240.0,7138.0,0
dia 19 - Soja Heterodera Vaso 9,19,9,202.61,2371.0,33.6,93.74,9665.0,17114.0,89.0,2937.0,19212.0,7136.0,0
dia 19 - Soja Heterodera Vaso 9,19,9,202.88,2407.0,33.6,93.73,9601.0,17115.0,89.0,2936.0,19236.0,7125.0,0
dia 19 - Soja Heterodera Vaso 9,19,9,203.18,2377.0,33.6,93.74,9656.0,16994.0,89.0,2938.0,19226.0,7128.0,0
dia 19 - Soja Heterodera Vaso 9,19,9,203.5,2382.0,33.6,93.74,9595.0,17100.0,89.0,2940.0,19223.0,7129.0,0
dia 19 - Soja Heterodera Vaso 9,19,9,203.83,2401.0,33.6,93.74,9657.0,17100.0,89.0,2942.0,19225.0,7129.0,0
dia 19 - Soja Heterodera Vaso 9,19,9,204.17,2373.0,33.6,93.73,9658.0,17101.0,89.0,2949.0,19224.0,7129.0,0
dia 19 - Soja Heterodera Vaso 9,19,9,204.48,2387.0,33.6,93.74,9659.0,17102.0,89.0,2944.0,19227.0,7130.0,0
dia 19 - Soja Heterodera Vaso 9,19,9,204.81,2384.0,33.6,93.74,9658.0,17100.0,88.0,2942.0,19226.0,7095.0,0
dia 19 - Soja Heterodera Vaso 9,19,9,205.13,2378.0,33.6,93.74,9612.0,17107.0,89.0,2941.0,19227.0,7129.0,0
dia 19 - Soja Heterodera Vaso 9,19,9,205.49,2378.0,33.6,93.73,9673.0,17128.0,89.0,2940.0,19251.0,7139.0,0
dia 19 - Soja Heterodera Vaso 9,19,9,205.76,2374.0,33.6,93.74,9684.0,17144.0,88.0,2942.0,19272.0,7146.0,0
dia 19 - Soja Heterodera Vaso 9,19,9,206.03,2387.0,33.7,93.74,9660.0,17123.0,89.0,2941.0,19252.0,7105.0,0
dia 19 - Soja Heterodera Vaso 9,19,9,206.31,2382.0,33.7,93.74,9675.0,17123.0,89.0,2943.0,19252.0,7139.0,0
dia 19 - Soja Heterodera Vaso 9,19,9,206.59,2342.0,33.7,93.74,9676.0,17126.0,89.0,2939.0,19246.0,7140.0,0
dia 19 - Soja Heterodera Vaso 9,19,9,206.87,2357.0,33.7,93.74,9675.0,17128.0,89.0,2949.0,19177.0,7141.0,0
dia 19 - Soja Heterodera Vaso 9,19,9,207.15,2378.0,33.7,93.73,9677.0,17128.0,89.0,2948.0,19253.0,7139.0,0
dia 19 - Soja Heterodera Vaso 9,19,9,207.43,2386.0,33.7,93.74,9666.0,17110.0,89.0,2947.0,19231.0,7133.0,0
dia 19 - Soja Heterodera Vaso 9,19,9,207.73,2357.0,33.7,93.73,9667.0,17107.0,89.0,2944.0,19231.0,7132.0,0
dia 19 - Soja Heterodera Vaso 9,19,9,208.06,2374.0,33.7,93.74,9666.0,17109.0,88.0,2946.0,19232.0,7132.0,0
dia 19 - Soja Heterodera Vaso 9,19,9,208.38,2410.0,33.7,93.74,9666.0,17109.0,89.0,2945.0,19231.0,7120.0,0
dia 19 - Soja Heterodera Vaso 9,19,9,208.66,2423.0,33.7,93.74,9667.0,17110.0,88.0,2946.0,19224.0,7131.0,0
dia 19 - Soja Heterodera Vaso 9,19,9,208.97,2384.0,33.7,93.74,9668.0,17111.0,89.0,2945.0,19233.0,7133.0,0
dia 19 - Soja Heterodera Vaso 9,19,9,209.32,2375.0,33.7,93.74,9669.0,17112.0,89.0,2940.0,19113.0,7132.0,0
dia 19 - Soja Heterodera Vaso 9,19,9,209.66,2404.0,33.7,93.74,9670.0,17112.0,88.0,2937.0,19236.0,7132.0,0
dia 19 - Soja Heterodera Vaso 9,19,9,209.94,2400.0,33.7,93.74,9682.0,17134.0,88.0,2940.0,19248.0,7118.0,0
dia 19 - Soja Heterodera Vaso 9,19,9,210.21,2381.0,33.7,93.73,9680.0,17130.0,89.0,2944.0,19254.0,7140.0,0
dia 19 - Soja Heterodera Vaso 9,19,9,210.48,2369.0,33.7,93.73,9681.0,17131.0,89.0,2944.0,19256.0,7140.0,0
dia 19 - Soja Heterodera Vaso 9,19,9,210.75,2365.0,33.7,93.74,9682.0,17131.0,89.0,2944.0,19137.0,7140.0,0
dia 19 - Soja Heterodera Vaso 9,19,9,211.02,2387.0,33.7,93.74,9682.0,17132.0,89.0,2942.0,19256.0,7140.0,0
dia 19 - Soja Heterodera Vaso 9,19,9,211.29,2382.0,33.7,93.74,9674.0,17117.0,88.0,2941.0,19239.0,7134.0,0
dia 19 - Soja Heterodera Vaso 9,19,9,211.6,2383.0,33.7,93.74,9676.0,17117.0,88.0,2939.0,19239.0,7133.0,0
dia 19 - Soja Heterodera Vaso 9,19,9,211.93,2386.0,33.7,93.74,9676.0,17118.0,89.0,2944.0,19241.0,7134.0,0
dia 19 - Soja Heterodera Vaso 9,19,9,212.24,2379.0,33.7,93.74,9677.0,17119.0,89.0,2945.0,19241.0,7134.0,0
dia 19 - Soja Heterodera Vaso 9,19,9,212.52,2388.0,33.7,93.73,9678.0,17119.0,88.0,2941.0,19242.0,7135.0,0
dia 19 - Soja Heterodera Vaso 9,19,9,212.82,2389.0,33.7,93.74,9615.0,17122.0,89.0,2946.0,19243.0,7135.0,0
dia 19 - Soja Heterodera Vaso 9,19,9,213.16,2378.0,33.7,93.74,9681.0,17122.0,89.0,2942.0,19246.0,7135.0,0
dia 19 - Soja Heterodera Vaso 9,19,9,213.5,2347.0,33.7,93.73,9680.0,17125.0,89.0,2943.0,19247.0,7136.0,0
dia 19 - Soja Heterodera Vaso 9,19,9,213.78,2374.0,33.7,93.74,9695.0,17145.0,90.0,2946.0,19271.0,7145.0,0
dia 19 - Soja Heterodera Vaso 9,19,9,214.05,2394.0,33.7,93.74,9636.0,17143.0,89.0,2947.0,19273.0,7144.0,0
dia 19 - Soja Heterodera Vaso 9,19,9,214.33,2393.0,33.7,93.73,9698.0,17146.0,89.0,2949.0,19268.0,7100.0,0
dia 19 - Soja Heterodera Vaso 9,19,9,214.62,2386.0,33.7,93.74,9698.0,17151.0,89.0,2946.0,19275.0,7146.0,0
dia 19 - Soja Heterodera Vaso 9,19,9,214.9,2398.0,33.7,93.74,9700.0,17149.0,90.0,2946.0,19274.0,7148.0,0
dia 19 - Soja Heterodera Vaso 9,19,9,215.18,2387.0,33.8,93.74,9666.0,17148.0,90.0,2950.0,19276.0,7149.0,0
dia 19 - Soja Heterodera Vaso 9,19,9,215.45,2385.0,33.8,93.73,9690.0,17131.0,89.0,2949.0,19256.0,7149.0,0
dia 19 - Soja Heterodera Vaso 9,19,9,215.74,2384.0,33.8,93.73,9691.0,17131.0,89.0,2945.0,19254.0,7141.0,0
dia 19 - Soja Heterodera Vaso 9,19,9,216.07,2383.0,33.8,93.74,9691.0,17132.0,89.0,2947.0,19128.0,7140.0,0
dia 19 - Soja Heterodera Vaso 9,19,9,216.41,2398.0,33.8,93.73,9692.0,17133.0,89.0,2947.0,19254.0,7141.0,0
dia 19 - Soja Heterodera Vaso 9,19,9,216.73,2388.0,33.8,93.73,9691.0,17131.0,89.0,2943.0,19256.0,7141.0,0
dia 19 - Soja Heterodera Vaso 9,19,9,217.03,2384.0,33.8,93.74,9693.0,17133.0,89.0,2942.0,19256.0,7141.0,0
dia 19 - Soja Heterodera Vaso 9,19,9,217.37,2377.0,33.8,93.74,9693.0,17134.0,89.0,2946.0,19258.0,7141.0,0
dia 19 - Soja Heterodera Vaso 9,19,9,217.7,2352.0,33.8,93.73,9693.0,17135.0,89.0,2947.0,19257.0,7107.0,0
dia 19 - Soja Heterodera Vaso 9,19,9,218.08,2376.0,33.8,93.74,9716.0,17173.0,89.0,2941.0,19300.0,7157.0,0
dia 19 - Soja Heterodera Vaso 9,19,9,218.35,2383.0,33.8,93.74,9706.0,17152.0,89.0,2949.0,19276.0,7148.0,0
dia 19 - Soja Heterodera Vaso 9,19,9,218.62,2385.0,33.8,93.73,9706.0,17153.0,89.0,2949.0,19278.0,7148.0,0
dia 19 - Soja Heterodera Vaso 9,19,9,218.9,2357.0,33.8,93.74,9705.0,17153.0,89.0,2951.0,19278.0,7149.0,0
dia 19 - Soja Heterodera Vaso 9,19,9,219.17,2382.0,33.8,93.74,9647.0,17155.0,89.0,2950.0,19278.0,7149.0,0
dia 19 - Soja Heterodera Vaso 9,19,9,219.45,2380.0,33.8,93.73,9698.0,17140.0,89.0,2949.0,19139.0,7142.0,0
dia 19 - Soja Heterodera Vaso 9,19,9,219.79,2355.0,33.8,93.74,9701.0,17138.0,88.0,2943.0,19260.0,7142.0,0
dia 19 - Soja Heterodera Vaso 9,19,9,220.12,2384.0,33.8,93.74,9700.0,17139.0,89.0,2947.0,19263.0,7142.0,0
dia 19 - Soja Heterodera Vaso 9,19,9,220.45,2441.0,33.8,93.74,9701.0,17141.0,89.0,2947.0,19263.0,7142.0,0
dia 19 - Soja Heterodera Vaso 9,19,9,220.75,2391.0,33.8,93.74,9701.0,17141.0,89.0,2953.0,19263.0,7143.0,0
dia 19 - Soja Heterodera Vaso 9,19,9,221.08,2387.0,33.8,93.74,9703.0,17141.0,89.0,2953.0,19266.0,7143.0,0
dia 19 - Soja Heterodera Vaso 9,19,9,221.4,2373.0,33.8,93.74,9702.0,17141.0,89.0,2947.0,19149.0,7143.0,0
dia 19 - Soja Heterodera Vaso 9,19,9,221.76,2385.0,33.8,93.74,9717.0,17166.0,89.0,2944.0,19288.0,7152.0,0
dia 19 - Soja Heterodera Vaso 9,19,9,222.03,2414.0,33.8,93.74,9728.0,17048.0,90.0,2946.0,19290.0,7144.0,0
dia 19 - Soja Heterodera Vaso 9,19,9,222.32,2402.0,33.8,93.74,9717.0,17137.0,90.0,2949.0,19283.0,7153.0,0
dia 19 - Soja Heterodera Vaso 9,19,9,222.6,2383.0,33.8,93.73,9717.0,17164.0,89.0,2950.0,19285.0,7153.0,0
dia 19 - Soja Heterodera Vaso 9,19,9,222.89,2388.0,33.8,93.74,9703.0,17164.0,90.0,2955.0,19257.0,7154.0,0
dia 19 - Soja Heterodera Vaso 9,19,9,223.17,2392.0,33.8,93.74,9721.0,17162.0,89.0,2953.0,19271.0,7144.0,0
dia 19 - Soja Heterodera Vaso 9,19,9,223.47,2404.0,33.8,93.74,9710.0,17148.0,89.0,2951.0,19273.0,7146.0,0
dia 19 - Soja Heterodera Vaso 9,19,9,223.8,2371.0,33.9,93.74,9710.0,17150.0,89.0,2957.0,19271.0,7146.0,0
dia 19 - Soja Heterodera Vaso 9,19,9,224.12,2382.0,33.9,93.74,9712.0,17151.0,90.0,2954.0,19273.0,7145.0,0
dia 19 - Soja Heterodera Vaso 9,19,9,224.57,2396.0,33.9,93.74,9712.0,17150.0,89.0,2947.0,19273.0,7102.0,0
dia 19 - Soja Heterodera Vaso 9,19,9,224.88,2417.0,33.9,93.74,9713.0,17151.0,90.0,2949.0,19249.0,7130.0,0
dia 19 - Soja Heterodera Vaso 9,19,9,225.22,2394.0,33.9,93.73,9713.0,17151.0,89.0,2947.0,19276.0,7146.0,0
dia 19 - Soja Heterodera Vaso 9,19,9,225.56,2387.0,33.9,93.74,9714.0,17152.0,89.0,2948.0,19275.0,7146.0,0
dia 19 - Soja Heterodera Vaso 9,19,9,225.84,2382.0,33.9,93.73,9726.0,17173.0,89.0,2949.0,19299.0,7155.0,0
dia 19 - Soja Heterodera Vaso 9,19,9,226.11,2421.0,33.9,93.74,9873.0,17427.0,91.0,2961.0,19582.0,7224.0,0
dia 19 - Soja Heterodera Vaso 9,19,9,226.37,2428.0,33.9,93.72,9885.0,17434.0,90.0,2963.0,19590.0,7275.0,0
dia 19 - Soja Heterodera Vaso 9,19,9,226.64,2461.0,33.9,93.73,9834.0,17441.0,91.0,2964.0,19596.0,7289.0,0
dia 19 - Soja Heterodera Vaso 9,19,9,226.91,2443.0,33.9,93.74,9912.0,17449.0,90.0,2966.0,19605.0,7304.0,0
dia 19 - Soja Heterodera Vaso 9,19,9,227.18,2426.0,33.9,93.74,9917.0,17439.0,91.0,2959.0,19596.0,7311.0,0
dia 19 - Soja Heterodera Vaso 9,19,9,227.48,2423.0,33.9,93.74,9923.0,17444.0,90.0,2963.0,19602.0,7324.0,0
dia 19 - Soja Heterodera Vaso 9,19,9,227.8,2428.0,33.9,93.73,9932.0,17450.0,91.0,2963.0,19609.0,7337.0,0
dia 19 - Soja Heterodera Vaso 9,19,9,228.13,2430.0,33.9,93.73,9937.0,17454.0,91.0,2965.0,19614.0,7348.0,0
dia 19 - Soja Heterodera Vaso 9,19,9,228.48,2422.0,33.9,93.74,9895.0,17461.0,90.0,2966.0,19619.0,7360.0,0
dia 19 - Soja Heterodera Vaso 9,19,9,228.79,2429.0,33.9,93.73,9881.0,17459.0,91.0,2965.0,19622.0,7368.0,0
dia 19 - Soja Heterodera Vaso 9,19,9,229.12,2452.0,33.9,93.74,9946.0,17458.0,91.0,2967.0,19624.0,7374.0,0
dia 19 - Soja Heterodera Vaso 9,19,9,229.47,2435.0,33.9,93.74,9947.0,17458.0,92.0,2965.0,19626.0,7383.0,0
dia 19 - Soja Heterodera Vaso 9,19,9,229.75,2473.0,33.9,93.73,9958.0,17479.0,91.0,2968.0,19651.0,7396.0,0
dia 19 - Soja Heterodera Vaso 9,19,9,230.02,2453.0,33.9,93.74,9910.0,17480.0,91.0,2966.0,19654.0,7399.0,0
dia 19 - Soja Heterodera Vaso 9,19,9,230.3,2419.0,33.9,93.74,9957.0,17477.0,91.0,2969.0,19647.0,7406.0,0
dia 19 - Soja Heterodera Vaso 9,19,9,230.58,2422.0,33.9,93.74,9955.0,17468.0,91.0,2970.0,19655.0,7409.0,0
dia 19 - Soja Heterodera Vaso 9,19,9,230.86,2430.0,33.9,93.73,9953.0,17472.0,91.0,2971.0,19654.0,7411.0,0
dia 19 - Soja Heterodera Vaso 9,19,9,231.14,2432.0,33.9,93.74,9950.0,17471.0,91.0,2969.0,19529.0,7413.0,0
dia 19 - Soja Heterodera Vaso 9,19,9,231.42,2426.0,33.9,93.74,9945.0,17469.0,91.0,2968.0,19658.0,7419.0,0
dia 19 - Soja Heterodera Vaso 9,19,9,231.69,2465.0,33.9,93.74,9933.0,17449.0,91.0,2971.0,19634.0,7411.0,0
dia 19 - Soja Heterodera Vaso 9,19,9,231.99,2447.0,33.9,93.74,9929.0,17446.0,91.0,2954.0,19632.0,7413.0,0
dia 19 - Soja Heterodera Vaso 9,19,9,232.35,2424.0,33.9,93.73,9923.0,17444.0,91.0,2964.0,19634.0,7396.0,0
dia 19 - Soja Heterodera Vaso 9,19,9,232.68,2440.0,33.9,93.74,9919.0,17332.0,91.0,2963.0,19633.0,7414.0,0
dia 19 - Soja Heterodera Vaso 9,19,9,232.98,2404.0,34.0,93.73,9914.0,17433.0,91.0,2964.0,19585.0,7416.0,0
dia 19 - Soja Heterodera Vaso 9,19,9,233.3,2436.0,34.0,93.74,9848.0,17437.0,91.0,2963.0,19617.0,7422.0,0
dia 19 - Soja Heterodera Vaso 9,19,9,233.64,2439.0,33.9,93.73,9904.0,17434.0,91.0,2962.0,19632.0,7417.0,0
dia 19 - Soja Heterodera Vaso 9,19,9,233.99,2427.0,34.0,93.74,9911.0,17455.0,91.0,2962.0,19656.0,7378.0,0
dia 19 - Soja Heterodera Vaso 9,19,9,234.27,2426.0,34.0,93.74,9915.0,17468.0,91.0,2963.0,19675.0,7434.0,0
dia 19 - Soja Heterodera Vaso 9,19,9,234.54,2439.0,34.0,93.74,9898.0,17442.0,91.0,2963.0,19649.0,7424.0,0
dia 19 - Soja Heterodera Vaso 9,19,9,234.81,2411.0,34.0,93.73,9894.0,17442.0,91.0,2969.0,19649.0,7379.0,0
dia 19 - Soja Heterodera Vaso 9,19,9,235.08,2432.0,34.0,93.74,9889.0,17439.0,92.0,2963.0,19649.0,7424.0,0
dia 19 - Soja Heterodera Vaso 9,19,9,235.35,2431.0,34.0,93.74,9821.0,17438.0,93.0,2968.0,19647.0,7423.0,0
dia 19 - Soja Heterodera Vaso 9,19,9,235.64,2428.0,34.0,93.73,9869.0,17318.0,94.0,2969.0,19644.0,7417.0,0
dia 19 - Soja Heterodera Vaso 9,19,9,235.96,2441.0,34.0,93.74,9803.0,17418.0,94.0,2966.0,19629.0,7416.0,0
dia 19 - Soja Heterodera Vaso 9,19,9,236.3,2448.0,34.0,93.74,9859.0,17413.0,94.0,2967.0,19631.0,7414.0,0
dia 19 - Soja Heterodera Vaso 9,19,9,236.64,2444.0,34.0,93.73,9852.0,17411.0,94.0,2968.0,19629.0,7413.0,0
dia 19 - Soja Heterodera Vaso 9,19,9,236.95,2457.0,34.0,93.73,9848.0,17408.0,94.0,2969.0,19627.0,7412.0,0
dia 19 - Soja Heterodera Vaso 9,19,9,237.29,2434.0,34.0,93.74,9834.0,17358.0,94.0,2969.0,19627.0,7411.0,0
dia 19 - Soja Heterodera Vaso 9,19,9,237.62,2439.0,34.0,93.73,9836.0,17403.0,93.0,2964.0,19626.0,7410.0,0
dia 19 - Soja Heterodera Vaso 9,19,9,237.94,2452.0,34.0,93.73,9843.0,17421.0,94.0,2961.0,19647.0,7416.0,0
dia 19 - Soja Heterodera Vaso 9,19,9,238.22,2433.0,34.0,93.74,9783.0,17408.0,93.0,2969.0,19607.0,7412.0,0
dia 19 - Soja Heterodera Vaso 9,19,9,238.49,2466.0,34.0,93.74,9833.0,17413.0,94.0,2970.0,19579.0,7404.0,0
dia 19 - Soja Heterodera Vaso 9,19,9,238.77,2453.0,34.0,93.74,9829.0,17416.0,93.0,2971.0,19647.0,7410.0,0
dia 19 - Soja Heterodera Vaso 9,19,9,239.05,2446.0,34.0,93.73,9810.0,17414.0,93.0,2971.0,19644.0,7389.0,0
dia 19 - Soja Heterodera Vaso 9,19,9,239.32,2405.0,34.0,93.74,9820.0,17409.0,93.0,2972.0,19646.0,7380.0,0
dia 19 - Soja Heterodera Vaso 9,19,9,239.63,2449.0,34.0,93.73,9807.0,17393.0,93.0,2970.0,19501.0,7400.0,0
dia 19 - Soja Heterodera Vaso 9,19,9,239.96,2442.0,34.0,93.74,9801.0,17391.0,93.0,2968.0,19623.0,7399.0,0
dia 19 - Soja Heterodera Vaso 9,19,9,240.27,2443.0,34.0,93.73,9798.0,17388.0,93.0,2971.0,19624.0,7397.0,0
dia 19 - Soja Heterodera Vaso 9,19,9,240.61,2465.0,34.0,93.73,9806.0,17389.0,94.0,2971.0,19624.0,7396.0,0
dia 19 - Soja Heterodera Vaso 9,19,9,240.91,2431.0,34.0,93.73,9788.0,17383.0,94.0,2972.0,19620.0,7393.0,0
dia 19 - Soja Heterodera Vaso 9,19,9,241.22,2426.0,34.0,93.73,9781.0,17379.0,93.0,2971.0,19620.0,7391.0,0
dia 19 - Soja Heterodera Vaso 9,19,9,241.55,2444.0,34.0,93.73,9776.0,17378.0,93.0,2969.0,19618.0,7389.0,0
dia 19 - Soja Heterodera Vaso 9,19,9,241.86,2437.0,34.0,93.74,9785.0,17396.0,93.0,2968.0,19641.0,7396.0,0
dia 19 - Soja Heterodera Vaso 9,19,9,242.15,2415.0,34.1,93.74,9765.0,17391.0,93.0,2972.0,19636.0,7396.0,0
dia 19 - Soja Heterodera Vaso 9,19,9,242.43,2446.0,34.1,93.74,9776.0,17388.0,93.0,2973.0,19639.0,7390.0,0
dia 19 - Soja Heterodera Vaso 9,19,9,242.71,2453.0,34.1,93.74,9773.0,17387.0,93.0,2974.0,19520.0,7391.0,0
dia 19 - Soja Heterodera Vaso 9,19,9,242.99,2440.0,34.1,93.74,9769.0,17374.0,94.0,2974.0,19631.0,7386.0,0
dia 19 - Soja Heterodera Vaso 9,19,9,243.26,2444.0,34.1,93.74,9766.0,17339.0,94.0,2974.0,19628.0,7387.0,0
dia 19 - Soja Heterodera Vaso 9,19,9,243.54,2443.0,34.1,93.74,9754.0,17370.0,93.0,2967.0,19618.0,7378.0,0
dia 19 - Soja Heterodera Vaso 9,19,9,243.87,2447.0,34.1,93.74,9748.0,17368.0,94.0,2970.0,19616.0,7376.0,0
dia 19 - Soja Heterodera Vaso 9,19,9,244.22,2440.0,34.1,93.74,9744.0,17366.0,94.0,2971.0,19616.0,7374.0,0
dia 19 - Soja Heterodera Vaso 9,19,9,244.56,2446.0,34.1,93.74,9739.0,17255.0,94.0,2971.0,19615.0,7372.0,0
dia 19 - Soja Heterodera Vaso 9,19,9,244.86,2435.0,34.1,93.73,9737.0,17254.0,93.0,2971.0,19617.0,7371.0,0
dia 19 - Soja Heterodera Vaso 9,19,9,245.17,2457.0,34.1,93.74,9670.0,17365.0,93.0,2972.0,19616.0,7369.0,0
dia 19 - Soja Heterodera Vaso 9,19,9,245.49,2426.0,34.1,93.74,9730.0,17365.0,93.0,2970.0,19618.0,7368.0,0
dia 19 - Soja Heterodera Vaso 9,19,9,245.85,2412.0,34.1,93.73,9741.0,17386.0,93.0,2972.0,19638.0,7374.0,0
dia 19 - Soja Heterodera Vaso 9,19,9,246.12,2425.0,34.1,93.73,9746.0,17398.0,94.0,2970.0,19658.0,7381.0,0
dia 19 - Soja Heterodera Vaso 9,19,9,246.4,2453.0,34.1,93.73,9733.0,17266.0,93.0,2973.0,19634.0,7371.0,0
dia 19 - Soja Heterodera Vaso 9,19,9,246.67,2424.0,34.1,93.74,9729.0,17376.0,94.0,2971.0,19634.0,7370.0,0
dia 19 - Soja Heterodera Vaso 9,19,9,246.94,2430.0,34.1,93.73,9726.0,17376.0,94.0,2969.0,19632.0,7369.0,0
dia 19 - Soja Heterodera Vaso 9,19,9,247.2,2434.0,34.1,93.73,9724.0,17376.0,94.0,2975.0,19511.0,7367.0,0
dia 19 - Soja Heterodera Vaso 9,19,9,247.47,2427.0,34.1,93.73,9721.0,17370.0,94.0,2976.0,19617.0,7359.0,0
dia 19 - Soja Heterodera Vaso 9,19,9,247.78,2461.0,34.1,93.73,9709.0,17358.0,93.0,2975.0,19616.0,7358.0,0
dia 19 - Soja Heterodera Vaso 9,19,9,248.1,2430.0,34.1,93.74,9707.0,17357.0,93.0,2974.0,19616.0,7356.0,0
dia 19 - Soja Heterodera Vaso 9,19,9,248.42,2425.0,34.1,93.74,9703.0,17358.0,94.0,2978.0,19617.0,7355.0,0
dia 19 - Soja Heterodera Vaso 9,19,9,248.74,2440.0,34.1,93.73,9702.0,17356.0,93.0,2975.0,19620.0,7324.0,0
dia 19 - Soja Heterodera Vaso 9,19,9,249.06,2439.0,34.1,93.74,9700.0,17251.0,94.0,2963.0,19618.0,7352.0,0
dia 19 - Soja Heterodera Vaso 9,19,9,249.38,2436.0,34.1,93.74,9646.0,17357.0,94.0,2968.0,19620.0,7351.0,0
dia 19 - Soja Heterodera Vaso 9,19,9,249.71,2442.0,34.1,93.74,9695.0,17357.0,94.0,2971.0,19619.0,7350.0,0
dia 19 - Soja Heterodera Vaso 9,19,9,249.99,2441.0,34.1,93.74,9706.0,17267.0,94.0,2974.0,19643.0,7358.0,0
dia 19 - Soja Heterodera Vaso 9,19,9,250.27,2409.0,34.1,93.74,9703.0,17352.0,94.0,2969.0,19634.0,7344.0,0
dia 19 - Soja Heterodera Vaso 9,19,9,250.54,2427.0,34.2,93.74,9702.0,17375.0,94.0,2970.0,19640.0,7354.0,0
dia 19 - Soja Heterodera Vaso 9,19,9,250.82,2429.0,34.2,93.74,9702.0,17378.0,93.0,2973.0,19642.0,7354.0,0
dia 19 - Soja Heterodera Vaso 9,19,9,251.09,2448.0,34.2,93.74,9698.0,17372.0,94.0,2973.0,19646.0,7307.0,0
dia 19 - Soja Heterodera Vaso 9,19,9,251.37,2437.0,34.2,93.74,9698.0,17373.0,94.0,2981.0,19642.0,7354.0,0
dia 19 - Soja Heterodera Vaso 9,19,9,251.65,2419.0,34.2,93.73,9685.0,17358.0,94.0,2975.0,19624.0,7345.0,0
dia 19 - Soja Heterodera Vaso 9,19,9,251.95,2428.0,34.2,93.74,9683.0,17358.0,93.0,2968.0,19623.0,7343.0,0
dia 19 - Soja Heterodera Vaso 9,19,9,252.29,2452.0,34.2,93.74,9682.0,17358.0,94.0,2971.0,19625.0,7342.0,0
dia 19 - Soja Heterodera Vaso 9,19,9,252.61,2438.0,34.2,93.74,9680.0,17358.0,94.0,2971.0,19625.0,7341.0,0
dia 19 - Soja Heterodera Vaso 9,19,9,252.89,2440.0,34.2,93.73,9678.0,17358.0,94.0,2974.0,19627.0,7341.0,0
dia 19 - Soja Heterodera Vaso 9,19,9,253.19,2434.0,34.2,93.74,9678.0,17358.0,93.0,2977.0,19625.0,7340.0,0
dia 19 - Soja Heterodera Vaso 9,19,9,253.53,2428.0,34.2,93.74,9675.0,17358.0,94.0,2971.0,19629.0,7338.0,0
dia 19 - Soja Heterodera Vaso 9,19,9,253.9,2426.0,34.2,93.73,9674.0,17373.0,93.0,2971.0,19650.0,7345.0,0
dia 19 - Soja Heterodera Vaso 9,19,9,254.17,2458.0,34.2,93.73,9684.0,17378.0,93.0,2963.0,19528.0,7345.0,0
dia 19 - Soja Heterodera Vaso 9,19,9,254.45,2439.0,34.2,93.74,9680.0,17375.0,94.0,2967.0,19647.0,7343.0,0
dia 19 - Soja Heterodera Vaso 9,19,9,254.72,2438.0,34.2,93.74,9679.0,17375.0,93.0,2961.0,19648.0,7342.0,0
dia 19 - Soja Heterodera Vaso 9,19,9,254.98,2439.0,34.2,93.74,9678.0,17374.0,94.0,2967.0,19646.0,7295.0,0
dia 19 - Soja Heterodera Vaso 9,19,9,255.35,2466.0,34.2,93.74,9675.0,17374.0,93.0,2965.0,19648.0,7340.0,0
dia 19 - Soja Heterodera Vaso 9,19,9,255.62,2443.0,34.2,93.74,9665.0,17359.0,93.0,2969.0,19629.0,7338.0,0
dia 19 - Soja Heterodera Vaso 9,19,9,255.94,2440.0,34.2,93.74,9666.0,17359.0,93.0,2967.0,19631.0,7332.0,0
dia 19 - Soja Heterodera Vaso 9,19,9,256.27,2431.0,34.2,93.74,9664.0,17359.0,94.0,2967.0,19632.0,7331.0,0
dia 19 - Soja Heterodera Vaso 9,19,9,256.61,2425.0,34.2,93.74,9662.0,17359.0,93.0,2967.0,19632.0,7330.0,0
dia 19 - Soja Heterodera Vaso 9,19,9,256.93,2465.0,34.2,93.74,9663.0,17361.0,94.0,2968.0,19633.0,7298.0,0
dia 19 - Soja Heterodera Vaso 9,19,9,257.33,2440.0,34.2,93.74,9660.0,17361.0,93.0,2966.0,19635.0,7329.0,0
dia 19 - Soja Heterodera Vaso 9,19,9,257.65,2412.0,34.2,93.73,9659.0,17362.0,93.0,2964.0,19519.0,7328.0,0
dia 19 - Soja Heterodera Vaso 9,19,9,258.01,2470.0,34.2,93.73,9670.0,17385.0,94.0,2966.0,19658.0,7335.0,0
dia 19 - Soja Heterodera Vaso 9,19,9,258.29,2423.0,34.2,93.74,9614.0,17371.0,94.0,2965.0,19615.0,7322.0,0
dia 19 - Soja Heterodera Vaso 9,19,9,258.57,2436.0,34.2,93.74,9664.0,17383.0,93.0,2967.0,19658.0,7289.0,0
dia 19 - Soja Heterodera Vaso 9,19,9,258.86,2431.0,34.2,93.74,9667.0,17381.0,94.0,2968.0,19659.0,7334.0,0
dia 19 - Soja Heterodera Vaso 9,19,9,259.14,2458.0,34.2,93.73,9665.0,17383.0,94.0,2971.0,19656.0,7334.0,0
dia 19 - Soja Heterodera Vaso 9,19,9,259.41,2448.0,34.2,93.74,9602.0,17380.0,93.0,2963.0,19660.0,7330.0,0
dia 19 - Soja Heterodera Vaso 9,19,9,259.68,2435.0,34.2,93.74,9654.0,17367.0,94.0,2967.0,19667.0,7324.0,0
dia 19 - Soja Heterodera Vaso 9,19,9,259.98,2447.0,34.2,93.74,9653.0,17367.0,93.0,2970.0,19641.0,7324.0,0
dia 19 - Soja Heterodera Vaso 9,19,9,260.32,2439.0,34.3,93.74,9652.0,17257.0,93.0,2970.0,19642.0,7323.0,0
dia 19 - Soja Heterodera Vaso 9,19,9,260.63,2430.0,34.3,93.73,9589.0,17368.0,94.0,2970.0,19644.0,7323.0,0
dia 19 - Soja Heterodera Vaso 9,19,9,260.95,2436.0,34.3,93.74,9653.0,17367.0,93.0,2969.0,19643.0,7323.0,0
dia 19 - Soja Heterodera Vaso 9,19,9,261.26,2454.0,34.3,93.74,9651.0,17366.0,93.0,2971.0,19644.0,7322.0,0
dia 19 - Soja Heterodera Vaso 9,19,9,261.62,2435.0,34.3,93.74,9648.0,17367.0,93.0,2970.0,19646.0,7321.0,0
dia 19 - Soja Heterodera Vaso 9,19,9,261.96,2440.0,34.3,93.73,9647.0,17367.0,94.0,2970.0,19579.0,7320.0,0
dia 19 - Soja Heterodera Vaso 9,19,9,262.24,2448.0,34.3,93.73,9659.0,17388.0,94.0,2971.0,19669.0,7328.0,0
dia 19 - Soja Heterodera Vaso 9,19,9,262.51,2436.0,34.3,93.74,9668.0,17404.0,94.0,2975.0,19689.0,7336.0,0
dia 19 - Soja Heterodera Vaso 9,19,9,262.78,2438.0,34.3,93.73,9657.0,17279.0,93.0,2972.0,19666.0,7327.0,0
dia 19 - Soja Heterodera Vaso 9,19,9,263.05,2475.0,34.3,93.73,9656.0,17385.0,93.0,2972.0,19666.0,7326.0,0
dia 19 - Soja Heterodera Vaso 9,19,9,263.32,2433.0,34.3,93.74,9655.0,17385.0,94.0,2971.0,19667.0,7326.0,0
dia 19 - Soja Heterodera Vaso 9,19,9,263.59,2441.0,34.3,93.73,9654.0,17385.0,94.0,2974.0,19549.0,7326.0,0
dia 19 - Soja Heterodera Vaso 9,19,9,263.87,2439.0,34.3,93.74,9646.0,17373.0,94.0,2974.0,19650.0,7319.0,0
dia 19 - Soja Heterodera Vaso 9,19,9,264.18,2459.0,34.3,93.74,9646.0,17371.0,94.0,2975.0,19651.0,7318.0,0
dia 19 - Soja Heterodera Vaso 9,19,9,264.5,2443.0,34.3,93.74,9643.0,17371.0,93.0,2973.0,19653.0,7270.0,0
dia 19 - Soja Heterodera Vaso 9,19,9,264.82,2468.0,34.3,93.74,9643.0,17262.0,94.0,2974.0,19654.0,7317.0,0
dia 19 - Soja Heterodera Vaso 9,19,9,265.13,2435.0,34.3,93.74,9642.0,17373.0,93.0,2973.0,19535.0,7316.0,0
dia 19 - Soja Heterodera Vaso 9,19,9,265.45,2426.0,34.3,93.74,9583.0,17375.0,93.0,2972.0,19655.0,7315.0,0
dia 19 - Soja Heterodera Vaso 9,19,9,265.76,2433.0,34.3,93.73,9637.0,17373.0,94.0,2963.0,19656.0,7314.0,0
dia 19 - Soja Heterodera Vaso 9,19,9,266.1,2461.0,34.3,93.74,9640.0,17373.0,94.0,2970.0,19654.0,7315.0,0
dia 19 - Soja Heterodera Vaso 9,19,9,266.38,2428.0,34.3,93.74,9651.0,17305.0,94.0,2979.0,19678.0,7322.0,0
dia 19 - Soja Heterodera Vaso 9,19,9,266.65,2422.0,34.3,93.73,9651.0,17392.0,94.0,2979.0,19679.0,7323.0,0
dia 19 - Soja Heterodera Vaso 9,19,9,266.93,2442.0,34.3,93.74,9648.0,17394.0,93.0,2979.0,19680.0,7322.0,0
dia 19 - Soja Heterodera Vaso 9,19,9,267.23,2434.0,34.3,93.74,9649.0,17394.0,94.0,2980.0,19681.0,7321.0,0
dia 19 - Soja Heterodera Vaso 9,19,9,267.51,2439.0,34.3,93.74,9591.0,17394.0,94.0,2981.0,19646.0,7313.0,0
dia 19 - Soja Heterodera Vaso 9,19,9,267.78,2438.0,34.3,93.74,9650.0,17392.0,94.0,2981.0,19683.0,7283.0,0
dia 19 - Soja Heterodera Vaso 9,19,9,268.05,2494.0,34.3,93.74,9638.0,17375.0,94.0,2981.0,19660.0,7313.0,0
dia 19 - Soja Heterodera Vaso 9,19,9,268.38,2473.0,34.3,93.74,9639.0,17377.0,93.0,2978.0,19660.0,7312.0,0
dia 19 - Soja Heterodera Vaso 9,19,9,268.7,2447.0,34.3,93.74,9637.0,17377.0,94.0,2979.0,19660.0,7271.0,0
dia 19 - Soja Heterodera Vaso 9,19,9,269.03,2445.0,34.4,93.73,9577.0,17379.0,93.0,2979.0,19662.0,7311.0,0
dia 19 - Soja Heterodera Vaso 9,19,9,269.31,2438.0,34.3,93.74,9636.0,17379.0,94.0,2980.0,19662.0,7264.0,0
dia 19 - Soja Heterodera Vaso 9,19,9,269.64,2441.0,34.3,93.74,9637.0,17283.0,94.0,2980.0,19665.0,7311.0,0
dia 19 - Soja Heterodera Vaso 9,19,9,269.97,2427.0,34.4,93.74,9636.0,17380.0,93.0,2974.0,19667.0,7310.0,0
dia 19 - Soja Heterodera Vaso 9,19,9,270.31,2434.0,34.4,93.74,9635.0,17380.0,94.0,2980.0,19666.0,7310.0,0
dia 19 - Soja Heterodera Vaso 9,19,9,270.58,2425.0,34.4,93.74,9647.0,17401.0,93.0,2981.0,19689.0,7318.0,0
dia 19 - Soja Heterodera Vaso 9,19,9,270.86,2466.0,34.4,93.74,9645.0,17398.0,94.0,2983.0,19657.0,7297.0,0
dia 19 - Soja Heterodera Vaso 9,19,9,271.12,2445.0,34.4,93.74,9645.0,17398.0,93.0,2983.0,19686.0,7316.0,0
dia 19 - Soja Heterodera Vaso 9,19,9,271.4,2479.0,34.4,93.74,9645.0,17399.0,94.0,2981.0,19687.0,7316.0,0
dia 19 - Soja Heterodera Vaso 9,19,9,271.67,2431.0,34.4,93.73,9644.0,17399.0,94.0,2981.0,19687.0,7307.0,0
dia 19 - Soja Heterodera Vaso 9,19,9,271.95,2452.0,34.4,93.74,9636.0,17384.0,94.0,2982.0,19672.0,7310.0,0
dia 19 - Soja Heterodera Vaso 9,19,9,272.28,2438.0,34.4,93.74,9636.0,17386.0,93.0,2979.0,19671.0,7264.0,0
dia 19 - Soja Heterodera Vaso 9,19,9,272.63,2468.0,34.4,93.74,9635.0,17386.0,93.0,2980.0,19674.0,7309.0,0
dia 19 - Soja Heterodera Vaso 9,19,9,272.96,2454.0,34.4,93.74,9634.0,17386.0,93.0,2978.0,19673.0,7308.0,0
dia 19 - Soja Heterodera Vaso 9,19,9,273.26,2429.0,34.4,93.74,9635.0,17387.0,94.0,2978.0,19674.0,7308.0,0
dia 19 - Soja Heterodera Vaso 9,19,9,273.58,2449.0,34.4,93.75,9634.0,17387.0,94.0,2976.0,19675.0,7308.0,0
dia 19 - Soja Heterodera Vaso 9,19,9,273.91,2445.0,34.4,93.74,9634.0,17388.0,94.0,2975.0,19675.0,7308.0,0
dia 19 - Soja Heterodera Vaso 9,19,9,274.26,2440.0,34.4,93.74,9588.0,17411.0,94.0,2976.0,19698.0,7316.0,0
dia 19 - Soja Heterodera Vaso 9,19,9,274.54,2453.0,34.4,93.74,9656.0,17428.0,94.0,2976.0,19720.0,7282.0,0
dia 19 - Soja Heterodera Vaso 9,19,9,274.81,2455.0,34.4,93.74,9646.0,17403.0,94.0,2976.0,19693.0,7314.0,0
dia 19 - Soja Heterodera Vaso 9,19,9,275.09,2450.0,34.4,93.74,9645.0,17402.0,93.0,2978.0,19700.0,7316.0,0
dia 19 - Soja Heterodera Vaso 9,19,9,275.37,2456.0,34.4,93.74,9646.0,17410.0,94.0,2978.0,19576.0,7315.0,0
dia 19 - Soja Heterodera Vaso 9,19,9,275.66,2449.0,34.4,93.74,9643.0,17410.0,94.0,2979.0,19706.0,7315.0,0
dia 19 - Soja Heterodera Vaso 9,19,9,275.93,2421.0,34.4,93.73,9642.0,17411.0,94.0,2980.0,19703.0,7316.0,0
dia 19 - Soja Heterodera Vaso 9,19,9,276.2,2469.0,34.4,93.73,9634.0,17312.0,94.0,2979.0,19682.0,7307.0,0
dia 19 - Soja Heterodera Vaso 9,19,9,276.51,2445.0,34.4,93.73,9636.0,17394.0,93.0,2977.0,19682.0,7307.0,0
dia 19 - Soja Heterodera Vaso 9,19,9,276.84,2457.0,34.4,93.74,9634.0,17395.0,93.0,2978.0,19683.0,7307.0,0
dia 19 - Soja Heterodera Vaso 9,19,9,277.16,2464.0,34.4,93.74,9633.0,17395.0,93.0,2976.0,19684.0,7307.0,0
dia 19 - Soja Heterodera Vaso 9,19,9,277.44,2462.0,34.4,93.74,9634.0,17395.0,94.0,2974.0,19684.0,7306.0,0
dia 19 - Soja Heterodera Vaso 9,19,9,277.75,2450.0,34.4,93.74,9635.0,17396.0,94.0,2979.0,19685.0,7307.0,0
dia 19 - Soja Heterodera Vaso 9,19,9,278.08,2441.0,34.4,93.74,9633.0,17396.0,94.0,2963.0,19686.0,7305.0,0
dia 19 - Soja Heterodera Vaso 9,19,9,278.42,2453.0,34.4,93.74,9633.0,17396.0,94.0,2970.0,19686.0,7305.0,0
dia 19 - Soja Heterodera Vaso 9,19,9,278.69,2440.0,34.4,93.73,9644.0,17417.0,94.0,2975.0,19709.0,7314.0,0
dia 19 - Soja Heterodera Vaso 9,19,9,278.96,2443.0,34.5,93.74,9585.0,17414.0,94.0,2978.0,19705.0,7312.0,0
dia 19 - Soja Heterodera Vaso 9,19,9,279.23,2442.0,34.5,93.73,9642.0,17414.0,94.0,2978.0,19706.0,7312.0,0
dia 19 - Soja Heterodera Vaso 9,19,9,279.51,2404.0,34.5,93.74,9642.0,17415.0,94.0,2979.0,19707.0,7312.0,0
dia 19 - Soja Heterodera Vaso 9,19,9,279.77,2462.0,34.5,93.74,9642.0,17319.0,94.0,2978.0,19709.0,7313.0,0
dia 19 - Soja Heterodera Vaso 9,19,9,280.04,2450.0,34.5,93.74,9634.0,17400.0,94.0,2977.0,19690.0,7305.0,0
dia 19 - Soja Heterodera Vaso 9,19,9,280.33,2437.0,34.5,93.74,9633.0,17401.0,94.0,2978.0,19689.0,7305.0,0
dia 19 - Soja Heterodera Vaso 9,19,9,280.66,2435.0,34.5,93.73,9633.0,17400.0,94.0,2977.0,19691.0,7304.0,0
dia 19 - Soja Heterodera Vaso 9,19,9,280.98,2454.0,34.5,93.73,9633.0,17402.0,94.0,2976.0,19690.0,7304.0,0
dia 19 - Soja Heterodera Vaso 9,19,9,281.3,2445.0,34.5,93.74,9634.0,17401.0,93.0,2976.0,19693.0,7283.0,0
dia 19 - Soja Heterodera Vaso 9,19,9,281.61,2470.0,34.5,93.74,9633.0,17402.0,94.0,2976.0,19568.0,7305.0,0
dia 19 - Soja Heterodera Vaso 9,19,9,281.95,2445.0,34.5,93.74,9633.0,17403.0,94.0,2973.0,19693.0,7303.0,0
dia 19 - Soja Heterodera Vaso 9,19,9,282.28,2456.0,34.5,93.74,9633.0,17404.0,94.0,2974.0,19691.0,7302.0,0
dia 19 - Soja Heterodera Vaso 9,19,9,282.56,2441.0,34.5,93.73,9583.0,17426.0,95.0,2975.0,19715.0,7311.0,0
dia 19 - Soja Heterodera Vaso 9,19,9,282.84,2452.0,34.5,93.74,9644.0,17429.0,94.0,2973.0,19713.0,7301.0,0
dia 19 - Soja Heterodera Vaso 9,19,9,283.11,2439.0,34.5,93.74,9645.0,17425.0,94.0,2972.0,19712.0,7311.0,0
dia 19 - Soja Heterodera Vaso 9,19,9,283.39,2452.0,34.5,93.74,9642.0,17427.0,93.0,2972.0,19626.0,7310.0,0
dia 19 - Soja Heterodera Vaso 9,19,9,283.67,2439.0,34.5,93.74,9645.0,17427.0,94.0,2973.0,19594.0,7309.0,0
dia 19 - Soja Heterodera Vaso 9,19,9,283.94,2460.0,34.5,93.74,9633.0,17408.0,93.0,2969.0,19695.0,7302.0,0
dia 19 - Soja Heterodera Vaso 9,19,9,284.25,2429.0,34.5,93.74,9634.0,17409.0,94.0,2970.0,19698.0,7303.0,0
dia 19 - Soja Heterodera Vaso 9,19,9,284.58,2467.0,34.5,93.74,9634.0,17410.0,94.0,2969.0,19613.0,7303.0,0
dia 19 - Soja Heterodera Vaso 9,19,9,284.9,2440.0,34.5,93.74,9634.0,17299.0,93.0,2971.0,19700.0,7302.0,0
dia 19 - Soja Heterodera Vaso 9,19,9,285.17,2458.0,34.5,93.74,9635.0,17411.0,94.0,2971.0,19700.0,7302.0,0
dia 19 - Soja Heterodera Vaso 9,19,9,285.47,2443.0,34.5,93.73,9635.0,17412.0,94.0,2971.0,19700.0,7302.0,0
dia 19 - Soja Heterodera Vaso 9,19,9,285.81,2446.0,34.5,93.73,9634.0,17412.0,94.0,2973.0,19589.0,7303.0,0
dia 19 - Soja Heterodera Vaso 9,19,9,286.15,2443.0,34.5,93.74,9635.0,17412.0,95.0,2968.0,19701.0,7301.0,0
dia 19 - Soja Heterodera Vaso 9,19,9,286.43,2458.0,34.5,93.74,9646.0,17433.0,94.0,2976.0,19608.0,7311.0,0
dia 19 - Soja Heterodera Vaso 9,19,9,286.7,2437.0,34.5,93.73,9645.0,17431.0,94.0,2980.0,19721.0,7309.0,0
dia 19 - Soja Heterodera Vaso 9,19,9,286.97,2449.0,34.5,93.74,9646.0,17430.0,95.0,2976.0,19722.0,7309.0,0
dia 19 - Soja Heterodera Vaso 9,19,9,287.24,2471.0,34.6,93.74,9645.0,17431.0,94.0,2980.0,19722.0,7264.0,0
dia 19 - Soja Heterodera Vaso 9,19,9,287.5,2434.0,34.5,93.74,9646.0,17427.0,95.0,2980.0,19722.0,7309.0,0
dia 19 - Soja Heterodera Vaso 9,19,9,287.79,2414.0,34.6,93.73,9637.0,17438.0,94.0,2975.0,19711.0,7303.0,0
dia 19 - Soja Heterodera Vaso 9,19,9,288.09,2458.0,34.6,93.73,9636.0,17416.0,93.0,2978.0,19706.0,7302.0,0
dia 19 - Soja Heterodera Vaso 9,19,9,288.42,2454.0,34.5,93.73,9636.0,17418.0,94.0,2977.0,19707.0,7302.0,0
dia 19 - Soja Heterodera Vaso 9,19,9,288.74,2442.0,34.6,93.74,9638.0,17434.0,94.0,2978.0,19703.0,7302.0,0
dia 19 - Soja Heterodera Vaso 9,19,9,289.01,2453.0,34.6,93.74,9639.0,17433.0,94.0,2979.0,19704.0,7302.0,0
dia 19 - Soja Heterodera Vaso 9,19,9,289.31,2442.0,34.6,93.74,9641.0,17435.0,93.0,2977.0,19703.0,7302.0,0
dia 19 - Soja Heterodera Vaso 9,19,9,289.75,2440.0,34.6,93.73,9639.0,17436.0,94.0,2974.0,19706.0,7302.0,0
dia 19 - Soja Heterodera Vaso 9,19,9,290.09,2452.0,34.6,93.74,9639.0,17436.0,93.0,2974.0,19705.0,7302.0,0
dia 19 - Soja Heterodera Vaso 9,19,9,290.37,2439.0,34.6,93.74,9651.0,17457.0,94.0,2976.0,19728.0,7310.0,0
dia 19 - Soja Heterodera Vaso 9,19,9,290.64,2429.0,34.6,93.74,9622.0,17435.0,94.0,2977.0,19730.0,7309.0,0
dia 19 - Soja Heterodera Vaso 9,19,9,290.92,2474.0,34.6,93.74,9646.0,17456.0,94.0,2978.0,19724.0,7311.0,0
dia 19 - Soja Heterodera Vaso 9,19,9,291.2,2439.0,34.6,93.74,9650.0,17459.0,94.0,2976.0,19727.0,7308.0,0
dia 19 - Soja Heterodera Vaso 9,19,9,291.48,2446.0,34.6,93.74,9652.0,17459.0,94.0,2976.0,19730.0,7308.0,0
dia 19 - Soja Heterodera Vaso 9,19,9,291.86,2472.0,34.6,93.74,9649.0,17460.0,94.0,2971.0,19606.0,7310.0,0
dia 19 - Soja Heterodera Vaso 9,19,9,292.29,2452.0,34.6,93.74,9641.0,17441.0,93.0,2970.0,19711.0,7302.0,0
dia 19 - Soja Heterodera Vaso 9,19,9,292.61,2445.0,34.6,93.74,9641.0,17442.0,94.0,2964.0,19711.0,7302.0,0
dia 19 - Soja Heterodera Vaso 9,19,9,292.92,2456.0,34.6,93.73,9643.0,17443.0,94.0,2970.0,19713.0,7302.0,0
dia 19 - Soja Heterodera Vaso 9,19,9,293.24,2426.0,34.6,93.73,9642.0,17443.0,95.0,2972.0,19712.0,7302.0,0
dia 19 - Soja Heterodera Vaso 9,19,9,293.51,2466.0,34.6,93.73,9643.0,17444.0,93.0,2974.0,19714.0,7302.0,0
dia 19 - Soja Heterodera Vaso 9,19,9,293.81,2444.0,34.6,93.74,9582.0,17446.0,94.0,2976.0,19715.0,7303.0,0
dia 19 - Soja Heterodera Vaso 9,19,9,294.15,2443.0,34.6,93.74,9643.0,17446.0,95.0,2975.0,19715.0,7302.0,0
dia 19 - Soja Heterodera Vaso 9,19,9,294.49,2413.0,34.6,93.74,9643.0,17447.0,95.0,2928.0,19716.0,7303.0,0
dia 19 - Soja Heterodera Vaso 9,19,9,294.77,2439.0,34.6,93.74,9656.0,17469.0,95.0,2967.0,19739.0,7310.0,0
dia 19 - Soja Heterodera Vaso 9,19,9,295.04,2442.0,34.6,93.74,9654.0,17359.0,94.0,2969.0,19736.0,7310.0,0
dia 19 - Soja Heterodera Vaso 9,19,9,295.3,2431.0,34.6,93.74,9655.0,17466.0,94.0,2973.0,19737.0,7310.0,0
dia 19 - Soja Heterodera Vaso 9,19,9,295.57,2453.0,34.6,93.74,9655.0,17465.0,94.0,2974.0,19737.0,7310.0,0
dia 19 - Soja Heterodera Vaso 9,19,9,295.83,2461.0,34.6,93.74,9654.0,17468.0,95.0,2975.0,19738.0,7263.0,0
dia 19 - Soja Heterodera Vaso 9,19,9,296.1,2499.0,34.6,93.74,9647.0,17454.0,94.0,2974.0,19743.0,7304.0,0
dia 19 - Soja Heterodera Vaso 9,19,9,296.42,2435.0,34.6,93.74,9647.0,17451.0,94.0,2954.0,19722.0,7303.0,0
dia 19 - Soja Heterodera Vaso 9,19,9,296.74,2427.0,34.6,93.73,9647.0,17452.0,94.0,2971.0,19723.0,7303.0,0
dia 19 - Soja Heterodera Vaso 9,19,9,297.06,2454.0,34.6,93.74,9647.0,17453.0,94.0,2970.0,19722.0,7303.0,0
dia 19 - Soja Heterodera Vaso 9,19,9,297.37,2445.0,34.6,93.74,9647.0,17453.0,94.0,2972.0,19724.0,7299.0,0
dia 19 - Soja Heterodera Vaso 9,19,9,297.69,2439.0,34.6,93.74,9647.0,17455.0,94.0,2971.0,19599.0,7304.0,0
dia 19 - Soja Heterodera Vaso 9,19,9,298.0,2471.0,34.6,93.74,9648.0,17372.0,94.0,2971.0,19728.0,7303.0,0
dia 19 - Soja Heterodera Vaso 9,19,9,298.34,2463.0,34.7,93.74,9648.0,17456.0,94.0,2970.0,19726.0,7304.0,0
dia 19 - Soja Heterodera Vaso 9,19,9,298.62,2439.0,34.7,93.73,9660.0,17477.0,94.0,2975.0,19652.0,7313.0,0
dia 19 - Soja Heterodera Vaso 9,19,9,298.89,2453.0,34.7,93.73,9661.0,17477.0,94.0,2973.0,19750.0,7311.0,0
dia 19 - Soja Heterodera Vaso 9,19,9,299.17,2428.0,34.7,93.74,9660.0,17467.0,94.0,2972.0,19740.0,7311.0,0
dia 19 - Soja Heterodera Vaso 9,19,9,299.45,2441.0,34.7,93.73,9661.0,17366.0,94.0,2974.0,19751.0,7312.0,0
dia 19 - Soja Heterodera Vaso 9,19,9,299.73,2450.0,34.7,93.73,9661.0,17474.0,94.0,2973.0,19751.0,7314.0,0
dia 19 - Soja Heterodera Vaso 9,19,9,300.0,2454.0,34.7,93.74,9662.0,17477.0,94.0,2977.0,19753.0,7313.0,0
dia 19 - Soja Heterodera Vaso 9,19,9,300.27,2451.0,34.7,93.73,9652.0,17460.0,94.0,2977.0,19755.0,7305.0,0
dia 19 - Soja Heterodera Vaso 9,19,9,300.59,2443.0,34.7,93.73,9651.0,17458.0,94.0,2973.0,19731.0,7304.0,0
dia 19 - Soja Heterodera Vaso 9,19,9,300.91,2431.0,34.7,93.74,9651.0,17457.0,94.0,2980.0,19731.0,7304.0,0
dia 19 - Soja Heterodera Vaso 9,19,9,301.23,2447.0,34.7,93.73,9650.0,17459.0,94.0,2981.0,19731.0,7305.0,0
dia 19 - Soja Heterodera Vaso 9,19,9,301.53,2448.0,34.7,93.73,9652.0,17459.0,95.0,2980.0,19732.0,7305.0,0
dia 19 - Soja Heterodera Vaso 9,19,9,301.84,2474.0,34.7,93.73,9652.0,17461.0,95.0,2979.0,19732.0,7304.0,0
dia 19 - Soja Heterodera Vaso 9,19,9,302.17,2437.0,34.7,93.73,9651.0,17459.0,94.0,2978.0,19733.0,7303.0,0
dia 19 - Soja Heterodera Vaso 9,19,9,302.52,2446.0,34.7,93.74,9652.0,17351.0,94.0,2966.0,19732.0,7303.0,0
dia 19 - Soja Heterodera Vaso 9,19,9,302.8,2463.0,34.7,93.73,9663.0,17481.0,95.0,2977.0,19756.0,7312.0,0
dia 19 - Soja Heterodera Vaso 9,19,9,303.06,2446.0,34.7,93.73,9662.0,17478.0,94.0,2981.0,19753.0,7311.0,0
dia 19 - Soja Heterodera Vaso 9,19,9,303.33,2456.0,34.7,93.73,9662.0,17368.0,94.0,2981.0,19754.0,7311.0,0
dia 19 - Soja Heterodera Vaso 9,19,9,303.6,2465.0,34.7,93.73,9663.0,17479.0,94.0,2981.0,19754.0,7311.0,0
dia 19 - Soja Heterodera Vaso 9,19,9,303.86,2438.0,34.7,93.73,9663.0,17479.0,95.0,2978.0,19753.0,7311.0,0
dia 19 - Soja Heterodera Vaso 9,19,9,304.13,2443.0,34.7,93.73,9654.0,17464.0,94.0,2978.0,19736.0,7263.0,0
dia 19 - Soja Heterodera Vaso 9,19,9,304.47,2473.0,34.7,93.74,9654.0,17467.0,94.0,2976.0,19736.0,7304.0,0
dia 19 - Soja Heterodera Vaso 9,19,9,304.82,2449.0,34.7,93.73,9655.0,17465.0,95.0,2955.0,19740.0,7304.0,0
dia 19 - Soja Heterodera Vaso 9,19,9,305.15,2452.0,34.7,93.73,9656.0,17468.0,94.0,2970.0,19740.0,7305.0,0
dia 19 - Soja Heterodera Vaso 9,19,9,305.45,2457.0,34.7,93.73,9656.0,17467.0,94.0,2975.0,19741.0,7305.0,0
dia 19 - Soja Heterodera Vaso 9,19,9,305.76,2434.0,34.7,93.74,9657.0,17469.0,95.0,2975.0,19742.0,7305.0,0
dia 19 - Soja Heterodera Vaso 9,19,9,306.11,2442.0,34.7,93.73,9658.0,17472.0,94.0,2976.0,19742.0,7305.0,0
dia 19 - Soja Heterodera Vaso 9,19,9,306.44,2433.0,34.7,93.74,9670.0,17492.0,94.0,2975.0,19765.0,7314.0,0
dia 19 - Soja Heterodera Vaso 9,19,9,306.73,2427.0,34.7,93.73,9602.0,17491.0,95.0,2976.0,19750.0,7311.0,0
dia 19 - Soja Heterodera Vaso 9,19,9,307.01,2442.0,34.8,93.73,9667.0,17491.0,95.0,2977.0,19768.0,7291.0,0
dia 19 - Soja Heterodera Vaso 9,19,9,307.28,2442.0,34.7,93.74,9671.0,17486.0,94.0,2979.0,19768.0,7314.0,0
dia 19 - Soja Heterodera Vaso 9,19,9,307.56,2445.0,34.7,93.74,9672.0,17492.0,94.0,2977.0,19764.0,7315.0,0
dia 19 - Soja Heterodera Vaso 9,19,9,307.84,2459.0,34.8,93.74,9672.0,17492.0,94.0,2982.0,19644.0,7313.0,0
dia 19 - Soja Heterodera Vaso 9,19,9,308.11,2460.0,34.8,93.74,9673.0,17487.0,96.0,2982.0,19768.0,7314.0,0
dia 19 - Soja Heterodera Vaso 9,19,9,308.4,2440.0,34.8,93.73,9662.0,17474.0,95.0,2982.0,19749.0,7308.0,0
dia 19 - Soja Heterodera Vaso 9,19,9,308.72,2430.0,34.8,93.73,9664.0,17475.0,94.0,2980.0,19750.0,7308.0,0
dia 19 - Soja Heterodera Vaso 9,19,9,309.05,2421.0,34.8,93.73,9663.0,17474.0,95.0,2978.0,19752.0,7261.0,0
dia 19 - Soja Heterodera Vaso 9,19,9,309.38,2447.0,34.8,93.73,9601.0,17476.0,94.0,2976.0,19750.0,7307.0,0
dia 19 - Soja Heterodera Vaso 9,19,9,309.68,2433.0,34.8,93.74,9664.0,17367.0,95.0,2979.0,19754.0,7308.0,0
dia 19 - Soja Heterodera Vaso 9,19,9,310.0,2448.0,34.8,93.73,9620.0,17476.0,95.0,2978.0,19752.0,7308.0,0
dia 19 - Soja Heterodera Vaso 9,19,9,310.32,2455.0,34.8,93.74,9664.0,17478.0,94.0,2973.0,19753.0,7308.0,0
dia 19 - Soja Heterodera Vaso 9,19,9,310.67,2445.0,34.8,93.73,9677.0,17499.0,94.0,2979.0,19775.0,7316.0,0
dia 19 - Soja Heterodera Vaso 9,19,9,310.95,2440.0,34.8,93.73,9687.0,17516.0,95.0,2979.0,19796.0,7324.0,0
dia 19 - Soja Heterodera Vaso 9,19,9,311.22,2444.0,34.8,93.73,9613.0,17495.0,95.0,2982.0,19772.0,7315.0,0
dia 19 - Soja Heterodera Vaso 9,19,9,311.49,2418.0,34.8,93.73,9676.0,17496.0,95.0,2986.0,19773.0,7315.0,0
dia 19 - Soja Heterodera Vaso 9,19,9,311.75,2467.0,34.8,93.73,9676.0,17497.0,94.0,2981.0,19775.0,7316.0,0
dia 19 - Soja Heterodera Vaso 9,19,9,312.02,2409.0,34.8,93.73,9677.0,17497.0,95.0,2985.0,19776.0,7280.0,0
dia 19 - Soja Heterodera Vaso 9,19,9,312.31,2452.0,34.8,93.73,9668.0,17482.0,94.0,2985.0,19758.0,7310.0,0
dia 19 - Soja Heterodera Vaso 9,19,9,312.61,2437.0,34.8,93.73,9669.0,17483.0,95.0,2983.0,19759.0,7310.0,0
dia 19 - Soja Heterodera Vaso 9,19,9,312.97,2443.0,34.8,93.73,9669.0,17485.0,94.0,2979.0,19760.0,7309.0,0
dia 19 - Soja Heterodera Vaso 9,19,9,313.32,2450.0,34.8,93.73,9668.0,17483.0,95.0,2978.0,19760.0,7309.0,0
dia 19 - Soja Heterodera Vaso 9,19,9,313.61,2421.0,34.8,93.73,9670.0,17485.0,95.0,2981.0,19761.0,7310.0,0
dia 19 - Soja Heterodera Vaso 9,19,9,313.93,2428.0,34.8,93.73,9670.0,17484.0,95.0,2981.0,19763.0,7310.0,0
dia 19 - Soja Heterodera Vaso 9,19,9,314.25,2441.0,34.8,93.74,9671.0,17485.0,95.0,2980.0,19763.0,7310.0,0
dia 19 - Soja Heterodera Vaso 9,19,9,314.6,2443.0,34.8,93.74,9685.0,17398.0,95.0,2983.0,19786.0,7318.0,0
dia 19 - Soja Heterodera Vaso 9,19,9,314.87,2462.0,34.8,93.73,9693.0,17524.0,95.0,2981.0,19806.0,7326.0,0
dia 19 - Soja Heterodera Vaso 9,19,9,315.15,2423.0,34.8,93.74,9676.0,17503.0,95.0,2982.0,19784.0,7321.0,0
dia 19 - Soja Heterodera Vaso 9,19,9,315.43,2439.0,34.8,93.74,9624.0,17499.0,94.0,2982.0,19787.0,7307.0,0
dia 19 - Soja Heterodera Vaso 9,19,9,315.71,2474.0,34.8,93.74,9681.0,17504.0,95.0,2982.0,19789.0,7293.0,0
dia 19 - Soja Heterodera Vaso 9,19,9,315.98,2450.0,34.8,93.74,9669.0,17506.0,95.0,2983.0,19786.0,7319.0,0
dia 19 - Soja Heterodera Vaso 9,19,9,316.26,2425.0,34.8,93.73,9684.0,17507.0,95.0,2975.0,19725.0,7319.0,0
dia 19 - Soja Heterodera Vaso 9,19,9,316.54,2438.0,34.8,93.73,9674.0,17396.0,94.0,2982.0,19769.0,7311.0,0
dia 19 - Soja Heterodera Vaso 9,19,9,316.85,2430.0,34.8,93.73,9674.0,17429.0,95.0,2981.0,19769.0,7312.0,0
dia 19 - Soja Heterodera Vaso 9,19,9,317.18,2416.0,34.8,93.73,9676.0,17488.0,95.0,2975.0,19771.0,7311.0,0
dia 19 - Soja Heterodera Vaso 9,19,9,317.5,2444.0,34.8,93.73,9676.0,17490.0,95.0,2979.0,19770.0,7312.0,0
dia 19 - Soja Heterodera Vaso 9,19,9,317.77,2446.0,34.8,93.74,9637.0,17494.0,95.0,2980.0,19771.0,7312.0,0
dia 19 - Soja Heterodera Vaso 9,19,9,318.07,2463.0,34.9,93.74,9677.0,17415.0,96.0,2977.0,19774.0,7312.0,0
dia 19 - Soja Heterodera Vaso 9,19,9,318.4,2480.0,34.9,93.74,9677.0,17491.0,95.0,2974.0,19773.0,7312.0,0
dia 19 - Soja Heterodera Vaso 9,19,9,318.74,2469.0,34.9,93.74,9678.0,17493.0,95.0,2977.0,19773.0,7312.0,0
dia 19 - Soja Heterodera Vaso 9,19,9,319.02,2440.0,34.9,93.73,9689.0,17514.0,95.0,2980.0,19796.0,7320.0,0
dia 19 - Soja Heterodera Vaso 9,19,9,319.29,2436.0,34.9,93.73,9688.0,17509.0,95.0,2981.0,19671.0,7319.0,0
dia 19 - Soja Heterodera Vaso 9,19,9,319.56,2454.0,34.9,93.74,9688.0,17512.0,94.0,2982.0,19795.0,7319.0,0
dia 19 - Soja Heterodera Vaso 9,19,9,319.83,2443.0,34.9,93.74,9689.0,17399.0,95.0,2982.0,19794.0,7320.0,0
dia 19 - Soja Heterodera Vaso 9,19,9,320.1,2437.0,34.9,93.74,9689.0,17511.0,95.0,2979.0,19795.0,7320.0,0
dia 19 - Soja Heterodera Vaso 9,19,9,320.38,2455.0,34.9,93.74,9682.0,17496.0,95.0,2980.0,19777.0,7314.0,0
dia 19 - Soja Heterodera Vaso 9,19,9,320.7,2463.0,34.9,93.73,9681.0,17498.0,95.0,2978.0,19779.0,7313.0,0
dia 19 - Soja Heterodera Vaso 9,19,9,321.04,2450.0,34.9,93.74,9683.0,17392.0,95.0,2978.0,19781.0,7313.0,0
dia 19 - Soja Heterodera Vaso 9,19,9,321.38,2454.0,34.9,93.73,9682.0,17498.0,95.0,2976.0,19779.0,7313.0,0
dia 19 - Soja Heterodera Vaso 9,19,9,321.7,2430.0,34.9,93.74,9683.0,17499.0,95.0,2977.0,19783.0,7314.0,0
dia 19 - Soja Heterodera Vaso 9,19,9,322.12,2447.0,34.9,93.74,9684.0,17494.0,96.0,2976.0,19766.0,7314.0,0
dia 19 - Soja Heterodera Vaso 9,19,9,322.45,2443.0,34.9,93.73,9685.0,17499.0,96.0,2975.0,19783.0,7314.0,0
dia 19 - Soja Heterodera Vaso 9,19,9,322.8,2456.0,34.9,93.73,9696.0,17412.0,95.0,2977.0,19804.0,7324.0,0
dia 19 - Soja Heterodera Vaso 9,19,9,323.07,2418.0,34.9,93.73,9697.0,17521.0,95.0,2978.0,19812.0,7331.0,0
dia 19 - Soja Heterodera Vaso 9,19,9,323.35,2453.0,34.9,93.73,9690.0,17518.0,95.0,2979.0,19804.0,7323.0,0
dia 19 - Soja Heterodera Vaso 9,19,9,323.64,2457.0,34.9,93.74,9696.0,17522.0,95.0,2979.0,19807.0,7323.0,0
dia 19 - Soja Heterodera Vaso 9,19,9,323.91,2437.0,34.9,93.73,9698.0,17520.0,95.0,2980.0,19687.0,7320.0,0
dia 19 - Soja Heterodera Vaso 9,19,9,324.19,2434.0,34.9,93.73,9698.0,17516.0,95.0,2980.0,19808.0,7323.0,0
dia 19 - Soja Heterodera Vaso 9,19,9,324.46,2447.0,34.9,93.73,9689.0,17503.0,95.0,2982.0,19787.0,7315.0,0
dia 19 - Soja Heterodera Vaso 9,19,9,324.75,2472.0,34.9,93.73,9688.0,17506.0,94.0,2984.0,19780.0,7314.0,0
dia 19 - Soja Heterodera Vaso 9,19,9,325.06,2417.0,34.9,93.73,9689.0,17504.0,94.0,2976.0,19788.0,7316.0,0
dia 19 - Soja Heterodera Vaso 9,19,9,325.39,2446.0,34.9,93.73,9689.0,17507.0,96.0,2980.0,19789.0,7316.0,0
dia 19 - Soja Heterodera Vaso 9,19,9,325.74,2454.0,34.9,93.74,9690.0,17506.0,95.0,2979.0,19667.0,7320.0,0
dia 19 - Soja Heterodera Vaso 9,19,9,326.06,2449.0,34.9,93.73,9691.0,17506.0,95.0,2978.0,19670.0,7316.0,0
dia 19 - Soja Heterodera Vaso 9,19,9,326.39,2466.0,34.9,93.73,9692.0,17508.0,94.0,2977.0,19792.0,7317.0,0
dia 19 - Soja Heterodera Vaso 9,19,9,326.72,2434.0,34.9,93.73,9692.0,17509.0,95.0,2976.0,19791.0,7317.0,0
dia 19 - Soja Heterodera Vaso 9,19,9,327.0,2439.0,34.9,93.74,9642.0,17528.0,96.0,2982.0,19814.0,7325.0,0
dia 19 - Soja Heterodera Vaso 9,19,9,327.27,2456.0,34.9,93.74,9702.0,17519.0,96.0,2983.0,19813.0,7324.0,0
dia 19 - Soja Heterodera Vaso 9,19,9,327.54,2444.0,35.0,93.74,9702.0,17522.0,95.0,2984.0,19811.0,7323.0,0
dia 19 - Soja Heterodera Vaso 9,19,9,327.8,2466.0,35.0,93.73,9703.0,17524.0,95.0,2984.0,19702.0,7324.0,0
dia 19 - Soja Heterodera Vaso 9,19,9,328.06,2430.0,35.0,93.73,9703.0,17523.0,95.0,2984.0,19811.0,7324.0,0
dia 19 - Soja Heterodera Vaso 9,19,9,328.33,2457.0,35.0,93.73,9695.0,17509.0,94.0,2983.0,19796.0,7318.0,0
dia 19 - Soja Heterodera Vaso 9,19,9,328.65,2461.0,35.0,93.73,9696.0,17509.0,94.0,2974.0,19796.0,7318.0,0
dia 19 - Soja Heterodera Vaso 9,19,9,329.08,2450.0,35.0,93.74,9695.0,17509.0,95.0,2977.0,19800.0,7318.0,0
dia 19 - Soja Heterodera Vaso 9,19,9,329.4,2440.0,35.0,93.73,9696.0,17509.0,95.0,2978.0,19797.0,7318.0,0
dia 19 - Soja Heterodera Vaso 9,19,9,329.68,2467.0,35.0,93.74,9697.0,17511.0,95.0,2982.0,19799.0,7318.0,0
dia 19 - Soja Heterodera Vaso 9,19,9,329.98,2434.0,35.0,93.74,9698.0,17510.0,95.0,2976.0,19800.0,7318.0,0
dia 19 - Soja Heterodera Vaso 9,19,9,330.31,2451.0,35.0,93.73,9704.0,17511.0,96.0,2978.0,19800.0,7318.0,0
dia 19 - Soja Heterodera Vaso 9,19,9,330.67,2437.0,35.0,93.74,9699.0,17514.0,96.0,2979.0,19677.0,7318.0,0
dia 19 - Soja Heterodera Vaso 9,19,9,330.94,2448.0,35.0,93.73,9710.0,17533.0,95.0,2980.0,19823.0,7327.0,0
dia 19 - Soja Heterodera Vaso 9,19,9,331.22,2469.0,35.0,93.74,9710.0,17524.0,95.0,2980.0,19822.0,7314.0,0
dia 19 - Soja Heterodera Vaso 9,19,9,331.5,2450.0,35.0,93.74,9708.0,17397.0,95.0,2981.0,19820.0,7313.0,0
dia 19 - Soja Heterodera Vaso 9,19,9,331.78,2437.0,35.0,93.73,9706.0,17475.0,96.0,2977.0,19805.0,7294.0,0
dia 19 - Soja Heterodera Vaso 9,19,9,332.05,2433.0,35.0,93.74,9709.0,17531.0,96.0,2980.0,19820.0,7325.0,0
dia 19 - Soja Heterodera Vaso 9,19,9,332.32,2443.0,35.0,93.73,9702.0,17517.0,94.0,2983.0,19803.0,7319.0,0
dia 19 - Soja Heterodera Vaso 9,19,9,332.63,2453.0,35.0,93.73,9703.0,17513.0,94.0,2974.0,19804.0,7319.0,0
dia 19 - Soja Heterodera Vaso 9,19,9,332.96,2436.0,35.0,93.73,9702.0,17514.0,95.0,2971.0,19806.0,7319.0,0
dia 19 - Soja Heterodera Vaso 9,19,9,333.27,2452.0,35.0,93.73,9701.0,17515.0,95.0,2977.0,19805.0,7320.0,0
dia 19 - Soja Heterodera Vaso 9,19,9,333.54,2445.0,35.0,93.73,9640.0,17516.0,95.0,2982.0,19807.0,7319.0,0
dia 19 - Soja Heterodera Vaso 9,19,9,333.85,2489.0,35.0,93.73,9641.0,17517.0,96.0,2984.0,19806.0,7319.0,0
dia 19 - Soja Heterodera Vaso 9,19,9,334.18,2431.0,35.0,93.73,9704.0,17517.0,95.0,2980.0,19807.0,7319.0,0
dia 19 - Soja Heterodera Vaso 9,19,9,334.52,2450.0,35.0,93.73,9704.0,17518.0,95.0,2981.0,19807.0,7320.0,0
dia 19 - Soja Heterodera Vaso 9,19,9,334.8,2444.0,35.0,93.73,9716.0,17538.0,96.0,2980.0,19830.0,7328.0,0
dia 19 - Soja Heterodera Vaso 9,19,9,335.07,2453.0,35.0,93.73,9717.0,17538.0,95.0,2986.0,19705.0,7329.0,0
dia 19 - Soja Heterodera Vaso 9,19,9,335.35,2438.0,35.0,93.73,9715.0,17537.0,96.0,2985.0,19809.0,7298.0,0
dia 19 - Soja Heterodera Vaso 9,19,9,335.63,2439.0,35.0,93.73,9718.0,17529.0,95.0,2985.0,19835.0,7327.0,0
dia 19 - Soja Heterodera Vaso 9,19,9,335.91,2443.0,35.0,93.73,9719.0,17538.0,95.0,2986.0,19827.0,7329.0,0
dia 19 - Soja Heterodera Vaso 9,19,9,336.18,2456.0,35.0,93.73,9708.0,17521.0,95.0,2984.0,19811.0,7322.0,0
dia 19 - Soja Heterodera Vaso 9,19,9,336.5,2466.0,35.0,93.73,9708.0,17512.0,95.0,2985.0,19752.0,7321.0,0
dia 19 - Soja Heterodera Vaso 9,19,9,336.85,2467.0,35.0,93.73,9709.0,17523.0,95.0,2983.0,19811.0,7322.0,0
dia 19 - Soja Heterodera Vaso 9,19,9,337.19,2430.0,35.0,93.73,9710.0,17524.0,96.0,2981.0,19812.0,7322.0,0
dia 19 - Soja Heterodera Vaso 9,19,9,337.5,2442.0,35.0,93.73,9712.0,17524.0,96.0,2982.0,19812.0,7322.0,0
dia 19 - Soja Heterodera Vaso 9,19,9,337.83,2425.0,35.0,93.73,9710.0,17524.0,95.0,2982.0,19814.0,7280.0,0
dia 19 - Soja Heterodera Vaso 9,19,9,338.15,2453.0,35.0,93.73,9710.0,17431.0,95.0,2984.0,19815.0,7323.0,0
dia 19 - Soja Heterodera Vaso 9,19,9,338.48,2450.0,35.1,93.73,9725.0,17549.0,95.0,2983.0,19836.0,7331.0,0
dia 19 - Soja Heterodera Vaso 9,19,9,338.75,2467.0,35.1,93.73,9734.0,17564.0,96.0,2980.0,19716.0,7335.0,0
dia 19 - Soja Heterodera Vaso 9,19,9,339.03,2431.0,35.1,93.73,9722.0,17521.0,95.0,2982.0,19831.0,7310.0,0
dia 19 - Soja Heterodera Vaso 9,19,9,339.31,2434.0,35.1,93.73,9705.0,17547.0,95.0,2979.0,19836.0,7331.0,0
dia 19 - Soja Heterodera Vaso 9,19,9,339.58,2466.0,35.1,93.73,9709.0,17545.0,96.0,2989.0,19712.0,7332.0,0
dia 19 - Soja Heterodera Vaso 9,19,9,339.85,2451.0,35.1,93.73,9722.0,17543.0,95.0,2985.0,19823.0,7318.0,0
dia 19 - Soja Heterodera Vaso 9,19,9,340.15,2458.0,35.1,93.73,9717.0,17529.0,96.0,2986.0,19817.0,7324.0,0
dia 19 - Soja Heterodera Vaso 9,19,9,340.46,2440.0,35.1,93.73,9716.0,17529.0,96.0,2987.0,19817.0,7324.0,0
dia 19 - Soja Heterodera Vaso 9,19,9,340.79,2503.0,35.1,93.73,9715.0,17530.0,95.0,2986.0,19799.0,7305.0,0
dia 19 - Soja Heterodera Vaso 9,19,9,341.13,2443.0,35.1,93.73,9654.0,17531.0,96.0,2981.0,19819.0,7325.0,0
dia 19 - Soja Heterodera Vaso 9,19,9,341.43,2442.0,35.1,93.73,9716.0,17422.0,95.0,2983.0,19820.0,7326.0,0
dia 19 - Soja Heterodera Vaso 9,19,9,341.76,2434.0,35.1,93.73,9718.0,17529.0,95.0,2983.0,19820.0,7325.0,0
dia 19 - Soja Heterodera Vaso 9,19,9,342.08,2447.0,35.1,93.73,9718.0,17533.0,96.0,2984.0,19822.0,7326.0,0
dia 19 - Soja Heterodera Vaso 9,19,9,342.45,2437.0,35.1,93.73,9733.0,17556.0,96.0,2984.0,19721.0,7334.0,0
dia 19 - Soja Heterodera Vaso 9,19,9,342.72,2430.0,35.1,93.73,9742.0,17571.0,95.0,2985.0,19866.0,7342.0,0
dia 19 - Soja Heterodera Vaso 9,19,9,343.0,2445.0,35.1,93.73,9729.0,17552.0,96.0,2988.0,19841.0,7334.0,0
dia 19 - Soja Heterodera Vaso 9,19,9,343.28,2451.0,35.1,93.73,9719.0,17504.0,96.0,2989.0,19824.0,7322.0,0
dia 19 - Soja Heterodera Vaso 9,19,9,343.55,2442.0,35.1,93.73,9704.0,17552.0,96.0,2989.0,19845.0,7335.0,0
dia 19 - Soja Heterodera Vaso 9,19,9,343.83,2442.0,35.1,93.73,9732.0,17554.0,95.0,2988.0,19841.0,7335.0,0
dia 19 - Soja Heterodera Vaso 9,19,9,344.11,2461.0,35.1,93.73,9719.0,17559.0,95.0,2986.0,19847.0,7334.0,0
dia 19 - Soja Heterodera Vaso 9,19,9,344.41,2463.0,35.1,93.73,9726.0,17540.0,95.0,2987.0,19828.0,7329.0,0
dia 19 - Soja Heterodera Vaso 9,19,9,344.72,2431.0,35.1,93.73,9725.0,17540.0,95.0,2987.0,19828.0,7330.0,0
dia 19 - Soja Heterodera Vaso 9,19,9,345.06,2440.0,35.1,93.73,9726.0,17538.0,96.0,2988.0,19830.0,7329.0,0
dia 19 - Soja Heterodera Vaso 9,19,9,345.39,2442.0,35.1,93.73,9727.0,17541.0,96.0,2986.0,19831.0,7330.0,0
dia 19 - Soja Heterodera Vaso 9,19,9,345.7,2468.0,35.1,93.73,9728.0,17541.0,96.0,2986.0,19832.0,7330.0,0
dia 19 - Soja Heterodera Vaso 9,19,9,346.02,2447.0,35.1,93.73,9729.0,17541.0,95.0,2984.0,19833.0,7288.0,0
dia 19 - Soja Heterodera Vaso 9,19,9,346.34,2461.0,35.1,93.74,9728.0,17433.0,95.0,2986.0,19833.0,7330.0,0
dia 19 - Soja Heterodera Vaso 9,19,9,346.7,2462.0,35.1,93.74,9743.0,17566.0,96.0,2982.0,19855.0,7338.0,0
dia 19 - Soja Heterodera Vaso 9,19,9,346.97,2441.0,35.1,93.74,9751.0,17580.0,96.0,2983.0,19875.0,7347.0,0
dia 19 - Soja Heterodera Vaso 9,19,9,347.24,2455.0,35.1,93.73,9740.0,17559.0,96.0,2987.0,19851.0,7292.0,0
dia 19 - Soja Heterodera Vaso 9,19,9,347.51,2463.0,35.1,93.74,9740.0,17560.0,96.0,2989.0,19852.0,7338.0,0
dia 19 - Soja Heterodera Vaso 9,19,9,347.77,2432.0,35.1,93.74,9741.0,17451.0,96.0,2989.0,19852.0,7339.0,0
dia 19 - Soja Heterodera Vaso 9,19,9,348.04,2449.0,35.1,93.73,9741.0,17561.0,96.0,2993.0,19853.0,7339.0,0
dia 19 - Soja Heterodera Vaso 9,19,9,348.32,2450.0,35.1,93.74,9735.0,17548.0,96.0,2990.0,19837.0,7332.0,0
dia 19 - Soja Heterodera Vaso 9,19,9,348.63,2443.0,35.1,93.73,9734.0,17549.0,95.0,2988.0,19837.0,7333.0,0
dia 19 - Soja Heterodera Vaso 9,19,9,348.96,2434.0,35.1,93.74,9735.0,17549.0,95.0,2989.0,19838.0,7333.0,0
dia 19 - Soja Heterodera Vaso 9,19,9,349.28,2433.0,35.1,93.74,9735.0,17551.0,96.0,2990.0,19837.0,7334.0,0
dia 19 - Soja Heterodera Vaso 9,19,9,349.55,2462.0,35.1,93.74,9735.0,17551.0,96.0,2989.0,19838.0,7334.0,0
dia 19 - Soja Heterodera Vaso 9,19,9,349.85,2441.0,35.1,93.73,9736.0,17553.0,96.0,2988.0,19839.0,7335.0,0
dia 19 - Soja Heterodera Vaso 9,19,9,350.18,2459.0,35.1,93.73,9737.0,17552.0,96.0,2988.0,19841.0,7334.0,0
dia 19 - Soja Heterodera Vaso 9,19,9,350.55,2469.0,35.2,93.73,9693.0,17572.0,96.0,2986.0,19862.0,7342.0,0
dia 19 - Soja Heterodera Vaso 9,19,9,350.82,2452.0,35.2,93.73,9749.0,17574.0,95.0,2984.0,19863.0,7309.0,0
dia 19 - Soja Heterodera Vaso 9,19,9,351.1,2462.0,35.2,93.74,9732.0,17573.0,96.0,2987.0,19865.0,7341.0,0
dia 19 - Soja Heterodera Vaso 9,19,9,351.38,2452.0,35.2,93.73,9751.0,17573.0,95.0,2987.0,19863.0,7342.0,0
dia 19 - Soja Heterodera Vaso 9,19,9,351.65,2469.0,35.2,93.74,9745.0,17573.0,95.0,2986.0,19865.0,7297.0,0
dia 19 - Soja Heterodera Vaso 9,19,9,351.93,2446.0,35.2,93.73,9751.0,17572.0,96.0,2985.0,19860.0,7345.0,0
dia 19 - Soja Heterodera Vaso 9,19,9,352.21,2470.0,35.2,93.73,9752.0,17574.0,95.0,2965.0,19864.0,7344.0,0
dia 19 - Soja Heterodera Vaso 9,19,9,352.48,2460.0,35.2,93.73,9742.0,17445.0,95.0,2982.0,19846.0,7338.0,0
dia 19 - Soja Heterodera Vaso 9,19,9,352.82,2446.0,35.2,93.73,9743.0,17557.0,96.0,2978.0,19846.0,7338.0,0
dia 19 - Soja Heterodera Vaso 9,19,9,353.16,2443.0,35.2,93.74,9743.0,17557.0,95.0,2980.0,19848.0,7338.0,0
dia 19 - Soja Heterodera Vaso 9,19,9,353.49,2446.0,35.2,93.73,9743.0,17557.0,96.0,2982.0,19848.0,7302.0,0
dia 19 - Soja Heterodera Vaso 9,19,9,353.79,2444.0,35.2,93.73,9744.0,17558.0,96.0,2983.0,19846.0,7292.0,0
dia 19 - Soja Heterodera Vaso 9,19,9,354.11,2452.0,35.2,93.74,9745.0,17557.0,96.0,2981.0,19724.0,7344.0,0
dia 19 - Soja Heterodera Vaso 9,19,9,354.43,2439.0,35.2,93.74,9682.0,17561.0,96.0,2981.0,19849.0,7339.0,0
dia 19 - Soja Heterodera Vaso 9,19,9,354.89,2451.0,35.2,93.73,9758.0,17583.0,96.0,2976.0,19872.0,7347.0,0
dia 19 - Soja Heterodera Vaso 9,19,9,355.17,2464.0,35.2,93.73,9768.0,17597.0,95.0,2972.0,19892.0,7355.0,0
dia 19 - Soja Heterodera Vaso 9,19,9,355.44,2455.0,35.2,93.73,9757.0,17578.0,95.0,2980.0,19867.0,7326.0,0
dia 19 - Soja Heterodera Vaso 9,19,9,355.71,2438.0,35.2,93.74,9758.0,17577.0,96.0,2982.0,19869.0,7348.0,0
dia 19 - Soja Heterodera Vaso 9,19,9,355.98,2466.0,35.2,93.74,9741.0,17579.0,96.0,2984.0,19870.0,7348.0,0
dia 19 - Soja Heterodera Vaso 9,19,9,356.25,2494.0,35.2,93.73,9759.0,17579.0,96.0,2984.0,19871.0,7348.0,0
dia 19 - Soja Heterodera Vaso 9,19,9,356.52,2490.0,35.2,93.74,9750.0,17566.0,96.0,2982.0,19855.0,7341.0,0
dia 19 - Soja Heterodera Vaso 9,19,9,356.84,2465.0,35.2,93.73,9751.0,17566.0,95.0,2981.0,19853.0,7342.0,0
dia 19 - Soja Heterodera Vaso 9,19,9,357.19,2414.0,35.2,93.73,9751.0,17472.0,96.0,2978.0,19855.0,7342.0,0
dia 19 - Soja Heterodera Vaso 9,19,9,357.54,2449.0,35.2,93.74,9751.0,17566.0,96.0,2979.0,19854.0,7342.0,0
dia 19 - Soja Heterodera Vaso 9,19,9,357.83,2459.0,35.2,93.74,9753.0,17566.0,96.0,2978.0,19856.0,7342.0,0
dia 19 - Soja Heterodera Vaso 9,19,9,358.15,2439.0,35.2,93.73,9753.0,17567.0,95.0,2982.0,19856.0,7343.0,0
dia 19 - Soja Heterodera Vaso 9,19,9,358.47,2437.0,35.2,93.73,9754.0,17568.0,95.0,2975.0,19857.0,7343.0,0
dia 19 - Soja Heterodera Vaso 9,19,9,358.83,2454.0,35.2,93.73,9767.0,17593.0,96.0,2979.0,19808.0,7351.0,0
dia 19 - Soja Heterodera Vaso 9,19,9,359.12,2426.0,35.2,93.73,9776.0,17607.0,96.0,2981.0,19901.0,7360.0,0
dia 19 - Soja Heterodera Vaso 9,19,9,359.39,2455.0,35.2,93.73,9767.0,17562.0,95.0,2983.0,19877.0,7331.0,0
dia 19 - Soja Heterodera Vaso 9,19,9,359.67,2448.0,35.2,93.73,9741.0,17590.0,96.0,2985.0,19879.0,7350.0,0
dia 19 - Soja Heterodera Vaso 9,19,9,359.95,2442.0,35.2,93.73,9752.0,17554.0,95.0,2984.0,19841.0,7276.0,0
dia 19 - Soja Heterodera Vaso 9,19,9,360.23,2475.0,35.2,93.73,9769.0,17589.0,96.0,2985.0,19878.0,7352.0,0
dia 19 - Soja Heterodera Vaso 9,19,9,360.51,2460.0,35.3,93.73,9765.0,17592.0,95.0,2987.0,19879.0,7352.0,0
dia 19 - Soja Heterodera Vaso 9,19,9,360.78,2442.0,35.2,93.72,9758.0,17459.0,95.0,2985.0,19862.0,7345.0,0
dia 19 - Soja Heterodera Vaso 9,19,9,361.08,2441.0,35.3,93.73,9759.0,17459.0,96.0,2982.0,19855.0,7345.0,0
dia 19 - Soja Heterodera Vaso 9,19,9,361.42,2461.0,35.3,93.73,9759.0,17571.0,96.0,2986.0,19865.0,7346.0,0
dia 19 - Soja Heterodera Vaso 9,19,9,361.76,2460.0,35.3,93.73,9759.0,17571.0,96.0,2981.0,19863.0,7345.0,0
dia 19 - Soja Heterodera Vaso 9,19,9,362.08,2465.0,35.3,93.73,9761.0,17573.0,96.0,2982.0,19865.0,7346.0,0
dia 19 - Soja Heterodera Vaso 9,19,9,362.41,2455.0,35.3,93.74,9761.0,17572.0,95.0,2972.0,19745.0,7346.0,0
dia 19 - Soja Heterodera Vaso 9,19,9,362.74,2465.0,35.3,93.73,9761.0,17573.0,95.0,2975.0,19865.0,7346.0,0
dia 19 - Soja Heterodera Vaso 9,19,9,363.06,2453.0,35.3,93.74,9773.0,17592.0,96.0,2974.0,19889.0,7355.0,0
dia 19 - Soja Heterodera Vaso 9,19,9,363.34,2449.0,35.3,93.74,9772.0,17481.0,95.0,2976.0,19884.0,7353.0,0
dia 19 - Soja Heterodera Vaso 9,19,9,363.61,2460.0,35.3,93.73,9773.0,17592.0,95.0,2981.0,19885.0,7354.0,0
dia 19 - Soja Heterodera Vaso 9,19,9,363.88,2445.0,35.3,93.74,9773.0,17590.0,96.0,2977.0,19885.0,7355.0,0
dia 19 - Soja Heterodera Vaso 9,19,9,364.14,2474.0,35.3,93.74,9774.0,17593.0,96.0,2983.0,19761.0,7355.0,0
dia 19 - Soja Heterodera Vaso 9,19,9,364.41,2472.0,35.3,93.73,9763.0,17578.0,96.0,2984.0,19870.0,7355.0,0
dia 19 - Soja Heterodera Vaso 9,19,9,364.71,2452.0,35.3,93.73,9767.0,17577.0,96.0,2983.0,19869.0,7349.0,0
dia 19 - Soja Heterodera Vaso 9,19,9,365.02,2470.0,35.3,93.74,9767.0,17578.0,95.0,2984.0,19870.0,7349.0,0
dia 19 - Soja Heterodera Vaso 9,19,9,365.35,2443.0,35.3,93.73,9767.0,17578.0,96.0,2982.0,19870.0,7349.0,0
dia 19 - Soja Heterodera Vaso 9,19,9,365.7,2460.0,35.3,93.73,9709.0,17580.0,96.0,2983.0,19870.0,7350.0,0
dia 19 - Soja Heterodera Vaso 9,19,9,366.01,2489.0,35.3,93.73,9770.0,17581.0,95.0,2993.0,19871.0,7350.0,0
dia 19 - Soja Heterodera Vaso 9,19,9,366.45,2434.0,35.3,93.73,9769.0,17580.0,96.0,2990.0,19874.0,7350.0,0
dia 19 - Soja Heterodera Vaso 9,19,9,366.78,2454.0,35.3,93.73,9769.0,17581.0,96.0,2991.0,19872.0,7350.0,0
dia 19 - Soja Heterodera Vaso 9,19,9,367.06,2453.0,35.3,93.73,9782.0,17602.0,96.0,2987.0,19897.0,7358.0,0
dia 19 - Soja Heterodera Vaso 9,19,9,367.33,2462.0,35.3,93.73,9767.0,17522.0,96.0,2991.0,19895.0,7358.0,0
dia 19 - Soja Heterodera Vaso 9,19,9,367.62,2476.0,35.3,93.73,9781.0,17604.0,96.0,2991.0,19895.0,7360.0,0
dia 19 - Soja Heterodera Vaso 9,19,9,367.9,2437.0,35.3,93.73,9784.0,17598.0,96.0,2992.0,19898.0,7358.0,0
dia 19 - Soja Heterodera Vaso 9,19,9,368.18,2445.0,35.3,93.73,9783.0,17606.0,95.0,2990.0,19897.0,7361.0,0
dia 19 - Soja Heterodera Vaso 9,19,9,368.45,2435.0,35.3,93.73,9784.0,17605.0,96.0,2977.0,19780.0,7361.0,0
dia 19 - Soja Heterodera Vaso 9,19,9,368.73,2446.0,35.3,93.73,9785.0,17602.0,97.0,2975.0,19896.0,7362.0,0
dia 19 - Soja Heterodera Vaso 9,19,9,369.0,2450.0,35.3,93.73,9776.0,17585.0,95.0,2971.0,19880.0,7354.0,0
dia 19 - Soja Heterodera Vaso 9,19,9,369.3,2442.0,35.3,93.73,9778.0,17587.0,95.0,2977.0,19880.0,7354.0,0
dia 19 - Soja Heterodera Vaso 9,19,9,369.64,2440.0,35.3,93.73,9777.0,17588.0,96.0,2981.0,19880.0,7356.0,0
dia 19 - Soja Heterodera Vaso 9,19,9,369.98,2471.0,35.3,93.74,9778.0,17589.0,95.0,2984.0,19761.0,7355.0,0
dia 19 - Soja Heterodera Vaso 9,19,9,370.28,2451.0,35.3,93.74,9779.0,17588.0,96.0,2984.0,19882.0,7311.0,0
dia 19 - Soja Heterodera Vaso 9,19,9,370.6,2455.0,35.3,93.74,9779.0,17589.0,96.0,2987.0,19762.0,7356.0,0
dia 19 - Soja Heterodera Vaso 9,19,9,370.92,2457.0,35.3,93.73,9718.0,17592.0,96.0,2983.0,19883.0,7355.0,0
dia 19 - Soja Heterodera Vaso 9,19,9,371.27,2446.0,35.3,93.73,9793.0,17614.0,95.0,2982.0,19907.0,7365.0,0
dia 19 - Soja Heterodera Vaso 9,19,9,371.55,2439.0,35.3,93.73,9798.0,17593.0,96.0,2986.0,19869.0,7362.0,0
dia 19 - Soja Heterodera Vaso 9,19,9,371.82,2490.0,35.3,93.73,9791.0,17607.0,96.0,2989.0,19779.0,7364.0,0
dia 19 - Soja Heterodera Vaso 9,19,9,372.09,2454.0,35.4,93.73,9790.0,17607.0,96.0,2987.0,19904.0,7364.0,0
dia 19 - Soja Heterodera Vaso 9,19,9,372.36,2440.0,35.4,93.73,9773.0,17607.0,96.0,2986.0,19904.0,7361.0,0
dia 19 - Soja Heterodera Vaso 9,19,9,372.63,2462.0,35.4,93.73,9794.0,17612.0,96.0,2989.0,19910.0,7366.0,0
dia 19 - Soja Heterodera Vaso 9,19,9,372.94,2468.0,35.4,93.74,9784.0,17593.0,96.0,2984.0,19888.0,7359.0,0
dia 19 - Soja Heterodera Vaso 9,19,9,373.27,2461.0,35.4,93.74,9785.0,17483.0,96.0,2984.0,19889.0,7359.0,0
dia 19 - Soja Heterodera Vaso 9,19,9,373.6,2418.0,35.4,93.74,9783.0,17595.0,95.0,2979.0,19888.0,7358.0,0
dia 19 - Soja Heterodera Vaso 9,19,9,373.97,2461.0,35.4,93.73,9787.0,17595.0,96.0,2985.0,19890.0,7313.0,0
dia 19 - Soja Heterodera Vaso 9,19,9,374.28,2456.0,35.4,93.74,9787.0,17594.0,96.0,2985.0,19892.0,7315.0,0
dia 19 - Soja Heterodera Vaso 9,19,9,374.61,2456.0,35.4,93.73,9724.0,17595.0,96.0,2982.0,19893.0,7359.0,0
dia 19 - Soja Heterodera Vaso 9,19,9,374.94,2450.0,35.4,93.73,9786.0,17594.0,96.0,2985.0,19893.0,7360.0,0
dia 19 - Soja Heterodera Vaso 9,19,9,375.22,2458.0,35.4,93.73,9799.0,17505.0,95.0,2985.0,19914.0,7369.0,0
dia 19 - Soja Heterodera Vaso 9,19,9,375.5,2448.0,35.4,93.73,9799.0,17615.0,96.0,2985.0,19916.0,7369.0,0
dia 19 - Soja Heterodera Vaso 9,19,9,375.78,2442.0,35.4,93.73,9801.0,17616.0,96.0,2987.0,19916.0,7370.0,0
dia 19 - Soja Heterodera Vaso 9,19,9,376.07,2446.0,35.4,93.73,9801.0,17608.0,96.0,2981.0,19917.0,7370.0,0
dia 19 - Soja Heterodera Vaso 9,19,9,376.35,2501.0,35.4,93.73,9799.0,17600.0,96.0,2985.0,19806.0,7371.0,0
dia 19 - Soja Heterodera Vaso 9,19,9,376.63,2455.0,35.4,93.73,9800.0,17614.0,96.0,2985.0,19919.0,7370.0,0
dia 19 - Soja Heterodera Vaso 9,19,9,376.9,2459.0,35.4,93.73,9792.0,17595.0,96.0,2979.0,19899.0,7363.0,0
dia 19 - Soja Heterodera Vaso 9,19,9,377.19,2472.0,35.4,93.73,9792.0,17599.0,96.0,2981.0,19897.0,7363.0,0
dia 19 - Soja Heterodera Vaso 9,19,9,377.51,2432.0,35.4,93.73,9793.0,17599.0,96.0,2983.0,19897.0,7364.0,0
dia 19 - Soja Heterodera Vaso 9,19,9,377.83,2472.0,35.4,93.73,9793.0,17599.0,97.0,2982.0,19896.0,7363.0,0
dia 19 - Soja Heterodera Vaso 9,19,9,378.19,2470.0,35.4,93.73,9795.0,17490.0,96.0,2981.0,19898.0,7364.0,0
dia 19 - Soja Heterodera Vaso 9,19,9,378.5,2480.0,35.4,93.74,9731.0,17602.0,96.0,2987.0,19899.0,7364.0,0
dia 19 - Soja Heterodera Vaso 9,19,9,378.83,2461.0,35.4,93.74,9795.0,17600.0,97.0,2984.0,19901.0,7363.0,0
dia 19 - Soja Heterodera Vaso 9,19,9,379.17,2468.0,35.4,93.73,9795.0,17601.0,96.0,2982.0,19899.0,7364.0,0
dia 19 - Soja Heterodera Vaso 9,19,9,379.44,2498.0,35.4,93.73,9807.0,17622.0,96.0,2970.0,19921.0,7372.0,0
dia 19 - Soja Heterodera Vaso 9,19,9,379.71,2448.0,35.4,93.73,9805.0,17618.0,96.0,2981.0,19793.0,7371.0,0
dia 19 - Soja Heterodera Vaso 9,19,9,379.99,2461.0,35.4,93.73,9805.0,17619.0,96.0,2982.0,19917.0,7371.0,0
dia 19 - Soja Heterodera Vaso 9,19,9,380.26,2480.0,35.4,93.74,9806.0,17618.0,97.0,2978.0,19918.0,7371.0,0
dia 19 - Soja Heterodera Vaso 9,19,9,380.52,2468.0,35.4,93.73,9806.0,17619.0,96.0,2980.0,19918.0,7325.0,0
dia 19 - Soja Heterodera Vaso 9,19,9,380.79,2464.0,35.4,93.73,9798.0,17605.0,96.0,2979.0,19915.0,7370.0,0
dia 19 - Soja Heterodera Vaso 9,19,9,381.09,2462.0,35.4,93.73,9798.0,17606.0,96.0,2977.0,19898.0,7366.0,0
dia 19 - Soja Heterodera Vaso 9,19,9,381.43,2452.0,35.4,93.73,9799.0,17605.0,96.0,2978.0,19903.0,7365.0,0
dia 19 - Soja Heterodera Vaso 9,19,9,381.78,2487.0,35.4,93.73,9800.0,17606.0,95.0,2976.0,19902.0,7366.0,0
dia 19 - Soja Heterodera Vaso 9,19,9,382.08,2442.0,35.4,93.73,9737.0,17606.0,96.0,2979.0,19905.0,7366.0,0
dia 19 - Soja Heterodera Vaso 9,19,9,382.38,2450.0,35.4,93.73,9801.0,17496.0,96.0,2980.0,19907.0,7366.0,0
dia 19 - Soja Heterodera Vaso 9,19,9,382.72,2459.0,35.4,93.73,9802.0,17608.0,96.0,2975.0,19884.0,7369.0,0
dia 19 - Soja Heterodera Vaso 9,19,9,383.07,2467.0,35.4,93.73,9802.0,17609.0,96.0,2975.0,19906.0,7366.0,0
dia 19 - Soja Heterodera Vaso 9,19,9,383.35,2486.0,35.4,93.73,9814.0,17631.0,97.0,2979.0,19928.0,7376.0,0
dia 19 - Soja Heterodera Vaso 9,19,9,383.62,2479.0,35.5,93.74,9771.0,17602.0,96.0,2981.0,19921.0,7374.0,0
dia 19 - Soja Heterodera Vaso 9,19,9,383.91,2441.0,35.5,93.73,9815.0,17625.0,96.0,2981.0,19928.0,7340.0,0
dia 19 - Soja Heterodera Vaso 9,19,9,384.19,2441.0,35.4,93.73,9816.0,17601.0,96.0,2981.0,19927.0,7376.0,0
dia 19 - Soja Heterodera Vaso 9,19,9,384.47,2443.0,35.5,93.73,9806.0,17628.0,97.0,2979.0,19925.0,7374.0,0
dia 19 - Soja Heterodera Vaso 9,19,9,384.74,2432.0,35.5,93.73,9817.0,17520.0,96.0,2983.0,19929.0,7376.0,0
dia 19 - Soja Heterodera Vaso 9,19,9,385.01,2431.0,35.5,93.73,9806.0,17613.0,96.0,2989.0,19909.0,7368.0,0
dia 19 - Soja Heterodera Vaso 9,19,9,385.32,2453.0,35.5,93.73,9807.0,17612.0,98.0,2987.0,19907.0,7370.0,0
dia 19 - Soja Heterodera Vaso 9,19,9,385.65,2473.0,35.5,93.73,9808.0,17613.0,96.0,2983.0,19820.0,7370.0,0
dia 19 - Soja Heterodera Vaso 9,19,9,385.97,2465.0,35.5,93.73,9808.0,17507.0,96.0,2985.0,19910.0,7369.0,0
dia 19 - Soja Heterodera Vaso 9,19,9,386.24,2445.0,35.5,93.73,9808.0,17614.0,96.0,2985.0,19909.0,7369.0,0
dia 19 - Soja Heterodera Vaso 9,19,9,386.55,2472.0,35.5,93.74,9809.0,17615.0,96.0,2985.0,19910.0,7369.0,0
dia 19 - Soja Heterodera Vaso 9,19,9,386.89,2430.0,35.5,93.73,9809.0,17509.0,96.0,2986.0,19913.0,7370.0,0
dia 19 - Soja Heterodera Vaso 9,19,9,387.22,2446.0,35.5,93.73,9810.0,17616.0,96.0,2985.0,19910.0,7369.0,0
dia 19 - Soja Heterodera Vaso 9,19,9,387.6,2473.0,35.5,93.73,9832.0,17653.0,97.0,2987.0,19830.0,7386.0,0
dia 19 - Soja Heterodera Vaso 9,19,9,387.87,2437.0,35.5,93.73,9820.0,17632.0,97.0,2992.0,19930.0,7377.0,0
dia 19 - Soja Heterodera Vaso 9,19,9,388.13,2464.0,35.5,93.73,9821.0,17633.0,96.0,2991.0,19930.0,7377.0,0
dia 19 - Soja Heterodera Vaso 9,19,9,388.41,2468.0,35.5,93.73,9821.0,17633.0,97.0,2991.0,19928.0,7355.0,0
dia 19 - Soja Heterodera Vaso 9,19,9,388.68,2453.0,35.5,93.73,9823.0,17637.0,96.0,2994.0,19931.0,7378.0,0
dia 19 - Soja Heterodera Vaso 9,19,9,388.95,2455.0,35.5,93.73,9814.0,17619.0,97.0,2993.0,19913.0,7372.0,0
dia 19 - Soja Heterodera Vaso 9,19,9,389.27,2430.0,35.5,93.74,9816.0,17618.0,96.0,2987.0,19914.0,7372.0,0
dia 19 - Soja Heterodera Vaso 9,19,9,389.59,2459.0,35.5,93.73,9815.0,17620.0,96.0,2990.0,19916.0,7372.0,0
dia 19 - Soja Heterodera Vaso 9,19,9,389.91,2426.0,35.5,93.74,9815.0,17620.0,96.0,2988.0,19915.0,7372.0,0
dia 19 - Soja Heterodera Vaso 9,19,9,390.18,2440.0,35.5,93.73,9754.0,17620.0,96.0,2989.0,19916.0,7372.0,0
dia 19 - Soja Heterodera Vaso 9,19,9,390.48,2465.0,35.5,93.73,9825.0,17620.0,95.0,2987.0,19917.0,7373.0,0
dia 19 - Soja Heterodera Vaso 9,19,9,390.82,2441.0,35.5,93.73,9818.0,17620.0,97.0,2984.0,19917.0,7373.0,0
dia 19 - Soja Heterodera Vaso 9,19,9,391.15,2445.0,35.5,93.73,9818.0,17622.0,96.0,2987.0,19918.0,7373.0,0
dia 19 - Soja Heterodera Vaso 9,19,9,391.43,2464.0,35.5,93.73,9825.0,17636.0,97.0,2987.0,19941.0,7382.0,0
dia 19 - Soja Heterodera Vaso 9,19,9,391.71,2460.0,35.5,93.73,9830.0,17534.0,96.0,2987.0,19941.0,7383.0,0
dia 19 - Soja Heterodera Vaso 9,19,9,391.99,2452.0,35.5,93.73,9830.0,17639.0,97.0,2985.0,19941.0,7380.0,0
dia 19 - Soja Heterodera Vaso 9,19,9,392.27,2466.0,35.5,93.73,9831.0,17614.0,96.0,2986.0,19928.0,7383.0,0
dia 19 - Soja Heterodera Vaso 9,19,9,392.56,2456.0,35.5,93.73,9832.0,17640.0,97.0,2984.0,19938.0,7382.0,0
dia 19 - Soja Heterodera Vaso 9,19,9,392.83,2446.0,35.5,93.73,9834.0,17532.0,96.0,2991.0,19942.0,7383.0,0
dia 19 - Soja Heterodera Vaso 9,19,9,393.1,2435.0,35.5,93.73,9832.0,17633.0,96.0,2989.0,19921.0,7377.0,0
dia 19 - Soja Heterodera Vaso 9,19,9,393.4,2448.0,35.5,93.73,9824.0,17628.0,96.0,2989.0,19921.0,7376.0,0
dia 19 - Soja Heterodera Vaso 9,19,9,393.74,2446.0,35.5,93.74,9825.0,17627.0,96.0,2989.0,19820.0,7376.0,0
dia 19 - Soja Heterodera Vaso 9,19,9,394.06,2489.0,35.5,93.73,9824.0,17516.0,96.0,2985.0,19922.0,7377.0,0
dia 19 - Soja Heterodera Vaso 9,19,9,394.37,2458.0,35.6,93.73,9775.0,17628.0,97.0,2988.0,19924.0,7377.0,0
dia 19 - Soja Heterodera Vaso 9,19,9,394.68,2452.0,35.5,93.73,9766.0,17628.0,97.0,2989.0,19923.0,7377.0,0
dia 19 - Soja Heterodera Vaso 9,19,9,395.01,2447.0,35.6,93.73,9827.0,17630.0,96.0,2989.0,19926.0,7377.0,0
dia 19 - Soja Heterodera Vaso 9,19,9,395.35,2477.0,35.6,93.74,9828.0,17630.0,96.0,2990.0,19924.0,7378.0,0
dia 19 - Soja Heterodera Vaso 9,19,9,395.63,2424.0,35.6,93.73,9839.0,17650.0,97.0,2989.0,19948.0,7387.0,0
dia 19 - Soja Heterodera Vaso 9,19,9,395.9,2463.0,35.6,93.73,9838.0,17539.0,97.0,2991.0,19944.0,7385.0,0
dia 19 - Soja Heterodera Vaso 9,19,9,396.17,2454.0,35.6,93.73,9838.0,17646.0,96.0,2990.0,19945.0,7385.0,0
dia 19 - Soja Heterodera Vaso 9,19,9,396.43,2455.0,35.6,93.73,9839.0,17645.0,97.0,2987.0,19945.0,7386.0,0
dia 19 - Soja Heterodera Vaso 9,19,9,396.71,2486.0,35.6,93.73,9840.0,17645.0,96.0,2992.0,19825.0,7386.0,0
dia 19 - Soja Heterodera Vaso 9,19,9,396.98,2461.0,35.6,93.73,9832.0,17632.0,97.0,2991.0,19930.0,7380.0,0
dia 19 - Soja Heterodera Vaso 9,19,9,397.3,2463.0,35.6,93.73,9833.0,17632.0,96.0,2986.0,19930.0,7380.0,0
dia 19 - Soja Heterodera Vaso 9,19,9,397.63,2442.0,35.6,93.73,9833.0,17632.0,96.0,2989.0,19878.0,7374.0,0
dia 19 - Soja Heterodera Vaso 9,19,9,397.94,2431.0,35.6,93.72,9834.0,17521.0,96.0,2989.0,19931.0,7381.0,0
dia 19 - Soja Heterodera Vaso 9,19,9,398.21,2433.0,35.6,93.73,9834.0,17633.0,96.0,2986.0,19932.0,7382.0,0
dia 19 - Soja Heterodera Vaso 9,19,9,398.52,2431.0,35.6,93.73,9836.0,17633.0,97.0,2981.0,19931.0,7381.0,0
dia 19 - Soja Heterodera Vaso 9,19,9,398.89,2463.0,35.6,93.74,9837.0,17634.0,96.0,2983.0,19934.0,7382.0,0
dia 19 - Soja Heterodera Vaso 9,19,9,399.22,2442.0,35.6,93.73,9836.0,17634.0,97.0,2983.0,19933.0,7382.0,0
dia 19 - Soja Heterodera Vaso 9,19,9,399.5,2447.0,35.6,93.73,9788.0,17649.0,96.0,2986.0,19958.0,7391.0,0
dia 19 - Soja Heterodera Vaso 9,19,9,399.78,2468.0,35.6,93.73,9848.0,17648.0,97.0,2988.0,19958.0,7391.0,0
dia 19 - Soja Heterodera Vaso 9,19,9,400.05,2424.0,35.6,93.74,9849.0,17620.0,97.0,2994.0,19957.0,7392.0,0
dia 19 - Soja Heterodera Vaso 9,19,9,400.33,2466.0,35.6,93.73,9848.0,17641.0,97.0,2984.0,19955.0,7379.0,0
dia 19 - Soja Heterodera Vaso 9,19,9,400.61,2460.0,35.6,93.74,9850.0,17647.0,97.0,2989.0,19832.0,7389.0,0
dia 19 - Soja Heterodera Vaso 9,19,9,400.89,2450.0,35.6,93.73,9851.0,17643.0,96.0,2990.0,19961.0,7391.0,0
dia 19 - Soja Heterodera Vaso 9,19,9,401.18,2455.0,35.6,93.73,9841.0,17631.0,96.0,2995.0,19940.0,7385.0,0
dia 19 - Soja Heterodera Vaso 9,19,9,401.48,2436.0,35.6,93.73,9837.0,17632.0,97.0,2987.0,19940.0,7385.0,0
dia 19 - Soja Heterodera Vaso 9,19,9,401.82,2465.0,35.6,93.73,9842.0,17632.0,97.0,2984.0,19923.0,7369.0,0
dia 19 - Soja Heterodera Vaso 9,19,9,402.16,2461.0,35.6,93.73,9793.0,17633.0,96.0,2985.0,19941.0,7385.0,0
dia 19 - Soja Heterodera Vaso 9,19,9,402.46,2441.0,35.6,93.73,9793.0,17635.0,97.0,2989.0,19945.0,7387.0,0
dia 19 - Soja Heterodera Vaso 9,19,9,402.88,2460.0,35.6,93.73,9834.0,17634.0,97.0,2987.0,19942.0,7387.0,0
dia 19 - Soja Heterodera Vaso 9,19,9,403.2,2459.0,35.6,93.73,9845.0,17635.0,97.0,2985.0,19943.0,7387.0,0
dia 19 - Soja Heterodera Vaso 9,19,9,403.56,2464.0,35.6,93.73,9860.0,17659.0,97.0,2982.0,19967.0,7396.0,0
dia 19 - Soja Heterodera Vaso 9,19,9,403.84,2433.0,35.6,93.73,9870.0,17675.0,97.0,2980.0,19987.0,7405.0,0
dia 19 - Soja Heterodera Vaso 9,19,9,404.11,2482.0,35.6,93.73,9858.0,17653.0,96.0,2986.0,19964.0,7395.0,0
dia 19 - Soja Heterodera Vaso 9,19,9,404.37,2439.0,35.6,93.73,9858.0,17654.0,97.0,2986.0,19964.0,7396.0,0
dia 19 - Soja Heterodera Vaso 9,19,9,404.64,2454.0,35.6,93.73,9858.0,17653.0,98.0,2992.0,19965.0,7397.0,0
dia 19 - Soja Heterodera Vaso 9,19,9,404.91,2451.0,35.6,93.73,9859.0,17543.0,98.0,2990.0,19965.0,7397.0,0
dia 19 - Soja Heterodera Vaso 9,19,9,405.19,2471.0,35.6,93.73,9852.0,17639.0,97.0,2988.0,19948.0,7390.0,0
dia 19 - Soja Heterodera Vaso 9,19,9,405.52,2454.0,35.6,93.73,9852.0,17527.0,96.0,2988.0,19948.0,7392.0,0
dia 19 - Soja Heterodera Vaso 9,19,9,405.86,2478.0,35.6,93.73,9853.0,17639.0,97.0,2987.0,19949.0,7391.0,0
dia 19 - Soja Heterodera Vaso 9,19,9,406.2,2442.0,35.6,93.73,9853.0,17640.0,97.0,2987.0,19948.0,7391.0,0
dia 19 - Soja Heterodera Vaso 9,19,9,406.5,2432.0,35.6,93.73,9853.0,17641.0,97.0,2989.0,19951.0,7391.0,0
dia 19 - Soja Heterodera Vaso 9,19,9,406.82,2444.0,35.7,93.74,9854.0,17641.0,96.0,2989.0,19949.0,7391.0,0
dia 19 - Soja Heterodera Vaso 9,19,9,407.17,2448.0,35.7,93.73,9794.0,17644.0,97.0,2989.0,19949.0,7391.0,0
dia 19 - Soja Heterodera Vaso 9,19,9,407.5,2451.0,35.7,93.74,9868.0,17665.0,97.0,2985.0,19975.0,7400.0,0
dia 19 - Soja Heterodera Vaso 9,19,9,407.78,2451.0,35.7,93.74,9877.0,17611.0,97.0,2989.0,19952.0,7398.0,0
dia 19 - Soja Heterodera Vaso 9,19,9,408.06,2448.0,35.7,93.73,9867.0,17656.0,97.0,2988.0,19975.0,7398.0,0
dia 19 - Soja Heterodera Vaso 9,19,9,408.34,2483.0,35.7,93.73,9868.0,17661.0,97.0,2989.0,19974.0,7401.0,0
dia 19 - Soja Heterodera Vaso 9,19,9,408.62,2457.0,35.7,93.73,9870.0,17660.0,97.0,2989.0,19968.0,7403.0,0
dia 19 - Soja Heterodera Vaso 9,19,9,408.89,2472.0,35.7,93.73,9870.0,17663.0,97.0,2989.0,19971.0,7356.0,0
dia 19 - Soja Heterodera Vaso 9,19,9,409.17,2457.0,35.7,93.73,9871.0,17666.0,98.0,2988.0,19976.0,7403.0,0
dia 19 - Soja Heterodera Vaso 9,19,9,409.45,2441.0,35.7,93.73,9860.0,17646.0,96.0,2988.0,19955.0,7396.0,0
dia 19 - Soja Heterodera Vaso 9,19,9,409.75,2441.0,35.7,93.73,9861.0,17646.0,97.0,2985.0,19955.0,7396.0,0
dia 19 - Soja Heterodera Vaso 9,19,9,410.08,2480.0,35.7,93.73,9861.0,17647.0,97.0,2987.0,19958.0,7396.0,0
dia 19 - Soja Heterodera Vaso 9,19,9,410.4,2458.0,35.7,93.73,9862.0,17648.0,97.0,2984.0,19957.0,7396.0,0
dia 19 - Soja Heterodera Vaso 9,19,9,410.67,2459.0,35.7,93.73,9863.0,17648.0,97.0,2984.0,19958.0,7396.0,0
dia 19 - Soja Heterodera Vaso 9,19,9,410.97,2459.0,35.7,93.74,9864.0,17649.0,96.0,2987.0,19957.0,7396.0,0
dia 19 - Soja Heterodera Vaso 9,19,9,411.31,2447.0,35.7,93.73,9864.0,17650.0,97.0,2987.0,19959.0,7397.0,0
dia 19 - Soja Heterodera Vaso 9,19,9,411.64,2454.0,35.7,93.73,9864.0,17649.0,97.0,2985.0,19958.0,7397.0,0
dia 19 - Soja Heterodera Vaso 9,19,9,411.93,2464.0,35.7,93.74,9876.0,17671.0,97.0,2987.0,19981.0,7406.0,0
dia 19 - Soja Heterodera Vaso 9,19,9,412.2,2465.0,35.7,93.73,9872.0,17662.0,96.0,2987.0,19979.0,7405.0,0
dia 19 - Soja Heterodera Vaso 9,19,9,412.47,2467.0,35.7,93.73,9876.0,17666.0,97.0,2989.0,19979.0,7384.0,0
dia 19 - Soja Heterodera Vaso 9,19,9,412.73,2441.0,35.7,93.74,9876.0,17665.0,97.0,2988.0,19979.0,7405.0,0
dia 19 - Soja Heterodera Vaso 9,19,9,413.0,2432.0,35.7,93.73,9877.0,17556.0,98.0,2987.0,19980.0,7406.0,0
dia 19 - Soja Heterodera Vaso 9,19,9,413.28,2440.0,35.7,93.73,9877.0,17657.0,97.0,2988.0,19962.0,7400.0,0
dia 19 - Soja Heterodera Vaso 9,19,9,413.58,2457.0,35.7,93.73,9869.0,17653.0,98.0,2986.0,19963.0,7399.0,0
dia 19 - Soja Heterodera Vaso 9,19,9,413.9,2413.0,35.7,93.74,9869.0,17652.0,98.0,2985.0,19965.0,7399.0,0
dia 19 - Soja Heterodera Vaso 9,19,9,414.22,2463.0,35.7,93.73,9870.0,17654.0,97.0,2985.0,19845.0,7400.0,0
dia 19 - Soja Heterodera Vaso 9,19,9,414.53,2454.0,35.7,93.73,9870.0,17543.0,98.0,2979.0,19967.0,7400.0,0
dia 19 - Soja Heterodera Vaso 9,19,9,414.84,2467.0,35.7,93.73,9872.0,17655.0,97.0,2980.0,19840.0,7401.0,0
dia 19 - Soja Heterodera Vaso 9,19,9,415.17,2454.0,35.7,93.73,9871.0,17654.0,97.0,2981.0,19967.0,7401.0,0
dia 19 - Soja Heterodera Vaso 9,19,9,415.51,2446.0,35.7,93.73,9872.0,17655.0,97.0,2984.0,19966.0,7401.0,0
dia 19 - Soja Heterodera Vaso 9,19,9,415.79,2479.0,35.7,93.73,9885.0,17676.0,97.0,2989.0,19989.0,7409.0,0
dia 19 - Soja Heterodera Vaso 9,19,9,416.07,2447.0,35.7,93.73,9884.0,17675.0,97.0,2970.0,19864.0,7410.0,0
dia 19 - Soja Heterodera Vaso 9,19,9,416.35,2474.0,35.7,93.73,9886.0,17674.0,97.0,2979.0,19983.0,7408.0,0
dia 19 - Soja Heterodera Vaso 9,19,9,416.63,2479.0,35.7,93.73,9887.0,17675.0,97.0,2980.0,19989.0,7411.0,0
dia 19 - Soja Heterodera Vaso 9,19,9,416.91,2447.0,35.7,93.74,9883.0,17678.0,97.0,2990.0,19989.0,7413.0,0
dia 19 - Soja Heterodera Vaso 9,19,9,417.18,2471.0,35.7,93.73,9887.0,17676.0,98.0,2985.0,19989.0,7375.0,0
dia 19 - Soja Heterodera Vaso 9,19,9,417.47,2446.0,35.7,93.73,9878.0,17659.0,97.0,2986.0,19969.0,7404.0,0
dia 19 - Soja Heterodera Vaso 9,19,9,417.79,2455.0,35.7,93.73,9878.0,17658.0,97.0,2982.0,19970.0,7404.0,0
dia 19 - Soja Heterodera Vaso 9,19,9,418.1,2463.0,35.7,93.73,9878.0,17658.0,97.0,2981.0,19971.0,7400.0,0
dia 19 - Soja Heterodera Vaso 9,19,9,418.41,2438.0,35.7,93.73,9878.0,17660.0,98.0,2983.0,19952.0,7385.0,0
dia 19 - Soja Heterodera Vaso 9,19,9,418.69,2453.0,35.7,93.73,9879.0,17660.0,97.0,2985.0,19972.0,7405.0,0
dia 19 - Soja Heterodera Vaso 9,19,9,418.99,2456.0,35.8,93.74,9879.0,17660.0,97.0,2983.0,19970.0,7404.0,0
dia 19 - Soja Heterodera Vaso 9,19,9,419.33,2472.0,35.8,93.73,9879.0,17661.0,97.0,2983.0,19972.0,7405.0,0
dia 19 - Soja Heterodera Vaso 9,19,9,419.67,2469.0,35.8,93.73,9817.0,17661.0,97.0,2969.0,19971.0,7405.0,0
dia 19 - Soja Heterodera Vaso 9,19,9,420.05,2440.0,35.7,93.73,9903.0,17700.0,97.0,2979.0,20015.0,7421.0,0
dia 19 - Soja Heterodera Vaso 9,19,9,420.32,2453.0,35.8,93.74,9891.0,17677.0,97.0,2984.0,19991.0,7411.0,0
dia 19 - Soja Heterodera Vaso 9,19,9,420.58,2446.0,35.8,93.74,9853.0,17680.0,98.0,2993.0,19991.0,7413.0,0
dia 19 - Soja Heterodera Vaso 9,19,9,420.85,2465.0,35.8,93.73,9892.0,17679.0,97.0,2993.0,19991.0,7413.0,0
dia 19 - Soja Heterodera Vaso 9,19,9,421.12,2440.0,35.8,93.73,9888.0,17676.0,98.0,2983.0,19996.0,7412.0,0
dia 19 - Soja Heterodera Vaso 9,19,9,421.41,2438.0,35.8,93.73,9820.0,17654.0,98.0,2986.0,19978.0,7411.0,0
dia 19 - Soja Heterodera Vaso 9,19,9,421.73,2450.0,35.8,93.73,9885.0,17663.0,98.0,2979.0,19974.0,7406.0,0
dia 19 - Soja Heterodera Vaso 9,19,9,422.06,2443.0,35.8,93.73,9884.0,17663.0,97.0,2982.0,19974.0,7406.0,0
dia 19 - Soja Heterodera Vaso 9,19,9,422.4,2405.0,35.8,93.74,9886.0,17663.0,97.0,2978.0,19975.0,7406.0,0
dia 19 - Soja Heterodera Vaso 9,19,9,422.7,2460.0,35.8,93.73,9886.0,17664.0,97.0,2983.0,19975.0,7406.0,0
dia 19 - Soja Heterodera Vaso 9,19,9,423.01,2465.0,35.8,93.73,9885.0,17664.0,97.0,2984.0,19975.0,7406.0,0
dia 19 - Soja Heterodera Vaso 9,19,9,423.32,2452.0,35.8,93.73,9886.0,17664.0,98.0,2983.0,19976.0,7407.0,0
dia 19 - Soja Heterodera Vaso 9,19,9,423.66,2437.0,35.8,93.73,9835.0,17686.0,97.0,2987.0,19998.0,7415.0,0
dia 19 - Soja Heterodera Vaso 9,19,9,423.94,2521.0,35.8,93.72,9899.0,17689.0,98.0,2978.0,19999.0,7370.0,0
dia 19 - Soja Heterodera Vaso 9,19,9,424.22,2447.0,35.8,93.73,9894.0,17677.0,98.0,2981.0,19900.0,7348.0,0
dia 19 - Soja Heterodera Vaso 9,19,9,424.49,2451.0,35.8,93.73,9890.0,17624.0,97.0,2985.0,19987.0,7405.0,0
dia 19 - Soja Heterodera Vaso 9,19,9,424.76,2447.0,35.8,93.73,9897.0,17659.0,97.0,2985.0,19968.0,7369.0,0
dia 19 - Soja Heterodera Vaso 9,19,9,425.03,2447.0,35.8,93.73,9897.0,17681.0,98.0,2985.0,19995.0,7414.0,0
dia 19 - Soja Heterodera Vaso 9,19,9,425.3,2463.0,35.8,93.73,9891.0,17668.0,96.0,2985.0,19979.0,7407.0,0
dia 19 - Soja Heterodera Vaso 9,19,9,425.61,2447.0,35.8,93.73,9890.0,17669.0,97.0,2986.0,19978.0,7408.0,0
dia 19 - Soja Heterodera Vaso 9,19,9,425.97,2458.0,35.8,93.73,9892.0,17668.0,97.0,2979.0,19981.0,7408.0,0
dia 19 - Soja Heterodera Vaso 9,19,9,426.28,2476.0,35.8,93.73,9892.0,17669.0,98.0,2986.0,19979.0,7409.0,0
dia 19 - Soja Heterodera Vaso 9,19,9,426.6,2450.0,35.8,93.73,9892.0,17671.0,98.0,2984.0,19981.0,7408.0,0
dia 19 - Soja Heterodera Vaso 9,19,9,426.92,2445.0,35.8,93.73,9893.0,17671.0,98.0,2981.0,19854.0,7408.0,0
dia 19 - Soja Heterodera Vaso 9,19,9,427.23,2467.0,35.8,93.73,9895.0,17560.0,98.0,2982.0,19984.0,7409.0,0
dia 19 - Soja Heterodera Vaso 9,19,9,427.57,2494.0,35.8,93.73,9895.0,17672.0,98.0,2979.0,19981.0,7410.0,0
dia 19 - Soja Heterodera Vaso 9,19,9,427.85,2461.0,35.8,93.73,9908.0,17643.0,98.0,2980.0,19995.0,7419.0,0
dia 19 - Soja Heterodera Vaso 9,19,9,428.13,2477.0,35.8,93.73,9907.0,17684.0,98.0,2983.0,19996.0,7417.0,0
dia 19 - Soja Heterodera Vaso 9,19,9,428.41,2442.0,35.8,93.73,9905.0,17676.0,98.0,2981.0,19991.0,7419.0,0
dia 19 - Soja Heterodera Vaso 9,19,9,428.69,2456.0,35.8,93.73,9909.0,17691.0,97.0,2980.0,20005.0,7419.0,0
dia 19 - Soja Heterodera Vaso 9,19,9,428.96,2443.0,35.8,93.73,9908.0,17683.0,98.0,2981.0,20006.0,7375.0,0
dia 19 - Soja Heterodera Vaso 9,19,9,429.23,2467.0,35.8,93.73,9899.0,17675.0,98.0,2979.0,19986.0,7418.0,0
dia 19 - Soja Heterodera Vaso 9,19,9,429.53,2455.0,35.9,93.73,9900.0,17677.0,98.0,2983.0,19986.0,7413.0,0
dia 19 - Soja Heterodera Vaso 9,19,9,429.88,2476.0,35.8,93.73,9902.0,17677.0,98.0,2976.0,19990.0,7370.0,0
dia 19 - Soja Heterodera Vaso 9,19,9,430.23,2461.0,35.8,93.73,9902.0,17680.0,98.0,2975.0,19987.0,7413.0,0
dia 19 - Soja Heterodera Vaso 9,19,9,430.52,2437.0,35.9,93.74,9848.0,17679.0,98.0,2980.0,19989.0,7414.0,0
dia 19 - Soja Heterodera Vaso 9,19,9,430.83,2442.0,35.8,93.74,9904.0,17571.0,97.0,2976.0,19988.0,7415.0,0
dia 19 - Soja Heterodera Vaso 9,19,9,431.17,2458.0,35.9,93.73,9905.0,17679.0,98.0,2974.0,19992.0,7414.0,0
dia 19 - Soja Heterodera Vaso 9,19,9,431.5,2464.0,35.9,93.74,9905.0,17679.0,98.0,2975.0,19989.0,7414.0,0
dia 19 - Soja Heterodera Vaso 9,19,9,431.78,2453.0,35.9,93.73,9917.0,17701.0,98.0,2973.0,20014.0,7424.0,0
dia 19 - Soja Heterodera Vaso 9,19,9,432.06,2465.0,35.9,93.74,9918.0,17697.0,97.0,2973.0,20009.0,7424.0,0
dia 19 - Soja Heterodera Vaso 9,19,9,432.33,2436.0,35.9,93.74,9917.0,17698.0,97.0,2980.0,20010.0,7424.0,0
dia 19 - Soja Heterodera Vaso 9,19,9,432.6,2480.0,35.9,93.74,9919.0,17698.0,98.0,2986.0,20010.0,7424.0,0
dia 19 - Soja Heterodera Vaso 9,19,9,432.87,2469.0,35.9,93.74,9920.0,17592.0,98.0,2984.0,20012.0,7425.0,0
dia 19 - Soja Heterodera Vaso 9,19,9,433.13,2446.0,35.9,93.74,9917.0,17687.0,98.0,2984.0,19995.0,7419.0,0
dia 19 - Soja Heterodera Vaso 9,19,9,433.43,2453.0,35.9,93.74,9911.0,17684.0,98.0,2984.0,19996.0,7419.0,0
dia 19 - Soja Heterodera Vaso 9,19,9,433.75,2472.0,35.9,93.73,9911.0,17685.0,98.0,2984.0,19995.0,7420.0,0
dia 19 - Soja Heterodera Vaso 9,19,9,434.1,2493.0,35.9,93.74,9850.0,17687.0,98.0,2981.0,19997.0,7420.0,0
dia 19 - Soja Heterodera Vaso 9,19,9,434.43,2451.0,35.9,93.74,9915.0,17687.0,98.0,2978.0,19998.0,7421.0,0
dia 19 - Soja Heterodera Vaso 9,19,9,434.74,2433.0,35.9,93.74,9915.0,17687.0,97.0,2979.0,19997.0,7421.0,0
dia 19 - Soja Heterodera Vaso 9,19,9,435.07,2413.0,35.9,93.73,9915.0,17687.0,97.0,2983.0,19999.0,7421.0,0
dia 19 - Soja Heterodera Vaso 9,19,9,435.41,2493.0,35.9,93.73,9916.0,17687.0,97.0,2983.0,19998.0,7421.0,0
dia 19 - Soja Heterodera Vaso 9,19,9,435.69,2438.0,35.9,93.73,9927.0,17706.0,97.0,2977.0,20020.0,7430.0,0
dia 19 - Soja Heterodera Vaso 9,19,9,435.96,2409.0,35.9,93.73,9926.0,17704.0,97.0,2980.0,20017.0,7430.0,0
dia 19 - Soja Heterodera Vaso 9,19,9,436.25,2453.0,35.9,93.73,9920.0,17701.0,97.0,2982.0,19894.0,7429.0,0
dia 19 - Soja Heterodera Vaso 9,19,9,436.52,2449.0,35.9,93.73,9912.0,17705.0,97.0,2978.0,20019.0,7428.0,0
dia 19 - Soja Heterodera Vaso 9,19,9,436.8,2437.0,35.9,93.73,9926.0,17706.0,99.0,2983.0,20017.0,7429.0,0
dia 19 - Soja Heterodera Vaso 9,19,9,437.07,2465.0,35.9,93.74,9900.0,17670.0,98.0,2983.0,20000.0,7422.0,0
dia 19 - Soja Heterodera Vaso 9,19,9,437.38,2433.0,35.9,93.73,9882.0,17689.0,97.0,2982.0,20000.0,7421.0,0
dia 19 - Soja Heterodera Vaso 9,19,9,437.71,2458.0,35.9,93.73,9919.0,17690.0,97.0,2984.0,20000.0,7422.0,0
dia 19 - Soja Heterodera Vaso 9,19,9,438.03,2453.0,35.9,93.73,9920.0,17690.0,98.0,2984.0,20001.0,7423.0,0
dia 19 - Soja Heterodera Vaso 9,19,9,438.31,2438.0,35.9,93.73,9921.0,17690.0,97.0,2984.0,20001.0,7423.0,0
dia 19 - Soja Heterodera Vaso 9,19,9,438.62,2455.0,35.9,93.74,9892.0,17691.0,98.0,2980.0,20002.0,7424.0,0
dia 19 - Soja Heterodera Vaso 9,19,9,438.96,2474.0,35.9,93.74,9922.0,17691.0,98.0,2975.0,20003.0,7424.0,0
dia 19 - Soja Heterodera Vaso 9,19,9,439.29,2445.0,35.9,93.73,9924.0,17585.0,98.0,2973.0,19883.0,7301.0,0
dia 19 - Soja Heterodera Vaso 9,19,9,439.57,2436.0,35.9,93.73,9934.0,17712.0,97.0,2979.0,20025.0,7431.0,0
dia 19 - Soja Heterodera Vaso 9,19,9,439.95,2417.0,35.9,93.73,9925.0,17709.0,98.0,2985.0,19994.0,7417.0,0
dia 19 - Soja Heterodera Vaso 9,19,9,440.23,2454.0,35.9,93.73,9930.0,17715.0,98.0,2983.0,20019.0,7414.0,0
dia 19 - Soja Heterodera Vaso 9,19,9,440.51,2442.0,35.9,93.73,9933.0,17706.0,98.0,2979.0,20023.0,7430.0,0
dia 19 - Soja Heterodera Vaso 9,19,9,440.78,2444.0,35.9,93.73,9934.0,17705.0,98.0,2976.0,20013.0,7432.0,0
dia 19 - Soja Heterodera Vaso 9,19,9,441.08,2416.0,36.0,93.73,9925.0,17691.0,98.0,2975.0,20004.0,7425.0,0
dia 19 - Soja Heterodera Vaso 9,19,9,441.39,2441.0,35.9,93.73,9927.0,17695.0,98.0,2976.0,20003.0,7424.0,0
dia 19 - Soja Heterodera Vaso 9,19,9,441.73,2424.0,35.9,93.73,9927.0,17694.0,97.0,2980.0,20004.0,7425.0,0
dia 19 - Soja Heterodera Vaso 9,19,9,442.06,2438.0,35.9,93.73,9927.0,17694.0,98.0,2980.0,20003.0,7425.0,0
dia 19 - Soja Heterodera Vaso 9,19,9,442.34,2425.0,36.0,93.74,9929.0,17696.0,98.0,2981.0,20005.0,7425.0,0
dia 19 - Soja Heterodera Vaso 9,19,9,442.65,2426.0,35.9,93.74,9930.0,17698.0,98.0,2963.0,20007.0,7426.0,0
dia 19 - Soja Heterodera Vaso 9,19,9,442.96,2437.0,36.0,93.74,9930.0,17697.0,98.0,2979.0,20007.0,7426.0,0
dia 19 - Soja Heterodera Vaso 9,19,9,443.31,2457.0,35.9,93.73,9943.0,17717.0,98.0,2976.0,19906.0,7435.0,0
dia 19 - Soja Heterodera Vaso 9,19,9,443.58,2533.0,36.0,93.73,9944.0,17718.0,98.0,2978.0,20031.0,7437.0,0
dia 19 - Soja Heterodera Vaso 9,19,9,443.86,2461.0,36.0,93.74,9943.0,17716.0,98.0,2975.0,20036.0,7436.0,0
dia 19 - Soja Heterodera Vaso 9,19,9,444.13,2454.0,36.0,93.74,9941.0,17607.0,97.0,2981.0,20027.0,7437.0,0
dia 19 - Soja Heterodera Vaso 9,19,9,444.41,2454.0,36.0,93.73,9945.0,17716.0,98.0,2983.0,20027.0,7436.0,0
dia 19 - Soja Heterodera Vaso 9,19,9,444.69,2471.0,36.0,93.74,9946.0,17725.0,98.0,2980.0,20013.0,7438.0,0
dia 19 - Soja Heterodera Vaso 9,19,9,444.96,2449.0,36.0,93.74,9883.0,17704.0,97.0,2981.0,20011.0,7429.0,0
dia 19 - Soja Heterodera Vaso 9,19,9,445.27,2456.0,36.0,93.74,9880.0,17703.0,98.0,2979.0,20012.0,7430.0,0
dia 19 - Soja Heterodera Vaso 9,19,9,445.6,2485.0,36.0,93.73,9938.0,17702.0,98.0,2980.0,20013.0,7430.0,0
dia 19 - Soja Heterodera Vaso 9,19,9,445.92,2455.0,36.0,93.73,9938.0,17704.0,99.0,2981.0,20013.0,7431.0,0
dia 19 - Soja Heterodera Vaso 9,19,9,446.19,2511.0,36.0,93.73,9876.0,17704.0,97.0,2980.0,20014.0,7432.0,0
dia 19 - Soja Heterodera Vaso 9,19,9,446.49,2431.0,36.0,93.73,9921.0,17678.0,98.0,2981.0,20014.0,7432.0,0
dia 19 - Soja Heterodera Vaso 9,19,9,446.83,2457.0,36.0,93.73,9941.0,17704.0,98.0,2980.0,20015.0,7433.0,0
dia 19 - Soja Heterodera Vaso 9,19,9,447.17,2451.0,36.0,93.73,9942.0,17705.0,98.0,2979.0,20014.0,7433.0,0
dia 19 - Soja Heterodera Vaso 9,19,9,447.44,2454.0,36.0,93.73,9954.0,17727.0,98.0,2984.0,20040.0,7442.0,0
dia 19 - Soja Heterodera Vaso 9,19,9,447.71,2464.0,36.0,93.73,9966.0,17631.0,97.0,2985.0,20061.0,7451.0,0
dia 19 - Soja Heterodera Vaso 9,19,9,447.98,2458.0,36.0,93.73,9955.0,17724.0,98.0,2984.0,20035.0,7443.0,0
dia 19 - Soja Heterodera Vaso 9,19,9,448.24,2508.0,36.0,93.73,9956.0,17724.0,98.0,2983.0,20037.0,7444.0,0
dia 19 - Soja Heterodera Vaso 9,19,9,448.51,2471.0,36.0,93.73,9956.0,17726.0,97.0,2980.0,20037.0,7397.0,0
dia 19 - Soja Heterodera Vaso 9,19,9,448.79,2456.0,36.0,93.73,9956.0,17725.0,98.0,2962.0,20037.0,7443.0,0
dia 19 - Soja Heterodera Vaso 9,19,9,449.06,2451.0,36.0,93.74,9947.0,17709.0,97.0,2974.0,20019.0,7438.0,0
dia 19 - Soja Heterodera Vaso 9,19,9,449.39,2453.0,36.0,93.74,9946.0,17712.0,98.0,2978.0,20019.0,7437.0,0
dia 19 - Soja Heterodera Vaso 9,19,9,449.73,2450.0,36.0,93.73,9947.0,17710.0,98.0,2978.0,20021.0,7438.0,0
dia 19 - Soja Heterodera Vaso 9,19,9,450.07,2452.0,36.0,93.73,9948.0,17642.0,98.0,2984.0,20023.0,7438.0,0
dia 19 - Soja Heterodera Vaso 9,19,9,450.37,2425.0,36.0,93.73,9949.0,17711.0,98.0,2980.0,19940.0,7439.0,0
dia 19 - Soja Heterodera Vaso 9,19,9,450.68,2429.0,36.0,93.73,9950.0,17605.0,98.0,2979.0,20021.0,7440.0,0
dia 19 - Soja Heterodera Vaso 9,19,9,451.01,2463.0,36.0,93.73,9950.0,17712.0,97.0,2970.0,20022.0,7439.0,0
dia 19 - Soja Heterodera Vaso 9,19,9,451.37,2443.0,36.0,93.73,9965.0,17736.0,98.0,2978.0,20046.0,7448.0,0
dia 19 - Soja Heterodera Vaso 9,19,9,451.64,2468.0,36.0,93.73,9974.0,17751.0,99.0,2986.0,20066.0,7456.0,0
dia 19 - Soja Heterodera Vaso 9,19,9,451.92,2449.0,36.0,93.73,9964.0,17625.0,98.0,2982.0,20041.0,7448.0,0
dia 19 - Soja Heterodera Vaso 9,19,9,452.2,2424.0,36.0,93.73,9965.0,17723.0,98.0,2990.0,20045.0,7449.0,0
dia 19 - Soja Heterodera Vaso 9,19,9,452.58,2455.0,36.0,93.73,9959.0,17733.0,98.0,2987.0,20035.0,7446.0,0
dia 19 - Soja Heterodera Vaso 9,19,9,452.85,2470.0,36.0,93.73,9954.0,17714.0,98.0,2989.0,20026.0,7446.0,0
dia 19 - Soja Heterodera Vaso 9,19,9,453.16,2440.0,36.0,93.73,9955.0,17712.0,98.0,2983.0,20023.0,7441.0,0
dia 19 - Soja Heterodera Vaso 9,19,9,453.46,2469.0,36.0,93.73,9891.0,17717.0,99.0,2985.0,20025.0,7441.0,0
dia 19 - Soja Heterodera Vaso 9,19,9,453.78,2436.0,36.0,93.73,9955.0,17715.0,98.0,2981.0,20024.0,7441.0,0
dia 19 - Soja Heterodera Vaso 9,19,9,454.13,2454.0,36.0,93.73,9956.0,17715.0,99.0,2982.0,20026.0,7442.0,0
dia 19 - Soja Heterodera Vaso 9,19,9,454.47,2452.0,36.0,93.73,9956.0,17717.0,98.0,2981.0,19901.0,7441.0,0
dia 19 - Soja Heterodera Vaso 9,19,9,454.78,2431.0,36.0,93.73,9957.0,17611.0,97.0,2975.0,20029.0,7442.0,0
dia 19 - Soja Heterodera Vaso 9,19,9,455.12,2477.0,36.1,93.73,9958.0,17717.0,99.0,2971.0,20027.0,7441.0,0
dia 19 - Soja Heterodera Vaso 9,19,9,455.4,2498.0,36.1,93.74,9969.0,17626.0,98.0,2974.0,20049.0,7451.0,0
dia 19 - Soja Heterodera Vaso 9,19,9,455.68,2467.0,36.1,93.73,9969.0,17734.0,99.0,2976.0,20046.0,7448.0,0
dia 19 - Soja Heterodera Vaso 9,19,9,455.96,2447.0,36.1,93.73,9969.0,17729.0,99.0,2975.0,20050.0,7451.0,0
dia 19 - Soja Heterodera Vaso 9,19,9,456.24,2458.0,36.1,93.73,9969.0,17739.0,98.0,2977.0,20054.0,7438.0,0
dia 19 - Soja Heterodera Vaso 9,19,9,456.51,2469.0,36.1,93.73,9969.0,17736.0,98.0,2976.0,19978.0,7452.0,0
dia 19 - Soja Heterodera Vaso 9,19,9,456.8,2471.0,36.1,93.73,9973.0,17738.0,98.0,2981.0,20050.0,7449.0,0
dia 19 - Soja Heterodera Vaso 9,19,9,457.08,2477.0,36.1,93.73,9963.0,17721.0,98.0,2974.0,20031.0,7445.0,0
dia 19 - Soja Heterodera Vaso 9,19,9,457.39,2421.0,36.1,93.73,9964.0,17722.0,98.0,2978.0,20023.0,7445.0,0
dia 19 - Soja Heterodera Vaso 9,19,9,457.7,2462.0,36.1,93.73,9963.0,17722.0,98.0,2977.0,20031.0,7445.0,0
dia 19 - Soja Heterodera Vaso 9,19,9,458.03,2429.0,36.1,93.73,9963.0,17722.0,98.0,2978.0,20031.0,7445.0,0
dia 19 - Soja Heterodera Vaso 9,19,9,458.31,2466.0,36.1,93.73,9966.0,17722.0,98.0,2970.0,20033.0,7446.0,0
dia 19 - Soja Heterodera Vaso 9,19,9,458.61,2452.0,36.1,93.73,9966.0,17723.0,97.0,2974.0,20032.0,7447.0,0
dia 19 - Soja Heterodera Vaso 9,19,9,458.95,2460.0,36.1,93.73,9967.0,17724.0,97.0,2975.0,20035.0,7446.0,0
dia 19 - Soja Heterodera Vaso 9,19,9,459.33,2458.0,36.1,93.73,9967.0,17737.0,98.0,2972.0,20056.0,7456.0,0
dia 19 - Soja Heterodera Vaso 9,19,9,459.6,2447.0,36.1,93.73,9980.0,17645.0,98.0,2975.0,20058.0,7456.0,0
dia 19 - Soja Heterodera Vaso 9,19,9,459.87,2469.0,36.1,93.73,9978.0,17742.0,98.0,2976.0,20054.0,7455.0,0
dia 19 - Soja Heterodera Vaso 9,19,9,460.14,2460.0,36.1,93.73,9978.0,17742.0,99.0,2977.0,20053.0,7456.0,0
dia 19 - Soja Heterodera Vaso 9,19,9,460.41,2452.0,36.1,93.73,9980.0,17631.0,98.0,2983.0,20055.0,7456.0,0
dia 19 - Soja Heterodera Vaso 9,19,9,460.68,2451.0,36.1,93.73,9980.0,17744.0,99.0,2986.0,20054.0,7456.0,0
dia 19 - Soja Heterodera Vaso 9,19,9,460.96,2422.0,36.1,93.74,9973.0,17727.0,99.0,2980.0,20038.0,7450.0,0
dia 19 - Soja Heterodera Vaso 9,19,9,461.3,2447.0,36.1,93.73,9973.0,17727.0,98.0,2977.0,20038.0,7451.0,0
dia 19 - Soja Heterodera Vaso 9,19,9,461.63,2472.0,36.1,93.73,9973.0,17727.0,98.0,2978.0,19950.0,7453.0,0
dia 19 - Soja Heterodera Vaso 9,19,9,461.97,2439.0,36.1,93.73,9974.0,17730.0,98.0,2974.0,20039.0,7452.0,0
dia 19 - Soja Heterodera Vaso 9,19,9,462.27,2503.0,36.1,93.73,9975.0,17730.0,98.0,2979.0,20040.0,7452.0,0
dia 19 - Soja Heterodera Vaso 9,19,9,462.59,2450.0,36.1,93.72,9976.0,17730.0,98.0,2972.0,20041.0,7453.0,0
dia 19 - Soja Heterodera Vaso 9,19,9,462.91,2456.0,36.1,93.73,9975.0,17731.0,98.0,2977.0,20040.0,7452.0,0
dia 19 - Soja Heterodera Vaso 9,19,9,463.26,2469.0,36.1,93.73,9989.0,17754.0,99.0,2976.0,20064.0,7416.0,0
dia 19 - Soja Heterodera Vaso 9,19,9,463.55,2435.0,36.1,93.73,9999.0,17769.0,99.0,2976.0,20085.0,7470.0,0
dia 19 - Soja Heterodera Vaso 9,19,9,463.82,2452.0,36.1,93.74,9914.0,17749.0,99.0,2970.0,20051.0,7434.0,0
dia 19 - Soja Heterodera Vaso 9,19,9,464.09,2458.0,36.1,93.73,9986.0,17746.0,98.0,2974.0,19934.0,7460.0,0
dia 19 - Soja Heterodera Vaso 9,19,9,464.36,2437.0,36.1,93.73,9985.0,17748.0,98.0,2976.0,20052.0,7459.0,0
dia 19 - Soja Heterodera Vaso 9,19,9,464.63,2470.0,36.1,93.73,9982.0,17726.0,98.0,2974.0,20019.0,7455.0,0
dia 19 - Soja Heterodera Vaso 9,19,9,464.91,2459.0,36.1,93.73,9978.0,17733.0,99.0,2976.0,19919.0,7455.0,0
dia 19 - Soja Heterodera Vaso 9,19,9,465.23,2467.0,36.1,93.74,9979.0,17629.0,99.0,2975.0,20043.0,7453.0,0
dia 19 - Soja Heterodera Vaso 9,19,9,465.58,2458.0,36.1,93.73,9980.0,17733.0,99.0,2975.0,20046.0,7454.0,0
dia 19 - Soja Heterodera Vaso 9,19,9,465.92,2453.0,36.1,93.73,9981.0,17735.0,98.0,2981.0,20044.0,7456.0,0
dia 19 - Soja Heterodera Vaso 9,19,9,466.22,2473.0,36.1,93.73,9983.0,17736.0,98.0,2982.0,20048.0,7456.0,0
dia 19 - Soja Heterodera Vaso 9,19,9,466.54,2469.0,36.1,93.74,9984.0,17736.0,99.0,2980.0,20046.0,7410.0,0
dia 19 - Soja Heterodera Vaso 9,19,9,466.86,2442.0,36.1,93.73,9984.0,17736.0,99.0,2979.0,19934.0,7456.0,0
dia 19 - Soja Heterodera Vaso 9,19,9,467.21,2487.0,36.1,93.73,9998.0,17760.0,99.0,2977.0,20071.0,7465.0,0
dia 19 - Soja Heterodera Vaso 9,19,9,467.49,2478.0,36.1,93.73,9942.0,17771.0,98.0,2978.0,20034.0,7406.0,0
dia 19 - Soja Heterodera Vaso 9,19,9,467.78,2463.0,36.1,93.73,9997.0,17757.0,98.0,2972.0,20068.0,7419.0,0
dia 19 - Soja Heterodera Vaso 9,19,9,468.06,2473.0,36.2,93.73,9998.0,17743.0,99.0,2970.0,20071.0,7466.0,0
dia 19 - Soja Heterodera Vaso 9,19,9,468.33,2478.0,36.1,93.73,9998.0,17757.0,98.0,2971.0,20066.0,7467.0,0
dia 19 - Soja Heterodera Vaso 9,19,9,468.6,2472.0,36.2,93.73,9983.0,17653.0,99.0,2982.0,20058.0,7460.0,0
dia 19 - Soja Heterodera Vaso 9,19,9,468.89,2453.0,36.2,93.73,9990.0,17742.0,99.0,2985.0,20050.0,7415.0,0
dia 19 - Soja Heterodera Vaso 9,19,9,469.2,2436.0,36.2,93.73,9990.0,17743.0,98.0,2978.0,20051.0,7461.0,0
dia 19 - Soja Heterodera Vaso 9,19,9,469.53,2470.0,36.2,93.73,9930.0,17742.0,98.0,2973.0,20051.0,7461.0,0
dia 19 - Soja Heterodera Vaso 9,19,9,469.85,2459.0,36.2,93.73,10002.0,17744.0,98.0,2970.0,20051.0,7461.0,0
dia 19 - Soja Heterodera Vaso 9,19,9,470.15,2473.0,36.2,93.73,9932.0,17743.0,98.0,2976.0,20053.0,7462.0,0
dia 19 - Soja Heterodera Vaso 9,19,9,470.47,2448.0,36.2,93.74,9993.0,17743.0,99.0,2976.0,20055.0,7462.0,0
dia 19 - Soja Heterodera Vaso 9,19,9,470.79,2469.0,36.2,93.74,9993.0,17743.0,99.0,2971.0,20052.0,7463.0,0
dia 19 - Soja Heterodera Vaso 9,19,9,471.1,2451.0,36.2,93.73,10006.0,17764.0,99.0,2977.0,20076.0,7472.0,0
dia 19 - Soja Heterodera Vaso 9,19,9,471.37,2477.0,36.2,93.73,10017.0,17664.0,99.0,2976.0,19965.0,7477.0,0
dia 19 - Soja Heterodera Vaso 9,19,9,471.64,2525.0,36.2,93.73,10006.0,17761.0,98.0,2979.0,20072.0,7471.0,0
dia 19 - Soja Heterodera Vaso 9,19,9,471.92,2438.0,36.2,93.73,10006.0,17763.0,99.0,2984.0,20074.0,7472.0,0
dia 19 - Soja Heterodera Vaso 9,19,9,472.19,2510.0,36.2,93.73,10005.0,17652.0,99.0,2981.0,20074.0,7472.0,0
dia 19 - Soja Heterodera Vaso 9,19,9,472.46,2456.0,36.2,93.73,10006.0,17763.0,99.0,2974.0,20074.0,7474.0,0
dia 19 - Soja Heterodera Vaso 9,19,9,472.73,2470.0,36.2,93.73,9999.0,17749.0,99.0,2975.0,20049.0,7471.0,0
dia 19 - Soja Heterodera Vaso 9,19,9,473.04,2501.0,36.2,93.74,9999.0,17747.0,99.0,2979.0,20056.0,7467.0,0
dia 19 - Soja Heterodera Vaso 9,19,9,473.37,2454.0,36.2,93.73,9995.0,17747.0,99.0,2979.0,20058.0,7472.0,0
dia 19 - Soja Heterodera Vaso 9,19,9,473.71,2426.0,36.2,93.73,10000.0,17748.0,99.0,2979.0,20004.0,7461.0,0
dia 19 - Soja Heterodera Vaso 9,19,9,474.02,2461.0,36.2,93.73,10000.0,17748.0,99.0,2985.0,19992.0,7468.0,0
dia 19 - Soja Heterodera Vaso 9,19,9,474.34,2466.0,36.2,93.73,9937.0,17750.0,99.0,2979.0,20060.0,7468.0,0
dia 19 - Soja Heterodera Vaso 9,19,9,474.67,2479.0,36.2,93.73,10001.0,17750.0,99.0,2979.0,20060.0,7467.0,0
dia 19 - Soja Heterodera Vaso 9,19,9,475.02,2462.0,36.2,93.73,10015.0,17772.0,99.0,2978.0,20083.0,7476.0,0
dia 19 - Soja Heterodera Vaso 9,19,9,475.29,2451.0,36.2,93.73,10025.0,17788.0,98.0,2980.0,20102.0,7485.0,0
dia 19 - Soja Heterodera Vaso 9,19,9,475.57,2447.0,36.2,93.74,10012.0,17769.0,99.0,2987.0,19939.0,7474.0,0
dia 19 - Soja Heterodera Vaso 9,19,9,475.85,2454.0,36.2,93.73,10015.0,17765.0,99.0,2981.0,20083.0,7477.0,0
dia 19 - Soja Heterodera Vaso 9,19,9,476.13,2461.0,36.2,93.73,10013.0,17766.0,98.0,2982.0,19914.0,7461.0,0
dia 19 - Soja Heterodera Vaso 9,19,9,476.4,2478.0,36.2,93.73,10002.0,17766.0,98.0,2981.0,20008.0,7459.0,0
dia 19 - Soja Heterodera Vaso 9,19,9,476.68,2396.0,36.2,93.73,10003.0,17751.0,99.0,2982.0,20060.0,7425.0,0
dia 19 - Soja Heterodera Vaso 9,19,9,477.11,2442.0,36.2,93.73,9941.0,17754.0,98.0,2977.0,20060.0,7469.0,0
dia 19 - Soja Heterodera Vaso 9,19,9,477.46,2435.0,36.2,93.73,10005.0,17752.0,99.0,2978.0,20063.0,7469.0,0
dia 19 - Soja Heterodera Vaso 9,19,9,477.79,2480.0,36.2,93.73,10005.0,17752.0,99.0,2974.0,20062.0,7470.0,0
dia 19 - Soja Heterodera Vaso 9,19,9,478.1,2444.0,36.2,93.73,10006.0,17752.0,99.0,2972.0,20064.0,7471.0,0
dia 19 - Soja Heterodera Vaso 9,19,9,478.41,2495.0,36.2,93.73,10008.0,17752.0,99.0,2975.0,20064.0,7471.0,0
dia 19 - Soja Heterodera Vaso 9,19,9,478.73,2470.0,36.2,93.73,10008.0,17754.0,99.0,2974.0,19944.0,7471.0,0
dia 19 - Soja Heterodera Vaso 9,19,9,479.09,2463.0,36.2,93.73,10022.0,17777.0,98.0,2969.0,20086.0,7480.0,0
dia 19 - Soja Heterodera Vaso 9,19,9,479.36,2476.0,36.2,93.73,10027.0,17730.0,99.0,2967.0,20065.0,7459.0,0
dia 19 - Soja Heterodera Vaso 9,19,9,479.63,2428.0,36.2,93.73,10019.0,17772.0,100.0,2972.0,20084.0,7480.0,0
dia 19 - Soja Heterodera Vaso 9,19,9,479.9,2466.0,36.2,93.73,10021.0,17772.0,99.0,2976.0,20084.0,7480.0,0
dia 19 - Soja Heterodera Vaso 9,19,9,480.17,2477.0,36.2,93.73,10021.0,17665.0,98.0,2974.0,20085.0,7480.0,0
dia 19 - Soja Heterodera Vaso 9,19,9,480.44,2441.0,36.2,93.73,10022.0,17773.0,98.0,2974.0,20089.0,7483.0,0
dia 19 - Soja Heterodera Vaso 9,19,9,480.74,2465.0,36.2,93.73,10014.0,17757.0,99.0,2975.0,20067.0,7475.0,0
dia 19 - Soja Heterodera Vaso 9,19,9,481.04,2456.0,36.3,93.73,10013.0,17757.0,99.0,2975.0,20067.0,7475.0,0
dia 19 - Soja Heterodera Vaso 9,19,9,481.38,2489.0,36.2,93.73,10014.0,17758.0,98.0,2968.0,20068.0,7476.0,0
dia 19 - Soja Heterodera Vaso 9,19,9,481.73,2476.0,36.2,93.73,10028.0,17653.0,99.0,2975.0,20069.0,7475.0,0
dia 19 - Soja Heterodera Vaso 9,19,9,482.02,2455.0,36.3,93.73,10016.0,17652.0,99.0,2975.0,20069.0,7476.0,0
dia 19 - Soja Heterodera Vaso 9,19,9,482.35,2443.0,36.3,93.73,9955.0,17758.0,100.0,2974.0,20071.0,7476.0,0
dia 19 - Soja Heterodera Vaso 9,19,9,482.66,2437.0,36.3,93.73,10017.0,17760.0,99.0,2973.0,20069.0,7476.0,0
dia 19 - Soja Heterodera Vaso 9,19,9,482.99,2461.0,36.3,93.73,10029.0,17782.0,99.0,2970.0,20093.0,7485.0,0
dia 19 - Soja Heterodera Vaso 9,19,9,483.26,2447.0,36.3,93.73,9973.0,17730.0,98.0,2982.0,20029.0,7481.0,0
dia 19 - Soja Heterodera Vaso 9,19,9,483.54,2478.0,36.3,93.73,10023.0,17770.0,99.0,2975.0,20079.0,7486.0,0
dia 19 - Soja Heterodera Vaso 9,19,9,483.82,2459.0,36.3,93.73,10026.0,17782.0,98.0,2975.0,20091.0,7484.0,0
dia 19 - Soja Heterodera Vaso 9,19,9,484.09,2469.0,36.3,93.73,10030.0,17776.0,99.0,2944.0,20091.0,7486.0,0
dia 19 - Soja Heterodera Vaso 9,19,9,484.37,2462.0,36.3,93.74,10028.0,17779.0,99.0,2961.0,19965.0,7488.0,0
dia 19 - Soja Heterodera Vaso 9,19,9,484.67,2435.0,36.3,93.73,10020.0,17763.0,99.0,2967.0,19948.0,7478.0,0
dia 19 - Soja Heterodera Vaso 9,19,9,485.09,2430.0,36.3,93.73,10021.0,17651.0,99.0,2966.0,20074.0,7479.0,0
dia 19 - Soja Heterodera Vaso 9,19,9,485.4,2474.0,36.3,93.73,9950.0,17763.0,100.0,2968.0,20072.0,7480.0,0
dia 19 - Soja Heterodera Vaso 9,19,9,485.76,2486.0,36.3,93.74,10035.0,17765.0,98.0,2964.0,20073.0,7480.0,0
dia 19 - Soja Heterodera Vaso 9,19,9,486.05,2484.0,36.3,93.74,10023.0,17765.0,99.0,2967.0,20074.0,7479.0,0
dia 19 - Soja Heterodera Vaso 9,19,9,486.37,2463.0,36.3,93.73,10025.0,17765.0,99.0,2969.0,20077.0,7481.0,0
dia 19 - Soja Heterodera Vaso 9,19,9,486.7,2419.0,36.3,93.73,10024.0,17766.0,99.0,2965.0,20076.0,7481.0,0
dia 19 - Soja Heterodera Vaso 9,19,9,487.01,2464.0,36.3,93.73,10038.0,17787.0,99.0,2959.0,20100.0,7490.0,0
dia 19 - Soja Heterodera Vaso 9,19,9,487.29,2420.0,36.3,93.73,10040.0,17756.0,100.0,2966.0,20086.0,7489.0,0
dia 19 - Soja Heterodera Vaso 9,19,9,487.57,2455.0,36.3,93.74,10038.0,17785.0,100.0,2972.0,20087.0,7482.0,0
dia 19 - Soja Heterodera Vaso 9,19,9,487.84,2473.0,36.3,93.73,10015.0,17702.0,99.0,2963.0,19946.0,7490.0,0
dia 19 - Soja Heterodera Vaso 9,19,9,488.11,2440.0,36.3,93.73,10034.0,17783.0,99.0,2968.0,20095.0,7488.0,0
dia 19 - Soja Heterodera Vaso 9,19,9,488.38,2448.0,36.3,93.73,10029.0,17661.0,99.0,2966.0,20071.0,7480.0,0
dia 19 - Soja Heterodera Vaso 9,19,9,488.7,2481.0,36.3,93.73,10029.0,17768.0,98.0,2965.0,20079.0,7482.0,0
dia 19 - Soja Heterodera Vaso 9,19,9,489.02,2442.0,36.3,93.73,10029.0,17769.0,99.0,2963.0,20078.0,7482.0,0
dia 19 - Soja Heterodera Vaso 9,19,9,489.35,2442.0,36.3,93.73,10030.0,17770.0,99.0,2964.0,20078.0,7483.0,0
dia 19 - Soja Heterodera Vaso 9,19,9,489.7,2476.0,36.3,93.74,10030.0,17771.0,99.0,2966.0,19954.0,7483.0,0
dia 19 - Soja Heterodera Vaso 9,19,9,490.01,2471.0,36.3,93.73,10032.0,17658.0,99.0,2967.0,20080.0,7485.0,0
dia 19 - Soja Heterodera Vaso 9,19,9,490.34,2471.0,36.3,93.73,10032.0,17771.0,99.0,2960.0,20082.0,7485.0,0
dia 19 - Soja Heterodera Vaso 9,19,9,490.68,2462.0,36.3,93.73,10032.0,17771.0,99.0,2966.0,20080.0,7485.0,0
dia 19 - Soja Heterodera Vaso 9,19,9,490.96,2447.0,36.3,93.74,10045.0,17792.0,99.0,2969.0,20104.0,7494.0,0
dia 19 - Soja Heterodera Vaso 9,19,9,491.23,2456.0,36.3,93.74,10042.0,17789.0,99.0,2968.0,19977.0,7483.0,0
dia 19 - Soja Heterodera Vaso 9,19,9,491.51,2468.0,36.3,93.73,10043.0,17787.0,99.0,2971.0,20104.0,7492.0,0
dia 19 - Soja Heterodera Vaso 9,19,9,491.78,2476.0,36.3,93.73,10044.0,17785.0,99.0,2967.0,20089.0,7487.0,0
dia 19 - Soja Heterodera Vaso 9,19,9,492.06,2463.0,36.3,93.73,10045.0,17680.0,100.0,2971.0,20100.0,7494.0,0
dia 19 - Soja Heterodera Vaso 9,19,9,492.32,2472.0,36.3,93.73,10037.0,17774.0,99.0,2973.0,20085.0,7495.0,0
dia 19 - Soja Heterodera Vaso 9,19,9,492.63,2439.0,36.3,93.73,10037.0,17774.0,99.0,2970.0,20082.0,7487.0,0
dia 19 - Soja Heterodera Vaso 9,19,9,492.97,2443.0,36.3,93.73,10038.0,17774.0,99.0,2972.0,19977.0,7487.0,0
dia 19 - Soja Heterodera Vaso 9,19,9,493.29,2479.0,36.3,93.73,10038.0,17708.0,99.0,2971.0,20084.0,7488.0,0
dia 19 - Soja Heterodera Vaso 9,19,9,493.6,2497.0,36.4,93.73,9973.0,17777.0,100.0,2970.0,20085.0,7488.0,0
dia 19 - Soja Heterodera Vaso 9,19,9,493.9,2495.0,36.3,93.74,10040.0,17669.0,99.0,2971.0,20083.0,7489.0,0
dia 19 - Soja Heterodera Vaso 9,19,9,494.23,2434.0,36.3,93.73,10040.0,17776.0,99.0,2971.0,20086.0,7489.0,0
dia 19 - Soja Heterodera Vaso 9,19,9,494.56,2478.0,36.3,93.73,10041.0,17776.0,99.0,2971.0,20085.0,7489.0,0
dia 19 - Soja Heterodera Vaso 9,19,9,494.85,2512.0,36.4,93.73,10053.0,17797.0,99.0,2970.0,20107.0,7498.0,0
dia 19 - Soja Heterodera Vaso 9,19,9,495.12,2459.0,36.4,93.73,10050.0,17796.0,99.0,2972.0,19983.0,7494.0,0
dia 19 - Soja Heterodera Vaso 9,19,9,495.4,2463.0,36.4,93.73,10050.0,17779.0,99.0,2973.0,20104.0,7480.0,0
dia 19 - Soja Heterodera Vaso 9,19,9,495.67,2470.0,36.4,93.73,10051.0,17796.0,98.0,2966.0,20107.0,7496.0,0
dia 19 - Soja Heterodera Vaso 9,19,9,495.93,2475.0,36.4,93.73,10054.0,17795.0,99.0,2974.0,19986.0,7498.0,0
dia 19 - Soja Heterodera Vaso 9,19,9,496.21,2457.0,36.4,93.73,10044.0,17779.0,100.0,2974.0,20089.0,7492.0,0
dia 19 - Soja Heterodera Vaso 9,19,9,496.52,2445.0,36.4,93.73,10044.0,17780.0,99.0,2975.0,20090.0,7492.0,0
dia 19 - Soja Heterodera Vaso 9,19,9,496.88,2463.0,36.4,93.73,9983.0,17782.0,99.0,2973.0,20089.0,7491.0,0
dia 19 - Soja Heterodera Vaso 9,19,9,497.22,2446.0,36.4,93.73,10047.0,17782.0,99.0,2979.0,20091.0,7493.0,0
dia 19 - Soja Heterodera Vaso 9,19,9,497.52,2431.0,36.4,93.73,10048.0,17783.0,100.0,2978.0,20093.0,7493.0,0
dia 19 - Soja Heterodera Vaso 9,19,9,497.84,2454.0,36.4,93.73,10049.0,17782.0,98.0,2969.0,20092.0,7494.0,0
dia 19 - Soja Heterodera Vaso 9,19,9,498.17,2470.0,36.4,93.73,10050.0,17784.0,99.0,2968.0,20093.0,7494.0,0
dia 19 - Soja Heterodera Vaso 9,19,9,498.53,2462.0,36.4,93.73,10064.0,17807.0,99.0,2968.0,20116.0,7503.0,0
dia 19 - Soja Heterodera Vaso 9,19,9,498.8,2480.0,36.4,93.73,10073.0,17822.0,100.0,2970.0,20134.0,7437.0,0
dia 19 - Soja Heterodera Vaso 9,19,9,499.08,2461.0,36.4,93.73,10062.0,17801.0,99.0,2972.0,20106.0,7498.0,0
dia 19 - Soja Heterodera Vaso 9,19,9,499.36,2486.0,36.4,93.73,10059.0,17802.0,99.0,2963.0,20106.0,7495.0,0
dia 19 - Soja Heterodera Vaso 9,19,9,499.63,2478.0,36.4,93.73,10060.0,17717.0,100.0,2969.0,20114.0,7503.0,0
dia 19 - Soja Heterodera Vaso 9,19,9,499.9,2470.0,36.4,93.73,10061.0,17799.0,99.0,2974.0,20112.0,7502.0,0
dia 19 - Soja Heterodera Vaso 9,19,9,500.19,2468.0,36.4,93.74,10054.0,17784.0,100.0,2973.0,20096.0,7497.0,0
dia 19 - Soja Heterodera Vaso 9,19,9,500.49,2479.0,36.4,93.73,10056.0,17788.0,100.0,2973.0,20096.0,7498.0,0
dia 19 - Soja Heterodera Vaso 9,19,9,500.83,2476.0,36.4,93.74,10055.0,17787.0,100.0,2970.0,20097.0,7498.0,0
dia 19 - Soja Heterodera Vaso 9,19,9,501.17,2467.0,36.4,93.73,10056.0,17790.0,100.0,2970.0,19971.0,7499.0,0
dia 19 - Soja Heterodera Vaso 9,19,9,501.46,2442.0,36.4,93.74,10057.0,17789.0,100.0,2976.0,20099.0,7463.0,0
dia 19 - Soja Heterodera Vaso 9,19,9,501.78,2471.0,36.4,93.73,10058.0,17708.0,100.0,2946.0,20100.0,7501.0,0
dia 19 - Soja Heterodera Vaso 9,19,9,502.1,2430.0,36.4,93.73,10002.0,17791.0,99.0,2955.0,20100.0,7500.0,0
dia 19 - Soja Heterodera Vaso 9,19,9,502.46,2468.0,36.4,93.73,10072.0,17813.0,100.0,2959.0,20122.0,7507.0,0
dia 19 - Soja Heterodera Vaso 9,19,9,502.73,2474.0,36.4,93.74,10081.0,17828.0,101.0,2960.0,20144.0,7517.0,0
dia 19 - Soja Heterodera Vaso 9,19,9,503.01,2450.0,36.4,93.73,10072.0,17792.0,99.0,2961.0,20062.0,7511.0,0
dia 19 - Soja Heterodera Vaso 9,19,9,503.29,2464.0,36.4,93.73,10072.0,17806.0,101.0,2970.0,20124.0,7509.0,0
dia 19 - Soja Heterodera Vaso 9,19,9,503.57,2485.0,36.4,93.73,10074.0,17814.0,101.0,2965.0,20124.0,7510.0,0
dia 19 - Soja Heterodera Vaso 9,19,9,503.85,2481.0,36.4,93.73,10075.0,17814.0,99.0,2965.0,20125.0,7509.0,0
dia 19 - Soja Heterodera Vaso 9,19,9,504.13,2457.0,36.4,93.73,10076.0,17811.0,100.0,2971.0,20121.0,7467.0,0
dia 19 - Soja Heterodera Vaso 9,19,9,504.39,2452.0,36.4,93.73,10063.0,17794.0,100.0,2967.0,20103.0,7503.0,0
dia 19 - Soja Heterodera Vaso 9,19,9,504.71,2447.0,36.4,93.73,10064.0,17794.0,98.0,2971.0,20104.0,7503.0,0
dia 19 - Soja Heterodera Vaso 9,19,9,505.06,2442.0,36.4,93.73,10000.0,17795.0,100.0,2966.0,20104.0,7503.0,0
dia 19 - Soja Heterodera Vaso 9,19,9,505.41,2492.0,36.4,93.73,10065.0,17795.0,100.0,2967.0,20105.0,7504.0,0
dia 19 - Soja Heterodera Vaso 9,19,9,505.71,2451.0,36.4,93.74,10066.0,17795.0,100.0,2975.0,20107.0,7504.0,0
dia 19 - Soja Heterodera Vaso 9,19,9,506.02,2456.0,36.4,93.73,10066.0,17796.0,99.0,2967.0,20106.0,7505.0,0
dia 19 - Soja Heterodera Vaso 9,19,9,506.35,2483.0,36.4,93.73,10067.0,17795.0,100.0,2966.0,20106.0,7505.0,0
dia 19 - Soja Heterodera Vaso 9,19,9,506.7,2456.0,36.4,93.73,10081.0,17708.0,100.0,2964.0,20129.0,7513.0,0
dia 19 - Soja Heterodera Vaso 9,19,9,506.97,2452.0,36.4,93.73,10091.0,17834.0,100.0,2966.0,20150.0,7522.0,0
dia 19 - Soja Heterodera Vaso 9,19,9,507.25,2447.0,36.5,93.74,10078.0,17811.0,100.0,2967.0,20125.0,7513.0,0
dia 19 - Soja Heterodera Vaso 9,19,9,507.51,2477.0,36.4,93.73,10079.0,17701.0,100.0,2969.0,20127.0,7514.0,0
dia 19 - Soja Heterodera Vaso 9,19,9,507.78,2477.0,36.4,93.73,10080.0,17815.0,100.0,2969.0,20127.0,7515.0,0
dia 19 - Soja Heterodera Vaso 9,19,9,508.05,2495.0,36.5,93.73,10080.0,17815.0,99.0,2971.0,20120.0,7515.0,0
dia 19 - Soja Heterodera Vaso 9,19,9,508.33,2448.0,36.5,93.73,10072.0,17709.0,100.0,2970.0,20115.0,7509.0,0
dia 19 - Soja Heterodera Vaso 9,19,9,508.65,2455.0,36.5,93.73,10007.0,17801.0,100.0,2970.0,20109.0,7509.0,0
dia 19 - Soja Heterodera Vaso 9,19,9,509.0,2488.0,36.4,93.73,10072.0,17798.0,99.0,2969.0,20111.0,7510.0,0
dia 19 - Soja Heterodera Vaso 9,19,9,509.33,2477.0,36.5,93.73,10072.0,17799.0,100.0,2970.0,20110.0,7508.0,0
dia 19 - Soja Heterodera Vaso 9,19,9,509.64,2501.0,36.5,93.73,10073.0,17800.0,99.0,2970.0,20110.0,7509.0,0
dia 19 - Soja Heterodera Vaso 9,19,9,509.94,2472.0,36.5,93.74,10073.0,17799.0,99.0,2967.0,20109.0,7509.0,0
dia 19 - Soja Heterodera Vaso 9,19,9,510.29,2429.0,36.5,93.73,10009.0,17802.0,98.0,2964.0,20111.0,7510.0,0
dia 19 - Soja Heterodera Vaso 9,19,9,510.62,2466.0,36.5,93.73,10026.0,17823.0,101.0,2964.0,20134.0,7519.0,0
dia 19 - Soja Heterodera Vaso 9,19,9,510.9,2470.0,36.5,93.73,10098.0,17723.0,100.0,2968.0,20153.0,7504.0,0
dia 19 - Soja Heterodera Vaso 9,19,9,511.18,2452.0,36.5,93.74,10086.0,17819.0,99.0,2971.0,20126.0,7519.0,0
dia 19 - Soja Heterodera Vaso 9,19,9,511.46,2481.0,36.5,93.73,10084.0,17821.0,100.0,2969.0,20129.0,7519.0,0
dia 19 - Soja Heterodera Vaso 9,19,9,511.74,2476.0,36.5,93.74,10087.0,17822.0,99.0,2968.0,20130.0,7521.0,0
dia 19 - Soja Heterodera Vaso 9,19,9,512.01,2447.0,36.5,93.73,10072.0,17823.0,100.0,2980.0,20134.0,7473.0,0
dia 19 - Soja Heterodera Vaso 9,19,9,512.29,2433.0,36.5,93.73,10079.0,17808.0,100.0,2980.0,20140.0,7513.0,0
dia 19 - Soja Heterodera Vaso 9,19,9,512.58,2464.0,36.5,93.73,10080.0,17806.0,99.0,2970.0,20116.0,7514.0,0
dia 19 - Soja Heterodera Vaso 9,19,9,512.95,2473.0,36.5,93.74,10041.0,17807.0,100.0,2967.0,20119.0,7514.0,0
dia 19 - Soja Heterodera Vaso 9,19,9,513.27,2471.0,36.5,93.73,10081.0,17807.0,100.0,2967.0,20117.0,7514.0,0
dia 19 - Soja Heterodera Vaso 9,19,9,513.58,2445.0,36.5,93.73,10081.0,17806.0,99.0,2962.0,20118.0,7516.0,0
dia 19 - Soja Heterodera Vaso 9,19,9,513.88,2451.0,36.5,93.73,10083.0,17806.0,100.0,2971.0,20116.0,7515.0,0
dia 19 - Soja Heterodera Vaso 9,19,9,514.21,2448.0,36.5,93.72,10082.0,17807.0,99.0,2963.0,20119.0,7515.0,0
dia 19 - Soja Heterodera Vaso 9,19,9,514.65,2454.0,36.5,93.73,10083.0,17808.0,100.0,2959.0,20119.0,7515.0,0
dia 19 - Soja Heterodera Vaso 9,19,9,515.08,2432.0,36.5,93.73,10105.0,17847.0,100.0,2964.0,20162.0,7499.0,0
dia 19 - Soja Heterodera Vaso 9,19,9,515.34,2460.0,36.5,93.73,10092.0,17824.0,100.0,2965.0,20138.0,7524.0,0
dia 19 - Soja Heterodera Vaso 9,19,9,515.62,2490.0,36.5,93.73,10094.0,17825.0,99.0,2968.0,20138.0,7524.0,0
dia 19 - Soja Heterodera Vaso 9,19,9,515.89,2503.0,36.5,93.73,10094.0,17826.0,100.0,2973.0,20139.0,7525.0,0
dia 19 - Soja Heterodera Vaso 9,19,9,516.16,2464.0,36.5,93.73,10092.0,17823.0,100.0,2968.0,20140.0,7525.0,0
dia 19 - Soja Heterodera Vaso 9,19,9,516.44,2444.0,36.5,93.73,10088.0,17812.0,99.0,2969.0,20124.0,7524.0,0
dia 19 - Soja Heterodera Vaso 9,19,9,516.76,2478.0,36.5,93.73,10090.0,17813.0,100.0,2964.0,20123.0,7520.0,0
dia 19 - Soja Heterodera Vaso 9,19,9,517.09,2483.0,36.5,93.73,10089.0,17813.0,99.0,2958.0,20125.0,7521.0,0
dia 19 - Soja Heterodera Vaso 9,19,9,517.42,2456.0,36.5,93.73,10089.0,17813.0,99.0,2962.0,20123.0,7521.0,0
dia 19 - Soja Heterodera Vaso 9,19,9,517.84,2503.0,36.5,93.73,10091.0,17815.0,100.0,2966.0,20125.0,7476.0,0
dia 19 - Soja Heterodera Vaso 9,19,9,518.17,2479.0,36.5,93.73,10039.0,17817.0,101.0,2974.0,20126.0,7521.0,0
dia 19 - Soja Heterodera Vaso 9,19,9,518.5,2486.0,36.5,93.73,10089.0,17802.0,99.0,2976.0,20120.0,7522.0,0
dia 19 - Soja Heterodera Vaso 9,19,9,518.83,2475.0,36.5,93.73,10106.0,17839.0,101.0,2982.0,20149.0,7531.0,0
dia 19 - Soja Heterodera Vaso 9,19,9,519.1,2447.0,36.5,93.73,10016.0,17846.0,100.0,2982.0,20120.0,7530.0,0
dia 19 - Soja Heterodera Vaso 9,19,9,519.38,2457.0,36.5,93.73,10105.0,17832.0,100.0,2981.0,20128.0,7530.0,0
dia 19 - Soja Heterodera Vaso 9,19,9,519.65,2452.0,36.5,93.73,10104.0,17834.0,100.0,2982.0,20148.0,7531.0,0
dia 19 - Soja Heterodera Vaso 9,19,9,519.92,2483.0,36.5,93.73,10039.0,17833.0,100.0,2984.0,20145.0,7531.0,0
dia 19 - Soja Heterodera Vaso 9,19,9,520.19,2463.0,36.5,93.73,10104.0,17833.0,100.0,2976.0,20145.0,7531.0,0
dia 19 - Soja Heterodera Vaso 9,19,9,520.48,2460.0,36.6,93.74,10095.0,17819.0,100.0,2977.0,20127.0,7525.0,0
dia 19 - Soja Heterodera Vaso 9,19,9,520.78,2452.0,36.5,93.73,10097.0,17820.0,101.0,2978.0,20127.0,7526.0,0
dia 19 - Soja Heterodera Vaso 9,19,9,521.12,2440.0,36.6,93.73,10097.0,17820.0,100.0,2981.0,20132.0,7478.0,0
dia 19 - Soja Heterodera Vaso 9,19,9,521.45,2492.0,36.5,93.74,10047.0,17823.0,101.0,2974.0,20132.0,7527.0,0
dia 19 - Soja Heterodera Vaso 9,19,9,521.76,2447.0,36.6,93.74,10034.0,17821.0,100.0,2978.0,20134.0,7526.0,0
dia 19 - Soja Heterodera Vaso 9,19,9,522.07,2468.0,36.6,93.73,10099.0,17821.0,99.0,2975.0,20132.0,7527.0,0
dia 19 - Soja Heterodera Vaso 9,19,9,522.4,2466.0,36.6,93.73,10098.0,17821.0,100.0,2972.0,20132.0,7527.0,0
dia 19 - Soja Heterodera Vaso 9,19,9,522.75,2488.0,36.5,93.73,10113.0,17846.0,99.0,2972.0,20157.0,7536.0,0
dia 19 - Soja Heterodera Vaso 9,19,9,523.02,2515.0,36.6,93.73,10121.0,17861.0,100.0,2968.0,20177.0,7545.0,0
dia 19 - Soja Heterodera Vaso 9,19,9,523.3,2487.0,36.6,93.73,10045.0,17843.0,100.0,2972.0,20155.0,7538.0,0
dia 19 - Soja Heterodera Vaso 9,19,9,523.58,2468.0,36.5,93.73,10113.0,17837.0,100.0,2972.0,20156.0,7536.0,0
dia 19 - Soja Heterodera Vaso 9,19,9,523.86,2440.0,36.6,93.73,10110.0,17841.0,101.0,2973.0,20068.0,7533.0,0
dia 19 - Soja Heterodera Vaso 9,19,9,524.14,2447.0,36.6,93.73,10112.0,17835.0,100.0,2969.0,20156.0,7536.0,0
dia 19 - Soja Heterodera Vaso 9,19,9,524.42,2459.0,36.6,93.73,10107.0,17782.0,100.0,2974.0,20157.0,7537.0,0
dia 19 - Soja Heterodera Vaso 9,19,9,524.7,2478.0,36.6,93.73,10105.0,17826.0,99.0,2976.0,20137.0,7484.0,0
dia 19 - Soja Heterodera Vaso 9,19,9,525.02,2487.0,36.6,93.73,10105.0,17827.0,101.0,2978.0,20013.0,7531.0,0
dia 19 - Soja Heterodera Vaso 9,19,9,525.34,2481.0,36.6,93.73,10040.0,17826.0,100.0,2972.0,20140.0,7532.0,0
dia 19 - Soja Heterodera Vaso 9,19,9,525.66,2440.0,36.6,93.73,10104.0,17827.0,99.0,2970.0,20138.0,7532.0,0
dia 19 - Soja Heterodera Vaso 9,19,9,525.93,2446.0,36.6,93.73,10105.0,17826.0,100.0,2975.0,20138.0,7485.0,0
dia 19 - Soja Heterodera Vaso 9,19,9,526.23,2494.0,36.6,93.73,10106.0,17828.0,101.0,2979.0,20139.0,7533.0,0
dia 19 - Soja Heterodera Vaso 9,19,9,526.56,2456.0,36.6,93.73,10106.0,17716.0,100.0,2978.0,20141.0,7533.0,0
dia 19 - Soja Heterodera Vaso 9,19,9,526.9,2462.0,36.6,93.73,10106.0,17828.0,100.0,2968.0,20139.0,7532.0,0
dia 19 - Soja Heterodera Vaso 9,19,9,527.17,2481.0,36.6,93.73,10119.0,17848.0,100.0,2973.0,20038.0,7542.0,0
dia 19 - Soja Heterodera Vaso 9,19,9,527.44,2422.0,36.6,93.39,9939.0,17540.0,99.0,2963.0,19815.0,7406.0,0
dia 19 - Soja Heterodera Vaso 9,19,9,527.72,2414.0,36.6,92.53,9921.0,17528.0,98.0,2956.0,19803.0,7387.0,0
dia 19 - Soja Heterodera Vaso 9,19,9,527.98,2400.0,36.6,92.12,9908.0,17522.0,97.0,2953.0,19796.0,7347.0,0
dia 19 - Soja Heterodera Vaso 9,19,9,528.25,2449.0,36.6,91.89,9896.0,17516.0,98.0,2950.0,19791.0,7355.0,0
dia 19 - Soja Heterodera Vaso 9,19,9,528.52,2427.0,36.6,91.75,9877.0,17502.0,97.0,2946.0,19775.0,7334.0,0
dia 19 - Soja Heterodera Vaso 9,19,9,528.84,2411.0,36.6,91.66,9871.0,17494.0,98.0,2936.0,19763.0,7317.0,0
dia 19 - Soja Heterodera Vaso 9,19,9,529.16,2411.0,36.6,91.6,9865.0,17492.0,98.0,2936.0,19762.0,7300.0,0
dia 19 - Soja Heterodera Vaso 9,19,9,529.48,2422.0,36.6,91.55,9862.0,17489.0,98.0,2932.0,19756.0,7286.0,0
dia 19 - Soja Heterodera Vaso 9,19,9,529.76,2427.0,36.6,91.52,9861.0,17489.0,97.0,2929.0,19755.0,7275.0,0
dia 19 - Soja Heterodera Vaso 9,19,9,530.06,2408.0,36.6,91.51,9862.0,17488.0,96.0,2925.0,19752.0,7264.0,0
dia 19 - Soja Heterodera Vaso 9,19,9,530.39,2442.0,36.6,91.5,9861.0,17486.0,97.0,2919.0,19748.0,7251.0,0
dia 19 - Soja Heterodera Vaso 9,19,9,530.72,2429.0,36.6,91.49,9861.0,17483.0,97.0,2914.0,19742.0,7241.0,0
dia 19 - Soja Heterodera Vaso 9,19,9,531.0,2438.0,36.6,91.49,9873.0,17499.0,98.0,2904.0,19762.0,7242.0,0
dia 19 - Soja Heterodera Vaso 9,19,9,531.28,2421.0,36.6,91.49,9871.0,17372.0,97.0,2905.0,19749.0,7231.0,0
dia 19 - Soja Heterodera Vaso 9,19,9,531.56,2392.0,36.6,91.5,9869.0,17490.0,96.0,2907.0,19745.0,7224.0,0
dia 19 - Soja Heterodera Vaso 9,19,9,531.86,2482.0,36.6,91.5,9871.0,17484.0,96.0,2872.0,19746.0,7216.0,0
dia 19 - Soja Heterodera Vaso 9,19,9,532.14,2432.0,36.6,91.51,9872.0,17479.0,96.0,2890.0,19731.0,7209.0,0
dia 19 - Soja Heterodera Vaso 9,19,9,532.42,2416.0,36.6,91.51,9807.0,17468.0,96.0,2890.0,19732.0,7190.0,0
dia 19 - Soja Heterodera Vaso 9,19,9,532.69,2422.0,36.6,91.49,9870.0,17469.0,96.0,2888.0,19705.0,7144.0,0
dia 19 - Soja Heterodera Vaso 9,19,9,533.0,2396.0,36.5,91.49,9856.0,17441.0,97.0,2883.0,19568.0,7180.0,0
dia 19 - Soja Heterodera Vaso 9,19,9,533.32,2432.0,36.5,91.5,9853.0,17385.0,96.0,2881.0,19669.0,7171.0,0
dia 19 - Soja Heterodera Vaso 9,19,9,533.64,2401.0,36.5,91.5,9787.0,17428.0,96.0,2885.0,19678.0,7162.0,0
dia 19 - Soja Heterodera Vaso 9,19,9,534.0,2417.0,36.5,91.5,9846.0,17420.0,96.0,2876.0,19668.0,7153.0,0
dia 19 - Soja Heterodera Vaso 9,19,9,534.3,2428.0,36.5,91.49,9843.0,17413.0,96.0,2873.0,19660.0,7146.0,0
dia 19 - Soja Heterodera Vaso 9,19,9,534.64,2421.0,36.5,91.49,9837.0,17403.0,95.0,2867.0,19546.0,7138.0,0
dia 19 - Soja Heterodera Vaso 9,19,9,534.98,2435.0,36.5,91.49,9833.0,17395.0,95.0,2863.0,19639.0,7129.0,0
dia 19 - Soja Heterodera Vaso 9,19,9,535.26,2413.0,36.5,91.49,9840.0,17409.0,96.0,2862.0,19656.0,7089.0,0
dia 19 - Soja Heterodera Vaso 9,19,9,535.53,2462.0,36.5,91.49,9834.0,17398.0,96.0,2859.0,19643.0,7124.0,0
dia 19 - Soja Heterodera Vaso 9,19,9,535.79,2422.0,36.5,91.49,9829.0,17393.0,95.0,2858.0,19636.0,7118.0,0
dia 19 - Soja Heterodera Vaso 9,19,9,536.07,2475.0,36.5,91.49,9825.0,17387.0,95.0,2856.0,19628.0,7068.0,0
dia 19 - Soja Heterodera Vaso 9,19,9,536.33,2432.0,36.5,91.49,9819.0,17380.0,94.0,2853.0,19619.0,7107.0,0
dia 19 - Soja Heterodera Vaso 9,19,9,536.6,2436.0,36.5,91.49,9805.0,17258.0,95.0,2850.0,19594.0,7095.0,0
dia 19 - Soja Heterodera Vaso 9,19,9,536.91,2461.0,36.5,91.49,9737.0,17348.0,94.0,2839.0,19583.0,7088.0,0
dia 19 - Soja Heterodera Vaso 9,19,9,537.24,2427.0,36.5,91.48,9790.0,17337.0,95.0,2833.0,19573.0,7080.0,0
dia 19 - Soja Heterodera Vaso 9,19,9,537.55,2460.0,36.5,91.5,9783.0,17328.0,94.0,2834.0,19562.0,7074.0,0
dia 19 - Soja Heterodera Vaso 9,19,9,537.83,2439.0,36.5,91.5,9777.0,17210.0,94.0,2831.0,19554.0,7067.0,0
dia 19 - Soja Heterodera Vaso 9,19,9,538.14,2461.0,36.5,91.49,9706.0,17311.0,94.0,2830.0,19543.0,7059.0,0
dia 19 - Soja Heterodera Vaso 9,19,9,538.47,2419.0,36.5,91.49,9761.0,17300.0,94.0,2826.0,19533.0,7052.0,0
dia 19 - Soja Heterodera Vaso 9,19,9,538.8,2419.0,36.5,91.5,9752.0,17290.0,94.0,2818.0,19520.0,7045.0,0
dia 19 - Soja Heterodera Vaso 9,19,9,539.08,2414.0,36.5,91.49,9756.0,17302.0,94.0,2816.0,19532.0,7048.0,0
dia 19 - Soja Heterodera Vaso 9,19,9,539.36,2409.0,36.5,91.49,9747.0,17296.0,93.0,2815.0,19415.0,7043.0,0
dia 19 - Soja Heterodera Vaso 9,19,9,539.63,2418.0,36.5,91.49,9737.0,17288.0,94.0,2813.0,19509.0,7026.0,0
dia 19 - Soja Heterodera Vaso 9,19,9,539.9,2435.0,36.5,91.48,9730.0,17271.0,93.0,2806.0,19503.0,7028.0,0
dia 19 - Soja Heterodera Vaso 9,19,9,540.18,2413.0,36.5,91.49,9722.0,17153.0,94.0,2808.0,19488.0,7025.0,0
dia 19 - Soja Heterodera Vaso 9,19,9,540.45,2421.0,36.5,91.49,9706.0,17260.0,94.0,2805.0,19460.0,7013.0,0
dia 19 - Soja Heterodera Vaso 9,19,9,540.76,2446.0,36.5,91.49,9695.0,17229.0,93.0,2799.0,19449.0,7008.0,0
dia 19 - Soja Heterodera Vaso 9,19,9,541.08,2429.0,36.5,91.49,9685.0,17218.0,94.0,2796.0,19438.0,7002.0,0
dia 19 - Soja Heterodera Vaso 9,19,9,541.42,2391.0,36.5,91.49,9612.0,17209.0,93.0,2759.0,19425.0,6994.0,0
dia 19 - Soja Heterodera Vaso 9,19,9,541.72,2418.0,36.5,91.48,9665.0,17093.0,93.0,2775.0,19416.0,6989.0,0
dia 19 - Soja Heterodera Vaso 9,19,9,542.02,2431.0,36.5,91.48,9656.0,17119.0,92.0,2774.0,19405.0,6981.0,0
dia 19 - Soja Heterodera Vaso 9,19,9,542.36,2419.0,36.5,91.49,9645.0,17173.0,92.0,2768.0,19389.0,6974.0,0
dia 19 - Soja Heterodera Vaso 9,19,9,542.7,2423.0,36.5,91.49,9633.0,17162.0,92.0,2766.0,19372.0,6966.0,0
dia 19 - Soja Heterodera Vaso 9,19,9,542.98,2446.0,36.5,91.49,9635.0,17171.0,92.0,2763.0,19387.0,6969.0,0
dia 19 - Soja Heterodera Vaso 9,19,9,543.25,2413.0,36.5,91.48,9626.0,17156.0,91.0,2764.0,19275.0,6961.0,0
dia 19 - Soja Heterodera Vaso 9,19,9,543.53,2439.0,36.5,91.49,9614.0,17145.0,91.0,2763.0,19359.0,6957.0,0
dia 19 - Soja Heterodera Vaso 9,19,9,543.81,2417.0,36.5,91.49,9605.0,17133.0,92.0,2761.0,19354.0,6949.0,0
dia 19 - Soja Heterodera Vaso 9,19,9,544.08,2415.0,36.5,91.5,9575.0,17105.0,92.0,2760.0,19342.0,6943.0,0
dia 19 - Soja Heterodera Vaso 9,19,9,544.37,2419.0,36.5,91.49,9589.0,17116.0,91.0,2752.0,19332.0,6913.0,0
dia 19 - Soja Heterodera Vaso 9,19,9,544.65,2457.0,36.5,91.48,9581.0,17104.0,91.0,2754.0,19323.0,6932.0,0
dia 19 - Soja Heterodera Vaso 9,19,9,544.93,2438.0,36.5,91.49,9560.0,17080.0,91.0,2745.0,19289.0,6920.0,0
dia 19 - Soja Heterodera Vaso 9,19,9,545.25,2420.0,36.5,91.48,9549.0,17070.0,92.0,2746.0,19277.0,6913.0,0
dia 19 - Soja Heterodera Vaso 9,19,9,545.59,2445.0,36.5,91.49,9538.0,17056.0,91.0,2734.0,19265.0,6862.0,0
dia 19 - Soja Heterodera Vaso 9,19,9,545.92,2427.0,36.5,91.48,9467.0,17044.0,91.0,2737.0,19250.0,6899.0,0
dia 19 - Soja Heterodera Vaso 9,19,9,546.22,2424.0,36.5,91.49,9516.0,16952.0,91.0,2737.0,19243.0,6893.0,0
dia 19 - Soja Heterodera Vaso 9,19,9,546.55,2433.0,36.5,91.48,9505.0,17018.0,90.0,2734.0,19227.0,6886.0,0
dia 19 - Soja Heterodera Vaso 9,19,9,546.87,2449.0,36.5,91.48,9492.0,17005.0,90.0,2731.0,19214.0,6878.0,0
dia 19 - Soja Heterodera Vaso 9,19,9,547.22,2447.0,36.5,91.49,9494.0,17013.0,90.0,2733.0,19221.0,6879.0,0
dia 19 - Soja Heterodera Vaso 9,19,9,547.5,2469.0,36.5,91.48,9492.0,17018.0,91.0,2731.0,19230.0,6881.0,0
dia 19 - Soja Heterodera Vaso 9,19,9,547.76,2443.0,36.5,91.49,9410.0,16987.0,90.0,2723.0,19196.0,6867.0,0
dia 19 - Soja Heterodera Vaso 9,19,9,548.03,2411.0,36.5,91.49,9462.0,16977.0,91.0,2721.0,19187.0,6862.0,0
dia 19 - Soja Heterodera Vaso 9,19,9,548.3,2401.0,36.5,91.49,9452.0,16967.0,90.0,2706.0,19176.0,6857.0,0
dia 19 - Soja Heterodera Vaso 9,19,9,548.56,2432.0,36.5,91.49,9443.0,16959.0,90.0,2714.0,19165.0,6809.0,0
dia 19 - Soja Heterodera Vaso 9,19,9,548.84,2433.0,36.5,91.47,9424.0,16934.0,90.0,2716.0,19138.0,6839.0,0
dia 19 - Soja Heterodera Vaso 9,19,9,549.17,2431.0,36.5,91.48,9412.0,16923.0,90.0,2707.0,19126.0,6833.0,0
dia 19 - Soja Heterodera Vaso 9,19,9,549.51,2466.0,36.5,91.48,9376.0,16910.0,89.0,2708.0,19116.0,6826.0,0
dia 19 - Soja Heterodera Vaso 9,19,9,549.84,2446.0,36.5,91.49,9388.0,16898.0,90.0,2708.0,19101.0,6820.0,0
dia 19 - Soja Heterodera Vaso 9,19,9,550.14,2418.0,36.5,91.48,9378.0,16888.0,89.0,2702.0,19092.0,6815.0,0
dia 19 - Soja Heterodera Vaso 9,19,9,550.57,2409.0,36.5,91.48,9363.0,16872.0,89.0,2702.0,19074.0,6807.0,0
dia 19 - Soja Heterodera Vaso 9,19,9,550.89,2422.0,36.5,91.48,9351.0,16860.0,90.0,2700.0,19063.0,6800.0,0
dia 19 - Soja Heterodera Vaso 9,19,9,551.35,2459.0,36.5,91.48,9349.0,16791.0,89.0,2690.0,19070.0,6800.0,0
dia 19 - Soja Heterodera Vaso 9,19,9,551.62,2402.0,36.5,91.48,9345.0,16875.0,89.0,2693.0,19080.0,6803.0,0
dia 19 - Soja Heterodera Vaso 9,19,9,551.89,2430.0,36.5,91.48,9327.0,16848.0,89.0,2689.0,19050.0,6791.0,0
dia 19 - Soja Heterodera Vaso 9,19,9,552.16,2432.0,36.5,91.48,9319.0,16751.0,89.0,2691.0,19041.0,6787.0,0
dia 19 - Soja Heterodera Vaso 9,19,9,552.43,2420.0,36.5,91.49,9309.0,16829.0,89.0,2693.0,19030.0,6782.0,0
dia 19 - Soja Heterodera Vaso 9,19,9,552.7,2430.0,36.5,91.48,9300.0,16820.0,89.0,2685.0,19020.0,6777.0,0
dia 19 - Soja Heterodera Vaso 9,19,9,552.97,2435.0,36.5,91.48,9290.0,16798.0,89.0,2691.0,18933.0,6770.0,0
dia 19 - Soja Heterodera Vaso 9,19,9,553.29,2446.0,36.5,91.47,9272.0,16741.0,89.0,2691.0,18971.0,6761.0,0
dia 19 - Soja Heterodera Vaso 9,19,9,553.62,2433.0,36.4,91.48,9260.0,16778.0,89.0,2680.0,18976.0,6756.0,0
dia 19 - Soja Heterodera Vaso 9,19,9,553.94,2416.0,36.5,91.49,9249.0,16770.0,89.0,2679.0,18964.0,6752.0,0
dia 19 - Soja Heterodera Vaso 9,19,9,554.21,2434.0,36.5,91.49,9241.0,16680.0,89.0,2682.0,18956.0,6748.0,0
dia 19 - Soja Heterodera Vaso 9,19,9,554.51,2420.0,36.4,91.48,9232.0,16703.0,88.0,2683.0,18933.0,6743.0,0
dia 19 - Soja Heterodera Vaso 9,19,9,554.85,2423.0,36.4,91.47,9227.0,16742.0,88.0,2672.0,18935.0,6737.0,0
dia 19 - Soja Heterodera Vaso 9,19,9,555.21,2424.0,36.4,91.48,9210.0,16733.0,88.0,2675.0,18925.0,6732.0,0
dia 19 - Soja Heterodera Vaso 9,19,9,555.48,2435.0,36.5,91.48,9212.0,16743.0,87.0,2672.0,18939.0,6736.0,0
dia 19 - Soja Heterodera Vaso 9,19,9,555.76,2432.0,36.4,91.49,9144.0,16734.0,88.0,2668.0,18926.0,6731.0,0
dia 19 - Soja Heterodera Vaso 9,19,9,556.04,2423.0,36.4,91.49,9195.0,16724.0,88.0,2667.0,18919.0,6724.0,0
dia 19 - Soja Heterodera Vaso 9,19,9,556.31,2451.0,36.4,91.48,9187.0,16710.0,87.0,2666.0,18904.0,6719.0,0
dia 19 - Soja Heterodera Vaso 9,19,9,556.59,2401.0,36.4,91.49,9177.0,16701.0,88.0,2664.0,18901.0,6714.0,0
dia 19 - Soja Heterodera Vaso 9,19,9,556.88,2428.0,36.4,91.49,9169.0,16663.0,87.0,2665.0,18855.0,6709.0,0
dia 19 - Soja Heterodera Vaso 9,19,9,557.15,2426.0,36.4,91.48,9160.0,16680.0,87.0,2660.0,18882.0,6704.0,0
dia 19 - Soja Heterodera Vaso 9,19,9,557.44,2434.0,36.4,91.48,9141.0,16656.0,87.0,2663.0,18852.0,6692.0,0
dia 19 - Soja Heterodera Vaso 9,19,9,557.75,2426.0,36.4,91.49,9132.0,16646.0,87.0,2659.0,18842.0,6686.0,0
dia 19 - Soja Heterodera Vaso 9,19,9,558.08,2456.0,36.4,91.49,9121.0,16636.0,87.0,2658.0,18831.0,6638.0,0
dia 19 - Soja Heterodera Vaso 9,19,9,558.41,2422.0,36.4,91.5,9053.0,16628.0,87.0,2655.0,18820.0,6674.0,0
dia 19 - Soja Heterodera Vaso 9,19,9,558.71,2421.0,36.4,91.49,9102.0,16512.0,87.0,2652.0,18812.0,6671.0,0
dia 19 - Soja Heterodera Vaso 9,19,9,559.03,2425.0,36.4,91.48,9083.0,16609.0,86.0,2648.0,18801.0,6666.0,0
dia 19 - Soja Heterodera Vaso 9,19,9,559.36,2427.0,36.4,91.48,9082.0,16602.0,86.0,2642.0,18791.0,6662.0,0
dia 19 - Soja Heterodera Vaso 9,19,9,559.71,2449.0,36.4,91.49,9086.0,16616.0,87.0,2638.0,18805.0,6665.0,0
dia 19 - Soja Heterodera Vaso 9,19,9,559.98,2430.0,36.4,91.49,9085.0,16623.0,87.0,2634.0,18815.0,6669.0,0
dia 19 - Soja Heterodera Vaso 9,19,9,560.25,2418.0,36.4,91.49,9064.0,16531.0,86.0,2636.0,18783.0,6654.0,0
dia 19 - Soja Heterodera Vaso 9,19,9,560.52,2453.0,36.4,91.49,9058.0,16588.0,87.0,2635.0,18776.0,6651.0,0
dia 19 - Soja Heterodera Vaso 9,19,9,560.79,2395.0,36.4,91.48,9051.0,16581.0,86.0,2629.0,18767.0,6648.0,0
dia 19 - Soja Heterodera Vaso 9,19,9,561.07,2425.0,36.4,91.49,9044.0,16574.0,87.0,2635.0,18667.0,6642.0,0
dia 19 - Soja Heterodera Vaso 9,19,9,561.34,2428.0,36.4,91.48,9027.0,16565.0,86.0,2629.0,18682.0,6633.0,0
dia 19 - Soja Heterodera Vaso 9,19,9,561.66,2437.0,36.4,91.48,9021.0,16544.0,86.0,2630.0,18727.0,6628.0,0
dia 19 - Soja Heterodera Vaso 9,19,9,562.01,2425.0,36.4,91.48,9011.0,16534.0,86.0,2627.0,18717.0,6622.0,0
dia 19 - Soja Heterodera Vaso 9,19,9,562.36,2443.0,36.4,91.49,9002.0,16401.0,86.0,2627.0,18667.0,6602.0,0
dia 19 - Soja Heterodera Vaso 9,19,9,562.66,2444.0,36.4,91.48,8994.0,16516.0,86.0,2623.0,18699.0,6612.0,0
dia 19 - Soja Heterodera Vaso 9,19,9,562.97,2422.0,36.4,91.48,8984.0,16507.0,86.0,2624.0,18691.0,6606.0,0
dia 19 - Soja Heterodera Vaso 9,19,9,563.29,2417.0,36.4,91.48,8976.0,16497.0,86.0,2623.0,18682.0,6602.0,0
dia 19 - Soja Heterodera Vaso 9,19,9,563.64,2439.0,36.4,91.48,8919.0,16508.0,85.0,2620.0,18693.0,6603.0,0
dia 19 - Soja Heterodera Vaso 9,19,9,563.91,2466.0,36.4,91.48,8970.0,16499.0,85.0,2620.0,18688.0,6599.0,0
dia 19 - Soja Heterodera Vaso 9,19,9,564.19,2417.0,36.4,91.48,8960.0,16492.0,86.0,2620.0,18677.0,6595.0,0
dia 19 - Soja Heterodera Vaso 9,19,9,564.47,2412.0,36.4,91.48,8901.0,16481.0,86.0,2620.0,18669.0,6592.0,0
dia 19 - Soja Heterodera Vaso 9,19,9,564.75,2442.0,36.4,91.48,8945.0,16478.0,85.0,2617.0,18660.0,6546.0,0
dia 19 - Soja Heterodera Vaso 9,19,9,565.02,2407.0,36.4,91.48,8939.0,16467.0,85.0,2617.0,18654.0,6584.0,0
dia 19 - Soja Heterodera Vaso 9,19,9,565.31,2425.0,36.4,91.47,8931.0,16462.0,85.0,2614.0,18643.0,6579.0,0
dia 19 - Soja Heterodera Vaso 9,19,9,565.58,2423.0,36.4,91.47,8870.0,16453.0,85.0,2606.0,18620.0,6568.0,0
dia 19 - Soja Heterodera Vaso 9,19,9,565.89,2425.0,36.4,91.47,8852.0,16441.0,84.0,2609.0,18610.0,6564.0,0
dia 19 - Soja Heterodera Vaso 9,19,9,566.22,2431.0,36.4,91.46,8898.0,16419.0,85.0,2609.0,18600.0,6559.0,0
dia 19 - Soja Heterodera Vaso 9,19,9,566.54,2422.0,36.4,91.47,8887.0,16411.0,85.0,2605.0,18590.0,6553.0,0
dia 19 - Soja Heterodera Vaso 9,19,9,566.82,2419.0,36.4,91.48,8881.0,16403.0,84.0,2607.0,18584.0,6549.0,0
dia 19 - Soja Heterodera Vaso 9,19,9,567.12,2456.0,36.4,91.47,8817.0,16395.0,84.0,2606.0,18575.0,6544.0,0
dia 19 - Soja Heterodera Vaso 9,19,9,567.46,2434.0,36.4,91.47,8863.0,16384.0,84.0,2603.0,18566.0,6539.0,0
dia 19 - Soja Heterodera Vaso 9,19,9,567.79,2467.0,36.4,91.47,8855.0,16375.0,85.0,2601.0,18557.0,6535.0,0
dia 19 - Soja Heterodera Vaso 9,19,9,568.07,2429.0,36.4,91.48,8858.0,16387.0,85.0,2601.0,18572.0,6540.0,0
dia 19 - Soja Heterodera Vaso 9,19,9,568.34,2433.0,36.4,91.48,8850.0,16274.0,84.0,2599.0,18560.0,6534.0,0
dia 19 - Soja Heterodera Vaso 9,19,9,568.61,2428.0,36.4,91.49,8843.0,16369.0,85.0,2600.0,18553.0,6531.0,0
dia 19 - Soja Heterodera Vaso 9,19,9,568.87,2434.0,36.4,91.48,8837.0,16361.0,84.0,2596.0,18546.0,6527.0,0
dia 19 - Soja Heterodera Vaso 9,19,9,569.14,2410.0,36.4,91.48,8829.0,16354.0,84.0,2599.0,18540.0,6484.0,0
dia 19 - Soja Heterodera Vaso 9,19,9,569.42,2438.0,36.4,91.48,8814.0,16332.0,84.0,2597.0,18516.0,6514.0,0
dia 19 - Soja Heterodera Vaso 9,19,9,569.74,2456.0,36.4,91.48,8806.0,16322.0,84.0,2563.0,18507.0,6509.0,0
dia 19 - Soja Heterodera Vaso 9,19,9,570.07,2430.0,36.4,91.48,8797.0,16314.0,84.0,2583.0,18499.0,6480.0,0
dia 19 - Soja Heterodera Vaso 9,19,9,570.39,2428.0,36.4,91.49,8789.0,16205.0,84.0,2576.0,18491.0,6501.0,0
dia 19 - Soja Heterodera Vaso 9,19,9,570.66,2427.0,36.4,91.49,8782.0,16302.0,84.0,2578.0,18484.0,6497.0,0
dia 19 - Soja Heterodera Vaso 9,19,9,570.99,2429.0,36.4,91.48,8774.0,16297.0,84.0,2583.0,18477.0,6454.0,0
dia 19 - Soja Heterodera Vaso 9,19,9,571.32,2454.0,36.4,91.47,8767.0,16289.0,83.0,2580.0,18469.0,6491.0,0
dia 19 - Soja Heterodera Vaso 9,19,9,571.69,2448.0,36.4,91.46,8769.0,16302.0,83.0,2580.0,18483.0,6495.0,0
dia 19 - Soja Heterodera Vaso 9,19,9,571.97,2448.0,36.4,91.48,8764.0,16298.0,84.0,2582.0,18482.0,6493.0,0
dia 19 - Soja Heterodera Vaso 9,19,9,572.25,2383.0,36.4,91.47,8758.0,16293.0,83.0,2581.0,18471.0,6491.0,0
dia 19 - Soja Heterodera Vaso 9,19,9,572.53,2439.0,36.4,91.47,8752.0,16287.0,84.0,2575.0,18429.0,6479.0,0
dia 19 - Soja Heterodera Vaso 9,19,9,572.81,2430.0,36.4,91.49,8746.0,16282.0,83.0,2577.0,18458.0,6486.0,0
dia 19 - Soja Heterodera Vaso 9,19,9,573.09,2447.0,36.4,91.48,8738.0,16274.0,84.0,2576.0,18454.0,6484.0,0
dia 19 - Soja Heterodera Vaso 9,19,9,573.39,2406.0,36.4,91.48,8734.0,16269.0,83.0,2576.0,18390.0,6479.0,0
dia 19 - Soja Heterodera Vaso 9,19,9,573.67,2453.0,36.4,91.48,8717.0,16144.0,83.0,2570.0,18421.0,6469.0,0
dia 19 - Soja Heterodera Vaso 9,19,9,573.99,2416.0,36.4,91.47,8713.0,16240.0,82.0,2571.0,18413.0,6465.0,0
dia 19 - Soja Heterodera Vaso 9,19,9,574.31,2441.0,36.4,91.48,8703.0,16233.0,83.0,2567.0,18407.0,6461.0,0
dia 19 - Soja Heterodera Vaso 9,19,9,574.63,2441.0,36.4,91.48,8695.0,16226.0,83.0,2566.0,18398.0,6457.0,0
dia 19 - Soja Heterodera Vaso 9,19,9,574.91,2418.0,36.4,91.48,8683.0,16220.0,82.0,2568.0,18394.0,6453.0,0
dia 19 - Soja Heterodera Vaso 9,19,9,575.21,2405.0,36.4,91.48,8628.0,16215.0,84.0,2565.0,18386.0,6450.0,0
dia 19 - Soja Heterodera Vaso 9,19,9,575.55,2440.0,36.4,91.47,8676.0,16208.0,83.0,2564.0,18380.0,6445.0,0
dia 19 - Soja Heterodera Vaso 9,19,9,575.89,2414.0,36.4,91.47,8668.0,16201.0,82.0,2559.0,18371.0,6441.0,0
dia 19 - Soja Heterodera Vaso 9,19,9,576.17,2437.0,36.4,91.47,8672.0,16214.0,82.0,2562.0,18387.0,6446.0,0
dia 19 - Soja Heterodera Vaso 9,19,9,576.44,2420.0,36.4,91.48,8609.0,16206.0,82.0,2560.0,18376.0,6442.0,0
dia 19 - Soja Heterodera Vaso 9,19,9,576.71,2437.0,36.4,91.47,8659.0,16200.0,83.0,2561.0,18371.0,6440.0,0
dia 19 - Soja Heterodera Vaso 9,19,9,576.98,2451.0,36.4,91.48,8653.0,16195.0,82.0,2561.0,18366.0,6438.0,0
dia 19 - Soja Heterodera Vaso 9,19,9,577.25,2427.0,36.4,91.49,8648.0,16090.0,82.0,2561.0,18362.0,6435.0,0
