dataset,Coleta,Dia,Vaso,Classe,Tempo_evento,linha_global_evento,Pres_evento,delta_pressao,limiar_delta_pressao,linha_global_corte_inicio,linha_global_corte_fim,Tempo_corte_inicio,Tempo_corte_fim,linhas_corte
antes_dia_20,dia 11 - Soja Heterodera Vaso 7,11.0,7.0,0,253.01,2911,78.14,7.200000000000003,1.0757999999999703,2881,2941,245.72,260.82,61
antes_dia_20,dia 18 - Soja Saudavel Vaso 4,18.0,4.0,1,163.79,36379,54.48,7.159999999999997,1.5496499999999702,36349,36409,157.5,169.95,61
antes_dia_20,dia 11 - Soja Saudavel Vaso 5,11.0,5.0,1,327.49,51474,75.54,6.609999999999999,0.7947999999999938,51444,51504,320.54,335.14,61
antes_dia_20,dia 18 - Soja Saudavel Vaso 4,18.0,4.0,1,163.99,36380,61.04,6.560000000000002,1.5496499999999702,36350,36410,157.7,170.15,61
antes_dia_20,dia 12 - Soja Heterodera Vaso 1,12.0,1.0,0,320.99,15393,80.65,6.5,0.8052500000000051,15363,15423,313.07,329.43,61
antes_dia_20,dia 11 - Soja Heterodera Vaso 6,11.0,6.0,0,319.65,743,79.17,6.450000000000003,0.9510500000000036,713,773,311.68,326.67,61
antes_dia_20,dia 11 - Soja Saudavel Vaso 1,11.0,1.0,1,320.15,40579,77.6,6.359999999999999,0.6851499999999984,40549,40609,312.58,327.22,61
antes_dia_20,dia 12 - Soja Heterodera Vaso 9,12.0,9.0,0,319.4,12853,79.54,6.25,0.777699999999999,12823,12883,312.19,327.26,61
antes_dia_20,dia 11 - Soja Saudavel Vaso 4,11.0,4.0,1,328.01,48884,79.4,6.25,0.8007999999999968,48854,48914,319.79,335.46,61
antes_dia_20,dia 18 - Soja Heterodera Vaso 6,18.0,6.0,0,132.43,17383,77.51,6.1000000000000085,0.9739999999999923,17353,17413,125.36,139.65,61
antes_dia_20,dia 12 - Soja Heterodera Vaso 6,12.0,6.0,0,324.7,5294,79.89,6.040000000000006,0.8410999999999929,5264,5324,316.69,331.89,61
antes_dia_20,dia 12 - Soja Heterodera Vaso 7,12.0,7.0,0,335.88,7860,79.48,5.969999999999999,0.7974999999999941,7830,7890,328.74,343.8,61
antes_dia_20,dia 11 - Soja Saudavel Vaso 2,11.0,2.0,1,321.76,43603,78.88,5.959999999999994,0.9229999999999985,43573,43633,314.16,328.77,61
antes_dia_20,dia 18 - Soja Saudavel Vaso 4,18.0,4.0,1,164.19,36381,66.89,5.850000000000001,1.5496499999999702,36351,36411,157.91,170.36,61
antes_dia_20,dia 11 - Soja Saudavel Vaso 3,11.0,3.0,1,328.22,45899,79.58,5.789999999999992,0.752199999999993,45869,45929,320.6,335.25,61
antes_dia_20,dia 12 - Soja Heterodera Vaso 8,12.0,8.0,0,315.59,10373,81.29,5.75,0.7747999999999995,10343,10403,307.67,322.83,61
antes_dia_20,dia 18 - Soja Saudavel Vaso 2,18.0,2.0,1,134.39,34337,73.47,5.659999999999997,0.7243999999999812,34307,34367,128.24,140.62,61
antes_dia_20,dia 18 - Soja Saudavel Vaso 4,18.0,4.0,1,164.4,36382,72.51,5.6200000000000045,1.5496499999999702,36352,36412,158.12,170.57,61
antes_dia_20,dia 18 - Soja Heterodera Vaso 7,18.0,7.0,0,130.53,19109,80.08,5.590000000000003,0.8190500000000008,19079,19139,123.38,137.56,61
antes_dia_20,dia 11 - Soja Saudavel Vaso 5,11.0,5.0,1,327.72,51475,80.92,5.3799999999999955,0.7947999999999938,51445,51505,320.76,335.38,61
antes_dia_20,dia 18 - Soja Saudavel Vaso 5,18.0,5.0,1,132.47,38266,77.83,5.25,0.727199999999997,38236,38296,126.15,138.77,61
antes_dia_20,dia 18 - Soja Heterodera Vaso 6,18.0,6.0,0,132.66,17384,82.65,5.140000000000001,0.9739999999999923,17354,17414,125.59,139.88,61
antes_dia_20,dia 11 - Soja Saudavel Vaso 1,11.0,1.0,1,320.37,40580,82.65,5.050000000000011,0.6851499999999984,40550,40610,312.81,327.45,61
antes_dia_20,dia 11 - Soja Heterodera Vaso 7,11.0,7.0,0,253.25,2912,83.13,4.989999999999995,1.0757999999999703,2882,2942,245.96,261.06,61
antes_dia_20,dia 11 - Soja Saudavel Vaso 4,11.0,4.0,1,328.25,48885,84.39,4.989999999999995,0.8007999999999968,48855,48915,320.08,335.7,61
antes_dia_20,dia 18 - Soja Saudavel Vaso 2,18.0,2.0,1,134.59,34338,78.43,4.960000000000008,0.7243999999999812,34308,34368,128.46,140.81,61
antes_dia_20,dia 12 - Soja Heterodera Vaso 1,12.0,1.0,0,321.24,15394,85.57,4.9199999999999875,0.8052500000000051,15364,15424,313.3,329.74,61
antes_dia_20,dia 18 - Soja Saudavel Vaso 4,18.0,4.0,1,164.6,36383,77.37,4.859999999999999,1.5496499999999702,36353,36413,158.32,170.76,61
antes_dia_20,dia 11 - Soja Heterodera Vaso 6,11.0,6.0,0,319.88,744,84.02,4.849999999999994,0.9510500000000036,714,774,311.93,326.9,61
antes_dia_20,dia 18 - Soja Heterodera Vaso 7,18.0,7.0,0,130.29,19108,74.49,4.849999999999994,0.8190500000000008,19078,19138,123.15,137.33,61
antes_dia_20,dia 11 - Soja Saudavel Vaso 3,11.0,3.0,1,327.99,45898,73.79,4.820000000000007,0.752199999999993,45868,45928,320.37,335.02,61
antes_dia_20,dia 12 - Soja Heterodera Vaso 9,12.0,9.0,0,319.63,12854,84.36,4.819999999999993,0.777699999999999,12824,12884,312.43,327.49,61
antes_dia_20,dia 18 - Soja Saudavel Vaso 1,18.0,1.0,1,316.31,33061,74.07,4.819999999999993,0.5825999999999958,33031,33091,310.64,321.75,61
antes_dia_20,dia 12 - Soja Heterodera Vaso 7,12.0,7.0,0,336.12,7861,84.29,4.810000000000002,0.7974999999999941,7831,7891,328.98,344.03,61
antes_dia_20,dia 12 - Soja Heterodera Vaso 8,12.0,8.0,0,315.35,10372,75.54,4.810000000000002,0.7747999999999995,10342,10402,307.4,322.59,61
antes_dia_20,dia 11 - Soja Saudavel Vaso 2,11.0,2.0,1,321.99,43604,83.69,4.810000000000002,0.9229999999999985,43574,43634,314.39,329.0,61
antes_dia_20,dia 11 - Soja Saudavel Vaso 3,11.0,3.0,1,328.45,45900,84.34,4.760000000000005,0.752199999999993,45870,45930,320.83,335.48,61
antes_dia_20,dia 12 - Soja Saudavel Vaso 2,12.0,2.0,1,327.87,54064,77.3,4.759999999999991,1.001699999999998,54034,54094,320.03,336.36,61
antes_dia_20,dia 18 - Soja Saudavel Vaso 5,18.0,5.0,1,132.26,38265,72.58,4.739999999999995,0.727199999999997,38235,38295,125.94,138.56,61
antes_dia_20,dia 12 - Soja Heterodera Vaso 6,12.0,6.0,0,324.93,5295,84.58,4.689999999999998,0.8410999999999929,5265,5325,316.92,332.28,61
antes_dia_20,dia 18 - Soja Heterodera Vaso 7,18.0,7.0,0,130.76,19110,84.73,4.650000000000006,0.8190500000000008,19080,19140,123.61,137.79,61
antes_dia_20,dia 18 - Soja Saudavel Vaso 1,18.0,1.0,1,316.5,33062,78.69,4.6200000000000045,0.5825999999999958,33032,33092,310.83,321.92,61
antes_dia_20,dia 12 - Soja Heterodera Vaso 8,12.0,8.0,0,315.82,10374,85.77,4.47999999999999,0.7747999999999995,10344,10404,307.9,323.12,61
antes_dia_20,dia 18 - Soja Saudavel Vaso 5,18.0,5.0,1,132.67,38267,82.26,4.430000000000007,0.727199999999997,38237,38297,126.46,138.99,61
antes_dia_20,dia 13 - Soja Saudavel Vaso 5,13.0,5.0,1,308.81,62960,81.66,4.409999999999997,0.8098000000000026,62930,62990,300.79,316.6,61
antes_dia_20,dia 11 - Soja Saudavel Vaso 5,11.0,5.0,1,327.95,51476,85.26,4.340000000000003,0.7947999999999938,51446,51506,320.99,335.61,61
antes_dia_20,dia 18 - Soja Saudavel Vaso 4,18.0,4.0,1,164.81,36384,81.64,4.269999999999996,1.5496499999999702,36354,36414,158.53,170.99,61
antes_dia_20,dia 11 - Soja Saudavel Vaso 4,11.0,4.0,1,327.76,48883,73.15,4.230000000000004,0.8007999999999968,48853,48913,319.55,335.23,61
antes_dia_20,dia 18 - Soja Saudavel Vaso 2,18.0,2.0,1,134.79,34339,82.58,4.1499999999999915,0.7243999999999812,34309,34369,128.68,141.01,61
antes_dia_20,dia 18 - Soja Heterodera Vaso 6,18.0,6.0,0,132.9,17385,86.7,4.049999999999997,0.9739999999999923,17355,17415,125.82,140.12,61
antes_dia_20,dia 11 - Soja Saudavel Vaso 2,11.0,2.0,1,321.53,43602,72.92,4.040000000000006,0.9229999999999985,43572,43632,313.93,328.55,61
antes_dia_20,dia 11 - Soja Saudavel Vaso 1,11.0,1.0,1,320.6,40581,86.64,3.989999999999995,0.6851499999999984,40551,40611,313.04,327.69,61
antes_dia_20,dia 18 - Soja Saudavel Vaso 4,18.0,4.0,1,163.58,36378,47.32,3.9399999999999977,1.5496499999999702,36348,36408,157.29,169.74,61
antes_dia_20,dia 11 - Soja Heterodera Vaso 7,11.0,7.0,0,253.48,2913,87.06,3.930000000000007,1.0757999999999703,2883,2943,246.29,261.29,61
antes_dia_20,dia 18 - Soja Saudavel Vaso 1,18.0,1.0,1,316.69,33063,82.62,3.930000000000007,0.5825999999999958,33033,33093,311.01,322.09,61
antes_dia_20,dia 11 - Soja Saudavel Vaso 4,11.0,4.0,1,328.5,48886,88.28,3.8900000000000006,0.8007999999999968,48856,48916,320.33,335.92,61
antes_dia_20,dia 12 - Soja Heterodera Vaso 9,12.0,9.0,0,319.87,12855,88.15,3.7900000000000063,0.777699999999999,12825,12885,312.67,327.73,61
antes_dia_20,dia 11 - Soja Saudavel Vaso 2,11.0,2.0,1,322.22,43605,87.46,3.769999999999996,0.9229999999999985,43575,43635,314.62,329.24,61
antes_dia_20,dia 18 - Soja Heterodera Vaso 6,18.0,6.0,0,132.19,17382,71.41,3.739999999999995,0.9739999999999923,17352,17412,125.13,139.41,61
antes_dia_20,dia 18 - Soja Saudavel Vaso 5,18.0,5.0,1,132.88,38268,85.99,3.7299999999999898,0.727199999999997,38238,38298,126.67,139.19,61
antes_dia_20,dia 11 - Soja Heterodera Vaso 6,11.0,6.0,0,320.11,745,87.73,3.710000000000008,0.9510500000000036,715,775,312.18,327.13,61
antes_dia_20,dia 12 - Soja Heterodera Vaso 7,12.0,7.0,0,336.35,7862,87.99,3.6999999999999886,0.7974999999999941,7832,7892,329.22,344.26,61
antes_dia_20,dia 18 - Soja Heterodera Vaso 7,18.0,7.0,0,131.0,19111,88.4,3.6700000000000017,0.8190500000000008,19081,19141,123.95,138.03,61
antes_dia_20,dia 11 - Soja Saudavel Vaso 3,11.0,3.0,1,328.68,45901,88.0,3.6599999999999966,0.752199999999993,45871,45931,321.06,335.73,61
antes_dia_20,dia 12 - Soja Heterodera Vaso 1,12.0,1.0,0,321.49,15395,89.22,3.6500000000000057,0.8052500000000051,15365,15425,313.54,329.99,61
antes_dia_20,dia 18 - Soja Saudavel Vaso 4,18.0,4.0,1,165.01,36385,85.27,3.6299999999999955,1.5496499999999702,36355,36415,158.74,171.2,61
antes_dia_20,dia 12 - Soja Heterodera Vaso 6,12.0,6.0,0,325.17,5296,88.2,3.6200000000000045,0.8410999999999929,5266,5326,317.15,332.88,61
antes_dia_20,dia 12 - Soja Heterodera Vaso 7,12.0,7.0,0,335.65,7859,73.51,3.530000000000001,0.7974999999999941,7829,7889,328.51,343.56,61
antes_dia_20,dia 18 - Soja Saudavel Vaso 2,18.0,2.0,1,134.98,34340,86.07,3.489999999999995,0.7243999999999812,34310,34370,128.88,141.22,61
antes_dia_20,dia 11 - Soja Saudavel Vaso 5,11.0,5.0,1,328.18,51477,88.67,3.4099999999999966,0.7947999999999938,51447,51507,321.22,335.84,61
antes_dia_20,dia 12 - Soja Heterodera Vaso 8,12.0,8.0,0,316.06,10375,89.15,3.3800000000000097,0.7747999999999995,10345,10405,308.14,323.36,61
antes_dia_20,dia 18 - Soja Saudavel Vaso 1,18.0,1.0,1,316.87,33064,85.9,3.280000000000001,0.5825999999999958,33034,33094,311.18,322.27,61
antes_dia_20,dia 12 - Soja Heterodera Vaso 1,12.0,1.0,0,320.74,15392,74.15,3.190000000000012,0.8052500000000051,15362,15422,312.77,329.18,61
antes_dia_20,dia 11 - Soja Saudavel Vaso 1,11.0,1.0,1,320.83,40582,89.75,3.1099999999999994,0.6851499999999984,40552,40612,313.27,327.93,61
antes_dia_20,dia 18 - Soja Saudavel Vaso 4,18.0,4.0,1,165.22,36386,88.37,3.1000000000000085,1.5496499999999702,36356,36416,158.94,171.41,61
antes_dia_20,dia 18 - Soja Heterodera Vaso 6,18.0,6.0,0,133.13,17386,89.8,3.0999999999999943,0.9739999999999923,17356,17416,126.08,140.36,61
antes_dia_20,dia 18 - Soja Saudavel Vaso 5,18.0,5.0,1,133.08,38269,88.95,2.960000000000008,0.727199999999997,38239,38299,126.87,139.4,61
antes_dia_20,dia 18 - Soja Saudavel Vaso 1,18.0,1.0,1,317.07,33065,88.86,2.9599999999999937,0.5825999999999958,33035,33095,311.36,322.46,61
antes_dia_20,dia 11 - Soja Heterodera Vaso 7,11.0,7.0,0,253.71,2914,89.98,2.9200000000000017,1.0757999999999703,2884,2944,246.53,261.52,61
antes_dia_20,dia 12 - Soja Heterodera Vaso 6,12.0,6.0,0,324.47,5293,73.85,2.9199999999999875,0.8410999999999929,5263,5323,316.46,331.66,61
antes_dia_20,dia 11 - Soja Saudavel Vaso 2,11.0,2.0,1,322.44,43606,90.31,2.8500000000000085,0.9229999999999985,43576,43636,314.85,329.46,61
antes_dia_20,dia 18 - Soja Saudavel Vaso 2,18.0,2.0,1,135.18,34341,88.9,2.8300000000000125,0.7243999999999812,34311,34371,129.08,141.41,61
antes_dia_20,dia 11 - Soja Saudavel Vaso 4,11.0,4.0,1,328.74,48887,91.02,2.739999999999995,0.8007999999999968,48857,48917,320.57,336.15,61
antes_dia_20,dia 12 - Soja Heterodera Vaso 7,12.0,7.0,0,336.58,7863,90.71,2.719999999999999,0.7974999999999941,7833,7893,329.45,344.5,61
antes_dia_20,dia 11 - Soja Heterodera Vaso 6,11.0,6.0,0,320.34,746,90.44,2.7099999999999937,0.9510500000000036,716,776,312.43,327.42,61
antes_dia_20,dia 11 - Soja Saudavel Vaso 3,11.0,3.0,1,328.91,45902,90.71,2.7099999999999937,0.752199999999993,45872,45932,321.29,335.95,61
antes_dia_20,dia 12 - Soja Heterodera Vaso 6,12.0,6.0,0,325.4,5297,90.9,2.700000000000003,0.8410999999999929,5267,5327,317.39,333.28,61
antes_dia_20,dia 12 - Soja Heterodera Vaso 9,12.0,9.0,0,320.11,12856,90.82,2.6699999999999875,0.777699999999999,12826,12886,312.91,327.98,61
antes_dia_20,dia 13 - Soja Saudavel Vaso 5,13.0,5.0,1,309.23,62961,84.25,2.5900000000000034,0.8098000000000026,62931,62991,301.04,316.84,61
antes_dia_20,dia 18 - Soja Heterodera Vaso 7,18.0,7.0,0,131.23,19112,90.96,2.559999999999988,0.8190500000000008,19082,19142,124.19,138.26,61
antes_dia_20,dia 11 - Soja Saudavel Vaso 1,11.0,1.0,1,319.92,40578,71.24,2.539999999999992,0.6851499999999984,40548,40608,312.36,326.99,61
antes_dia_20,dia 12 - Soja Heterodera Vaso 1,12.0,1.0,0,321.75,15396,91.71,2.489999999999995,0.8052500000000051,15366,15426,313.88,330.24,61
antes_dia_20,dia 11 - Soja Saudavel Vaso 5,11.0,5.0,1,328.4,51478,91.12,2.450000000000003,0.7947999999999938,51448,51508,321.45,336.06,61
antes_dia_20,dia 12 - Soja Heterodera Vaso 9,12.0,9.0,0,319.16,12852,73.29,2.3900000000000006,0.777699999999999,12822,12882,311.95,327.02,61
antes_dia_20,dia 12 - Soja Heterodera Vaso 8,12.0,8.0,0,316.3,10376,91.5,2.3499999999999943,0.7747999999999995,10346,10406,308.37,323.59,61
antes_dia_20,dia 12 - Soja Saudavel Vaso 2,12.0,2.0,1,300.37,53958,91.1,2.3400000000000034,1.001699999999998,53928,53988,292.48,307.64,61
antes_dia_20,dia 11 - Soja Saudavel Vaso 2,11.0,2.0,1,322.73,43607,92.6,2.289999999999992,0.9229999999999985,43577,43637,315.08,329.85,61
antes_dia_20,dia 18 - Soja Saudavel Vaso 4,18.0,4.0,1,165.43,36387,90.65,2.280000000000001,1.5496499999999702,36357,36417,159.15,171.61,61
antes_dia_20,dia 11 - Soja Saudavel Vaso 1,11.0,1.0,1,301.7,40506,87.82,2.240000000000009,0.6851499999999984,40476,40536,293.74,309.4,61
antes_dia_20,dia 18 - Soja Saudavel Vaso 5,18.0,5.0,1,133.3,38270,91.17,2.219999999999999,0.727199999999997,38240,38300,127.08,139.6,61
antes_dia_20,dia 18 - Soja Saudavel Vaso 2,18.0,2.0,1,135.39,34342,91.1,2.1999999999999886,0.7243999999999812,34312,34372,129.29,141.62,61
antes_dia_20,dia 13 - Soja Saudavel Vaso 4,13.0,4.0,1,134.8,60623,79.47,2.1700000000000017,1.0820999999999998,60593,60653,126.45,142.41,61
antes_dia_20,dia 18 - Soja Heterodera Vaso 6,18.0,6.0,0,133.37,17387,91.95,2.1500000000000057,0.9739999999999923,17357,17417,126.32,140.59,61
antes_dia_20,dia 11 - Soja Saudavel Vaso 1,11.0,1.0,1,321.06,40583,91.9,2.1500000000000057,0.6851499999999984,40553,40613,313.5,328.16,61
antes_dia_20,dia 13 - Soja Saudavel Vaso 1,13.0,1.0,1,307.29,56547,78.18,2.1400000000000006,1.0006999999999928,56517,56577,299.63,315.52,61
antes_dia_20,dia 12 - Soja Heterodera Vaso 7,12.0,7.0,0,336.87,7864,92.77,2.0600000000000023,0.7974999999999941,7834,7894,329.68,344.76,61
antes_dia_20,dia 12 - Soja Heterodera Vaso 9,12.0,9.0,0,320.4,12857,92.86,2.0400000000000063,0.777699999999999,12827,12887,313.14,328.24,61
antes_dia_20,dia 11 - Soja Saudavel Vaso 3,11.0,3.0,1,329.18,45903,92.75,2.0400000000000063,0.752199999999993,45873,45933,321.52,336.18,61
antes_dia_20,dia 11 - Soja Saudavel Vaso 1,11.0,1.0,1,301.15,40505,90.06,2.030000000000001,0.6851499999999984,40475,40535,293.5,309.15,61
antes_dia_20,dia 13 - Soja Saudavel Vaso 3,13.0,3.0,1,316.16,58767,88.85,2.030000000000001,0.9848999999999831,58737,58797,308.06,323.99,61
antes_dia_20,dia 11 - Soja Heterodera Vaso 7,11.0,7.0,0,253.95,2915,92.0,2.019999999999996,1.0757999999999703,2885,2945,246.76,261.82,61
antes_dia_20,dia 18 - Soja Saudavel Vaso 1,18.0,1.0,1,317.25,33066,90.88,2.019999999999996,0.5825999999999958,33036,33096,311.54,322.65,61
antes_dia_20,dia 13 - Soja Saudavel Vaso 1,13.0,1.0,1,307.54,56548,80.19,2.009999999999991,1.0006999999999928,56518,56578,299.88,315.77,61
antes_dia_20,dia 11 - Soja Heterodera Vaso 6,11.0,6.0,0,319.41,742,72.72,1.9599999999999937,0.9510500000000036,712,772,311.43,326.44,61
antes_dia_20,dia 11 - Soja Saudavel Vaso 4,11.0,4.0,1,329.03,48888,92.97,1.9500000000000028,0.8007999999999968,48858,48918,320.82,336.38,61
antes_dia_20,dia 13 - Soja Saudavel Vaso 4,13.0,4.0,1,135.04,60624,81.31,1.8400000000000034,1.0820999999999998,60594,60654,126.71,142.66,61
antes_dia_20,dia 11 - Soja Saudavel Vaso 5,11.0,5.0,1,328.69,51479,92.96,1.8399999999999892,0.7947999999999938,51449,51509,321.69,336.29,61
antes_dia_20,dia 11 - Soja Heterodera Vaso 6,11.0,6.0,0,320.58,747,92.23,1.7900000000000063,0.9510500000000036,717,777,312.68,327.65,61
antes_dia_20,dia 13 - Soja Saudavel Vaso 1,13.0,1.0,1,307.78,56549,81.97,1.7800000000000011,1.0006999999999928,56519,56579,300.12,316.02,61
antes_dia_20,dia 11 - Soja Saudavel Vaso 1,11.0,1.0,1,300.75,40504,92.09,1.769999999999996,0.6851499999999984,40474,40534,293.25,308.91,61
antes_dia_20,dia 13 - Soja Saudavel Vaso 3,13.0,3.0,1,314.17,58761,79.49,1.759999999999991,0.9848999999999831,58731,58791,306.57,322.4,61
antes_dia_20,dia 18 - Soja Heterodera Vaso 7,18.0,7.0,0,131.49,19113,92.71,1.75,0.8190500000000008,19083,19143,124.43,138.5,61
antes_dia_20,dia 13 - Soja Saudavel Vaso 3,13.0,3.0,1,315.6,58766,86.82,1.75,0.9848999999999831,58736,58796,307.81,323.68,61
antes_dia_20,dia 12 - Soja Heterodera Vaso 6,12.0,6.0,0,325.65,5298,92.62,1.7199999999999989,0.8410999999999929,5268,5328,317.63,333.52,61
antes_dia_20,dia 11 - Soja Heterodera Vaso 7,11.0,7.0,0,241.97,2866,84.79,1.6999999999999886,1.0757999999999703,2836,2896,234.36,249.37,61
antes_dia_20,dia 12 - Soja Saudavel Vaso 2,12.0,2.0,1,330.72,54073,89.08,1.6799999999999926,1.001699999999998,54043,54103,322.42,338.7,61
antes_dia_20,dia 13 - Soja Saudavel Vaso 4,13.0,4.0,1,135.29,60625,82.98,1.6700000000000017,1.0820999999999998,60595,60655,126.97,142.91,61
antes_dia_20,dia 11 - Soja Saudavel Vaso 4,11.0,4.0,1,300.32,48779,92.13,1.6600000000000108,0.8007999999999968,48749,48809,292.7,308.31,61
antes_dia_20,dia 12 - Soja Saudavel Vaso 2,12.0,2.0,1,330.16,54072,87.4,1.6500000000000057,1.001699999999998,54042,54102,322.17,338.44,61
antes_dia_20,dia 13 - Soja Saudavel Vaso 1,13.0,1.0,1,308.03,56550,83.59,1.6200000000000045,1.0006999999999928,56520,56580,300.37,316.27,61
antes_dia_20,dia 12 - Soja Heterodera Vaso 8,12.0,8.0,0,316.57,10377,93.09,1.5900000000000034,0.7747999999999995,10347,10407,308.71,323.83,61
antes_dia_20,dia 12 - Soja Saudavel Vaso 2,12.0,2.0,1,327.62,54063,72.54,1.5800000000000125,1.001699999999998,54033,54093,319.75,336.1,61
antes_dia_20,dia 19 - Soja Saudavel Vaso 5,19.0,5.0,1,122.27,69691,91.88,1.5799999999999983,1.1600000000000033,69661,69721,112.73,131.75,61
antes_dia_20,dia 19 - Soja Saudavel Vaso 2,19.0,2.0,1,108.19,65860,85.56,1.5700000000000074,0.9728500000000011,65830,65890,99.14,116.94,61
antes_dia_20,dia 18 - Soja Saudavel Vaso 4,18.0,4.0,1,165.64,36388,92.22,1.5699999999999932,1.5496499999999702,36358,36418,159.35,171.81,61
antes_dia_20,dia 12 - Soja Heterodera Vaso 7,12.0,7.0,0,300.26,7716,91.19,1.5600000000000023,0.7974999999999941,7686,7746,292.49,307.43,61
antes_dia_20,dia 13 - Soja Saudavel Vaso 4,13.0,4.0,1,135.82,60627,86.06,1.5600000000000023,1.0820999999999998,60597,60657,127.46,143.46,61
antes_dia_20,dia 13 - Soja Saudavel Vaso 5,13.0,5.0,1,309.49,62962,85.8,1.5499999999999972,0.8098000000000026,62932,62992,301.28,317.11,61
antes_dia_20,dia 18 - Soja Saudavel Vaso 2,18.0,2.0,1,135.61,34343,92.63,1.5300000000000011,0.7243999999999812,34313,34373,129.5,141.85,61
antes_dia_20,dia 13 - Soja Saudavel Vaso 4,13.0,4.0,1,135.54,60626,84.5,1.519999999999996,1.0820999999999998,60596,60656,127.21,143.15,61
antes_dia_20,dia 13 - Soja Saudavel Vaso 1,13.0,1.0,1,308.28,56551,85.1,1.509999999999991,1.0006999999999928,56521,56581,300.67,316.52,61
antes_dia_20,dia 12 - Soja Heterodera Vaso 1,12.0,1.0,0,322.03,15397,93.2,1.490000000000009,0.8052500000000051,15367,15427,314.18,330.5,61
antes_dia_20,dia 13 - Soja Saudavel Vaso 3,13.0,3.0,1,314.42,58762,80.98,1.490000000000009,0.9848999999999831,58732,58792,306.82,322.65,61
antes_dia_20,dia 11 - Soja Heterodera Vaso 6,11.0,6.0,0,300.23,671,91.56,1.480000000000004,0.9510500000000036,641,701,292.64,308.53,61
antes_dia_20,dia 11 - Soja Saudavel Vaso 3,11.0,3.0,1,300.26,45789,91.7,1.4699999999999989,0.752199999999993,45759,45819,292.07,307.78,61
antes_dia_20,dia 12 - Soja Heterodera Vaso 9,12.0,9.0,0,300.09,12776,92.16,1.460000000000008,0.777699999999999,12746,12806,292.26,307.31,61
antes_dia_20,dia 19 - Soja Saudavel Vaso 2,19.0,2.0,1,107.73,65859,83.99,1.4499999999999886,0.9728500000000011,65829,65889,98.86,116.61,61
antes_dia_20,dia 12 - Soja Heterodera Vaso 8,12.0,8.0,0,300.17,10312,91.69,1.4399999999999977,0.7747999999999995,10282,10342,292.32,307.4,61
antes_dia_20,dia 12 - Soja Saudavel Vaso 2,12.0,2.0,1,328.94,54068,82.59,1.4399999999999977,1.001699999999998,54038,54098,321.1,337.42,61
antes_dia_20,dia 11 - Soja Saudavel Vaso 5,11.0,5.0,1,300.19,51362,92.08,1.4300000000000068,0.7947999999999938,51332,51392,293.07,307.78,61
antes_dia_20,dia 13 - Soja Saudavel Vaso 3,13.0,3.0,1,301.82,58713,86.42,1.4299999999999926,0.9848999999999831,58683,58743,293.61,309.62,61
antes_dia_20,dia 13 - Soja Saudavel Vaso 3,13.0,3.0,1,315.2,58765,85.07,1.4299999999999926,0.9848999999999831,58735,58795,307.57,323.44,61
antes_dia_20,dia 18 - Soja Saudavel Vaso 5,18.0,5.0,1,133.5,38271,92.59,1.4200000000000017,0.727199999999997,38241,38301,127.29,139.8,61
antes_dia_20,dia 13 - Soja Saudavel Vaso 4,13.0,4.0,1,134.55,60622,77.3,1.4099999999999966,1.0820999999999998,60592,60652,126.2,142.16,61
antes_dia_20,dia 18 - Soja Saudavel Vaso 1,18.0,1.0,1,317.43,33067,92.28,1.4000000000000057,0.5825999999999958,33037,33097,311.71,322.83,61
antes_dia_20,dia 18 - Soja Heterodera Vaso 7,18.0,7.0,0,120.34,19066,91.59,1.3999999999999915,0.8190500000000008,19036,19096,113.31,127.48,61
antes_dia_20,dia 11 - Soja Heterodera Vaso 7,11.0,7.0,0,241.43,2865,86.49,1.3900000000000006,1.0757999999999703,2835,2895,234.12,249.14,61
antes_dia_20,dia 19 - Soja Saudavel Vaso 5,19.0,5.0,1,136.85,69737,72.43,1.3900000000000006,1.1600000000000033,69707,69767,127.29,146.53,61
antes_dia_20,dia 11 - Soja Saudavel Vaso 1,11.0,1.0,1,302.11,40507,86.43,1.3899999999999864,0.6851499999999984,40477,40537,293.99,309.64,61
antes_dia_20,dia 11 - Soja Saudavel Vaso 2,11.0,2.0,1,302.6,43525,83.66,1.3800000000000097,0.9229999999999985,43495,43555,295.11,309.93,61
antes_dia_20,dia 11 - Soja Saudavel Vaso 2,11.0,2.0,1,300.24,43517,91.78,1.3799999999999955,0.9229999999999985,43487,43547,293.23,308.02,61
antes_dia_20,dia 11 - Soja Heterodera Vaso 6,11.0,6.0,0,300.5,672,90.19,1.3700000000000045,0.9510500000000036,642,702,292.88,308.78,61
antes_dia_20,dia 13 - Soja Saudavel Vaso 3,13.0,3.0,1,314.66,58763,82.35,1.3699999999999903,0.9848999999999831,58733,58793,307.07,322.94,61
antes_dia_20,dia 11 - Soja Heterodera Vaso 7,11.0,7.0,0,240.28,2861,91.24,1.3500000000000085,1.0757999999999703,2831,2891,233.13,248.19,61
antes_dia_20,dia 13 - Soja Saudavel Vaso 1,13.0,1.0,1,308.53,56552,86.45,1.3500000000000085,1.0006999999999928,56522,56582,300.92,316.76,61
antes_dia_20,dia 13 - Soja Saudavel Vaso 3,13.0,3.0,1,300.11,58708,92.07,1.3200000000000074,0.9848999999999831,58678,58738,292.25,308.32,61
antes_dia_20,dia 12 - Soja Heterodera Vaso 1,12.0,1.0,0,300.32,15313,91.18,1.3199999999999932,0.8052500000000051,15283,15343,292.41,307.6,61
antes_dia_20,dia 12 - Soja Saudavel Vaso 2,12.0,2.0,1,328.38,54066,79.9,1.3100000000000023,1.001699999999998,54036,54096,320.54,336.92,61
antes_dia_20,dia 11 - Soja Saudavel Vaso 4,11.0,4.0,1,300.56,48780,90.83,1.2999999999999972,0.8007999999999968,48750,48810,292.93,308.72,61
antes_dia_20,dia 13 - Soja Saudavel Vaso 4,13.0,4.0,1,120.17,60568,91.93,1.2999999999999972,1.0820999999999998,60538,60598,112.05,127.71,61
antes_dia_20,dia 12 - Soja Saudavel Vaso 2,12.0,2.0,1,328.13,54065,78.59,1.2900000000000063,1.001699999999998,54035,54095,320.29,336.67,61
antes_dia_20,dia 13 - Soja Saudavel Vaso 3,13.0,3.0,1,314.91,58764,83.64,1.2900000000000063,0.9848999999999831,58734,58794,307.32,323.19,61
antes_dia_20,dia 11 - Soja Saudavel Vaso 5,11.0,5.0,1,300.43,51363,90.79,1.289999999999992,0.7947999999999938,51333,51393,293.3,308.07,61
antes_dia_20,dia 12 - Soja Heterodera Vaso 6,12.0,6.0,0,300.26,5198,91.25,1.2800000000000011,0.8410999999999929,5168,5228,293.17,308.12,61
antes_dia_20,dia 13 - Soja Saudavel Vaso 5,13.0,5.0,1,308.25,62959,77.25,1.2800000000000011,0.8098000000000026,62929,62989,300.54,316.35,61
antes_dia_20,dia 11 - Soja Heterodera Vaso 6,11.0,6.0,0,303.02,680,82.71,1.2700000000000102,0.9510500000000036,650,710,294.93,310.84,61
antes_dia_20,dia 11 - Soja Heterodera Vaso 7,11.0,7.0,0,240.8,2863,88.8,1.269999999999996,1.0757999999999703,2833,2893,233.6,248.67,61
antes_dia_20,dia 11 - Soja Saudavel Vaso 1,11.0,1.0,1,321.29,40584,93.17,1.269999999999996,0.6851499999999984,40554,40614,313.73,328.39,61
antes_dia_20,dia 19 - Soja Saudavel Vaso 5,19.0,5.0,1,122.55,69692,90.61,1.269999999999996,1.1600000000000033,69662,69722,113.01,132.03,61
antes_dia_20,dia 12 - Soja Heterodera Vaso 9,12.0,9.0,0,300.32,12777,90.9,1.259999999999991,0.777699999999999,12747,12807,292.49,307.56,61
antes_dia_20,dia 12 - Soja Saudavel Vaso 2,12.0,2.0,1,328.63,54067,81.15,1.25,1.001699999999998,54037,54097,320.8,337.17,61
antes_dia_20,dia 13 - Soja Saudavel Vaso 5,13.0,5.0,1,309.74,62963,87.05,1.25,0.8098000000000026,62933,62993,301.53,317.36,61
antes_dia_20,dia 11 - Soja Saudavel Vaso 3,11.0,3.0,1,300.5,45790,90.46,1.240000000000009,0.752199999999993,45760,45820,292.31,308.02,61
antes_dia_20,dia 12 - Soja Heterodera Vaso 8,12.0,8.0,0,300.4,10313,90.47,1.2199999999999989,0.7747999999999995,10283,10343,292.56,307.67,61
antes_dia_20,dia 13 - Soja Saudavel Vaso 3,13.0,3.0,1,301.26,58712,87.85,1.2199999999999989,0.9848999999999831,58682,58742,293.35,309.32,61
antes_dia_20,dia 19 - Soja Saudavel Vaso 5,19.0,5.0,1,135.91,69734,68.88,1.2099999999999937,1.1600000000000033,69704,69764,126.45,145.61,61
antes_dia_20,dia 19 - Soja Saudavel Vaso 5,19.0,5.0,1,137.89,69740,75.94,1.2099999999999937,1.1600000000000033,69710,69770,128.18,147.61,61
antes_dia_20,dia 13 - Soja Saudavel Vaso 1,13.0,1.0,1,300.67,56521,90.13,1.2000000000000028,1.0006999999999928,56491,56551,292.35,308.28,61
antes_dia_20,dia 13 - Soja Saudavel Vaso 1,13.0,1.0,1,308.77,56553,87.65,1.2000000000000028,1.0006999999999928,56523,56583,301.17,317.01,61
antes_dia_20,dia 13 - Soja Saudavel Vaso 3,13.0,3.0,1,316.57,58768,90.05,1.2000000000000028,0.9848999999999831,58738,58798,308.32,324.24,61
antes_dia_20,dia 12 - Soja Heterodera Vaso 1,12.0,1.0,0,300.08,15312,92.5,1.1899999999999977,0.8052500000000051,15282,15342,292.18,307.37,61
antes_dia_20,dia 18 - Soja Heterodera Vaso 6,18.0,6.0,0,120.82,17334,91.36,1.1899999999999977,0.9739999999999923,17304,17364,113.74,127.97,61
antes_dia_20,dia 11 - Soja Saudavel Vaso 2,11.0,2.0,1,300.48,43518,90.59,1.1899999999999977,0.9229999999999985,43488,43548,293.46,308.28,61
antes_dia_20,dia 13 - Soja Saudavel Vaso 4,13.0,4.0,1,136.07,60628,87.25,1.1899999999999977,1.0820999999999998,60598,60658,127.71,143.71,61
antes_dia_20,dia 19 - Soja Saudavel Vaso 5,19.0,5.0,1,139.63,69745,81.45,1.1899999999999977,1.1600000000000033,69715,69775,129.91,149.31,61
antes_dia_20,dia 19 - Soja Saudavel Vaso 2,19.0,2.0,1,107.32,65858,82.54,1.1800000000000068,0.9728500000000011,65828,65888,98.6,116.29,61
antes_dia_20,dia 13 - Soja Saudavel Vaso 5,13.0,5.0,1,300.54,62929,90.81,1.1799999999999926,0.8098000000000026,62899,62959,292.28,308.25,61
antes_dia_20,dia 11 - Soja Heterodera Vaso 7,11.0,7.0,0,240.51,2862,90.07,1.1700000000000017,1.0757999999999703,2832,2892,233.36,248.43,61
antes_dia_20,dia 12 - Soja Heterodera Vaso 6,12.0,6.0,0,300.03,5197,92.53,1.1700000000000017,0.8410999999999929,5167,5227,292.94,307.89,61
antes_dia_20,dia 18 - Soja Heterodera Vaso 6,18.0,6.0,0,133.62,17388,93.12,1.1700000000000017,0.9739999999999923,17358,17418,126.56,140.82,61
antes_dia_20,dia 19 - Soja Heterodera Vaso 1,19.0,1.0,0,84.56,30497,82.67,1.1700000000000017,0.6700000000000017,30493,30527,82.36,93.41,35
antes_dia_20,dia 19 - Soja Saudavel Vaso 2,19.0,2.0,1,106.22,65854,78.27,1.1700000000000017,0.9728500000000011,65824,65884,97.55,115.02,61
antes_dia_20,dia 19 - Soja Saudavel Vaso 5,19.0,5.0,1,137.52,69739,74.73,1.1600000000000108,1.1600000000000033,69709,69769,127.85,147.23,61
antes_dia_20,dia 12 - Soja Heterodera Vaso 6,12.0,6.0,0,300.51,5199,90.11,1.1400000000000006,0.8410999999999929,5169,5229,293.41,308.35,61
antes_dia_20,dia 12 - Soja Heterodera Vaso 9,12.0,9.0,0,739.49,14512,92.44,1.1299999999999955,0.777699999999999,14482,14542,731.63,746.81,61
antes_dia_20,dia 12 - Soja Saudavel Vaso 2,12.0,2.0,1,329.19,54069,83.72,1.1299999999999955,1.001699999999998,54039,54099,321.35,337.68,61
antes_dia_20,dia 13 - Soja Saudavel Vaso 1,13.0,1.0,1,300.12,56519,92.43,1.1299999999999955,1.0006999999999928,56489,56549,291.85,307.78,61
antes_dia_20,dia 12 - Soja Heterodera Vaso 1,12.0,1.0,0,300.55,15314,90.06,1.1200000000000045,0.8052500000000051,15284,15344,292.65,307.83,61
antes_dia_20,dia 13 - Soja Saudavel Vaso 5,13.0,5.0,1,309.98,62964,88.17,1.1200000000000045,0.8098000000000026,62934,62994,301.77,317.61,61
antes_dia_20,dia 11 - Soja Saudavel Vaso 2,11.0,2.0,1,302.05,43524,85.04,1.1199999999999903,0.9229999999999985,43494,43554,294.89,309.7,61
antes_dia_20,dia 13 - Soja Saudavel Vaso 3,13.0,3.0,1,300.36,58709,90.95,1.1199999999999903,0.9848999999999831,58679,58739,292.51,308.58,61
antes_dia_20,dia 12 - Soja Heterodera Vaso 9,12.0,9.0,0,300.57,12778,89.79,1.1099999999999994,0.777699999999999,12748,12808,292.73,307.83,61
antes_dia_20,dia 11 - Soja Saudavel Vaso 4,11.0,4.0,1,300.81,48781,89.72,1.1099999999999994,0.8007999999999968,48751,48811,293.32,308.97,61
antes_dia_20,dia 13 - Soja Saudavel Vaso 1,13.0,1.0,1,300.37,56520,91.33,1.1000000000000085,1.0006999999999928,56490,56550,292.1,308.03,61
antes_dia_20,dia 13 - Soja Saudavel Vaso 4,13.0,4.0,1,120.42,60569,90.83,1.1000000000000085,1.0820999999999998,60539,60599,112.3,128.11,61
antes_dia_20,dia 19 - Soja Saudavel Vaso 2,19.0,2.0,1,106.48,65855,79.37,1.1000000000000085,0.9728500000000011,65825,65885,97.82,115.31,61
antes_dia_20,dia 12 - Soja Heterodera Vaso 7,12.0,7.0,0,300.49,7717,90.09,1.0999999999999943,0.7974999999999941,7687,7747,292.72,307.66,61
antes_dia_20,dia 11 - Soja Heterodera Vaso 7,11.0,7.0,0,242.36,2867,83.7,1.0900000000000034,1.0757999999999703,2837,2897,234.59,249.66,61
antes_dia_20,dia 18 - Soja Saudavel Vaso 5,18.0,5.0,1,120.36,38208,91.8,1.0900000000000034,0.727199999999997,38178,38238,114.04,126.67,61
antes_dia_20,dia 13 - Soja Saudavel Vaso 5,13.0,5.0,1,310.54,62966,90.25,1.0900000000000034,0.8098000000000026,62936,62996,302.26,318.11,61
antes_dia_20,dia 12 - Soja Saudavel Vaso 2,12.0,2.0,1,300.6,53959,90.01,1.0899999999999892,1.001699999999998,53929,53989,292.71,307.89,61
antes_dia_20,dia 11 - Soja Heterodera Vaso 7,11.0,7.0,0,254.18,2916,93.08,1.0799999999999983,1.0757999999999703,2886,2946,246.99,262.05,61
antes_dia_20,dia 12 - Soja Heterodera Vaso 8,12.0,8.0,0,300.64,10314,89.39,1.0799999999999983,0.7747999999999995,10284,10344,292.79,307.9,61
antes_dia_20,dia 12 - Soja Heterodera Vaso 8,12.0,8.0,0,300.9,10315,88.31,1.0799999999999983,0.7747999999999995,10285,10345,293.04,308.14,61
antes_dia_20,dia 12 - Soja Heterodera Vaso 1,12.0,1.0,0,300.81,15315,88.98,1.0799999999999983,0.8052500000000051,15285,15345,292.88,308.07,61
antes_dia_20,dia 11 - Soja Saudavel Vaso 3,11.0,3.0,1,300.76,45791,89.38,1.0799999999999983,0.752199999999993,45761,45821,292.55,308.27,61
antes_dia_20,dia 13 - Soja Saudavel Vaso 5,13.0,5.0,1,300.24,62928,91.99,1.0799999999999983,0.8098000000000026,62898,62958,292.04,307.85,61
antes_dia_20,dia 18 - Soja Saudavel Vaso 2,18.0,2.0,1,120.41,34269,91.66,1.0700000000000074,0.7243999999999812,34239,34299,114.25,126.62,61
antes_dia_20,dia 12 - Soja Saudavel Vaso 2,12.0,2.0,1,331.15,54074,90.15,1.0700000000000074,1.001699999999998,54044,54104,322.68,338.98,61
antes_dia_20,dia 11 - Soja Heterodera Vaso 6,11.0,6.0,0,300.75,673,89.13,1.0600000000000023,0.9510500000000036,643,703,293.13,309.04,61
antes_dia_20,dia 18 - Soja Heterodera Vaso 7,18.0,7.0,0,120.58,19067,90.54,1.0499999999999972,0.8190500000000008,19037,19097,113.54,127.71,61
antes_dia_20,dia 12 - Soja Saudavel Vaso 2,12.0,2.0,1,329.44,54070,84.77,1.0499999999999972,1.001699999999998,54040,54100,321.61,337.93,61
antes_dia_20,dia 13 - Soja Saudavel Vaso 1,13.0,1.0,1,309.02,56554,88.69,1.039999999999992,1.0006999999999928,56524,56584,301.41,317.3,61
antes_dia_20,dia 11 - Soja Saudavel Vaso 3,11.0,3.0,1,301.01,45792,88.35,1.0300000000000011,0.752199999999993,45762,45822,292.81,308.52,61
antes_dia_20,dia 11 - Soja Saudavel Vaso 5,11.0,5.0,1,300.66,51364,89.76,1.0300000000000011,0.7947999999999938,51334,51394,293.54,308.3,61
antes_dia_20,dia 11 - Soja Saudavel Vaso 2,11.0,2.0,1,300.7,43519,89.57,1.0200000000000102,0.9229999999999985,43489,43549,293.7,308.51,61
antes_dia_20,dia 11 - Soja Heterodera Vaso 6,11.0,6.0,0,302.46,679,83.98,1.019999999999996,0.9510500000000036,649,709,294.62,310.59,61
antes_dia_20,dia 13 - Soja Saudavel Vaso 1,13.0,1.0,1,309.56,56556,90.65,1.0100000000000051,1.0006999999999928,56526,56586,301.91,317.79,61
antes_dia_20,dia 11 - Soja Saudavel Vaso 1,11.0,1.0,1,740.1,42259,92.84,1.009999999999991,0.6851499999999984,42229,42289,731.87,748.28,61
antes_dia_20,dia 19 - Soja Saudavel Vaso 2,19.0,2.0,1,106.74,65856,80.38,1.009999999999991,0.9728500000000011,65826,65886,98.07,115.62,61
antes_dia_20,dia 12 - Soja Heterodera Vaso 9,12.0,9.0,0,301.33,12781,86.95,1.0,0.777699999999999,12751,12811,293.44,308.57,61
antes_dia_20,dia 18 - Soja Heterodera Vaso 6,18.0,6.0,0,120.58,17333,92.55,1.0,0.9739999999999923,17303,17363,113.51,127.73,61
antes_dia_20,dia 11 - Soja Saudavel Vaso 4,11.0,4.0,1,301.06,48782,88.73,0.9899999999999949,0.8007999999999968,48752,48812,293.85,309.22,61
antes_dia_20,dia 13 - Soja Saudavel Vaso 5,13.0,5.0,1,310.23,62965,89.16,0.9899999999999949,0.8098000000000026,62935,62995,302.02,317.85,61
antes_dia_20,dia 19 - Soja Saudavel Vaso 2,19.0,2.0,1,107.0,65857,81.36,0.980000000000004,0.9728500000000011,65827,65887,98.34,115.94,61
antes_dia_20,dia 12 - Soja Heterodera Vaso 6,12.0,6.0,0,304.37,5213,80.43,0.9799999999999898,0.8410999999999929,5183,5243,296.71,311.7,61
antes_dia_20,dia 11 - Soja Saudavel Vaso 2,11.0,2.0,1,303.01,43526,82.68,0.9799999999999898,0.9229999999999985,43496,43556,295.34,310.16,61
antes_dia_20,dia 12 - Soja Heterodera Vaso 9,12.0,9.0,0,300.8,12779,88.82,0.9700000000000131,0.777699999999999,12749,12809,292.96,308.1,61
antes_dia_20,dia 12 - Soja Heterodera Vaso 7,12.0,7.0,0,300.72,7718,89.12,0.9699999999999989,0.7974999999999941,7688,7748,292.95,307.9,61
antes_dia_20,dia 12 - Soja Heterodera Vaso 7,12.0,7.0,0,755.78,9503,92.73,0.9699999999999989,0.7974999999999941,9473,9533,748.57,763.56,61
antes_dia_20,dia 11 - Soja Heterodera Vaso 6,11.0,6.0,0,301.55,676,86.38,0.960000000000008,0.9510500000000036,646,706,293.88,309.79,61
antes_dia_20,dia 12 - Soja Heterodera Vaso 6,12.0,6.0,0,300.74,5200,89.15,0.9599999999999937,0.8410999999999929,5170,5230,293.65,308.65,61
antes_dia_20,dia 12 - Soja Heterodera Vaso 7,12.0,7.0,0,299.98,7715,92.75,0.9599999999999937,0.7974999999999941,7685,7745,292.2,307.19,61
antes_dia_20,dia 11 - Soja Saudavel Vaso 5,11.0,5.0,1,747.56,53159,92.75,0.9599999999999937,0.7947999999999938,53129,53189,739.93,754.55,61
antes_dia_20,dia 12 - Soja Heterodera Vaso 1,12.0,1.0,0,740.86,17014,92.76,0.9399999999999977,0.8052500000000051,16984,17044,733.68,748.76,61
antes_dia_20,dia 19 - Soja Heterodera Vaso 8,19.0,8.0,0,127.78,27612,86.96,0.9399999999999977,0.5944499999999971,27582,27642,119.58,136.19,61
antes_dia_20,dia 19 - Soja Heterodera Vaso 9,19.0,9.0,0,127.78,29125,86.96,0.9399999999999977,0.5944499999999971,29095,29155,119.58,136.19,61
antes_dia_20,dia 11 - Soja Saudavel Vaso 5,11.0,5.0,1,304.41,51378,80.14,0.9399999999999977,0.7947999999999938,51348,51408,296.81,311.62,61
antes_dia_20,dia 11 - Soja Saudavel Vaso 5,11.0,5.0,1,300.89,51365,88.83,0.9300000000000068,0.7947999999999938,51335,51395,293.77,308.52,61
antes_dia_20,dia 18 - Soja Saudavel Vaso 5,18.0,5.0,1,120.57,38209,90.87,0.9299999999999926,0.727199999999997,38179,38239,114.25,126.87,61
antes_dia_20,dia 11 - Soja Saudavel Vaso 4,11.0,4.0,1,301.3,48783,87.81,0.9200000000000017,0.8007999999999968,48753,48813,294.24,309.46,61
antes_dia_20,dia 19 - Soja Heterodera Vaso 7,19.0,7.0,0,150.83,26184,88.07,0.9199999999999875,0.6580000000000052,26154,26214,142.39,159.01,61
antes_dia_20,dia 12 - Soja Heterodera Vaso 7,12.0,7.0,0,300.96,7719,88.22,0.9000000000000057,0.7974999999999941,7689,7749,293.19,308.14,61
antes_dia_20,dia 19 - Soja Heterodera Vaso 7,19.0,7.0,0,150.52,26183,87.15,0.8900000000000006,0.6580000000000052,26153,26213,142.13,158.75,61
antes_dia_20,dia 12 - Soja Heterodera Vaso 6,12.0,6.0,0,300.97,5201,88.27,0.8800000000000097,0.8410999999999929,5171,5231,293.88,308.88,61
antes_dia_20,dia 12 - Soja Heterodera Vaso 1,12.0,1.0,0,301.04,15316,88.1,0.8800000000000097,0.8052500000000051,15286,15346,293.18,308.31,61
antes_dia_20,dia 12 - Soja Heterodera Vaso 8,12.0,8.0,0,301.14,10316,87.43,0.8799999999999955,0.7747999999999995,10286,10346,293.27,308.37,61
antes_dia_20,dia 11 - Soja Saudavel Vaso 3,11.0,3.0,1,301.26,45793,87.47,0.8799999999999955,0.752199999999993,45763,45823,293.1,308.76,61
antes_dia_20,dia 13 - Soja Saudavel Vaso 5,13.0,5.0,1,300.79,62930,89.93,0.8799999999999955,0.8098000000000026,62900,62960,292.53,308.81,61
antes_dia_20,dia 19 - Soja Heterodera Vaso 8,19.0,8.0,0,128.35,27614,88.62,0.8700000000000045,0.5944499999999971,27584,27644,120.09,136.72,61
antes_dia_20,dia 19 - Soja Heterodera Vaso 9,19.0,9.0,0,128.35,29127,88.62,0.8700000000000045,0.5944499999999971,29097,29157,120.09,136.72,61
antes_dia_20,dia 12 - Soja Heterodera Vaso 9,12.0,9.0,0,301.04,12780,87.95,0.8699999999999903,0.777699999999999,12750,12810,293.2,308.33,61
antes_dia_20,dia 18 - Soja Heterodera Vaso 7,18.0,7.0,0,120.81,19068,89.68,0.8599999999999994,0.8190500000000008,19038,19098,113.78,127.96,61
antes_dia_20,dia 12 - Soja Heterodera Vaso 7,12.0,7.0,0,301.45,7721,86.58,0.8500000000000085,0.7974999999999941,7691,7751,293.67,308.71,61
antes_dia_20,dia 12 - Soja Heterodera Vaso 6,12.0,6.0,0,301.73,5204,85.9,0.8499999999999943,0.8410999999999929,5174,5234,294.58,309.59,61
antes_dia_20,dia 11 - Soja Saudavel Vaso 3,11.0,3.0,1,302.05,45796,85.09,0.8499999999999943,0.752199999999993,45766,45826,293.84,309.6,61
antes_dia_20,dia 11 - Soja Saudavel Vaso 5,11.0,5.0,1,301.12,51366,87.98,0.8499999999999943,0.7947999999999938,51336,51396,293.99,308.75,61
antes_dia_20,dia 19 - Soja Heterodera Vaso 7,19.0,7.0,0,151.13,26185,88.91,0.8400000000000034,0.6580000000000052,26155,26215,142.65,159.31,61
antes_dia_20,dia 18 - Soja Saudavel Vaso 1,18.0,1.0,1,300.37,32975,92.06,0.8400000000000034,0.5825999999999958,32945,33005,294.95,305.92,61
antes_dia_20,dia 12 - Soja Heterodera Vaso 1,12.0,1.0,0,301.28,15317,87.27,0.8299999999999983,0.8052500000000051,15287,15347,293.41,308.58,61
antes_dia_20,dia 19 - Soja Heterodera Vaso 1,19.0,1.0,0,89.66,30514,87.57,0.8299999999999983,0.6700000000000017,30493,30544,82.36,98.34,52
antes_dia_20,dia 13 - Soja Saudavel Vaso 5,13.0,5.0,1,301.04,62931,89.11,0.8200000000000074,0.8098000000000026,62901,62961,292.83,309.23,61
antes_dia_20,dia 18 - Soja Saudavel Vaso 2,18.0,2.0,1,120.19,34268,92.73,0.8100000000000023,0.7243999999999812,34238,34298,114.05,126.42,61
antes_dia_20,dia 11 - Soja Saudavel Vaso 4,11.0,4.0,1,301.55,48784,87.0,0.8100000000000023,0.8007999999999968,48754,48814,294.47,309.7,61
antes_dia_20,dia 11 - Soja Saudavel Vaso 4,11.0,4.0,1,302.34,48787,84.74,0.8100000000000023,0.8007999999999968,48757,48817,295.15,310.49,61
antes_dia_20,dia 12 - Soja Heterodera Vaso 8,12.0,8.0,0,301.38,10317,86.63,0.8000000000000114,0.7747999999999995,10287,10347,293.51,308.71,61
antes_dia_20,dia 18 - Soja Saudavel Vaso 1,18.0,1.0,1,317.62,33068,93.08,0.7999999999999972,0.5825999999999958,33038,33098,311.89,323.01,61
antes_dia_20,dia 18 - Soja Saudavel Vaso 2,18.0,2.0,1,120.61,34270,90.86,0.7999999999999972,0.7243999999999812,34240,34300,114.45,126.84,61
antes_dia_20,dia 11 - Soja Saudavel Vaso 3,11.0,3.0,1,301.51,45794,86.67,0.7999999999999972,0.752199999999993,45764,45824,293.35,309.11,61
antes_dia_20,dia 11 - Soja Saudavel Vaso 3,11.0,3.0,1,329.41,45904,93.55,0.7999999999999972,0.752199999999993,45874,45934,321.75,336.41,61
antes_dia_20,dia 11 - Soja Saudavel Vaso 5,11.0,5.0,1,301.35,51367,87.18,0.7999999999999972,0.7947999999999938,51337,51397,294.22,308.99,61
antes_dia_20,dia 12 - Soja Heterodera Vaso 8,12.0,8.0,0,735.56,11984,92.36,0.7900000000000063,0.7747999999999995,11954,12014,728.34,743.47,61
antes_dia_20,dia 19 - Soja Heterodera Vaso 8,19.0,8.0,0,128.04,27613,87.75,0.7900000000000063,0.5944499999999971,27583,27643,119.84,136.45,61
antes_dia_20,dia 19 - Soja Heterodera Vaso 9,19.0,9.0,0,128.04,29126,87.75,0.7900000000000063,0.5944499999999971,29096,29156,119.84,136.45,61
antes_dia_20,dia 19 - Soja Heterodera Vaso 8,19.0,8.0,0,128.65,27615,89.4,0.7800000000000011,0.5944499999999971,27585,27645,120.34,136.98,61
antes_dia_20,dia 19 - Soja Heterodera Vaso 9,19.0,9.0,0,128.65,29128,89.4,0.7800000000000011,0.5944499999999971,29098,29158,120.34,136.98,61
antes_dia_20,dia 19 - Soja Heterodera Vaso 7,19.0,7.0,0,121.88,26080,92.85,0.7700000000000102,0.6580000000000052,26050,26110,113.54,130.14,61
antes_dia_20,dia 18 - Soja Saudavel Vaso 5,18.0,5.0,1,120.78,38210,90.1,0.7700000000000102,0.727199999999997,38180,38240,114.55,127.08,61
antes_dia_20,dia 11 - Soja Saudavel Vaso 3,11.0,3.0,1,748.28,47551,92.33,0.769999999999996,0.752199999999993,47521,47581,740.3,755.87,61
antes_dia_20,dia 19 - Soja Heterodera Vaso 7,19.0,7.0,0,150.21,26182,86.26,0.7600000000000051,0.6580000000000052,26152,26212,141.85,158.5,61
antes_dia_20,dia 11 - Soja Saudavel Vaso 1,11.0,1.0,1,302.36,40508,85.67,0.7600000000000051,0.6851499999999984,40478,40538,294.23,309.88,61
antes_dia_20,dia 19 - Soja Saudavel Vaso 4,19.0,4.0,1,80.9,68396,91.0,0.7600000000000051,0.16499999999999246,68395,68426,80.54,90.27,32
antes_dia_20,dia 19 - Soja Heterodera Vaso 1,19.0,1.0,0,89.93,30515,88.32,0.75,0.6700000000000017,30493,30545,82.36,98.65,53
antes_dia_20,dia 19 - Soja Heterodera Vaso 7,19.0,7.0,0,149.11,26178,84.01,0.7400000000000091,0.6580000000000052,26148,26208,140.68,157.47,61
antes_dia_20,dia 19 - Soja Heterodera Vaso 8,19.0,8.0,0,126.43,27607,83.94,0.730000000000004,0.5944499999999971,27577,27637,118.06,134.8,61
antes_dia_20,dia 19 - Soja Heterodera Vaso 9,19.0,9.0,0,126.43,29120,83.94,0.730000000000004,0.5944499999999971,29090,29150,118.06,134.8,61
antes_dia_20,dia 19 - Soja Heterodera Vaso 1,19.0,1.0,0,88.37,30510,85.34,0.730000000000004,0.6700000000000017,30493,30540,82.36,97.26,48
antes_dia_20,dia 19 - Soja Heterodera Vaso 7,19.0,7.0,0,148.85,26177,83.27,0.7299999999999898,0.6580000000000052,26147,26207,140.43,157.17,61
antes_dia_20,dia 19 - Soja Heterodera Vaso 1,19.0,1.0,0,90.19,30516,89.02,0.7000000000000028,0.6700000000000017,30493,30546,82.36,98.97,54
antes_dia_20,dia 11 - Soja Saudavel Vaso 1,11.0,1.0,1,302.6,40509,84.97,0.7000000000000028,0.6851499999999984,40479,40539,294.48,310.13,61
antes_dia_20,dia 11 - Soja Saudavel Vaso 1,11.0,1.0,1,303.64,40513,82.37,0.6999999999999886,0.6851499999999984,40483,40543,295.46,311.11,61
antes_dia_20,dia 19 - Soja Heterodera Vaso 7,19.0,7.0,0,151.39,26186,89.59,0.6800000000000068,0.6580000000000052,26156,26216,142.91,159.61,61
antes_dia_20,dia 19 - Soja Heterodera Vaso 1,19.0,1.0,0,90.47,30517,89.7,0.6800000000000068,0.6700000000000017,30493,30547,82.36,99.28,55
antes_dia_20,dia 18 - Soja Saudavel Vaso 1,18.0,1.0,1,300.55,32976,91.38,0.6800000000000068,0.5825999999999958,32946,33006,295.13,306.1,61
antes_dia_20,dia 19 - Soja Heterodera Vaso 1,19.0,1.0,0,86.96,30505,82.14,0.6700000000000017,0.6700000000000017,30493,30535,82.36,95.77,43
antes_dia_20,dia 19 - Soja Heterodera Vaso 1,19.0,1.0,0,87.22,30506,82.81,0.6700000000000017,0.6700000000000017,30493,30536,82.36,96.07,44
antes_dia_20,dia 19 - Soja Heterodera Vaso 8,19.0,8.0,0,127.48,27611,86.02,0.6400000000000006,0.5944499999999971,27581,27641,119.32,135.93,61
antes_dia_20,dia 19 - Soja Heterodera Vaso 8,19.0,8.0,0,128.91,27616,90.04,0.6400000000000006,0.5944499999999971,27586,27646,120.6,137.25,61
antes_dia_20,dia 19 - Soja Heterodera Vaso 9,19.0,9.0,0,127.48,29124,86.02,0.6400000000000006,0.5944499999999971,29094,29154,119.32,135.93,61
antes_dia_20,dia 19 - Soja Heterodera Vaso 9,19.0,9.0,0,128.91,29129,90.04,0.6400000000000006,0.5944499999999971,29099,29159,120.6,137.25,61
antes_dia_20,dia 18 - Soja Saudavel Vaso 1,18.0,1.0,1,300.74,32977,90.77,0.6099999999999994,0.5825999999999958,32947,33007,295.32,306.28,61
antes_dia_20,dia 19 - Soja Saudavel Vaso 4,19.0,4.0,1,81.23,68397,91.61,0.6099999999999994,0.16499999999999246,68395,68427,80.54,90.57,33
antes_dia_20,dia 19 - Soja Heterodera Vaso 8,19.0,8.0,0,126.68,27608,84.54,0.6000000000000085,0.5944499999999971,27578,27638,118.37,135.1,61
antes_dia_20,dia 19 - Soja Heterodera Vaso 9,19.0,9.0,0,126.68,29121,84.54,0.6000000000000085,0.5944499999999971,29091,29151,118.37,135.1,61
antes_dia_20,dia 18 - Soja Saudavel Vaso 1,18.0,1.0,1,300.2,32974,92.9,0.5999999999999943,0.5825999999999958,32944,33004,294.77,305.73,61
antes_dia_20,dia 19 - Soja Saudavel Vaso 4,19.0,4.0,1,81.54,68398,92.1,0.4899999999999949,0.16499999999999246,68395,68428,80.54,90.94,34
antes_dia_20,dia 19 - Soja Saudavel Vaso 4,19.0,4.0,1,81.89,68399,92.54,0.44000000000001194,0.16499999999999246,68395,68429,80.54,91.28,35
antes_dia_20,dia 19 - Soja Saudavel Vaso 4,19.0,4.0,1,82.24,68400,92.91,0.36999999999999034,0.16499999999999246,68395,68430,80.54,91.57,36
antes_dia_20,dia 19 - Soja Saudavel Vaso 3,19.0,3.0,1,80.61,67128,92.99,0.3199999999999932,0.026700000000000175,67127,67158,80.29,89.5,32
antes_dia_20,dia 19 - Soja Saudavel Vaso 4,19.0,4.0,1,82.58,68401,93.17,0.2600000000000051,0.16499999999999246,68395,68431,80.54,91.86,37
antes_dia_20,dia 19 - Soja Saudavel Vaso 3,19.0,3.0,1,80.92,67129,93.21,0.21999999999999886,0.026700000000000175,67127,67159,80.29,89.77,33
antes_dia_20,dia 19 - Soja Saudavel Vaso 3,19.0,3.0,1,81.25,67130,93.39,0.18000000000000682,0.026700000000000175,67127,67160,80.29,90.04,34
antes_dia_20,dia 19 - Soja Saudavel Vaso 3,19.0,3.0,1,81.58,67131,93.51,0.12000000000000455,0.026700000000000175,67127,67161,80.29,90.31,35
antes_dia_20,dia 19 - Soja Saudavel Vaso 3,19.0,3.0,1,81.85,67132,93.57,0.05999999999998806,0.026700000000000175,67127,67162,80.29,90.58,36
antes_dia_20,dia 19 - Soja Saudavel Vaso 3,19.0,3.0,1,82.11,67133,93.62,0.05000000000001137,0.026700000000000175,67127,67163,80.29,90.85,37
antes_dia_20,dia 19 - Soja Saudavel Vaso 3,19.0,3.0,1,82.63,67135,93.67,0.030000000000001137,0.026700000000000175,67127,67165,80.29,91.38,39
antes_dia_20,dia 18 - Soja Heterodera Vaso 8,18.0,8.0,0,109.96,20807,93.54,0.020000000000010232,0.010000000000005116,20777,20837,102.84,117.17,61
antes_dia_20,dia 18 - Soja Heterodera Vaso 8,18.0,8.0,0,157.95,21008,93.54,0.020000000000010232,0.010000000000005116,20978,21038,150.86,165.09,61
antes_dia_20,dia 18 - Soja Heterodera Vaso 8,18.0,8.0,0,285.46,21541,93.52,0.020000000000010232,0.010000000000005116,21511,21571,278.34,292.69,61
antes_dia_20,dia 19 - Soja Heterodera Vaso 6,19.0,6.0,0,152.25,25052,93.68,0.020000000000010232,0.01999999999999602,25022,25082,143.83,160.5,61
antes_dia_20,dia 19 - Soja Heterodera Vaso 6,19.0,6.0,0,216.16,25281,93.68,0.020000000000010232,0.01999999999999602,25251,25311,207.91,224.47,61
antes_dia_20,dia 19 - Soja Heterodera Vaso 6,19.0,6.0,0,279.44,25507,93.68,0.020000000000010232,0.01999999999999602,25477,25537,271.24,287.61,61
antes_dia_20,dia 18 - Soja Heterodera Vaso 9,18.0,9.0,0,282.42,22950,93.53,0.01999999999999602,0.010000000000005116,22920,22980,275.23,289.6,61
antes_dia_20,dia 18 - Soja Heterodera Vaso 1,18.0,1.0,0,317.84,24333,93.47,0.01999999999999602,0.010000000000005116,24303,24363,310.25,325.44,61
antes_dia_20,dia 19 - Soja Heterodera Vaso 6,19.0,6.0,0,90.87,24829,93.65,0.01999999999999602,0.01999999999999602,24799,24859,82.8,99.13,61
antes_dia_20,dia 19 - Soja Heterodera Vaso 6,19.0,6.0,0,91.75,24832,93.67,0.01999999999999602,0.01999999999999602,24802,24862,83.64,99.9,61
antes_dia_20,dia 19 - Soja Heterodera Vaso 6,19.0,6.0,0,95.74,24847,93.65,0.01999999999999602,0.01999999999999602,24817,24877,87.72,104.03,61
antes_dia_20,dia 19 - Soja Heterodera Vaso 6,19.0,6.0,0,110.66,24902,93.65,0.01999999999999602,0.01999999999999602,24872,24932,102.58,118.88,61
antes_dia_20,dia 19 - Soja Heterodera Vaso 6,19.0,6.0,0,112.81,24910,93.67,0.01999999999999602,0.01999999999999602,24880,24940,104.78,121.03,61
antes_dia_20,dia 19 - Soja Saudavel Vaso 1,19.0,1.0,1,191.86,64888,93.73,0.01999999999999602,0.010000000000005116,64858,64918,182.84,200.76,61
antes_dia_20,dia 19 - Soja Saudavel Vaso 1,19.0,1.0,1,395.36,65565,93.73,0.01999999999999602,0.010000000000005116,65535,65595,386.44,404.54,61
antes_dia_20,dia 18 - Soja Heterodera Vaso 8,18.0,8.0,0,70.59,20638,93.54,0.010000000000005116,0.010000000000005116,20631,20668,69.01,77.55,38
antes_dia_20,dia 18 - Soja Heterodera Vaso 8,18.0,8.0,0,70.82,20639,93.53,0.010000000000005116,0.010000000000005116,20631,20669,69.01,77.78,39
antes_dia_20,dia 18 - Soja Heterodera Vaso 8,18.0,8.0,0,71.98,20644,93.54,0.010000000000005116,0.010000000000005116,20631,20674,69.01,78.94,44
antes_dia_20,dia 18 - Soja Heterodera Vaso 8,18.0,8.0,0,72.22,20645,93.53,0.010000000000005116,0.010000000000005116,20631,20675,69.01,79.17,45
antes_dia_20,dia 18 - Soja Heterodera Vaso 8,18.0,8.0,0,74.37,20654,93.54,0.010000000000005116,0.010000000000005116,20631,20684,69.01,81.24,54
antes_dia_20,dia 18 - Soja Heterodera Vaso 8,18.0,8.0,0,74.6,20655,93.53,0.010000000000005116,0.010000000000005116,20631,20685,69.01,81.47,55
antes_dia_20,dia 18 - Soja Heterodera Vaso 8,18.0,8.0,0,80.33,20680,93.52,0.010000000000005116,0.010000000000005116,20650,20710,73.33,87.45,61
antes_dia_20,dia 18 - Soja Heterodera Vaso 8,18.0,8.0,0,80.79,20682,93.53,0.010000000000005116,0.010000000000005116,20652,20712,73.93,87.9,61
antes_dia_20,dia 18 - Soja Heterodera Vaso 8,18.0,8.0,0,82.85,20691,93.54,0.010000000000005116,0.010000000000005116,20661,20721,75.97,89.93,61
antes_dia_20,dia 18 - Soja Heterodera Vaso 8,18.0,8.0,0,83.09,20692,93.53,0.010000000000005116,0.010000000000005116,20662,20722,76.19,90.16,61
antes_dia_20,dia 18 - Soja Heterodera Vaso 8,18.0,8.0,0,90.38,20723,93.52,0.010000000000005116,0.010000000000005116,20693,20753,83.32,97.2,61
antes_dia_20,dia 18 - Soja Heterodera Vaso 8,18.0,8.0,0,90.6,20724,93.53,0.010000000000005116,0.010000000000005116,20694,20754,83.54,97.43,61
antes_dia_20,dia 18 - Soja Heterodera Vaso 8,18.0,8.0,0,91.3,20727,93.52,0.010000000000005116,0.010000000000005116,20697,20757,84.47,98.11,61
antes_dia_20,dia 18 - Soja Heterodera Vaso 8,18.0,8.0,0,91.53,20728,93.53,0.010000000000005116,0.010000000000005116,20698,20758,84.72,98.33,61
antes_dia_20,dia 18 - Soja Heterodera Vaso 8,18.0,8.0,0,92.89,20734,93.54,0.010000000000005116,0.010000000000005116,20704,20764,86.08,99.78,61
antes_dia_20,dia 18 - Soja Heterodera Vaso 8,18.0,8.0,0,93.11,20735,93.53,0.010000000000005116,0.010000000000005116,20705,20765,86.31,100.02,61
antes_dia_20,dia 18 - Soja Heterodera Vaso 8,18.0,8.0,0,94.26,20740,93.54,0.010000000000005116,0.010000000000005116,20710,20770,87.45,101.2,61
antes_dia_20,dia 18 - Soja Heterodera Vaso 8,18.0,8.0,0,94.49,20741,93.53,0.010000000000005116,0.010000000000005116,20711,20771,87.68,101.43,61
antes_dia_20,dia 18 - Soja Heterodera Vaso 8,18.0,8.0,0,94.93,20743,93.54,0.010000000000005116,0.010000000000005116,20713,20773,88.14,101.9,61
antes_dia_20,dia 18 - Soja Heterodera Vaso 8,18.0,8.0,0,95.16,20744,93.53,0.010000000000005116,0.010000000000005116,20714,20774,88.36,102.15,61
antes_dia_20,dia 18 - Soja Heterodera Vaso 8,18.0,8.0,0,96.3,20749,93.54,0.010000000000005116,0.010000000000005116,20719,20779,89.49,103.32,61
antes_dia_20,dia 18 - Soja Heterodera Vaso 8,18.0,8.0,0,96.53,20750,93.53,0.010000000000005116,0.010000000000005116,20720,20780,89.71,103.55,61
antes_dia_20,dia 18 - Soja Heterodera Vaso 8,18.0,8.0,0,96.97,20752,93.54,0.010000000000005116,0.010000000000005116,20722,20782,90.16,104.03,61
antes_dia_20,dia 18 - Soja Heterodera Vaso 8,18.0,8.0,0,97.2,20753,93.53,0.010000000000005116,0.010000000000005116,20723,20783,90.38,104.27,61
antes_dia_20,dia 18 - Soja Heterodera Vaso 8,18.0,8.0,0,99.56,20763,93.54,0.010000000000005116,0.010000000000005116,20733,20793,92.66,106.68,61
antes_dia_20,dia 18 - Soja Heterodera Vaso 8,18.0,8.0,0,99.78,20764,93.53,0.010000000000005116,0.010000000000005116,20734,20794,92.89,106.92,61
antes_dia_20,dia 18 - Soja Heterodera Vaso 8,18.0,8.0,0,102.38,20775,93.54,0.010000000000005116,0.010000000000005116,20745,20805,95.37,109.49,61
antes_dia_20,dia 18 - Soja Heterodera Vaso 8,18.0,8.0,0,102.61,20776,93.53,0.010000000000005116,0.010000000000005116,20746,20806,95.63,109.72,61
antes_dia_20,dia 18 - Soja Heterodera Vaso 8,18.0,8.0,0,102.84,20777,93.54,0.010000000000005116,0.010000000000005116,20747,20807,95.86,109.96,61
antes_dia_20,dia 18 - Soja Heterodera Vaso 8,18.0,8.0,0,103.08,20778,93.53,0.010000000000005116,0.010000000000005116,20748,20808,96.08,110.2,61
antes_dia_20,dia 18 - Soja Heterodera Vaso 8,18.0,8.0,0,103.32,20779,93.54,0.010000000000005116,0.010000000000005116,20749,20809,96.3,110.43,61
antes_dia_20,dia 18 - Soja Heterodera Vaso 8,18.0,8.0,0,103.55,20780,93.53,0.010000000000005116,0.010000000000005116,20750,20810,96.53,110.67,61
antes_dia_20,dia 18 - Soja Heterodera Vaso 8,18.0,8.0,0,109.03,20803,93.54,0.010000000000005116,0.010000000000005116,20773,20833,101.9,116.23,61
antes_dia_20,dia 18 - Soja Heterodera Vaso 8,18.0,8.0,0,109.49,20805,93.53,0.010000000000005116,0.010000000000005116,20775,20835,102.38,116.71,61
antes_dia_20,dia 18 - Soja Heterodera Vaso 8,18.0,8.0,0,109.72,20806,93.52,0.010000000000005116,0.010000000000005116,20776,20836,102.61,116.94,61
antes_dia_20,dia 18 - Soja Heterodera Vaso 8,18.0,8.0,0,110.2,20808,93.53,0.010000000000005116,0.010000000000005116,20778,20838,103.08,117.4,61
antes_dia_20,dia 18 - Soja Heterodera Vaso 8,18.0,8.0,0,114.11,20824,93.54,0.010000000000005116,0.010000000000005116,20794,20854,106.92,121.18,61
antes_dia_20,dia 18 - Soja Heterodera Vaso 8,18.0,8.0,0,114.34,20825,93.53,0.010000000000005116,0.010000000000005116,20795,20855,107.15,121.42,61
antes_dia_20,dia 18 - Soja Heterodera Vaso 8,18.0,8.0,0,120.23,20850,93.54,0.010000000000005116,0.010000000000005116,20820,20880,113.12,127.43,61
antes_dia_20,dia 18 - Soja Heterodera Vaso 8,18.0,8.0,0,120.48,20851,93.53,0.010000000000005116,0.010000000000005116,20821,20881,113.37,127.67,61
antes_dia_20,dia 18 - Soja Heterodera Vaso 8,18.0,8.0,0,121.18,20854,93.54,0.010000000000005116,0.010000000000005116,20824,20884,114.11,128.39,61
antes_dia_20,dia 18 - Soja Heterodera Vaso 8,18.0,8.0,0,121.42,20855,93.53,0.010000000000005116,0.010000000000005116,20825,20885,114.34,128.62,61
antes_dia_20,dia 18 - Soja Heterodera Vaso 8,18.0,8.0,0,126.47,20876,93.54,0.010000000000005116,0.010000000000005116,20846,20906,119.29,133.59,61
antes_dia_20,dia 18 - Soja Heterodera Vaso 8,18.0,8.0,0,127.17,20879,93.53,0.010000000000005116,0.010000000000005116,20849,20909,120.0,134.32,61
antes_dia_20,dia 18 - Soja Heterodera Vaso 8,18.0,8.0,0,127.43,20880,93.54,0.010000000000005116,0.010000000000005116,20850,20910,120.23,134.56,61
antes_dia_20,dia 18 - Soja Heterodera Vaso 8,18.0,8.0,0,127.67,20881,93.53,0.010000000000005116,0.010000000000005116,20851,20911,120.48,134.79,61
antes_dia_20,dia 18 - Soja Heterodera Vaso 8,18.0,8.0,0,127.92,20882,93.54,0.010000000000005116,0.010000000000005116,20852,20912,120.71,135.03,61
antes_dia_20,dia 18 - Soja Heterodera Vaso 8,18.0,8.0,0,128.39,20884,93.53,0.010000000000005116,0.010000000000005116,20854,20914,121.18,135.49,61
antes_dia_20,dia 18 - Soja Heterodera Vaso 8,18.0,8.0,0,128.85,20886,93.54,0.010000000000005116,0.010000000000005116,20856,20916,121.65,135.97,61
antes_dia_20,dia 18 - Soja Heterodera Vaso 8,18.0,8.0,0,129.08,20887,93.53,0.010000000000005116,0.010000000000005116,20857,20917,121.88,136.2,61
antes_dia_20,dia 18 - Soja Heterodera Vaso 8,18.0,8.0,0,129.58,20889,93.54,0.010000000000005116,0.010000000000005116,20859,20919,122.34,136.69,61
antes_dia_20,dia 18 - Soja Heterodera Vaso 8,18.0,8.0,0,130.04,20891,93.53,0.010000000000005116,0.010000000000005116,20861,20921,122.85,137.15,61
antes_dia_20,dia 18 - Soja Heterodera Vaso 8,18.0,8.0,0,131.21,20896,93.54,0.010000000000005116,0.010000000000005116,20866,20926,124.02,138.33,61
antes_dia_20,dia 18 - Soja Heterodera Vaso 8,18.0,8.0,0,131.69,20898,93.53,0.010000000000005116,0.010000000000005116,20868,20928,124.6,138.81,61
antes_dia_20,dia 18 - Soja Heterodera Vaso 8,18.0,8.0,0,132.65,20902,93.54,0.010000000000005116,0.010000000000005116,20872,20932,125.53,139.74,61
antes_dia_20,dia 18 - Soja Heterodera Vaso 8,18.0,8.0,0,132.88,20903,93.53,0.010000000000005116,0.010000000000005116,20873,20933,125.76,139.97,61
antes_dia_20,dia 18 - Soja Heterodera Vaso 8,18.0,8.0,0,133.35,20905,93.54,0.010000000000005116,0.010000000000005116,20875,20935,126.24,140.47,61
antes_dia_20,dia 18 - Soja Heterodera Vaso 8,18.0,8.0,0,133.59,20906,93.53,0.010000000000005116,0.010000000000005116,20876,20936,126.47,140.71,61
antes_dia_20,dia 18 - Soja Heterodera Vaso 8,18.0,8.0,0,138.57,20927,93.54,0.010000000000005116,0.010000000000005116,20897,20957,131.45,145.8,61
antes_dia_20,dia 18 - Soja Heterodera Vaso 8,18.0,8.0,0,138.81,20928,93.53,0.010000000000005116,0.010000000000005116,20898,20958,131.69,146.03,61
antes_dia_20,dia 18 - Soja Heterodera Vaso 8,18.0,8.0,0,144.35,20951,93.52,0.010000000000005116,0.010000000000005116,20921,20981,137.15,151.56,61
antes_dia_20,dia 18 - Soja Heterodera Vaso 8,18.0,8.0,0,144.62,20952,93.53,0.010000000000005116,0.010000000000005116,20922,20982,137.39,151.79,61
antes_dia_20,dia 18 - Soja Heterodera Vaso 8,18.0,8.0,0,144.86,20953,93.52,0.010000000000005116,0.010000000000005116,20923,20983,137.62,152.02,61
antes_dia_20,dia 18 - Soja Heterodera Vaso 8,18.0,8.0,0,145.09,20954,93.53,0.010000000000005116,0.010000000000005116,20924,20984,137.86,152.24,61
antes_dia_20,dia 18 - Soja Heterodera Vaso 8,18.0,8.0,0,146.49,20960,93.52,0.010000000000005116,0.010000000000005116,20930,20990,139.28,153.68,61
antes_dia_20,dia 18 - Soja Heterodera Vaso 8,18.0,8.0,0,146.74,20961,93.53,0.010000000000005116,0.010000000000005116,20931,20991,139.51,153.92,61
antes_dia_20,dia 18 - Soja Heterodera Vaso 8,18.0,8.0,0,147.93,20966,93.54,0.010000000000005116,0.010000000000005116,20936,20996,140.71,155.12,61
antes_dia_20,dia 18 - Soja Heterodera Vaso 8,18.0,8.0,0,148.63,20969,93.53,0.010000000000005116,0.010000000000005116,20939,20999,141.41,155.82,61
antes_dia_20,dia 18 - Soja Heterodera Vaso 8,18.0,8.0,0,148.87,20970,93.54,0.010000000000005116,0.010000000000005116,20940,21000,141.75,156.05,61
antes_dia_20,dia 18 - Soja Heterodera Vaso 8,18.0,8.0,0,149.1,20971,93.53,0.010000000000005116,0.010000000000005116,20941,21001,141.98,156.29,61
antes_dia_20,dia 18 - Soja Heterodera Vaso 8,18.0,8.0,0,149.57,20973,93.54,0.010000000000005116,0.010000000000005116,20943,21003,142.48,156.76,61
antes_dia_20,dia 18 - Soja Heterodera Vaso 8,18.0,8.0,0,149.91,20974,93.53,0.010000000000005116,0.010000000000005116,20944,21004,142.72,157.0,61
antes_dia_20,dia 18 - Soja Heterodera Vaso 8,18.0,8.0,0,150.37,20976,93.54,0.010000000000005116,0.010000000000005116,20946,21006,143.18,157.46,61
antes_dia_20,dia 18 - Soja Heterodera Vaso 8,18.0,8.0,0,150.61,20977,93.53,0.010000000000005116,0.010000000000005116,20947,21007,143.42,157.71,61
antes_dia_20,dia 18 - Soja Heterodera Vaso 8,18.0,8.0,0,150.86,20978,93.54,0.010000000000005116,0.010000000000005116,20948,21008,143.65,157.95,61
antes_dia_20,dia 18 - Soja Heterodera Vaso 8,18.0,8.0,0,151.33,20980,93.53,0.010000000000005116,0.010000000000005116,20950,21010,144.13,158.42,61
antes_dia_20,dia 18 - Soja Heterodera Vaso 8,18.0,8.0,0,152.98,20987,93.54,0.010000000000005116,0.010000000000005116,20957,21017,145.8,160.09,61
antes_dia_20,dia 18 - Soja Heterodera Vaso 8,18.0,8.0,0,153.21,20988,93.53,0.010000000000005116,0.010000000000005116,20958,21018,146.03,160.32,61
antes_dia_20,dia 18 - Soja Heterodera Vaso 8,18.0,8.0,0,153.44,20989,93.54,0.010000000000005116,0.010000000000005116,20959,21019,146.26,160.55,61
antes_dia_20,dia 18 - Soja Heterodera Vaso 8,18.0,8.0,0,153.68,20990,93.53,0.010000000000005116,0.010000000000005116,20960,21020,146.49,160.79,61
antes_dia_20,dia 18 - Soja Heterodera Vaso 8,18.0,8.0,0,154.15,20992,93.54,0.010000000000005116,0.010000000000005116,20962,21022,146.98,161.27,61
antes_dia_20,dia 18 - Soja Heterodera Vaso 8,18.0,8.0,0,154.88,20995,93.53,0.010000000000005116,0.010000000000005116,20965,21025,147.69,162.0,61
antes_dia_20,dia 18 - Soja Heterodera Vaso 8,18.0,8.0,0,155.12,20996,93.54,0.010000000000005116,0.010000000000005116,20966,21026,147.93,162.24,61
antes_dia_20,dia 18 - Soja Heterodera Vaso 8,18.0,8.0,0,155.35,20997,93.53,0.010000000000005116,0.010000000000005116,20967,21027,148.16,162.48,61
antes_dia_20,dia 18 - Soja Heterodera Vaso 8,18.0,8.0,0,156.53,21002,93.54,0.010000000000005116,0.010000000000005116,20972,21032,149.34,163.67,61
antes_dia_20,dia 18 - Soja Heterodera Vaso 8,18.0,8.0,0,157.0,21004,93.53,0.010000000000005116,0.010000000000005116,20974,21034,149.91,164.14,61
antes_dia_20,dia 18 - Soja Heterodera Vaso 8,18.0,8.0,0,157.71,21007,93.52,0.010000000000005116,0.010000000000005116,20977,21037,150.61,164.85,61
antes_dia_20,dia 18 - Soja Heterodera Vaso 8,18.0,8.0,0,158.42,21010,93.53,0.010000000000005116,0.010000000000005116,20980,21040,151.33,165.57,61
antes_dia_20,dia 18 - Soja Heterodera Vaso 8,18.0,8.0,0,158.66,21011,93.54,0.010000000000005116,0.010000000000005116,20981,21041,151.56,165.81,61
antes_dia_20,dia 18 - Soja Heterodera Vaso 8,18.0,8.0,0,159.12,21013,93.53,0.010000000000005116,0.010000000000005116,20983,21043,152.02,166.28,61
antes_dia_20,dia 18 - Soja Heterodera Vaso 8,18.0,8.0,0,159.61,21015,93.54,0.010000000000005116,0.010000000000005116,20985,21045,152.5,166.75,61
antes_dia_20,dia 18 - Soja Heterodera Vaso 8,18.0,8.0,0,159.85,21016,93.53,0.010000000000005116,0.010000000000005116,20986,21046,152.74,166.99,61
antes_dia_20,dia 18 - Soja Heterodera Vaso 8,18.0,8.0,0,160.55,21019,93.54,0.010000000000005116,0.010000000000005116,20989,21049,153.44,167.68,61
antes_dia_20,dia 18 - Soja Heterodera Vaso 8,18.0,8.0,0,160.79,21020,93.53,0.010000000000005116,0.010000000000005116,20990,21050,153.68,167.95,61
antes_dia_20,dia 18 - Soja Heterodera Vaso 8,18.0,8.0,0,163.18,21030,93.54,0.010000000000005116,0.010000000000005116,21000,21060,156.05,170.29,61
antes_dia_20,dia 18 - Soja Heterodera Vaso 8,18.0,8.0,0,163.41,21031,93.53,0.010000000000005116,0.010000000000005116,21001,21061,156.29,170.53,61
antes_dia_20,dia 18 - Soja Heterodera Vaso 8,18.0,8.0,0,163.67,21032,93.54,0.010000000000005116,0.010000000000005116,21002,21062,156.53,170.76,61
antes_dia_20,dia 18 - Soja Heterodera Vaso 8,18.0,8.0,0,164.37,21035,93.53,0.010000000000005116,0.010000000000005116,21005,21065,157.23,171.57,61
antes_dia_20,dia 18 - Soja Heterodera Vaso 8,18.0,8.0,0,165.57,21040,93.54,0.010000000000005116,0.010000000000005116,21010,21070,158.42,172.76,61
antes_dia_20,dia 18 - Soja Heterodera Vaso 8,18.0,8.0,0,166.04,21042,93.53,0.010000000000005116,0.010000000000005116,21012,21072,158.89,173.24,61
antes_dia_20,dia 18 - Soja Heterodera Vaso 8,18.0,8.0,0,166.75,21045,93.54,0.010000000000005116,0.010000000000005116,21015,21075,159.61,173.93,61
antes_dia_20,dia 18 - Soja Heterodera Vaso 8,18.0,8.0,0,166.99,21046,93.53,0.010000000000005116,0.010000000000005116,21016,21076,159.85,174.18,61
antes_dia_20,dia 18 - Soja Heterodera Vaso 8,18.0,8.0,0,167.46,21048,93.54,0.010000000000005116,0.010000000000005116,21018,21078,160.32,174.66,61
antes_dia_20,dia 18 - Soja Heterodera Vaso 8,18.0,8.0,0,167.68,21049,93.53,0.010000000000005116,0.010000000000005116,21019,21079,160.55,174.9,61
antes_dia_20,dia 18 - Soja Heterodera Vaso 8,18.0,8.0,0,168.18,21051,93.54,0.010000000000005116,0.010000000000005116,21021,21081,161.02,175.47,61
antes_dia_20,dia 18 - Soja Heterodera Vaso 8,18.0,8.0,0,168.88,21054,93.53,0.010000000000005116,0.010000000000005116,21024,21084,161.77,176.18,61
antes_dia_20,dia 18 - Soja Heterodera Vaso 8,18.0,8.0,0,169.6,21057,93.54,0.010000000000005116,0.010000000000005116,21027,21087,162.48,176.91,61
antes_dia_20,dia 18 - Soja Heterodera Vaso 8,18.0,8.0,0,169.82,21058,93.53,0.010000000000005116,0.010000000000005116,21028,21088,162.71,177.14,61
antes_dia_20,dia 18 - Soja Heterodera Vaso 8,18.0,8.0,0,170.76,21062,93.54,0.010000000000005116,0.010000000000005116,21032,21092,163.67,178.09,61
antes_dia_20,dia 18 - Soja Heterodera Vaso 8,18.0,8.0,0,171.1,21063,93.53,0.010000000000005116,0.010000000000005116,21033,21093,163.9,178.32,61
antes_dia_20,dia 18 - Soja Heterodera Vaso 8,18.0,8.0,0,173.7,21074,93.54,0.010000000000005116,0.010000000000005116,21044,21104,166.52,180.91,61
antes_dia_20,dia 18 - Soja Heterodera Vaso 8,18.0,8.0,0,173.93,21075,93.53,0.010000000000005116,0.010000000000005116,21045,21105,166.75,181.15,61
antes_dia_20,dia 18 - Soja Heterodera Vaso 8,18.0,8.0,0,174.42,21077,93.54,0.010000000000005116,0.010000000000005116,21047,21107,167.22,181.63,61
antes_dia_20,dia 18 - Soja Heterodera Vaso 8,18.0,8.0,0,174.66,21078,93.53,0.010000000000005116,0.010000000000005116,21048,21108,167.46,181.86,61
antes_dia_20,dia 18 - Soja Heterodera Vaso 8,18.0,8.0,0,175.7,21082,93.54,0.010000000000005116,0.010000000000005116,21052,21112,168.42,182.83,61
antes_dia_20,dia 18 - Soja Heterodera Vaso 8,18.0,8.0,0,175.94,21083,93.53,0.010000000000005116,0.010000000000005116,21053,21113,168.65,183.06,61
antes_dia_20,dia 18 - Soja Heterodera Vaso 8,18.0,8.0,0,176.41,21085,93.54,0.010000000000005116,0.010000000000005116,21055,21115,169.12,183.52,61
antes_dia_20,dia 18 - Soja Heterodera Vaso 8,18.0,8.0,0,176.67,21086,93.53,0.010000000000005116,0.010000000000005116,21056,21116,169.35,183.76,61
antes_dia_20,dia 18 - Soja Heterodera Vaso 8,18.0,8.0,0,178.09,21092,93.54,0.010000000000005116,0.010000000000005116,21062,21122,170.76,185.2,61
antes_dia_20,dia 18 - Soja Heterodera Vaso 8,18.0,8.0,0,178.32,21093,93.53,0.010000000000005116,0.010000000000005116,21063,21123,171.1,185.43,61
antes_dia_20,dia 18 - Soja Heterodera Vaso 8,18.0,8.0,0,179.04,21096,93.54,0.010000000000005116,0.010000000000005116,21066,21126,171.8,186.14,61
antes_dia_20,dia 18 - Soja Heterodera Vaso 8,18.0,8.0,0,179.73,21099,93.53,0.010000000000005116,0.010000000000005116,21069,21129,172.52,186.84,61
antes_dia_20,dia 18 - Soja Heterodera Vaso 8,18.0,8.0,0,179.96,21100,93.54,0.010000000000005116,0.010000000000005116,21070,21130,172.76,187.06,61
antes_dia_20,dia 18 - Soja Heterodera Vaso 8,18.0,8.0,0,180.43,21102,93.53,0.010000000000005116,0.010000000000005116,21072,21132,173.24,187.55,61
antes_dia_20,dia 18 - Soja Heterodera Vaso 8,18.0,8.0,0,181.15,21105,93.54,0.010000000000005116,0.010000000000005116,21075,21135,173.93,188.26,61
antes_dia_20,dia 18 - Soja Heterodera Vaso 8,18.0,8.0,0,181.38,21106,93.53,0.010000000000005116,0.010000000000005116,21076,21136,174.18,188.5,61
antes_dia_20,dia 18 - Soja Heterodera Vaso 8,18.0,8.0,0,181.86,21108,93.54,0.010000000000005116,0.010000000000005116,21078,21138,174.66,188.96,61
antes_dia_20,dia 18 - Soja Heterodera Vaso 8,18.0,8.0,0,182.09,21109,93.53,0.010000000000005116,0.010000000000005116,21079,21139,174.9,189.2,61
antes_dia_20,dia 18 - Soja Heterodera Vaso 8,18.0,8.0,0,182.57,21111,93.54,0.010000000000005116,0.010000000000005116,21081,21141,175.47,189.66,61
antes_dia_20,dia 18 - Soja Heterodera Vaso 8,18.0,8.0,0,182.83,21112,93.53,0.010000000000005116,0.010000000000005116,21082,21142,175.7,189.91,61
antes_dia_20,dia 18 - Soja Heterodera Vaso 8,18.0,8.0,0,183.52,21115,93.54,0.010000000000005116,0.010000000000005116,21085,21145,176.41,190.63,61
antes_dia_20,dia 18 - Soja Heterodera Vaso 8,18.0,8.0,0,183.76,21116,93.53,0.010000000000005116,0.010000000000005116,21086,21146,176.67,190.86,61
antes_dia_20,dia 18 - Soja Heterodera Vaso 8,18.0,8.0,0,184.94,21121,93.54,0.010000000000005116,0.010000000000005116,21091,21151,177.85,192.08,61
antes_dia_20,dia 18 - Soja Heterodera Vaso 8,18.0,8.0,0,185.91,21125,93.53,0.010000000000005116,0.010000000000005116,21095,21155,178.81,193.02,61
antes_dia_20,dia 18 - Soja Heterodera Vaso 8,18.0,8.0,0,186.14,21126,93.54,0.010000000000005116,0.010000000000005116,21096,21156,179.04,193.26,61
antes_dia_20,dia 18 - Soja Heterodera Vaso 8,18.0,8.0,0,186.37,21127,93.53,0.010000000000005116,0.010000000000005116,21097,21157,179.28,193.49,61
antes_dia_20,dia 18 - Soja Heterodera Vaso 8,18.0,8.0,0,189.2,21139,93.54,0.010000000000005116,0.010000000000005116,21109,21169,182.09,196.35,61
antes_dia_20,dia 18 - Soja Heterodera Vaso 8,18.0,8.0,0,189.43,21140,93.53,0.010000000000005116,0.010000000000005116,21110,21170,182.33,196.58,61
antes_dia_20,dia 18 - Soja Heterodera Vaso 8,18.0,8.0,0,191.35,21148,93.54,0.010000000000005116,0.010000000000005116,21118,21178,184.24,198.5,61
antes_dia_20,dia 18 - Soja Heterodera Vaso 8,18.0,8.0,0,191.6,21149,93.53,0.010000000000005116,0.010000000000005116,21119,21179,184.47,198.73,61
antes_dia_20,dia 18 - Soja Heterodera Vaso 8,18.0,8.0,0,194.93,21163,93.54,0.010000000000005116,0.010000000000005116,21133,21193,187.79,202.25,61
antes_dia_20,dia 18 - Soja Heterodera Vaso 8,18.0,8.0,0,195.16,21164,93.53,0.010000000000005116,0.010000000000005116,21134,21194,188.02,202.49,61
antes_dia_20,dia 18 - Soja Heterodera Vaso 8,18.0,8.0,0,195.4,21165,93.54,0.010000000000005116,0.010000000000005116,21135,21195,188.26,202.71,61
antes_dia_20,dia 18 - Soja Heterodera Vaso 8,18.0,8.0,0,195.88,21167,93.53,0.010000000000005116,0.010000000000005116,21137,21197,188.73,203.18,61
antes_dia_20,dia 18 - Soja Heterodera Vaso 8,18.0,8.0,0,196.35,21169,93.54,0.010000000000005116,0.010000000000005116,21139,21199,189.2,203.68,61
antes_dia_20,dia 18 - Soja Heterodera Vaso 8,18.0,8.0,0,196.58,21170,93.53,0.010000000000005116,0.010000000000005116,21140,21200,189.43,203.91,61
antes_dia_20,dia 18 - Soja Heterodera Vaso 8,18.0,8.0,0,197.06,21172,93.54,0.010000000000005116,0.010000000000005116,21142,21202,189.91,204.38,61
antes_dia_20,dia 18 - Soja Heterodera Vaso 8,18.0,8.0,0,197.3,21173,93.53,0.010000000000005116,0.010000000000005116,21143,21203,190.15,204.62,61
antes_dia_20,dia 18 - Soja Heterodera Vaso 8,18.0,8.0,0,197.77,21175,93.54,0.010000000000005116,0.010000000000005116,21145,21205,190.63,205.11,61
antes_dia_20,dia 18 - Soja Heterodera Vaso 8,18.0,8.0,0,198.01,21176,93.53,0.010000000000005116,0.010000000000005116,21146,21206,190.86,205.35,61
antes_dia_20,dia 18 - Soja Heterodera Vaso 8,18.0,8.0,0,199.9,21184,93.54,0.010000000000005116,0.010000000000005116,21154,21214,192.79,207.24,61
antes_dia_20,dia 18 - Soja Heterodera Vaso 8,18.0,8.0,0,200.14,21185,93.53,0.010000000000005116,0.010000000000005116,21155,21215,193.02,207.48,61
antes_dia_20,dia 18 - Soja Heterodera Vaso 8,18.0,8.0,0,200.73,21187,93.54,0.010000000000005116,0.010000000000005116,21157,21217,193.49,207.96,61
antes_dia_20,dia 18 - Soja Heterodera Vaso 8,18.0,8.0,0,201.06,21188,93.53,0.010000000000005116,0.010000000000005116,21158,21218,193.74,208.19,61
antes_dia_20,dia 18 - Soja Heterodera Vaso 8,18.0,8.0,0,201.78,21191,93.54,0.010000000000005116,0.010000000000005116,21161,21221,194.46,208.9,61
antes_dia_20,dia 18 - Soja Heterodera Vaso 8,18.0,8.0,0,202.49,21194,93.53,0.010000000000005116,0.010000000000005116,21164,21224,195.16,209.61,61
antes_dia_20,dia 18 - Soja Heterodera Vaso 8,18.0,8.0,0,204.38,21202,93.54,0.010000000000005116,0.010000000000005116,21172,21232,197.06,211.51,61
antes_dia_20,dia 18 - Soja Heterodera Vaso 8,18.0,8.0,0,204.84,21204,93.53,0.010000000000005116,0.010000000000005116,21174,21234,197.54,211.97,61
antes_dia_20,dia 18 - Soja Heterodera Vaso 8,18.0,8.0,0,205.58,21207,93.54,0.010000000000005116,0.010000000000005116,21177,21237,198.26,212.68,61
antes_dia_20,dia 18 - Soja Heterodera Vaso 8,18.0,8.0,0,205.82,21208,93.53,0.010000000000005116,0.010000000000005116,21178,21238,198.5,212.91,61
antes_dia_20,dia 18 - Soja Heterodera Vaso 8,18.0,8.0,0,206.76,21212,93.54,0.010000000000005116,0.010000000000005116,21182,21242,199.43,213.85,61
antes_dia_20,dia 18 - Soja Heterodera Vaso 8,18.0,8.0,0,206.99,21213,93.53,0.010000000000005116,0.010000000000005116,21183,21243,199.66,214.11,61
antes_dia_20,dia 18 - Soja Heterodera Vaso 8,18.0,8.0,0,207.96,21217,93.54,0.010000000000005116,0.010000000000005116,21187,21247,200.73,215.06,61
antes_dia_20,dia 18 - Soja Heterodera Vaso 8,18.0,8.0,0,208.19,21218,93.53,0.010000000000005116,0.010000000000005116,21188,21248,201.06,215.3,61
antes_dia_20,dia 18 - Soja Heterodera Vaso 8,18.0,8.0,0,209.38,21223,93.54,0.010000000000005116,0.010000000000005116,21193,21253,202.25,216.5,61
antes_dia_20,dia 18 - Soja Heterodera Vaso 8,18.0,8.0,0,209.61,21224,93.53,0.010000000000005116,0.010000000000005116,21194,21254,202.49,216.73,61
antes_dia_20,dia 18 - Soja Heterodera Vaso 8,18.0,8.0,0,210.33,21227,93.54,0.010000000000005116,0.010000000000005116,21197,21257,203.18,217.43,61
antes_dia_20,dia 18 - Soja Heterodera Vaso 8,18.0,8.0,0,210.8,21229,93.53,0.010000000000005116,0.010000000000005116,21199,21259,203.68,217.91,61
antes_dia_20,dia 18 - Soja Heterodera Vaso 8,18.0,8.0,0,211.04,21230,93.54,0.010000000000005116,0.010000000000005116,21200,21260,203.91,218.14,61
antes_dia_20,dia 18 - Soja Heterodera Vaso 8,18.0,8.0,0,211.27,21231,93.53,0.010000000000005116,0.010000000000005116,21201,21261,204.15,218.36,61
antes_dia_20,dia 18 - Soja Heterodera Vaso 8,18.0,8.0,0,211.51,21232,93.54,0.010000000000005116,0.010000000000005116,21202,21262,204.38,218.61,61
antes_dia_20,dia 18 - Soja Heterodera Vaso 8,18.0,8.0,0,211.74,21233,93.53,0.010000000000005116,0.010000000000005116,21203,21263,204.62,218.85,61
antes_dia_20,dia 18 - Soja Heterodera Vaso 8,18.0,8.0,0,211.97,21234,93.54,0.010000000000005116,0.010000000000005116,21204,21264,204.84,219.08,61
antes_dia_20,dia 18 - Soja Heterodera Vaso 8,18.0,8.0,0,212.21,21235,93.53,0.010000000000005116,0.010000000000005116,21205,21265,205.11,219.32,61
antes_dia_20,dia 18 - Soja Heterodera Vaso 8,18.0,8.0,0,212.68,21237,93.54,0.010000000000005116,0.010000000000005116,21207,21267,205.58,219.8,61
antes_dia_20,dia 18 - Soja Heterodera Vaso 8,18.0,8.0,0,213.85,21242,93.53,0.010000000000005116,0.010000000000005116,21212,21272,206.76,220.99,61
antes_dia_20,dia 18 - Soja Heterodera Vaso 8,18.0,8.0,0,214.57,21245,93.54,0.010000000000005116,0.010000000000005116,21215,21275,207.48,221.7,61
antes_dia_20,dia 18 - Soja Heterodera Vaso 8,18.0,8.0,0,214.82,21246,93.53,0.010000000000005116,0.010000000000005116,21216,21276,207.72,221.95,61
antes_dia_20,dia 18 - Soja Heterodera Vaso 8,18.0,8.0,0,216.73,21254,93.54,0.010000000000005116,0.010000000000005116,21224,21284,209.61,223.85,61
antes_dia_20,dia 18 - Soja Heterodera Vaso 8,18.0,8.0,0,216.96,21255,93.53,0.010000000000005116,0.010000000000005116,21225,21285,209.85,224.09,61
antes_dia_20,dia 18 - Soja Heterodera Vaso 8,18.0,8.0,0,217.2,21256,93.54,0.010000000000005116,0.010000000000005116,21226,21286,210.09,224.33,61
antes_dia_20,dia 18 - Soja Heterodera Vaso 8,18.0,8.0,0,218.14,21260,93.53,0.010000000000005116,0.010000000000005116,21230,21290,211.04,225.28,61
antes_dia_20,dia 18 - Soja Heterodera Vaso 8,18.0,8.0,0,218.36,21261,93.54,0.010000000000005116,0.010000000000005116,21231,21291,211.27,225.51,61
antes_dia_20,dia 18 - Soja Heterodera Vaso 8,18.0,8.0,0,218.85,21263,93.53,0.010000000000005116,0.010000000000005116,21233,21293,211.74,225.99,61
antes_dia_20,dia 18 - Soja Heterodera Vaso 8,18.0,8.0,0,219.56,21266,93.54,0.010000000000005116,0.010000000000005116,21236,21296,212.44,226.79,61
antes_dia_20,dia 18 - Soja Heterodera Vaso 8,18.0,8.0,0,219.8,21267,93.53,0.010000000000005116,0.010000000000005116,21237,21297,212.68,227.03,61
antes_dia_20,dia 18 - Soja Heterodera Vaso 8,18.0,8.0,0,220.03,21268,93.54,0.010000000000005116,0.010000000000005116,21238,21298,212.91,227.26,61
antes_dia_20,dia 18 - Soja Heterodera Vaso 8,18.0,8.0,0,220.27,21269,93.53,0.010000000000005116,0.010000000000005116,21239,21299,213.15,227.53,61
antes_dia_20,dia 18 - Soja Heterodera Vaso 8,18.0,8.0,0,220.5,21270,93.54,0.010000000000005116,0.010000000000005116,21240,21300,213.39,227.76,61
antes_dia_20,dia 18 - Soja Heterodera Vaso 8,18.0,8.0,0,220.76,21271,93.53,0.010000000000005116,0.010000000000005116,21241,21301,213.62,227.99,61
antes_dia_20,dia 18 - Soja Heterodera Vaso 8,18.0,8.0,0,221.23,21273,93.54,0.010000000000005116,0.010000000000005116,21243,21303,214.11,228.46,61
antes_dia_20,dia 18 - Soja Heterodera Vaso 8,18.0,8.0,0,221.47,21274,93.53,0.010000000000005116,0.010000000000005116,21244,21304,214.34,228.69,61
antes_dia_20,dia 18 - Soja Heterodera Vaso 8,18.0,8.0,0,221.95,21276,93.54,0.010000000000005116,0.010000000000005116,21246,21306,214.82,229.17,61
antes_dia_20,dia 18 - Soja Heterodera Vaso 8,18.0,8.0,0,222.18,21277,93.53,0.010000000000005116,0.010000000000005116,21247,21307,215.06,229.51,61
antes_dia_20,dia 18 - Soja Heterodera Vaso 8,18.0,8.0,0,223.62,21283,93.54,0.010000000000005116,0.010000000000005116,21253,21313,216.5,231.12,61
antes_dia_20,dia 18 - Soja Heterodera Vaso 8,18.0,8.0,0,223.85,21284,93.53,0.010000000000005116,0.010000000000005116,21254,21314,216.73,231.35,61
antes_dia_20,dia 18 - Soja Heterodera Vaso 8,18.0,8.0,0,226.55,21295,93.54,0.010000000000005116,0.010000000000005116,21265,21325,219.32,233.95,61
antes_dia_20,dia 18 - Soja Heterodera Vaso 8,18.0,8.0,0,226.79,21296,93.53,0.010000000000005116,0.010000000000005116,21266,21326,219.56,234.19,61
antes_dia_20,dia 18 - Soja Heterodera Vaso 8,18.0,8.0,0,231.12,21313,93.54,0.010000000000005116,0.010000000000005116,21283,21343,223.62,238.24,61
antes_dia_20,dia 18 - Soja Heterodera Vaso 8,18.0,8.0,0,231.35,21314,93.53,0.010000000000005116,0.010000000000005116,21284,21344,223.85,238.47,61
antes_dia_20,dia 18 - Soja Heterodera Vaso 8,18.0,8.0,0,231.59,21315,93.54,0.010000000000005116,0.010000000000005116,21285,21345,224.09,238.71,61
antes_dia_20,dia 18 - Soja Heterodera Vaso 8,18.0,8.0,0,232.05,21317,93.53,0.010000000000005116,0.010000000000005116,21287,21347,224.57,239.19,61
antes_dia_20,dia 18 - Soja Heterodera Vaso 8,18.0,8.0,0,232.54,21319,93.54,0.010000000000005116,0.010000000000005116,21289,21349,225.03,239.67,61
antes_dia_20,dia 18 - Soja Heterodera Vaso 8,18.0,8.0,0,232.78,21320,93.53,0.010000000000005116,0.010000000000005116,21290,21350,225.28,239.9,61
antes_dia_20,dia 18 - Soja Heterodera Vaso 8,18.0,8.0,0,233.71,21324,93.54,0.010000000000005116,0.010000000000005116,21294,21354,226.22,240.85,61
antes_dia_20,dia 18 - Soja Heterodera Vaso 8,18.0,8.0,0,233.95,21325,93.53,0.010000000000005116,0.010000000000005116,21295,21355,226.55,241.09,61
antes_dia_20,dia 18 - Soja Heterodera Vaso 8,18.0,8.0,0,234.19,21326,93.54,0.010000000000005116,0.010000000000005116,21296,21356,226.79,241.34,61
antes_dia_20,dia 18 - Soja Heterodera Vaso 8,18.0,8.0,0,234.42,21327,93.53,0.010000000000005116,0.010000000000005116,21297,21357,227.03,241.58,61
antes_dia_20,dia 18 - Soja Heterodera Vaso 8,18.0,8.0,0,237.06,21338,93.54,0.010000000000005116,0.010000000000005116,21308,21368,229.91,244.19,61
antes_dia_20,dia 18 - Soja Heterodera Vaso 8,18.0,8.0,0,237.54,21340,93.53,0.010000000000005116,0.010000000000005116,21310,21370,230.41,244.66,61
antes_dia_20,dia 18 - Soja Heterodera Vaso 8,18.0,8.0,0,238.01,21342,93.54,0.010000000000005116,0.010000000000005116,21312,21372,230.88,245.14,61
antes_dia_20,dia 18 - Soja Heterodera Vaso 8,18.0,8.0,0,238.24,21343,93.53,0.010000000000005116,0.010000000000005116,21313,21373,231.12,245.37,61
antes_dia_20,dia 18 - Soja Heterodera Vaso 8,18.0,8.0,0,239.42,21348,93.54,0.010000000000005116,0.010000000000005116,21318,21378,232.29,246.56,61
antes_dia_20,dia 18 - Soja Heterodera Vaso 8,18.0,8.0,0,239.9,21350,93.53,0.010000000000005116,0.010000000000005116,21320,21380,232.78,247.04,61
antes_dia_20,dia 18 - Soja Heterodera Vaso 8,18.0,8.0,0,242.05,21359,93.54,0.010000000000005116,0.010000000000005116,21329,21389,234.91,249.18,61
antes_dia_20,dia 18 - Soja Heterodera Vaso 8,18.0,8.0,0,242.52,21361,93.53,0.010000000000005116,0.010000000000005116,21331,21391,235.38,249.65,61
antes_dia_20,dia 18 - Soja Heterodera Vaso 8,18.0,8.0,0,242.99,21363,93.54,0.010000000000005116,0.010000000000005116,21333,21393,235.86,250.11,61
antes_dia_20,dia 18 - Soja Heterodera Vaso 8,18.0,8.0,0,243.23,21364,93.53,0.010000000000005116,0.010000000000005116,21334,21394,236.1,250.34,61
antes_dia_20,dia 18 - Soja Heterodera Vaso 8,18.0,8.0,0,243.69,21366,93.54,0.010000000000005116,0.010000000000005116,21336,21396,236.56,250.83,61
antes_dia_20,dia 18 - Soja Heterodera Vaso 8,18.0,8.0,0,243.96,21367,93.53,0.010000000000005116,0.010000000000005116,21337,21397,236.81,251.06,61
antes_dia_20,dia 18 - Soja Heterodera Vaso 8,18.0,8.0,0,244.66,21370,93.54,0.010000000000005116,0.010000000000005116,21340,21400,237.54,251.77,61
antes_dia_20,dia 18 - Soja Heterodera Vaso 8,18.0,8.0,0,244.9,21371,93.53,0.010000000000005116,0.010000000000005116,21341,21401,237.77,252.01,61
antes_dia_20,dia 18 - Soja Heterodera Vaso 8,18.0,8.0,0,245.14,21372,93.54,0.010000000000005116,0.010000000000005116,21342,21402,238.01,252.34,61
antes_dia_20,dia 18 - Soja Heterodera Vaso 8,18.0,8.0,0,245.37,21373,93.53,0.010000000000005116,0.010000000000005116,21343,21403,238.24,252.57,61
antes_dia_20,dia 18 - Soja Heterodera Vaso 8,18.0,8.0,0,245.61,21374,93.54,0.010000000000005116,0.010000000000005116,21344,21404,238.47,252.83,61
antes_dia_20,dia 18 - Soja Heterodera Vaso 8,18.0,8.0,0,246.08,21376,93.53,0.010000000000005116,0.010000000000005116,21346,21406,238.94,253.29,61
antes_dia_20,dia 18 - Soja Heterodera Vaso 8,18.0,8.0,0,246.33,21377,93.54,0.010000000000005116,0.010000000000005116,21347,21407,239.19,253.54,61
antes_dia_20,dia 18 - Soja Heterodera Vaso 8,18.0,8.0,0,246.56,21378,93.53,0.010000000000005116,0.010000000000005116,21348,21408,239.42,253.77,61
antes_dia_20,dia 18 - Soja Heterodera Vaso 8,18.0,8.0,0,246.8,21379,93.54,0.010000000000005116,0.010000000000005116,21349,21409,239.67,254.01,61
antes_dia_20,dia 18 - Soja Heterodera Vaso 8,18.0,8.0,0,247.04,21380,93.53,0.010000000000005116,0.010000000000005116,21350,21410,239.9,254.24,61
antes_dia_20,dia 18 - Soja Heterodera Vaso 8,18.0,8.0,0,247.74,21383,93.54,0.010000000000005116,0.010000000000005116,21353,21413,240.62,254.93,61
antes_dia_20,dia 18 - Soja Heterodera Vaso 8,18.0,8.0,0,247.98,21384,93.53,0.010000000000005116,0.010000000000005116,21354,21414,240.85,255.21,61
antes_dia_20,dia 18 - Soja Heterodera Vaso 8,18.0,8.0,0,248.46,21386,93.54,0.010000000000005116,0.010000000000005116,21356,21416,241.34,255.67,61
antes_dia_20,dia 18 - Soja Heterodera Vaso 8,18.0,8.0,0,248.7,21387,93.53,0.010000000000005116,0.010000000000005116,21357,21417,241.58,255.9,61
antes_dia_20,dia 18 - Soja Heterodera Vaso 8,18.0,8.0,0,249.18,21389,93.54,0.010000000000005116,0.010000000000005116,21359,21419,242.05,256.38,61
antes_dia_20,dia 18 - Soja Heterodera Vaso 8,18.0,8.0,0,249.41,21390,93.53,0.010000000000005116,0.010000000000005116,21360,21420,242.29,256.61,61
antes_dia_20,dia 18 - Soja Heterodera Vaso 8,18.0,8.0,0,250.34,21394,93.54,0.010000000000005116,0.010000000000005116,21364,21424,243.23,257.59,61
antes_dia_20,dia 18 - Soja Heterodera Vaso 8,18.0,8.0,0,251.06,21397,93.53,0.010000000000005116,0.010000000000005116,21367,21427,243.96,258.29,61
antes_dia_20,dia 18 - Soja Heterodera Vaso 8,18.0,8.0,0,251.3,21398,93.54,0.010000000000005116,0.010000000000005116,21368,21428,244.19,258.53,61
antes_dia_20,dia 18 - Soja Heterodera Vaso 8,18.0,8.0,0,254.93,21413,93.53,0.010000000000005116,0.010000000000005116,21383,21443,247.74,262.16,61
antes_dia_20,dia 18 - Soja Heterodera Vaso 8,18.0,8.0,0,255.21,21414,93.54,0.010000000000005116,0.010000000000005116,21384,21444,247.98,262.39,61
antes_dia_20,dia 18 - Soja Heterodera Vaso 8,18.0,8.0,0,255.67,21416,93.53,0.010000000000005116,0.010000000000005116,21386,21446,248.46,262.86,61
antes_dia_20,dia 18 - Soja Heterodera Vaso 8,18.0,8.0,0,255.9,21417,93.54,0.010000000000005116,0.010000000000005116,21387,21447,248.7,263.1,61
antes_dia_20,dia 18 - Soja Heterodera Vaso 8,18.0,8.0,0,256.14,21418,93.53,0.010000000000005116,0.010000000000005116,21388,21448,248.93,263.34,61
antes_dia_20,dia 18 - Soja Heterodera Vaso 8,18.0,8.0,0,256.38,21419,93.54,0.010000000000005116,0.010000000000005116,21389,21449,249.18,263.58,61
antes_dia_20,dia 18 - Soja Heterodera Vaso 8,18.0,8.0,0,257.33,21423,93.53,0.010000000000005116,0.010000000000005116,21393,21453,250.11,264.51,61
antes_dia_20,dia 18 - Soja Heterodera Vaso 8,18.0,8.0,0,257.82,21425,93.54,0.010000000000005116,0.010000000000005116,21395,21455,250.59,264.99,61
antes_dia_20,dia 18 - Soja Heterodera Vaso 8,18.0,8.0,0,258.76,21429,93.53,0.010000000000005116,0.010000000000005116,21399,21459,251.54,265.93,61
antes_dia_20,dia 18 - Soja Heterodera Vaso 8,18.0,8.0,0,259.1,21430,93.54,0.010000000000005116,0.010000000000005116,21400,21460,251.77,266.16,61
antes_dia_20,dia 18 - Soja Heterodera Vaso 8,18.0,8.0,0,259.81,21433,93.53,0.010000000000005116,0.010000000000005116,21403,21463,252.57,266.91,61
antes_dia_20,dia 18 - Soja Heterodera Vaso 8,18.0,8.0,0,260.28,21435,93.54,0.010000000000005116,0.010000000000005116,21405,21465,253.06,267.37,61
antes_dia_20,dia 18 - Soja Heterodera Vaso 8,18.0,8.0,0,261.68,21441,93.53,0.010000000000005116,0.010000000000005116,21411,21471,254.47,268.8,61
antes_dia_20,dia 18 - Soja Heterodera Vaso 8,18.0,8.0,0,262.39,21444,93.54,0.010000000000005116,0.010000000000005116,21414,21474,255.21,269.53,61
antes_dia_20,dia 18 - Soja Heterodera Vaso 8,18.0,8.0,0,263.81,21450,93.53,0.010000000000005116,0.010000000000005116,21420,21480,256.61,270.92,61
antes_dia_20,dia 18 - Soja Heterodera Vaso 8,18.0,8.0,0,264.28,21452,93.54,0.010000000000005116,0.010000000000005116,21422,21482,257.08,271.4,61
antes_dia_20,dia 18 - Soja Heterodera Vaso 8,18.0,8.0,0,264.51,21453,93.53,0.010000000000005116,0.010000000000005116,21423,21483,257.33,271.64,61
antes_dia_20,dia 18 - Soja Heterodera Vaso 8,18.0,8.0,0,265.69,21458,93.54,0.010000000000005116,0.010000000000005116,21428,21488,258.53,272.82,61
antes_dia_20,dia 18 - Soja Heterodera Vaso 8,18.0,8.0,0,265.93,21459,93.53,0.010000000000005116,0.010000000000005116,21429,21489,258.76,273.05,61
antes_dia_20,dia 18 - Soja Heterodera Vaso 8,18.0,8.0,0,266.42,21461,93.54,0.010000000000005116,0.010000000000005116,21431,21491,259.33,273.53,61
antes_dia_20,dia 18 - Soja Heterodera Vaso 8,18.0,8.0,0,266.91,21463,93.53,0.010000000000005116,0.010000000000005116,21433,21493,259.81,274.0,61
antes_dia_20,dia 18 - Soja Heterodera Vaso 8,18.0,8.0,0,267.61,21466,93.54,0.010000000000005116,0.010000000000005116,21436,21496,260.52,274.71,61
antes_dia_20,dia 18 - Soja Heterodera Vaso 8,18.0,8.0,0,267.85,21467,93.53,0.010000000000005116,0.010000000000005116,21437,21497,260.75,274.94,61
antes_dia_20,dia 18 - Soja Heterodera Vaso 8,18.0,8.0,0,268.8,21471,93.54,0.010000000000005116,0.010000000000005116,21441,21501,261.68,275.9,61
antes_dia_20,dia 18 - Soja Heterodera Vaso 8,18.0,8.0,0,269.07,21472,93.53,0.010000000000005116,0.010000000000005116,21442,21502,261.93,276.14,61
antes_dia_20,dia 18 - Soja Heterodera Vaso 8,18.0,8.0,0,270.23,21477,93.54,0.010000000000005116,0.010000000000005116,21447,21507,263.1,277.3,61
antes_dia_20,dia 18 - Soja Heterodera Vaso 8,18.0,8.0,0,270.46,21478,93.53,0.010000000000005116,0.010000000000005116,21448,21508,263.34,277.54,61
antes_dia_20,dia 18 - Soja Heterodera Vaso 8,18.0,8.0,0,270.7,21479,93.54,0.010000000000005116,0.010000000000005116,21449,21509,263.58,277.88,61
antes_dia_20,dia 18 - Soja Heterodera Vaso 8,18.0,8.0,0,271.17,21481,93.53,0.010000000000005116,0.010000000000005116,21451,21511,264.04,278.34,61
antes_dia_20,dia 18 - Soja Heterodera Vaso 8,18.0,8.0,0,272.35,21486,93.54,0.010000000000005116,0.010000000000005116,21456,21516,265.23,279.52,61
antes_dia_20,dia 18 - Soja Heterodera Vaso 8,18.0,8.0,0,272.58,21487,93.53,0.010000000000005116,0.010000000000005116,21457,21517,265.46,279.76,61
antes_dia_20,dia 18 - Soja Heterodera Vaso 8,18.0,8.0,0,273.05,21489,93.54,0.010000000000005116,0.010000000000005116,21459,21519,265.93,280.25,61
antes_dia_20,dia 18 - Soja Heterodera Vaso 8,18.0,8.0,0,274.23,21494,93.53,0.010000000000005116,0.010000000000005116,21464,21524,267.14,281.42,61
antes_dia_20,dia 18 - Soja Heterodera Vaso 8,18.0,8.0,0,274.71,21496,93.54,0.010000000000005116,0.010000000000005116,21466,21526,267.61,281.88,61
antes_dia_20,dia 18 - Soja Heterodera Vaso 8,18.0,8.0,0,274.94,21497,93.53,0.010000000000005116,0.010000000000005116,21467,21527,267.85,282.11,61
antes_dia_20,dia 18 - Soja Heterodera Vaso 8,18.0,8.0,0,276.37,21503,93.54,0.010000000000005116,0.010000000000005116,21473,21533,269.29,283.57,61
antes_dia_20,dia 18 - Soja Heterodera Vaso 8,18.0,8.0,0,276.6,21504,93.53,0.010000000000005116,0.010000000000005116,21474,21534,269.53,283.81,61
antes_dia_20,dia 18 - Soja Heterodera Vaso 8,18.0,8.0,0,277.54,21508,93.54,0.010000000000005116,0.010000000000005116,21478,21538,270.46,284.76,61
antes_dia_20,dia 18 - Soja Heterodera Vaso 8,18.0,8.0,0,277.88,21509,93.53,0.010000000000005116,0.010000000000005116,21479,21539,270.7,284.99,61
antes_dia_20,dia 18 - Soja Heterodera Vaso 8,18.0,8.0,0,278.11,21510,93.54,0.010000000000005116,0.010000000000005116,21480,21540,270.92,285.23,61
antes_dia_20,dia 18 - Soja Heterodera Vaso 8,18.0,8.0,0,278.58,21512,93.53,0.010000000000005116,0.010000000000005116,21482,21542,271.4,285.71,61
antes_dia_20,dia 18 - Soja Heterodera Vaso 8,18.0,8.0,0,279.29,21515,93.54,0.010000000000005116,0.010000000000005116,21485,21545,272.11,286.4,61
antes_dia_20,dia 18 - Soja Heterodera Vaso 8,18.0,8.0,0,279.76,21517,93.53,0.010000000000005116,0.010000000000005116,21487,21547,272.58,286.89,61
antes_dia_20,dia 18 - Soja Heterodera Vaso 8,18.0,8.0,0,280.25,21519,93.54,0.010000000000005116,0.010000000000005116,21489,21549,273.05,287.36,61
antes_dia_20,dia 18 - Soja Heterodera Vaso 8,18.0,8.0,0,280.48,21520,93.53,0.010000000000005116,0.010000000000005116,21490,21550,273.29,287.6,61
antes_dia_20,dia 18 - Soja Heterodera Vaso 8,18.0,8.0,0,281.42,21524,93.54,0.010000000000005116,0.010000000000005116,21494,21554,274.23,288.63,61
antes_dia_20,dia 18 - Soja Heterodera Vaso 8,18.0,8.0,0,281.65,21525,93.53,0.010000000000005116,0.010000000000005116,21495,21555,274.47,288.86,61
antes_dia_20,dia 18 - Soja Heterodera Vaso 8,18.0,8.0,0,282.11,21527,93.54,0.010000000000005116,0.010000000000005116,21497,21557,274.94,289.35,61
antes_dia_20,dia 18 - Soja Heterodera Vaso 8,18.0,8.0,0,282.38,21528,93.53,0.010000000000005116,0.010000000000005116,21498,21558,275.18,289.58,61
antes_dia_20,dia 18 - Soja Heterodera Vaso 8,18.0,8.0,0,283.1,21531,93.54,0.010000000000005116,0.010000000000005116,21501,21561,275.9,290.28,61
antes_dia_20,dia 18 - Soja Heterodera Vaso 8,18.0,8.0,0,283.57,21533,93.53,0.010000000000005116,0.010000000000005116,21503,21563,276.37,290.76,61
antes_dia_20,dia 18 - Soja Heterodera Vaso 8,18.0,8.0,0,283.81,21534,93.54,0.010000000000005116,0.010000000000005116,21504,21564,276.6,290.99,61
antes_dia_20,dia 18 - Soja Heterodera Vaso 8,18.0,8.0,0,284.05,21535,93.53,0.010000000000005116,0.010000000000005116,21505,21565,276.83,291.25,61
antes_dia_20,dia 18 - Soja Heterodera Vaso 8,18.0,8.0,0,284.76,21538,93.54,0.010000000000005116,0.010000000000005116,21508,21568,277.54,291.98,61
antes_dia_20,dia 18 - Soja Heterodera Vaso 8,18.0,8.0,0,285.71,21542,93.53,0.010000000000005116,0.010000000000005116,21512,21572,278.58,292.92,61
antes_dia_20,dia 18 - Soja Heterodera Vaso 8,18.0,8.0,0,287.12,21548,93.54,0.010000000000005116,0.010000000000005116,21518,21578,279.99,294.34,61
antes_dia_20,dia 18 - Soja Heterodera Vaso 8,18.0,8.0,0,287.6,21550,93.53,0.010000000000005116,0.010000000000005116,21520,21580,280.48,294.81,61
antes_dia_20,dia 18 - Soja Heterodera Vaso 8,18.0,8.0,0,292.69,21571,93.54,0.010000000000005116,0.010000000000005116,21541,21601,285.46,299.72,61
antes_dia_20,dia 18 - Soja Heterodera Vaso 8,18.0,8.0,0,292.92,21572,93.53,0.010000000000005116,0.010000000000005116,21542,21602,285.71,299.95,61
antes_dia_20,dia 18 - Soja Heterodera Vaso 8,18.0,8.0,0,294.57,21579,93.54,0.010000000000005116,0.010000000000005116,21549,21609,287.36,301.63,61
antes_dia_20,dia 18 - Soja Heterodera Vaso 8,18.0,8.0,0,294.81,21580,93.53,0.010000000000005116,0.010000000000005116,21550,21610,287.6,301.86,61
antes_dia_20,dia 18 - Soja Heterodera Vaso 8,18.0,8.0,0,295.5,21583,93.54,0.010000000000005116,0.010000000000005116,21553,21613,288.4,302.57,61
antes_dia_20,dia 18 - Soja Heterodera Vaso 8,18.0,8.0,0,296.44,21587,93.53,0.010000000000005116,0.010000000000005116,21557,21617,289.35,303.62,61
antes_dia_20,dia 18 - Soja Heterodera Vaso 8,18.0,8.0,0,296.91,21589,93.54,0.010000000000005116,0.010000000000005116,21559,21619,289.81,304.09,61
antes_dia_20,dia 18 - Soja Heterodera Vaso 8,18.0,8.0,0,297.14,21590,93.53,0.010000000000005116,0.010000000000005116,21560,21620,290.05,304.32,61
antes_dia_20,dia 18 - Soja Heterodera Vaso 8,18.0,8.0,0,297.37,21591,93.54,0.010000000000005116,0.010000000000005116,21561,21621,290.28,304.55,61
antes_dia_20,dia 18 - Soja Heterodera Vaso 8,18.0,8.0,0,297.85,21593,93.53,0.010000000000005116,0.010000000000005116,21563,21623,290.76,305.03,61
antes_dia_20,dia 18 - Soja Heterodera Vaso 8,18.0,8.0,0,298.57,21596,93.54,0.010000000000005116,0.010000000000005116,21566,21626,291.51,305.74,61
antes_dia_20,dia 18 - Soja Heterodera Vaso 8,18.0,8.0,0,298.8,21597,93.53,0.010000000000005116,0.010000000000005116,21567,21627,291.75,305.97,61
antes_dia_20,dia 18 - Soja Heterodera Vaso 8,18.0,8.0,0,299.03,21598,93.54,0.010000000000005116,0.010000000000005116,21568,21628,291.98,306.2,61
antes_dia_20,dia 18 - Soja Heterodera Vaso 8,18.0,8.0,0,299.26,21599,93.53,0.010000000000005116,0.010000000000005116,21569,21629,292.22,306.44,61
antes_dia_20,dia 18 - Soja Heterodera Vaso 8,18.0,8.0,0,299.72,21601,93.54,0.010000000000005116,0.010000000000005116,21571,21631,292.69,306.95,61
antes_dia_20,dia 18 - Soja Heterodera Vaso 8,18.0,8.0,0,300.44,21604,93.53,0.010000000000005116,0.010000000000005116,21574,21634,293.38,307.66,61
antes_dia_20,dia 18 - Soja Heterodera Vaso 8,18.0,8.0,0,300.68,21605,93.54,0.010000000000005116,0.010000000000005116,21575,21635,293.64,307.89,61
antes_dia_20,dia 18 - Soja Heterodera Vaso 8,18.0,8.0,0,301.14,21607,93.53,0.010000000000005116,0.010000000000005116,21577,21637,294.11,308.38,61
antes_dia_20,dia 18 - Soja Heterodera Vaso 8,18.0,8.0,0,301.39,21608,93.54,0.010000000000005116,0.010000000000005116,21578,21638,294.34,308.61,61
antes_dia_20,dia 18 - Soja Heterodera Vaso 8,18.0,8.0,0,302.57,21613,93.53,0.010000000000005116,0.010000000000005116,21583,21643,295.5,309.8,61
antes_dia_20,dia 18 - Soja Heterodera Vaso 8,18.0,8.0,0,302.8,21614,93.54,0.010000000000005116,0.010000000000005116,21584,21644,295.74,310.04,61
antes_dia_20,dia 18 - Soja Heterodera Vaso 8,18.0,8.0,0,303.04,21615,93.53,0.010000000000005116,0.010000000000005116,21585,21645,295.97,310.27,61
antes_dia_20,dia 18 - Soja Heterodera Vaso 8,18.0,8.0,0,303.38,21616,93.54,0.010000000000005116,0.010000000000005116,21586,21646,296.2,310.51,61
antes_dia_20,dia 18 - Soja Heterodera Vaso 8,18.0,8.0,0,303.86,21618,93.53,0.010000000000005116,0.010000000000005116,21588,21648,296.67,310.98,61
antes_dia_20,dia 18 - Soja Heterodera Vaso 8,18.0,8.0,0,304.09,21619,93.54,0.010000000000005116,0.010000000000005116,21589,21649,296.91,311.2,61
antes_dia_20,dia 18 - Soja Heterodera Vaso 8,18.0,8.0,0,304.8,21622,93.53,0.010000000000005116,0.010000000000005116,21592,21652,297.6,311.94,61
antes_dia_20,dia 18 - Soja Heterodera Vaso 8,18.0,8.0,0,305.5,21625,93.54,0.010000000000005116,0.010000000000005116,21595,21655,298.32,312.64,61
antes_dia_20,dia 18 - Soja Heterodera Vaso 8,18.0,8.0,0,305.74,21626,93.53,0.010000000000005116,0.010000000000005116,21596,21656,298.57,312.88,61
antes_dia_20,dia 18 - Soja Heterodera Vaso 8,18.0,8.0,0,306.2,21628,93.54,0.010000000000005116,0.010000000000005116,21598,21658,299.03,313.35,61
antes_dia_20,dia 18 - Soja Heterodera Vaso 8,18.0,8.0,0,306.44,21629,93.53,0.010000000000005116,0.010000000000005116,21599,21659,299.26,313.58,61
antes_dia_20,dia 18 - Soja Heterodera Vaso 8,18.0,8.0,0,306.69,21630,93.54,0.010000000000005116,0.010000000000005116,21600,21660,299.49,313.83,61
antes_dia_20,dia 18 - Soja Heterodera Vaso 8,18.0,8.0,0,307.66,21634,93.53,0.010000000000005116,0.010000000000005116,21604,21664,300.44,314.78,61
antes_dia_20,dia 18 - Soja Heterodera Vaso 8,18.0,8.0,0,307.89,21635,93.54,0.010000000000005116,0.010000000000005116,21605,21665,300.68,315.02,61
antes_dia_20,dia 18 - Soja Heterodera Vaso 8,18.0,8.0,0,308.38,21637,93.53,0.010000000000005116,0.010000000000005116,21607,21667,301.14,315.48,61
antes_dia_20,dia 18 - Soja Heterodera Vaso 8,18.0,8.0,0,310.04,21644,93.54,0.010000000000005116,0.010000000000005116,21614,21674,302.8,317.26,61
antes_dia_20,dia 18 - Soja Heterodera Vaso 8,18.0,8.0,0,310.27,21645,93.53,0.010000000000005116,0.010000000000005116,21615,21675,303.04,317.49,61
antes_dia_20,dia 18 - Soja Heterodera Vaso 8,18.0,8.0,0,311.94,21652,93.54,0.010000000000005116,0.010000000000005116,21622,21682,304.8,319.17,61
antes_dia_20,dia 18 - Soja Heterodera Vaso 8,18.0,8.0,0,312.17,21653,93.53,0.010000000000005116,0.010000000000005116,21623,21683,305.03,319.41,61
antes_dia_20,dia 18 - Soja Heterodera Vaso 8,18.0,8.0,0,315.96,21669,93.54,0.010000000000005116,0.010000000000005116,21639,21699,308.85,323.21,61
antes_dia_20,dia 18 - Soja Heterodera Vaso 8,18.0,8.0,0,317.49,21675,93.53,0.010000000000005116,0.010000000000005116,21645,21705,310.27,324.62,61
antes_dia_20,dia 18 - Soja Heterodera Vaso 8,18.0,8.0,0,317.73,21676,93.54,0.010000000000005116,0.010000000000005116,21646,21706,310.51,324.85,61
antes_dia_20,dia 18 - Soja Heterodera Vaso 8,18.0,8.0,0,317.98,21677,93.53,0.010000000000005116,0.010000000000005116,21647,21707,310.74,325.11,61
antes_dia_20,dia 18 - Soja Heterodera Vaso 8,18.0,8.0,0,318.2,21678,93.54,0.010000000000005116,0.010000000000005116,21648,21708,310.98,325.34,61
antes_dia_20,dia 18 - Soja Heterodera Vaso 8,18.0,8.0,0,321.76,21693,93.53,0.010000000000005116,0.010000000000005116,21663,21723,314.54,328.88,61
antes_dia_20,dia 18 - Soja Heterodera Vaso 8,18.0,8.0,0,322.0,21694,93.54,0.010000000000005116,0.010000000000005116,21664,21724,314.78,329.21,61
antes_dia_20,dia 18 - Soja Heterodera Vaso 8,18.0,8.0,0,323.21,21699,93.53,0.010000000000005116,0.010000000000005116,21669,21729,315.96,330.41,61
antes_dia_20,dia 18 - Soja Heterodera Vaso 8,18.0,8.0,0,323.68,21701,93.54,0.010000000000005116,0.010000000000005116,21671,21731,316.45,330.89,61
antes_dia_20,dia 18 - Soja Heterodera Vaso 8,18.0,8.0,0,324.15,21703,93.53,0.010000000000005116,0.010000000000005116,21673,21733,316.92,331.35,61
antes_dia_20,dia 18 - Soja Heterodera Vaso 8,18.0,8.0,0,325.34,21708,93.54,0.010000000000005116,0.010000000000005116,21678,21738,318.2,332.54,61
antes_dia_20,dia 18 - Soja Heterodera Vaso 8,18.0,8.0,0,325.57,21709,93.53,0.010000000000005116,0.010000000000005116,21679,21739,318.46,332.77,61
antes_dia_20,dia 18 - Soja Heterodera Vaso 8,18.0,8.0,0,325.81,21710,93.54,0.010000000000005116,0.010000000000005116,21680,21740,318.7,333.01,61
antes_dia_20,dia 18 - Soja Heterodera Vaso 8,18.0,8.0,0,326.28,21712,93.53,0.010000000000005116,0.010000000000005116,21682,21742,319.17,333.48,61
antes_dia_20,dia 18 - Soja Heterodera Vaso 8,18.0,8.0,0,326.51,21713,93.54,0.010000000000005116,0.010000000000005116,21683,21743,319.41,333.71,61
antes_dia_20,dia 18 - Soja Heterodera Vaso 8,18.0,8.0,0,327.46,21717,93.53,0.010000000000005116,0.010000000000005116,21687,21747,320.34,334.67,61
antes_dia_20,dia 18 - Soja Heterodera Vaso 8,18.0,8.0,0,328.17,21720,93.54,0.010000000000005116,0.010000000000005116,21690,21750,321.05,335.37,61
antes_dia_20,dia 18 - Soja Heterodera Vaso 8,18.0,8.0,0,329.7,21726,93.53,0.010000000000005116,0.010000000000005116,21696,21756,322.47,336.8,61
antes_dia_20,dia 18 - Soja Heterodera Vaso 8,18.0,8.0,0,331.12,21732,93.54,0.010000000000005116,0.010000000000005116,21702,21762,323.91,338.22,61
antes_dia_20,dia 18 - Soja Heterodera Vaso 8,18.0,8.0,0,331.35,21733,93.53,0.010000000000005116,0.010000000000005116,21703,21763,324.15,338.49,61
antes_dia_20,dia 18 - Soja Heterodera Vaso 8,18.0,8.0,0,332.31,21737,93.54,0.010000000000005116,0.010000000000005116,21707,21767,325.11,339.42,61
antes_dia_20,dia 18 - Soja Heterodera Vaso 8,18.0,8.0,0,333.01,21740,93.53,0.010000000000005116,0.010000000000005116,21710,21770,325.81,340.13,61
antes_dia_20,dia 18 - Soja Heterodera Vaso 8,18.0,8.0,0,333.97,21744,93.54,0.010000000000005116,0.010000000000005116,21714,21774,326.75,341.07,61
antes_dia_20,dia 18 - Soja Heterodera Vaso 8,18.0,8.0,0,334.2,21745,93.53,0.010000000000005116,0.010000000000005116,21715,21775,326.97,341.31,61
antes_dia_20,dia 18 - Soja Heterodera Vaso 8,18.0,8.0,0,334.44,21746,93.54,0.010000000000005116,0.010000000000005116,21716,21776,327.22,341.54,61
antes_dia_20,dia 18 - Soja Heterodera Vaso 8,18.0,8.0,0,334.67,21747,93.53,0.010000000000005116,0.010000000000005116,21717,21777,327.46,341.79,61
antes_dia_20,dia 18 - Soja Heterodera Vaso 8,18.0,8.0,0,336.8,21756,93.54,0.010000000000005116,0.010000000000005116,21726,21786,329.7,343.91,61
antes_dia_20,dia 18 - Soja Heterodera Vaso 8,18.0,8.0,0,337.05,21757,93.53,0.010000000000005116,0.010000000000005116,21727,21787,329.94,344.14,61
antes_dia_20,dia 18 - Soja Heterodera Vaso 8,18.0,8.0,0,337.99,21761,93.54,0.010000000000005116,0.010000000000005116,21731,21791,330.89,345.09,61
antes_dia_20,dia 18 - Soja Heterodera Vaso 8,18.0,8.0,0,338.22,21762,93.53,0.010000000000005116,0.010000000000005116,21732,21792,331.12,345.33,61
antes_dia_20,dia 18 - Soja Heterodera Vaso 8,18.0,8.0,0,340.36,21771,93.54,0.010000000000005116,0.010000000000005116,21741,21801,333.25,347.54,61
antes_dia_20,dia 18 - Soja Heterodera Vaso 8,18.0,8.0,0,340.6,21772,93.53,0.010000000000005116,0.010000000000005116,21742,21802,333.48,347.79,61
antes_dia_20,dia 18 - Soja Heterodera Vaso 8,18.0,8.0,0,343.19,21783,93.52,0.010000000000005116,0.010000000000005116,21753,21813,336.1,350.39,61
antes_dia_20,dia 18 - Soja Heterodera Vaso 8,18.0,8.0,0,343.43,21784,93.53,0.010000000000005116,0.010000000000005116,21754,21814,336.33,350.63,61
antes_dia_20,dia 18 - Soja Heterodera Vaso 8,18.0,8.0,0,343.91,21786,93.54,0.010000000000005116,0.010000000000005116,21756,21816,336.8,351.1,61
antes_dia_20,dia 18 - Soja Heterodera Vaso 8,18.0,8.0,0,344.14,21787,93.53,0.010000000000005116,0.010000000000005116,21757,21817,337.05,351.33,61
antes_dia_20,dia 18 - Soja Heterodera Vaso 8,18.0,8.0,0,344.38,21788,93.54,0.010000000000005116,0.010000000000005116,21758,21818,337.29,351.59,61
antes_dia_20,dia 18 - Soja Heterodera Vaso 8,18.0,8.0,0,344.62,21789,93.53,0.010000000000005116,0.010000000000005116,21759,21819,337.52,351.83,61
antes_dia_20,dia 18 - Soja Heterodera Vaso 8,18.0,8.0,0,345.09,21791,93.54,0.010000000000005116,0.010000000000005116,21761,21821,337.99,352.3,61
antes_dia_20,dia 18 - Soja Heterodera Vaso 8,18.0,8.0,0,347.07,21799,93.53,0.010000000000005116,0.010000000000005116,21769,21829,339.9,354.21,61
antes_dia_20,dia 18 - Soja Heterodera Vaso 8,18.0,8.0,0,348.26,21804,93.54,0.010000000000005116,0.010000000000005116,21774,21834,341.07,355.49,61
antes_dia_20,dia 18 - Soja Heterodera Vaso 8,18.0,8.0,0,348.73,21806,93.53,0.010000000000005116,0.010000000000005116,21776,21836,341.54,355.95,61
antes_dia_20,dia 18 - Soja Heterodera Vaso 8,18.0,8.0,0,348.98,21807,93.54,0.010000000000005116,0.010000000000005116,21777,21837,341.79,356.18,61
antes_dia_20,dia 18 - Soja Heterodera Vaso 8,18.0,8.0,0,349.68,21810,93.53,0.010000000000005116,0.010000000000005116,21780,21840,342.5,356.89,61
antes_dia_20,dia 18 - Soja Heterodera Vaso 8,18.0,8.0,0,349.92,21811,93.54,0.010000000000005116,0.010000000000005116,21781,21841,342.72,357.12,61
antes_dia_20,dia 18 - Soja Heterodera Vaso 8,18.0,8.0,0,350.16,21812,93.53,0.010000000000005116,0.010000000000005116,21782,21842,342.96,357.36,61
antes_dia_20,dia 18 - Soja Heterodera Vaso 8,18.0,8.0,0,350.39,21813,93.54,0.010000000000005116,0.010000000000005116,21783,21843,343.19,357.59,61
antes_dia_20,dia 18 - Soja Heterodera Vaso 8,18.0,8.0,0,350.63,21814,93.53,0.010000000000005116,0.010000000000005116,21784,21844,343.43,357.83,61
antes_dia_20,dia 18 - Soja Heterodera Vaso 8,18.0,8.0,0,351.59,21818,93.54,0.010000000000005116,0.010000000000005116,21788,21848,344.38,358.79,61
antes_dia_20,dia 18 - Soja Heterodera Vaso 8,18.0,8.0,0,351.83,21819,93.53,0.010000000000005116,0.010000000000005116,21789,21849,344.62,359.02,61
antes_dia_20,dia 18 - Soja Heterodera Vaso 8,18.0,8.0,0,352.07,21820,93.54,0.010000000000005116,0.010000000000005116,21790,21850,344.84,359.25,61
antes_dia_20,dia 18 - Soja Heterodera Vaso 8,18.0,8.0,0,352.54,21822,93.53,0.010000000000005116,0.010000000000005116,21792,21852,345.33,359.73,61
antes_dia_20,dia 18 - Soja Heterodera Vaso 8,18.0,8.0,0,352.78,21823,93.54,0.010000000000005116,0.010000000000005116,21793,21853,345.56,359.97,61
antes_dia_20,dia 18 - Soja Heterodera Vaso 8,18.0,8.0,0,353.73,21827,93.53,0.010000000000005116,0.010000000000005116,21797,21857,346.6,360.92,61
antes_dia_20,dia 18 - Soja Heterodera Vaso 8,18.0,8.0,0,353.97,21828,93.54,0.010000000000005116,0.010000000000005116,21798,21858,346.84,361.16,61
antes_dia_20,dia 18 - Soja Heterodera Vaso 8,18.0,8.0,0,355.95,21836,93.53,0.010000000000005116,0.010000000000005116,21806,21866,348.73,363.09,61
antes_dia_20,dia 18 - Soja Heterodera Vaso 8,18.0,8.0,0,356.42,21838,93.54,0.010000000000005116,0.010000000000005116,21808,21868,349.2,363.56,61
antes_dia_20,dia 18 - Soja Heterodera Vaso 8,18.0,8.0,0,359.97,21853,93.53,0.010000000000005116,0.010000000000005116,21823,21883,352.78,367.1,61
antes_dia_20,dia 18 - Soja Heterodera Vaso 8,18.0,8.0,0,360.43,21855,93.54,0.010000000000005116,0.010000000000005116,21825,21885,353.26,367.6,61
antes_dia_20,dia 18 - Soja Heterodera Vaso 8,18.0,8.0,0,360.68,21856,93.53,0.010000000000005116,0.010000000000005116,21826,21886,353.5,367.85,61
antes_dia_20,dia 18 - Soja Heterodera Vaso 8,18.0,8.0,0,360.92,21857,93.54,0.010000000000005116,0.010000000000005116,21827,21887,353.73,368.08,61
antes_dia_20,dia 18 - Soja Heterodera Vaso 8,18.0,8.0,0,361.16,21858,93.53,0.010000000000005116,0.010000000000005116,21828,21888,353.97,368.32,61
antes_dia_20,dia 18 - Soja Heterodera Vaso 8,18.0,8.0,0,361.4,21859,93.54,0.010000000000005116,0.010000000000005116,21829,21889,354.21,368.55,61
antes_dia_20,dia 18 - Soja Heterodera Vaso 8,18.0,8.0,0,362.34,21863,93.53,0.010000000000005116,0.010000000000005116,21833,21893,355.25,369.51,61
antes_dia_20,dia 18 - Soja Heterodera Vaso 8,18.0,8.0,0,364.02,21870,93.54,0.010000000000005116,0.010000000000005116,21840,21900,356.89,371.17,61
antes_dia_20,dia 18 - Soja Heterodera Vaso 8,18.0,8.0,0,365.69,21877,93.53,0.010000000000005116,0.010000000000005116,21847,21907,358.55,372.84,61
antes_dia_20,dia 18 - Soja Heterodera Vaso 8,18.0,8.0,0,365.92,21878,93.54,0.010000000000005116,0.010000000000005116,21848,21908,358.79,373.08,61
antes_dia_20,dia 18 - Soja Heterodera Vaso 8,18.0,8.0,0,367.33,21884,93.53,0.010000000000005116,0.010000000000005116,21854,21914,360.2,374.51,61
antes_dia_20,dia 18 - Soja Heterodera Vaso 8,18.0,8.0,0,367.6,21885,93.54,0.010000000000005116,0.010000000000005116,21855,21915,360.43,374.74,61
antes_dia_20,dia 18 - Soja Heterodera Vaso 8,18.0,8.0,0,367.85,21886,93.53,0.010000000000005116,0.010000000000005116,21856,21916,360.68,374.97,61
antes_dia_20,dia 18 - Soja Heterodera Vaso 8,18.0,8.0,0,368.08,21887,93.54,0.010000000000005116,0.010000000000005116,21857,21917,360.92,375.21,61
antes_dia_20,dia 18 - Soja Heterodera Vaso 8,18.0,8.0,0,368.55,21889,93.53,0.010000000000005116,0.010000000000005116,21859,21919,361.4,375.69,61
antes_dia_20,dia 18 - Soja Heterodera Vaso 8,18.0,8.0,0,368.79,21890,93.54,0.010000000000005116,0.010000000000005116,21860,21920,361.63,376.03,61
antes_dia_20,dia 18 - Soja Heterodera Vaso 8,18.0,8.0,0,369.98,21895,93.53,0.010000000000005116,0.010000000000005116,21865,21925,362.82,377.23,61
antes_dia_20,dia 18 - Soja Heterodera Vaso 8,18.0,8.0,0,370.21,21896,93.54,0.010000000000005116,0.010000000000005116,21866,21926,363.09,377.46,61
antes_dia_20,dia 18 - Soja Heterodera Vaso 8,18.0,8.0,0,372.12,21904,93.53,0.010000000000005116,0.010000000000005116,21874,21934,364.97,379.37,61
antes_dia_20,dia 18 - Soja Heterodera Vaso 8,18.0,8.0,0,372.6,21906,93.54,0.010000000000005116,0.010000000000005116,21876,21936,365.46,379.84,61
antes_dia_20,dia 18 - Soja Heterodera Vaso 8,18.0,8.0,0,373.08,21908,93.53,0.010000000000005116,0.010000000000005116,21878,21938,365.92,380.41,61
antes_dia_20,dia 18 - Soja Heterodera Vaso 8,18.0,8.0,0,373.32,21909,93.54,0.010000000000005116,0.010000000000005116,21879,21939,366.16,380.64,61
antes_dia_20,dia 18 - Soja Heterodera Vaso 8,18.0,8.0,0,374.01,21912,93.53,0.010000000000005116,0.010000000000005116,21882,21942,366.87,381.37,61
antes_dia_20,dia 18 - Soja Heterodera Vaso 8,18.0,8.0,0,374.28,21913,93.54,0.010000000000005116,0.010000000000005116,21883,21943,367.1,381.6,61
antes_dia_20,dia 18 - Soja Heterodera Vaso 8,18.0,8.0,0,375.45,21918,93.53,0.010000000000005116,0.010000000000005116,21888,21948,368.32,382.78,61
antes_dia_20,dia 18 - Soja Heterodera Vaso 8,18.0,8.0,0,375.69,21919,93.54,0.010000000000005116,0.010000000000005116,21889,21949,368.55,383.04,61
antes_dia_20,dia 18 - Soja Heterodera Vaso 8,18.0,8.0,0,376.26,21921,93.53,0.010000000000005116,0.010000000000005116,21891,21951,369.04,383.5,61
antes_dia_20,dia 18 - Soja Heterodera Vaso 8,18.0,8.0,0,376.51,21922,93.54,0.010000000000005116,0.010000000000005116,21892,21952,369.28,383.74,61
antes_dia_20,dia 18 - Soja Heterodera Vaso 8,18.0,8.0,0,376.75,21923,93.53,0.010000000000005116,0.010000000000005116,21893,21953,369.51,383.98,61
antes_dia_20,dia 18 - Soja Heterodera Vaso 8,18.0,8.0,0,379.37,21934,93.54,0.010000000000005116,0.010000000000005116,21904,21964,372.12,386.6,61
antes_dia_20,dia 18 - Soja Heterodera Vaso 8,18.0,8.0,0,380.64,21939,93.53,0.010000000000005116,0.010000000000005116,21909,21969,373.32,387.79,61
antes_dia_20,dia 18 - Soja Heterodera Vaso 8,18.0,8.0,0,380.9,21940,93.54,0.010000000000005116,0.010000000000005116,21910,21970,373.55,388.02,61
antes_dia_20,dia 18 - Soja Heterodera Vaso 8,18.0,8.0,0,381.13,21941,93.53,0.010000000000005116,0.010000000000005116,21911,21971,373.78,388.26,61
antes_dia_20,dia 18 - Soja Heterodera Vaso 8,18.0,8.0,0,383.04,21949,93.54,0.010000000000005116,0.010000000000005116,21919,21979,375.69,390.18,61
antes_dia_20,dia 18 - Soja Heterodera Vaso 8,18.0,8.0,0,383.27,21950,93.53,0.010000000000005116,0.010000000000005116,21920,21980,376.03,390.42,61
antes_dia_20,dia 18 - Soja Heterodera Vaso 8,18.0,8.0,0,383.5,21951,93.54,0.010000000000005116,0.010000000000005116,21921,21981,376.26,390.65,61
antes_dia_20,dia 18 - Soja Heterodera Vaso 8,18.0,8.0,0,383.74,21952,93.53,0.010000000000005116,0.010000000000005116,21922,21982,376.51,390.89,61
antes_dia_20,dia 18 - Soja Heterodera Vaso 8,18.0,8.0,0,385.65,21960,93.54,0.010000000000005116,0.010000000000005116,21930,21990,378.4,392.78,61
antes_dia_20,dia 18 - Soja Heterodera Vaso 8,18.0,8.0,0,385.89,21961,93.53,0.010000000000005116,0.010000000000005116,21931,21991,378.66,393.01,61
antes_dia_20,dia 18 - Soja Heterodera Vaso 8,18.0,8.0,0,386.6,21964,93.54,0.010000000000005116,0.010000000000005116,21934,21994,379.37,393.72,61
antes_dia_20,dia 18 - Soja Heterodera Vaso 8,18.0,8.0,0,387.3,21967,93.53,0.010000000000005116,0.010000000000005116,21937,21997,380.07,394.45,61
antes_dia_20,dia 18 - Soja Heterodera Vaso 8,18.0,8.0,0,388.26,21971,93.54,0.010000000000005116,0.010000000000005116,21941,22001,381.13,395.4,61
antes_dia_20,dia 18 - Soja Heterodera Vaso 8,18.0,8.0,0,388.75,21973,93.53,0.010000000000005116,0.010000000000005116,21943,22003,381.6,395.87,61
antes_dia_20,dia 18 - Soja Heterodera Vaso 8,18.0,8.0,0,388.98,21974,93.54,0.010000000000005116,0.010000000000005116,21944,22004,381.85,396.1,61
antes_dia_20,dia 18 - Soja Heterodera Vaso 8,18.0,8.0,0,389.21,21975,93.53,0.010000000000005116,0.010000000000005116,21945,22005,382.08,396.35,61
antes_dia_20,dia 18 - Soja Heterodera Vaso 8,18.0,8.0,0,389.44,21976,93.54,0.010000000000005116,0.010000000000005116,21946,22006,382.32,396.58,61
antes_dia_20,dia 18 - Soja Heterodera Vaso 8,18.0,8.0,0,389.71,21977,93.53,0.010000000000005116,0.010000000000005116,21947,22007,382.55,396.82,61
antes_dia_20,dia 18 - Soja Heterodera Vaso 8,18.0,8.0,0,390.65,21981,93.54,0.010000000000005116,0.010000000000005116,21951,22011,383.5,397.76,61
antes_dia_20,dia 18 - Soja Heterodera Vaso 8,18.0,8.0,0,390.89,21982,93.53,0.010000000000005116,0.010000000000005116,21952,22012,383.74,398.0,61
antes_dia_20,dia 18 - Soja Heterodera Vaso 8,18.0,8.0,0,391.12,21983,93.54,0.010000000000005116,0.010000000000005116,21953,22013,383.98,398.22,61
antes_dia_20,dia 18 - Soja Heterodera Vaso 8,18.0,8.0,0,391.36,21984,93.53,0.010000000000005116,0.010000000000005116,21954,22014,384.22,398.48,61
antes_dia_20,dia 18 - Soja Heterodera Vaso 8,18.0,8.0,0,392.08,21987,93.54,0.010000000000005116,0.010000000000005116,21957,22017,384.93,399.17,61
antes_dia_20,dia 18 - Soja Heterodera Vaso 8,18.0,8.0,0,392.31,21988,93.53,0.010000000000005116,0.010000000000005116,21958,22018,385.15,399.4,61
antes_dia_20,dia 18 - Soja Heterodera Vaso 8,18.0,8.0,0,392.54,21989,93.54,0.010000000000005116,0.010000000000005116,21959,22019,385.41,399.64,61
antes_dia_20,dia 18 - Soja Heterodera Vaso 8,18.0,8.0,0,392.78,21990,93.53,0.010000000000005116,0.010000000000005116,21960,22020,385.65,399.87,61
antes_dia_20,dia 18 - Soja Heterodera Vaso 8,18.0,8.0,0,393.01,21991,93.54,0.010000000000005116,0.010000000000005116,21961,22021,385.89,400.11,61
antes_dia_20,dia 18 - Soja Heterodera Vaso 8,18.0,8.0,0,394.69,21998,93.53,0.010000000000005116,0.010000000000005116,21968,22028,387.55,401.78,61
antes_dia_20,dia 18 - Soja Heterodera Vaso 8,18.0,8.0,0,394.92,21999,93.54,0.010000000000005116,0.010000000000005116,21969,22029,387.79,402.02,61
antes_dia_20,dia 18 - Soja Heterodera Vaso 8,18.0,8.0,0,395.16,22000,93.53,0.010000000000005116,0.010000000000005116,21970,22030,388.02,402.25,61
antes_dia_20,dia 18 - Soja Heterodera Vaso 8,18.0,8.0,0,395.4,22001,93.54,0.010000000000005116,0.010000000000005116,21971,22031,388.26,402.48,61
antes_dia_20,dia 18 - Soja Heterodera Vaso 8,18.0,8.0,0,395.87,22003,93.53,0.010000000000005116,0.010000000000005116,21973,22033,388.75,402.95,61
antes_dia_20,dia 18 - Soja Heterodera Vaso 8,18.0,8.0,0,396.1,22004,93.54,0.010000000000005116,0.010000000000005116,21974,22034,388.98,403.2,61
antes_dia_20,dia 18 - Soja Heterodera Vaso 8,18.0,8.0,0,397.76,22011,93.53,0.010000000000005116,0.010000000000005116,21981,22035,390.65,403.43,55
antes_dia_20,dia 18 - Soja Heterodera Vaso 8,18.0,8.0,0,398.0,22012,93.54,0.010000000000005116,0.010000000000005116,21982,22035,390.89,403.43,54
antes_dia_20,dia 18 - Soja Heterodera Vaso 8,18.0,8.0,0,398.22,22013,93.53,0.010000000000005116,0.010000000000005116,21983,22035,391.12,403.43,53
antes_dia_20,dia 18 - Soja Heterodera Vaso 8,18.0,8.0,0,398.48,22014,93.54,0.010000000000005116,0.010000000000005116,21984,22035,391.36,403.43,52
antes_dia_20,dia 18 - Soja Heterodera Vaso 8,18.0,8.0,0,400.6,22023,93.53,0.010000000000005116,0.010000000000005116,21993,22035,393.49,403.43,43
antes_dia_20,dia 18 - Soja Heterodera Vaso 8,18.0,8.0,0,401.54,22027,93.54,0.010000000000005116,0.010000000000005116,21997,22035,394.45,403.43,39
antes_dia_20,dia 18 - Soja Heterodera Vaso 8,18.0,8.0,0,401.78,22028,93.53,0.010000000000005116,0.010000000000005116,21998,22035,394.69,403.43,38
antes_dia_20,dia 18 - Soja Heterodera Vaso 8,18.0,8.0,0,402.02,22029,93.54,0.010000000000005116,0.010000000000005116,21999,22035,394.92,403.43,37
antes_dia_20,dia 18 - Soja Heterodera Vaso 8,18.0,8.0,0,402.25,22030,93.53,0.010000000000005116,0.010000000000005116,22000,22035,395.16,403.43,36
antes_dia_20,dia 18 - Soja Heterodera Vaso 8,18.0,8.0,0,402.95,22033,93.54,0.010000000000005116,0.010000000000005116,22003,22035,395.87,403.43,33
antes_dia_20,dia 18 - Soja Heterodera Vaso 8,18.0,8.0,0,403.2,22034,93.53,0.010000000000005116,0.010000000000005116,22004,22035,396.1,403.43,32
antes_dia_20,dia 18 - Soja Heterodera Vaso 9,18.0,9.0,0,67.63,22045,93.54,0.010000000000005116,0.010000000000005116,22036,22075,65.58,74.57,40
antes_dia_20,dia 18 - Soja Heterodera Vaso 9,18.0,9.0,0,67.87,22046,93.53,0.010000000000005116,0.010000000000005116,22036,22076,65.58,74.78,41
antes_dia_20,dia 18 - Soja Heterodera Vaso 9,18.0,9.0,0,68.08,22047,93.54,0.010000000000005116,0.010000000000005116,22036,22077,65.58,75.01,42
antes_dia_20,dia 18 - Soja Heterodera Vaso 9,18.0,9.0,0,68.77,22050,93.53,0.010000000000005116,0.010000000000005116,22036,22080,65.58,75.69,45
antes_dia_20,dia 18 - Soja Heterodera Vaso 9,18.0,9.0,0,69.0,22051,93.54,0.010000000000005116,0.010000000000005116,22036,22081,65.58,75.92,46
antes_dia_20,dia 18 - Soja Heterodera Vaso 9,18.0,9.0,0,69.45,22053,93.53,0.010000000000005116,0.010000000000005116,22036,22083,65.58,76.37,48
antes_dia_20,dia 18 - Soja Heterodera Vaso 9,18.0,9.0,0,69.67,22054,93.54,0.010000000000005116,0.010000000000005116,22036,22084,65.58,76.61,49
antes_dia_20,dia 18 - Soja Heterodera Vaso 9,18.0,9.0,0,70.61,22058,93.53,0.010000000000005116,0.010000000000005116,22036,22088,65.58,77.51,53
antes_dia_20,dia 18 - Soja Heterodera Vaso 9,18.0,9.0,0,70.83,22059,93.54,0.010000000000005116,0.010000000000005116,22036,22089,65.58,77.73,54
antes_dia_20,dia 18 - Soja Heterodera Vaso 9,18.0,9.0,0,71.06,22060,93.53,0.010000000000005116,0.010000000000005116,22036,22090,65.58,77.96,55
antes_dia_20,dia 18 - Soja Heterodera Vaso 9,18.0,9.0,0,71.28,22061,93.54,0.010000000000005116,0.010000000000005116,22036,22091,65.58,78.19,56
antes_dia_20,dia 18 - Soja Heterodera Vaso 9,18.0,9.0,0,71.5,22062,93.53,0.010000000000005116,0.010000000000005116,22036,22092,65.58,78.42,57
antes_dia_20,dia 18 - Soja Heterodera Vaso 9,18.0,9.0,0,71.73,22063,93.54,0.010000000000005116,0.010000000000005116,22036,22093,65.58,78.64,58
antes_dia_20,dia 18 - Soja Heterodera Vaso 9,18.0,9.0,0,71.96,22064,93.53,0.010000000000005116,0.010000000000005116,22036,22094,65.58,78.87,59
antes_dia_20,dia 18 - Soja Heterodera Vaso 9,18.0,9.0,0,72.19,22065,93.54,0.010000000000005116,0.010000000000005116,22036,22095,65.58,79.09,60
antes_dia_20,dia 18 - Soja Heterodera Vaso 9,18.0,9.0,0,72.41,22066,93.53,0.010000000000005116,0.010000000000005116,22036,22096,65.58,79.32,61
antes_dia_20,dia 18 - Soja Heterodera Vaso 9,18.0,9.0,0,74.11,22073,93.54,0.010000000000005116,0.010000000000005116,22043,22103,67.18,81.07,61
antes_dia_20,dia 18 - Soja Heterodera Vaso 9,18.0,9.0,0,74.57,22075,93.53,0.010000000000005116,0.010000000000005116,22045,22105,67.63,81.52,61
antes_dia_20,dia 18 - Soja Heterodera Vaso 9,18.0,9.0,0,76.61,22084,93.52,0.010000000000005116,0.010000000000005116,22054,22114,69.67,83.57,61
antes_dia_20,dia 18 - Soja Heterodera Vaso 9,18.0,9.0,0,76.84,22085,93.53,0.010000000000005116,0.010000000000005116,22055,22115,69.89,83.79,61
antes_dia_20,dia 18 - Soja Heterodera Vaso 9,18.0,9.0,0,77.28,22087,93.54,0.010000000000005116,0.010000000000005116,22057,22117,70.38,84.36,61
antes_dia_20,dia 18 - Soja Heterodera Vaso 9,18.0,9.0,0,77.51,22088,93.53,0.010000000000005116,0.010000000000005116,22058,22118,70.61,84.59,61
antes_dia_20,dia 18 - Soja Heterodera Vaso 9,18.0,9.0,0,80.62,22101,93.54,0.010000000000005116,0.010000000000005116,22071,22131,73.66,87.54,61
antes_dia_20,dia 18 - Soja Heterodera Vaso 9,18.0,9.0,0,81.07,22103,93.53,0.010000000000005116,0.010000000000005116,22073,22133,74.11,87.99,61
antes_dia_20,dia 18 - Soja Heterodera Vaso 9,18.0,9.0,0,81.3,22104,93.54,0.010000000000005116,0.010000000000005116,22074,22134,74.34,88.22,61
antes_dia_20,dia 18 - Soja Heterodera Vaso 9,18.0,9.0,0,81.52,22105,93.53,0.010000000000005116,0.010000000000005116,22075,22135,74.57,88.44,61
antes_dia_20,dia 18 - Soja Heterodera Vaso 9,18.0,9.0,0,94.3,22161,93.54,0.010000000000005116,0.010000000000005116,22131,22191,87.54,101.29,61
antes_dia_20,dia 18 - Soja Heterodera Vaso 9,18.0,9.0,0,94.52,22162,93.53,0.010000000000005116,0.010000000000005116,22132,22192,87.76,101.53,61
antes_dia_20,dia 18 - Soja Heterodera Vaso 9,18.0,9.0,0,94.97,22164,93.54,0.010000000000005116,0.010000000000005116,22134,22194,88.22,102.0,61
antes_dia_20,dia 18 - Soja Heterodera Vaso 9,18.0,9.0,0,95.19,22165,93.53,0.010000000000005116,0.010000000000005116,22135,22195,88.44,102.23,61
antes_dia_20,dia 18 - Soja Heterodera Vaso 9,18.0,9.0,0,95.42,22166,93.54,0.010000000000005116,0.010000000000005116,22136,22196,88.66,102.5,61
antes_dia_20,dia 18 - Soja Heterodera Vaso 9,18.0,9.0,0,95.65,22167,93.53,0.010000000000005116,0.010000000000005116,22137,22197,88.89,102.73,61
antes_dia_20,dia 18 - Soja Heterodera Vaso 9,18.0,9.0,0,96.1,22169,93.54,0.010000000000005116,0.010000000000005116,22139,22199,89.34,103.2,61
antes_dia_20,dia 18 - Soja Heterodera Vaso 9,18.0,9.0,0,96.33,22170,93.53,0.010000000000005116,0.010000000000005116,22140,22200,89.57,103.43,61
antes_dia_20,dia 18 - Soja Heterodera Vaso 9,18.0,9.0,0,96.55,22171,93.54,0.010000000000005116,0.010000000000005116,22141,22201,89.78,103.67,61
antes_dia_20,dia 18 - Soja Heterodera Vaso 9,18.0,9.0,0,96.78,22172,93.53,0.010000000000005116,0.010000000000005116,22142,22202,90.01,103.9,61
antes_dia_20,dia 18 - Soja Heterodera Vaso 9,18.0,9.0,0,97.0,22173,93.54,0.010000000000005116,0.010000000000005116,22143,22203,90.23,104.14,61
antes_dia_20,dia 18 - Soja Heterodera Vaso 9,18.0,9.0,0,97.24,22174,93.53,0.010000000000005116,0.010000000000005116,22144,22204,90.46,104.37,61
antes_dia_20,dia 18 - Soja Heterodera Vaso 9,18.0,9.0,0,97.93,22177,93.54,0.010000000000005116,0.010000000000005116,22147,22207,91.13,105.07,61
antes_dia_20,dia 18 - Soja Heterodera Vaso 9,18.0,9.0,0,98.15,22178,93.53,0.010000000000005116,0.010000000000005116,22148,22208,91.35,105.31,61
antes_dia_20,dia 18 - Soja Heterodera Vaso 9,18.0,9.0,0,98.93,22181,93.54,0.010000000000005116,0.010000000000005116,22151,22211,92.03,106.0,61
antes_dia_20,dia 18 - Soja Heterodera Vaso 9,18.0,9.0,0,99.16,22182,93.53,0.010000000000005116,0.010000000000005116,22152,22212,92.26,106.24,61
antes_dia_20,dia 18 - Soja Heterodera Vaso 9,18.0,9.0,0,104.6,22205,93.54,0.010000000000005116,0.010000000000005116,22175,22235,97.45,111.68,61
antes_dia_20,dia 18 - Soja Heterodera Vaso 9,18.0,9.0,0,104.84,22206,93.53,0.010000000000005116,0.010000000000005116,22176,22236,97.7,111.91,61
antes_dia_20,dia 18 - Soja Heterodera Vaso 9,18.0,9.0,0,106.48,22213,93.52,0.010000000000005116,0.010000000000005116,22183,22243,99.38,113.67,61
antes_dia_20,dia 18 - Soja Heterodera Vaso 9,18.0,9.0,0,106.71,22214,93.53,0.010000000000005116,0.010000000000005116,22184,22244,99.61,113.9,61
antes_dia_20,dia 18 - Soja Heterodera Vaso 9,18.0,9.0,0,111.68,22235,93.54,0.010000000000005116,0.010000000000005116,22205,22265,104.6,118.88,61
antes_dia_20,dia 18 - Soja Heterodera Vaso 9,18.0,9.0,0,112.95,22240,93.53,0.010000000000005116,0.010000000000005116,22210,22270,105.77,120.05,61
antes_dia_20,dia 18 - Soja Heterodera Vaso 9,18.0,9.0,0,113.42,22242,93.54,0.010000000000005116,0.010000000000005116,22212,22272,106.24,120.51,61
antes_dia_20,dia 18 - Soja Heterodera Vaso 9,18.0,9.0,0,113.67,22243,93.53,0.010000000000005116,0.010000000000005116,22213,22273,106.48,120.74,61
antes_dia_20,dia 18 - Soja Heterodera Vaso 9,18.0,9.0,0,114.6,22247,93.54,0.010000000000005116,0.010000000000005116,22217,22277,107.43,121.68,61
antes_dia_20,dia 18 - Soja Heterodera Vaso 9,18.0,9.0,0,115.08,22249,93.53,0.010000000000005116,0.010000000000005116,22219,22279,107.91,122.15,61
antes_dia_20,dia 18 - Soja Heterodera Vaso 9,18.0,9.0,0,115.31,22250,93.54,0.010000000000005116,0.010000000000005116,22220,22280,108.14,122.39,61
antes_dia_20,dia 18 - Soja Heterodera Vaso 9,18.0,9.0,0,115.77,22252,93.53,0.010000000000005116,0.010000000000005116,22222,22282,108.61,122.9,61
antes_dia_20,dia 18 - Soja Heterodera Vaso 9,18.0,9.0,0,119.59,22268,93.54,0.010000000000005116,0.010000000000005116,22238,22298,112.48,126.81,61
antes_dia_20,dia 18 - Soja Heterodera Vaso 9,18.0,9.0,0,121.21,22275,93.53,0.010000000000005116,0.010000000000005116,22245,22305,114.13,128.49,61
antes_dia_20,dia 18 - Soja Heterodera Vaso 9,18.0,9.0,0,121.45,22276,93.54,0.010000000000005116,0.010000000000005116,22246,22306,114.36,128.73,61
antes_dia_20,dia 18 - Soja Heterodera Vaso 9,18.0,9.0,0,121.68,22277,93.53,0.010000000000005116,0.010000000000005116,22247,22307,114.6,128.96,61
antes_dia_20,dia 18 - Soja Heterodera Vaso 9,18.0,9.0,0,122.39,22280,93.54,0.010000000000005116,0.010000000000005116,22250,22310,115.31,129.65,61
antes_dia_20,dia 18 - Soja Heterodera Vaso 9,18.0,9.0,0,122.63,22281,93.53,0.010000000000005116,0.010000000000005116,22251,22311,115.55,129.88,61
antes_dia_20,dia 18 - Soja Heterodera Vaso 9,18.0,9.0,0,123.36,22284,93.54,0.010000000000005116,0.010000000000005116,22254,22314,116.27,130.58,61
antes_dia_20,dia 18 - Soja Heterodera Vaso 9,18.0,9.0,0,123.6,22285,93.53,0.010000000000005116,0.010000000000005116,22255,22315,116.51,130.83,61
antes_dia_20,dia 18 - Soja Heterodera Vaso 9,18.0,9.0,0,123.83,22286,93.54,0.010000000000005116,0.010000000000005116,22256,22316,116.75,131.06,61
antes_dia_20,dia 18 - Soja Heterodera Vaso 9,18.0,9.0,0,124.88,22290,93.53,0.010000000000005116,0.010000000000005116,22260,22320,117.7,132.01,61
antes_dia_20,dia 18 - Soja Heterodera Vaso 9,18.0,9.0,0,125.86,22294,93.54,0.010000000000005116,0.010000000000005116,22264,22324,118.64,132.96,61
antes_dia_20,dia 18 - Soja Heterodera Vaso 9,18.0,9.0,0,127.79,22302,93.53,0.010000000000005116,0.010000000000005116,22272,22332,120.51,134.86,61
antes_dia_20,dia 18 - Soja Heterodera Vaso 9,18.0,9.0,0,128.02,22303,93.54,0.010000000000005116,0.010000000000005116,22273,22333,120.74,135.1,61
antes_dia_20,dia 18 - Soja Heterodera Vaso 9,18.0,9.0,0,128.25,22304,93.53,0.010000000000005116,0.010000000000005116,22274,22334,120.97,135.33,61
antes_dia_20,dia 18 - Soja Heterodera Vaso 9,18.0,9.0,0,128.73,22306,93.54,0.010000000000005116,0.010000000000005116,22276,22336,121.45,135.81,61
antes_dia_20,dia 18 - Soja Heterodera Vaso 9,18.0,9.0,0,128.96,22307,93.53,0.010000000000005116,0.010000000000005116,22277,22337,121.68,136.05,61
antes_dia_20,dia 18 - Soja Heterodera Vaso 9,18.0,9.0,0,129.19,22308,93.54,0.010000000000005116,0.010000000000005116,22278,22338,121.92,136.28,61
antes_dia_20,dia 18 - Soja Heterodera Vaso 9,18.0,9.0,0,129.65,22310,93.53,0.010000000000005116,0.010000000000005116,22280,22340,122.39,136.77,61
antes_dia_20,dia 18 - Soja Heterodera Vaso 9,18.0,9.0,0,129.88,22311,93.54,0.010000000000005116,0.010000000000005116,22281,22341,122.63,137.0,61
antes_dia_20,dia 18 - Soja Heterodera Vaso 9,18.0,9.0,0,130.11,22312,93.53,0.010000000000005116,0.010000000000005116,22282,22342,122.9,137.24,61
antes_dia_20,dia 18 - Soja Heterodera Vaso 9,18.0,9.0,0,130.34,22313,93.54,0.010000000000005116,0.010000000000005116,22283,22343,123.13,137.48,61
antes_dia_20,dia 18 - Soja Heterodera Vaso 9,18.0,9.0,0,130.58,22314,93.53,0.010000000000005116,0.010000000000005116,22284,22344,123.36,137.71,61
antes_dia_20,dia 18 - Soja Heterodera Vaso 9,18.0,9.0,0,131.3,22317,93.54,0.010000000000005116,0.010000000000005116,22287,22347,124.18,138.42,61
antes_dia_20,dia 18 - Soja Heterodera Vaso 9,18.0,9.0,0,132.5,22322,93.53,0.010000000000005116,0.010000000000005116,22292,22352,125.39,139.59,61
antes_dia_20,dia 18 - Soja Heterodera Vaso 9,18.0,9.0,0,132.73,22323,93.54,0.010000000000005116,0.010000000000005116,22293,22353,125.62,139.83,61
antes_dia_20,dia 18 - Soja Heterodera Vaso 9,18.0,9.0,0,133.2,22325,93.53,0.010000000000005116,0.010000000000005116,22295,22355,126.11,140.3,61
antes_dia_20,dia 18 - Soja Heterodera Vaso 9,18.0,9.0,0,133.44,22326,93.54,0.010000000000005116,0.010000000000005116,22296,22356,126.34,140.54,61
antes_dia_20,dia 18 - Soja Heterodera Vaso 9,18.0,9.0,0,134.14,22329,93.53,0.010000000000005116,0.010000000000005116,22299,22359,127.04,141.23,61
antes_dia_20,dia 18 - Soja Heterodera Vaso 9,18.0,9.0,0,135.1,22333,93.54,0.010000000000005116,0.010000000000005116,22303,22363,128.02,142.3,61
antes_dia_20,dia 18 - Soja Heterodera Vaso 9,18.0,9.0,0,135.81,22336,93.53,0.010000000000005116,0.010000000000005116,22306,22366,128.73,142.99,61
antes_dia_20,dia 18 - Soja Heterodera Vaso 9,18.0,9.0,0,136.52,22339,93.54,0.010000000000005116,0.010000000000005116,22309,22369,129.42,143.71,61
antes_dia_20,dia 18 - Soja Heterodera Vaso 9,18.0,9.0,0,136.77,22340,93.53,0.010000000000005116,0.010000000000005116,22310,22370,129.65,143.94,61
antes_dia_20,dia 18 - Soja Heterodera Vaso 9,18.0,9.0,0,138.18,22346,93.54,0.010000000000005116,0.010000000000005116,22316,22376,131.06,145.35,61
antes_dia_20,dia 18 - Soja Heterodera Vaso 9,18.0,9.0,0,138.42,22347,93.53,0.010000000000005116,0.010000000000005116,22317,22377,131.3,145.6,61
antes_dia_20,dia 18 - Soja Heterodera Vaso 9,18.0,9.0,0,138.89,22349,93.52,0.010000000000005116,0.010000000000005116,22319,22379,131.76,146.06,61
antes_dia_20,dia 18 - Soja Heterodera Vaso 9,18.0,9.0,0,139.12,22350,93.53,0.010000000000005116,0.010000000000005116,22320,22380,132.01,146.3,61
antes_dia_20,dia 18 - Soja Heterodera Vaso 9,18.0,9.0,0,139.36,22351,93.54,0.010000000000005116,0.010000000000005116,22321,22381,132.26,146.53,61
antes_dia_20,dia 18 - Soja Heterodera Vaso 9,18.0,9.0,0,140.06,22354,93.53,0.010000000000005116,0.010000000000005116,22324,22384,132.96,147.24,61
antes_dia_20,dia 18 - Soja Heterodera Vaso 9,18.0,9.0,0,140.3,22355,93.54,0.010000000000005116,0.010000000000005116,22325,22385,133.2,147.48,61
antes_dia_20,dia 18 - Soja Heterodera Vaso 9,18.0,9.0,0,141.23,22359,93.53,0.010000000000005116,0.010000000000005116,22329,22389,134.14,148.42,61
antes_dia_20,dia 18 - Soja Heterodera Vaso 9,18.0,9.0,0,141.58,22360,93.54,0.010000000000005116,0.010000000000005116,22330,22390,134.39,148.65,61
antes_dia_20,dia 18 - Soja Heterodera Vaso 9,18.0,9.0,0,142.3,22363,93.53,0.010000000000005116,0.010000000000005116,22333,22393,135.1,149.37,61
antes_dia_20,dia 18 - Soja Heterodera Vaso 9,18.0,9.0,0,142.76,22365,93.54,0.010000000000005116,0.010000000000005116,22335,22395,135.58,149.93,61
antes_dia_20,dia 18 - Soja Heterodera Vaso 9,18.0,9.0,0,142.99,22366,93.53,0.010000000000005116,0.010000000000005116,22336,22396,135.81,150.19,61
antes_dia_20,dia 18 - Soja Heterodera Vaso 9,18.0,9.0,0,143.94,22370,93.54,0.010000000000005116,0.010000000000005116,22340,22400,136.77,151.15,61
antes_dia_20,dia 18 - Soja Heterodera Vaso 9,18.0,9.0,0,144.18,22371,93.53,0.010000000000005116,0.010000000000005116,22341,22401,137.0,151.38,61
antes_dia_20,dia 18 - Soja Heterodera Vaso 9,18.0,9.0,0,145.12,22375,93.54,0.010000000000005116,0.010000000000005116,22345,22405,137.94,152.32,61
antes_dia_20,dia 18 - Soja Heterodera Vaso 9,18.0,9.0,0,146.3,22380,93.53,0.010000000000005116,0.010000000000005116,22350,22410,139.12,153.5,61
antes_dia_20,dia 18 - Soja Heterodera Vaso 9,18.0,9.0,0,147.24,22384,93.54,0.010000000000005116,0.010000000000005116,22354,22414,140.06,154.43,61
antes_dia_20,dia 18 - Soja Heterodera Vaso 9,18.0,9.0,0,148.89,22391,93.53,0.010000000000005116,0.010000000000005116,22361,22421,141.81,156.12,61
antes_dia_20,dia 18 - Soja Heterodera Vaso 9,18.0,9.0,0,149.6,22394,93.54,0.010000000000005116,0.010000000000005116,22364,22424,142.53,156.84,61
antes_dia_20,dia 18 - Soja Heterodera Vaso 9,18.0,9.0,0,150.91,22399,93.53,0.010000000000005116,0.010000000000005116,22369,22429,143.71,158.02,61
antes_dia_20,dia 18 - Soja Heterodera Vaso 9,18.0,9.0,0,151.15,22400,93.54,0.010000000000005116,0.010000000000005116,22370,22430,143.94,158.26,61
antes_dia_20,dia 18 - Soja Heterodera Vaso 9,18.0,9.0,0,151.86,22403,93.53,0.010000000000005116,0.010000000000005116,22373,22433,144.64,158.96,61
antes_dia_20,dia 18 - Soja Heterodera Vaso 9,18.0,9.0,0,152.09,22404,93.54,0.010000000000005116,0.010000000000005116,22374,22434,144.89,159.22,61
antes_dia_20,dia 18 - Soja Heterodera Vaso 9,18.0,9.0,0,152.32,22405,93.53,0.010000000000005116,0.010000000000005116,22375,22435,145.12,159.46,61
antes_dia_20,dia 18 - Soja Heterodera Vaso 9,18.0,9.0,0,152.55,22406,93.54,0.010000000000005116,0.010000000000005116,22376,22436,145.35,159.7,61
antes_dia_20,dia 18 - Soja Heterodera Vaso 9,18.0,9.0,0,153.5,22410,93.53,0.010000000000005116,0.010000000000005116,22380,22440,146.3,160.64,61
antes_dia_20,dia 18 - Soja Heterodera Vaso 9,18.0,9.0,0,154.2,22413,93.54,0.010000000000005116,0.010000000000005116,22383,22443,147.01,161.36,61
antes_dia_20,dia 18 - Soja Heterodera Vaso 9,18.0,9.0,0,154.68,22415,93.53,0.010000000000005116,0.010000000000005116,22385,22445,147.48,161.84,61
antes_dia_20,dia 18 - Soja Heterodera Vaso 9,18.0,9.0,0,154.94,22416,93.54,0.010000000000005116,0.010000000000005116,22386,22446,147.71,162.07,61
antes_dia_20,dia 18 - Soja Heterodera Vaso 9,18.0,9.0,0,155.18,22417,93.53,0.010000000000005116,0.010000000000005116,22387,22447,147.93,162.32,61
antes_dia_20,dia 18 - Soja Heterodera Vaso 9,18.0,9.0,0,155.65,22419,93.54,0.010000000000005116,0.010000000000005116,22389,22449,148.42,162.78,61
antes_dia_20,dia 18 - Soja Heterodera Vaso 9,18.0,9.0,0,155.89,22420,93.53,0.010000000000005116,0.010000000000005116,22390,22450,148.65,163.03,61
antes_dia_20,dia 18 - Soja Heterodera Vaso 9,18.0,9.0,0,156.36,22422,93.54,0.010000000000005116,0.010000000000005116,22392,22452,149.12,163.5,61
antes_dia_20,dia 18 - Soja Heterodera Vaso 9,18.0,9.0,0,157.32,22426,93.53,0.010000000000005116,0.010000000000005116,22396,22456,150.19,164.46,61
antes_dia_20,dia 18 - Soja Heterodera Vaso 9,18.0,9.0,0,158.02,22429,93.54,0.010000000000005116,0.010000000000005116,22399,22459,150.91,165.18,61
antes_dia_20,dia 18 - Soja Heterodera Vaso 9,18.0,9.0,0,158.73,22432,93.53,0.010000000000005116,0.010000000000005116,22402,22462,151.62,165.88,61
antes_dia_20,dia 18 - Soja Heterodera Vaso 9,18.0,9.0,0,158.96,22433,93.54,0.010000000000005116,0.010000000000005116,22403,22463,151.86,166.12,61
antes_dia_20,dia 18 - Soja Heterodera Vaso 9,18.0,9.0,0,159.22,22434,93.53,0.010000000000005116,0.010000000000005116,22404,22464,152.09,166.36,61
antes_dia_20,dia 18 - Soja Heterodera Vaso 9,18.0,9.0,0,159.46,22435,93.54,0.010000000000005116,0.010000000000005116,22405,22465,152.32,166.6,61
antes_dia_20,dia 18 - Soja Heterodera Vaso 9,18.0,9.0,0,160.17,22438,93.53,0.010000000000005116,0.010000000000005116,22408,22468,153.02,167.3,61
antes_dia_20,dia 18 - Soja Heterodera Vaso 9,18.0,9.0,0,160.4,22439,93.54,0.010000000000005116,0.010000000000005116,22409,22469,153.26,167.54,61
antes_dia_20,dia 18 - Soja Heterodera Vaso 9,18.0,9.0,0,160.87,22441,93.53,0.010000000000005116,0.010000000000005116,22411,22471,153.73,168.02,61
antes_dia_20,dia 18 - Soja Heterodera Vaso 9,18.0,9.0,0,161.36,22443,93.54,0.010000000000005116,0.010000000000005116,22413,22473,154.2,168.5,61
antes_dia_20,dia 18 - Soja Heterodera Vaso 9,18.0,9.0,0,162.07,22446,93.53,0.010000000000005116,0.010000000000005116,22416,22476,154.94,169.22,61
antes_dia_20,dia 18 - Soja Heterodera Vaso 9,18.0,9.0,0,162.32,22447,93.54,0.010000000000005116,0.010000000000005116,22417,22477,155.18,169.46,61
antes_dia_20,dia 18 - Soja Heterodera Vaso 9,18.0,9.0,0,162.78,22449,93.53,0.010000000000005116,0.010000000000005116,22419,22479,155.65,169.94,61
antes_dia_20,dia 18 - Soja Heterodera Vaso 9,18.0,9.0,0,163.27,22451,93.54,0.010000000000005116,0.010000000000005116,22421,22481,156.12,170.42,61
antes_dia_20,dia 18 - Soja Heterodera Vaso 9,18.0,9.0,0,163.5,22452,93.53,0.010000000000005116,0.010000000000005116,22422,22482,156.36,170.65,61
antes_dia_20,dia 18 - Soja Heterodera Vaso 9,18.0,9.0,0,164.23,22455,93.54,0.010000000000005116,0.010000000000005116,22425,22485,157.08,171.47,61
antes_dia_20,dia 18 - Soja Heterodera Vaso 9,18.0,9.0,0,164.7,22457,93.53,0.010000000000005116,0.010000000000005116,22427,22487,157.55,171.94,61
antes_dia_20,dia 18 - Soja Heterodera Vaso 9,18.0,9.0,0,166.36,22464,93.54,0.010000000000005116,0.010000000000005116,22434,22494,159.22,173.58,61
antes_dia_20,dia 18 - Soja Heterodera Vaso 9,18.0,9.0,0,166.6,22465,93.53,0.010000000000005116,0.010000000000005116,22435,22495,159.46,173.81,61
antes_dia_20,dia 18 - Soja Heterodera Vaso 9,18.0,9.0,0,167.07,22467,93.54,0.010000000000005116,0.010000000000005116,22437,22497,159.93,174.3,61
antes_dia_20,dia 18 - Soja Heterodera Vaso 9,18.0,9.0,0,167.3,22468,93.53,0.010000000000005116,0.010000000000005116,22438,22498,160.17,174.54,61
antes_dia_20,dia 18 - Soja Heterodera Vaso 9,18.0,9.0,0,167.54,22469,93.54,0.010000000000005116,0.010000000000005116,22439,22499,160.4,174.78,61
antes_dia_20,dia 18 - Soja Heterodera Vaso 9,18.0,9.0,0,167.79,22470,93.53,0.010000000000005116,0.010000000000005116,22440,22500,160.64,175.01,61
antes_dia_20,dia 18 - Soja Heterodera Vaso 9,18.0,9.0,0,168.75,22474,93.54,0.010000000000005116,0.010000000000005116,22444,22504,161.6,176.09,61
antes_dia_20,dia 18 - Soja Heterodera Vaso 9,18.0,9.0,0,168.99,22475,93.53,0.010000000000005116,0.010000000000005116,22445,22505,161.84,176.33,61
antes_dia_20,dia 18 - Soja Heterodera Vaso 9,18.0,9.0,0,169.46,22477,93.54,0.010000000000005116,0.010000000000005116,22447,22507,162.32,176.8,61
antes_dia_20,dia 18 - Soja Heterodera Vaso 9,18.0,9.0,0,169.69,22478,93.53,0.010000000000005116,0.010000000000005116,22448,22508,162.55,177.03,61
antes_dia_20,dia 18 - Soja Heterodera Vaso 9,18.0,9.0,0,169.94,22479,93.54,0.010000000000005116,0.010000000000005116,22449,22509,162.78,177.27,61
antes_dia_20,dia 18 - Soja Heterodera Vaso 9,18.0,9.0,0,170.42,22481,93.53,0.010000000000005116,0.010000000000005116,22451,22511,163.27,177.74,61
antes_dia_20,dia 18 - Soja Heterodera Vaso 9,18.0,9.0,0,170.65,22482,93.54,0.010000000000005116,0.010000000000005116,22452,22512,163.5,177.99,61
antes_dia_20,dia 18 - Soja Heterodera Vaso 9,18.0,9.0,0,171.47,22485,93.53,0.010000000000005116,0.010000000000005116,22455,22515,164.23,178.7,61
antes_dia_20,dia 18 - Soja Heterodera Vaso 9,18.0,9.0,0,171.7,22486,93.54,0.010000000000005116,0.010000000000005116,22456,22516,164.46,178.93,61
antes_dia_20,dia 18 - Soja Heterodera Vaso 9,18.0,9.0,0,171.94,22487,93.53,0.010000000000005116,0.010000000000005116,22457,22517,164.7,179.17,61
antes_dia_20,dia 18 - Soja Heterodera Vaso 9,18.0,9.0,0,172.17,22488,93.54,0.010000000000005116,0.010000000000005116,22458,22518,164.93,179.41,61
antes_dia_20,dia 18 - Soja Heterodera Vaso 9,18.0,9.0,0,172.4,22489,93.53,0.010000000000005116,0.010000000000005116,22459,22519,165.18,179.65,61
antes_dia_20,dia 18 - Soja Heterodera Vaso 9,18.0,9.0,0,172.64,22490,93.54,0.010000000000005116,0.010000000000005116,22460,22520,165.41,179.88,61
antes_dia_20,dia 18 - Soja Heterodera Vaso 9,18.0,9.0,0,173.58,22494,93.53,0.010000000000005116,0.010000000000005116,22464,22524,166.36,180.84,61
antes_dia_20,dia 18 - Soja Heterodera Vaso 9,18.0,9.0,0,174.05,22496,93.54,0.010000000000005116,0.010000000000005116,22466,22526,166.84,181.32,61
antes_dia_20,dia 18 - Soja Heterodera Vaso 9,18.0,9.0,0,175.01,22500,93.53,0.010000000000005116,0.010000000000005116,22470,22530,167.79,182.26,61
antes_dia_20,dia 18 - Soja Heterodera Vaso 9,18.0,9.0,0,175.24,22501,93.54,0.010000000000005116,0.010000000000005116,22471,22531,168.02,182.51,61
antes_dia_20,dia 18 - Soja Heterodera Vaso 9,18.0,9.0,0,177.27,22509,93.53,0.010000000000005116,0.010000000000005116,22479,22539,169.94,184.43,61
antes_dia_20,dia 18 - Soja Heterodera Vaso 9,18.0,9.0,0,177.5,22510,93.54,0.010000000000005116,0.010000000000005116,22480,22540,170.18,184.66,61
antes_dia_20,dia 18 - Soja Heterodera Vaso 9,18.0,9.0,0,179.41,22518,93.53,0.010000000000005116,0.010000000000005116,22488,22548,172.17,186.57,61
antes_dia_20,dia 18 - Soja Heterodera Vaso 9,18.0,9.0,0,179.65,22519,93.54,0.010000000000005116,0.010000000000005116,22489,22549,172.4,186.81,61
antes_dia_20,dia 18 - Soja Heterodera Vaso 9,18.0,9.0,0,180.84,22524,93.53,0.010000000000005116,0.010000000000005116,22494,22554,173.58,187.98,61
antes_dia_20,dia 18 - Soja Heterodera Vaso 9,18.0,9.0,0,181.08,22525,93.54,0.010000000000005116,0.010000000000005116,22495,22555,173.81,188.21,61
antes_dia_20,dia 18 - Soja Heterodera Vaso 9,18.0,9.0,0,181.78,22528,93.53,0.010000000000005116,0.010000000000005116,22498,22558,174.54,188.92,61
antes_dia_20,dia 18 - Soja Heterodera Vaso 9,18.0,9.0,0,182.03,22529,93.54,0.010000000000005116,0.010000000000005116,22499,22559,174.78,189.16,61
antes_dia_20,dia 18 - Soja Heterodera Vaso 9,18.0,9.0,0,184.19,22538,93.53,0.010000000000005116,0.010000000000005116,22508,22568,177.03,191.27,61
antes_dia_20,dia 18 - Soja Heterodera Vaso 9,18.0,9.0,0,184.43,22539,93.54,0.010000000000005116,0.010000000000005116,22509,22569,177.27,191.5,61
antes_dia_20,dia 18 - Soja Heterodera Vaso 9,18.0,9.0,0,186.1,22546,93.53,0.010000000000005116,0.010000000000005116,22516,22576,178.93,193.15,61
antes_dia_20,dia 18 - Soja Heterodera Vaso 9,18.0,9.0,0,186.34,22547,93.54,0.010000000000005116,0.010000000000005116,22517,22577,179.17,193.39,61
antes_dia_20,dia 18 - Soja Heterodera Vaso 9,18.0,9.0,0,186.57,22548,93.53,0.010000000000005116,0.010000000000005116,22518,22578,179.41,193.63,61
antes_dia_20,dia 18 - Soja Heterodera Vaso 9,18.0,9.0,0,186.81,22549,93.54,0.010000000000005116,0.010000000000005116,22519,22579,179.65,193.86,61
antes_dia_20,dia 18 - Soja Heterodera Vaso 9,18.0,9.0,0,187.51,22552,93.53,0.010000000000005116,0.010000000000005116,22522,22582,180.36,194.61,61
antes_dia_20,dia 18 - Soja Heterodera Vaso 9,18.0,9.0,0,188.68,22557,93.54,0.010000000000005116,0.010000000000005116,22527,22587,181.55,195.79,61
antes_dia_20,dia 18 - Soja Heterodera Vaso 9,18.0,9.0,0,189.87,22562,93.53,0.010000000000005116,0.010000000000005116,22532,22592,182.78,196.99,61
antes_dia_20,dia 18 - Soja Heterodera Vaso 9,18.0,9.0,0,190.1,22563,93.54,0.010000000000005116,0.010000000000005116,22533,22593,183.01,197.23,61
antes_dia_20,dia 18 - Soja Heterodera Vaso 9,18.0,9.0,0,192.68,22574,93.53,0.010000000000005116,0.010000000000005116,22544,22604,185.62,199.83,61
antes_dia_20,dia 18 - Soja Heterodera Vaso 9,18.0,9.0,0,192.91,22575,93.54,0.010000000000005116,0.010000000000005116,22545,22605,185.86,200.08,61
antes_dia_20,dia 18 - Soja Heterodera Vaso 9,18.0,9.0,0,194.84,22583,93.53,0.010000000000005116,0.010000000000005116,22553,22613,187.74,202.17,61
antes_dia_20,dia 18 - Soja Heterodera Vaso 9,18.0,9.0,0,195.08,22584,93.54,0.010000000000005116,0.010000000000005116,22554,22614,187.98,202.4,61
antes_dia_20,dia 18 - Soja Heterodera Vaso 9,18.0,9.0,0,196.76,22591,93.53,0.010000000000005116,0.010000000000005116,22561,22621,189.63,204.06,61
antes_dia_20,dia 18 - Soja Heterodera Vaso 9,18.0,9.0,0,197.46,22594,93.54,0.010000000000005116,0.010000000000005116,22564,22624,190.34,204.78,61
antes_dia_20,dia 18 - Soja Heterodera Vaso 9,18.0,9.0,0,197.7,22595,93.53,0.010000000000005116,0.010000000000005116,22565,22625,190.57,205.02,61
antes_dia_20,dia 18 - Soja Heterodera Vaso 9,18.0,9.0,0,197.93,22596,93.54,0.010000000000005116,0.010000000000005116,22566,22626,190.8,205.25,61
antes_dia_20,dia 18 - Soja Heterodera Vaso 9,18.0,9.0,0,198.65,22599,93.53,0.010000000000005116,0.010000000000005116,22569,22629,191.5,206.01,61
antes_dia_20,dia 18 - Soja Heterodera Vaso 9,18.0,9.0,0,198.89,22600,93.54,0.010000000000005116,0.010000000000005116,22570,22630,191.73,206.24,61
antes_dia_20,dia 18 - Soja Heterodera Vaso 9,18.0,9.0,0,199.13,22601,93.53,0.010000000000005116,0.010000000000005116,22571,22631,191.97,206.47,61
antes_dia_20,dia 18 - Soja Heterodera Vaso 9,18.0,9.0,0,199.37,22602,93.54,0.010000000000005116,0.010000000000005116,22572,22632,192.21,206.71,61
antes_dia_20,dia 18 - Soja Heterodera Vaso 9,18.0,9.0,0,199.6,22603,93.53,0.010000000000005116,0.010000000000005116,22573,22633,192.45,206.95,61
antes_dia_20,dia 18 - Soja Heterodera Vaso 9,18.0,9.0,0,200.65,22607,93.54,0.010000000000005116,0.010000000000005116,22577,22637,193.39,207.88,61
antes_dia_20,dia 18 - Soja Heterodera Vaso 9,18.0,9.0,0,200.88,22608,93.53,0.010000000000005116,0.010000000000005116,22578,22638,193.63,208.12,61
antes_dia_20,dia 18 - Soja Heterodera Vaso 9,18.0,9.0,0,201.36,22610,93.54,0.010000000000005116,0.010000000000005116,22580,22640,194.11,208.59,61
antes_dia_20,dia 18 - Soja Heterodera Vaso 9,18.0,9.0,0,201.69,22611,93.53,0.010000000000005116,0.010000000000005116,22581,22641,194.38,208.83,61
antes_dia_20,dia 18 - Soja Heterodera Vaso 9,18.0,9.0,0,202.17,22613,93.54,0.010000000000005116,0.010000000000005116,22583,22643,194.84,209.3,61
antes_dia_20,dia 18 - Soja Heterodera Vaso 9,18.0,9.0,0,202.4,22614,93.53,0.010000000000005116,0.010000000000005116,22584,22644,195.08,209.53,61
antes_dia_20,dia 18 - Soja Heterodera Vaso 9,18.0,9.0,0,203.11,22617,93.54,0.010000000000005116,0.010000000000005116,22587,22647,195.79,210.25,61
antes_dia_20,dia 18 - Soja Heterodera Vaso 9,18.0,9.0,0,203.59,22619,93.53,0.010000000000005116,0.010000000000005116,22589,22649,196.26,210.74,61
antes_dia_20,dia 18 - Soja Heterodera Vaso 9,18.0,9.0,0,204.06,22621,93.54,0.010000000000005116,0.010000000000005116,22591,22651,196.76,211.2,61
antes_dia_20,dia 18 - Soja Heterodera Vaso 9,18.0,9.0,0,206.47,22631,93.53,0.010000000000005116,0.010000000000005116,22601,22661,199.13,213.58,61
antes_dia_20,dia 18 - Soja Heterodera Vaso 9,18.0,9.0,0,206.95,22633,93.54,0.010000000000005116,0.010000000000005116,22603,22663,199.6,214.05,61
antes_dia_20,dia 18 - Soja Heterodera Vaso 9,18.0,9.0,0,207.65,22636,93.53,0.010000000000005116,0.010000000000005116,22606,22666,200.42,214.78,61
antes_dia_20,dia 18 - Soja Heterodera Vaso 9,18.0,9.0,0,207.88,22637,93.54,0.010000000000005116,0.010000000000005116,22607,22667,200.65,215.0,61
antes_dia_20,dia 18 - Soja Heterodera Vaso 9,18.0,9.0,0,208.59,22640,93.53,0.010000000000005116,0.010000000000005116,22610,22670,201.36,215.74,61
antes_dia_20,dia 18 - Soja Heterodera Vaso 9,18.0,9.0,0,208.83,22641,93.54,0.010000000000005116,0.010000000000005116,22611,22671,201.69,215.98,61
antes_dia_20,dia 18 - Soja Heterodera Vaso 9,18.0,9.0,0,209.78,22645,93.53,0.010000000000005116,0.010000000000005116,22615,22675,202.64,216.92,61
antes_dia_20,dia 18 - Soja Heterodera Vaso 9,18.0,9.0,0,210.02,22646,93.54,0.010000000000005116,0.010000000000005116,22616,22676,202.88,217.15,61
antes_dia_20,dia 18 - Soja Heterodera Vaso 9,18.0,9.0,0,210.25,22647,93.53,0.010000000000005116,0.010000000000005116,22617,22677,203.11,217.38,61
antes_dia_20,dia 18 - Soja Heterodera Vaso 9,18.0,9.0,0,210.74,22649,93.54,0.010000000000005116,0.010000000000005116,22619,22679,203.59,217.86,61
antes_dia_20,dia 18 - Soja Heterodera Vaso 9,18.0,9.0,0,210.97,22650,93.53,0.010000000000005116,0.010000000000005116,22620,22680,203.83,218.09,61
antes_dia_20,dia 18 - Soja Heterodera Vaso 9,18.0,9.0,0,211.2,22651,93.54,0.010000000000005116,0.010000000000005116,22621,22681,204.06,218.32,61
antes_dia_20,dia 18 - Soja Heterodera Vaso 9,18.0,9.0,0,212.16,22655,93.53,0.010000000000005116,0.010000000000005116,22625,22685,205.02,219.27,61
antes_dia_20,dia 18 - Soja Heterodera Vaso 9,18.0,9.0,0,212.39,22656,93.54,0.010000000000005116,0.010000000000005116,22626,22686,205.25,219.51,61
antes_dia_20,dia 18 - Soja Heterodera Vaso 9,18.0,9.0,0,213.35,22660,93.53,0.010000000000005116,0.010000000000005116,22630,22690,206.24,220.44,61
antes_dia_20,dia 18 - Soja Heterodera Vaso 9,18.0,9.0,0,213.58,22661,93.54,0.010000000000005116,0.010000000000005116,22631,22691,206.47,220.68,61
antes_dia_20,dia 18 - Soja Heterodera Vaso 9,18.0,9.0,0,215.0,22667,93.53,0.010000000000005116,0.010000000000005116,22637,22697,207.88,222.08,61
antes_dia_20,dia 18 - Soja Heterodera Vaso 9,18.0,9.0,0,215.51,22669,93.54,0.010000000000005116,0.010000000000005116,22639,22699,208.36,222.56,61
antes_dia_20,dia 18 - Soja Heterodera Vaso 9,18.0,9.0,0,215.98,22671,93.53,0.010000000000005116,0.010000000000005116,22641,22701,208.83,223.04,61
antes_dia_20,dia 18 - Soja Heterodera Vaso 9,18.0,9.0,0,216.22,22672,93.54,0.010000000000005116,0.010000000000005116,22642,22702,209.07,223.28,61
antes_dia_20,dia 18 - Soja Heterodera Vaso 9,18.0,9.0,0,218.79,22683,93.53,0.010000000000005116,0.010000000000005116,22653,22713,211.68,225.92,61
antes_dia_20,dia 18 - Soja Heterodera Vaso 9,18.0,9.0,0,219.03,22684,93.54,0.010000000000005116,0.010000000000005116,22654,22714,211.92,226.15,61
antes_dia_20,dia 18 - Soja Heterodera Vaso 9,18.0,9.0,0,221.85,22696,93.53,0.010000000000005116,0.010000000000005116,22666,22726,214.78,229.09,61
antes_dia_20,dia 18 - Soja Heterodera Vaso 9,18.0,9.0,0,222.32,22698,93.54,0.010000000000005116,0.010000000000005116,22668,22728,215.27,229.81,61
antes_dia_20,dia 18 - Soja Heterodera Vaso 9,18.0,9.0,0,223.04,22701,93.53,0.010000000000005116,0.010000000000005116,22671,22731,215.98,230.52,61
antes_dia_20,dia 18 - Soja Heterodera Vaso 9,18.0,9.0,0,223.28,22702,93.54,0.010000000000005116,0.010000000000005116,22672,22732,216.22,230.75,61
antes_dia_20,dia 18 - Soja Heterodera Vaso 9,18.0,9.0,0,224.96,22709,93.53,0.010000000000005116,0.010000000000005116,22679,22739,217.86,232.39,61
antes_dia_20,dia 18 - Soja Heterodera Vaso 9,18.0,9.0,0,225.19,22710,93.54,0.010000000000005116,0.010000000000005116,22680,22740,218.09,232.63,61
antes_dia_20,dia 18 - Soja Heterodera Vaso 9,18.0,9.0,0,231.46,22735,93.53,0.010000000000005116,0.010000000000005116,22705,22765,223.98,238.54,61
antes_dia_20,dia 18 - Soja Heterodera Vaso 9,18.0,9.0,0,231.69,22736,93.54,0.010000000000005116,0.010000000000005116,22706,22766,224.22,238.77,61
antes_dia_20,dia 18 - Soja Heterodera Vaso 9,18.0,9.0,0,232.63,22740,93.53,0.010000000000005116,0.010000000000005116,22710,22770,225.19,239.72,61
antes_dia_20,dia 18 - Soja Heterodera Vaso 9,18.0,9.0,0,232.86,22741,93.54,0.010000000000005116,0.010000000000005116,22711,22771,225.44,239.96,61
antes_dia_20,dia 18 - Soja Heterodera Vaso 9,18.0,9.0,0,234.49,22748,93.53,0.010000000000005116,0.010000000000005116,22718,22778,227.1,241.6,61
antes_dia_20,dia 18 - Soja Heterodera Vaso 9,18.0,9.0,0,234.72,22749,93.54,0.010000000000005116,0.010000000000005116,22719,22779,227.44,241.84,61
antes_dia_20,dia 18 - Soja Heterodera Vaso 9,18.0,9.0,0,235.9,22754,93.53,0.010000000000005116,0.010000000000005116,22724,22784,228.62,243.0,61
antes_dia_20,dia 18 - Soja Heterodera Vaso 9,18.0,9.0,0,236.17,22755,93.54,0.010000000000005116,0.010000000000005116,22725,22785,228.84,243.24,61
antes_dia_20,dia 18 - Soja Heterodera Vaso 9,18.0,9.0,0,236.41,22756,93.53,0.010000000000005116,0.010000000000005116,22726,22786,229.09,243.47,61
antes_dia_20,dia 18 - Soja Heterodera Vaso 9,18.0,9.0,0,236.64,22757,93.54,0.010000000000005116,0.010000000000005116,22727,22787,229.43,243.71,61
antes_dia_20,dia 18 - Soja Heterodera Vaso 9,18.0,9.0,0,239.25,22768,93.53,0.010000000000005116,0.010000000000005116,22738,22798,232.16,246.29,61
antes_dia_20,dia 18 - Soja Heterodera Vaso 9,18.0,9.0,0,239.49,22769,93.54,0.010000000000005116,0.010000000000005116,22739,22799,232.39,246.53,61
antes_dia_20,dia 18 - Soja Heterodera Vaso 9,18.0,9.0,0,239.96,22771,93.53,0.010000000000005116,0.010000000000005116,22741,22801,232.86,247.0,61
antes_dia_20,dia 18 - Soja Heterodera Vaso 9,18.0,9.0,0,240.19,22772,93.54,0.010000000000005116,0.010000000000005116,22742,22802,233.09,247.24,61
antes_dia_20,dia 18 - Soja Heterodera Vaso 9,18.0,9.0,0,249.8,22813,93.53,0.010000000000005116,0.010000000000005116,22783,22843,242.77,256.92,61
antes_dia_20,dia 18 - Soja Heterodera Vaso 9,18.0,9.0,0,250.03,22814,93.54,0.010000000000005116,0.010000000000005116,22784,22844,243.0,257.15,61
antes_dia_20,dia 18 - Soja Heterodera Vaso 9,18.0,9.0,0,254.34,22832,93.53,0.010000000000005116,0.010000000000005116,22802,22862,247.24,261.53,61
antes_dia_20,dia 18 - Soja Heterodera Vaso 9,18.0,9.0,0,254.57,22833,93.54,0.010000000000005116,0.010000000000005116,22803,22863,247.47,261.76,61
antes_dia_20,dia 18 - Soja Heterodera Vaso 9,18.0,9.0,0,256.46,22841,93.53,0.010000000000005116,0.010000000000005116,22811,22871,249.33,263.65,61
antes_dia_20,dia 18 - Soja Heterodera Vaso 9,18.0,9.0,0,256.68,22842,93.54,0.010000000000005116,0.010000000000005116,22812,22872,249.57,263.88,61
antes_dia_20,dia 18 - Soja Heterodera Vaso 9,18.0,9.0,0,262.69,22867,93.53,0.010000000000005116,0.010000000000005116,22837,22897,255.52,269.79,61
antes_dia_20,dia 18 - Soja Heterodera Vaso 9,18.0,9.0,0,262.94,22868,93.54,0.010000000000005116,0.010000000000005116,22838,22898,255.76,270.02,61
antes_dia_20,dia 18 - Soja Heterodera Vaso 9,18.0,9.0,0,265.29,22878,93.53,0.010000000000005116,0.010000000000005116,22848,22908,258.1,272.4,61
antes_dia_20,dia 18 - Soja Heterodera Vaso 9,18.0,9.0,0,265.52,22879,93.54,0.010000000000005116,0.010000000000005116,22849,22909,258.33,272.62,61
antes_dia_20,dia 18 - Soja Heterodera Vaso 9,18.0,9.0,0,269.79,22897,93.53,0.010000000000005116,0.010000000000005116,22867,22927,262.69,276.87,61
antes_dia_20,dia 18 - Soja Heterodera Vaso 9,18.0,9.0,0,270.02,22898,93.54,0.010000000000005116,0.010000000000005116,22868,22928,262.94,277.11,61
antes_dia_20,dia 18 - Soja Heterodera Vaso 9,18.0,9.0,0,272.4,22908,93.53,0.010000000000005116,0.010000000000005116,22878,22938,265.29,279.6,61
antes_dia_20,dia 18 - Soja Heterodera Vaso 9,18.0,9.0,0,272.62,22909,93.54,0.010000000000005116,0.010000000000005116,22879,22939,265.52,279.84,61
antes_dia_20,dia 18 - Soja Heterodera Vaso 9,18.0,9.0,0,272.85,22910,93.53,0.010000000000005116,0.010000000000005116,22880,22940,265.74,280.07,61
antes_dia_20,dia 18 - Soja Heterodera Vaso 9,18.0,9.0,0,273.09,22911,93.54,0.010000000000005116,0.010000000000005116,22881,22941,265.99,280.3,61
antes_dia_20,dia 18 - Soja Heterodera Vaso 9,18.0,9.0,0,280.07,22940,93.53,0.010000000000005116,0.010000000000005116,22910,22970,272.85,287.13,61
antes_dia_20,dia 18 - Soja Heterodera Vaso 9,18.0,9.0,0,280.3,22941,93.54,0.010000000000005116,0.010000000000005116,22911,22971,273.09,287.37,61
antes_dia_20,dia 18 - Soja Heterodera Vaso 9,18.0,9.0,0,282.89,22952,93.54,0.010000000000005116,0.010000000000005116,22922,22982,275.7,290.08,61
antes_dia_20,dia 18 - Soja Heterodera Vaso 9,18.0,9.0,0,298.13,23016,93.53,0.010000000000005116,0.010000000000005116,22986,23046,291.01,305.41,61
antes_dia_20,dia 18 - Soja Heterodera Vaso 9,18.0,9.0,0,298.36,23017,93.54,0.010000000000005116,0.010000000000005116,22987,23047,291.24,305.64,61
antes_dia_20,dia 18 - Soja Heterodera Vaso 9,18.0,9.0,0,303.86,23040,93.53,0.010000000000005116,0.010000000000005116,23010,23070,296.71,311.1,61
antes_dia_20,dia 18 - Soja Heterodera Vaso 9,18.0,9.0,0,304.2,23041,93.54,0.010000000000005116,0.010000000000005116,23011,23071,296.95,311.33,61
antes_dia_20,dia 18 - Soja Heterodera Vaso 9,18.0,9.0,0,312.49,23076,93.53,0.010000000000005116,0.010000000000005116,23046,23106,305.41,319.66,61
antes_dia_20,dia 18 - Soja Heterodera Vaso 9,18.0,9.0,0,312.72,23077,93.54,0.010000000000005116,0.010000000000005116,23047,23107,305.64,319.9,61
antes_dia_20,dia 18 - Soja Heterodera Vaso 9,18.0,9.0,0,320.37,23109,93.53,0.010000000000005116,0.010000000000005116,23079,23139,313.19,327.44,61
antes_dia_20,dia 18 - Soja Heterodera Vaso 9,18.0,9.0,0,320.61,23110,93.54,0.010000000000005116,0.010000000000005116,23080,23140,313.42,327.67,61
antes_dia_20,dia 18 - Soja Heterodera Vaso 9,18.0,9.0,0,360.47,23277,93.53,0.010000000000005116,0.010000000000005116,23247,23307,353.27,367.6,61
antes_dia_20,dia 18 - Soja Heterodera Vaso 9,18.0,9.0,0,360.7,23278,93.54,0.010000000000005116,0.010000000000005116,23248,23308,353.5,367.87,61
antes_dia_20,dia 18 - Soja Heterodera Vaso 9,18.0,9.0,0,364.27,23293,93.53,0.010000000000005116,0.010000000000005116,23263,23323,357.17,371.39,61
antes_dia_20,dia 18 - Soja Heterodera Vaso 9,18.0,9.0,0,364.52,23294,93.54,0.010000000000005116,0.010000000000005116,23264,23324,357.41,371.63,61
antes_dia_20,dia 18 - Soja Heterodera Vaso 9,18.0,9.0,0,372.35,23327,93.53,0.010000000000005116,0.010000000000005116,23297,23357,365.22,379.52,61
antes_dia_20,dia 18 - Soja Heterodera Vaso 9,18.0,9.0,0,372.59,23328,93.54,0.010000000000005116,0.010000000000005116,23298,23358,365.45,379.75,61
antes_dia_20,dia 18 - Soja Heterodera Vaso 9,18.0,9.0,0,373.06,23330,93.53,0.010000000000005116,0.010000000000005116,23300,23360,365.94,380.22,61
antes_dia_20,dia 18 - Soja Heterodera Vaso 9,18.0,9.0,0,373.29,23331,93.54,0.010000000000005116,0.010000000000005116,23301,23361,366.18,380.45,61
antes_dia_20,dia 18 - Soja Heterodera Vaso 9,18.0,9.0,0,374.93,23338,93.53,0.010000000000005116,0.010000000000005116,23308,23367,367.87,381.96,60
antes_dia_20,dia 18 - Soja Heterodera Vaso 9,18.0,9.0,0,375.16,23339,93.54,0.010000000000005116,0.010000000000005116,23309,23367,368.1,381.96,59
antes_dia_20,dia 18 - Soja Heterodera Vaso 1,18.0,1.0,0,74.94,23377,93.51,0.010000000000005116,0.010000000000005116,23368,23407,72.73,82.36,40
antes_dia_20,dia 18 - Soja Heterodera Vaso 1,18.0,1.0,0,75.18,23378,93.5,0.010000000000005116,0.010000000000005116,23368,23408,72.73,82.61,41
antes_dia_20,dia 18 - Soja Heterodera Vaso 1,18.0,1.0,0,78.36,23391,93.51,0.010000000000005116,0.010000000000005116,23368,23421,72.73,85.95,54
antes_dia_20,dia 18 - Soja Heterodera Vaso 1,18.0,1.0,0,78.61,23392,93.5,0.010000000000005116,0.010000000000005116,23368,23422,72.73,86.19,55
antes_dia_20,dia 18 - Soja Heterodera Vaso 1,18.0,1.0,0,90.7,23440,93.49,0.010000000000005116,0.010000000000005116,23410,23470,83.12,97.97,61
antes_dia_20,dia 18 - Soja Heterodera Vaso 1,18.0,1.0,0,90.94,23441,93.5,0.010000000000005116,0.010000000000005116,23411,23471,83.36,98.21,61
antes_dia_20,dia 18 - Soja Heterodera Vaso 1,18.0,1.0,0,99.93,23478,93.49,0.010000000000005116,0.010000000000005116,23448,23508,92.65,107.31,61
antes_dia_20,dia 18 - Soja Heterodera Vaso 1,18.0,1.0,0,100.18,23479,93.5,0.010000000000005116,0.010000000000005116,23449,23509,92.89,107.56,61
antes_dia_20,dia 18 - Soja Heterodera Vaso 1,18.0,1.0,0,110.07,23519,93.49,0.010000000000005116,0.010000000000005116,23489,23549,102.61,117.67,61
antes_dia_20,dia 18 - Soja Heterodera Vaso 1,18.0,1.0,0,110.57,23521,93.5,0.010000000000005116,0.010000000000005116,23491,23551,103.08,118.17,61
antes_dia_20,dia 18 - Soja Heterodera Vaso 1,18.0,1.0,0,112.12,23527,93.49,0.010000000000005116,0.010000000000005116,23497,23557,104.55,119.71,61
antes_dia_20,dia 18 - Soja Heterodera Vaso 1,18.0,1.0,0,112.37,23528,93.5,0.010000000000005116,0.010000000000005116,23498,23558,104.79,120.06,61
antes_dia_20,dia 18 - Soja Heterodera Vaso 1,18.0,1.0,0,113.87,23534,93.49,0.010000000000005116,0.010000000000005116,23504,23564,106.32,121.59,61
antes_dia_20,dia 18 - Soja Heterodera Vaso 1,18.0,1.0,0,114.14,23535,93.5,0.010000000000005116,0.010000000000005116,23505,23565,106.57,121.84,61
antes_dia_20,dia 18 - Soja Heterodera Vaso 1,18.0,1.0,0,114.38,23536,93.49,0.010000000000005116,0.010000000000005116,23506,23566,106.81,122.09,61
antes_dia_20,dia 18 - Soja Heterodera Vaso 1,18.0,1.0,0,114.88,23538,93.5,0.010000000000005116,0.010000000000005116,23508,23568,107.31,122.58,61
antes_dia_20,dia 18 - Soja Heterodera Vaso 1,18.0,1.0,0,118.41,23552,93.49,0.010000000000005116,0.010000000000005116,23522,23582,110.82,126.08,61
antes_dia_20,dia 18 - Soja Heterodera Vaso 1,18.0,1.0,0,118.68,23553,93.5,0.010000000000005116,0.010000000000005116,23523,23583,111.06,126.33,61
antes_dia_20,dia 18 - Soja Heterodera Vaso 1,18.0,1.0,0,119.47,23556,93.49,0.010000000000005116,0.010000000000005116,23526,23586,111.87,127.08,61
antes_dia_20,dia 18 - Soja Heterodera Vaso 1,18.0,1.0,0,120.06,23558,93.5,0.010000000000005116,0.010000000000005116,23528,23588,112.37,127.58,61
antes_dia_20,dia 18 - Soja Heterodera Vaso 1,18.0,1.0,0,120.31,23559,93.49,0.010000000000005116,0.010000000000005116,23529,23589,112.62,127.83,61
antes_dia_20,dia 18 - Soja Heterodera Vaso 1,18.0,1.0,0,120.55,23560,93.5,0.010000000000005116,0.010000000000005116,23530,23590,112.86,128.07,61
antes_dia_20,dia 18 - Soja Heterodera Vaso 1,18.0,1.0,0,121.08,23562,93.49,0.010000000000005116,0.010000000000005116,23532,23592,113.37,128.62,61
antes_dia_20,dia 18 - Soja Heterodera Vaso 1,18.0,1.0,0,123.34,23571,93.5,0.010000000000005116,0.010000000000005116,23541,23601,115.62,130.88,61
antes_dia_20,dia 18 - Soja Heterodera Vaso 1,18.0,1.0,0,123.59,23572,93.49,0.010000000000005116,0.010000000000005116,23542,23602,115.87,131.14,61
antes_dia_20,dia 18 - Soja Heterodera Vaso 1,18.0,1.0,0,124.09,23574,93.5,0.010000000000005116,0.010000000000005116,23544,23604,116.43,131.65,61
antes_dia_20,dia 18 - Soja Heterodera Vaso 1,18.0,1.0,0,125.09,23578,93.49,0.010000000000005116,0.010000000000005116,23548,23608,117.42,132.64,61
antes_dia_20,dia 18 - Soja Heterodera Vaso 1,18.0,1.0,0,125.33,23579,93.5,0.010000000000005116,0.010000000000005116,23549,23609,117.67,133.0,61
antes_dia_20,dia 18 - Soja Heterodera Vaso 1,18.0,1.0,0,125.58,23580,93.49,0.010000000000005116,0.010000000000005116,23550,23610,117.92,133.24,61
antes_dia_20,dia 18 - Soja Heterodera Vaso 1,18.0,1.0,0,125.83,23581,93.5,0.010000000000005116,0.010000000000005116,23551,23611,118.17,133.51,61
antes_dia_20,dia 18 - Soja Heterodera Vaso 1,18.0,1.0,0,129.63,23596,93.49,0.010000000000005116,0.010000000000005116,23566,23626,122.09,137.3,61
antes_dia_20,dia 18 - Soja Heterodera Vaso 1,18.0,1.0,0,130.12,23598,93.5,0.010000000000005116,0.010000000000005116,23568,23628,122.58,137.8,61
antes_dia_20,dia 18 - Soja Heterodera Vaso 1,18.0,1.0,0,130.62,23600,93.49,0.010000000000005116,0.010000000000005116,23570,23630,123.07,138.29,61
antes_dia_20,dia 18 - Soja Heterodera Vaso 1,18.0,1.0,0,131.14,23602,93.5,0.010000000000005116,0.010000000000005116,23572,23632,123.59,138.86,61
antes_dia_20,dia 18 - Soja Heterodera Vaso 1,18.0,1.0,0,131.65,23604,93.49,0.010000000000005116,0.010000000000005116,23574,23634,124.09,139.35,61
antes_dia_20,dia 18 - Soja Heterodera Vaso 1,18.0,1.0,0,131.9,23605,93.5,0.010000000000005116,0.010000000000005116,23575,23635,124.35,139.61,61
antes_dia_20,dia 18 - Soja Heterodera Vaso 1,18.0,1.0,0,132.15,23606,93.49,0.010000000000005116,0.010000000000005116,23576,23636,124.59,139.87,61
antes_dia_20,dia 18 - Soja Heterodera Vaso 1,18.0,1.0,0,132.39,23607,93.5,0.010000000000005116,0.010000000000005116,23577,23637,124.84,140.13,61
antes_dia_20,dia 18 - Soja Heterodera Vaso 1,18.0,1.0,0,132.64,23608,93.49,0.010000000000005116,0.010000000000005116,23578,23638,125.09,140.38,61
antes_dia_20,dia 18 - Soja Heterodera Vaso 1,18.0,1.0,0,133.51,23611,93.5,0.010000000000005116,0.010000000000005116,23581,23641,125.83,141.14,61
antes_dia_20,dia 18 - Soja Heterodera Vaso 1,18.0,1.0,0,133.77,23612,93.49,0.010000000000005116,0.010000000000005116,23582,23642,126.08,141.4,61
antes_dia_20,dia 18 - Soja Heterodera Vaso 1,18.0,1.0,0,134.26,23614,93.5,0.010000000000005116,0.010000000000005116,23584,23644,126.58,141.9,61
antes_dia_20,dia 18 - Soja Heterodera Vaso 1,18.0,1.0,0,134.51,23615,93.49,0.010000000000005116,0.010000000000005116,23585,23645,126.83,142.15,61
antes_dia_20,dia 18 - Soja Heterodera Vaso 1,18.0,1.0,0,134.77,23616,93.5,0.010000000000005116,0.010000000000005116,23586,23646,127.08,142.4,61
antes_dia_20,dia 18 - Soja Heterodera Vaso 1,18.0,1.0,0,135.27,23618,93.49,0.010000000000005116,0.010000000000005116,23588,23648,127.58,142.9,61
antes_dia_20,dia 18 - Soja Heterodera Vaso 1,18.0,1.0,0,136.3,23622,93.5,0.010000000000005116,0.010000000000005116,23592,23652,128.62,143.96,61
antes_dia_20,dia 18 - Soja Heterodera Vaso 1,18.0,1.0,0,136.55,23623,93.49,0.010000000000005116,0.010000000000005116,23593,23653,128.87,144.2,61
antes_dia_20,dia 18 - Soja Heterodera Vaso 1,18.0,1.0,0,142.9,23648,93.5,0.010000000000005116,0.010000000000005116,23618,23678,135.27,150.57,61
antes_dia_20,dia 18 - Soja Heterodera Vaso 1,18.0,1.0,0,143.15,23649,93.49,0.010000000000005116,0.010000000000005116,23619,23679,135.52,150.83,61
antes_dia_20,dia 18 - Soja Heterodera Vaso 1,18.0,1.0,0,143.96,23652,93.5,0.010000000000005116,0.010000000000005116,23622,23682,136.3,151.68,61
antes_dia_20,dia 18 - Soja Heterodera Vaso 1,18.0,1.0,0,144.46,23654,93.49,0.010000000000005116,0.010000000000005116,23624,23684,136.8,152.19,61
antes_dia_20,dia 18 - Soja Heterodera Vaso 1,18.0,1.0,0,144.96,23656,93.5,0.010000000000005116,0.010000000000005116,23626,23686,137.3,152.69,61
antes_dia_20,dia 18 - Soja Heterodera Vaso 1,18.0,1.0,0,145.21,23657,93.49,0.010000000000005116,0.010000000000005116,23627,23687,137.55,152.93,61
antes_dia_20,dia 18 - Soja Heterodera Vaso 1,18.0,1.0,0,146.51,23662,93.5,0.010000000000005116,0.010000000000005116,23632,23692,138.86,154.21,61
antes_dia_20,dia 18 - Soja Heterodera Vaso 1,18.0,1.0,0,147.03,23664,93.49,0.010000000000005116,0.010000000000005116,23634,23694,139.35,154.71,61
antes_dia_20,dia 18 - Soja Heterodera Vaso 1,18.0,1.0,0,147.28,23665,93.5,0.010000000000005116,0.010000000000005116,23635,23695,139.61,154.96,61
antes_dia_20,dia 18 - Soja Heterodera Vaso 1,18.0,1.0,0,147.52,23666,93.49,0.010000000000005116,0.010000000000005116,23636,23696,139.87,155.2,61
antes_dia_20,dia 18 - Soja Heterodera Vaso 1,18.0,1.0,0,148.57,23670,93.5,0.010000000000005116,0.010000000000005116,23640,23700,140.89,156.21,61
antes_dia_20,dia 18 - Soja Heterodera Vaso 1,18.0,1.0,0,148.81,23671,93.49,0.010000000000005116,0.010000000000005116,23641,23701,141.14,156.46,61
antes_dia_20,dia 18 - Soja Heterodera Vaso 1,18.0,1.0,0,149.06,23672,93.5,0.010000000000005116,0.010000000000005116,23642,23702,141.4,156.71,61
antes_dia_20,dia 18 - Soja Heterodera Vaso 1,18.0,1.0,0,149.31,23673,93.49,0.010000000000005116,0.010000000000005116,23643,23703,141.65,156.97,61
antes_dia_20,dia 18 - Soja Heterodera Vaso 1,18.0,1.0,0,151.44,23681,93.5,0.010000000000005116,0.010000000000005116,23651,23711,143.71,159.01,61
antes_dia_20,dia 18 - Soja Heterodera Vaso 1,18.0,1.0,0,151.68,23682,93.49,0.010000000000005116,0.010000000000005116,23652,23712,143.96,159.25,61
antes_dia_20,dia 18 - Soja Heterodera Vaso 1,18.0,1.0,0,152.44,23685,93.5,0.010000000000005116,0.010000000000005116,23655,23715,144.71,160.0,61
antes_dia_20,dia 18 - Soja Heterodera Vaso 1,18.0,1.0,0,153.2,23688,93.49,0.010000000000005116,0.010000000000005116,23658,23718,145.46,160.88,61
antes_dia_20,dia 18 - Soja Heterodera Vaso 1,18.0,1.0,0,154.21,23692,93.5,0.010000000000005116,0.010000000000005116,23662,23722,146.51,161.88,61
antes_dia_20,dia 18 - Soja Heterodera Vaso 1,18.0,1.0,0,154.46,23693,93.49,0.010000000000005116,0.010000000000005116,23663,23723,146.77,162.13,61
antes_dia_20,dia 18 - Soja Heterodera Vaso 1,18.0,1.0,0,154.96,23695,93.5,0.010000000000005116,0.010000000000005116,23665,23725,147.28,162.64,61
antes_dia_20,dia 18 - Soja Heterodera Vaso 1,18.0,1.0,0,155.71,23698,93.49,0.010000000000005116,0.010000000000005116,23668,23728,148.01,163.41,61
antes_dia_20,dia 18 - Soja Heterodera Vaso 1,18.0,1.0,0,156.46,23701,93.5,0.010000000000005116,0.010000000000005116,23671,23731,148.81,164.17,61
antes_dia_20,dia 18 - Soja Heterodera Vaso 1,18.0,1.0,0,156.97,23703,93.49,0.010000000000005116,0.010000000000005116,23673,23733,149.31,164.67,61
antes_dia_20,dia 18 - Soja Heterodera Vaso 1,18.0,1.0,0,157.46,23705,93.5,0.010000000000005116,0.010000000000005116,23675,23735,149.81,165.17,61
antes_dia_20,dia 18 - Soja Heterodera Vaso 1,18.0,1.0,0,157.71,23706,93.49,0.010000000000005116,0.010000000000005116,23676,23736,150.06,165.41,61
antes_dia_20,dia 18 - Soja Heterodera Vaso 1,18.0,1.0,0,158.5,23709,93.5,0.010000000000005116,0.010000000000005116,23679,23739,150.83,166.21,61
antes_dia_20,dia 18 - Soja Heterodera Vaso 1,18.0,1.0,0,158.75,23710,93.49,0.010000000000005116,0.010000000000005116,23680,23740,151.09,166.45,61
antes_dia_20,dia 18 - Soja Heterodera Vaso 1,18.0,1.0,0,160.0,23715,93.5,0.010000000000005116,0.010000000000005116,23685,23745,152.44,167.7,61
antes_dia_20,dia 18 - Soja Heterodera Vaso 1,18.0,1.0,0,160.25,23716,93.49,0.010000000000005116,0.010000000000005116,23686,23746,152.69,167.95,61
antes_dia_20,dia 18 - Soja Heterodera Vaso 1,18.0,1.0,0,160.6,23717,93.5,0.010000000000005116,0.010000000000005116,23687,23747,152.93,168.19,61
antes_dia_20,dia 18 - Soja Heterodera Vaso 1,18.0,1.0,0,160.88,23718,93.49,0.010000000000005116,0.010000000000005116,23688,23748,153.2,168.47,61
antes_dia_20,dia 18 - Soja Heterodera Vaso 1,18.0,1.0,0,161.63,23721,93.5,0.010000000000005116,0.010000000000005116,23691,23751,153.97,169.25,61
antes_dia_20,dia 18 - Soja Heterodera Vaso 1,18.0,1.0,0,161.88,23722,93.49,0.010000000000005116,0.010000000000005116,23692,23752,154.21,169.5,61
antes_dia_20,dia 18 - Soja Heterodera Vaso 1,18.0,1.0,0,162.89,23726,93.5,0.010000000000005116,0.010000000000005116,23696,23756,155.2,170.49,61
antes_dia_20,dia 18 - Soja Heterodera Vaso 1,18.0,1.0,0,163.13,23727,93.49,0.010000000000005116,0.010000000000005116,23697,23757,155.46,170.77,61
antes_dia_20,dia 18 - Soja Heterodera Vaso 1,18.0,1.0,0,163.92,23730,93.5,0.010000000000005116,0.010000000000005116,23700,23760,156.21,171.56,61
antes_dia_20,dia 18 - Soja Heterodera Vaso 1,18.0,1.0,0,164.17,23731,93.49,0.010000000000005116,0.010000000000005116,23701,23761,156.46,171.81,61
antes_dia_20,dia 18 - Soja Heterodera Vaso 1,18.0,1.0,0,164.42,23732,93.5,0.010000000000005116,0.010000000000005116,23702,23762,156.71,172.05,61
antes_dia_20,dia 18 - Soja Heterodera Vaso 1,18.0,1.0,0,164.67,23733,93.49,0.010000000000005116,0.010000000000005116,23703,23763,156.97,172.3,61
antes_dia_20,dia 18 - Soja Heterodera Vaso 1,18.0,1.0,0,167.2,23743,93.5,0.010000000000005116,0.010000000000005116,23713,23773,159.5,174.88,61
antes_dia_20,dia 18 - Soja Heterodera Vaso 1,18.0,1.0,0,167.7,23745,93.49,0.010000000000005116,0.010000000000005116,23715,23775,160.0,175.37,61
antes_dia_20,dia 18 - Soja Heterodera Vaso 1,18.0,1.0,0,168.19,23747,93.5,0.010000000000005116,0.010000000000005116,23717,23777,160.6,175.9,61
antes_dia_20,dia 18 - Soja Heterodera Vaso 1,18.0,1.0,0,168.47,23748,93.49,0.010000000000005116,0.010000000000005116,23718,23778,160.88,176.16,61
antes_dia_20,dia 18 - Soja Heterodera Vaso 1,18.0,1.0,0,168.74,23749,93.5,0.010000000000005116,0.010000000000005116,23719,23779,161.13,176.4,61
antes_dia_20,dia 18 - Soja Heterodera Vaso 1,18.0,1.0,0,169.0,23750,93.49,0.010000000000005116,0.010000000000005116,23720,23780,161.38,176.65,61
antes_dia_20,dia 18 - Soja Heterodera Vaso 1,18.0,1.0,0,185.94,23816,93.5,0.010000000000005116,0.010000000000005116,23786,23846,178.15,193.64,61
antes_dia_20,dia 18 - Soja Heterodera Vaso 1,18.0,1.0,0,186.19,23817,93.49,0.010000000000005116,0.010000000000005116,23787,23847,178.42,193.88,61
antes_dia_20,dia 18 - Soja Heterodera Vaso 1,18.0,1.0,0,186.94,23820,93.5,0.010000000000005116,0.010000000000005116,23790,23850,179.19,194.62,61
antes_dia_20,dia 18 - Soja Heterodera Vaso 1,18.0,1.0,0,187.19,23821,93.49,0.010000000000005116,0.010000000000005116,23791,23851,179.44,194.87,61
antes_dia_20,dia 18 - Soja Heterodera Vaso 1,18.0,1.0,0,193.88,23847,93.5,0.010000000000005116,0.010000000000005116,23817,23877,186.19,201.42,61
antes_dia_20,dia 18 - Soja Heterodera Vaso 1,18.0,1.0,0,194.13,23848,93.49,0.010000000000005116,0.010000000000005116,23818,23878,186.44,201.67,61
antes_dia_20,dia 18 - Soja Heterodera Vaso 1,18.0,1.0,0,233.87,24004,93.47,0.010000000000005116,0.010000000000005116,23974,24034,226.27,241.5,61
antes_dia_20,dia 18 - Soja Heterodera Vaso 1,18.0,1.0,0,234.12,24005,93.48,0.010000000000005116,0.010000000000005116,23975,24035,226.52,241.75,61
antes_dia_20,dia 18 - Soja Heterodera Vaso 1,18.0,1.0,0,240.0,24028,93.47,0.010000000000005116,0.010000000000005116,23998,24058,232.35,247.86,61
antes_dia_20,dia 18 - Soja Heterodera Vaso 1,18.0,1.0,0,240.24,24029,93.48,0.010000000000005116,0.010000000000005116,23999,24059,232.62,248.1,61
antes_dia_20,dia 18 - Soja Heterodera Vaso 1,18.0,1.0,0,283.21,24197,93.47,0.010000000000005116,0.010000000000005116,24167,24227,275.52,290.75,61
antes_dia_20,dia 18 - Soja Heterodera Vaso 1,18.0,1.0,0,283.46,24198,93.48,0.010000000000005116,0.010000000000005116,24168,24228,275.78,291.0,61
antes_dia_20,dia 18 - Soja Heterodera Vaso 1,18.0,1.0,0,293.79,24239,93.47,0.010000000000005116,0.010000000000005116,24209,24269,286.22,301.5,61
antes_dia_20,dia 18 - Soja Heterodera Vaso 1,18.0,1.0,0,294.78,24243,93.48,0.010000000000005116,0.010000000000005116,24213,24273,287.2,302.53,61
antes_dia_20,dia 18 - Soja Heterodera Vaso 1,18.0,1.0,0,295.31,24245,93.47,0.010000000000005116,0.010000000000005116,24215,24275,287.74,303.02,61
antes_dia_20,dia 18 - Soja Heterodera Vaso 1,18.0,1.0,0,295.56,24246,93.48,0.010000000000005116,0.010000000000005116,24216,24276,287.99,303.28,61
antes_dia_20,dia 18 - Soja Heterodera Vaso 1,18.0,1.0,0,311.25,24307,93.47,0.010000000000005116,0.010000000000005116,24277,24337,303.52,318.83,61
antes_dia_20,dia 18 - Soja Heterodera Vaso 1,18.0,1.0,0,311.5,24308,93.48,0.010000000000005116,0.010000000000005116,24278,24338,303.77,319.08,61
antes_dia_20,dia 18 - Soja Heterodera Vaso 1,18.0,1.0,0,318.09,24334,93.48,0.010000000000005116,0.010000000000005116,24304,24364,310.49,325.79,61
antes_dia_20,dia 18 - Soja Heterodera Vaso 1,18.0,1.0,0,320.61,24344,93.47,0.010000000000005116,0.010000000000005116,24314,24374,313.03,328.37,61
antes_dia_20,dia 18 - Soja Heterodera Vaso 1,18.0,1.0,0,320.85,24345,93.48,0.010000000000005116,0.010000000000005116,24315,24375,313.27,328.62,61
antes_dia_20,dia 18 - Soja Heterodera Vaso 1,18.0,1.0,0,322.41,24351,93.47,0.010000000000005116,0.010000000000005116,24321,24381,314.8,330.15,61
antes_dia_20,dia 18 - Soja Heterodera Vaso 1,18.0,1.0,0,322.66,24352,93.48,0.010000000000005116,0.010000000000005116,24322,24382,315.06,330.4,61
antes_dia_20,dia 18 - Soja Heterodera Vaso 1,18.0,1.0,0,324.67,24360,93.47,0.010000000000005116,0.010000000000005116,24330,24390,317.06,332.45,61
antes_dia_20,dia 18 - Soja Heterodera Vaso 1,18.0,1.0,0,324.93,24361,93.48,0.010000000000005116,0.010000000000005116,24331,24391,317.34,332.7,61
antes_dia_20,dia 18 - Soja Heterodera Vaso 1,18.0,1.0,0,327.06,24369,93.47,0.010000000000005116,0.010000000000005116,24339,24399,319.32,334.73,61
antes_dia_20,dia 18 - Soja Heterodera Vaso 1,18.0,1.0,0,327.37,24370,93.48,0.010000000000005116,0.010000000000005116,24340,24400,319.6,334.98,61
antes_dia_20,dia 18 - Soja Heterodera Vaso 1,18.0,1.0,0,330.15,24381,93.47,0.010000000000005116,0.010000000000005116,24351,24411,322.41,337.79,61
antes_dia_20,dia 18 - Soja Heterodera Vaso 1,18.0,1.0,0,330.4,24382,93.48,0.010000000000005116,0.010000000000005116,24352,24412,322.66,338.04,61
antes_dia_20,dia 18 - Soja Heterodera Vaso 1,18.0,1.0,0,333.45,24394,93.47,0.010000000000005116,0.010000000000005116,24364,24424,325.79,341.15,61
antes_dia_20,dia 18 - Soja Heterodera Vaso 1,18.0,1.0,0,333.7,24395,93.48,0.010000000000005116,0.010000000000005116,24365,24425,326.04,341.39,61
antes_dia_20,dia 18 - Soja Heterodera Vaso 1,18.0,1.0,0,334.73,24399,93.47,0.010000000000005116,0.010000000000005116,24369,24429,327.06,342.39,61
antes_dia_20,dia 18 - Soja Heterodera Vaso 1,18.0,1.0,0,335.24,24401,93.48,0.010000000000005116,0.010000000000005116,24371,24431,327.61,342.91,61
antes_dia_20,dia 18 - Soja Heterodera Vaso 1,18.0,1.0,0,336.24,24405,93.47,0.010000000000005116,0.010000000000005116,24375,24435,328.62,343.9,61
antes_dia_20,dia 18 - Soja Heterodera Vaso 1,18.0,1.0,0,337.03,24408,93.48,0.010000000000005116,0.010000000000005116,24378,24438,329.37,344.7,61
antes_dia_20,dia 18 - Soja Heterodera Vaso 1,18.0,1.0,0,337.28,24409,93.47,0.010000000000005116,0.010000000000005116,24379,24439,329.64,344.94,61
antes_dia_20,dia 18 - Soja Heterodera Vaso 1,18.0,1.0,0,337.53,24410,93.48,0.010000000000005116,0.010000000000005116,24380,24440,329.9,345.19,61
antes_dia_20,dia 18 - Soja Heterodera Vaso 1,18.0,1.0,0,338.04,24412,93.47,0.010000000000005116,0.010000000000005116,24382,24442,330.4,345.7,61
antes_dia_20,dia 18 - Soja Heterodera Vaso 1,18.0,1.0,0,339.13,24416,93.48,0.010000000000005116,0.010000000000005116,24386,24446,331.4,346.72,61
antes_dia_20,dia 18 - Soja Heterodera Vaso 1,18.0,1.0,0,339.65,24418,93.47,0.010000000000005116,0.010000000000005116,24388,24448,331.93,347.23,61
antes_dia_20,dia 18 - Soja Heterodera Vaso 1,18.0,1.0,0,339.9,24419,93.48,0.010000000000005116,0.010000000000005116,24389,24449,332.19,347.48,61
antes_dia_20,dia 18 - Soja Heterodera Vaso 1,18.0,1.0,0,340.15,24420,93.47,0.010000000000005116,0.010000000000005116,24390,24450,332.45,347.73,61
antes_dia_20,dia 18 - Soja Heterodera Vaso 1,18.0,1.0,0,341.15,24424,93.48,0.010000000000005116,0.010000000000005116,24394,24454,333.45,348.74,61
antes_dia_20,dia 18 - Soja Heterodera Vaso 1,18.0,1.0,0,342.91,24431,93.47,0.010000000000005116,0.010000000000005116,24401,24461,335.24,350.55,61
antes_dia_20,dia 18 - Soja Heterodera Vaso 1,18.0,1.0,0,343.16,24432,93.48,0.010000000000005116,0.010000000000005116,24402,24462,335.49,350.8,61
antes_dia_20,dia 18 - Soja Heterodera Vaso 1,18.0,1.0,0,346.45,24445,93.47,0.010000000000005116,0.010000000000005116,24415,24475,338.88,354.14,61
antes_dia_20,dia 18 - Soja Heterodera Vaso 1,18.0,1.0,0,346.72,24446,93.48,0.010000000000005116,0.010000000000005116,24416,24476,339.13,354.43,61
antes_dia_20,dia 18 - Soja Heterodera Vaso 1,18.0,1.0,0,347.73,24450,93.47,0.010000000000005116,0.010000000000005116,24420,24480,340.15,355.44,61
antes_dia_20,dia 18 - Soja Heterodera Vaso 1,18.0,1.0,0,348.23,24452,93.48,0.010000000000005116,0.010000000000005116,24422,24482,340.65,355.94,61
antes_dia_20,dia 18 - Soja Heterodera Vaso 1,18.0,1.0,0,348.98,24455,93.47,0.010000000000005116,0.010000000000005116,24425,24485,341.39,356.69,61
antes_dia_20,dia 18 - Soja Heterodera Vaso 1,18.0,1.0,0,349.54,24457,93.48,0.010000000000005116,0.010000000000005116,24427,24487,341.9,357.2,61
antes_dia_20,dia 18 - Soja Heterodera Vaso 1,18.0,1.0,0,354.43,24476,93.47,0.010000000000005116,0.010000000000005116,24446,24506,346.72,362.02,61
antes_dia_20,dia 18 - Soja Heterodera Vaso 1,18.0,1.0,0,354.68,24477,93.48,0.010000000000005116,0.010000000000005116,24447,24507,346.98,362.26,61
antes_dia_20,dia 18 - Soja Heterodera Vaso 1,18.0,1.0,0,363.51,24512,93.47,0.010000000000005116,0.010000000000005116,24482,24542,355.94,371.24,61
antes_dia_20,dia 18 - Soja Heterodera Vaso 1,18.0,1.0,0,363.76,24513,93.48,0.010000000000005116,0.010000000000005116,24483,24543,356.19,371.51,61
antes_dia_20,dia 18 - Soja Heterodera Vaso 1,18.0,1.0,0,375.58,24559,93.47,0.010000000000005116,0.010000000000005116,24529,24589,367.84,383.35,61
antes_dia_20,dia 18 - Soja Heterodera Vaso 1,18.0,1.0,0,376.33,24562,93.48,0.010000000000005116,0.010000000000005116,24532,24592,368.59,384.1,61
antes_dia_20,dia 18 - Soja Heterodera Vaso 1,18.0,1.0,0,377.13,24565,93.47,0.010000000000005116,0.010000000000005116,24535,24595,369.39,384.84,61
antes_dia_20,dia 18 - Soja Heterodera Vaso 1,18.0,1.0,0,377.64,24567,93.48,0.010000000000005116,0.010000000000005116,24537,24597,369.9,385.33,61
antes_dia_20,dia 18 - Soja Heterodera Vaso 1,18.0,1.0,0,378.14,24569,93.47,0.010000000000005116,0.010000000000005116,24539,24599,370.5,385.84,61
antes_dia_20,dia 18 - Soja Heterodera Vaso 1,18.0,1.0,0,378.63,24571,93.48,0.010000000000005116,0.010000000000005116,24541,24601,371.0,386.37,61
antes_dia_20,dia 18 - Soja Heterodera Vaso 1,18.0,1.0,0,379.2,24573,93.47,0.010000000000005116,0.010000000000005116,24543,24603,371.51,386.86,61
antes_dia_20,dia 18 - Soja Heterodera Vaso 1,18.0,1.0,0,379.44,24574,93.48,0.010000000000005116,0.010000000000005116,24544,24604,371.8,387.11,61
antes_dia_20,dia 18 - Soja Heterodera Vaso 1,18.0,1.0,0,382.6,24586,93.47,0.010000000000005116,0.010000000000005116,24556,24616,374.83,390.16,61
antes_dia_20,dia 18 - Soja Heterodera Vaso 1,18.0,1.0,0,382.85,24587,93.48,0.010000000000005116,0.010000000000005116,24557,24617,375.07,390.41,61
antes_dia_20,dia 18 - Soja Heterodera Vaso 1,18.0,1.0,0,384.34,24593,93.47,0.010000000000005116,0.010000000000005116,24563,24623,376.62,391.92,61
antes_dia_20,dia 18 - Soja Heterodera Vaso 1,18.0,1.0,0,384.59,24594,93.48,0.010000000000005116,0.010000000000005116,24564,24624,376.88,392.17,61
antes_dia_20,dia 18 - Soja Heterodera Vaso 1,18.0,1.0,0,388.88,24611,93.47,0.010000000000005116,0.010000000000005116,24581,24641,381.3,396.51,61
antes_dia_20,dia 18 - Soja Heterodera Vaso 1,18.0,1.0,0,389.14,24612,93.48,0.010000000000005116,0.010000000000005116,24582,24642,381.59,396.76,61
antes_dia_20,dia 18 - Soja Heterodera Vaso 1,18.0,1.0,0,389.4,24613,93.47,0.010000000000005116,0.010000000000005116,24583,24643,381.84,397.02,61
antes_dia_20,dia 18 - Soja Heterodera Vaso 1,18.0,1.0,0,389.65,24614,93.48,0.010000000000005116,0.010000000000005116,24584,24644,382.1,397.26,61
antes_dia_20,dia 18 - Soja Heterodera Vaso 1,18.0,1.0,0,389.91,24615,93.47,0.010000000000005116,0.010000000000005116,24585,24645,382.34,397.51,61
antes_dia_20,dia 18 - Soja Heterodera Vaso 1,18.0,1.0,0,390.16,24616,93.48,0.010000000000005116,0.010000000000005116,24586,24646,382.6,397.77,61
antes_dia_20,dia 18 - Soja Heterodera Vaso 1,18.0,1.0,0,390.66,24618,93.47,0.010000000000005116,0.010000000000005116,24588,24648,383.1,398.27,61
antes_dia_20,dia 18 - Soja Heterodera Vaso 1,18.0,1.0,0,390.91,24619,93.48,0.010000000000005116,0.010000000000005116,24589,24649,383.35,398.55,61
antes_dia_20,dia 18 - Soja Heterodera Vaso 1,18.0,1.0,0,391.92,24623,93.47,0.010000000000005116,0.010000000000005116,24593,24653,384.34,399.57,61
antes_dia_20,dia 18 - Soja Heterodera Vaso 1,18.0,1.0,0,392.17,24624,93.48,0.010000000000005116,0.010000000000005116,24594,24654,384.59,399.82,61
antes_dia_20,dia 18 - Soja Heterodera Vaso 1,18.0,1.0,0,392.93,24627,93.47,0.010000000000005116,0.010000000000005116,24597,24657,385.33,400.56,61
antes_dia_20,dia 18 - Soja Heterodera Vaso 1,18.0,1.0,0,393.18,24628,93.48,0.010000000000005116,0.010000000000005116,24598,24658,385.58,400.81,61
antes_dia_20,dia 18 - Soja Heterodera Vaso 1,18.0,1.0,0,393.42,24629,93.47,0.010000000000005116,0.010000000000005116,24599,24659,385.84,401.1,61
antes_dia_20,dia 18 - Soja Heterodera Vaso 1,18.0,1.0,0,393.69,24630,93.48,0.010000000000005116,0.010000000000005116,24600,24660,386.09,401.36,61
antes_dia_20,dia 18 - Soja Heterodera Vaso 1,18.0,1.0,0,395.49,24637,93.47,0.010000000000005116,0.010000000000005116,24607,24667,387.87,403.21,61
antes_dia_20,dia 18 - Soja Heterodera Vaso 1,18.0,1.0,0,395.74,24638,93.48,0.010000000000005116,0.010000000000005116,24608,24668,388.12,403.5,61
antes_dia_20,dia 18 - Soja Heterodera Vaso 1,18.0,1.0,0,397.02,24643,93.47,0.010000000000005116,0.010000000000005116,24613,24673,389.4,404.77,61
antes_dia_20,dia 18 - Soja Heterodera Vaso 1,18.0,1.0,0,397.26,24644,93.48,0.010000000000005116,0.010000000000005116,24614,24674,389.65,405.02,61
antes_dia_20,dia 18 - Soja Heterodera Vaso 1,18.0,1.0,0,397.77,24646,93.47,0.010000000000005116,0.010000000000005116,24616,24676,390.16,405.51,61
antes_dia_20,dia 18 - Soja Heterodera Vaso 1,18.0,1.0,0,398.02,24647,93.48,0.010000000000005116,0.010000000000005116,24617,24677,390.41,405.79,61
antes_dia_20,dia 18 - Soja Heterodera Vaso 1,18.0,1.0,0,398.27,24648,93.47,0.010000000000005116,0.010000000000005116,24618,24678,390.66,406.07,61
antes_dia_20,dia 18 - Soja Heterodera Vaso 1,18.0,1.0,0,398.55,24649,93.48,0.010000000000005116,0.010000000000005116,24619,24679,390.91,406.31,61
antes_dia_20,dia 18 - Soja Heterodera Vaso 1,18.0,1.0,0,399.07,24651,93.47,0.010000000000005116,0.010000000000005116,24621,24681,391.42,406.81,61
antes_dia_20,dia 18 - Soja Heterodera Vaso 1,18.0,1.0,0,399.32,24652,93.48,0.010000000000005116,0.010000000000005116,24622,24682,391.67,407.06,61
antes_dia_20,dia 18 - Soja Heterodera Vaso 1,18.0,1.0,0,400.56,24657,93.47,0.010000000000005116,0.010000000000005116,24627,24687,392.93,408.44,61
antes_dia_20,dia 18 - Soja Heterodera Vaso 1,18.0,1.0,0,400.81,24658,93.48,0.010000000000005116,0.010000000000005116,24628,24688,393.18,408.7,61
antes_dia_20,dia 18 - Soja Heterodera Vaso 1,18.0,1.0,0,411.98,24701,93.47,0.010000000000005116,0.010000000000005116,24671,24731,404.26,419.64,61
antes_dia_20,dia 18 - Soja Heterodera Vaso 1,18.0,1.0,0,412.23,24702,93.48,0.010000000000005116,0.010000000000005116,24672,24732,404.51,419.88,61
antes_dia_20,dia 18 - Soja Heterodera Vaso 1,18.0,1.0,0,414.52,24711,93.47,0.010000000000005116,0.010000000000005116,24681,24741,406.81,422.17,61
antes_dia_20,dia 18 - Soja Heterodera Vaso 1,18.0,1.0,0,414.77,24712,93.48,0.010000000000005116,0.010000000000005116,24682,24742,407.06,422.43,61
antes_dia_20,dia 18 - Soja Heterodera Vaso 1,18.0,1.0,0,416.33,24718,93.47,0.010000000000005116,0.010000000000005116,24688,24748,408.7,423.95,61
antes_dia_20,dia 18 - Soja Heterodera Vaso 1,18.0,1.0,0,416.58,24719,93.48,0.010000000000005116,0.010000000000005116,24689,24749,408.95,424.21,61
antes_dia_20,dia 19 - Soja Saudavel Vaso 1,19.0,1.0,1,81.88,64519,93.75,0.010000000000005116,0.010000000000005116,64511,64549,79.53,90.56,39
antes_dia_20,dia 19 - Soja Saudavel Vaso 1,19.0,1.0,1,82.19,64520,93.74,0.010000000000005116,0.010000000000005116,64511,64550,79.53,90.83,40
antes_dia_20,dia 19 - Soja Saudavel Vaso 1,19.0,1.0,1,83.05,64523,93.75,0.010000000000005116,0.010000000000005116,64511,64553,79.53,91.62,43
antes_dia_20,dia 19 - Soja Saudavel Vaso 1,19.0,1.0,1,83.32,64524,93.74,0.010000000000005116,0.010000000000005116,64511,64554,79.53,91.93,44
antes_dia_20,dia 19 - Soja Saudavel Vaso 1,19.0,1.0,1,83.86,64526,93.75,0.010000000000005116,0.010000000000005116,64511,64556,79.53,92.59,46
antes_dia_20,dia 19 - Soja Saudavel Vaso 1,19.0,1.0,1,86.83,64536,93.74,0.010000000000005116,0.010000000000005116,64511,64566,79.53,95.5,56
antes_dia_20,dia 19 - Soja Saudavel Vaso 1,19.0,1.0,1,87.09,64537,93.75,0.010000000000005116,0.010000000000005116,64511,64567,79.53,95.82,57
antes_dia_20,dia 19 - Soja Saudavel Vaso 1,19.0,1.0,1,87.34,64538,93.74,0.010000000000005116,0.010000000000005116,64511,64568,79.53,96.14,58
antes_dia_20,dia 19 - Soja Saudavel Vaso 1,19.0,1.0,1,87.6,64539,93.75,0.010000000000005116,0.010000000000005116,64511,64569,79.53,96.43,59
antes_dia_20,dia 19 - Soja Saudavel Vaso 1,19.0,1.0,1,89.74,64546,93.74,0.010000000000005116,0.010000000000005116,64516,64576,80.92,98.44,61
antes_dia_20,dia 19 - Soja Saudavel Vaso 1,19.0,1.0,1,90.01,64547,93.75,0.010000000000005116,0.010000000000005116,64517,64577,81.25,98.71,61
antes_dia_20,dia 19 - Soja Saudavel Vaso 1,19.0,1.0,1,90.56,64549,93.74,0.010000000000005116,0.010000000000005116,64519,64579,81.88,99.26,61
antes_dia_20,dia 19 - Soja Saudavel Vaso 1,19.0,1.0,1,91.36,64552,93.75,0.010000000000005116,0.010000000000005116,64522,64582,82.78,100.23,61
antes_dia_20,dia 19 - Soja Saudavel Vaso 1,19.0,1.0,1,91.93,64554,93.74,0.010000000000005116,0.010000000000005116,64524,64584,83.32,100.86,61
antes_dia_20,dia 19 - Soja Saudavel Vaso 1,19.0,1.0,1,92.59,64556,93.75,0.010000000000005116,0.010000000000005116,64526,64586,83.86,101.46,61
antes_dia_20,dia 19 - Soja Saudavel Vaso 1,19.0,1.0,1,93.2,64558,93.74,0.010000000000005116,0.010000000000005116,64528,64588,84.4,102.14,61
antes_dia_20,dia 19 - Soja Saudavel Vaso 1,19.0,1.0,1,93.9,64560,93.75,0.010000000000005116,0.010000000000005116,64530,64590,85.03,102.66,61
antes_dia_20,dia 19 - Soja Saudavel Vaso 1,19.0,1.0,1,94.43,64562,93.74,0.010000000000005116,0.010000000000005116,64532,64592,85.65,103.27,61
antes_dia_20,dia 19 - Soja Saudavel Vaso 1,19.0,1.0,1,94.69,64563,93.75,0.010000000000005116,0.010000000000005116,64533,64593,85.97,103.59,61
antes_dia_20,dia 19 - Soja Saudavel Vaso 1,19.0,1.0,1,95.21,64565,93.74,0.010000000000005116,0.010000000000005116,64535,64595,86.57,104.19,61
antes_dia_20,dia 19 - Soja Saudavel Vaso 1,19.0,1.0,1,95.82,64567,93.75,0.010000000000005116,0.010000000000005116,64537,64597,87.09,104.79,61
antes_dia_20,dia 19 - Soja Saudavel Vaso 1,19.0,1.0,1,96.14,64568,93.74,0.010000000000005116,0.010000000000005116,64538,64598,87.34,105.05,61
antes_dia_20,dia 19 - Soja Saudavel Vaso 1,19.0,1.0,1,96.43,64569,93.75,0.010000000000005116,0.010000000000005116,64539,64599,87.6,105.32,61
antes_dia_20,dia 19 - Soja Saudavel Vaso 1,19.0,1.0,1,96.75,64570,93.74,0.010000000000005116,0.010000000000005116,64540,64600,87.86,105.58,61
antes_dia_20,dia 19 - Soja Saudavel Vaso 1,19.0,1.0,1,97.9,64574,93.75,0.010000000000005116,0.010000000000005116,64544,64604,89.11,106.67,61
antes_dia_20,dia 19 - Soja Saudavel Vaso 1,19.0,1.0,1,98.44,64576,93.74,0.010000000000005116,0.010000000000005116,64546,64606,89.74,107.4,61
antes_dia_20,dia 19 - Soja Saudavel Vaso 1,19.0,1.0,1,98.71,64577,93.75,0.010000000000005116,0.010000000000005116,64547,64607,90.01,107.72,61
antes_dia_20,dia 19 - Soja Saudavel Vaso 1,19.0,1.0,1,99.26,64579,93.74,0.010000000000005116,0.010000000000005116,64549,64609,90.56,108.34,61
antes_dia_20,dia 19 - Soja Saudavel Vaso 1,19.0,1.0,1,100.54,64583,93.75,0.010000000000005116,0.010000000000005116,64553,64613,91.62,109.46,61
antes_dia_20,dia 19 - Soja Saudavel Vaso 1,19.0,1.0,1,100.86,64584,93.74,0.010000000000005116,0.010000000000005116,64554,64614,91.93,109.72,61
antes_dia_20,dia 19 - Soja Saudavel Vaso 1,19.0,1.0,1,102.4,64589,93.75,0.010000000000005116,0.010000000000005116,64559,64619,93.5,111.24,61
antes_dia_20,dia 19 - Soja Saudavel Vaso 1,19.0,1.0,1,104.79,64597,93.74,0.010000000000005116,0.010000000000005116,64567,64627,95.82,113.55,61
antes_dia_20,dia 19 - Soja Saudavel Vaso 1,19.0,1.0,1,105.32,64599,93.75,0.010000000000005116,0.010000000000005116,64569,64629,96.43,114.08,61
antes_dia_20,dia 19 - Soja Saudavel Vaso 1,19.0,1.0,1,106.67,64604,93.74,0.010000000000005116,0.010000000000005116,64574,64634,97.9,115.62,61
antes_dia_20,dia 19 - Soja Saudavel Vaso 1,19.0,1.0,1,107.4,64606,93.75,0.010000000000005116,0.010000000000005116,64576,64636,98.44,116.21,61
antes_dia_20,dia 19 - Soja Saudavel Vaso 1,19.0,1.0,1,108.34,64609,93.74,0.010000000000005116,0.010000000000005116,64579,64639,99.26,117.0,61
antes_dia_20,dia 19 - Soja Saudavel Vaso 1,19.0,1.0,1,108.68,64610,93.75,0.010000000000005116,0.010000000000005116,64580,64640,99.58,117.25,61
antes_dia_20,dia 19 - Soja Saudavel Vaso 1,19.0,1.0,1,108.94,64611,93.74,0.010000000000005116,0.010000000000005116,64581,64641,99.9,117.52,61
antes_dia_20,dia 19 - Soja Saudavel Vaso 1,19.0,1.0,1,109.2,64612,93.75,0.010000000000005116,0.010000000000005116,64582,64642,100.23,117.8,61
antes_dia_20,dia 19 - Soja Saudavel Vaso 1,19.0,1.0,1,110.91,64618,93.74,0.010000000000005116,0.010000000000005116,64588,64648,102.14,119.72,61
antes_dia_20,dia 19 - Soja Saudavel Vaso 1,19.0,1.0,1,111.24,64619,93.75,0.010000000000005116,0.010000000000005116,64589,64649,102.4,119.99,61
antes_dia_20,dia 19 - Soja Saudavel Vaso 1,19.0,1.0,1,111.87,64621,93.74,0.010000000000005116,0.010000000000005116,64591,64651,102.96,120.53,61
antes_dia_20,dia 19 - Soja Saudavel Vaso 1,19.0,1.0,1,112.2,64622,93.75,0.010000000000005116,0.010000000000005116,64592,64652,103.27,120.8,61
antes_dia_20,dia 19 - Soja Saudavel Vaso 1,19.0,1.0,1,113.01,64625,93.74,0.010000000000005116,0.010000000000005116,64595,64655,104.19,121.61,61
antes_dia_20,dia 19 - Soja Saudavel Vaso 1,19.0,1.0,1,113.28,64626,93.75,0.010000000000005116,0.010000000000005116,64596,64656,104.52,121.93,61
antes_dia_20,dia 19 - Soja Saudavel Vaso 1,19.0,1.0,1,113.82,64628,93.74,0.010000000000005116,0.010000000000005116,64598,64658,105.05,122.6,61
antes_dia_20,dia 19 - Soja Saudavel Vaso 1,19.0,1.0,1,115.02,64632,93.75,0.010000000000005116,0.010000000000005116,64602,64662,106.13,123.83,61
antes_dia_20,dia 19 - Soja Saudavel Vaso 1,19.0,1.0,1,115.32,64633,93.74,0.010000000000005116,0.010000000000005116,64603,64663,106.39,124.09,61
antes_dia_20,dia 19 - Soja Saudavel Vaso 1,19.0,1.0,1,116.21,64636,93.75,0.010000000000005116,0.010000000000005116,64606,64666,107.4,124.87,61
antes_dia_20,dia 19 - Soja Saudavel Vaso 1,19.0,1.0,1,116.48,64637,93.74,0.010000000000005116,0.010000000000005116,64607,64667,107.72,125.25,61
antes_dia_20,dia 19 - Soja Saudavel Vaso 1,19.0,1.0,1,116.74,64638,93.75,0.010000000000005116,0.010000000000005116,64608,64668,108.04,125.58,61
antes_dia_20,dia 19 - Soja Saudavel Vaso 1,19.0,1.0,1,118.11,64643,93.74,0.010000000000005116,0.010000000000005116,64613,64673,109.46,127.24,61
antes_dia_20,dia 19 - Soja Saudavel Vaso 1,19.0,1.0,1,118.44,64644,93.75,0.010000000000005116,0.010000000000005116,64614,64674,109.72,127.52,61
antes_dia_20,dia 19 - Soja Saudavel Vaso 1,19.0,1.0,1,119.08,64646,93.74,0.010000000000005116,0.010000000000005116,64616,64676,110.26,128.07,61
antes_dia_20,dia 19 - Soja Saudavel Vaso 1,19.0,1.0,1,119.39,64647,93.75,0.010000000000005116,0.010000000000005116,64617,64677,110.57,128.35,61
antes_dia_20,dia 19 - Soja Saudavel Vaso 1,19.0,1.0,1,119.72,64648,93.74,0.010000000000005116,0.010000000000005116,64618,64678,110.91,128.64,61
antes_dia_20,dia 19 - Soja Saudavel Vaso 1,19.0,1.0,1,122.28,64657,93.75,0.010000000000005116,0.010000000000005116,64627,64687,113.55,131.43,61
antes_dia_20,dia 19 - Soja Saudavel Vaso 1,19.0,1.0,1,122.6,64658,93.74,0.010000000000005116,0.010000000000005116,64628,64688,113.82,131.7,61
antes_dia_20,dia 19 - Soja Saudavel Vaso 1,19.0,1.0,1,124.09,64663,93.75,0.010000000000005116,0.010000000000005116,64633,64693,115.32,133.08,61
antes_dia_20,dia 19 - Soja Saudavel Vaso 1,19.0,1.0,1,124.35,64664,93.74,0.010000000000005116,0.010000000000005116,64634,64694,115.62,133.41,61
antes_dia_20,dia 19 - Soja Saudavel Vaso 1,19.0,1.0,1,124.61,64665,93.75,0.010000000000005116,0.010000000000005116,64635,64695,115.95,133.72,61
antes_dia_20,dia 19 - Soja Saudavel Vaso 1,19.0,1.0,1,124.87,64666,93.74,0.010000000000005116,0.010000000000005116,64636,64696,116.21,134.04,61
antes_dia_20,dia 19 - Soja Saudavel Vaso 1,19.0,1.0,1,125.25,64667,93.75,0.010000000000005116,0.010000000000005116,64637,64697,116.48,134.38,61
antes_dia_20,dia 19 - Soja Saudavel Vaso 1,19.0,1.0,1,125.58,64668,93.74,0.010000000000005116,0.010000000000005116,64638,64698,116.74,134.71,61
antes_dia_20,dia 19 - Soja Saudavel Vaso 1,19.0,1.0,1,126.58,64671,93.75,0.010000000000005116,0.010000000000005116,64641,64701,117.52,135.52,61
antes_dia_20,dia 19 - Soja Saudavel Vaso 1,19.0,1.0,1,128.07,64676,93.74,0.010000000000005116,0.010000000000005116,64646,64706,119.08,136.93,61
antes_dia_20,dia 19 - Soja Saudavel Vaso 1,19.0,1.0,1,128.35,64677,93.75,0.010000000000005116,0.010000000000005116,64647,64707,119.39,137.26,61
antes_dia_20,dia 19 - Soja Saudavel Vaso 1,19.0,1.0,1,128.64,64678,93.74,0.010000000000005116,0.010000000000005116,64648,64708,119.72,137.57,61
antes_dia_20,dia 19 - Soja Saudavel Vaso 1,19.0,1.0,1,128.91,64679,93.75,0.010000000000005116,0.010000000000005116,64649,64709,119.99,137.87,61
antes_dia_20,dia 19 - Soja Saudavel Vaso 1,19.0,1.0,1,129.2,64680,93.74,0.010000000000005116,0.010000000000005116,64650,64710,120.26,138.18,61
antes_dia_20,dia 19 - Soja Saudavel Vaso 1,19.0,1.0,1,129.51,64681,93.75,0.010000000000005116,0.010000000000005116,64651,64711,120.53,138.51,61
antes_dia_20,dia 19 - Soja Saudavel Vaso 1,19.0,1.0,1,130.17,64683,93.74,0.010000000000005116,0.010000000000005116,64653,64713,121.07,139.06,61
antes_dia_20,dia 19 - Soja Saudavel Vaso 1,19.0,1.0,1,130.82,64685,93.75,0.010000000000005116,0.010000000000005116,64655,64715,121.61,139.62,61
antes_dia_20,dia 19 - Soja Saudavel Vaso 1,19.0,1.0,1,131.16,64686,93.74,0.010000000000005116,0.010000000000005116,64656,64716,121.93,139.89,61
antes_dia_20,dia 19 - Soja Saudavel Vaso 1,19.0,1.0,1,131.43,64687,93.75,0.010000000000005116,0.010000000000005116,64657,64717,122.28,140.18,61
antes_dia_20,dia 19 - Soja Saudavel Vaso 1,19.0,1.0,1,131.96,64689,93.74,0.010000000000005116,0.010000000000005116,64659,64719,122.91,140.84,61
antes_dia_20,dia 19 - Soja Saudavel Vaso 1,19.0,1.0,1,132.23,64690,93.75,0.010000000000005116,0.010000000000005116,64660,64720,123.24,141.17,61
antes_dia_20,dia 19 - Soja Saudavel Vaso 1,19.0,1.0,1,132.5,64691,93.74,0.010000000000005116,0.010000000000005116,64661,64721,123.57,141.48,61
antes_dia_20,dia 19 - Soja Saudavel Vaso 1,19.0,1.0,1,132.78,64692,93.75,0.010000000000005116,0.010000000000005116,64662,64722,123.83,141.81,61
antes_dia_20,dia 19 - Soja Saudavel Vaso 1,19.0,1.0,1,133.08,64693,93.74,0.010000000000005116,0.010000000000005116,64663,64723,124.09,142.15,61
antes_dia_20,dia 19 - Soja Saudavel Vaso 1,19.0,1.0,1,133.41,64694,93.75,0.010000000000005116,0.010000000000005116,64664,64724,124.35,142.43,61
antes_dia_20,dia 19 - Soja Saudavel Vaso 1,19.0,1.0,1,133.72,64695,93.74,0.010000000000005116,0.010000000000005116,64665,64725,124.61,142.71,61
antes_dia_20,dia 19 - Soja Saudavel Vaso 1,19.0,1.0,1,134.04,64696,93.75,0.010000000000005116,0.010000000000005116,64666,64726,124.87,143.09,61
antes_dia_20,dia 19 - Soja Saudavel Vaso 1,19.0,1.0,1,135.52,64701,93.74,0.010000000000005116,0.010000000000005116,64671,64731,126.58,144.58,61
antes_dia_20,dia 19 - Soja Saudavel Vaso 1,19.0,1.0,1,135.8,64702,93.75,0.010000000000005116,0.010000000000005116,64672,64732,126.9,144.89,61
antes_dia_20,dia 19 - Soja Saudavel Vaso 1,19.0,1.0,1,136.07,64703,93.74,0.010000000000005116,0.010000000000005116,64673,64733,127.24,145.21,61
antes_dia_20,dia 19 - Soja Saudavel Vaso 1,19.0,1.0,1,137.57,64708,93.75,0.010000000000005116,0.010000000000005116,64678,64738,128.64,146.68,61
antes_dia_20,dia 19 - Soja Saudavel Vaso 1,19.0,1.0,1,137.87,64709,93.74,0.010000000000005116,0.010000000000005116,64679,64739,128.91,146.95,61
antes_dia_20,dia 19 - Soja Saudavel Vaso 1,19.0,1.0,1,138.51,64711,93.75,0.010000000000005116,0.010000000000005116,64681,64741,129.51,147.49,61
antes_dia_20,dia 19 - Soja Saudavel Vaso 1,19.0,1.0,1,138.79,64712,93.74,0.010000000000005116,0.010000000000005116,64682,64742,129.84,147.8,61
antes_dia_20,dia 19 - Soja Saudavel Vaso 1,19.0,1.0,1,139.06,64713,93.75,0.010000000000005116,0.010000000000005116,64683,64743,130.17,148.12,61
antes_dia_20,dia 19 - Soja Saudavel Vaso 1,19.0,1.0,1,140.84,64719,93.74,0.010000000000005116,0.010000000000005116,64689,64749,131.96,149.94,61
antes_dia_20,dia 19 - Soja Saudavel Vaso 1,19.0,1.0,1,141.81,64722,93.75,0.010000000000005116,0.010000000000005116,64692,64752,132.78,150.78,61
antes_dia_20,dia 19 - Soja Saudavel Vaso 1,19.0,1.0,1,142.15,64723,93.74,0.010000000000005116,0.010000000000005116,64693,64753,133.08,151.05,61
antes_dia_20,dia 19 - Soja Saudavel Vaso 1,19.0,1.0,1,142.43,64724,93.75,0.010000000000005116,0.010000000000005116,64694,64754,133.41,151.31,61
antes_dia_20,dia 19 - Soja Saudavel Vaso 1,19.0,1.0,1,142.71,64725,93.74,0.010000000000005116,0.010000000000005116,64695,64755,133.72,151.63,61
antes_dia_20,dia 19 - Soja Saudavel Vaso 1,19.0,1.0,1,144.24,64730,93.75,0.010000000000005116,0.010000000000005116,64700,64760,135.25,153.31,61
antes_dia_20,dia 19 - Soja Saudavel Vaso 1,19.0,1.0,1,144.58,64731,93.74,0.010000000000005116,0.010000000000005116,64701,64761,135.52,153.59,61
antes_dia_20,dia 19 - Soja Saudavel Vaso 1,19.0,1.0,1,146.14,64736,93.75,0.010000000000005116,0.010000000000005116,64706,64766,136.93,154.95,61
antes_dia_20,dia 19 - Soja Saudavel Vaso 1,19.0,1.0,1,146.41,64737,93.74,0.010000000000005116,0.010000000000005116,64707,64767,137.26,155.26,61
antes_dia_20,dia 19 - Soja Saudavel Vaso 1,19.0,1.0,1,146.68,64738,93.75,0.010000000000005116,0.010000000000005116,64708,64768,137.57,155.59,61
antes_dia_20,dia 19 - Soja Saudavel Vaso 1,19.0,1.0,1,147.8,64742,93.74,0.010000000000005116,0.010000000000005116,64712,64772,138.79,156.91,61
antes_dia_20,dia 19 - Soja Saudavel Vaso 1,19.0,1.0,1,149.38,64747,93.75,0.010000000000005116,0.010000000000005116,64717,64777,140.18,158.4,61
antes_dia_20,dia 19 - Soja Saudavel Vaso 1,19.0,1.0,1,149.94,64749,93.74,0.010000000000005116,0.010000000000005116,64719,64779,140.84,159.0,61
antes_dia_20,dia 19 - Soja Saudavel Vaso 1,19.0,1.0,1,150.21,64750,93.75,0.010000000000005116,0.010000000000005116,64720,64780,141.17,159.32,61
antes_dia_20,dia 19 - Soja Saudavel Vaso 1,19.0,1.0,1,150.78,64752,93.74,0.010000000000005116,0.010000000000005116,64722,64782,141.81,159.96,61
antes_dia_20,dia 19 - Soja Saudavel Vaso 1,19.0,1.0,1,151.31,64754,93.75,0.010000000000005116,0.010000000000005116,64724,64784,142.43,160.62,61
antes_dia_20,dia 19 - Soja Saudavel Vaso 1,19.0,1.0,1,154.12,64763,93.74,0.010000000000005116,0.010000000000005116,64733,64793,145.21,163.22,61
antes_dia_20,dia 19 - Soja Saudavel Vaso 1,19.0,1.0,1,154.39,64764,93.75,0.010000000000005116,0.010000000000005116,64734,64794,145.54,163.53,61
antes_dia_20,dia 19 - Soja Saudavel Vaso 1,19.0,1.0,1,156.91,64772,93.74,0.010000000000005116,0.010000000000005116,64742,64802,147.8,165.87,61
antes_dia_20,dia 19 - Soja Saudavel Vaso 1,19.0,1.0,1,157.19,64773,93.75,0.010000000000005116,0.010000000000005116,64743,64803,148.12,166.15,61
antes_dia_20,dia 19 - Soja Saudavel Vaso 1,19.0,1.0,1,158.4,64777,93.74,0.010000000000005116,0.010000000000005116,64747,64807,149.38,167.41,61
antes_dia_20,dia 19 - Soja Saudavel Vaso 1,19.0,1.0,1,158.68,64778,93.75,0.010000000000005116,0.010000000000005116,64748,64808,149.66,167.76,61
antes_dia_20,dia 19 - Soja Saudavel Vaso 1,19.0,1.0,1,159.32,64780,93.74,0.010000000000005116,0.010000000000005116,64750,64810,150.21,168.37,61
antes_dia_20,dia 19 - Soja Saudavel Vaso 1,19.0,1.0,1,159.64,64781,93.75,0.010000000000005116,0.010000000000005116,64751,64811,150.5,168.64,61
antes_dia_20,dia 19 - Soja Saudavel Vaso 1,19.0,1.0,1,160.89,64785,93.74,0.010000000000005116,0.010000000000005116,64755,64815,151.63,169.72,61
antes_dia_20,dia 19 - Soja Saudavel Vaso 1,19.0,1.0,1,161.16,64786,93.75,0.010000000000005116,0.010000000000005116,64756,64816,151.96,170.04,61
antes_dia_20,dia 19 - Soja Saudavel Vaso 1,19.0,1.0,1,163.87,64795,93.74,0.010000000000005116,0.010000000000005116,64765,64825,154.66,172.79,61
antes_dia_20,dia 19 - Soja Saudavel Vaso 1,19.0,1.0,1,164.48,64797,93.75,0.010000000000005116,0.010000000000005116,64767,64827,155.26,173.35,61
antes_dia_20,dia 19 - Soja Saudavel Vaso 1,19.0,1.0,1,166.45,64804,93.74,0.010000000000005116,0.010000000000005116,64774,64834,157.57,175.49,61
antes_dia_20,dia 19 - Soja Saudavel Vaso 1,19.0,1.0,1,166.79,64805,93.75,0.010000000000005116,0.010000000000005116,64775,64835,157.85,175.84,61
antes_dia_20,dia 19 - Soja Saudavel Vaso 1,19.0,1.0,1,167.76,64808,93.74,0.010000000000005116,0.010000000000005116,64778,64838,158.68,176.66,61
antes_dia_20,dia 19 - Soja Saudavel Vaso 1,19.0,1.0,1,168.09,64809,93.75,0.010000000000005116,0.010000000000005116,64779,64839,159.0,176.93,61
antes_dia_20,dia 19 - Soja Saudavel Vaso 1,19.0,1.0,1,168.37,64810,93.74,0.010000000000005116,0.010000000000005116,64780,64840,159.32,177.21,61
antes_dia_20,dia 19 - Soja Saudavel Vaso 1,19.0,1.0,1,168.64,64811,93.75,0.010000000000005116,0.010000000000005116,64781,64841,159.64,177.5,61
antes_dia_20,dia 19 - Soja Saudavel Vaso 1,19.0,1.0,1,170.37,64817,93.74,0.010000000000005116,0.010000000000005116,64787,64847,161.44,179.48,61
antes_dia_20,dia 19 - Soja Saudavel Vaso 1,19.0,1.0,1,171.02,64819,93.75,0.010000000000005116,0.010000000000005116,64789,64849,161.97,180.13,61
antes_dia_20,dia 19 - Soja Saudavel Vaso 1,19.0,1.0,1,171.95,64822,93.74,0.010000000000005116,0.010000000000005116,64792,64852,162.9,180.97,61
antes_dia_20,dia 19 - Soja Saudavel Vaso 1,19.0,1.0,1,172.5,64824,93.75,0.010000000000005116,0.010000000000005116,64794,64854,163.53,181.53,61
antes_dia_20,dia 19 - Soja Saudavel Vaso 1,19.0,1.0,1,172.79,64825,93.74,0.010000000000005116,0.010000000000005116,64795,64855,163.87,181.86,61
antes_dia_20,dia 19 - Soja Saudavel Vaso 1,19.0,1.0,1,173.08,64826,93.75,0.010000000000005116,0.010000000000005116,64796,64856,164.21,182.2,61
antes_dia_20,dia 19 - Soja Saudavel Vaso 1,19.0,1.0,1,173.35,64827,93.74,0.010000000000005116,0.010000000000005116,64797,64857,164.48,182.53,61
antes_dia_20,dia 19 - Soja Saudavel Vaso 1,19.0,1.0,1,173.62,64828,93.75,0.010000000000005116,0.010000000000005116,64798,64858,164.75,182.84,61
antes_dia_20,dia 19 - Soja Saudavel Vaso 1,19.0,1.0,1,174.25,64830,93.74,0.010000000000005116,0.010000000000005116,64800,64860,165.32,183.51,61
antes_dia_20,dia 19 - Soja Saudavel Vaso 1,19.0,1.0,1,174.84,64832,93.75,0.010000000000005116,0.010000000000005116,64802,64862,165.87,184.06,61
antes_dia_20,dia 19 - Soja Saudavel Vaso 1,19.0,1.0,1,175.84,64835,93.74,0.010000000000005116,0.010000000000005116,64805,64865,166.79,184.86,61
antes_dia_20,dia 19 - Soja Saudavel Vaso 1,19.0,1.0,1,176.39,64837,93.75,0.010000000000005116,0.010000000000005116,64807,64867,167.41,185.46,61
antes_dia_20,dia 19 - Soja Saudavel Vaso 1,19.0,1.0,1,176.66,64838,93.74,0.010000000000005116,0.010000000000005116,64808,64868,167.76,185.78,61
antes_dia_20,dia 19 - Soja Saudavel Vaso 1,19.0,1.0,1,177.5,64841,93.75,0.010000000000005116,0.010000000000005116,64811,64871,168.64,186.71,61
antes_dia_20,dia 19 - Soja Saudavel Vaso 1,19.0,1.0,1,178.15,64843,93.74,0.010000000000005116,0.010000000000005116,64813,64873,169.18,187.31,61
antes_dia_20,dia 19 - Soja Saudavel Vaso 1,19.0,1.0,1,178.49,64844,93.75,0.010000000000005116,0.010000000000005116,64814,64874,169.45,187.59,61
antes_dia_20,dia 19 - Soja Saudavel Vaso 1,19.0,1.0,1,179.48,64847,93.74,0.010000000000005116,0.010000000000005116,64817,64877,170.37,188.43,61
antes_dia_20,dia 19 - Soja Saudavel Vaso 1,19.0,1.0,1,179.75,64848,93.75,0.010000000000005116,0.010000000000005116,64818,64878,170.69,188.71,61
antes_dia_20,dia 19 - Soja Saudavel Vaso 1,19.0,1.0,1,180.97,64852,93.74,0.010000000000005116,0.010000000000005116,64822,64882,171.95,190.05,61
antes_dia_20,dia 19 - Soja Saudavel Vaso 1,19.0,1.0,1,181.25,64853,93.75,0.010000000000005116,0.010000000000005116,64823,64883,172.23,190.37,61
antes_dia_20,dia 19 - Soja Saudavel Vaso 1,19.0,1.0,1,181.53,64854,93.74,0.010000000000005116,0.010000000000005116,64824,64884,172.5,190.7,61
antes_dia_20,dia 19 - Soja Saudavel Vaso 1,19.0,1.0,1,182.84,64858,93.75,0.010000000000005116,0.010000000000005116,64828,64888,173.62,191.86,61
antes_dia_20,dia 19 - Soja Saudavel Vaso 1,19.0,1.0,1,183.51,64860,93.74,0.010000000000005116,0.010000000000005116,64830,64890,174.25,192.4,61
antes_dia_20,dia 19 - Soja Saudavel Vaso 1,19.0,1.0,1,183.79,64861,93.75,0.010000000000005116,0.010000000000005116,64831,64891,174.56,192.67,61
antes_dia_20,dia 19 - Soja Saudavel Vaso 1,19.0,1.0,1,184.59,64864,93.74,0.010000000000005116,0.010000000000005116,64834,64894,175.49,193.64,61
antes_dia_20,dia 19 - Soja Saudavel Vaso 1,19.0,1.0,1,184.86,64865,93.75,0.010000000000005116,0.010000000000005116,64835,64895,175.84,193.96,61
antes_dia_20,dia 19 - Soja Saudavel Vaso 1,19.0,1.0,1,185.14,64866,93.74,0.010000000000005116,0.010000000000005116,64836,64896,176.12,194.29,61
antes_dia_20,dia 19 - Soja Saudavel Vaso 1,19.0,1.0,1,186.39,64870,93.75,0.010000000000005116,0.010000000000005116,64840,64900,177.21,195.45,61
antes_dia_20,dia 19 - Soja Saudavel Vaso 1,19.0,1.0,1,186.71,64871,93.74,0.010000000000005116,0.010000000000005116,64841,64901,177.5,195.73,61
antes_dia_20,dia 19 - Soja Saudavel Vaso 1,19.0,1.0,1,187.03,64872,93.75,0.010000000000005116,0.010000000000005116,64842,64902,177.82,196.01,61
antes_dia_20,dia 19 - Soja Saudavel Vaso 1,19.0,1.0,1,187.31,64873,93.74,0.010000000000005116,0.010000000000005116,64843,64903,178.15,196.29,61
antes_dia_20,dia 19 - Soja Saudavel Vaso 1,19.0,1.0,1,187.59,64874,93.75,0.010000000000005116,0.010000000000005116,64844,64904,178.49,196.56,61
antes_dia_20,dia 19 - Soja Saudavel Vaso 1,19.0,1.0,1,188.15,64876,93.74,0.010000000000005116,0.010000000000005116,64846,64906,179.15,197.2,61
antes_dia_20,dia 19 - Soja Saudavel Vaso 1,19.0,1.0,1,188.43,64877,93.75,0.010000000000005116,0.010000000000005116,64847,64907,179.48,197.53,61
antes_dia_20,dia 19 - Soja Saudavel Vaso 1,19.0,1.0,1,189.29,64880,93.74,0.010000000000005116,0.010000000000005116,64850,64910,180.41,198.5,61
antes_dia_20,dia 19 - Soja Saudavel Vaso 1,19.0,1.0,1,190.37,64883,93.75,0.010000000000005116,0.010000000000005116,64853,64913,181.25,199.31,61
antes_dia_20,dia 19 - Soja Saudavel Vaso 1,19.0,1.0,1,190.7,64884,93.74,0.010000000000005116,0.010000000000005116,64854,64914,181.53,199.59,61
antes_dia_20,dia 19 - Soja Saudavel Vaso 1,19.0,1.0,1,191.03,64885,93.75,0.010000000000005116,0.010000000000005116,64855,64915,181.86,199.85,61
antes_dia_20,dia 19 - Soja Saudavel Vaso 1,19.0,1.0,1,192.67,64891,93.75,0.010000000000005116,0.010000000000005116,64861,64921,183.79,201.71,61
antes_dia_20,dia 19 - Soja Saudavel Vaso 1,19.0,1.0,1,193.96,64895,93.74,0.010000000000005116,0.010000000000005116,64865,64925,184.86,202.89,61
antes_dia_20,dia 19 - Soja Saudavel Vaso 1,19.0,1.0,1,194.62,64897,93.75,0.010000000000005116,0.010000000000005116,64867,64927,185.46,203.45,61
antes_dia_20,dia 19 - Soja Saudavel Vaso 1,19.0,1.0,1,196.29,64903,93.74,0.010000000000005116,0.010000000000005116,64873,64933,187.31,205.27,61
antes_dia_20,dia 19 - Soja Saudavel Vaso 1,19.0,1.0,1,197.53,64907,93.75,0.010000000000005116,0.010000000000005116,64877,64937,188.43,206.51,61
antes_dia_20,dia 19 - Soja Saudavel Vaso 1,19.0,1.0,1,197.84,64908,93.74,0.010000000000005116,0.010000000000005116,64878,64938,188.71,206.77,61
antes_dia_20,dia 19 - Soja Saudavel Vaso 1,19.0,1.0,1,198.18,64909,93.75,0.010000000000005116,0.010000000000005116,64879,64939,188.98,207.04,61
antes_dia_20,dia 19 - Soja Saudavel Vaso 1,19.0,1.0,1,198.5,64910,93.74,0.010000000000005116,0.010000000000005116,64880,64940,189.29,207.31,61
antes_dia_20,dia 19 - Soja Saudavel Vaso 1,19.0,1.0,1,198.77,64911,93.75,0.010000000000005116,0.010000000000005116,64881,64941,189.74,207.6,61
antes_dia_20,dia 19 - Soja Saudavel Vaso 1,19.0,1.0,1,200.44,64917,93.74,0.010000000000005116,0.010000000000005116,64887,64947,191.59,209.48,61
antes_dia_20,dia 19 - Soja Saudavel Vaso 1,19.0,1.0,1,200.76,64918,93.75,0.010000000000005116,0.010000000000005116,64888,64948,191.86,209.77,61
antes_dia_20,dia 19 - Soja Saudavel Vaso 1,19.0,1.0,1,202.07,64922,93.74,0.010000000000005116,0.010000000000005116,64892,64952,192.99,210.88,61
antes_dia_20,dia 19 - Soja Saudavel Vaso 1,19.0,1.0,1,202.34,64923,93.75,0.010000000000005116,0.010000000000005116,64893,64953,193.31,211.15,61
antes_dia_20,dia 19 - Soja Saudavel Vaso 1,19.0,1.0,1,202.89,64925,93.74,0.010000000000005116,0.010000000000005116,64895,64955,193.96,211.75,61
antes_dia_20,dia 19 - Soja Saudavel Vaso 1,19.0,1.0,1,203.17,64926,93.75,0.010000000000005116,0.010000000000005116,64896,64956,194.29,212.07,61
antes_dia_20,dia 19 - Soja Saudavel Vaso 1,19.0,1.0,1,204.01,64929,93.74,0.010000000000005116,0.010000000000005116,64899,64959,195.17,213.09,61
antes_dia_20,dia 19 - Soja Saudavel Vaso 1,19.0,1.0,1,204.32,64930,93.75,0.010000000000005116,0.010000000000005116,64900,64960,195.45,213.43,61
antes_dia_20,dia 19 - Soja Saudavel Vaso 1,19.0,1.0,1,205.6,64934,93.74,0.010000000000005116,0.010000000000005116,64904,64964,196.56,214.52,61
antes_dia_20,dia 19 - Soja Saudavel Vaso 1,19.0,1.0,1,206.77,64938,93.75,0.010000000000005116,0.010000000000005116,64908,64968,197.84,215.74,61
antes_dia_20,dia 19 - Soja Saudavel Vaso 1,19.0,1.0,1,207.04,64939,93.74,0.010000000000005116,0.010000000000005116,64909,64969,198.18,216.07,61
antes_dia_20,dia 19 - Soja Saudavel Vaso 1,19.0,1.0,1,207.6,64941,93.75,0.010000000000005116,0.010000000000005116,64911,64971,198.77,216.72,61
antes_dia_20,dia 19 - Soja Saudavel Vaso 1,19.0,1.0,1,208.23,64943,93.74,0.010000000000005116,0.010000000000005116,64913,64973,199.31,217.43,61
antes_dia_20,dia 19 - Soja Saudavel Vaso 1,19.0,1.0,1,208.55,64944,93.75,0.010000000000005116,0.010000000000005116,64914,64974,199.59,217.72,61
antes_dia_20,dia 19 - Soja Saudavel Vaso 1,19.0,1.0,1,210.6,64951,93.74,0.010000000000005116,0.010000000000005116,64921,64981,201.71,219.78,61
antes_dia_20,dia 19 - Soja Saudavel Vaso 1,19.0,1.0,1,211.15,64953,93.75,0.010000000000005116,0.010000000000005116,64923,64983,202.34,220.43,61
antes_dia_20,dia 19 - Soja Saudavel Vaso 1,19.0,1.0,1,211.43,64954,93.74,0.010000000000005116,0.010000000000005116,64924,64984,202.62,220.77,61
antes_dia_20,dia 19 - Soja Saudavel Vaso 1,19.0,1.0,1,211.75,64955,93.75,0.010000000000005116,0.010000000000005116,64925,64985,202.89,221.11,61
antes_dia_20,dia 19 - Soja Saudavel Vaso 1,19.0,1.0,1,214.52,64964,93.74,0.010000000000005116,0.010000000000005116,64934,64994,205.6,223.86,61
antes_dia_20,dia 19 - Soja Saudavel Vaso 1,19.0,1.0,1,214.79,64965,93.75,0.010000000000005116,0.010000000000005116,64935,64995,205.96,224.2,61
antes_dia_20,dia 19 - Soja Saudavel Vaso 1,19.0,1.0,1,216.72,64971,93.74,0.010000000000005116,0.010000000000005116,64941,65001,207.6,225.92,61
antes_dia_20,dia 19 - Soja Saudavel Vaso 1,19.0,1.0,1,217.43,64973,93.75,0.010000000000005116,0.010000000000005116,64943,65003,208.23,226.48,61
antes_dia_20,dia 19 - Soja Saudavel Vaso 1,19.0,1.0,1,217.72,64974,93.74,0.010000000000005116,0.010000000000005116,64944,65004,208.55,226.81,61
antes_dia_20,dia 19 - Soja Saudavel Vaso 1,19.0,1.0,1,218.0,64975,93.75,0.010000000000005116,0.010000000000005116,64945,65005,208.84,227.15,61
antes_dia_20,dia 19 - Soja Saudavel Vaso 1,19.0,1.0,1,219.78,64981,93.74,0.010000000000005116,0.010000000000005116,64951,65011,210.6,229.03,61
antes_dia_20,dia 19 - Soja Saudavel Vaso 1,19.0,1.0,1,220.13,64982,93.75,0.010000000000005116,0.010000000000005116,64952,65012,210.88,229.29,61
antes_dia_20,dia 19 - Soja Saudavel Vaso 1,19.0,1.0,1,220.77,64984,93.74,0.010000000000005116,0.010000000000005116,64954,65014,211.43,229.83,61
antes_dia_20,dia 19 - Soja Saudavel Vaso 1,19.0,1.0,1,221.11,64985,93.75,0.010000000000005116,0.010000000000005116,64955,65015,211.75,230.14,61
antes_dia_20,dia 19 - Soja Saudavel Vaso 1,19.0,1.0,1,221.38,64986,93.74,0.010000000000005116,0.010000000000005116,64956,65016,212.07,230.44,61
antes_dia_20,dia 19 - Soja Saudavel Vaso 1,19.0,1.0,1,223.21,64992,93.75,0.010000000000005116,0.010000000000005116,64962,65022,213.98,232.37,61
antes_dia_20,dia 19 - Soja Saudavel Vaso 1,19.0,1.0,1,223.86,64994,93.74,0.010000000000005116,0.010000000000005116,64964,65024,214.52,232.94,61
antes_dia_20,dia 19 - Soja Saudavel Vaso 1,19.0,1.0,1,224.52,64996,93.75,0.010000000000005116,0.010000000000005116,64966,65026,215.09,233.49,61
antes_dia_20,dia 19 - Soja Saudavel Vaso 1,19.0,1.0,1,225.35,64999,93.74,0.010000000000005116,0.010000000000005116,64969,65029,216.07,234.4,61
antes_dia_20,dia 19 - Soja Saudavel Vaso 1,19.0,1.0,1,226.2,65002,93.75,0.010000000000005116,0.010000000000005116,64972,65032,217.16,235.34,61
antes_dia_20,dia 19 - Soja Saudavel Vaso 1,19.0,1.0,1,226.48,65003,93.74,0.010000000000005116,0.010000000000005116,64973,65033,217.43,235.68,61
antes_dia_20,dia 19 - Soja Saudavel Vaso 1,19.0,1.0,1,227.15,65005,93.75,0.010000000000005116,0.010000000000005116,64975,65035,218.0,236.24,61
antes_dia_20,dia 19 - Soja Saudavel Vaso 1,19.0,1.0,1,227.48,65006,93.74,0.010000000000005116,0.010000000000005116,64976,65036,218.28,236.51,61
antes_dia_20,dia 19 - Soja Saudavel Vaso 1,19.0,1.0,1,228.48,65009,93.75,0.010000000000005116,0.010000000000005116,64979,65039,219.11,237.31,61
antes_dia_20,dia 19 - Soja Saudavel Vaso 1,19.0,1.0,1,228.75,65010,93.74,0.010000000000005116,0.010000000000005116,64980,65040,219.42,237.64,61
antes_dia_20,dia 19 - Soja Saudavel Vaso 1,19.0,1.0,1,229.03,65011,93.75,0.010000000000005116,0.010000000000005116,64981,65041,219.78,237.97,61
antes_dia_20,dia 19 - Soja Saudavel Vaso 1,19.0,1.0,1,229.56,65013,93.74,0.010000000000005116,0.010000000000005116,64983,65043,220.43,238.64,61
antes_dia_20,dia 19 - Soja Saudavel Vaso 1,19.0,1.0,1,229.83,65014,93.75,0.010000000000005116,0.010000000000005116,64984,65044,220.77,238.98,61
antes_dia_20,dia 19 - Soja Saudavel Vaso 1,19.0,1.0,1,232.37,65022,93.74,0.010000000000005116,0.010000000000005116,64992,65052,223.21,241.3,61
antes_dia_20,dia 19 - Soja Saudavel Vaso 1,19.0,1.0,1,232.65,65023,93.75,0.010000000000005116,0.010000000000005116,64993,65053,223.56,241.63,61
antes_dia_20,dia 19 - Soja Saudavel Vaso 1,19.0,1.0,1,232.94,65024,93.74,0.010000000000005116,0.010000000000005116,64994,65054,223.86,241.96,61
antes_dia_20,dia 19 - Soja Saudavel Vaso 1,19.0,1.0,1,233.22,65025,93.75,0.010000000000005116,0.010000000000005116,64995,65055,224.2,242.3,61
antes_dia_20,dia 19 - Soja Saudavel Vaso 1,19.0,1.0,1,235.34,65032,93.74,0.010000000000005116,0.010000000000005116,65002,65062,226.2,244.31,61
antes_dia_20,dia 19 - Soja Saudavel Vaso 1,19.0,1.0,1,235.96,65034,93.75,0.010000000000005116,0.010000000000005116,65004,65064,226.81,244.91,61
antes_dia_20,dia 19 - Soja Saudavel Vaso 1,19.0,1.0,1,236.24,65035,93.74,0.010000000000005116,0.010000000000005116,65005,65065,227.15,245.25,61
antes_dia_20,dia 19 - Soja Saudavel Vaso 1,19.0,1.0,1,236.51,65036,93.75,0.010000000000005116,0.010000000000005116,65006,65066,227.48,245.59,61
antes_dia_20,dia 19 - Soja Saudavel Vaso 1,19.0,1.0,1,237.31,65039,93.74,0.010000000000005116,0.010000000000005116,65009,65069,228.48,246.57,61
antes_dia_20,dia 19 - Soja Saudavel Vaso 1,19.0,1.0,1,239.6,65046,93.75,0.010000000000005116,0.010000000000005116,65016,65076,230.44,248.51,61
antes_dia_20,dia 19 - Soja Saudavel Vaso 1,19.0,1.0,1,239.88,65047,93.74,0.010000000000005116,0.010000000000005116,65017,65077,230.77,248.82,61
antes_dia_20,dia 19 - Soja Saudavel Vaso 1,19.0,1.0,1,241.63,65053,93.75,0.010000000000005116,0.010000000000005116,65023,65083,232.65,250.71,61
antes_dia_20,dia 19 - Soja Saudavel Vaso 1,19.0,1.0,1,242.3,65055,93.74,0.010000000000005116,0.010000000000005116,65025,65085,233.22,251.25,61
antes_dia_20,dia 19 - Soja Saudavel Vaso 1,19.0,1.0,1,242.95,65057,93.75,0.010000000000005116,0.010000000000005116,65027,65087,233.76,251.79,61
antes_dia_20,dia 19 - Soja Saudavel Vaso 1,19.0,1.0,1,243.23,65058,93.74,0.010000000000005116,0.010000000000005116,65028,65088,234.07,252.07,61
antes_dia_20,dia 19 - Soja Saudavel Vaso 1,19.0,1.0,1,243.76,65060,93.75,0.010000000000005116,0.010000000000005116,65030,65090,234.72,252.71,61
antes_dia_20,dia 19 - Soja Saudavel Vaso 1,19.0,1.0,1,244.04,65061,93.74,0.010000000000005116,0.010000000000005116,65031,65091,235.03,253.03,61
antes_dia_20,dia 19 - Soja Saudavel Vaso 1,19.0,1.0,1,246.85,65070,93.75,0.010000000000005116,0.010000000000005116,65040,65100,237.64,255.9,61
antes_dia_20,dia 19 - Soja Saudavel Vaso 1,19.0,1.0,1,247.68,65073,93.74,0.010000000000005116,0.010000000000005116,65043,65103,238.64,256.89,61
antes_dia_20,dia 19 - Soja Saudavel Vaso 1,19.0,1.0,1,247.96,65074,93.75,0.010000000000005116,0.010000000000005116,65044,65104,238.98,257.18,61
antes_dia_20,dia 19 - Soja Saudavel Vaso 1,19.0,1.0,1,248.51,65076,93.74,0.010000000000005116,0.010000000000005116,65046,65106,239.6,257.82,61
antes_dia_20,dia 19 - Soja Saudavel Vaso 1,19.0,1.0,1,249.49,65079,93.75,0.010000000000005116,0.010000000000005116,65049,65109,240.44,258.65,61
antes_dia_20,dia 19 - Soja Saudavel Vaso 1,19.0,1.0,1,249.78,65080,93.74,0.010000000000005116,0.010000000000005116,65050,65110,240.72,258.91,61
antes_dia_20,dia 19 - Soja Saudavel Vaso 1,19.0,1.0,1,251.51,65086,93.75,0.010000000000005116,0.010000000000005116,65056,65116,242.61,260.7,61
antes_dia_20,dia 19 - Soja Saudavel Vaso 1,19.0,1.0,1,251.79,65087,93.74,0.010000000000005116,0.010000000000005116,65057,65117,242.95,261.01,61
antes_dia_20,dia 19 - Soja Saudavel Vaso 1,19.0,1.0,1,252.07,65088,93.75,0.010000000000005116,0.010000000000005116,65058,65118,243.23,261.37,61
antes_dia_20,dia 19 - Soja Saudavel Vaso 1,19.0,1.0,1,252.38,65089,93.74,0.010000000000005116,0.010000000000005116,65059,65119,243.5,261.64,61
antes_dia_20,dia 19 - Soja Saudavel Vaso 1,19.0,1.0,1,258.1,65107,93.75,0.010000000000005116,0.010000000000005116,65077,65137,248.82,266.9,61
antes_dia_20,dia 19 - Soja Saudavel Vaso 1,19.0,1.0,1,258.38,65108,93.74,0.010000000000005116,0.010000000000005116,65078,65138,249.17,267.2,61
antes_dia_20,dia 19 - Soja Saudavel Vaso 1,19.0,1.0,1,258.65,65109,93.75,0.010000000000005116,0.010000000000005116,65079,65139,249.49,267.52,61
antes_dia_20,dia 19 - Soja Saudavel Vaso 1,19.0,1.0,1,258.91,65110,93.74,0.010000000000005116,0.010000000000005116,65080,65140,249.78,267.84,61
antes_dia_20,dia 19 - Soja Saudavel Vaso 1,19.0,1.0,1,259.45,65112,93.75,0.010000000000005116,0.010000000000005116,65082,65142,250.43,268.48,61
antes_dia_20,dia 19 - Soja Saudavel Vaso 1,19.0,1.0,1,259.75,65113,93.74,0.010000000000005116,0.010000000000005116,65083,65143,250.71,268.82,61
antes_dia_20,dia 19 - Soja Saudavel Vaso 1,19.0,1.0,1,260.07,65114,93.75,0.010000000000005116,0.010000000000005116,65084,65144,250.98,269.1,61
antes_dia_20,dia 19 - Soja Saudavel Vaso 1,19.0,1.0,1,260.4,65115,93.74,0.010000000000005116,0.010000000000005116,65085,65145,251.25,269.38,61
antes_dia_20,dia 19 - Soja Saudavel Vaso 1,19.0,1.0,1,261.37,65118,93.75,0.010000000000005116,0.010000000000005116,65088,65148,252.07,270.22,61
antes_dia_20,dia 19 - Soja Saudavel Vaso 1,19.0,1.0,1,261.64,65119,93.74,0.010000000000005116,0.010000000000005116,65089,65149,252.38,270.5,61
antes_dia_20,dia 19 - Soja Saudavel Vaso 1,19.0,1.0,1,261.92,65120,93.75,0.010000000000005116,0.010000000000005116,65090,65150,252.71,270.78,61
antes_dia_20,dia 19 - Soja Saudavel Vaso 1,19.0,1.0,1,262.19,65121,93.74,0.010000000000005116,0.010000000000005116,65091,65151,253.03,271.08,61
antes_dia_20,dia 19 - Soja Saudavel Vaso 1,19.0,1.0,1,265.55,65132,93.75,0.010000000000005116,0.010000000000005116,65102,65162,256.57,274.35,61
antes_dia_20,dia 19 - Soja Saudavel Vaso 1,19.0,1.0,1,265.82,65133,93.74,0.010000000000005116,0.010000000000005116,65103,65163,256.89,274.63,61
antes_dia_20,dia 19 - Soja Saudavel Vaso 1,19.0,1.0,1,266.9,65137,93.75,0.010000000000005116,0.010000000000005116,65107,65167,258.1,275.95,61
antes_dia_20,dia 19 - Soja Saudavel Vaso 1,19.0,1.0,1,267.2,65138,93.74,0.010000000000005116,0.010000000000005116,65108,65168,258.38,276.28,61
antes_dia_20,dia 19 - Soja Saudavel Vaso 1,19.0,1.0,1,267.52,65139,93.75,0.010000000000005116,0.010000000000005116,65109,65169,258.65,276.62,61
antes_dia_20,dia 19 - Soja Saudavel Vaso 1,19.0,1.0,1,267.84,65140,93.74,0.010000000000005116,0.010000000000005116,65110,65170,258.91,276.9,61
antes_dia_20,dia 19 - Soja Saudavel Vaso 1,19.0,1.0,1,268.15,65141,93.75,0.010000000000005116,0.010000000000005116,65111,65171,259.18,277.17,61
antes_dia_20,dia 19 - Soja Saudavel Vaso 1,19.0,1.0,1,268.82,65143,93.74,0.010000000000005116,0.010000000000005116,65113,65173,259.75,277.73,61
antes_dia_20,dia 19 - Soja Saudavel Vaso 1,19.0,1.0,1,269.38,65145,93.75,0.010000000000005116,0.010000000000005116,65115,65175,260.4,278.29,61
antes_dia_20,dia 19 - Soja Saudavel Vaso 1,19.0,1.0,1,269.66,65146,93.74,0.010000000000005116,0.010000000000005116,65116,65176,260.7,278.55,61
antes_dia_20,dia 19 - Soja Saudavel Vaso 1,19.0,1.0,1,269.94,65147,93.75,0.010000000000005116,0.010000000000005116,65117,65177,261.01,278.86,61
antes_dia_20,dia 19 - Soja Saudavel Vaso 1,19.0,1.0,1,270.22,65148,93.74,0.010000000000005116,0.010000000000005116,65118,65178,261.37,279.19,61
antes_dia_20,dia 19 - Soja Saudavel Vaso 1,19.0,1.0,1,270.78,65150,93.75,0.010000000000005116,0.010000000000005116,65120,65180,261.92,279.81,61
antes_dia_20,dia 19 - Soja Saudavel Vaso 1,19.0,1.0,1,271.41,65152,93.74,0.010000000000005116,0.010000000000005116,65122,65182,262.48,280.46,61
antes_dia_20,dia 19 - Soja Saudavel Vaso 1,19.0,1.0,1,271.74,65153,93.75,0.010000000000005116,0.010000000000005116,65123,65183,262.76,280.74,61
antes_dia_20,dia 19 - Soja Saudavel Vaso 1,19.0,1.0,1,272.01,65154,93.74,0.010000000000005116,0.010000000000005116,65124,65184,263.04,281.01,61
antes_dia_20,dia 19 - Soja Saudavel Vaso 1,19.0,1.0,1,274.35,65162,93.75,0.010000000000005116,0.010000000000005116,65132,65192,265.55,283.35,61
antes_dia_20,dia 19 - Soja Saudavel Vaso 1,19.0,1.0,1,274.63,65163,93.74,0.010000000000005116,0.010000000000005116,65133,65193,265.82,283.69,61
antes_dia_20,dia 19 - Soja Saudavel Vaso 1,19.0,1.0,1,278.55,65176,93.75,0.010000000000005116,0.010000000000005116,65146,65206,269.66,287.7,61
antes_dia_20,dia 19 - Soja Saudavel Vaso 1,19.0,1.0,1,278.86,65177,93.74,0.010000000000005116,0.010000000000005116,65147,65207,269.94,288.03,61
antes_dia_20,dia 19 - Soja Saudavel Vaso 1,19.0,1.0,1,280.74,65183,93.75,0.010000000000005116,0.010000000000005116,65153,65213,271.74,289.67,61
antes_dia_20,dia 19 - Soja Saudavel Vaso 1,19.0,1.0,1,281.01,65184,93.74,0.010000000000005116,0.010000000000005116,65154,65214,272.01,289.99,61
antes_dia_20,dia 19 - Soja Saudavel Vaso 1,19.0,1.0,1,284.56,65196,93.75,0.010000000000005116,0.010000000000005116,65166,65226,275.63,293.88,61
antes_dia_20,dia 19 - Soja Saudavel Vaso 1,19.0,1.0,1,284.84,65197,93.74,0.010000000000005116,0.010000000000005116,65167,65227,275.95,294.21,61
antes_dia_20,dia 19 - Soja Saudavel Vaso 1,19.0,1.0,1,285.12,65198,93.75,0.010000000000005116,0.010000000000005116,65168,65228,276.28,294.53,61
antes_dia_20,dia 19 - Soja Saudavel Vaso 1,19.0,1.0,1,285.4,65199,93.74,0.010000000000005116,0.010000000000005116,65169,65229,276.62,294.83,61
antes_dia_20,dia 19 - Soja Saudavel Vaso 1,19.0,1.0,1,285.96,65201,93.75,0.010000000000005116,0.010000000000005116,65171,65231,277.17,295.49,61
antes_dia_20,dia 19 - Soja Saudavel Vaso 1,19.0,1.0,1,286.72,65203,93.74,0.010000000000005116,0.010000000000005116,65173,65233,277.73,296.04,61
antes_dia_20,dia 19 - Soja Saudavel Vaso 1,19.0,1.0,1,287.36,65205,93.75,0.010000000000005116,0.010000000000005116,65175,65235,278.29,296.58,61
antes_dia_20,dia 19 - Soja Saudavel Vaso 1,19.0,1.0,1,288.03,65207,93.74,0.010000000000005116,0.010000000000005116,65177,65237,278.86,297.11,61
antes_dia_20,dia 19 - Soja Saudavel Vaso 1,19.0,1.0,1,288.3,65208,93.75,0.010000000000005116,0.010000000000005116,65178,65238,279.19,297.42,61
antes_dia_20,dia 19 - Soja Saudavel Vaso 1,19.0,1.0,1,289.12,65211,93.74,0.010000000000005116,0.010000000000005116,65181,65241,280.13,298.36,61
antes_dia_20,dia 19 - Soja Saudavel Vaso 1,19.0,1.0,1,289.39,65212,93.75,0.010000000000005116,0.010000000000005116,65182,65242,280.46,298.68,61
antes_dia_20,dia 19 - Soja Saudavel Vaso 1,19.0,1.0,1,290.34,65215,93.74,0.010000000000005116,0.010000000000005116,65185,65245,281.27,299.59,61
antes_dia_20,dia 19 - Soja Saudavel Vaso 1,19.0,1.0,1,291.23,65217,93.75,0.010000000000005116,0.010000000000005116,65187,65247,281.81,300.14,61
antes_dia_20,dia 19 - Soja Saudavel Vaso 1,19.0,1.0,1,291.57,65218,93.74,0.010000000000005116,0.010000000000005116,65188,65248,282.08,300.42,61
antes_dia_20,dia 19 - Soja Saudavel Vaso 1,19.0,1.0,1,293.29,65224,93.75,0.010000000000005116,0.010000000000005116,65194,65254,283.99,302.22,61
antes_dia_20,dia 19 - Soja Saudavel Vaso 1,19.0,1.0,1,293.56,65225,93.74,0.010000000000005116,0.010000000000005116,65195,65255,284.28,302.54,61
antes_dia_20,dia 19 - Soja Saudavel Vaso 1,19.0,1.0,1,297.74,65239,93.75,0.010000000000005116,0.010000000000005116,65209,65269,288.58,306.71,61
antes_dia_20,dia 19 - Soja Saudavel Vaso 1,19.0,1.0,1,298.06,65240,93.74,0.010000000000005116,0.010000000000005116,65210,65270,288.85,306.99,61
antes_dia_20,dia 19 - Soja Saudavel Vaso 1,19.0,1.0,1,303.95,65260,93.75,0.010000000000005116,0.010000000000005116,65230,65290,295.17,312.87,61
antes_dia_20,dia 19 - Soja Saudavel Vaso 1,19.0,1.0,1,304.22,65261,93.74,0.010000000000005116,0.010000000000005116,65231,65291,295.49,313.16,61
antes_dia_20,dia 19 - Soja Saudavel Vaso 1,19.0,1.0,1,304.5,65262,93.75,0.010000000000005116,0.010000000000005116,65232,65292,295.77,313.48,61
antes_dia_20,dia 19 - Soja Saudavel Vaso 1,19.0,1.0,1,304.81,65263,93.74,0.010000000000005116,0.010000000000005116,65233,65293,296.04,313.79,61
antes_dia_20,dia 19 - Soja Saudavel Vaso 1,19.0,1.0,1,305.49,65265,93.75,0.010000000000005116,0.010000000000005116,65235,65295,296.58,314.35,61
antes_dia_20,dia 19 - Soja Saudavel Vaso 1,19.0,1.0,1,305.79,65266,93.74,0.010000000000005116,0.010000000000005116,65236,65296,296.85,314.63,61
antes_dia_20,dia 19 - Soja Saudavel Vaso 1,19.0,1.0,1,306.44,65268,93.75,0.010000000000005116,0.010000000000005116,65238,65298,297.42,315.19,61
antes_dia_20,dia 19 - Soja Saudavel Vaso 1,19.0,1.0,1,306.99,65270,93.74,0.010000000000005116,0.010000000000005116,65240,65300,298.06,315.73,61
antes_dia_20,dia 19 - Soja Saudavel Vaso 1,19.0,1.0,1,307.54,65272,93.75,0.010000000000005116,0.010000000000005116,65242,65302,298.68,316.37,61
antes_dia_20,dia 19 - Soja Saudavel Vaso 1,19.0,1.0,1,308.09,65274,93.74,0.010000000000005116,0.010000000000005116,65244,65304,299.31,317.01,61
antes_dia_20,dia 19 - Soja Saudavel Vaso 1,19.0,1.0,1,309.32,65278,93.75,0.010000000000005116,0.010000000000005116,65248,65308,300.42,318.21,61
antes_dia_20,dia 19 - Soja Saudavel Vaso 1,19.0,1.0,1,309.94,65280,93.74,0.010000000000005116,0.010000000000005116,65250,65310,300.98,318.85,61
antes_dia_20,dia 19 - Soja Saudavel Vaso 1,19.0,1.0,1,310.84,65283,93.75,0.010000000000005116,0.010000000000005116,65253,65313,301.93,319.7,61
antes_dia_20,dia 19 - Soja Saudavel Vaso 1,19.0,1.0,1,311.64,65286,93.74,0.010000000000005116,0.010000000000005116,65256,65316,302.87,320.64,61
antes_dia_20,dia 19 - Soja Saudavel Vaso 1,19.0,1.0,1,313.48,65292,93.75,0.010000000000005116,0.010000000000005116,65262,65322,304.5,322.4,61
antes_dia_20,dia 19 - Soja Saudavel Vaso 1,19.0,1.0,1,314.9,65297,93.74,0.010000000000005116,0.010000000000005116,65267,65327,306.11,323.85,61
antes_dia_20,dia 19 - Soja Saudavel Vaso 1,19.0,1.0,1,315.19,65298,93.75,0.010000000000005116,0.010000000000005116,65268,65328,306.44,324.16,61
antes_dia_20,dia 19 - Soja Saudavel Vaso 1,19.0,1.0,1,315.46,65299,93.74,0.010000000000005116,0.010000000000005116,65269,65329,306.71,324.46,61
antes_dia_20,dia 19 - Soja Saudavel Vaso 1,19.0,1.0,1,316.37,65302,93.75,0.010000000000005116,0.010000000000005116,65272,65332,307.54,325.43,61
antes_dia_20,dia 19 - Soja Saudavel Vaso 1,19.0,1.0,1,317.32,65305,93.74,0.010000000000005116,0.010000000000005116,65275,65335,308.37,326.24,61
antes_dia_20,dia 19 - Soja Saudavel Vaso 1,19.0,1.0,1,317.67,65306,93.75,0.010000000000005116,0.010000000000005116,65276,65336,308.68,326.5,61
antes_dia_20,dia 19 - Soja Saudavel Vaso 1,19.0,1.0,1,317.94,65307,93.74,0.010000000000005116,0.010000000000005116,65277,65337,309.0,326.78,61
antes_dia_20,dia 19 - Soja Saudavel Vaso 1,19.0,1.0,1,318.85,65310,93.75,0.010000000000005116,0.010000000000005116,65280,65340,309.94,327.81,61
antes_dia_20,dia 19 - Soja Saudavel Vaso 1,19.0,1.0,1,319.12,65311,93.74,0.010000000000005116,0.010000000000005116,65281,65341,310.28,328.14,61
antes_dia_20,dia 19 - Soja Saudavel Vaso 1,19.0,1.0,1,319.7,65313,93.75,0.010000000000005116,0.010000000000005116,65283,65343,310.84,328.8,61
antes_dia_20,dia 19 - Soja Saudavel Vaso 1,19.0,1.0,1,320.03,65314,93.74,0.010000000000005116,0.010000000000005116,65284,65344,311.1,329.13,61
antes_dia_20,dia 19 - Soja Saudavel Vaso 1,19.0,1.0,1,320.96,65317,93.75,0.010000000000005116,0.010000000000005116,65287,65347,311.91,329.96,61
antes_dia_20,dia 19 - Soja Saudavel Vaso 1,19.0,1.0,1,321.28,65318,93.74,0.010000000000005116,0.010000000000005116,65288,65348,312.22,330.24,61
antes_dia_20,dia 19 - Soja Saudavel Vaso 1,19.0,1.0,1,321.57,65319,93.75,0.010000000000005116,0.010000000000005116,65289,65349,312.55,330.52,61
antes_dia_20,dia 19 - Soja Saudavel Vaso 1,19.0,1.0,1,321.84,65320,93.74,0.010000000000005116,0.010000000000005116,65290,65350,312.87,330.8,61
antes_dia_20,dia 19 - Soja Saudavel Vaso 1,19.0,1.0,1,324.77,65330,93.75,0.010000000000005116,0.010000000000005116,65300,65360,315.73,333.79,61
antes_dia_20,dia 19 - Soja Saudavel Vaso 1,19.0,1.0,1,325.08,65331,93.74,0.010000000000005116,0.010000000000005116,65301,65361,316.03,334.05,61
antes_dia_20,dia 19 - Soja Saudavel Vaso 1,19.0,1.0,1,325.43,65332,93.75,0.010000000000005116,0.010000000000005116,65302,65362,316.37,334.32,61
antes_dia_20,dia 19 - Soja Saudavel Vaso 1,19.0,1.0,1,325.7,65333,93.74,0.010000000000005116,0.010000000000005116,65303,65363,316.7,334.6,61
antes_dia_20,dia 19 - Soja Saudavel Vaso 1,19.0,1.0,1,325.97,65334,93.75,0.010000000000005116,0.010000000000005116,65304,65364,317.01,334.91,61
antes_dia_20,dia 19 - Soja Saudavel Vaso 1,19.0,1.0,1,326.24,65335,93.74,0.010000000000005116,0.010000000000005116,65305,65365,317.32,335.23,61
antes_dia_20,dia 19 - Soja Saudavel Vaso 1,19.0,1.0,1,326.78,65337,93.75,0.010000000000005116,0.010000000000005116,65307,65367,317.94,335.84,61
antes_dia_20,dia 19 - Soja Saudavel Vaso 1,19.0,1.0,1,327.06,65338,93.74,0.010000000000005116,0.010000000000005116,65308,65368,318.21,336.16,61
antes_dia_20,dia 19 - Soja Saudavel Vaso 1,19.0,1.0,1,327.49,65339,93.75,0.010000000000005116,0.010000000000005116,65309,65369,318.48,336.51,61
antes_dia_20,dia 19 - Soja Saudavel Vaso 1,19.0,1.0,1,328.46,65342,93.74,0.010000000000005116,0.010000000000005116,65312,65372,319.39,337.35,61
antes_dia_20,dia 19 - Soja Saudavel Vaso 1,19.0,1.0,1,329.68,65346,93.75,0.010000000000005116,0.010000000000005116,65316,65376,320.64,338.45,61
antes_dia_20,dia 19 - Soja Saudavel Vaso 1,19.0,1.0,1,330.52,65349,93.74,0.010000000000005116,0.010000000000005116,65319,65379,321.57,339.42,61
antes_dia_20,dia 19 - Soja Saudavel Vaso 1,19.0,1.0,1,334.05,65361,93.75,0.010000000000005116,0.010000000000005116,65331,65391,325.08,342.91,61
antes_dia_20,dia 19 - Soja Saudavel Vaso 1,19.0,1.0,1,334.32,65362,93.74,0.010000000000005116,0.010000000000005116,65332,65392,325.43,343.24,61
antes_dia_20,dia 19 - Soja Saudavel Vaso 1,19.0,1.0,1,334.91,65364,93.75,0.010000000000005116,0.010000000000005116,65334,65394,325.97,343.88,61
antes_dia_20,dia 19 - Soja Saudavel Vaso 1,19.0,1.0,1,335.23,65365,93.74,0.010000000000005116,0.010000000000005116,65335,65395,326.24,344.22,61
antes_dia_20,dia 19 - Soja Saudavel Vaso 1,19.0,1.0,1,336.16,65368,93.75,0.010000000000005116,0.010000000000005116,65338,65398,327.06,345.05,61
antes_dia_20,dia 19 - Soja Saudavel Vaso 1,19.0,1.0,1,337.07,65371,93.74,0.010000000000005116,0.010000000000005116,65341,65401,328.14,345.89,61
antes_dia_20,dia 19 - Soja Saudavel Vaso 1,19.0,1.0,1,337.62,65373,93.75,0.010000000000005116,0.010000000000005116,65343,65403,328.8,346.46,61
antes_dia_20,dia 19 - Soja Saudavel Vaso 1,19.0,1.0,1,337.9,65374,93.74,0.010000000000005116,0.010000000000005116,65344,65404,329.13,346.8,61
antes_dia_20,dia 19 - Soja Saudavel Vaso 1,19.0,1.0,1,338.45,65376,93.75,0.010000000000005116,0.010000000000005116,65346,65406,329.68,347.41,61
antes_dia_20,dia 19 - Soja Saudavel Vaso 1,19.0,1.0,1,338.76,65377,93.74,0.010000000000005116,0.010000000000005116,65347,65407,329.96,347.73,61
antes_dia_20,dia 19 - Soja Saudavel Vaso 1,19.0,1.0,1,340.36,65382,93.75,0.010000000000005116,0.010000000000005116,65352,65412,331.39,349.13,61
antes_dia_20,dia 19 - Soja Saudavel Vaso 1,19.0,1.0,1,340.64,65383,93.74,0.010000000000005116,0.010000000000005116,65353,65413,331.72,349.4,61
antes_dia_20,dia 19 - Soja Saudavel Vaso 1,19.0,1.0,1,340.92,65384,93.75,0.010000000000005116,0.010000000000005116,65354,65414,332.04,349.67,61
antes_dia_20,dia 19 - Soja Saudavel Vaso 1,19.0,1.0,1,341.19,65385,93.74,0.010000000000005116,0.010000000000005116,65355,65415,332.33,349.98,61
antes_dia_20,dia 19 - Soja Saudavel Vaso 1,19.0,1.0,1,341.45,65386,93.75,0.010000000000005116,0.010000000000005116,65356,65416,332.65,350.32,61
antes_dia_20,dia 19 - Soja Saudavel Vaso 1,19.0,1.0,1,341.72,65387,93.74,0.010000000000005116,0.010000000000005116,65357,65417,332.98,350.74,61
antes_dia_20,dia 19 - Soja Saudavel Vaso 1,19.0,1.0,1,345.05,65398,93.75,0.010000000000005116,0.010000000000005116,65368,65428,336.16,353.92,61
antes_dia_20,dia 19 - Soja Saudavel Vaso 1,19.0,1.0,1,345.33,65399,93.74,0.010000000000005116,0.010000000000005116,65369,65429,336.51,354.24,61
antes_dia_20,dia 19 - Soja Saudavel Vaso 1,19.0,1.0,1,346.8,65404,93.75,0.010000000000005116,0.010000000000005116,65374,65434,337.9,355.79,61
antes_dia_20,dia 19 - Soja Saudavel Vaso 1,19.0,1.0,1,348.05,65408,93.74,0.010000000000005116,0.010000000000005116,65378,65438,339.1,356.87,61
antes_dia_20,dia 19 - Soja Saudavel Vaso 1,19.0,1.0,1,348.32,65409,93.75,0.010000000000005116,0.010000000000005116,65379,65439,339.42,357.15,61
antes_dia_20,dia 19 - Soja Saudavel Vaso 1,19.0,1.0,1,349.13,65412,93.74,0.010000000000005116,0.010000000000005116,65382,65442,340.36,358.09,61
antes_dia_20,dia 19 - Soja Saudavel Vaso 1,19.0,1.0,1,349.98,65415,93.75,0.010000000000005116,0.010000000000005116,65385,65445,341.19,359.08,61
antes_dia_20,dia 19 - Soja Saudavel Vaso 1,19.0,1.0,1,350.74,65417,93.74,0.010000000000005116,0.010000000000005116,65387,65447,341.72,359.69,61
antes_dia_20,dia 19 - Soja Saudavel Vaso 1,19.0,1.0,1,351.95,65421,93.75,0.010000000000005116,0.010000000000005116,65391,65451,342.91,360.82,61
antes_dia_20,dia 19 - Soja Saudavel Vaso 1,19.0,1.0,1,352.79,65424,93.74,0.010000000000005116,0.010000000000005116,65394,65454,343.88,361.7,61
antes_dia_20,dia 19 - Soja Saudavel Vaso 1,19.0,1.0,1,353.06,65425,93.75,0.010000000000005116,0.010000000000005116,65395,65455,344.22,362.04,61
antes_dia_20,dia 19 - Soja Saudavel Vaso 1,19.0,1.0,1,353.92,65428,93.74,0.010000000000005116,0.010000000000005116,65398,65458,345.05,363.02,61
antes_dia_20,dia 19 - Soja Saudavel Vaso 1,19.0,1.0,1,359.08,65445,93.75,0.010000000000005116,0.010000000000005116,65415,65475,349.98,368.13,61
antes_dia_20,dia 19 - Soja Saudavel Vaso 1,19.0,1.0,1,359.69,65447,93.74,0.010000000000005116,0.010000000000005116,65417,65477,350.74,368.68,61
antes_dia_20,dia 19 - Soja Saudavel Vaso 1,19.0,1.0,1,364.8,65464,93.75,0.010000000000005116,0.010000000000005116,65434,65494,355.79,373.87,61
antes_dia_20,dia 19 - Soja Saudavel Vaso 1,19.0,1.0,1,365.1,65465,93.74,0.010000000000005116,0.010000000000005116,65435,65495,356.06,374.21,61
antes_dia_20,dia 19 - Soja Saudavel Vaso 1,19.0,1.0,1,365.45,65466,93.75,0.010000000000005116,0.010000000000005116,65436,65496,356.33,374.55,61
antes_dia_20,dia 19 - Soja Saudavel Vaso 1,19.0,1.0,1,366.38,65469,93.74,0.010000000000005116,0.010000000000005116,65439,65499,357.15,375.39,61
antes_dia_20,dia 19 - Soja Saudavel Vaso 1,19.0,1.0,1,367.02,65471,93.75,0.010000000000005116,0.010000000000005116,65441,65501,357.74,375.95,61
antes_dia_20,dia 19 - Soja Saudavel Vaso 1,19.0,1.0,1,367.3,65472,93.74,0.010000000000005116,0.010000000000005116,65442,65502,358.09,376.22,61
antes_dia_20,dia 19 - Soja Saudavel Vaso 1,19.0,1.0,1,368.97,65478,93.75,0.010000000000005116,0.010000000000005116,65448,65508,359.97,378.16,61
antes_dia_20,dia 19 - Soja Saudavel Vaso 1,19.0,1.0,1,369.61,65480,93.74,0.010000000000005116,0.010000000000005116,65450,65510,360.53,378.77,61
antes_dia_20,dia 19 - Soja Saudavel Vaso 1,19.0,1.0,1,370.59,65483,93.75,0.010000000000005116,0.010000000000005116,65453,65513,361.37,379.58,61
antes_dia_20,dia 19 - Soja Saudavel Vaso 1,19.0,1.0,1,370.92,65484,93.74,0.010000000000005116,0.010000000000005116,65454,65514,361.7,379.85,61
antes_dia_20,dia 19 - Soja Saudavel Vaso 1,19.0,1.0,1,377.81,65507,93.75,0.010000000000005116,0.010000000000005116,65477,65537,368.68,386.98,61
antes_dia_20,dia 19 - Soja Saudavel Vaso 1,19.0,1.0,1,378.49,65509,93.74,0.010000000000005116,0.010000000000005116,65479,65539,369.28,387.53,61
antes_dia_20,dia 19 - Soja Saudavel Vaso 1,19.0,1.0,1,378.77,65510,93.75,0.010000000000005116,0.010000000000005116,65480,65540,369.61,387.81,61
antes_dia_20,dia 19 - Soja Saudavel Vaso 1,19.0,1.0,1,379.04,65511,93.74,0.010000000000005116,0.010000000000005116,65481,65541,369.95,388.12,61
antes_dia_20,dia 19 - Soja Saudavel Vaso 1,19.0,1.0,1,379.85,65514,93.75,0.010000000000005116,0.010000000000005116,65484,65544,370.92,389.12,61
antes_dia_20,dia 19 - Soja Saudavel Vaso 1,19.0,1.0,1,380.15,65515,93.74,0.010000000000005116,0.010000000000005116,65485,65545,371.2,389.47,61
antes_dia_20,dia 19 - Soja Saudavel Vaso 1,19.0,1.0,1,380.46,65516,93.75,0.010000000000005116,0.010000000000005116,65486,65546,371.47,389.79,61
antes_dia_20,dia 19 - Soja Saudavel Vaso 1,19.0,1.0,1,380.79,65517,93.74,0.010000000000005116,0.010000000000005116,65487,65547,371.74,390.06,61
antes_dia_20,dia 19 - Soja Saudavel Vaso 1,19.0,1.0,1,382.67,65523,93.75,0.010000000000005116,0.010000000000005116,65493,65553,373.54,391.75,61
antes_dia_20,dia 19 - Soja Saudavel Vaso 1,19.0,1.0,1,383.05,65524,93.74,0.010000000000005116,0.010000000000005116,65494,65554,373.87,392.07,61
antes_dia_20,dia 19 - Soja Saudavel Vaso 1,19.0,1.0,1,384.15,65528,93.75,0.010000000000005116,0.010000000000005116,65498,65558,375.11,393.38,61
antes_dia_20,dia 19 - Soja Saudavel Vaso 1,19.0,1.0,1,384.46,65529,93.74,0.010000000000005116,0.010000000000005116,65499,65559,375.39,393.73,61
antes_dia_20,dia 19 - Soja Saudavel Vaso 1,19.0,1.0,1,387.53,65539,93.75,0.010000000000005116,0.010000000000005116,65509,65569,378.49,396.7,61
antes_dia_20,dia 19 - Soja Saudavel Vaso 1,19.0,1.0,1,387.81,65540,93.74,0.010000000000005116,0.010000000000005116,65510,65570,378.77,397.04,61
antes_dia_20,dia 19 - Soja Saudavel Vaso 1,19.0,1.0,1,389.79,65546,93.75,0.010000000000005116,0.010000000000005116,65516,65576,380.46,398.75,61
antes_dia_20,dia 19 - Soja Saudavel Vaso 1,19.0,1.0,1,390.06,65547,93.74,0.010000000000005116,0.010000000000005116,65517,65577,380.79,399.03,61
antes_dia_20,dia 19 - Soja Saudavel Vaso 1,19.0,1.0,1,395.08,65564,93.75,0.010000000000005116,0.010000000000005116,65534,65594,386.17,404.21,61
antes_dia_20,dia 19 - Soja Saudavel Vaso 1,19.0,1.0,1,398.75,65576,93.75,0.010000000000005116,0.010000000000005116,65546,65606,389.79,407.82,61
antes_dia_20,dia 19 - Soja Saudavel Vaso 1,19.0,1.0,1,399.03,65577,93.74,0.010000000000005116,0.010000000000005116,65547,65607,390.06,408.12,61
antes_dia_20,dia 19 - Soja Saudavel Vaso 1,19.0,1.0,1,400.57,65582,93.75,0.010000000000005116,0.010000000000005116,65552,65612,391.47,409.6,61
antes_dia_20,dia 19 - Soja Saudavel Vaso 1,19.0,1.0,1,400.99,65583,93.74,0.010000000000005116,0.010000000000005116,65553,65613,391.75,409.88,61
antes_dia_20,dia 19 - Soja Saudavel Vaso 1,19.0,1.0,1,402.13,65587,93.75,0.010000000000005116,0.010000000000005116,65557,65617,393.05,411.1,61
antes_dia_20,dia 19 - Soja Saudavel Vaso 1,19.0,1.0,1,402.66,65589,93.74,0.010000000000005116,0.010000000000005116,65559,65619,393.73,411.77,61
antes_dia_20,dia 19 - Soja Saudavel Vaso 1,19.0,1.0,1,407.48,65605,93.75,0.010000000000005116,0.010000000000005116,65575,65635,398.48,416.69,61
antes_dia_20,dia 19 - Soja Saudavel Vaso 1,19.0,1.0,1,407.82,65606,93.74,0.010000000000005116,0.010000000000005116,65576,65636,398.75,416.96,61
antes_dia_20,dia 19 - Soja Saudavel Vaso 1,19.0,1.0,1,412.08,65620,93.75,0.010000000000005116,0.010000000000005116,65590,65650,402.93,421.08,61
antes_dia_20,dia 19 - Soja Saudavel Vaso 1,19.0,1.0,1,412.42,65621,93.74,0.010000000000005116,0.010000000000005116,65591,65651,403.25,421.36,61
antes_dia_20,dia 19 - Soja Saudavel Vaso 1,19.0,1.0,1,414.08,65627,93.75,0.010000000000005116,0.010000000000005116,65597,65657,405.15,423.18,61
antes_dia_20,dia 19 - Soja Saudavel Vaso 1,19.0,1.0,1,414.36,65628,93.74,0.010000000000005116,0.010000000000005116,65598,65658,405.43,423.51,61
antes_dia_20,dia 19 - Soja Saudavel Vaso 1,19.0,1.0,1,420.24,65647,93.75,0.010000000000005116,0.010000000000005116,65617,65677,411.1,429.08,61
antes_dia_20,dia 19 - Soja Saudavel Vaso 1,19.0,1.0,1,420.51,65648,93.74,0.010000000000005116,0.010000000000005116,65618,65678,411.43,429.35,61
antes_dia_20,dia 19 - Soja Saudavel Vaso 1,19.0,1.0,1,421.08,65650,93.75,0.010000000000005116,0.010000000000005116,65620,65680,412.08,429.97,61
antes_dia_20,dia 19 - Soja Saudavel Vaso 1,19.0,1.0,1,421.36,65651,93.74,0.010000000000005116,0.010000000000005116,65621,65681,412.42,430.31,61
antes_dia_20,dia 19 - Soja Saudavel Vaso 1,19.0,1.0,1,422.21,65654,93.75,0.010000000000005116,0.010000000000005116,65624,65684,413.25,431.27,61
antes_dia_20,dia 19 - Soja Saudavel Vaso 1,19.0,1.0,1,422.55,65655,93.74,0.010000000000005116,0.010000000000005116,65625,65685,413.53,431.55,61
antes_dia_20,dia 19 - Soja Saudavel Vaso 1,19.0,1.0,1,424.12,65660,93.75,0.010000000000005116,0.010000000000005116,65630,65690,415.0,432.9,61
antes_dia_20,dia 19 - Soja Saudavel Vaso 1,19.0,1.0,1,424.39,65661,93.74,0.010000000000005116,0.010000000000005116,65631,65691,415.42,433.22,61
antes_dia_20,dia 19 - Soja Saudavel Vaso 1,19.0,1.0,1,426.74,65669,93.75,0.010000000000005116,0.010000000000005116,65639,65699,417.76,435.68,61
antes_dia_20,dia 19 - Soja Saudavel Vaso 1,19.0,1.0,1,427.06,65670,93.74,0.010000000000005116,0.010000000000005116,65640,65700,418.05,435.97,61
antes_dia_20,dia 19 - Soja Saudavel Vaso 1,19.0,1.0,1,430.6,65682,93.75,0.010000000000005116,0.010000000000005116,65652,65712,421.63,439.67,61
antes_dia_20,dia 19 - Soja Saudavel Vaso 1,19.0,1.0,1,431.27,65684,93.74,0.010000000000005116,0.010000000000005116,65654,65714,422.21,440.21,61
antes_dia_20,dia 19 - Soja Saudavel Vaso 1,19.0,1.0,1,435.97,65700,93.75,0.010000000000005116,0.010000000000005116,65670,65730,427.06,445.05,61
antes_dia_20,dia 19 - Soja Saudavel Vaso 1,19.0,1.0,1,436.25,65701,93.74,0.010000000000005116,0.010000000000005116,65671,65731,427.39,445.38,61
antes_dia_20,dia 19 - Soja Saudavel Vaso 1,19.0,1.0,1,440.21,65714,93.75,0.010000000000005116,0.010000000000005116,65684,65744,431.27,449.38,61
antes_dia_20,dia 19 - Soja Saudavel Vaso 1,19.0,1.0,1,440.48,65715,93.74,0.010000000000005116,0.010000000000005116,65685,65745,431.55,449.72,61
antes_dia_20,dia 19 - Soja Saudavel Vaso 1,19.0,1.0,1,441.08,65717,93.75,0.010000000000005116,0.010000000000005116,65687,65747,432.09,450.34,61
antes_dia_20,dia 19 - Soja Saudavel Vaso 1,19.0,1.0,1,441.42,65718,93.74,0.010000000000005116,0.010000000000005116,65688,65748,432.36,450.61,61
antes_dia_20,dia 19 - Soja Saudavel Vaso 1,19.0,1.0,1,445.38,65731,93.75,0.010000000000005116,0.010000000000005116,65701,65761,436.25,454.44,61
antes_dia_20,dia 19 - Soja Saudavel Vaso 1,19.0,1.0,1,445.69,65732,93.74,0.010000000000005116,0.010000000000005116,65702,65762,436.52,454.72,61
antes_dia_20,dia 19 - Soja Saudavel Vaso 1,19.0,1.0,1,446.38,65734,93.75,0.010000000000005116,0.010000000000005116,65704,65764,437.11,455.27,61
antes_dia_20,dia 19 - Soja Saudavel Vaso 1,19.0,1.0,1,446.65,65735,93.74,0.010000000000005116,0.010000000000005116,65705,65765,437.42,455.54,61
antes_dia_20,dia 19 - Soja Saudavel Vaso 1,19.0,1.0,1,447.83,65739,93.75,0.010000000000005116,0.010000000000005116,65709,65769,438.76,456.82,61
antes_dia_20,dia 19 - Soja Saudavel Vaso 1,19.0,1.0,1,448.46,65741,93.74,0.010000000000005116,0.010000000000005116,65711,65771,439.4,457.49,61
antes_dia_20,dia 19 - Soja Saudavel Vaso 1,19.0,1.0,1,448.78,65742,93.75,0.010000000000005116,0.010000000000005116,65712,65772,439.67,457.77,61
antes_dia_20,dia 19 - Soja Saudavel Vaso 1,19.0,1.0,1,449.38,65744,93.74,0.010000000000005116,0.010000000000005116,65714,65774,440.21,458.31,61
antes_dia_20,dia 19 - Soja Saudavel Vaso 1,19.0,1.0,1,449.72,65745,93.75,0.010000000000005116,0.010000000000005116,65715,65775,440.48,458.58,61
antes_dia_20,dia 19 - Soja Saudavel Vaso 1,19.0,1.0,1,450.34,65747,93.74,0.010000000000005116,0.010000000000005116,65717,65777,441.08,459.13,61
antes_dia_20,dia 19 - Soja Saudavel Vaso 1,19.0,1.0,1,450.61,65748,93.75,0.010000000000005116,0.010000000000005116,65718,65778,441.42,459.45,61
antes_dia_20,dia 19 - Soja Saudavel Vaso 1,19.0,1.0,1,450.88,65749,93.74,0.010000000000005116,0.010000000000005116,65719,65779,441.75,459.8,61
antes_dia_20,dia 19 - Soja Saudavel Vaso 1,19.0,1.0,1,451.42,65751,93.75,0.010000000000005116,0.010000000000005116,65721,65781,442.4,460.45,61
antes_dia_20,dia 19 - Soja Saudavel Vaso 1,19.0,1.0,1,451.69,65752,93.74,0.010000000000005116,0.010000000000005116,65722,65781,442.74,460.45,60
antes_dia_20,dia 19 - Soja Saudavel Vaso 1,19.0,1.0,1,452.01,65753,93.75,0.010000000000005116,0.010000000000005116,65723,65781,443.02,460.45,59
antes_dia_20,dia 19 - Soja Saudavel Vaso 1,19.0,1.0,1,452.34,65754,93.74,0.010000000000005116,0.010000000000005116,65724,65781,443.29,460.45,58
antes_dia_20,dia 19 - Soja Saudavel Vaso 1,19.0,1.0,1,453.59,65758,93.75,0.010000000000005116,0.010000000000005116,65728,65781,444.39,460.45,54
antes_dia_20,dia 19 - Soja Saudavel Vaso 1,19.0,1.0,1,454.15,65760,93.74,0.010000000000005116,0.010000000000005116,65730,65781,445.05,460.45,52
antes_dia_20,dia 19 - Soja Saudavel Vaso 1,19.0,1.0,1,454.44,65761,93.75,0.010000000000005116,0.010000000000005116,65731,65781,445.38,460.45,51
antes_dia_20,dia 19 - Soja Saudavel Vaso 1,19.0,1.0,1,454.72,65762,93.74,0.010000000000005116,0.010000000000005116,65732,65781,445.69,460.45,50
antes_dia_20,dia 19 - Soja Saudavel Vaso 1,19.0,1.0,1,455.0,65763,93.75,0.010000000000005116,0.010000000000005116,65733,65781,446.03,460.45,49
antes_dia_20,dia 19 - Soja Saudavel Vaso 1,19.0,1.0,1,455.54,65765,93.74,0.010000000000005116,0.010000000000005116,65735,65781,446.65,460.45,47
antes_dia_20,dia 19 - Soja Saudavel Vaso 1,19.0,1.0,1,455.85,65766,93.75,0.010000000000005116,0.010000000000005116,65736,65781,446.92,460.45,46
antes_dia_20,dia 19 - Soja Saudavel Vaso 1,19.0,1.0,1,456.17,65767,93.74,0.010000000000005116,0.010000000000005116,65737,65781,447.19,460.45,45
antes_dia_20,dia 19 - Soja Saudavel Vaso 1,19.0,1.0,1,456.51,65768,93.75,0.010000000000005116,0.010000000000005116,65738,65781,447.56,460.45,44
antes_dia_20,dia 19 - Soja Saudavel Vaso 1,19.0,1.0,1,456.82,65769,93.74,0.010000000000005116,0.010000000000005116,65739,65781,447.83,460.45,43
antes_dia_20,dia 19 - Soja Saudavel Vaso 1,19.0,1.0,1,457.77,65772,93.75,0.010000000000005116,0.010000000000005116,65742,65781,448.78,460.45,40
antes_dia_20,dia 19 - Soja Saudavel Vaso 1,19.0,1.0,1,458.03,65773,93.74,0.010000000000005116,0.010000000000005116,65743,65781,449.08,460.45,39
antes_dia_20,dia 19 - Soja Saudavel Vaso 1,19.0,1.0,1,460.45,65781,93.75,0.010000000000005116,0.010000000000005116,65751,65781,451.42,460.45,31
dia_20_mais,Página3,20.0,,0,256.62,2432,93.71,0.020000000000010232,0.010000000000005116,2402,2462,250.47,263.38,61
dia_20_mais,Página5,20.0,,0,185.76,5230,93.66,0.020000000000010232,0.010000000000005116,5200,5260,179.5,192.66,61
dia_20_mais,Página6,20.0,,0,233.55,7075,93.71,0.020000000000010232,0.010000000000005116,7045,7105,227.39,240.44,61
dia_20_mais,Página8,20.0,,0,364.38,12101,93.9,0.020000000000010232,0.010000000000005116,12071,12131,357.85,371.44,61
dia_20_mais,Página13,21.0,,1,404.53,23239,93.88,0.020000000000010232,0.010000000000005116,23209,23269,398.18,411.59,61
dia_20_mais,Página14,21.0,,1,173.97,24114,93.93,0.020000000000010232,0.010000000000005116,24084,24144,166.98,180.31,61
dia_20_mais,Página14,21.0,,1,229.91,24365,93.91,0.020000000000010232,0.010000000000005116,24335,24395,223.12,236.89,61
dia_20_mais,Página14,21.0,,1,289.95,24633,93.93,0.020000000000010232,0.010000000000005116,24603,24663,282.98,296.3,61
dia_20_mais,Página14,21.0,,1,342.68,24869,93.93,0.020000000000010232,0.010000000000005116,24839,24899,335.58,349.63,61
dia_20_mais,Página14,21.0,,1,485.16,25506,93.93,0.020000000000010232,0.010000000000005116,25476,25536,478.18,491.79,61
dia_20_mais,Página15,21.0,,1,108.02,25856,93.93,0.020000000000010232,0.010000000000005116,25826,25886,101.58,115.16,61
dia_20_mais,Página15,21.0,,1,108.33,25857,93.91,0.020000000000010232,0.010000000000005116,25827,25887,101.78,115.37,61
dia_20_mais,dia 20 sem pressao - Soja Heter,20.0,,0,105.08,148,93.69,0.01999999999999602,0.010000000000005116,118,178,98.85,111.87,61
dia_20_mais,dia 20 sem pressao - Soja Heter,20.0,,0,105.59,149,93.71,0.01999999999999602,0.010000000000005116,119,179,99.05,112.07,61
dia_20_mais,dia 20 sem pressao - Soja Heter,20.0,,0,286.58,982,93.69,0.01999999999999602,0.010000000000005116,952,1012,280.37,293.41,61
dia_20_mais,dia 20 sem pressao - Soja Heter,20.0,,0,326.95,1166,93.71,0.01999999999999602,0.010000000000005116,1136,1196,320.04,333.07,61
dia_20_mais,dia 20 sem pressao - Soja Heter,20.0,,0,327.14,1167,93.69,0.01999999999999602,0.010000000000005116,1137,1197,320.24,333.26,61
dia_20_mais,dia 20 sem pressao - Soja Heter,20.0,,0,389.39,1456,93.68,0.01999999999999602,0.010000000000005116,1426,1486,383.3,396.21,61
dia_20_mais,Página4,20.0,,0,92.79,3239,93.75,0.01999999999999602,0.010000000000005116,3209,3269,86.73,99.5,61
dia_20_mais,Página4,20.0,,0,179.28,3640,93.75,0.01999999999999602,0.010000000000005116,3610,3670,172.56,185.42,61
dia_20_mais,Página4,20.0,,0,359.99,4481,93.72,0.01999999999999602,0.010000000000005116,4451,4511,353.89,366.71,61
dia_20_mais,Página5,20.0,,0,239.1,5474,93.67,0.01999999999999602,0.010000000000005116,5444,5504,232.4,245.92,61
dia_20_mais,Página6,20.0,,0,74.97,6342,93.72,0.01999999999999602,0.010000000000005116,6312,6372,68.25,81.15,61
dia_20_mais,Página6,20.0,,0,140.28,6645,93.72,0.01999999999999602,0.010000000000005116,6615,6675,134.16,146.99,61
dia_20_mais,dia 21 sem pressao - Soja Heter,21.0,,0,242.09,8397,93.91,0.01999999999999602,0.010000000000005116,8367,8427,235.68,249.26,61
dia_20_mais,dia 20 sem pressao - Soja Sauda,20.0,,1,185.44,12900,93.74,0.01999999999999602,0.010000000000005116,12870,12930,178.65,191.5,61
dia_20_mais,dia 20 sem pressao - Soja Sauda,20.0,,1,337.84,13611,93.75,0.01999999999999602,0.010000000000005116,13581,13641,331.12,344.01,61
dia_20_mais,Página9,20.0,,1,79.57,13773,93.67,0.01999999999999602,0.01999999999999602,13743,13803,72.78,85.65,61
dia_20_mais,Página9,20.0,,1,90.7,13825,93.65,0.01999999999999602,0.01999999999999602,13795,13855,84.02,96.79,61
dia_20_mais,Página9,20.0,,1,90.9,13826,93.67,0.01999999999999602,0.01999999999999602,13796,13856,84.22,96.99,61
dia_20_mais,Página9,20.0,,1,208.99,14372,93.65,0.01999999999999602,0.01999999999999602,14342,14402,202.24,215.21,61
dia_20_mais,Página9,20.0,,1,248.22,14554,93.65,0.01999999999999602,0.01999999999999602,14524,14584,241.46,254.97,61
dia_20_mais,Página9,20.0,,1,248.43,14555,93.67,0.01999999999999602,0.01999999999999602,14525,14585,241.81,255.17,61
dia_20_mais,Página9,20.0,,1,320.83,14890,93.65,0.01999999999999602,0.01999999999999602,14860,14920,314.6,327.69,61
dia_20_mais,Página9,20.0,,1,332.8,14945,93.65,0.01999999999999602,0.01999999999999602,14915,14975,326.67,339.51,61
dia_20_mais,Página9,20.0,,1,340.31,14979,93.67,0.01999999999999602,0.01999999999999602,14949,15009,333.6,346.51,61
dia_20_mais,Página9,20.0,,1,358.34,15064,93.67,0.01999999999999602,0.01999999999999602,15034,15094,352.24,365.12,61
dia_20_mais,Página11,20.0,,1,110.94,17072,93.62,0.01999999999999602,0.010000000000005116,17042,17102,104.01,117.15,61
dia_20_mais,Página11,20.0,,1,111.17,17073,93.64,0.01999999999999602,0.010000000000005116,17043,17103,104.21,117.35,61
dia_20_mais,Página11,20.0,,1,125.39,17139,93.64,0.01999999999999602,0.010000000000005116,17109,17169,118.58,131.68,61
dia_20_mais,Página11,20.0,,1,161.96,17306,93.64,0.01999999999999602,0.010000000000005116,17276,17336,155.02,168.82,61
dia_20_mais,Página11,20.0,,1,281.49,17853,93.64,0.01999999999999602,0.010000000000005116,17823,17883,274.69,288.37,61
dia_20_mais,Página11,20.0,,1,281.73,17854,93.62,0.01999999999999602,0.010000000000005116,17824,17884,274.9,288.57,61
dia_20_mais,Página12,20.0,,1,129.06,18797,93.62,0.01999999999999602,0.010000000000005116,18767,18827,122.24,135.97,61
dia_20_mais,Página12,20.0,,1,145.71,18874,93.64,0.01999999999999602,0.010000000000005116,18844,18904,139.48,152.53,61
dia_20_mais,Página12,20.0,,1,248.95,19345,93.63,0.01999999999999602,0.010000000000005116,19315,19375,242.12,255.11,61
dia_20_mais,Página12,20.0,,1,250.17,19351,93.63,0.01999999999999602,0.010000000000005116,19321,19381,243.37,256.99,61
dia_20_mais,Página12,20.0,,1,332.46,19727,93.61,0.01999999999999602,0.010000000000005116,19697,19757,325.51,338.61,61
dia_20_mais,Página12,20.0,,1,365.77,19879,93.63,0.01999999999999602,0.010000000000005116,19849,19909,358.94,371.95,61
dia_20_mais,dia 21 sem pressao - Soja Sauda,21.0,,1,468.25,21607,93.87,0.01999999999999602,0.010000000000005116,21577,21637,461.15,474.61,61
dia_20_mais,dia 21 sem pressao - Soja Sauda,21.0,,1,475.47,21641,93.87,0.01999999999999602,0.010000000000005116,21611,21671,469.08,482.45,61
dia_20_mais,Página15,21.0,,1,236.29,26424,93.92,0.01999999999999602,0.010000000000005116,26394,26454,229.89,243.34,61
dia_20_mais,Página15,21.0,,1,236.5,26425,93.9,0.01999999999999602,0.010000000000005116,26395,26455,230.1,243.54,61
dia_20_mais,Página15,21.0,,1,250.85,26488,93.9,0.01999999999999602,0.010000000000005116,26458,26518,244.17,257.74,61
dia_20_mais,dia 20 sem pressao - Soja Heter,20.0,,0,122.73,228,93.69,0.010000000000005116,0.010000000000005116,198,258,115.95,129.49,61
dia_20_mais,dia 20 sem pressao - Soja Heter,20.0,,0,122.94,229,93.7,0.010000000000005116,0.010000000000005116,199,259,116.18,129.72,61
dia_20_mais,dia 20 sem pressao - Soja Heter,20.0,,0,166.69,429,93.69,0.010000000000005116,0.010000000000005116,399,459,159.9,172.81,61
dia_20_mais,dia 20 sem pressao - Soja Heter,20.0,,0,166.89,430,93.7,0.010000000000005116,0.010000000000005116,400,460,160.1,173.02,61
dia_20_mais,dia 20 sem pressao - Soja Heter,20.0,,0,181.22,497,93.69,0.010000000000005116,0.010000000000005116,467,527,175.06,188.24,61
dia_20_mais,dia 20 sem pressao - Soja Heter,20.0,,0,181.42,498,93.7,0.010000000000005116,0.010000000000005116,468,528,175.26,188.44,61
dia_20_mais,dia 20 sem pressao - Soja Heter,20.0,,0,194.96,560,93.69,0.010000000000005116,0.010000000000005116,530,590,188.85,201.69,61
dia_20_mais,dia 20 sem pressao - Soja Heter,20.0,,0,195.16,561,93.7,0.010000000000005116,0.010000000000005116,531,591,189.05,201.89,61
dia_20_mais,dia 20 sem pressao - Soja Heter,20.0,,0,196.4,567,93.69,0.010000000000005116,0.010000000000005116,537,597,190.29,203.12,61
dia_20_mais,dia 20 sem pressao - Soja Heter,20.0,,0,196.76,568,93.7,0.010000000000005116,0.010000000000005116,538,598,190.49,203.32,61
dia_20_mais,dia 20 sem pressao - Soja Heter,20.0,,0,197.64,570,93.69,0.010000000000005116,0.010000000000005116,540,600,190.89,203.72,61
dia_20_mais,dia 20 sem pressao - Soja Heter,20.0,,0,197.84,571,93.7,0.010000000000005116,0.010000000000005116,541,601,191.09,203.94,61
dia_20_mais,dia 20 sem pressao - Soja Heter,20.0,,0,203.94,601,93.69,0.010000000000005116,0.010000000000005116,571,631,197.84,210.66,61
dia_20_mais,dia 20 sem pressao - Soja Heter,20.0,,0,204.14,602,93.7,0.010000000000005116,0.010000000000005116,572,632,198.04,210.89,61
dia_20_mais,dia 20 sem pressao - Soja Heter,20.0,,0,205.98,611,93.69,0.010000000000005116,0.010000000000005116,581,641,199.88,212.8,61
dia_20_mais,dia 20 sem pressao - Soja Heter,20.0,,0,206.18,612,93.7,0.010000000000005116,0.010000000000005116,582,642,200.08,213.01,61
dia_20_mais,dia 20 sem pressao - Soja Heter,20.0,,0,206.39,613,93.69,0.010000000000005116,0.010000000000005116,583,643,200.28,213.21,61
dia_20_mais,dia 20 sem pressao - Soja Heter,20.0,,0,206.59,614,93.7,0.010000000000005116,0.010000000000005116,584,644,200.48,213.41,61
dia_20_mais,dia 20 sem pressao - Soja Heter,20.0,,0,207.82,620,93.69,0.010000000000005116,0.010000000000005116,590,650,201.69,214.63,61
dia_20_mais,dia 20 sem pressao - Soja Heter,20.0,,0,208.18,621,93.7,0.010000000000005116,0.010000000000005116,591,651,201.89,214.83,61
dia_20_mais,dia 20 sem pressao - Soja Heter,20.0,,0,212.6,640,93.69,0.010000000000005116,0.010000000000005116,610,670,205.77,218.71,61
dia_20_mais,dia 20 sem pressao - Soja Heter,20.0,,0,212.8,641,93.7,0.010000000000005116,0.010000000000005116,611,671,205.98,218.91,61
dia_20_mais,dia 20 sem pressao - Soja Heter,20.0,,0,213.41,644,93.69,0.010000000000005116,0.010000000000005116,614,674,206.59,220.01,61
dia_20_mais,dia 20 sem pressao - Soja Heter,20.0,,0,213.8,646,93.7,0.010000000000005116,0.010000000000005116,616,676,206.99,220.58,61
dia_20_mais,dia 20 sem pressao - Soja Heter,20.0,,0,216.87,661,93.69,0.010000000000005116,0.010000000000005116,631,691,210.66,223.63,61
dia_20_mais,dia 20 sem pressao - Soja Heter,20.0,,0,217.07,662,93.7,0.010000000000005116,0.010000000000005116,632,692,210.89,223.83,61
dia_20_mais,dia 20 sem pressao - Soja Heter,20.0,,0,217.7,665,93.69,0.010000000000005116,0.010000000000005116,635,695,211.49,224.45,61
dia_20_mais,dia 20 sem pressao - Soja Heter,20.0,,0,217.9,666,93.7,0.010000000000005116,0.010000000000005116,636,696,211.69,224.65,61
dia_20_mais,dia 20 sem pressao - Soja Heter,20.0,,0,223.43,690,93.69,0.010000000000005116,0.010000000000005116,660,720,216.68,229.57,61
dia_20_mais,dia 20 sem pressao - Soja Heter,20.0,,0,223.63,691,93.7,0.010000000000005116,0.010000000000005116,661,721,216.87,229.77,61
dia_20_mais,dia 20 sem pressao - Soja Heter,20.0,,0,223.83,692,93.69,0.010000000000005116,0.010000000000005116,662,722,217.07,229.98,61
dia_20_mais,dia 20 sem pressao - Soja Heter,20.0,,0,224.03,693,93.7,0.010000000000005116,0.010000000000005116,663,723,217.27,230.18,61
dia_20_mais,dia 20 sem pressao - Soja Heter,20.0,,0,224.45,695,93.69,0.010000000000005116,0.010000000000005116,665,725,217.7,230.57,61
dia_20_mais,dia 20 sem pressao - Soja Heter,20.0,,0,224.85,697,93.7,0.010000000000005116,0.010000000000005116,667,727,218.1,231.44,61
dia_20_mais,dia 20 sem pressao - Soja Heter,20.0,,0,226.89,707,93.69,0.010000000000005116,0.010000000000005116,677,737,220.78,233.65,61
dia_20_mais,dia 20 sem pressao - Soja Heter,20.0,,0,227.09,708,93.7,0.010000000000005116,0.010000000000005116,678,738,221.01,233.85,61
dia_20_mais,dia 20 sem pressao - Soja Heter,20.0,,0,228.12,713,93.69,0.010000000000005116,0.010000000000005116,683,743,222.01,234.87,61
dia_20_mais,dia 20 sem pressao - Soja Heter,20.0,,0,228.32,714,93.7,0.010000000000005116,0.010000000000005116,684,744,222.21,235.07,61
dia_20_mais,dia 20 sem pressao - Soja Heter,20.0,,0,238.15,759,93.69,0.010000000000005116,0.010000000000005116,729,789,232.02,245.0,61
dia_20_mais,dia 20 sem pressao - Soja Heter,20.0,,0,238.35,760,93.7,0.010000000000005116,0.010000000000005116,730,790,232.22,245.21,61
dia_20_mais,dia 20 sem pressao - Soja Heter,20.0,,0,238.66,761,93.69,0.010000000000005116,0.010000000000005116,731,791,232.42,245.42,61
dia_20_mais,dia 20 sem pressao - Soja Heter,20.0,,0,239.06,763,93.7,0.010000000000005116,0.010000000000005116,733,793,232.82,245.82,61
dia_20_mais,dia 20 sem pressao - Soja Heter,20.0,,0,239.91,767,93.69,0.010000000000005116,0.010000000000005116,737,797,233.65,246.64,61
dia_20_mais,dia 20 sem pressao - Soja Heter,20.0,,0,240.11,768,93.7,0.010000000000005116,0.010000000000005116,738,798,233.85,246.84,61
dia_20_mais,dia 20 sem pressao - Soja Heter,20.0,,0,240.71,771,93.69,0.010000000000005116,0.010000000000005116,741,801,234.47,247.45,61
dia_20_mais,dia 20 sem pressao - Soja Heter,20.0,,0,240.92,772,93.7,0.010000000000005116,0.010000000000005116,742,802,234.67,247.66,61
dia_20_mais,dia 20 sem pressao - Soja Heter,20.0,,0,244.8,788,93.69,0.010000000000005116,0.010000000000005116,758,818,237.95,250.97,61
dia_20_mais,dia 20 sem pressao - Soja Heter,20.0,,0,245.0,789,93.7,0.010000000000005116,0.010000000000005116,759,819,238.15,251.17,61
dia_20_mais,dia 20 sem pressao - Soja Heter,20.0,,0,248.89,808,93.69,0.010000000000005116,0.010000000000005116,778,838,242.28,255.69,61
dia_20_mais,dia 20 sem pressao - Soja Heter,20.0,,0,249.09,809,93.7,0.010000000000005116,0.010000000000005116,779,839,242.79,255.89,61
dia_20_mais,dia 20 sem pressao - Soja Heter,20.0,,0,249.69,812,93.69,0.010000000000005116,0.010000000000005116,782,842,243.56,256.5,61
dia_20_mais,dia 20 sem pressao - Soja Heter,20.0,,0,249.93,813,93.7,0.010000000000005116,0.010000000000005116,783,843,243.76,256.7,61
dia_20_mais,dia 20 sem pressao - Soja Heter,20.0,,0,250.34,815,93.69,0.010000000000005116,0.010000000000005116,785,845,244.17,257.1,61
dia_20_mais,dia 20 sem pressao - Soja Heter,20.0,,0,250.53,816,93.7,0.010000000000005116,0.010000000000005116,786,846,244.37,257.3,61
dia_20_mais,dia 20 sem pressao - Soja Heter,20.0,,0,252.4,825,93.69,0.010000000000005116,0.010000000000005116,795,855,246.22,259.14,61
dia_20_mais,dia 20 sem pressao - Soja Heter,20.0,,0,252.6,826,93.7,0.010000000000005116,0.010000000000005116,796,856,246.44,259.34,61
dia_20_mais,dia 20 sem pressao - Soja Heter,20.0,,0,253.0,828,93.69,0.010000000000005116,0.010000000000005116,798,858,246.84,259.77,61
dia_20_mais,dia 20 sem pressao - Soja Heter,20.0,,0,253.2,829,93.7,0.010000000000005116,0.010000000000005116,799,859,247.04,259.98,61
dia_20_mais,dia 20 sem pressao - Soja Heter,20.0,,0,256.09,840,93.69,0.010000000000005116,0.010000000000005116,810,870,249.29,262.22,61
dia_20_mais,dia 20 sem pressao - Soja Heter,20.0,,0,256.3,841,93.7,0.010000000000005116,0.010000000000005116,811,871,249.49,262.42,61
dia_20_mais,dia 20 sem pressao - Soja Heter,20.0,,0,257.53,847,93.69,0.010000000000005116,0.010000000000005116,817,877,250.74,263.66,61
dia_20_mais,dia 20 sem pressao - Soja Heter,20.0,,0,257.73,848,93.7,0.010000000000005116,0.010000000000005116,818,878,250.97,263.86,61
dia_20_mais,dia 20 sem pressao - Soja Heter,20.0,,0,258.13,850,93.69,0.010000000000005116,0.010000000000005116,820,880,251.37,264.27,61
dia_20_mais,dia 20 sem pressao - Soja Heter,20.0,,0,258.34,851,93.7,0.010000000000005116,0.010000000000005116,821,881,251.57,264.47,61
dia_20_mais,dia 20 sem pressao - Soja Heter,20.0,,0,259.55,857,93.69,0.010000000000005116,0.010000000000005116,827,887,252.8,266.44,61
dia_20_mais,dia 20 sem pressao - Soja Heter,20.0,,0,259.77,858,93.7,0.010000000000005116,0.010000000000005116,828,888,253.0,266.64,61
dia_20_mais,dia 20 sem pressao - Soja Heter,20.0,,0,260.38,861,93.69,0.010000000000005116,0.010000000000005116,831,891,253.77,267.24,61
dia_20_mais,dia 20 sem pressao - Soja Heter,20.0,,0,260.58,862,93.7,0.010000000000005116,0.010000000000005116,832,892,254.28,267.45,61
dia_20_mais,dia 20 sem pressao - Soja Heter,20.0,,0,262.42,871,93.69,0.010000000000005116,0.010000000000005116,841,901,256.3,269.29,61
dia_20_mais,dia 20 sem pressao - Soja Heter,20.0,,0,262.82,873,93.7,0.010000000000005116,0.010000000000005116,843,903,256.7,269.7,61
dia_20_mais,dia 20 sem pressao - Soja Heter,20.0,,0,263.06,874,93.69,0.010000000000005116,0.010000000000005116,844,904,256.9,269.9,61
dia_20_mais,dia 20 sem pressao - Soja Heter,20.0,,0,263.26,875,93.7,0.010000000000005116,0.010000000000005116,845,905,257.1,270.1,61
dia_20_mais,dia 20 sem pressao - Soja Heter,20.0,,0,264.07,879,93.69,0.010000000000005116,0.010000000000005116,849,909,257.93,270.95,61
dia_20_mais,dia 20 sem pressao - Soja Heter,20.0,,0,264.47,881,93.7,0.010000000000005116,0.010000000000005116,851,911,258.34,271.36,61
dia_20_mais,dia 20 sem pressao - Soja Heter,20.0,,0,267.04,890,93.69,0.010000000000005116,0.010000000000005116,860,920,260.18,273.19,61
dia_20_mais,dia 20 sem pressao - Soja Heter,20.0,,0,267.24,891,93.7,0.010000000000005116,0.010000000000005116,861,921,260.38,273.39,61
dia_20_mais,dia 20 sem pressao - Soja Heter,20.0,,0,268.46,897,93.69,0.010000000000005116,0.010000000000005116,867,927,261.61,274.6,61
dia_20_mais,dia 20 sem pressao - Soja Heter,20.0,,0,268.69,898,93.7,0.010000000000005116,0.010000000000005116,868,928,261.82,274.8,61
dia_20_mais,dia 20 sem pressao - Soja Heter,20.0,,0,269.09,900,93.69,0.010000000000005116,0.010000000000005116,870,930,262.22,275.22,61
dia_20_mais,dia 20 sem pressao - Soja Heter,20.0,,0,269.49,902,93.7,0.010000000000005116,0.010000000000005116,872,932,262.62,275.66,61
dia_20_mais,dia 20 sem pressao - Soja Heter,20.0,,0,270.72,908,93.69,0.010000000000005116,0.010000000000005116,878,938,263.86,277.52,61
dia_20_mais,dia 20 sem pressao - Soja Heter,20.0,,0,271.36,911,93.7,0.010000000000005116,0.010000000000005116,881,941,264.47,278.12,61
dia_20_mais,dia 20 sem pressao - Soja Heter,20.0,,0,271.56,912,93.69,0.010000000000005116,0.010000000000005116,882,942,264.67,278.32,61
dia_20_mais,dia 20 sem pressao - Soja Heter,20.0,,0,271.76,913,93.7,0.010000000000005116,0.010000000000005116,883,943,265.03,278.52,61
dia_20_mais,dia 20 sem pressao - Soja Heter,20.0,,0,272.97,919,93.69,0.010000000000005116,0.010000000000005116,889,949,266.84,279.76,61
dia_20_mais,dia 20 sem pressao - Soja Heter,20.0,,0,273.19,920,93.7,0.010000000000005116,0.010000000000005116,890,950,267.04,279.96,61
dia_20_mais,dia 20 sem pressao - Soja Heter,20.0,,0,273.59,922,93.69,0.010000000000005116,0.010000000000005116,892,952,267.45,280.37,61
dia_20_mais,dia 20 sem pressao - Soja Heter,20.0,,0,273.79,923,93.7,0.010000000000005116,0.010000000000005116,893,953,267.65,280.59,61
dia_20_mais,dia 20 sem pressao - Soja Heter,20.0,,0,274.8,928,93.69,0.010000000000005116,0.010000000000005116,898,958,268.69,281.63,61
dia_20_mais,dia 20 sem pressao - Soja Heter,20.0,,0,275.22,930,93.7,0.010000000000005116,0.010000000000005116,900,960,269.09,282.03,61
dia_20_mais,dia 20 sem pressao - Soja Heter,20.0,,0,275.66,932,93.69,0.010000000000005116,0.010000000000005116,902,962,269.49,282.44,61
dia_20_mais,dia 20 sem pressao - Soja Heter,20.0,,0,275.86,933,93.7,0.010000000000005116,0.010000000000005116,903,963,269.7,282.64,61
dia_20_mais,dia 20 sem pressao - Soja Heter,20.0,,0,276.63,936,93.69,0.010000000000005116,0.010000000000005116,906,966,270.32,283.26,61
dia_20_mais,dia 20 sem pressao - Soja Heter,20.0,,0,277.92,940,93.7,0.010000000000005116,0.010000000000005116,910,970,271.16,284.07,61
dia_20_mais,dia 20 sem pressao - Soja Heter,20.0,,0,285.94,979,93.69,0.010000000000005116,0.010000000000005116,949,1009,279.76,292.81,61
dia_20_mais,dia 20 sem pressao - Soja Heter,20.0,,0,286.14,980,93.7,0.010000000000005116,0.010000000000005116,950,1010,279.96,293.01,61
dia_20_mais,dia 20 sem pressao - Soja Heter,20.0,,0,286.78,983,93.7,0.010000000000005116,0.010000000000005116,953,1013,280.59,293.61,61
dia_20_mais,dia 20 sem pressao - Soja Heter,20.0,,0,286.98,984,93.69,0.010000000000005116,0.010000000000005116,954,1014,280.79,293.81,61
dia_20_mais,dia 20 sem pressao - Soja Heter,20.0,,0,287.18,985,93.7,0.010000000000005116,0.010000000000005116,955,1015,281.02,294.01,61
dia_20_mais,dia 20 sem pressao - Soja Heter,20.0,,0,287.59,987,93.69,0.010000000000005116,0.010000000000005116,957,1017,281.43,294.41,61
dia_20_mais,dia 20 sem pressao - Soja Heter,20.0,,0,288.45,989,93.7,0.010000000000005116,0.010000000000005116,959,1019,281.83,294.82,61
dia_20_mais,dia 20 sem pressao - Soja Heter,20.0,,0,289.42,993,93.69,0.010000000000005116,0.010000000000005116,963,1023,282.64,295.62,61
dia_20_mais,dia 20 sem pressao - Soja Heter,20.0,,0,290.04,996,93.7,0.010000000000005116,0.010000000000005116,966,1026,283.26,296.25,61
dia_20_mais,dia 20 sem pressao - Soja Heter,20.0,,0,290.64,999,93.69,0.010000000000005116,0.010000000000005116,969,1029,283.87,296.86,61
dia_20_mais,dia 20 sem pressao - Soja Heter,20.0,,0,290.87,1000,93.7,0.010000000000005116,0.010000000000005116,970,1030,284.07,297.06,61
dia_20_mais,dia 20 sem pressao - Soja Heter,20.0,,0,291.08,1001,93.69,0.010000000000005116,0.010000000000005116,971,1031,284.28,297.26,61
dia_20_mais,dia 20 sem pressao - Soja Heter,20.0,,0,291.49,1003,93.7,0.010000000000005116,0.010000000000005116,973,1033,284.68,297.66,61
dia_20_mais,dia 20 sem pressao - Soja Heter,20.0,,0,291.69,1004,93.69,0.010000000000005116,0.010000000000005116,974,1034,284.88,297.86,61
dia_20_mais,dia 20 sem pressao - Soja Heter,20.0,,0,291.99,1005,93.7,0.010000000000005116,0.010000000000005116,975,1035,285.08,298.09,61
dia_20_mais,dia 20 sem pressao - Soja Heter,20.0,,0,292.61,1008,93.69,0.010000000000005116,0.010000000000005116,978,1038,285.74,298.69,61
dia_20_mais,dia 20 sem pressao - Soja Heter,20.0,,0,292.81,1009,93.7,0.010000000000005116,0.010000000000005116,979,1039,285.94,298.89,61
dia_20_mais,dia 20 sem pressao - Soja Heter,20.0,,0,293.01,1010,93.69,0.010000000000005116,0.010000000000005116,980,1040,286.14,299.1,61
dia_20_mais,dia 20 sem pressao - Soja Heter,20.0,,0,293.21,1011,93.7,0.010000000000005116,0.010000000000005116,981,1041,286.35,299.46,61
dia_20_mais,dia 20 sem pressao - Soja Heter,20.0,,0,293.41,1012,93.69,0.010000000000005116,0.010000000000005116,982,1042,286.58,299.97,61
dia_20_mais,dia 20 sem pressao - Soja Heter,20.0,,0,293.61,1013,93.7,0.010000000000005116,0.010000000000005116,983,1043,286.78,300.33,61
dia_20_mais,dia 20 sem pressao - Soja Heter,20.0,,0,294.01,1015,93.69,0.010000000000005116,0.010000000000005116,985,1045,287.18,300.73,61
dia_20_mais,dia 20 sem pressao - Soja Heter,20.0,,0,294.21,1016,93.7,0.010000000000005116,0.010000000000005116,986,1046,287.38,300.93,61
dia_20_mais,dia 20 sem pressao - Soja Heter,20.0,,0,295.84,1024,93.69,0.010000000000005116,0.010000000000005116,994,1054,289.63,302.59,61
dia_20_mais,dia 20 sem pressao - Soja Heter,20.0,,0,296.05,1025,93.7,0.010000000000005116,0.010000000000005116,995,1055,289.84,302.79,61
dia_20_mais,dia 20 sem pressao - Soja Heter,20.0,,0,296.25,1026,93.69,0.010000000000005116,0.010000000000005116,996,1056,290.04,302.99,61
dia_20_mais,dia 20 sem pressao - Soja Heter,20.0,,0,296.45,1027,93.7,0.010000000000005116,0.010000000000005116,997,1057,290.24,303.19,61
dia_20_mais,dia 20 sem pressao - Soja Heter,20.0,,0,298.29,1036,93.69,0.010000000000005116,0.010000000000005116,1006,1066,292.2,305.0,61
dia_20_mais,dia 20 sem pressao - Soja Heter,20.0,,0,298.49,1037,93.7,0.010000000000005116,0.010000000000005116,1007,1067,292.4,305.2,61
dia_20_mais,dia 20 sem pressao - Soja Heter,20.0,,0,298.69,1038,93.69,0.010000000000005116,0.010000000000005116,1008,1068,292.61,305.4,61
dia_20_mais,dia 20 sem pressao - Soja Heter,20.0,,0,299.1,1040,93.7,0.010000000000005116,0.010000000000005116,1010,1070,293.01,305.81,61
dia_20_mais,dia 20 sem pressao - Soja Heter,20.0,,0,299.46,1041,93.69,0.010000000000005116,0.010000000000005116,1011,1071,293.21,306.01,61
dia_20_mais,dia 20 sem pressao - Soja Heter,20.0,,0,299.97,1042,93.7,0.010000000000005116,0.010000000000005116,1012,1072,293.41,306.21,61
dia_20_mais,dia 20 sem pressao - Soja Heter,20.0,,0,300.33,1043,93.69,0.010000000000005116,0.010000000000005116,1013,1073,293.61,306.42,61
dia_20_mais,dia 20 sem pressao - Soja Heter,20.0,,0,300.73,1045,93.7,0.010000000000005116,0.010000000000005116,1015,1075,294.01,306.82,61
dia_20_mais,dia 20 sem pressao - Soja Heter,20.0,,0,300.93,1046,93.69,0.010000000000005116,0.010000000000005116,1016,1076,294.21,307.05,61
dia_20_mais,dia 20 sem pressao - Soja Heter,20.0,,0,301.15,1047,93.7,0.010000000000005116,0.010000000000005116,1017,1077,294.41,307.25,61
dia_20_mais,dia 20 sem pressao - Soja Heter,20.0,,0,301.35,1048,93.69,0.010000000000005116,0.010000000000005116,1018,1078,294.62,307.45,61
dia_20_mais,dia 20 sem pressao - Soja Heter,20.0,,0,301.98,1051,93.7,0.010000000000005116,0.010000000000005116,1021,1081,295.22,308.06,61
dia_20_mais,dia 20 sem pressao - Soja Heter,20.0,,0,303.19,1057,93.69,0.010000000000005116,0.010000000000005116,1027,1087,296.45,309.31,61
dia_20_mais,dia 20 sem pressao - Soja Heter,20.0,,0,303.39,1058,93.7,0.010000000000005116,0.010000000000005116,1028,1088,296.65,309.5,61
dia_20_mais,dia 20 sem pressao - Soja Heter,20.0,,0,303.59,1059,93.69,0.010000000000005116,0.010000000000005116,1029,1089,296.86,309.7,61
dia_20_mais,dia 20 sem pressao - Soja Heter,20.0,,0,303.99,1061,93.7,0.010000000000005116,0.010000000000005116,1031,1091,297.26,310.11,61
dia_20_mais,dia 20 sem pressao - Soja Heter,20.0,,0,304.19,1062,93.69,0.010000000000005116,0.010000000000005116,1032,1092,297.46,310.31,61
dia_20_mais,dia 20 sem pressao - Soja Heter,20.0,,0,304.39,1063,93.7,0.010000000000005116,0.010000000000005116,1033,1093,297.66,310.67,61
dia_20_mais,dia 20 sem pressao - Soja Heter,20.0,,0,304.6,1064,93.69,0.010000000000005116,0.010000000000005116,1034,1094,297.86,311.19,61
dia_20_mais,dia 20 sem pressao - Soja Heter,20.0,,0,304.8,1065,93.7,0.010000000000005116,0.010000000000005116,1035,1095,298.09,311.56,61
dia_20_mais,dia 20 sem pressao - Soja Heter,20.0,,0,305.0,1066,93.69,0.010000000000005116,0.010000000000005116,1036,1096,298.29,311.79,61
dia_20_mais,dia 20 sem pressao - Soja Heter,20.0,,0,305.2,1067,93.7,0.010000000000005116,0.010000000000005116,1037,1097,298.49,311.98,61
dia_20_mais,dia 20 sem pressao - Soja Heter,20.0,,0,305.6,1069,93.69,0.010000000000005116,0.010000000000005116,1039,1099,298.89,312.39,61
dia_20_mais,dia 20 sem pressao - Soja Heter,20.0,,0,306.01,1071,93.7,0.010000000000005116,0.010000000000005116,1041,1101,299.46,312.81,61
dia_20_mais,dia 20 sem pressao - Soja Heter,20.0,,0,306.21,1072,93.69,0.010000000000005116,0.010000000000005116,1042,1102,299.97,313.01,61
dia_20_mais,dia 20 sem pressao - Soja Heter,20.0,,0,306.62,1074,93.7,0.010000000000005116,0.010000000000005116,1044,1104,300.53,313.41,61
dia_20_mais,dia 20 sem pressao - Soja Heter,20.0,,0,307.05,1076,93.69,0.010000000000005116,0.010000000000005116,1046,1106,300.93,313.82,61
dia_20_mais,dia 20 sem pressao - Soja Heter,20.0,,0,307.65,1079,93.7,0.010000000000005116,0.010000000000005116,1049,1109,301.58,314.43,61
dia_20_mais,dia 20 sem pressao - Soja Heter,20.0,,0,308.06,1081,93.69,0.010000000000005116,0.010000000000005116,1051,1111,301.98,314.83,61
dia_20_mais,dia 20 sem pressao - Soja Heter,20.0,,0,308.47,1083,93.7,0.010000000000005116,0.010000000000005116,1053,1113,302.38,315.25,61
dia_20_mais,dia 20 sem pressao - Soja Heter,20.0,,0,308.67,1084,93.69,0.010000000000005116,0.010000000000005116,1054,1114,302.59,315.45,61
dia_20_mais,dia 20 sem pressao - Soja Heter,20.0,,0,309.31,1087,93.7,0.010000000000005116,0.010000000000005116,1057,1117,303.19,316.05,61
dia_20_mais,dia 20 sem pressao - Soja Heter,20.0,,0,309.7,1089,93.69,0.010000000000005116,0.010000000000005116,1059,1119,303.59,316.46,61
dia_20_mais,dia 20 sem pressao - Soja Heter,20.0,,0,309.9,1090,93.7,0.010000000000005116,0.010000000000005116,1060,1120,303.79,316.69,61
dia_20_mais,dia 20 sem pressao - Soja Heter,20.0,,0,310.31,1092,93.69,0.010000000000005116,0.010000000000005116,1062,1122,304.19,317.09,61
dia_20_mais,dia 20 sem pressao - Soja Heter,20.0,,0,310.67,1093,93.7,0.010000000000005116,0.010000000000005116,1063,1123,304.39,317.29,61
dia_20_mais,dia 20 sem pressao - Soja Heter,20.0,,0,311.19,1094,93.69,0.010000000000005116,0.010000000000005116,1064,1124,304.6,317.51,61
dia_20_mais,dia 20 sem pressao - Soja Heter,20.0,,0,311.56,1095,93.7,0.010000000000005116,0.010000000000005116,1065,1125,304.8,317.71,61
dia_20_mais,dia 20 sem pressao - Soja Heter,20.0,,0,312.39,1099,93.69,0.010000000000005116,0.010000000000005116,1069,1129,305.6,318.63,61
dia_20_mais,dia 20 sem pressao - Soja Heter,20.0,,0,312.81,1101,93.7,0.010000000000005116,0.010000000000005116,1071,1131,306.01,319.03,61
dia_20_mais,dia 20 sem pressao - Soja Heter,20.0,,0,313.41,1104,93.69,0.010000000000005116,0.010000000000005116,1074,1134,306.62,319.64,61
dia_20_mais,dia 20 sem pressao - Soja Heter,20.0,,0,314.23,1108,93.7,0.010000000000005116,0.010000000000005116,1078,1138,307.45,320.44,61
dia_20_mais,dia 20 sem pressao - Soja Heter,20.0,,0,314.43,1109,93.69,0.010000000000005116,0.010000000000005116,1079,1139,307.65,320.64,61
dia_20_mais,dia 20 sem pressao - Soja Heter,20.0,,0,314.83,1111,93.7,0.010000000000005116,0.010000000000005116,1081,1141,308.06,321.07,61
dia_20_mais,dia 20 sem pressao - Soja Heter,20.0,,0,315.04,1112,93.69,0.010000000000005116,0.010000000000005116,1082,1142,308.27,321.27,61
dia_20_mais,dia 20 sem pressao - Soja Heter,20.0,,0,315.25,1113,93.7,0.010000000000005116,0.010000000000005116,1083,1143,308.47,321.47,61
dia_20_mais,dia 20 sem pressao - Soja Heter,20.0,,0,315.45,1114,93.69,0.010000000000005116,0.010000000000005116,1084,1144,308.67,321.7,61
dia_20_mais,dia 20 sem pressao - Soja Heter,20.0,,0,315.65,1115,93.7,0.010000000000005116,0.010000000000005116,1085,1145,308.87,321.9,61
dia_20_mais,dia 20 sem pressao - Soja Heter,20.0,,0,315.85,1116,93.69,0.010000000000005116,0.010000000000005116,1086,1146,309.07,322.26,61
dia_20_mais,dia 20 sem pressao - Soja Heter,20.0,,0,316.05,1117,93.7,0.010000000000005116,0.010000000000005116,1087,1147,309.31,322.77,61
dia_20_mais,dia 20 sem pressao - Soja Heter,20.0,,0,316.26,1118,93.69,0.010000000000005116,0.010000000000005116,1088,1148,309.5,323.14,61
dia_20_mais,dia 20 sem pressao - Soja Heter,20.0,,0,316.46,1119,93.7,0.010000000000005116,0.010000000000005116,1089,1149,309.7,323.49,61
dia_20_mais,dia 20 sem pressao - Soja Heter,20.0,,0,316.69,1120,93.69,0.010000000000005116,0.010000000000005116,1090,1150,309.9,323.69,61
dia_20_mais,dia 20 sem pressao - Soja Heter,20.0,,0,316.89,1121,93.7,0.010000000000005116,0.010000000000005116,1091,1151,310.11,323.89,61
dia_20_mais,dia 20 sem pressao - Soja Heter,20.0,,0,317.71,1125,93.69,0.010000000000005116,0.010000000000005116,1095,1155,311.56,324.7,61
dia_20_mais,dia 20 sem pressao - Soja Heter,20.0,,0,317.91,1126,93.7,0.010000000000005116,0.010000000000005116,1096,1156,311.79,324.9,61
dia_20_mais,dia 20 sem pressao - Soja Heter,20.0,,0,318.63,1129,93.69,0.010000000000005116,0.010000000000005116,1099,1159,312.39,325.53,61
dia_20_mais,dia 20 sem pressao - Soja Heter,20.0,,0,318.83,1130,93.7,0.010000000000005116,0.010000000000005116,1100,1160,312.59,325.73,61
dia_20_mais,dia 20 sem pressao - Soja Heter,20.0,,0,319.43,1133,93.69,0.010000000000005116,0.010000000000005116,1103,1163,313.21,326.33,61
dia_20_mais,dia 20 sem pressao - Soja Heter,20.0,,0,319.64,1134,93.7,0.010000000000005116,0.010000000000005116,1104,1164,313.41,326.54,61
dia_20_mais,dia 20 sem pressao - Soja Heter,20.0,,0,319.84,1135,93.69,0.010000000000005116,0.010000000000005116,1105,1165,313.61,326.74,61
dia_20_mais,dia 20 sem pressao - Soja Heter,20.0,,0,320.44,1138,93.7,0.010000000000005116,0.010000000000005116,1108,1168,314.23,327.35,61
dia_20_mais,dia 20 sem pressao - Soja Heter,20.0,,0,321.7,1144,93.69,0.010000000000005116,0.010000000000005116,1114,1174,315.45,328.58,61
dia_20_mais,dia 20 sem pressao - Soja Heter,20.0,,0,322.77,1147,93.7,0.010000000000005116,0.010000000000005116,1117,1177,316.05,329.18,61
dia_20_mais,dia 20 sem pressao - Soja Heter,20.0,,0,323.14,1148,93.69,0.010000000000005116,0.010000000000005116,1118,1178,316.26,329.38,61
dia_20_mais,dia 20 sem pressao - Soja Heter,20.0,,0,323.49,1149,93.7,0.010000000000005116,0.010000000000005116,1119,1179,316.46,329.59,61
dia_20_mais,dia 20 sem pressao - Soja Heter,20.0,,0,323.69,1150,93.69,0.010000000000005116,0.010000000000005116,1120,1180,316.69,329.8,61
dia_20_mais,dia 20 sem pressao - Soja Heter,20.0,,0,323.89,1151,93.7,0.010000000000005116,0.010000000000005116,1121,1181,316.89,330.0,61
dia_20_mais,dia 20 sem pressao - Soja Heter,20.0,,0,324.1,1152,93.69,0.010000000000005116,0.010000000000005116,1122,1182,317.09,330.2,61
dia_20_mais,dia 20 sem pressao - Soja Heter,20.0,,0,324.3,1153,93.7,0.010000000000005116,0.010000000000005116,1123,1183,317.29,330.4,61
dia_20_mais,dia 20 sem pressao - Soja Heter,20.0,,0,324.7,1155,93.69,0.010000000000005116,0.010000000000005116,1125,1185,317.71,330.82,61
dia_20_mais,dia 20 sem pressao - Soja Heter,20.0,,0,325.1,1157,93.7,0.010000000000005116,0.010000000000005116,1127,1187,318.11,331.22,61
dia_20_mais,dia 20 sem pressao - Soja Heter,20.0,,0,325.33,1158,93.69,0.010000000000005116,0.010000000000005116,1128,1188,318.42,331.42,61
dia_20_mais,dia 20 sem pressao - Soja Heter,20.0,,0,325.73,1160,93.7,0.010000000000005116,0.010000000000005116,1130,1190,318.83,331.82,61
dia_20_mais,dia 20 sem pressao - Soja Heter,20.0,,0,325.93,1161,93.69,0.010000000000005116,0.010000000000005116,1131,1191,319.03,332.05,61
dia_20_mais,dia 20 sem pressao - Soja Heter,20.0,,0,327.58,1169,93.7,0.010000000000005116,0.010000000000005116,1139,1199,320.64,334.14,61
dia_20_mais,dia 20 sem pressao - Soja Heter,20.0,,0,328.98,1176,93.69,0.010000000000005116,0.010000000000005116,1146,1206,322.26,335.71,61
dia_20_mais,dia 20 sem pressao - Soja Heter,20.0,,0,329.59,1179,93.7,0.010000000000005116,0.010000000000005116,1149,1209,323.49,336.31,61
dia_20_mais,dia 20 sem pressao - Soja Heter,20.0,,0,330.4,1183,93.69,0.010000000000005116,0.010000000000005116,1153,1213,324.3,337.14,61
dia_20_mais,dia 20 sem pressao - Soja Heter,20.0,,0,330.82,1185,93.7,0.010000000000005116,0.010000000000005116,1155,1215,324.7,337.55,61
dia_20_mais,dia 20 sem pressao - Soja Heter,20.0,,0,331.02,1186,93.69,0.010000000000005116,0.010000000000005116,1156,1216,324.9,337.75,61
dia_20_mais,dia 20 sem pressao - Soja Heter,20.0,,0,331.22,1187,93.7,0.010000000000005116,0.010000000000005116,1157,1217,325.1,337.95,61
dia_20_mais,dia 20 sem pressao - Soja Heter,20.0,,0,332.26,1192,93.69,0.010000000000005116,0.010000000000005116,1162,1222,326.13,338.98,61
dia_20_mais,dia 20 sem pressao - Soja Heter,20.0,,0,332.45,1193,93.7,0.010000000000005116,0.010000000000005116,1163,1223,326.33,339.18,61
dia_20_mais,dia 20 sem pressao - Soja Heter,20.0,,0,333.26,1197,93.69,0.010000000000005116,0.010000000000005116,1167,1227,327.14,339.99,61
dia_20_mais,dia 20 sem pressao - Soja Heter,20.0,,0,334.14,1199,93.7,0.010000000000005116,0.010000000000005116,1169,1229,327.58,340.39,61
dia_20_mais,dia 20 sem pressao - Soja Heter,20.0,,0,335.1,1203,93.69,0.010000000000005116,0.010000000000005116,1173,1233,328.38,341.22,61
dia_20_mais,dia 20 sem pressao - Soja Heter,20.0,,0,335.31,1204,93.7,0.010000000000005116,0.010000000000005116,1174,1234,328.58,341.42,61
dia_20_mais,dia 20 sem pressao - Soja Heter,20.0,,0,335.71,1206,93.69,0.010000000000005116,0.010000000000005116,1176,1236,328.98,341.82,61
dia_20_mais,dia 20 sem pressao - Soja Heter,20.0,,0,335.91,1207,93.7,0.010000000000005116,0.010000000000005116,1177,1237,329.18,342.02,61
dia_20_mais,dia 20 sem pressao - Soja Heter,20.0,,0,336.31,1209,93.69,0.010000000000005116,0.010000000000005116,1179,1239,329.59,342.45,61
dia_20_mais,dia 20 sem pressao - Soja Heter,20.0,,0,336.54,1210,93.7,0.010000000000005116,0.010000000000005116,1180,1240,329.8,342.65,61
dia_20_mais,dia 20 sem pressao - Soja Heter,20.0,,0,336.73,1211,93.69,0.010000000000005116,0.010000000000005116,1181,1241,330.0,342.85,61
dia_20_mais,dia 20 sem pressao - Soja Heter,20.0,,0,337.34,1214,93.7,0.010000000000005116,0.010000000000005116,1184,1244,330.6,343.48,61
dia_20_mais,dia 20 sem pressao - Soja Heter,20.0,,0,337.55,1215,93.69,0.010000000000005116,0.010000000000005116,1185,1245,330.82,343.68,61
dia_20_mais,dia 20 sem pressao - Soja Heter,20.0,,0,337.75,1216,93.7,0.010000000000005116,0.010000000000005116,1186,1246,331.02,343.88,61
dia_20_mais,dia 20 sem pressao - Soja Heter,20.0,,0,337.95,1217,93.69,0.010000000000005116,0.010000000000005116,1187,1247,331.22,344.08,61
dia_20_mais,dia 20 sem pressao - Soja Heter,20.0,,0,338.35,1219,93.7,0.010000000000005116,0.010000000000005116,1189,1249,331.62,344.49,61
dia_20_mais,dia 20 sem pressao - Soja Heter,20.0,,0,338.98,1222,93.69,0.010000000000005116,0.010000000000005116,1192,1252,332.26,345.5,61
dia_20_mais,dia 20 sem pressao - Soja Heter,20.0,,0,339.18,1223,93.7,0.010000000000005116,0.010000000000005116,1193,1253,332.45,346.02,61
dia_20_mais,dia 20 sem pressao - Soja Heter,20.0,,0,339.38,1224,93.69,0.010000000000005116,0.010000000000005116,1194,1254,332.65,346.22,61
dia_20_mais,dia 20 sem pressao - Soja Heter,20.0,,0,339.79,1226,93.7,0.010000000000005116,0.010000000000005116,1196,1256,333.07,346.64,61
dia_20_mais,dia 20 sem pressao - Soja Heter,20.0,,0,340.19,1228,93.69,0.010000000000005116,0.010000000000005116,1198,1258,333.62,347.05,61
dia_20_mais,dia 20 sem pressao - Soja Heter,20.0,,0,340.59,1230,93.7,0.010000000000005116,0.010000000000005116,1200,1260,334.5,347.45,61
dia_20_mais,dia 20 sem pressao - Soja Heter,20.0,,0,340.79,1231,93.69,0.010000000000005116,0.010000000000005116,1201,1261,334.7,347.66,61
dia_20_mais,dia 20 sem pressao - Soja Heter,20.0,,0,342.65,1240,93.7,0.010000000000005116,0.010000000000005116,1210,1270,336.54,349.49,61
dia_20_mais,dia 20 sem pressao - Soja Heter,20.0,,0,342.85,1241,93.69,0.010000000000005116,0.010000000000005116,1211,1271,336.73,349.69,61
dia_20_mais,dia 20 sem pressao - Soja Heter,20.0,,0,343.05,1242,93.7,0.010000000000005116,0.010000000000005116,1212,1272,336.94,349.89,61
dia_20_mais,dia 20 sem pressao - Soja Heter,20.0,,0,343.28,1243,93.69,0.010000000000005116,0.010000000000005116,1213,1273,337.14,350.11,61
dia_20_mais,dia 20 sem pressao - Soja Heter,20.0,,0,343.68,1245,93.7,0.010000000000005116,0.010000000000005116,1215,1275,337.55,350.51,61
dia_20_mais,dia 20 sem pressao - Soja Heter,20.0,,0,343.88,1246,93.69,0.010000000000005116,0.010000000000005116,1216,1276,337.75,350.7,61
dia_20_mais,dia 20 sem pressao - Soja Heter,20.0,,0,346.64,1256,93.7,0.010000000000005116,0.010000000000005116,1226,1286,339.79,352.76,61
dia_20_mais,dia 20 sem pressao - Soja Heter,20.0,,0,346.84,1257,93.69,0.010000000000005116,0.010000000000005116,1227,1287,339.99,352.96,61
dia_20_mais,dia 20 sem pressao - Soja Heter,20.0,,0,347.25,1259,93.7,0.010000000000005116,0.010000000000005116,1229,1289,340.39,353.39,61
dia_20_mais,dia 20 sem pressao - Soja Heter,20.0,,0,347.88,1262,93.69,0.010000000000005116,0.010000000000005116,1232,1292,341.02,353.99,61
dia_20_mais,dia 20 sem pressao - Soja Heter,20.0,,0,348.89,1267,93.7,0.010000000000005116,0.010000000000005116,1237,1297,342.02,355.0,61
dia_20_mais,dia 20 sem pressao - Soja Heter,20.0,,0,350.11,1273,93.69,0.010000000000005116,0.010000000000005116,1243,1303,343.28,356.36,61
dia_20_mais,dia 20 sem pressao - Soja Heter,20.0,,0,350.31,1274,93.7,0.010000000000005116,0.010000000000005116,1244,1304,343.48,356.86,61
dia_20_mais,dia 20 sem pressao - Soja Heter,20.0,,0,350.7,1276,93.69,0.010000000000005116,0.010000000000005116,1246,1306,343.88,357.43,61
dia_20_mais,dia 20 sem pressao - Soja Heter,20.0,,0,350.91,1277,93.7,0.010000000000005116,0.010000000000005116,1247,1307,344.08,357.65,61
dia_20_mais,dia 20 sem pressao - Soja Heter,20.0,,0,351.32,1279,93.69,0.010000000000005116,0.010000000000005116,1249,1309,344.49,358.07,61
dia_20_mais,dia 20 sem pressao - Soja Heter,20.0,,0,351.52,1280,93.7,0.010000000000005116,0.010000000000005116,1250,1310,344.69,358.27,61
dia_20_mais,dia 20 sem pressao - Soja Heter,20.0,,0,352.13,1283,93.69,0.010000000000005116,0.010000000000005116,1253,1313,346.02,358.88,61
dia_20_mais,dia 20 sem pressao - Soja Heter,20.0,,0,352.56,1285,93.7,0.010000000000005116,0.010000000000005116,1255,1315,346.42,359.29,61
dia_20_mais,dia 20 sem pressao - Soja Heter,20.0,,0,352.76,1286,93.69,0.010000000000005116,0.010000000000005116,1256,1316,346.64,359.49,61
dia_20_mais,dia 20 sem pressao - Soja Heter,20.0,,0,352.96,1287,93.7,0.010000000000005116,0.010000000000005116,1257,1317,346.84,359.69,61
dia_20_mais,dia 20 sem pressao - Soja Heter,20.0,,0,353.16,1288,93.69,0.010000000000005116,0.010000000000005116,1258,1318,347.05,359.89,61
dia_20_mais,dia 20 sem pressao - Soja Heter,20.0,,0,353.39,1289,93.7,0.010000000000005116,0.010000000000005116,1259,1319,347.25,360.1,61
dia_20_mais,dia 20 sem pressao - Soja Heter,20.0,,0,353.79,1291,93.69,0.010000000000005116,0.010000000000005116,1261,1321,347.66,360.49,61
dia_20_mais,dia 20 sem pressao - Soja Heter,20.0,,0,353.99,1292,93.7,0.010000000000005116,0.010000000000005116,1262,1322,347.88,360.69,61
dia_20_mais,dia 20 sem pressao - Soja Heter,20.0,,0,354.19,1293,93.69,0.010000000000005116,0.010000000000005116,1263,1323,348.08,360.89,61
dia_20_mais,dia 20 sem pressao - Soja Heter,20.0,,0,354.39,1294,93.7,0.010000000000005116,0.010000000000005116,1264,1324,348.28,361.1,61
dia_20_mais,dia 20 sem pressao - Soja Heter,20.0,,0,354.59,1295,93.69,0.010000000000005116,0.010000000000005116,1265,1325,348.48,361.3,61
dia_20_mais,dia 20 sem pressao - Soja Heter,20.0,,0,355.8,1301,93.7,0.010000000000005116,0.010000000000005116,1271,1331,349.69,362.52,61
dia_20_mais,dia 20 sem pressao - Soja Heter,20.0,,0,356.0,1302,93.69,0.010000000000005116,0.010000000000005116,1272,1332,349.89,362.75,61
dia_20_mais,dia 20 sem pressao - Soja Heter,20.0,,0,361.7,1327,93.7,0.010000000000005116,0.010000000000005116,1297,1357,355.0,368.31,61
dia_20_mais,dia 20 sem pressao - Soja Heter,20.0,,0,361.9,1328,93.69,0.010000000000005116,0.010000000000005116,1298,1358,355.2,368.67,61
dia_20_mais,dia 20 sem pressao - Soja Heter,20.0,,0,364.16,1339,93.7,0.010000000000005116,0.010000000000005116,1309,1369,358.07,370.91,61
dia_20_mais,dia 20 sem pressao - Soja Heter,20.0,,0,364.36,1340,93.69,0.010000000000005116,0.010000000000005116,1310,1370,358.27,371.11,61
dia_20_mais,dia 20 sem pressao - Soja Heter,20.0,,0,364.99,1343,93.7,0.010000000000005116,0.010000000000005116,1313,1373,358.88,371.82,61
dia_20_mais,dia 20 sem pressao - Soja Heter,20.0,,0,365.19,1344,93.69,0.010000000000005116,0.010000000000005116,1314,1374,359.09,372.02,61
dia_20_mais,dia 20 sem pressao - Soja Heter,20.0,,0,365.39,1345,93.7,0.010000000000005116,0.010000000000005116,1315,1375,359.29,372.22,61
dia_20_mais,dia 20 sem pressao - Soja Heter,20.0,,0,365.6,1346,93.69,0.010000000000005116,0.010000000000005116,1316,1376,359.49,372.43,61
dia_20_mais,dia 20 sem pressao - Soja Heter,20.0,,0,366.0,1348,93.7,0.010000000000005116,0.010000000000005116,1318,1378,359.89,372.84,61
dia_20_mais,dia 20 sem pressao - Soja Heter,20.0,,0,366.21,1349,93.69,0.010000000000005116,0.010000000000005116,1319,1379,360.1,373.04,61
dia_20_mais,dia 20 sem pressao - Soja Heter,20.0,,0,366.41,1350,93.7,0.010000000000005116,0.010000000000005116,1320,1380,360.3,373.24,61
dia_20_mais,dia 20 sem pressao - Soja Heter,20.0,,0,367.43,1355,93.69,0.010000000000005116,0.010000000000005116,1325,1385,361.3,374.28,61
dia_20_mais,dia 20 sem pressao - Soja Heter,20.0,,0,368.31,1357,93.7,0.010000000000005116,0.010000000000005116,1327,1387,361.7,374.69,61
dia_20_mais,dia 20 sem pressao - Soja Heter,20.0,,0,368.67,1358,93.69,0.010000000000005116,0.010000000000005116,1328,1388,361.9,374.89,61
dia_20_mais,dia 20 sem pressao - Soja Heter,20.0,,0,369.27,1361,93.7,0.010000000000005116,0.010000000000005116,1331,1391,362.52,375.49,61
dia_20_mais,dia 20 sem pressao - Soja Heter,20.0,,0,369.47,1362,93.69,0.010000000000005116,0.010000000000005116,1332,1392,362.75,375.7,61
dia_20_mais,dia 20 sem pressao - Soja Heter,20.0,,0,369.68,1363,93.7,0.010000000000005116,0.010000000000005116,1333,1393,362.95,375.93,61
dia_20_mais,dia 20 sem pressao - Soja Heter,20.0,,0,369.87,1364,93.69,0.010000000000005116,0.010000000000005116,1334,1394,363.15,376.13,61
dia_20_mais,dia 20 sem pressao - Soja Heter,20.0,,0,370.07,1365,93.7,0.010000000000005116,0.010000000000005116,1335,1395,363.35,376.33,61
dia_20_mais,dia 20 sem pressao - Soja Heter,20.0,,0,370.51,1367,93.69,0.010000000000005116,0.010000000000005116,1337,1397,363.76,376.73,61
dia_20_mais,dia 20 sem pressao - Soja Heter,20.0,,0,371.11,1370,93.7,0.010000000000005116,0.010000000000005116,1340,1400,364.36,377.35,61
dia_20_mais,dia 20 sem pressao - Soja Heter,20.0,,0,371.32,1371,93.69,0.010000000000005116,0.010000000000005116,1341,1401,364.59,377.55,61
dia_20_mais,dia 20 sem pressao - Soja Heter,20.0,,0,371.62,1372,93.7,0.010000000000005116,0.010000000000005116,1342,1402,364.79,377.75,61
dia_20_mais,dia 20 sem pressao - Soja Heter,20.0,,0,371.82,1373,93.69,0.010000000000005116,0.010000000000005116,1343,1403,364.99,377.96,61
dia_20_mais,dia 20 sem pressao - Soja Heter,20.0,,0,372.02,1374,93.7,0.010000000000005116,0.010000000000005116,1344,1404,365.19,378.17,61
dia_20_mais,dia 20 sem pressao - Soja Heter,20.0,,0,372.22,1375,93.69,0.010000000000005116,0.010000000000005116,1345,1405,365.39,378.37,61
dia_20_mais,dia 20 sem pressao - Soja Heter,20.0,,0,372.43,1376,93.7,0.010000000000005116,0.010000000000005116,1346,1406,365.6,378.57,61
dia_20_mais,dia 20 sem pressao - Soja Heter,20.0,,0,372.63,1377,93.69,0.010000000000005116,0.010000000000005116,1347,1407,365.8,378.77,61
dia_20_mais,dia 20 sem pressao - Soja Heter,20.0,,0,373.04,1379,93.7,0.010000000000005116,0.010000000000005116,1349,1409,366.21,379.33,61
dia_20_mais,dia 20 sem pressao - Soja Heter,20.0,,0,373.68,1382,93.69,0.010000000000005116,0.010000000000005116,1352,1412,366.84,380.42,61
dia_20_mais,dia 20 sem pressao - Soja Heter,20.0,,0,373.88,1383,93.7,0.010000000000005116,0.010000000000005116,1353,1413,367.04,380.62,61
dia_20_mais,dia 20 sem pressao - Soja Heter,20.0,,0,374.08,1384,93.69,0.010000000000005116,0.010000000000005116,1354,1414,367.24,380.82,61
dia_20_mais,dia 20 sem pressao - Soja Heter,20.0,,0,375.49,1391,93.7,0.010000000000005116,0.010000000000005116,1361,1421,369.27,382.23,61
dia_20_mais,dia 20 sem pressao - Soja Heter,20.0,,0,375.7,1392,93.69,0.010000000000005116,0.010000000000005116,1362,1422,369.47,382.43,61
dia_20_mais,dia 20 sem pressao - Soja Heter,20.0,,0,375.93,1393,93.7,0.010000000000005116,0.010000000000005116,1363,1423,369.68,382.63,61
dia_20_mais,dia 20 sem pressao - Soja Heter,20.0,,0,376.33,1395,93.69,0.010000000000005116,0.010000000000005116,1365,1425,370.07,383.1,61
dia_20_mais,dia 20 sem pressao - Soja Heter,20.0,,0,376.73,1397,93.7,0.010000000000005116,0.010000000000005116,1367,1427,370.51,383.5,61
dia_20_mais,dia 20 sem pressao - Soja Heter,20.0,,0,376.94,1398,93.69,0.010000000000005116,0.010000000000005116,1368,1428,370.7,383.7,61
dia_20_mais,dia 20 sem pressao - Soja Heter,20.0,,0,377.96,1403,93.7,0.010000000000005116,0.010000000000005116,1373,1433,371.82,384.72,61
dia_20_mais,dia 20 sem pressao - Soja Heter,20.0,,0,378.37,1405,93.69,0.010000000000005116,0.010000000000005116,1375,1435,372.22,385.13,61
dia_20_mais,dia 20 sem pressao - Soja Heter,20.0,,0,389.19,1455,93.7,0.010000000000005116,0.010000000000005116,1425,1485,383.1,396.0,61
dia_20_mais,Página3,20.0,,0,72.16,1580,93.73,0.010000000000005116,0.010000000000005116,1579,1610,71.96,78.23,32
dia_20_mais,Página3,20.0,,0,72.35,1581,93.72,0.010000000000005116,0.010000000000005116,1579,1611,71.96,78.53,33
dia_20_mais,Página3,20.0,,0,77.01,1604,93.71,0.010000000000005116,0.010000000000005116,1579,1634,71.96,83.84,56
dia_20_mais,Página3,20.0,,0,77.21,1605,93.72,0.010000000000005116,0.010000000000005116,1579,1635,71.96,84.04,57
dia_20_mais,Página3,20.0,,0,77.61,1607,93.71,0.010000000000005116,0.010000000000005116,1579,1637,71.96,84.43,59
dia_20_mais,Página3,20.0,,0,77.81,1608,93.72,0.010000000000005116,0.010000000000005116,1579,1638,71.96,84.63,60
dia_20_mais,Página3,20.0,,0,78.53,1611,93.71,0.010000000000005116,0.010000000000005116,1581,1641,72.35,85.26,61
dia_20_mais,Página3,20.0,,0,79.13,1614,93.72,0.010000000000005116,0.010000000000005116,1584,1644,72.96,85.86,61
dia_20_mais,Página3,20.0,,0,79.34,1615,93.71,0.010000000000005116,0.010000000000005116,1585,1645,73.15,86.07,61
dia_20_mais,Página3,20.0,,0,79.54,1616,93.72,0.010000000000005116,0.010000000000005116,1586,1646,73.36,86.27,61
dia_20_mais,Página3,20.0,,0,80.17,1619,93.71,0.010000000000005116,0.010000000000005116,1589,1649,73.98,86.87,61
dia_20_mais,Página3,20.0,,0,80.39,1620,93.72,0.010000000000005116,0.010000000000005116,1590,1650,74.17,87.09,61
dia_20_mais,Página3,20.0,,0,81.61,1623,93.71,0.010000000000005116,0.010000000000005116,1593,1653,74.8,87.69,61
dia_20_mais,Página3,20.0,,0,81.81,1624,93.72,0.010000000000005116,0.010000000000005116,1594,1654,74.99,87.88,61
dia_20_mais,Página3,20.0,,0,82.21,1626,93.71,0.010000000000005116,0.010000000000005116,1596,1656,75.39,88.3,61
dia_20_mais,Página3,20.0,,0,82.64,1628,93.72,0.010000000000005116,0.010000000000005116,1598,1658,75.79,88.69,61
dia_20_mais,Página3,20.0,,0,84.24,1636,93.71,0.010000000000005116,0.010000000000005116,1606,1666,77.41,90.35,61
dia_20_mais,Página3,20.0,,0,84.43,1637,93.72,0.010000000000005116,0.010000000000005116,1607,1667,77.61,90.55,61
dia_20_mais,Página3,20.0,,0,84.63,1638,93.71,0.010000000000005116,0.010000000000005116,1608,1668,77.81,90.74,61
dia_20_mais,Página3,20.0,,0,84.84,1639,93.72,0.010000000000005116,0.010000000000005116,1609,1669,78.01,90.94,61
dia_20_mais,Página3,20.0,,0,86.07,1645,93.71,0.010000000000005116,0.010000000000005116,1615,1675,79.34,92.16,61
dia_20_mais,Página3,20.0,,0,86.27,1646,93.72,0.010000000000005116,0.010000000000005116,1616,1676,79.54,92.52,61
dia_20_mais,Página3,20.0,,0,86.67,1648,93.71,0.010000000000005116,0.010000000000005116,1618,1678,79.97,93.39,61
dia_20_mais,Página3,20.0,,0,86.87,1649,93.72,0.010000000000005116,0.010000000000005116,1619,1679,80.17,93.59,61
dia_20_mais,Página3,20.0,,0,89.31,1661,93.71,0.010000000000005116,0.010000000000005116,1631,1691,83.24,96.04,61
dia_20_mais,Página3,20.0,,0,89.52,1662,93.72,0.010000000000005116,0.010000000000005116,1632,1692,83.43,96.24,61
dia_20_mais,Página3,20.0,,0,90.94,1669,93.71,0.010000000000005116,0.010000000000005116,1639,1699,84.84,97.67,61
dia_20_mais,Página3,20.0,,0,91.14,1670,93.72,0.010000000000005116,0.010000000000005116,1640,1700,85.06,97.87,61
dia_20_mais,Página3,20.0,,0,94.4,1683,93.71,0.010000000000005116,0.010000000000005116,1653,1713,87.69,100.52,61
dia_20_mais,Página3,20.0,,0,94.6,1684,93.72,0.010000000000005116,0.010000000000005116,1654,1714,87.88,100.72,61
dia_20_mais,Página3,20.0,,0,94.82,1685,93.71,0.010000000000005116,0.010000000000005116,1655,1715,88.09,100.92,61
dia_20_mais,Página3,20.0,,0,95.03,1686,93.72,0.010000000000005116,0.010000000000005116,1656,1716,88.3,101.12,61
dia_20_mais,Página3,20.0,,0,95.43,1688,93.71,0.010000000000005116,0.010000000000005116,1658,1718,88.69,101.56,61
dia_20_mais,Página3,20.0,,0,96.04,1691,93.72,0.010000000000005116,0.010000000000005116,1661,1721,89.31,102.15,61
dia_20_mais,Página3,20.0,,0,98.68,1704,93.71,0.010000000000005116,0.010000000000005116,1674,1734,91.96,105.52,61
dia_20_mais,Página3,20.0,,0,98.87,1705,93.72,0.010000000000005116,0.010000000000005116,1675,1735,92.16,105.73,61
dia_20_mais,Página3,20.0,,0,99.31,1707,93.73,0.010000000000005116,0.010000000000005116,1677,1737,93.03,106.16,61
dia_20_mais,Página3,20.0,,0,99.51,1708,93.72,0.010000000000005116,0.010000000000005116,1678,1738,93.39,106.36,61
dia_20_mais,Página3,20.0,,0,106.97,1741,93.71,0.010000000000005116,0.010000000000005116,1711,1771,100.11,113.1,61
dia_20_mais,Página3,20.0,,0,107.17,1742,93.72,0.010000000000005116,0.010000000000005116,1712,1772,100.32,113.31,61
dia_20_mais,Página3,20.0,,0,108.81,1750,93.71,0.010000000000005116,0.010000000000005116,1720,1780,101.95,114.96,61
dia_20_mais,Página3,20.0,,0,109.01,1751,93.72,0.010000000000005116,0.010000000000005116,1721,1781,102.15,115.16,61
dia_20_mais,Página3,20.0,,0,110.22,1757,93.71,0.010000000000005116,0.010000000000005116,1727,1787,103.36,116.86,61
dia_20_mais,Página3,20.0,,0,110.43,1758,93.72,0.010000000000005116,0.010000000000005116,1728,1788,103.56,117.24,61
dia_20_mais,Página3,20.0,,0,111.47,1763,93.71,0.010000000000005116,0.010000000000005116,1733,1793,105.32,118.28,61
dia_20_mais,Página3,20.0,,0,111.68,1764,93.72,0.010000000000005116,0.010000000000005116,1734,1794,105.52,118.47,61
dia_20_mais,Página3,20.0,,0,112.08,1766,93.71,0.010000000000005116,0.010000000000005116,1736,1796,105.96,118.87,61
dia_20_mais,Página3,20.0,,0,112.28,1767,93.72,0.010000000000005116,0.010000000000005116,1737,1797,106.16,119.08,61
dia_20_mais,Página3,20.0,,0,113.31,1772,93.71,0.010000000000005116,0.010000000000005116,1742,1802,107.17,120.09,61
dia_20_mais,Página3,20.0,,0,113.51,1773,93.72,0.010000000000005116,0.010000000000005116,1743,1803,107.37,120.3,61
dia_20_mais,Página3,20.0,,0,128.76,1842,93.71,0.010000000000005116,0.010000000000005116,1812,1872,122.17,135.17,61
dia_20_mais,Página3,20.0,,0,129.13,1843,93.72,0.010000000000005116,0.010000000000005116,1813,1873,122.37,135.37,61
dia_20_mais,Página3,20.0,,0,134.56,1869,93.73,0.010000000000005116,0.010000000000005116,1839,1899,127.69,141.35,61
dia_20_mais,Página3,20.0,,0,134.77,1870,93.72,0.010000000000005116,0.010000000000005116,1840,1900,127.89,141.58,61
dia_20_mais,Página3,20.0,,0,139.47,1893,93.73,0.010000000000005116,0.010000000000005116,1863,1923,133.32,146.28,61
dia_20_mais,Página3,20.0,,0,139.67,1894,93.72,0.010000000000005116,0.010000000000005116,1864,1924,133.52,146.49,61
dia_20_mais,Página3,20.0,,0,148.94,1936,93.71,0.010000000000005116,0.010000000000005116,1906,1966,142.78,155.71,61
dia_20_mais,Página3,20.0,,0,149.14,1937,93.72,0.010000000000005116,0.010000000000005116,1907,1967,142.98,155.93,61
dia_20_mais,Página3,20.0,,0,152.86,1952,93.73,0.010000000000005116,0.010000000000005116,1922,1982,146.05,159.09,61
dia_20_mais,Página3,20.0,,0,153.06,1953,93.72,0.010000000000005116,0.010000000000005116,1923,1983,146.28,159.29,61
dia_20_mais,Página3,20.0,,0,153.69,1956,93.73,0.010000000000005116,0.010000000000005116,1926,1986,146.89,159.9,61
dia_20_mais,Página3,20.0,,0,153.9,1957,93.72,0.010000000000005116,0.010000000000005116,1927,1987,147.09,160.1,61
dia_20_mais,Página3,20.0,,0,154.1,1958,93.73,0.010000000000005116,0.010000000000005116,1928,1988,147.29,160.32,61
dia_20_mais,Página3,20.0,,0,154.3,1959,93.72,0.010000000000005116,0.010000000000005116,1929,1989,147.5,160.53,61
dia_20_mais,Página3,20.0,,0,154.71,1961,93.73,0.010000000000005116,0.010000000000005116,1931,1991,147.9,160.93,61
dia_20_mais,Página3,20.0,,0,154.91,1962,93.72,0.010000000000005116,0.010000000000005116,1932,1992,148.13,161.13,61
dia_20_mais,Página3,20.0,,0,155.31,1964,93.73,0.010000000000005116,0.010000000000005116,1934,1994,148.53,161.54,61
dia_20_mais,Página3,20.0,,0,155.51,1965,93.72,0.010000000000005116,0.010000000000005116,1935,1995,148.74,161.75,61
dia_20_mais,Página3,20.0,,0,156.96,1972,93.73,0.010000000000005116,0.010000000000005116,1942,2002,150.15,163.18,61
dia_20_mais,Página3,20.0,,0,157.15,1973,93.72,0.010000000000005116,0.010000000000005116,1943,2003,150.38,163.39,61
dia_20_mais,Página3,20.0,,0,158.69,1980,93.73,0.010000000000005116,0.010000000000005116,1950,2010,151.98,165.45,61
dia_20_mais,Página3,20.0,,0,159.29,1983,93.72,0.010000000000005116,0.010000000000005116,1953,2013,153.06,166.09,61
dia_20_mais,Página3,20.0,,0,159.7,1985,93.73,0.010000000000005116,0.010000000000005116,1955,2015,153.46,166.49,61
dia_20_mais,Página3,20.0,,0,159.9,1986,93.72,0.010000000000005116,0.010000000000005116,1956,2016,153.69,166.7,61
dia_20_mais,Página3,20.0,,0,160.93,1991,93.73,0.010000000000005116,0.010000000000005116,1961,2021,154.71,167.71,61
dia_20_mais,Página3,20.0,,0,161.13,1992,93.72,0.010000000000005116,0.010000000000005116,1962,2022,154.91,167.91,61
dia_20_mais,Página3,20.0,,0,161.95,1996,93.71,0.010000000000005116,0.010000000000005116,1966,2026,155.71,168.75,61
dia_20_mais,Página3,20.0,,0,162.15,1997,93.72,0.010000000000005116,0.010000000000005116,1967,2027,155.93,168.94,61
dia_20_mais,Página3,20.0,,0,163.77,2004,93.73,0.010000000000005116,0.010000000000005116,1974,2034,157.35,170.38,61
dia_20_mais,Página3,20.0,,0,164.66,2006,93.72,0.010000000000005116,0.010000000000005116,1976,2036,157.75,170.78,61
dia_20_mais,Página3,20.0,,0,165.25,2009,93.71,0.010000000000005116,0.010000000000005116,1979,2039,158.49,171.41,61
dia_20_mais,Página3,20.0,,0,165.45,2010,93.72,0.010000000000005116,0.010000000000005116,1980,2040,158.69,171.61,61
dia_20_mais,Página3,20.0,,0,167.31,2019,93.71,0.010000000000005116,0.010000000000005116,1989,2049,160.53,173.44,61
dia_20_mais,Página3,20.0,,0,167.51,2020,93.72,0.010000000000005116,0.010000000000005116,1990,2050,160.73,173.67,61
dia_20_mais,Página3,20.0,,0,170.16,2033,93.73,0.010000000000005116,0.010000000000005116,2003,2063,163.39,176.98,61
dia_20_mais,Página3,20.0,,0,170.38,2034,93.72,0.010000000000005116,0.010000000000005116,2004,2064,163.77,177.22,61
dia_20_mais,Página3,20.0,,0,171.41,2039,93.73,0.010000000000005116,0.010000000000005116,2009,2069,165.25,178.25,61
dia_20_mais,Página3,20.0,,0,172.22,2043,93.72,0.010000000000005116,0.010000000000005116,2013,2073,166.09,179.06,61
dia_20_mais,Página3,20.0,,0,172.43,2044,93.73,0.010000000000005116,0.010000000000005116,2014,2074,166.29,179.26,61
dia_20_mais,Página3,20.0,,0,172.83,2046,93.72,0.010000000000005116,0.010000000000005116,2016,2076,166.7,179.66,61
dia_20_mais,Página3,20.0,,0,173.44,2049,93.73,0.010000000000005116,0.010000000000005116,2019,2079,167.31,180.3,61
dia_20_mais,Página3,20.0,,0,173.87,2051,93.72,0.010000000000005116,0.010000000000005116,2021,2081,167.71,180.7,61
dia_20_mais,Página3,20.0,,0,174.07,2052,93.73,0.010000000000005116,0.010000000000005116,2022,2082,167.91,180.9,61
dia_20_mais,Página3,20.0,,0,174.27,2053,93.72,0.010000000000005116,0.010000000000005116,2023,2083,168.14,181.1,61
dia_20_mais,Página3,20.0,,0,176.19,2060,93.73,0.010000000000005116,0.010000000000005116,2030,2090,169.56,182.56,61
dia_20_mais,Página3,20.0,,0,176.56,2061,93.72,0.010000000000005116,0.010000000000005116,2031,2091,169.76,182.76,61
dia_20_mais,Página3,20.0,,0,181.71,2086,93.73,0.010000000000005116,0.010000000000005116,2056,2116,174.89,188.6,61
dia_20_mais,Página3,20.0,,0,181.91,2087,93.72,0.010000000000005116,0.010000000000005116,2057,2117,175.09,188.95,61
dia_20_mais,Página3,20.0,,0,189.16,2118,93.73,0.010000000000005116,0.010000000000005116,2088,2148,182.14,195.28,61
dia_20_mais,Página3,20.0,,0,189.56,2120,93.72,0.010000000000005116,0.010000000000005116,2090,2150,182.56,195.68,61
dia_20_mais,Página3,20.0,,0,192.0,2132,93.71,0.010000000000005116,0.010000000000005116,2102,2162,185.12,198.17,61
dia_20_mais,Página3,20.0,,0,192.21,2133,93.72,0.010000000000005116,0.010000000000005116,2103,2163,185.32,198.37,61
dia_20_mais,Página3,20.0,,0,193.65,2140,93.71,0.010000000000005116,0.010000000000005116,2110,2170,186.75,200.43,61
dia_20_mais,Página3,20.0,,0,193.86,2141,93.72,0.010000000000005116,0.010000000000005116,2111,2171,186.95,200.63,61
dia_20_mais,Página3,20.0,,0,194.26,2143,93.73,0.010000000000005116,0.010000000000005116,2113,2173,187.36,201.02,61
dia_20_mais,Página3,20.0,,0,194.88,2146,93.72,0.010000000000005116,0.010000000000005116,2116,2176,188.6,201.66,61
dia_20_mais,Página3,20.0,,0,195.08,2147,93.73,0.010000000000005116,0.010000000000005116,2117,2177,188.95,201.86,61
dia_20_mais,Página3,20.0,,0,195.28,2148,93.72,0.010000000000005116,0.010000000000005116,2118,2178,189.16,202.05,61
dia_20_mais,Página3,20.0,,0,196.1,2152,93.73,0.010000000000005116,0.010000000000005116,2122,2182,189.96,202.88,61
dia_20_mais,Página3,20.0,,0,196.3,2153,93.72,0.010000000000005116,0.010000000000005116,2123,2183,190.16,203.08,61
dia_20_mais,Página3,20.0,,0,196.5,2154,93.73,0.010000000000005116,0.010000000000005116,2124,2184,190.38,203.28,61
dia_20_mais,Página3,20.0,,0,196.91,2156,93.72,0.010000000000005116,0.010000000000005116,2126,2186,190.78,203.68,61
dia_20_mais,Página3,20.0,,0,200.82,2172,93.73,0.010000000000005116,0.010000000000005116,2142,2202,194.06,206.91,61
dia_20_mais,Página3,20.0,,0,201.22,2174,93.72,0.010000000000005116,0.010000000000005116,2144,2204,194.46,207.33,61
dia_20_mais,Página3,20.0,,0,201.46,2175,93.73,0.010000000000005116,0.010000000000005116,2145,2205,194.66,207.53,61
dia_20_mais,Página3,20.0,,0,201.66,2176,93.72,0.010000000000005116,0.010000000000005116,2146,2206,194.88,207.73,61
dia_20_mais,Página3,20.0,,0,206.11,2198,93.73,0.010000000000005116,0.010000000000005116,2168,2228,199.55,213.01,61
dia_20_mais,Página3,20.0,,0,206.31,2199,93.72,0.010000000000005116,0.010000000000005116,2169,2229,200.06,213.21,61
dia_20_mais,Página3,20.0,,0,207.73,2206,93.73,0.010000000000005116,0.010000000000005116,2176,2236,201.66,214.62,61
dia_20_mais,Página3,20.0,,0,207.95,2207,93.72,0.010000000000005116,0.010000000000005116,2177,2237,201.86,214.82,61
dia_20_mais,Página3,20.0,,0,209.6,2215,93.73,0.010000000000005116,0.010000000000005116,2185,2245,203.47,216.46,61
dia_20_mais,Página3,20.0,,0,209.8,2216,93.72,0.010000000000005116,0.010000000000005116,2186,2246,203.68,216.66,61
dia_20_mais,Página3,20.0,,0,214.02,2233,93.71,0.010000000000005116,0.010000000000005116,2203,2263,207.13,220.11,61
dia_20_mais,Página3,20.0,,0,214.41,2235,93.72,0.010000000000005116,0.010000000000005116,2205,2265,207.53,220.52,61
dia_20_mais,Página3,20.0,,0,215.25,2239,93.73,0.010000000000005116,0.010000000000005116,2209,2269,208.37,221.32,61
dia_20_mais,Página3,20.0,,0,215.45,2240,93.72,0.010000000000005116,0.010000000000005116,2210,2270,208.57,221.52,61
dia_20_mais,Página3,20.0,,0,215.65,2241,93.71,0.010000000000005116,0.010000000000005116,2211,2271,208.77,221.74,61
dia_20_mais,Página3,20.0,,0,215.85,2242,93.72,0.010000000000005116,0.010000000000005116,2212,2272,208.97,221.94,61
dia_20_mais,Página3,20.0,,0,217.48,2250,93.73,0.010000000000005116,0.010000000000005116,2220,2280,210.62,224.21,61
dia_20_mais,Página3,20.0,,0,217.88,2252,93.72,0.010000000000005116,0.010000000000005116,2222,2282,211.12,224.61,61
dia_20_mais,Página3,20.0,,0,228.9,2303,93.73,0.010000000000005116,0.010000000000005116,2273,2333,222.14,235.5,61
dia_20_mais,Página3,20.0,,0,229.1,2304,93.72,0.010000000000005116,0.010000000000005116,2274,2334,222.34,235.86,61
dia_20_mais,Página3,20.0,,0,230.31,2310,93.73,0.010000000000005116,0.010000000000005116,2280,2340,224.21,237.1,61
dia_20_mais,Página3,20.0,,0,230.5,2311,93.72,0.010000000000005116,0.010000000000005116,2281,2341,224.41,237.31,61
dia_20_mais,Página3,20.0,,0,235.86,2334,93.71,0.010000000000005116,0.010000000000005116,2304,2364,229.1,242.09,61
dia_20_mais,Página3,20.0,,0,236.06,2335,93.72,0.010000000000005116,0.010000000000005116,2305,2365,229.3,242.29,61
dia_20_mais,Página3,20.0,,0,236.69,2338,93.73,0.010000000000005116,0.010000000000005116,2308,2368,229.91,242.9,61
dia_20_mais,Página3,20.0,,0,236.9,2339,93.72,0.010000000000005116,0.010000000000005116,2309,2369,230.11,243.1,61
dia_20_mais,Página3,20.0,,0,237.5,2342,93.73,0.010000000000005116,0.010000000000005116,2312,2372,230.74,243.71,61
dia_20_mais,Página3,20.0,,0,237.7,2343,93.72,0.010000000000005116,0.010000000000005116,2313,2373,230.94,243.92,61
dia_20_mais,Página3,20.0,,0,241.28,2360,93.73,0.010000000000005116,0.010000000000005116,2330,2390,234.39,248.02,61
dia_20_mais,Página3,20.0,,0,241.48,2361,93.72,0.010000000000005116,0.010000000000005116,2331,2391,234.59,248.22,61
dia_20_mais,Página3,20.0,,0,247.82,2389,93.73,0.010000000000005116,0.010000000000005116,2359,2419,241.08,253.96,61
dia_20_mais,Página3,20.0,,0,248.02,2390,93.72,0.010000000000005116,0.010000000000005116,2360,2420,241.28,254.17,61
dia_20_mais,Página3,20.0,,0,253.56,2417,93.71,0.010000000000005116,0.010000000000005116,2387,2447,246.95,260.31,61
dia_20_mais,Página3,20.0,,0,253.76,2418,93.72,0.010000000000005116,0.010000000000005116,2388,2448,247.45,260.51,61
dia_20_mais,Página3,20.0,,0,255.61,2427,93.73,0.010000000000005116,0.010000000000005116,2397,2457,249.47,262.36,61
dia_20_mais,Página3,20.0,,0,256.02,2429,93.72,0.010000000000005116,0.010000000000005116,2399,2459,249.87,262.76,61
dia_20_mais,Página3,20.0,,0,256.42,2431,93.73,0.010000000000005116,0.010000000000005116,2401,2461,250.27,263.17,61
dia_20_mais,Página3,20.0,,0,256.82,2433,93.72,0.010000000000005116,0.010000000000005116,2403,2463,250.71,263.58,61
dia_20_mais,Página3,20.0,,0,259.71,2444,93.73,0.010000000000005116,0.010000000000005116,2414,2474,252.96,265.96,61
dia_20_mais,Página3,20.0,,0,259.91,2445,93.72,0.010000000000005116,0.010000000000005116,2415,2475,253.16,266.18,61
dia_20_mais,Página3,20.0,,0,260.74,2449,93.73,0.010000000000005116,0.010000000000005116,2419,2479,253.96,266.98,61
dia_20_mais,Página3,20.0,,0,260.94,2450,93.72,0.010000000000005116,0.010000000000005116,2420,2480,254.17,267.18,61
dia_20_mais,Página3,20.0,,0,262.15,2456,93.73,0.010000000000005116,0.010000000000005116,2426,2486,255.41,268.43,61
dia_20_mais,Página3,20.0,,0,262.36,2457,93.72,0.010000000000005116,0.010000000000005116,2427,2487,255.61,268.63,61
dia_20_mais,Página3,20.0,,0,266.18,2475,93.73,0.010000000000005116,0.010000000000005116,2445,2505,259.91,272.95,61
dia_20_mais,Página3,20.0,,0,266.38,2476,93.72,0.010000000000005116,0.010000000000005116,2446,2506,260.11,273.15,61
dia_20_mais,Página3,20.0,,0,266.58,2477,93.73,0.010000000000005116,0.010000000000005116,2447,2507,260.31,273.35,61
dia_20_mais,Página3,20.0,,0,266.78,2478,93.72,0.010000000000005116,0.010000000000005116,2448,2508,260.51,273.55,61
dia_20_mais,Página3,20.0,,0,268.19,2485,93.73,0.010000000000005116,0.010000000000005116,2455,2515,261.95,274.97,61
dia_20_mais,Página3,20.0,,0,268.43,2486,93.72,0.010000000000005116,0.010000000000005116,2456,2516,262.15,275.19,61
dia_20_mais,Página3,20.0,,0,269.86,2493,93.73,0.010000000000005116,0.010000000000005116,2463,2523,263.58,276.64,61
dia_20_mais,Página3,20.0,,0,270.06,2494,93.72,0.010000000000005116,0.010000000000005116,2464,2524,263.78,276.84,61
dia_20_mais,Página3,20.0,,0,278.05,2530,93.73,0.010000000000005116,0.010000000000005116,2500,2560,271.9,284.83,61
dia_20_mais,Página3,20.0,,0,278.25,2531,93.72,0.010000000000005116,0.010000000000005116,2501,2561,272.11,285.04,61
dia_20_mais,Página3,20.0,,0,278.68,2533,93.73,0.010000000000005116,0.010000000000005116,2503,2563,272.51,285.44,61
dia_20_mais,Página3,20.0,,0,278.88,2534,93.72,0.010000000000005116,0.010000000000005116,2504,2564,272.71,285.65,61
dia_20_mais,Página3,20.0,,0,281.95,2549,93.73,0.010000000000005116,0.010000000000005116,2519,2579,275.8,288.71,61
dia_20_mais,Página3,20.0,,0,282.3,2550,93.72,0.010000000000005116,0.010000000000005116,2520,2580,276.0,288.91,61
dia_20_mais,Página3,20.0,,0,284.83,2560,93.71,0.010000000000005116,0.010000000000005116,2530,2590,278.05,291.11,61
dia_20_mais,Página3,20.0,,0,285.04,2561,93.72,0.010000000000005116,0.010000000000005116,2531,2591,278.25,291.31,61
dia_20_mais,Página3,20.0,,0,285.24,2562,93.73,0.010000000000005116,0.010000000000005116,2532,2592,278.48,291.51,61
dia_20_mais,Página3,20.0,,0,285.44,2563,93.72,0.010000000000005116,0.010000000000005116,2533,2593,278.68,291.74,61
dia_20_mais,Página3,20.0,,0,286.66,2569,93.73,0.010000000000005116,0.010000000000005116,2539,2599,279.9,292.95,61
dia_20_mais,Página3,20.0,,0,286.86,2570,93.72,0.010000000000005116,0.010000000000005116,2540,2600,280.1,293.15,61
dia_20_mais,Página3,20.0,,0,289.77,2584,93.71,0.010000000000005116,0.010000000000005116,2554,2614,283.58,296.66,61
dia_20_mais,Página3,20.0,,0,289.97,2585,93.72,0.010000000000005116,0.010000000000005116,2555,2615,283.78,296.86,61
dia_20_mais,Página3,20.0,,0,290.61,2588,93.71,0.010000000000005116,0.010000000000005116,2558,2618,284.42,297.46,61
dia_20_mais,Página3,20.0,,0,291.11,2590,93.72,0.010000000000005116,0.010000000000005116,2560,2620,284.83,297.87,61
dia_20_mais,Página3,20.0,,0,291.74,2593,93.71,0.010000000000005116,0.010000000000005116,2563,2623,285.44,298.5,61
dia_20_mais,Página3,20.0,,0,291.94,2594,93.72,0.010000000000005116,0.010000000000005116,2564,2624,285.65,298.7,61
dia_20_mais,Página3,20.0,,0,292.54,2597,93.71,0.010000000000005116,0.010000000000005116,2567,2627,286.26,299.3,61
dia_20_mais,Página3,20.0,,0,292.75,2598,93.72,0.010000000000005116,0.010000000000005116,2568,2628,286.46,299.52,61
dia_20_mais,Página3,20.0,,0,293.35,2601,93.71,0.010000000000005116,0.010000000000005116,2571,2631,287.06,300.14,61
dia_20_mais,Página3,20.0,,0,293.55,2602,93.72,0.010000000000005116,0.010000000000005116,2572,2632,287.3,300.34,61
dia_20_mais,Página3,20.0,,0,293.76,2603,93.71,0.010000000000005116,0.010000000000005116,2573,2633,287.5,300.55,61
dia_20_mais,Página3,20.0,,0,293.98,2604,93.72,0.010000000000005116,0.010000000000005116,2574,2634,287.7,300.75,61
dia_20_mais,Página3,20.0,,0,297.06,2616,93.71,0.010000000000005116,0.010000000000005116,2586,2646,290.17,303.21,61
dia_20_mais,Página3,20.0,,0,297.26,2617,93.72,0.010000000000005116,0.010000000000005116,2587,2647,290.38,303.41,61
dia_20_mais,Página3,20.0,,0,297.46,2618,93.71,0.010000000000005116,0.010000000000005116,2588,2648,290.61,303.61,61
dia_20_mais,Página3,20.0,,0,298.27,2622,93.72,0.010000000000005116,0.010000000000005116,2592,2652,291.51,304.44,61
dia_20_mais,Página3,20.0,,0,298.9,2625,93.71,0.010000000000005116,0.010000000000005116,2595,2655,292.14,305.05,61
dia_20_mais,Página3,20.0,,0,299.52,2628,93.72,0.010000000000005116,0.010000000000005116,2598,2658,292.75,305.66,61
dia_20_mais,Página3,20.0,,0,299.94,2630,93.71,0.010000000000005116,0.010000000000005116,2600,2660,293.15,306.22,61
dia_20_mais,Página3,20.0,,0,300.55,2633,93.72,0.010000000000005116,0.010000000000005116,2603,2663,293.76,307.31,61
dia_20_mais,Página3,20.0,,0,300.75,2634,93.71,0.010000000000005116,0.010000000000005116,2604,2664,293.98,307.51,61
dia_20_mais,Página3,20.0,,0,301.15,2636,93.72,0.010000000000005116,0.010000000000005116,2606,2666,294.85,307.91,61
dia_20_mais,Página3,20.0,,0,303.81,2649,93.71,0.010000000000005116,0.010000000000005116,2619,2679,297.67,310.61,61
dia_20_mais,Página3,20.0,,0,304.04,2650,93.72,0.010000000000005116,0.010000000000005116,2620,2680,297.87,310.82,61
dia_20_mais,Página3,20.0,,0,305.05,2655,93.71,0.010000000000005116,0.010000000000005116,2625,2685,298.9,311.85,61
dia_20_mais,Página3,20.0,,0,305.26,2656,93.72,0.010000000000005116,0.010000000000005116,2626,2686,299.1,312.05,61
dia_20_mais,Página3,20.0,,0,307.71,2665,93.71,0.010000000000005116,0.010000000000005116,2635,2695,300.95,313.87,61
dia_20_mais,Página3,20.0,,0,307.91,2666,93.72,0.010000000000005116,0.010000000000005116,2636,2696,301.15,314.08,61
dia_20_mais,Página3,20.0,,0,308.11,2667,93.71,0.010000000000005116,0.010000000000005116,2637,2697,301.35,314.28,61
dia_20_mais,Página3,20.0,,0,308.32,2668,93.72,0.010000000000005116,0.010000000000005116,2638,2698,301.56,314.48,61
dia_20_mais,Página3,20.0,,0,310.82,2680,93.71,0.010000000000005116,0.010000000000005116,2650,2710,304.04,316.92,61
dia_20_mais,Página3,20.0,,0,311.02,2681,93.72,0.010000000000005116,0.010000000000005116,2651,2711,304.24,317.12,61
dia_20_mais,Página3,20.0,,0,311.22,2682,93.71,0.010000000000005116,0.010000000000005116,2652,2712,304.44,317.45,61
dia_20_mais,Página3,20.0,,0,311.42,2683,93.72,0.010000000000005116,0.010000000000005116,2653,2713,304.64,317.65,61
dia_20_mais,Página3,20.0,,0,312.65,2689,93.71,0.010000000000005116,0.010000000000005116,2659,2719,305.86,319.49,61
dia_20_mais,Página3,20.0,,0,312.86,2690,93.72,0.010000000000005116,0.010000000000005116,2660,2720,306.22,319.69,61
dia_20_mais,Página3,20.0,,0,314.68,2699,93.71,0.010000000000005116,0.010000000000005116,2669,2729,308.54,321.56,61
dia_20_mais,Página3,20.0,,0,314.88,2700,93.72,0.010000000000005116,0.010000000000005116,2670,2730,308.74,321.77,61
dia_20_mais,Página3,20.0,,0,315.31,2702,93.71,0.010000000000005116,0.010000000000005116,2672,2732,309.14,322.17,61
dia_20_mais,Página3,20.0,,0,315.51,2703,93.72,0.010000000000005116,0.010000000000005116,2673,2733,309.35,322.37,61
dia_20_mais,Página3,20.0,,0,316.12,2706,93.71,0.010000000000005116,0.010000000000005116,2676,2736,309.98,323.13,61
dia_20_mais,Página3,20.0,,0,316.32,2707,93.72,0.010000000000005116,0.010000000000005116,2677,2737,310.2,323.33,61
dia_20_mais,Página3,20.0,,0,316.92,2710,93.71,0.010000000000005116,0.010000000000005116,2680,2740,310.82,323.94,61
dia_20_mais,Página3,20.0,,0,317.12,2711,93.72,0.010000000000005116,0.010000000000005116,2681,2741,311.02,324.14,61
dia_20_mais,Página3,20.0,,0,317.45,2712,93.71,0.010000000000005116,0.010000000000005116,2682,2742,311.22,324.34,61
dia_20_mais,Página3,20.0,,0,318.01,2714,93.72,0.010000000000005116,0.010000000000005116,2684,2744,311.62,324.74,61
dia_20_mais,Página3,20.0,,0,318.52,2715,93.71,0.010000000000005116,0.010000000000005116,2685,2745,311.85,324.95,61
dia_20_mais,Página3,20.0,,0,318.88,2716,93.72,0.010000000000005116,0.010000000000005116,2686,2746,312.05,325.18,61
dia_20_mais,Página3,20.0,,0,319.08,2717,93.71,0.010000000000005116,0.010000000000005116,2687,2747,312.25,325.38,61
dia_20_mais,Página3,20.0,,0,319.29,2718,93.72,0.010000000000005116,0.010000000000005116,2688,2748,312.45,325.62,61
dia_20_mais,Página3,20.0,,0,320.76,2725,93.71,0.010000000000005116,0.010000000000005116,2695,2755,313.87,327.05,61
dia_20_mais,Página3,20.0,,0,320.96,2726,93.72,0.010000000000005116,0.010000000000005116,2696,2756,314.08,327.26,61
dia_20_mais,Página3,20.0,,0,321.36,2728,93.71,0.010000000000005116,0.010000000000005116,2698,2758,314.48,327.66,61
dia_20_mais,Página3,20.0,,0,321.56,2729,93.72,0.010000000000005116,0.010000000000005116,2699,2759,314.68,327.86,61
dia_20_mais,Página3,20.0,,0,321.97,2731,93.71,0.010000000000005116,0.010000000000005116,2701,2761,315.11,328.26,61
dia_20_mais,Página3,20.0,,0,322.37,2733,93.72,0.010000000000005116,0.010000000000005116,2703,2763,315.51,328.7,61
dia_20_mais,Página3,20.0,,0,323.13,2736,93.71,0.010000000000005116,0.010000000000005116,2706,2766,316.12,329.3,61
dia_20_mais,Página3,20.0,,0,323.73,2739,93.72,0.010000000000005116,0.010000000000005116,2709,2769,316.72,330.07,61
dia_20_mais,Página3,20.0,,0,323.94,2740,93.71,0.010000000000005116,0.010000000000005116,2710,2770,316.92,330.58,61
dia_20_mais,Página3,20.0,,0,324.14,2741,93.72,0.010000000000005116,0.010000000000005116,2711,2771,317.12,330.97,61
dia_20_mais,Página3,20.0,,0,324.34,2742,93.71,0.010000000000005116,0.010000000000005116,2712,2772,317.45,331.17,61
dia_20_mais,Página3,20.0,,0,324.54,2743,93.72,0.010000000000005116,0.010000000000005116,2713,2773,317.65,331.37,61
dia_20_mais,Página3,20.0,,0,325.18,2746,93.71,0.010000000000005116,0.010000000000005116,2716,2776,318.88,331.98,61
dia_20_mais,Página3,20.0,,0,325.82,2749,93.72,0.010000000000005116,0.010000000000005116,2719,2779,319.49,332.57,61
dia_20_mais,Página3,20.0,,0,331.17,2772,93.71,0.010000000000005116,0.010000000000005116,2742,2802,324.34,337.26,61
dia_20_mais,Página3,20.0,,0,331.37,2773,93.72,0.010000000000005116,0.010000000000005116,2743,2803,324.54,337.46,61
dia_20_mais,Página3,20.0,,0,331.77,2775,93.71,0.010000000000005116,0.010000000000005116,2745,2805,324.95,337.87,61
dia_20_mais,Página3,20.0,,0,332.18,2777,93.72,0.010000000000005116,0.010000000000005116,2747,2807,325.38,338.27,61
dia_20_mais,Página3,20.0,,0,332.57,2779,93.71,0.010000000000005116,0.010000000000005116,2749,2809,325.82,338.67,61
dia_20_mais,Página3,20.0,,0,333.0,2781,93.72,0.010000000000005116,0.010000000000005116,2751,2811,326.25,339.1,61
dia_20_mais,Página3,20.0,,0,333.6,2784,93.71,0.010000000000005116,0.010000000000005116,2754,2814,326.85,339.7,61
dia_20_mais,Página3,20.0,,0,333.8,2785,93.72,0.010000000000005116,0.010000000000005116,2755,2815,327.05,339.9,61
dia_20_mais,Página3,20.0,,0,335.03,2791,93.71,0.010000000000005116,0.010000000000005116,2761,2821,328.26,341.16,61
dia_20_mais,Página3,20.0,,0,335.44,2793,93.72,0.010000000000005116,0.010000000000005116,2763,2823,328.7,341.55,61
dia_20_mais,Página3,20.0,,0,335.64,2794,93.71,0.010000000000005116,0.010000000000005116,2764,2824,328.9,341.91,61
dia_20_mais,Página3,20.0,,0,335.85,2795,93.72,0.010000000000005116,0.010000000000005116,2765,2825,329.1,342.42,61
dia_20_mais,Página3,20.0,,0,336.25,2797,93.71,0.010000000000005116,0.010000000000005116,2767,2827,329.51,342.98,61
dia_20_mais,Página3,20.0,,0,336.45,2798,93.72,0.010000000000005116,0.010000000000005116,2768,2828,329.71,343.18,61
dia_20_mais,Página3,20.0,,0,336.66,2799,93.71,0.010000000000005116,0.010000000000005116,2769,2829,330.07,343.39,61
dia_20_mais,Página3,20.0,,0,336.86,2800,93.72,0.010000000000005116,0.010000000000005116,2770,2830,330.58,343.6,61
dia_20_mais,Página3,20.0,,0,337.26,2802,93.71,0.010000000000005116,0.010000000000005116,2772,2832,331.17,343.99,61
dia_20_mais,Página3,20.0,,0,337.46,2803,93.72,0.010000000000005116,0.010000000000005116,2773,2833,331.37,344.19,61
dia_20_mais,Página3,20.0,,0,338.07,2806,93.71,0.010000000000005116,0.010000000000005116,2776,2836,331.98,344.91,61
dia_20_mais,Página3,20.0,,0,338.67,2809,93.72,0.010000000000005116,0.010000000000005116,2779,2839,332.57,345.51,61
dia_20_mais,Página3,20.0,,0,338.9,2810,93.71,0.010000000000005116,0.010000000000005116,2780,2840,332.77,345.74,61
dia_20_mais,Página3,20.0,,0,339.5,2813,93.72,0.010000000000005116,0.010000000000005116,2783,2843,333.4,346.35,61
dia_20_mais,Página3,20.0,,0,339.7,2814,93.71,0.010000000000005116,0.010000000000005116,2784,2844,333.6,346.55,61
dia_20_mais,Página3,20.0,,0,343.39,2829,93.72,0.010000000000005116,0.010000000000005116,2799,2859,336.66,349.59,61
dia_20_mais,Página3,20.0,,0,343.6,2830,93.71,0.010000000000005116,0.010000000000005116,2800,2860,336.86,349.79,61
dia_20_mais,Página3,20.0,,0,347.55,2849,93.72,0.010000000000005116,0.010000000000005116,2819,2879,340.72,354.14,61
dia_20_mais,Página3,20.0,,0,347.98,2851,93.71,0.010000000000005116,0.010000000000005116,2821,2881,341.16,354.73,61
dia_20_mais,Página3,20.0,,0,348.18,2852,93.72,0.010000000000005116,0.010000000000005116,2822,2882,341.36,354.93,61
dia_20_mais,Página3,20.0,,0,348.38,2853,93.71,0.010000000000005116,0.010000000000005116,2823,2883,341.55,355.13,61
dia_20_mais,Página3,20.0,,0,348.58,2854,93.72,0.010000000000005116,0.010000000000005116,2824,2884,341.91,355.34,61
dia_20_mais,Página3,20.0,,0,348.78,2855,93.71,0.010000000000005116,0.010000000000005116,2825,2885,342.42,355.54,61
dia_20_mais,Página3,20.0,,0,349.59,2859,93.72,0.010000000000005116,0.010000000000005116,2829,2889,343.39,356.36,61
dia_20_mais,Página3,20.0,,0,350.22,2862,93.71,0.010000000000005116,0.010000000000005116,2832,2892,343.99,356.97,61
dia_20_mais,Página3,20.0,,0,350.62,2864,93.72,0.010000000000005116,0.010000000000005116,2834,2894,344.4,357.37,61
dia_20_mais,Página3,20.0,,0,350.82,2865,93.71,0.010000000000005116,0.010000000000005116,2835,2895,344.71,357.57,61
dia_20_mais,Página3,20.0,,0,351.03,2866,93.72,0.010000000000005116,0.010000000000005116,2836,2896,344.91,357.77,61
dia_20_mais,Página3,20.0,,0,351.23,2867,93.71,0.010000000000005116,0.010000000000005116,2837,2897,345.11,358.0,61
dia_20_mais,Página3,20.0,,0,351.45,2868,93.72,0.010000000000005116,0.010000000000005116,2838,2898,345.31,358.19,61
dia_20_mais,Página3,20.0,,0,351.65,2869,93.71,0.010000000000005116,0.010000000000005116,2839,2899,345.51,358.4,61
dia_20_mais,Página3,20.0,,0,352.05,2871,93.72,0.010000000000005116,0.010000000000005116,2841,2901,345.95,358.8,61
dia_20_mais,Página3,20.0,,0,355.34,2884,93.71,0.010000000000005116,0.010000000000005116,2854,2914,348.58,361.47,61
dia_20_mais,Página3,20.0,,0,355.75,2886,93.72,0.010000000000005116,0.010000000000005116,2856,2916,348.99,361.87,61
dia_20_mais,Página3,20.0,,0,355.95,2887,93.71,0.010000000000005116,0.010000000000005116,2857,2917,349.19,362.07,61
dia_20_mais,Página3,20.0,,0,356.16,2888,93.72,0.010000000000005116,0.010000000000005116,2858,2918,349.39,362.27,61
dia_20_mais,Página3,20.0,,0,357.77,2896,93.71,0.010000000000005116,0.010000000000005116,2866,2926,351.03,363.89,61
dia_20_mais,Página3,20.0,,0,358.0,2897,93.72,0.010000000000005116,0.010000000000005116,2867,2927,351.23,364.09,61
dia_20_mais,Página3,20.0,,0,358.19,2898,93.71,0.010000000000005116,0.010000000000005116,2868,2928,351.45,364.29,61
dia_20_mais,Página3,20.0,,0,358.8,2901,93.72,0.010000000000005116,0.010000000000005116,2871,2931,352.05,364.9,61
dia_20_mais,Página3,20.0,,0,359.0,2902,93.71,0.010000000000005116,0.010000000000005116,2872,2932,352.25,365.1,61
dia_20_mais,Página3,20.0,,0,359.2,2903,93.72,0.010000000000005116,0.010000000000005116,2873,2933,352.48,365.46,61
dia_20_mais,Página3,20.0,,0,359.4,2904,93.71,0.010000000000005116,0.010000000000005116,2874,2934,352.68,365.97,61
dia_20_mais,Página3,20.0,,0,359.6,2905,93.72,0.010000000000005116,0.010000000000005116,2875,2935,352.88,366.35,61
dia_20_mais,Página3,20.0,,0,360.23,2908,93.71,0.010000000000005116,0.010000000000005116,2878,2938,353.63,366.98,61
dia_20_mais,Página3,20.0,,0,361.03,2912,93.72,0.010000000000005116,0.010000000000005116,2882,2942,354.93,367.78,61
dia_20_mais,Página3,20.0,,0,361.24,2913,93.71,0.010000000000005116,0.010000000000005116,2883,2943,355.13,367.99,61
dia_20_mais,Página3,20.0,,0,361.67,2915,93.72,0.010000000000005116,0.010000000000005116,2885,2945,355.54,368.38,61
dia_20_mais,Página3,20.0,,0,361.87,2916,93.71,0.010000000000005116,0.010000000000005116,2886,2946,355.75,368.59,61
dia_20_mais,Página3,20.0,,0,362.27,2918,93.72,0.010000000000005116,0.010000000000005116,2888,2948,356.16,368.99,61
dia_20_mais,Página3,20.0,,0,362.48,2919,93.71,0.010000000000005116,0.010000000000005116,2889,2949,356.36,369.22,61
dia_20_mais,Página3,20.0,,0,362.88,2921,93.72,0.010000000000005116,0.010000000000005116,2891,2951,356.77,369.62,61
dia_20_mais,Página3,20.0,,0,363.69,2925,93.71,0.010000000000005116,0.010000000000005116,2895,2955,357.57,370.43,61
dia_20_mais,Página3,20.0,,0,364.29,2928,93.72,0.010000000000005116,0.010000000000005116,2898,2958,358.19,371.13,61
dia_20_mais,Página3,20.0,,0,364.49,2929,93.71,0.010000000000005116,0.010000000000005116,2899,2959,358.4,371.35,61
dia_20_mais,Página3,20.0,,0,366.75,2937,93.72,0.010000000000005116,0.010000000000005116,2907,2967,360.0,372.97,61
dia_20_mais,Página3,20.0,,0,366.98,2938,93.71,0.010000000000005116,0.010000000000005116,2908,2968,360.23,373.17,61
dia_20_mais,Página3,20.0,,0,367.38,2940,93.72,0.010000000000005116,0.010000000000005116,2910,2970,360.63,373.6,61
dia_20_mais,Página3,20.0,,0,367.58,2941,93.71,0.010000000000005116,0.010000000000005116,2911,2971,360.83,373.79,61
dia_20_mais,Página3,20.0,,0,368.38,2945,93.72,0.010000000000005116,0.010000000000005116,2915,2975,361.67,374.61,61
dia_20_mais,Página3,20.0,,0,368.59,2946,93.71,0.010000000000005116,0.010000000000005116,2916,2976,361.87,374.81,61
dia_20_mais,Página3,20.0,,0,368.99,2948,93.72,0.010000000000005116,0.010000000000005116,2918,2978,362.27,375.2,61
dia_20_mais,Página3,20.0,,0,369.22,2949,93.71,0.010000000000005116,0.010000000000005116,2919,2979,362.48,375.4,61
dia_20_mais,Página3,20.0,,0,371.76,2961,93.72,0.010000000000005116,0.010000000000005116,2931,2991,364.9,378.49,61
dia_20_mais,Página3,20.0,,0,371.95,2962,93.71,0.010000000000005116,0.010000000000005116,2932,2992,365.1,378.69,61
dia_20_mais,Página3,20.0,,0,372.77,2966,93.72,0.010000000000005116,0.010000000000005116,2936,2996,366.55,379.5,61
dia_20_mais,Página3,20.0,,0,373.17,2968,93.71,0.010000000000005116,0.010000000000005116,2938,2998,366.98,379.9,61
dia_20_mais,Página3,20.0,,0,373.99,2972,93.72,0.010000000000005116,0.010000000000005116,2942,3002,367.78,380.74,61
dia_20_mais,Página3,20.0,,0,374.19,2973,93.71,0.010000000000005116,0.010000000000005116,2943,3003,367.99,380.94,61
dia_20_mais,Página3,20.0,,0,374.81,2976,93.72,0.010000000000005116,0.010000000000005116,2946,3006,368.59,381.55,61
dia_20_mais,Página3,20.0,,0,375.2,2978,93.71,0.010000000000005116,0.010000000000005116,2948,3008,368.99,381.96,61
dia_20_mais,Página3,20.0,,0,375.4,2979,93.72,0.010000000000005116,0.010000000000005116,2949,3009,369.22,382.16,61
dia_20_mais,Página3,20.0,,0,375.84,2981,93.71,0.010000000000005116,0.010000000000005116,2951,3011,369.62,382.57,61
dia_20_mais,Página3,20.0,,0,376.24,2983,93.72,0.010000000000005116,0.010000000000005116,2953,3013,370.02,382.97,61
dia_20_mais,Página3,20.0,,0,376.44,2984,93.71,0.010000000000005116,0.010000000000005116,2954,3014,370.23,383.17,61
dia_20_mais,Página3,20.0,,0,378.49,2991,93.72,0.010000000000005116,0.010000000000005116,2961,3021,371.76,384.61,61
dia_20_mais,Página3,20.0,,0,378.69,2992,93.71,0.010000000000005116,0.010000000000005116,2962,3022,371.95,384.82,61
dia_20_mais,Página3,20.0,,0,379.5,2996,93.72,0.010000000000005116,0.010000000000005116,2966,3026,372.77,385.62,61
dia_20_mais,Página3,20.0,,0,379.7,2997,93.71,0.010000000000005116,0.010000000000005116,2967,3027,372.97,385.85,61
dia_20_mais,Página3,20.0,,0,379.9,2998,93.72,0.010000000000005116,0.010000000000005116,2968,3028,373.17,386.05,61
dia_20_mais,Página3,20.0,,0,380.33,3000,93.71,0.010000000000005116,0.010000000000005116,2970,3030,373.6,386.45,61
dia_20_mais,Página3,20.0,,0,380.74,3002,93.72,0.010000000000005116,0.010000000000005116,2972,3032,373.99,386.86,61
dia_20_mais,Página3,20.0,,0,380.94,3003,93.71,0.010000000000005116,0.010000000000005116,2973,3033,374.19,387.08,61
dia_20_mais,Página3,20.0,,0,381.14,3004,93.72,0.010000000000005116,0.010000000000005116,2974,3034,374.4,387.28,61
dia_20_mais,Página3,20.0,,0,381.35,3005,93.71,0.010000000000005116,0.010000000000005116,2975,3035,374.61,387.48,61
dia_20_mais,Página3,20.0,,0,381.75,3007,93.72,0.010000000000005116,0.010000000000005116,2977,3037,375.01,387.89,61
dia_20_mais,Página3,20.0,,0,381.96,3008,93.71,0.010000000000005116,0.010000000000005116,2978,3038,375.2,388.09,61
dia_20_mais,Página3,20.0,,0,382.77,3012,93.72,0.010000000000005116,0.010000000000005116,2982,3042,376.04,389.06,61
dia_20_mais,Página3,20.0,,0,382.97,3013,93.71,0.010000000000005116,0.010000000000005116,2983,3043,376.24,389.57,61
dia_20_mais,Página3,20.0,,0,383.37,3015,93.72,0.010000000000005116,0.010000000000005116,2985,3045,376.65,390.14,61
dia_20_mais,Página3,20.0,,0,383.6,3016,93.71,0.010000000000005116,0.010000000000005116,2986,3046,376.86,390.34,61
dia_20_mais,Página3,20.0,,0,384.4,3020,93.72,0.010000000000005116,0.010000000000005116,2990,3050,378.29,391.14,61
dia_20_mais,Página3,20.0,,0,384.61,3021,93.71,0.010000000000005116,0.010000000000005116,2991,3051,378.49,391.38,61
dia_20_mais,Página3,20.0,,0,386.05,3028,93.72,0.010000000000005116,0.010000000000005116,2998,3058,379.9,392.82,61
dia_20_mais,Página3,20.0,,0,386.45,3030,93.71,0.010000000000005116,0.010000000000005116,3000,3060,380.33,393.22,61
dia_20_mais,Página3,20.0,,0,390.14,3045,93.72,0.010000000000005116,0.010000000000005116,3015,3075,383.37,396.28,61
dia_20_mais,Página3,20.0,,0,390.34,3046,93.71,0.010000000000005116,0.010000000000005116,3016,3076,383.6,396.49,61
dia_20_mais,Página3,20.0,,0,393.64,3062,93.72,0.010000000000005116,0.010000000000005116,3032,3092,386.86,399.87,61
dia_20_mais,Página3,20.0,,0,393.84,3063,93.71,0.010000000000005116,0.010000000000005116,3033,3093,387.08,400.08,61
dia_20_mais,Página3,20.0,,0,398.45,3085,93.72,0.010000000000005116,0.010000000000005116,3055,3115,392.2,405.21,61
dia_20_mais,Página3,20.0,,0,398.65,3086,93.71,0.010000000000005116,0.010000000000005116,3056,3116,392.42,405.41,61
dia_20_mais,Página3,20.0,,0,402.55,3102,93.72,0.010000000000005116,0.010000000000005116,3072,3132,395.68,408.71,61
dia_20_mais,Página3,20.0,,0,402.76,3103,93.71,0.010000000000005116,0.010000000000005116,3073,3133,395.88,408.91,61
dia_20_mais,Página3,20.0,,0,406.04,3119,93.72,0.010000000000005116,0.010000000000005116,3089,3137,399.27,409.74,49
dia_20_mais,Página3,20.0,,0,406.24,3120,93.71,0.010000000000005116,0.010000000000005116,3090,3137,399.47,409.74,48
dia_20_mais,Página3,20.0,,0,406.85,3123,93.72,0.010000000000005116,0.010000000000005116,3093,3137,400.08,409.74,45
dia_20_mais,Página3,20.0,,0,407.06,3124,93.71,0.010000000000005116,0.010000000000005116,3094,3137,400.28,409.74,44
dia_20_mais,Página3,20.0,,0,409.14,3134,93.72,0.010000000000005116,0.010000000000005116,3104,3137,402.96,409.74,34
dia_20_mais,Página3,20.0,,0,409.34,3135,93.71,0.010000000000005116,0.010000000000005116,3105,3137,403.16,409.74,33
dia_20_mais,Página3,20.0,,0,409.54,3136,93.72,0.010000000000005116,0.010000000000005116,3106,3137,403.36,409.74,32
dia_20_mais,Página3,20.0,,0,409.74,3137,93.71,0.010000000000005116,0.010000000000005116,3107,3137,403.6,409.74,31
dia_20_mais,Página4,20.0,,0,92.99,3240,93.74,0.010000000000005116,0.010000000000005116,3210,3270,86.94,99.7,61
dia_20_mais,Página4,20.0,,0,113.56,3335,93.75,0.010000000000005116,0.010000000000005116,3305,3365,107.49,120.28,61
dia_20_mais,Página4,20.0,,0,113.79,3336,93.74,0.010000000000005116,0.010000000000005116,3306,3366,107.69,120.51,61
dia_20_mais,Página4,20.0,,0,179.49,3641,93.74,0.010000000000005116,0.010000000000005116,3611,3671,172.77,185.65,61
dia_20_mais,Página4,20.0,,0,202.82,3749,93.75,0.010000000000005116,0.010000000000005116,3719,3779,196.13,208.99,61
dia_20_mais,Página4,20.0,,0,203.02,3750,93.74,0.010000000000005116,0.010000000000005116,3720,3780,196.34,209.19,61
dia_20_mais,Página4,20.0,,0,360.19,4482,93.73,0.010000000000005116,0.010000000000005116,4452,4512,354.09,366.91,61
dia_20_mais,Página5,20.0,,0,79.09,4739,93.67,0.010000000000005116,0.010000000000005116,4712,4769,73.51,85.85,58
dia_20_mais,Página5,20.0,,0,79.3,4740,93.68,0.010000000000005116,0.010000000000005116,4712,4770,73.51,86.04,59
dia_20_mais,Página5,20.0,,0,81.72,4752,93.67,0.010000000000005116,0.010000000000005116,4722,4782,75.52,88.46,61
dia_20_mais,Página5,20.0,,0,81.92,4753,93.68,0.010000000000005116,0.010000000000005116,4723,4783,75.72,88.65,61
dia_20_mais,Página5,20.0,,0,83.38,4760,93.67,0.010000000000005116,0.010000000000005116,4730,4790,77.17,90.07,61
dia_20_mais,Página5,20.0,,0,83.74,4761,93.68,0.010000000000005116,0.010000000000005116,4731,4791,77.37,90.28,61
dia_20_mais,Página5,20.0,,0,84.82,4764,93.67,0.010000000000005116,0.010000000000005116,4734,4794,77.98,90.88,61
dia_20_mais,Página5,20.0,,0,85.02,4765,93.68,0.010000000000005116,0.010000000000005116,4735,4795,78.19,91.08,61
dia_20_mais,Página5,20.0,,0,85.22,4766,93.67,0.010000000000005116,0.010000000000005116,4736,4796,78.39,91.28,61
dia_20_mais,Página5,20.0,,0,85.42,4767,93.68,0.010000000000005116,0.010000000000005116,4737,4797,78.59,91.49,61
dia_20_mais,Página5,20.0,,0,87.05,4775,93.67,0.010000000000005116,0.010000000000005116,4745,4805,80.32,93.11,61
dia_20_mais,Página5,20.0,,0,87.25,4776,93.68,0.010000000000005116,0.010000000000005116,4746,4806,80.52,93.31,61
dia_20_mais,Página5,20.0,,0,87.45,4777,93.67,0.010000000000005116,0.010000000000005116,4747,4807,80.72,93.52,61
dia_20_mais,Página5,20.0,,0,87.64,4778,93.68,0.010000000000005116,0.010000000000005116,4748,4808,80.92,93.76,61
dia_20_mais,Página5,20.0,,0,87.84,4779,93.67,0.010000000000005116,0.010000000000005116,4749,4809,81.12,93.96,61
dia_20_mais,Página5,20.0,,0,88.05,4780,93.68,0.010000000000005116,0.010000000000005116,4750,4810,81.32,94.16,61
dia_20_mais,Página5,20.0,,0,88.65,4783,93.67,0.010000000000005116,0.010000000000005116,4753,4813,81.92,94.77,61
dia_20_mais,Página5,20.0,,0,89.48,4787,93.68,0.010000000000005116,0.010000000000005116,4757,4817,82.75,96.2,61
dia_20_mais,Página5,20.0,,0,89.87,4789,93.67,0.010000000000005116,0.010000000000005116,4759,4819,83.18,96.61,61
dia_20_mais,Página5,20.0,,0,90.68,4793,93.68,0.010000000000005116,0.010000000000005116,4763,4823,84.61,97.45,61
dia_20_mais,Página5,20.0,,0,91.08,4795,93.67,0.010000000000005116,0.010000000000005116,4765,4825,85.02,97.85,61
dia_20_mais,Página5,20.0,,0,91.49,4797,93.68,0.010000000000005116,0.010000000000005116,4767,4827,85.42,98.27,61
dia_20_mais,Página5,20.0,,0,92.5,4802,93.67,0.010000000000005116,0.010000000000005116,4772,4832,86.44,99.29,61
dia_20_mais,Página5,20.0,,0,92.71,4803,93.68,0.010000000000005116,0.010000000000005116,4773,4833,86.64,99.49,61
dia_20_mais,Página5,20.0,,0,92.91,4804,93.67,0.010000000000005116,0.010000000000005116,4774,4834,86.85,99.69,61
dia_20_mais,Página5,20.0,,0,93.31,4806,93.68,0.010000000000005116,0.010000000000005116,4776,4836,87.25,100.09,61
dia_20_mais,Página5,20.0,,0,94.36,4811,93.67,0.010000000000005116,0.010000000000005116,4781,4841,88.26,101.13,61
dia_20_mais,Página5,20.0,,0,94.56,4812,93.68,0.010000000000005116,0.010000000000005116,4782,4842,88.46,101.34,61
dia_20_mais,Página5,20.0,,0,96.61,4819,93.67,0.010000000000005116,0.010000000000005116,4789,4849,89.87,102.78,61
dia_20_mais,Página5,20.0,,0,96.81,4820,93.68,0.010000000000005116,0.010000000000005116,4790,4850,90.07,102.98,61
dia_20_mais,Página5,20.0,,0,97.25,4822,93.67,0.010000000000005116,0.010000000000005116,4792,4852,90.48,103.38,61
dia_20_mais,Página5,20.0,,0,97.65,4824,93.68,0.010000000000005116,0.010000000000005116,4794,4854,90.88,103.81,61
dia_20_mais,Página5,20.0,,0,98.47,4828,93.67,0.010000000000005116,0.010000000000005116,4798,4858,91.69,104.61,61
dia_20_mais,Página5,20.0,,0,98.67,4829,93.68,0.010000000000005116,0.010000000000005116,4799,4859,91.89,104.84,61
dia_20_mais,Página5,20.0,,0,100.33,4837,93.67,0.010000000000005116,0.010000000000005116,4807,4867,93.52,106.74,61
dia_20_mais,Página5,20.0,,0,100.73,4839,93.68,0.010000000000005116,0.010000000000005116,4809,4869,93.96,107.61,61
dia_20_mais,Página5,20.0,,0,101.54,4843,93.67,0.010000000000005116,0.010000000000005116,4813,4873,94.77,108.46,61
dia_20_mais,Página5,20.0,,0,101.74,4844,93.68,0.010000000000005116,0.010000000000005116,4814,4874,95.12,108.66,61
dia_20_mais,Página5,20.0,,0,102.78,4849,93.67,0.010000000000005116,0.010000000000005116,4819,4879,96.61,109.68,61
dia_20_mais,Página5,20.0,,0,103.18,4851,93.68,0.010000000000005116,0.010000000000005116,4821,4881,97.05,110.08,61
dia_20_mais,Página5,20.0,,0,103.38,4852,93.67,0.010000000000005116,0.010000000000005116,4822,4882,97.25,110.29,61
dia_20_mais,Página5,20.0,,0,103.59,4853,93.68,0.010000000000005116,0.010000000000005116,4823,4883,97.45,110.49,61
dia_20_mais,Página5,20.0,,0,104.21,4856,93.67,0.010000000000005116,0.010000000000005116,4826,4886,98.06,111.09,61
dia_20_mais,Página5,20.0,,0,104.61,4858,93.68,0.010000000000005116,0.010000000000005116,4828,4888,98.47,111.53,61
dia_20_mais,Página5,20.0,,0,106.38,4866,93.67,0.010000000000005116,0.010000000000005116,4836,4896,100.09,113.14,61
dia_20_mais,Página5,20.0,,0,106.74,4867,93.68,0.010000000000005116,0.010000000000005116,4837,4897,100.33,113.34,61
dia_20_mais,Página5,20.0,,0,107.25,4868,93.67,0.010000000000005116,0.010000000000005116,4838,4898,100.53,113.54,61
dia_20_mais,Página5,20.0,,0,107.81,4870,93.68,0.010000000000005116,0.010000000000005116,4840,4900,100.93,113.99,61
dia_20_mais,Página5,20.0,,0,108.02,4871,93.67,0.010000000000005116,0.010000000000005116,4841,4901,101.13,114.19,61
dia_20_mais,Página5,20.0,,0,108.25,4872,93.68,0.010000000000005116,0.010000000000005116,4842,4902,101.34,114.39,61
dia_20_mais,Página5,20.0,,0,108.46,4873,93.67,0.010000000000005116,0.010000000000005116,4843,4903,101.54,114.59,61
dia_20_mais,Página5,20.0,,0,109.28,4877,93.68,0.010000000000005116,0.010000000000005116,4847,4907,102.35,115.4,61
dia_20_mais,Página5,20.0,,0,109.88,4880,93.67,0.010000000000005116,0.010000000000005116,4850,4910,102.98,116.03,61
dia_20_mais,Página5,20.0,,0,110.08,4881,93.68,0.010000000000005116,0.010000000000005116,4851,4911,103.18,116.23,61
dia_20_mais,Página5,20.0,,0,111.3,4887,93.67,0.010000000000005116,0.010000000000005116,4857,4917,104.41,117.44,61
dia_20_mais,Página5,20.0,,0,111.53,4888,93.68,0.010000000000005116,0.010000000000005116,4858,4918,104.61,117.64,61
dia_20_mais,Página5,20.0,,0,111.73,4889,93.67,0.010000000000005116,0.010000000000005116,4859,4919,104.84,118.0,61
dia_20_mais,Página5,20.0,,0,112.54,4893,93.68,0.010000000000005116,0.010000000000005116,4863,4923,105.75,119.37,61
dia_20_mais,Página5,20.0,,0,112.74,4894,93.67,0.010000000000005116,0.010000000000005116,4864,4924,105.98,119.57,61
dia_20_mais,Página5,20.0,,0,113.14,4896,93.68,0.010000000000005116,0.010000000000005116,4866,4926,106.38,119.98,61
dia_20_mais,Página5,20.0,,0,113.34,4897,93.67,0.010000000000005116,0.010000000000005116,4867,4927,106.74,120.18,61
dia_20_mais,Página5,20.0,,0,114.8,4904,93.68,0.010000000000005116,0.010000000000005116,4874,4934,108.66,121.61,61
dia_20_mais,Página5,20.0,,0,115.0,4905,93.67,0.010000000000005116,0.010000000000005116,4875,4935,108.86,121.81,61
dia_20_mais,Página5,20.0,,0,115.4,4907,93.68,0.010000000000005116,0.010000000000005116,4877,4937,109.28,122.21,61
dia_20_mais,Página5,20.0,,0,116.23,4911,93.67,0.010000000000005116,0.010000000000005116,4881,4941,110.08,123.04,61
dia_20_mais,Página5,20.0,,0,116.43,4912,93.68,0.010000000000005116,0.010000000000005116,4882,4942,110.29,123.24,61
dia_20_mais,Página5,20.0,,0,116.84,4914,93.67,0.010000000000005116,0.010000000000005116,4884,4944,110.69,123.64,61
dia_20_mais,Página5,20.0,,0,117.44,4917,93.68,0.010000000000005116,0.010000000000005116,4887,4947,111.3,124.27,61
dia_20_mais,Página5,20.0,,0,118.94,4921,93.67,0.010000000000005116,0.010000000000005116,4891,4951,112.13,125.1,61
dia_20_mais,Página5,20.0,,0,119.98,4926,93.68,0.010000000000005116,0.010000000000005116,4896,4956,113.14,126.12,61
dia_20_mais,Página5,20.0,,0,120.98,4931,93.67,0.010000000000005116,0.010000000000005116,4901,4961,114.19,127.14,61
dia_20_mais,Página5,20.0,,0,121.19,4932,93.68,0.010000000000005116,0.010000000000005116,4902,4962,114.39,127.34,61
dia_20_mais,Página5,20.0,,0,122.01,4936,93.67,0.010000000000005116,0.010000000000005116,4906,4966,115.2,128.17,61
dia_20_mais,Página5,20.0,,0,123.24,4942,93.68,0.010000000000005116,0.010000000000005116,4912,4972,116.43,129.56,61
dia_20_mais,Página5,20.0,,0,123.44,4943,93.67,0.010000000000005116,0.010000000000005116,4913,4973,116.64,130.07,61
dia_20_mais,Página5,20.0,,0,123.64,4944,93.68,0.010000000000005116,0.010000000000005116,4914,4974,116.84,130.44,61
dia_20_mais,Página5,20.0,,0,123.85,4945,93.67,0.010000000000005116,0.010000000000005116,4915,4975,117.04,130.64,61
dia_20_mais,Página5,20.0,,0,124.07,4946,93.68,0.010000000000005116,0.010000000000005116,4916,4976,117.24,130.84,61
dia_20_mais,Página5,20.0,,0,124.27,4947,93.67,0.010000000000005116,0.010000000000005116,4917,4977,117.44,131.04,61
dia_20_mais,Página5,20.0,,0,124.9,4950,93.68,0.010000000000005116,0.010000000000005116,4920,4980,118.54,131.65,61
dia_20_mais,Página5,20.0,,0,125.1,4951,93.67,0.010000000000005116,0.010000000000005116,4921,4981,118.94,131.85,61
dia_20_mais,Página5,20.0,,0,125.7,4954,93.68,0.010000000000005116,0.010000000000005116,4924,4984,119.57,132.56,61
dia_20_mais,Página5,20.0,,0,125.92,4955,93.67,0.010000000000005116,0.010000000000005116,4925,4985,119.77,132.77,61
dia_20_mais,Página5,20.0,,0,126.12,4956,93.68,0.010000000000005116,0.010000000000005116,4926,4986,119.98,132.97,61
dia_20_mais,Página5,20.0,,0,126.32,4957,93.67,0.010000000000005116,0.010000000000005116,4927,4987,120.18,133.17,61
dia_20_mais,Página5,20.0,,0,126.52,4958,93.68,0.010000000000005116,0.010000000000005116,4928,4988,120.38,133.37,61
dia_20_mais,Página5,20.0,,0,127.14,4961,93.67,0.010000000000005116,0.010000000000005116,4931,4991,120.98,134.0,61
dia_20_mais,Página5,20.0,,0,128.77,4969,93.68,0.010000000000005116,0.010000000000005116,4939,4999,122.64,135.67,61
dia_20_mais,Página5,20.0,,0,129.19,4971,93.67,0.010000000000005116,0.010000000000005116,4941,5001,123.04,136.08,61
dia_20_mais,Página5,20.0,,0,129.56,4972,93.68,0.010000000000005116,0.010000000000005116,4942,5002,123.24,136.28,61
dia_20_mais,Página5,20.0,,0,130.07,4973,93.67,0.010000000000005116,0.010000000000005116,4943,5003,123.44,136.48,61
dia_20_mais,Página5,20.0,,0,130.44,4974,93.68,0.010000000000005116,0.010000000000005116,4944,5004,123.64,136.68,61
dia_20_mais,Página5,20.0,,0,130.64,4975,93.67,0.010000000000005116,0.010000000000005116,4945,5005,123.85,136.89,61
dia_20_mais,Página5,20.0,,0,130.84,4976,93.68,0.010000000000005116,0.010000000000005116,4946,5006,124.07,137.12,61
dia_20_mais,Página5,20.0,,0,131.45,4979,93.67,0.010000000000005116,0.010000000000005116,4949,5009,124.67,137.72,61
dia_20_mais,Página5,20.0,,0,131.85,4981,93.68,0.010000000000005116,0.010000000000005116,4951,5011,125.1,138.13,61
dia_20_mais,Página5,20.0,,0,132.05,4982,93.67,0.010000000000005116,0.010000000000005116,4952,5012,125.3,138.33,61
dia_20_mais,Página5,20.0,,0,132.97,4986,93.68,0.010000000000005116,0.010000000000005116,4956,5016,126.12,139.13,61
dia_20_mais,Página5,20.0,,0,133.17,4987,93.67,0.010000000000005116,0.010000000000005116,4957,5017,126.32,139.34,61
dia_20_mais,Página5,20.0,,0,133.57,4989,93.68,0.010000000000005116,0.010000000000005116,4959,5019,126.72,139.78,61
dia_20_mais,Página5,20.0,,0,133.8,4990,93.67,0.010000000000005116,0.010000000000005116,4960,5020,126.93,139.99,61
dia_20_mais,Página5,20.0,,0,134.24,4992,93.68,0.010000000000005116,0.010000000000005116,4962,5022,127.34,140.4,61
dia_20_mais,Página5,20.0,,0,134.44,4993,93.67,0.010000000000005116,0.010000000000005116,4963,5023,127.54,140.6,61
dia_20_mais,Página5,20.0,,0,136.89,5005,93.68,0.010000000000005116,0.010000000000005116,4975,5035,130.64,143.65,61
dia_20_mais,Página5,20.0,,0,137.12,5006,93.67,0.010000000000005116,0.010000000000005116,4976,5036,130.84,143.87,61
dia_20_mais,Página5,20.0,,0,137.32,5007,93.68,0.010000000000005116,0.010000000000005116,4977,5037,131.04,144.08,61
dia_20_mais,Página5,20.0,,0,137.52,5008,93.67,0.010000000000005116,0.010000000000005116,4978,5038,131.24,144.29,61
dia_20_mais,Página5,20.0,,0,137.72,5009,93.68,0.010000000000005116,0.010000000000005116,4979,5039,131.45,144.49,61
dia_20_mais,Página5,20.0,,0,138.53,5013,93.67,0.010000000000005116,0.010000000000005116,4983,5043,132.35,145.31,61
dia_20_mais,Página5,20.0,,0,139.13,5016,93.68,0.010000000000005116,0.010000000000005116,4986,5046,132.97,145.92,61
dia_20_mais,Página5,20.0,,0,139.78,5019,93.67,0.010000000000005116,0.010000000000005116,4989,5049,133.57,146.53,61
dia_20_mais,Página5,20.0,,0,139.99,5020,93.68,0.010000000000005116,0.010000000000005116,4990,5050,133.8,146.73,61
dia_20_mais,Página5,20.0,,0,140.18,5021,93.67,0.010000000000005116,0.010000000000005116,4991,5051,134.0,146.93,61
dia_20_mais,Página5,20.0,,0,140.95,5024,93.68,0.010000000000005116,0.010000000000005116,4994,5054,134.64,147.56,61
dia_20_mais,Página5,20.0,,0,141.47,5025,93.67,0.010000000000005116,0.010000000000005116,4995,5055,134.87,147.76,61
dia_20_mais,Página5,20.0,,0,142.85,5031,93.68,0.010000000000005116,0.010000000000005116,5001,5061,136.08,148.98,61
dia_20_mais,Página5,20.0,,0,143.05,5032,93.67,0.010000000000005116,0.010000000000005116,5002,5062,136.28,149.18,61
dia_20_mais,Página5,20.0,,0,143.87,5036,93.68,0.010000000000005116,0.010000000000005116,5006,5066,137.12,150.05,61
dia_20_mais,Página5,20.0,,0,144.91,5041,93.67,0.010000000000005116,0.010000000000005116,5011,5071,138.13,151.09,61
dia_20_mais,Página5,20.0,,0,145.11,5042,93.68,0.010000000000005116,0.010000000000005116,5012,5072,138.33,151.29,61
dia_20_mais,Página5,20.0,,0,145.51,5044,93.67,0.010000000000005116,0.010000000000005116,5014,5074,138.73,151.7,61
dia_20_mais,Página5,20.0,,0,145.71,5045,93.68,0.010000000000005116,0.010000000000005116,5015,5075,138.93,151.9,61
dia_20_mais,Página5,20.0,,0,145.92,5046,93.67,0.010000000000005116,0.010000000000005116,5016,5076,139.13,152.1,61
dia_20_mais,Página5,20.0,,0,146.93,5051,93.68,0.010000000000005116,0.010000000000005116,5021,5081,140.18,153.76,61
dia_20_mais,Página5,20.0,,0,147.16,5052,93.67,0.010000000000005116,0.010000000000005116,5022,5082,140.4,153.96,61
dia_20_mais,Página5,20.0,,0,148.17,5057,93.68,0.010000000000005116,0.010000000000005116,5027,5087,142.04,155.0,61
dia_20_mais,Página5,20.0,,0,148.58,5059,93.67,0.010000000000005116,0.010000000000005116,5029,5089,142.44,155.4,61
dia_20_mais,Página5,20.0,,0,148.98,5061,93.68,0.010000000000005116,0.010000000000005116,5031,5091,142.85,155.81,61
dia_20_mais,Página5,20.0,,0,149.65,5064,93.67,0.010000000000005116,0.010000000000005116,5034,5094,143.45,156.43,61
dia_20_mais,Página5,20.0,,0,150.69,5069,93.68,0.010000000000005116,0.010000000000005116,5039,5099,144.49,157.44,61
dia_20_mais,Página5,20.0,,0,151.09,5071,93.67,0.010000000000005116,0.010000000000005116,5041,5101,144.91,157.84,61
dia_20_mais,Página5,20.0,,0,160.45,5113,93.68,0.010000000000005116,0.010000000000005116,5083,5143,154.16,167.24,61
dia_20_mais,Página5,20.0,,0,160.65,5114,93.67,0.010000000000005116,0.010000000000005116,5084,5144,154.36,167.43,61
dia_20_mais,Página5,20.0,,0,162.28,5122,93.68,0.010000000000005116,0.010000000000005116,5092,5152,156.03,169.04,61
dia_20_mais,Página5,20.0,,0,162.49,5123,93.67,0.010000000000005116,0.010000000000005116,5093,5153,156.23,169.24,61
dia_20_mais,Página5,20.0,,0,162.71,5124,93.68,0.010000000000005116,0.010000000000005116,5094,5154,156.43,169.47,61
dia_20_mais,Página5,20.0,,0,162.91,5125,93.67,0.010000000000005116,0.010000000000005116,5095,5155,156.63,169.66,61
dia_20_mais,Página5,20.0,,0,163.31,5127,93.68,0.010000000000005116,0.010000000000005116,5097,5157,157.04,170.07,61
dia_20_mais,Página5,20.0,,0,163.51,5128,93.67,0.010000000000005116,0.010000000000005116,5098,5158,157.24,170.27,61
dia_20_mais,Página5,20.0,,0,164.75,5131,93.68,0.010000000000005116,0.010000000000005116,5101,5161,157.84,170.9,61
dia_20_mais,Página5,20.0,,0,164.99,5132,93.67,0.010000000000005116,0.010000000000005116,5102,5162,158.04,171.1,61
dia_20_mais,Página5,20.0,,0,168.44,5149,93.68,0.010000000000005116,0.010000000000005116,5119,5179,161.68,174.54,61
dia_20_mais,Página5,20.0,,0,168.64,5150,93.67,0.010000000000005116,0.010000000000005116,5120,5180,161.88,174.75,61
dia_20_mais,Página5,20.0,,0,171.3,5163,93.66,0.010000000000005116,0.010000000000005116,5133,5193,165.2,178.06,61
dia_20_mais,Página5,20.0,,0,171.51,5164,93.67,0.010000000000005116,0.010000000000005116,5134,5194,165.4,178.27,61
dia_20_mais,Página5,20.0,,0,176.65,5186,93.66,0.010000000000005116,0.010000000000005116,5156,5216,169.87,182.78,61
dia_20_mais,Página5,20.0,,0,176.85,5187,93.67,0.010000000000005116,0.010000000000005116,5157,5217,170.07,182.98,61
dia_20_mais,Página5,20.0,,0,179.07,5198,93.66,0.010000000000005116,0.010000000000005116,5168,5228,172.31,185.36,61
dia_20_mais,Página5,20.0,,0,179.5,5200,93.67,0.010000000000005116,0.010000000000005116,5170,5230,172.74,185.76,61
dia_20_mais,Página5,20.0,,0,179.7,5201,93.66,0.010000000000005116,0.010000000000005116,5171,5231,172.94,185.98,61
dia_20_mais,Página5,20.0,,0,180.11,5203,93.67,0.010000000000005116,0.010000000000005116,5173,5233,173.34,186.37,61
dia_20_mais,Página5,20.0,,0,180.75,5206,93.66,0.010000000000005116,0.010000000000005116,5176,5236,173.95,187.76,61
dia_20_mais,Página5,20.0,,0,180.94,5207,93.67,0.010000000000005116,0.010000000000005116,5177,5237,174.15,187.96,61
dia_20_mais,Página5,20.0,,0,183.18,5218,93.66,0.010000000000005116,0.010000000000005116,5188,5248,177.06,190.2,61
dia_20_mais,Página5,20.0,,0,183.38,5219,93.67,0.010000000000005116,0.010000000000005116,5189,5249,177.26,190.41,61
dia_20_mais,Página5,20.0,,0,183.58,5220,93.66,0.010000000000005116,0.010000000000005116,5190,5250,177.46,190.62,61
dia_20_mais,Página5,20.0,,0,183.81,5221,93.67,0.010000000000005116,0.010000000000005116,5191,5251,177.66,190.82,61
dia_20_mais,Página5,20.0,,0,185.56,5229,93.68,0.010000000000005116,0.010000000000005116,5199,5259,179.3,192.44,61
dia_20_mais,Página5,20.0,,0,185.98,5231,93.67,0.010000000000005116,0.010000000000005116,5201,5261,179.7,192.87,61
dia_20_mais,Página5,20.0,,0,187.96,5237,93.68,0.010000000000005116,0.010000000000005116,5207,5267,180.94,194.07,61
dia_20_mais,Página5,20.0,,0,188.17,5238,93.67,0.010000000000005116,0.010000000000005116,5208,5268,181.15,194.27,61
dia_20_mais,Página5,20.0,,0,188.97,5242,93.68,0.010000000000005116,0.010000000000005116,5212,5272,181.96,195.1,61
dia_20_mais,Página5,20.0,,0,189.18,5243,93.67,0.010000000000005116,0.010000000000005116,5213,5273,182.16,195.3,61
dia_20_mais,Página5,20.0,,0,192.04,5257,93.68,0.010000000000005116,0.010000000000005116,5227,5287,185.12,198.32,61
dia_20_mais,Página5,20.0,,0,192.24,5258,93.67,0.010000000000005116,0.010000000000005116,5228,5288,185.36,198.83,61
dia_20_mais,Página5,20.0,,0,196.93,5281,93.66,0.010000000000005116,0.010000000000005116,5251,5311,190.82,203.7,61
dia_20_mais,Página5,20.0,,0,197.16,5282,93.67,0.010000000000005116,0.010000000000005116,5252,5312,191.02,203.9,61
dia_20_mais,Página5,20.0,,0,204.7,5316,93.68,0.010000000000005116,0.010000000000005116,5286,5346,197.96,211.49,61
dia_20_mais,Página5,20.0,,0,204.91,5317,93.67,0.010000000000005116,0.010000000000005116,5287,5347,198.32,211.69,61
dia_20_mais,Página5,20.0,,0,208.81,5336,93.68,0.010000000000005116,0.010000000000005116,5306,5366,202.68,215.67,61
dia_20_mais,Página5,20.0,,0,209.01,5337,93.67,0.010000000000005116,0.010000000000005116,5307,5367,202.89,215.89,61
dia_20_mais,Página5,20.0,,0,209.57,5339,93.68,0.010000000000005116,0.010000000000005116,5309,5369,203.28,216.29,61
dia_20_mais,Página5,20.0,,0,210.08,5340,93.67,0.010000000000005116,0.010000000000005116,5310,5370,203.48,216.49,61
dia_20_mais,Página5,20.0,,0,215.46,5365,93.68,0.010000000000005116,0.010000000000005116,5335,5395,208.61,222.22,61
dia_20_mais,Página5,20.0,,0,215.67,5366,93.67,0.010000000000005116,0.010000000000005116,5336,5396,208.81,222.43,61
dia_20_mais,Página5,20.0,,0,216.49,5370,93.66,0.010000000000005116,0.010000000000005116,5340,5400,210.08,223.25,61
dia_20_mais,Página5,20.0,,0,216.69,5371,93.67,0.010000000000005116,0.010000000000005116,5341,5401,210.45,223.46,61
dia_20_mais,Página5,20.0,,0,225.09,5409,93.66,0.010000000000005116,0.010000000000005116,5379,5439,218.34,231.21,61
dia_20_mais,Página5,20.0,,0,225.29,5410,93.67,0.010000000000005116,0.010000000000005116,5380,5440,218.54,231.42,61
dia_20_mais,Página5,20.0,,0,225.69,5412,93.66,0.010000000000005116,0.010000000000005116,5382,5442,218.94,231.84,61
dia_20_mais,Página5,20.0,,0,225.91,5413,93.67,0.010000000000005116,0.010000000000005116,5383,5443,219.15,232.04,61
dia_20_mais,Página5,20.0,,0,228.76,5427,93.66,0.010000000000005116,0.010000000000005116,5397,5457,222.65,235.53,61
dia_20_mais,Página5,20.0,,0,229.37,5430,93.67,0.010000000000005116,0.010000000000005116,5400,5460,223.25,236.14,61
dia_20_mais,Página5,20.0,,0,230.18,5434,93.66,0.010000000000005116,0.010000000000005116,5404,5464,224.06,236.96,61
dia_20_mais,Página5,20.0,,0,230.41,5435,93.67,0.010000000000005116,0.010000000000005116,5405,5465,224.27,237.17,61
dia_20_mais,Página5,20.0,,0,230.61,5436,93.66,0.010000000000005116,0.010000000000005116,5406,5466,224.47,237.37,61
dia_20_mais,Página5,20.0,,0,231.02,5438,93.67,0.010000000000005116,0.010000000000005116,5408,5468,224.89,237.77,61
dia_20_mais,Página5,20.0,,0,233.28,5446,93.66,0.010000000000005116,0.010000000000005116,5416,5476,226.52,239.55,61
dia_20_mais,Página5,20.0,,0,233.88,5449,93.67,0.010000000000005116,0.010000000000005116,5419,5479,227.14,240.15,61
dia_20_mais,Página5,20.0,,0,234.49,5452,93.66,0.010000000000005116,0.010000000000005116,5422,5482,227.74,240.76,61
dia_20_mais,Página5,20.0,,0,234.92,5454,93.67,0.010000000000005116,0.010000000000005116,5424,5484,228.16,241.16,61
dia_20_mais,Página5,20.0,,0,236.75,5463,93.68,0.010000000000005116,0.010000000000005116,5433,5493,229.97,243.06,61
dia_20_mais,Página5,20.0,,0,236.96,5464,93.67,0.010000000000005116,0.010000000000005116,5434,5494,230.18,243.26,61
dia_20_mais,Página5,20.0,,0,237.97,5469,93.66,0.010000000000005116,0.010000000000005116,5439,5499,231.21,244.9,61
dia_20_mais,Página5,20.0,,0,238.4,5471,93.67,0.010000000000005116,0.010000000000005116,5441,5501,231.64,245.3,61
dia_20_mais,Página5,20.0,,0,238.6,5472,93.66,0.010000000000005116,0.010000000000005116,5442,5502,231.84,245.5,61
dia_20_mais,Página5,20.0,,0,243.06,5493,93.66,0.010000000000005116,0.010000000000005116,5463,5523,236.75,249.84,61
dia_20_mais,Página5,20.0,,0,243.26,5494,93.67,0.010000000000005116,0.010000000000005116,5464,5524,236.96,250.04,61
dia_20_mais,Página5,20.0,,0,243.67,5496,93.66,0.010000000000005116,0.010000000000005116,5466,5526,237.37,250.46,61
dia_20_mais,Página5,20.0,,0,244.03,5497,93.67,0.010000000000005116,0.010000000000005116,5467,5527,237.57,250.66,61
dia_20_mais,Página5,20.0,,0,244.9,5499,93.66,0.010000000000005116,0.010000000000005116,5469,5529,237.97,251.06,61
dia_20_mais,Página5,20.0,,0,245.3,5501,93.67,0.010000000000005116,0.010000000000005116,5471,5531,238.4,251.47,61
dia_20_mais,Página5,20.0,,0,246.12,5505,93.66,0.010000000000005116,0.010000000000005116,5475,5535,239.35,252.28,61
dia_20_mais,Página5,20.0,,0,246.32,5506,93.67,0.010000000000005116,0.010000000000005116,5476,5536,239.55,252.49,61
dia_20_mais,Página5,20.0,,0,246.72,5508,93.66,0.010000000000005116,0.010000000000005116,5478,5538,239.95,252.92,61
dia_20_mais,Página5,20.0,,0,246.95,5509,93.67,0.010000000000005116,0.010000000000005116,5479,5539,240.15,253.12,61
dia_20_mais,Página5,20.0,,0,247.19,5510,93.66,0.010000000000005116,0.010000000000005116,5480,5540,240.36,253.32,61
dia_20_mais,Página5,20.0,,0,247.39,5511,93.67,0.010000000000005116,0.010000000000005116,5481,5541,240.56,253.52,61
dia_20_mais,Página5,20.0,,0,248.4,5516,93.66,0.010000000000005116,0.010000000000005116,5486,5546,241.59,254.53,61
dia_20_mais,Página5,20.0,,0,248.6,5517,93.67,0.010000000000005116,0.010000000000005116,5487,5547,241.82,254.73,61
dia_20_mais,Página5,20.0,,0,249.84,5523,93.68,0.010000000000005116,0.010000000000005116,5493,5553,243.06,256.61,61
dia_20_mais,Página5,20.0,,0,250.04,5524,93.67,0.010000000000005116,0.010000000000005116,5494,5554,243.26,256.81,61
dia_20_mais,Página5,20.0,,0,251.47,5531,93.66,0.010000000000005116,0.010000000000005116,5501,5561,245.3,258.28,61
dia_20_mais,Página5,20.0,,0,251.67,5532,93.67,0.010000000000005116,0.010000000000005116,5502,5562,245.5,258.48,61
dia_20_mais,Página5,20.0,,0,252.08,5534,93.66,0.010000000000005116,0.010000000000005116,5504,5564,245.92,258.88,61
dia_20_mais,Página5,20.0,,0,252.28,5535,93.67,0.010000000000005116,0.010000000000005116,5505,5565,246.12,259.08,61
dia_20_mais,Página5,20.0,,0,252.92,5538,93.66,0.010000000000005116,0.010000000000005116,5508,5568,246.72,259.7,61
dia_20_mais,Página5,20.0,,0,253.12,5539,93.67,0.010000000000005116,0.010000000000005116,5509,5569,246.95,259.91,61
dia_20_mais,Página5,20.0,,0,253.52,5541,93.66,0.010000000000005116,0.010000000000005116,5511,5571,247.39,260.31,61
dia_20_mais,Página5,20.0,,0,253.93,5543,93.67,0.010000000000005116,0.010000000000005116,5513,5573,247.79,260.71,61
dia_20_mais,Página5,20.0,,0,254.13,5544,93.66,0.010000000000005116,0.010000000000005116,5514,5574,247.99,260.91,61
dia_20_mais,Página5,20.0,,0,254.53,5546,93.67,0.010000000000005116,0.010000000000005116,5516,5576,248.4,261.32,61
dia_20_mais,Página5,20.0,,0,254.73,5547,93.66,0.010000000000005116,0.010000000000005116,5517,5577,248.6,261.55,61
dia_20_mais,Página5,20.0,,0,256.41,5552,93.67,0.010000000000005116,0.010000000000005116,5522,5582,249.63,262.58,61
dia_20_mais,Página5,20.0,,0,256.81,5554,93.66,0.010000000000005116,0.010000000000005116,5524,5584,250.04,262.98,61
dia_20_mais,Página5,20.0,,0,257.25,5556,93.67,0.010000000000005116,0.010000000000005116,5526,5586,250.46,263.38,61
dia_20_mais,Página5,20.0,,0,257.45,5557,93.66,0.010000000000005116,0.010000000000005116,5527,5587,250.66,263.58,61
dia_20_mais,Página5,20.0,,0,257.65,5558,93.67,0.010000000000005116,0.010000000000005116,5528,5588,250.86,263.81,61
dia_20_mais,Página5,20.0,,0,258.06,5560,93.66,0.010000000000005116,0.010000000000005116,5530,5590,251.27,264.22,61
dia_20_mais,Página5,20.0,,0,258.28,5561,93.67,0.010000000000005116,0.010000000000005116,5531,5591,251.47,264.42,61
dia_20_mais,Página5,20.0,,0,258.68,5563,93.66,0.010000000000005116,0.010000000000005116,5533,5593,251.88,264.83,61
dia_20_mais,Página5,20.0,,0,258.88,5564,93.67,0.010000000000005116,0.010000000000005116,5534,5594,252.08,265.03,61
dia_20_mais,Página5,20.0,,0,259.08,5565,93.66,0.010000000000005116,0.010000000000005116,5535,5595,252.28,265.23,61
dia_20_mais,Página5,20.0,,0,259.5,5567,93.67,0.010000000000005116,0.010000000000005116,5537,5597,252.72,265.73,61
dia_20_mais,Página5,20.0,,0,259.7,5568,93.66,0.010000000000005116,0.010000000000005116,5538,5598,252.92,265.94,61
dia_20_mais,Página5,20.0,,0,259.91,5569,93.67,0.010000000000005116,0.010000000000005116,5539,5599,253.12,266.14,61
dia_20_mais,Página5,20.0,,0,261.32,5576,93.66,0.010000000000005116,0.010000000000005116,5546,5606,254.53,268.23,61
dia_20_mais,Página5,20.0,,0,261.55,5577,93.67,0.010000000000005116,0.010000000000005116,5547,5607,254.73,268.43,61
dia_20_mais,Página5,20.0,,0,262.37,5581,93.66,0.010000000000005116,0.010000000000005116,5551,5611,256.21,269.25,61
dia_20_mais,Página5,20.0,,0,262.58,5582,93.67,0.010000000000005116,0.010000000000005116,5552,5612,256.41,269.45,61
dia_20_mais,Página5,20.0,,0,262.78,5583,93.66,0.010000000000005116,0.010000000000005116,5553,5613,256.61,269.65,61
dia_20_mais,Página5,20.0,,0,262.98,5584,93.67,0.010000000000005116,0.010000000000005116,5554,5614,256.81,269.85,61
dia_20_mais,Página5,20.0,,0,264.42,5591,93.66,0.010000000000005116,0.010000000000005116,5561,5621,258.28,271.29,61
dia_20_mais,Página5,20.0,,0,264.83,5593,93.67,0.010000000000005116,0.010000000000005116,5563,5623,258.68,271.7,61
dia_20_mais,Página5,20.0,,0,265.03,5594,93.66,0.010000000000005116,0.010000000000005116,5564,5624,258.88,271.9,61
dia_20_mais,Página5,20.0,,0,265.23,5595,93.67,0.010000000000005116,0.010000000000005116,5565,5625,259.08,272.1,61
dia_20_mais,Página5,20.0,,0,266.9,5602,93.66,0.010000000000005116,0.010000000000005116,5572,5632,260.51,273.55,61
dia_20_mais,Página5,20.0,,0,268.01,5605,93.67,0.010000000000005116,0.010000000000005116,5575,5635,261.12,274.17,61
dia_20_mais,Página5,20.0,,0,268.23,5606,93.66,0.010000000000005116,0.010000000000005116,5576,5636,261.32,274.37,61
dia_20_mais,Página5,20.0,,0,268.43,5607,93.67,0.010000000000005116,0.010000000000005116,5577,5637,261.55,274.57,61
dia_20_mais,Página5,20.0,,0,269.65,5613,93.66,0.010000000000005116,0.010000000000005116,5583,5643,262.78,275.81,61
dia_20_mais,Página5,20.0,,0,270.06,5615,93.67,0.010000000000005116,0.010000000000005116,5585,5645,263.18,276.22,61
dia_20_mais,Página5,20.0,,0,270.26,5616,93.66,0.010000000000005116,0.010000000000005116,5586,5646,263.38,276.42,61
dia_20_mais,Página5,20.0,,0,270.49,5617,93.67,0.010000000000005116,0.010000000000005116,5587,5647,263.58,276.62,61
dia_20_mais,Página5,20.0,,0,270.69,5618,93.66,0.010000000000005116,0.010000000000005116,5588,5648,263.81,276.82,61
dia_20_mais,Página5,20.0,,0,270.89,5619,93.67,0.010000000000005116,0.010000000000005116,5589,5649,264.02,277.02,61
dia_20_mais,Página5,20.0,,0,271.5,5622,93.66,0.010000000000005116,0.010000000000005116,5592,5652,264.62,277.67,61
dia_20_mais,Página5,20.0,,0,271.7,5623,93.67,0.010000000000005116,0.010000000000005116,5593,5653,264.83,277.87,61
dia_20_mais,Página5,20.0,,0,271.9,5624,93.66,0.010000000000005116,0.010000000000005116,5594,5654,265.03,278.07,61
dia_20_mais,Página5,20.0,,0,272.75,5628,93.67,0.010000000000005116,0.010000000000005116,5598,5658,265.94,279.54,61
dia_20_mais,Página5,20.0,,0,272.95,5629,93.66,0.010000000000005116,0.010000000000005116,5599,5659,266.14,279.74,61
dia_20_mais,Página5,20.0,,0,273.36,5631,93.67,0.010000000000005116,0.010000000000005116,5601,5661,266.54,280.14,61
dia_20_mais,Página5,20.0,,0,273.55,5632,93.66,0.010000000000005116,0.010000000000005116,5602,5662,266.9,280.34,61
dia_20_mais,Página5,20.0,,0,273.76,5633,93.67,0.010000000000005116,0.010000000000005116,5603,5663,267.44,280.57,61
dia_20_mais,Página5,20.0,,0,274.17,5635,93.66,0.010000000000005116,0.010000000000005116,5605,5665,268.01,280.97,61
dia_20_mais,Página5,20.0,,0,274.37,5636,93.67,0.010000000000005116,0.010000000000005116,5606,5666,268.23,281.17,61
dia_20_mais,Página5,20.0,,0,276.22,5645,93.66,0.010000000000005116,0.010000000000005116,5615,5675,270.06,283.05,61
dia_20_mais,Página5,20.0,,0,276.42,5646,93.67,0.010000000000005116,0.010000000000005116,5616,5676,270.26,283.25,61
dia_20_mais,Página5,20.0,,0,277.24,5650,93.66,0.010000000000005116,0.010000000000005116,5620,5680,271.09,284.09,61
dia_20_mais,Página5,20.0,,0,277.44,5651,93.67,0.010000000000005116,0.010000000000005116,5621,5681,271.29,284.29,61
dia_20_mais,Página5,20.0,,0,277.87,5653,93.66,0.010000000000005116,0.010000000000005116,5623,5683,271.7,284.69,61
dia_20_mais,Página5,20.0,,0,279.54,5658,93.67,0.010000000000005116,0.010000000000005116,5628,5688,272.75,285.72,61
dia_20_mais,Página5,20.0,,0,280.77,5664,93.66,0.010000000000005116,0.010000000000005116,5634,5694,273.96,286.94,61
dia_20_mais,Página5,20.0,,0,280.97,5665,93.67,0.010000000000005116,0.010000000000005116,5635,5695,274.17,287.17,61
dia_20_mais,Página5,20.0,,0,281.17,5666,93.66,0.010000000000005116,0.010000000000005116,5636,5696,274.37,287.37,61
dia_20_mais,Página5,20.0,,0,281.38,5667,93.67,0.010000000000005116,0.010000000000005116,5637,5697,274.57,287.57,61
dia_20_mais,Página5,20.0,,0,281.6,5668,93.66,0.010000000000005116,0.010000000000005116,5638,5698,274.77,287.78,61
dia_20_mais,Página5,20.0,,0,282.4,5672,93.67,0.010000000000005116,0.010000000000005116,5642,5702,275.61,288.62,61
dia_20_mais,Página5,20.0,,0,282.85,5674,93.66,0.010000000000005116,0.010000000000005116,5644,5704,276.02,289.02,61
dia_20_mais,Página5,20.0,,0,283.05,5675,93.67,0.010000000000005116,0.010000000000005116,5645,5705,276.22,289.23,61
dia_20_mais,Página5,20.0,,0,283.89,5679,93.66,0.010000000000005116,0.010000000000005116,5649,5709,277.02,290.69,61
dia_20_mais,Página5,20.0,,0,284.09,5680,93.67,0.010000000000005116,0.010000000000005116,5650,5710,277.24,290.89,61
dia_20_mais,Página5,20.0,,0,286.13,5690,93.66,0.010000000000005116,0.010000000000005116,5660,5720,279.94,293.06,61
dia_20_mais,Página5,20.0,,0,286.33,5691,93.67,0.010000000000005116,0.010000000000005116,5661,5721,280.14,293.26,61
dia_20_mais,Página5,20.0,,0,286.73,5693,93.66,0.010000000000005116,0.010000000000005116,5663,5723,280.57,293.66,61
dia_20_mais,Página5,20.0,,0,286.94,5694,93.67,0.010000000000005116,0.010000000000005116,5664,5724,280.77,293.87,61
dia_20_mais,Página5,20.0,,0,287.37,5696,93.66,0.010000000000005116,0.010000000000005116,5666,5726,281.17,294.27,61
dia_20_mais,Página5,20.0,,0,287.57,5697,93.67,0.010000000000005116,0.010000000000005116,5667,5727,281.38,294.47,61
dia_20_mais,Página5,20.0,,0,289.79,5707,93.66,0.010000000000005116,0.010000000000005116,5677,5737,283.45,296.52,61
dia_20_mais,Página5,20.0,,0,290.3,5708,93.67,0.010000000000005116,0.010000000000005116,5678,5738,283.65,296.72,61
dia_20_mais,Página5,20.0,,0,290.89,5710,93.66,0.010000000000005116,0.010000000000005116,5680,5740,284.09,297.16,61
dia_20_mais,Página5,20.0,,0,291.09,5711,93.67,0.010000000000005116,0.010000000000005116,5681,5741,284.29,297.36,61
dia_20_mais,Página5,20.0,,0,293.46,5722,93.66,0.010000000000005116,0.010000000000005116,5692,5752,286.53,299.63,61
dia_20_mais,Página5,20.0,,0,293.66,5723,93.67,0.010000000000005116,0.010000000000005116,5693,5753,286.73,299.83,61
dia_20_mais,Página5,20.0,,0,294.07,5725,93.66,0.010000000000005116,0.010000000000005116,5695,5755,287.17,300.24,61
dia_20_mais,Página5,20.0,,0,294.27,5726,93.67,0.010000000000005116,0.010000000000005116,5696,5756,287.37,300.46,61
dia_20_mais,Página5,20.0,,0,294.47,5727,93.66,0.010000000000005116,0.010000000000005116,5697,5757,287.57,300.66,61
dia_20_mais,Página5,20.0,,0,294.67,5728,93.67,0.010000000000005116,0.010000000000005116,5698,5758,287.78,300.86,61
dia_20_mais,Página5,20.0,,0,297.16,5740,93.66,0.010000000000005116,0.010000000000005116,5710,5770,290.89,303.96,61
dia_20_mais,Página5,20.0,,0,297.36,5741,93.67,0.010000000000005116,0.010000000000005116,5711,5771,291.09,304.16,61
dia_20_mais,Página5,20.0,,0,298.82,5748,93.66,0.010000000000005116,0.010000000000005116,5718,5778,292.62,305.56,61
dia_20_mais,Página5,20.0,,0,299.63,5752,93.67,0.010000000000005116,0.010000000000005116,5722,5782,293.46,306.39,61
dia_20_mais,Página5,20.0,,0,299.83,5753,93.66,0.010000000000005116,0.010000000000005116,5723,5783,293.66,306.59,61
dia_20_mais,Página5,20.0,,0,300.03,5754,93.67,0.010000000000005116,0.010000000000005116,5724,5784,293.87,306.79,61
dia_20_mais,Página5,20.0,,0,300.86,5758,93.66,0.010000000000005116,0.010000000000005116,5728,5788,294.67,307.61,61
dia_20_mais,Página5,20.0,,0,301.43,5760,93.67,0.010000000000005116,0.010000000000005116,5730,5790,295.11,308.02,61
dia_20_mais,Página5,20.0,,0,307.61,5788,93.66,0.010000000000005116,0.010000000000005116,5758,5818,300.86,314.38,61
dia_20_mais,Página5,20.0,,0,307.81,5789,93.67,0.010000000000005116,0.010000000000005116,5759,5819,301.06,314.59,61
dia_20_mais,Página5,20.0,,0,313.98,5816,93.66,0.010000000000005116,0.010000000000005116,5786,5846,307.21,320.18,61
dia_20_mais,Página5,20.0,,0,314.18,5817,93.67,0.010000000000005116,0.010000000000005116,5787,5847,307.41,320.41,61
dia_20_mais,Página5,20.0,,0,315.4,5823,93.66,0.010000000000005116,0.010000000000005116,5793,5853,308.64,321.62,61
dia_20_mais,Página5,20.0,,0,315.6,5824,93.67,0.010000000000005116,0.010000000000005116,5794,5854,308.83,321.82,61
dia_20_mais,Página5,20.0,,0,321.42,5852,93.66,0.010000000000005116,0.010000000000005116,5822,5882,315.2,328.34,61
dia_20_mais,Página5,20.0,,0,321.62,5853,93.67,0.010000000000005116,0.010000000000005116,5823,5883,315.4,328.54,61
dia_20_mais,Página5,20.0,,0,322.01,5855,93.68,0.010000000000005116,0.010000000000005116,5825,5885,315.81,328.96,61
dia_20_mais,Página5,20.0,,0,322.21,5856,93.67,0.010000000000005116,0.010000000000005116,5826,5886,316.02,329.16,61
dia_20_mais,Página5,20.0,,0,328.96,5885,93.66,0.010000000000005116,0.010000000000005116,5855,5915,322.01,335.11,61
dia_20_mais,Página5,20.0,,0,329.16,5886,93.67,0.010000000000005116,0.010000000000005116,5856,5916,322.21,335.31,61
dia_20_mais,Página5,20.0,,0,329.39,5887,93.66,0.010000000000005116,0.010000000000005116,5857,5917,322.42,335.67,61
dia_20_mais,Página5,20.0,,0,329.59,5888,93.67,0.010000000000005116,0.010000000000005116,5858,5918,322.65,336.18,61
dia_20_mais,Página5,20.0,,0,330.6,5893,93.66,0.010000000000005116,0.010000000000005116,5863,5923,323.66,337.36,61
dia_20_mais,Página5,20.0,,0,330.8,5894,93.67,0.010000000000005116,0.010000000000005116,5864,5924,323.87,337.57,61
dia_20_mais,Página5,20.0,,0,331.2,5896,93.66,0.010000000000005116,0.010000000000005116,5866,5926,324.74,337.96,61
dia_20_mais,Página5,20.0,,0,331.41,5897,93.67,0.010000000000005116,0.010000000000005116,5867,5927,325.29,338.19,61
dia_20_mais,Página5,20.0,,0,334.27,5911,93.66,0.010000000000005116,0.010000000000005116,5881,5941,328.13,341.03,61
dia_20_mais,Página5,20.0,,0,334.48,5912,93.67,0.010000000000005116,0.010000000000005116,5882,5942,328.34,341.23,61
dia_20_mais,Página5,20.0,,0,335.11,5915,93.66,0.010000000000005116,0.010000000000005116,5885,5945,328.96,341.86,61
dia_20_mais,Página5,20.0,,0,335.31,5916,93.67,0.010000000000005116,0.010000000000005116,5886,5946,329.16,342.06,61
dia_20_mais,Página5,20.0,,0,340.83,5940,93.66,0.010000000000005116,0.010000000000005116,5910,5970,334.07,347.22,61
dia_20_mais,Página5,20.0,,0,341.44,5943,93.67,0.010000000000005116,0.010000000000005116,5913,5973,334.68,348.33,61
dia_20_mais,Página5,20.0,,0,341.86,5945,93.66,0.010000000000005116,0.010000000000005116,5915,5975,335.11,348.73,61
dia_20_mais,Página5,20.0,,0,342.06,5946,93.67,0.010000000000005116,0.010000000000005116,5916,5976,335.31,348.93,61
dia_20_mais,Página5,20.0,,0,342.26,5947,93.68,0.010000000000005116,0.010000000000005116,5917,5977,335.67,349.13,61
dia_20_mais,Página5,20.0,,0,342.46,5948,93.67,0.010000000000005116,0.010000000000005116,5918,5978,336.18,349.34,61
dia_20_mais,Página5,20.0,,0,342.67,5949,93.66,0.010000000000005116,0.010000000000005116,5919,5979,336.54,349.58,61
dia_20_mais,Página5,20.0,,0,342.87,5950,93.67,0.010000000000005116,0.010000000000005116,5920,5980,336.74,349.78,61
dia_20_mais,Página5,20.0,,0,346.06,5965,93.66,0.010000000000005116,0.010000000000005116,5935,5995,339.82,352.84,61
dia_20_mais,Página5,20.0,,0,346.26,5966,93.67,0.010000000000005116,0.010000000000005116,5936,5996,340.02,353.04,61
dia_20_mais,Página5,20.0,,0,349.98,5981,93.66,0.010000000000005116,0.010000000000005116,5951,6011,343.07,356.13,61
dia_20_mais,Página5,20.0,,0,350.18,5982,93.67,0.010000000000005116,0.010000000000005116,5952,6012,343.27,356.33,61
dia_20_mais,Página5,20.0,,0,357.96,6020,93.66,0.010000000000005116,0.010000000000005116,5990,6050,351.83,364.73,61
dia_20_mais,Página5,20.0,,0,358.18,6021,93.67,0.010000000000005116,0.010000000000005116,5991,6051,352.03,364.94,61
dia_20_mais,Página5,20.0,,0,359.42,6024,93.66,0.010000000000005116,0.010000000000005116,5994,6054,352.63,365.54,61
dia_20_mais,Página5,20.0,,0,359.62,6025,93.67,0.010000000000005116,0.010000000000005116,5995,6055,352.84,365.75,61
dia_20_mais,Página5,20.0,,0,361.26,6033,93.66,0.010000000000005116,0.010000000000005116,6003,6063,354.48,367.4,61
dia_20_mais,Página5,20.0,,0,361.68,6035,93.67,0.010000000000005116,0.010000000000005116,6005,6065,354.91,367.8,61
dia_20_mais,Página5,20.0,,0,362.08,6037,93.66,0.010000000000005116,0.010000000000005116,6007,6067,355.31,368.23,61
dia_20_mais,Página5,20.0,,0,362.27,6038,93.67,0.010000000000005116,0.010000000000005116,6008,6068,355.51,368.44,61
dia_20_mais,Página5,20.0,,0,362.69,6040,93.66,0.010000000000005116,0.010000000000005116,6010,6070,355.93,368.83,61
dia_20_mais,Página5,20.0,,0,362.89,6041,93.67,0.010000000000005116,0.010000000000005116,6011,6071,356.13,369.04,61
dia_20_mais,Página5,20.0,,0,363.29,6043,93.66,0.010000000000005116,0.010000000000005116,6013,6073,356.53,369.44,61
dia_20_mais,Página5,20.0,,0,363.71,6045,93.67,0.010000000000005116,0.010000000000005116,6015,6075,356.93,370.01,61
dia_20_mais,Página5,20.0,,0,363.91,6046,93.66,0.010000000000005116,0.010000000000005116,6016,6076,357.16,370.52,61
dia_20_mais,Página5,20.0,,0,364.31,6048,93.67,0.010000000000005116,0.010000000000005116,6018,6078,357.56,371.09,61
dia_20_mais,Página5,20.0,,0,364.73,6050,93.66,0.010000000000005116,0.010000000000005116,6020,6080,357.96,371.52,61
dia_20_mais,Página5,20.0,,0,365.34,6053,93.67,0.010000000000005116,0.010000000000005116,6023,6083,359.05,372.13,61
dia_20_mais,Página5,20.0,,0,366.78,6060,93.66,0.010000000000005116,0.010000000000005116,6030,6090,360.66,373.68,61
dia_20_mais,Página5,20.0,,0,367.0,6061,93.67,0.010000000000005116,0.010000000000005116,6031,6091,360.86,373.88,61
dia_20_mais,Página5,20.0,,0,369.65,6074,93.66,0.010000000000005116,0.010000000000005116,6044,6104,363.49,376.57,61
dia_20_mais,Página5,20.0,,0,370.01,6075,93.67,0.010000000000005116,0.010000000000005116,6045,6105,363.71,376.77,61
dia_20_mais,Página5,20.0,,0,370.89,6077,93.66,0.010000000000005116,0.010000000000005116,6047,6107,364.11,377.2,61
dia_20_mais,Página5,20.0,,0,371.09,6078,93.67,0.010000000000005116,0.010000000000005116,6048,6108,364.31,377.4,61
dia_20_mais,Página5,20.0,,0,371.73,6081,93.66,0.010000000000005116,0.010000000000005116,6051,6111,364.94,378.01,61
dia_20_mais,Página5,20.0,,0,372.13,6083,93.67,0.010000000000005116,0.010000000000005116,6053,6113,365.34,378.41,61
dia_20_mais,Página5,20.0,,0,373.06,6087,93.66,0.010000000000005116,0.010000000000005116,6057,6117,366.18,379.24,61
dia_20_mais,Página5,20.0,,0,373.26,6088,93.67,0.010000000000005116,0.010000000000005116,6058,6118,366.38,379.45,61
dia_20_mais,Página5,20.0,,0,375.97,6101,93.68,0.010000000000005116,0.010000000000005116,6071,6131,369.04,382.74,61
dia_20_mais,Página5,20.0,,0,376.17,6102,93.67,0.010000000000005116,0.010000000000005116,6072,6132,369.24,382.94,61
dia_20_mais,Página5,20.0,,0,379.45,6118,93.66,0.010000000000005116,0.010000000000005116,6088,6148,373.26,386.21,61
dia_20_mais,Página5,20.0,,0,379.65,6119,93.67,0.010000000000005116,0.010000000000005116,6089,6149,373.47,386.41,61
dia_20_mais,Página5,20.0,,0,386.01,6147,93.66,0.010000000000005116,0.010000000000005116,6117,6177,379.24,392.15,61
dia_20_mais,Página5,20.0,,0,386.21,6148,93.67,0.010000000000005116,0.010000000000005116,6118,6178,379.45,392.35,61
dia_20_mais,Página5,20.0,,0,388.46,6159,93.66,0.010000000000005116,0.010000000000005116,6129,6189,382.31,395.22,61
dia_20_mais,Página5,20.0,,0,388.66,6160,93.67,0.010000000000005116,0.010000000000005116,6130,6190,382.53,395.42,61
dia_20_mais,Página5,20.0,,0,389.07,6162,93.66,0.010000000000005116,0.010000000000005116,6132,6192,382.94,395.82,61
dia_20_mais,Página5,20.0,,0,389.28,6163,93.67,0.010000000000005116,0.010000000000005116,6133,6193,383.14,396.04,61
dia_20_mais,Página5,20.0,,0,390.71,6170,93.66,0.010000000000005116,0.010000000000005116,6140,6200,384.57,397.45,61
dia_20_mais,Página5,20.0,,0,390.91,6171,93.67,0.010000000000005116,0.010000000000005116,6141,6201,384.79,397.65,61
dia_20_mais,Página5,20.0,,0,391.11,6172,93.66,0.010000000000005116,0.010000000000005116,6142,6202,385.0,397.85,61
dia_20_mais,Página5,20.0,,0,391.31,6173,93.67,0.010000000000005116,0.010000000000005116,6143,6203,385.2,398.06,61
dia_20_mais,Página5,20.0,,0,394.39,6185,93.66,0.010000000000005116,0.010000000000005116,6155,6215,387.65,400.6,61
dia_20_mais,Página5,20.0,,0,394.6,6186,93.67,0.010000000000005116,0.010000000000005116,6156,6216,387.85,400.8,61
dia_20_mais,Página5,20.0,,0,395.01,6188,93.66,0.010000000000005116,0.010000000000005116,6158,6218,388.26,401.2,61
dia_20_mais,Página5,20.0,,0,395.42,6190,93.67,0.010000000000005116,0.010000000000005116,6160,6220,388.66,401.64,61
dia_20_mais,Página5,20.0,,0,395.82,6192,93.66,0.010000000000005116,0.010000000000005116,6162,6222,389.07,402.05,61
dia_20_mais,Página5,20.0,,0,396.24,6194,93.67,0.010000000000005116,0.010000000000005116,6164,6224,389.48,402.44,61
dia_20_mais,Página5,20.0,,0,396.44,6195,93.66,0.010000000000005116,0.010000000000005116,6165,6225,389.68,402.65,61
dia_20_mais,Página5,20.0,,0,396.64,6196,93.67,0.010000000000005116,0.010000000000005116,6166,6226,389.88,402.85,61
dia_20_mais,Página5,20.0,,0,397.25,6199,93.66,0.010000000000005116,0.010000000000005116,6169,6229,390.51,403.45,61
dia_20_mais,Página5,20.0,,0,397.85,6202,93.67,0.010000000000005116,0.010000000000005116,6172,6232,391.11,404.24,61
dia_20_mais,Página5,20.0,,0,398.06,6203,93.66,0.010000000000005116,0.010000000000005116,6173,6233,391.31,404.75,61
dia_20_mais,Página5,20.0,,0,398.27,6204,93.67,0.010000000000005116,0.010000000000005116,6174,6234,391.55,405.14,61
dia_20_mais,Página5,20.0,,0,398.97,6207,93.66,0.010000000000005116,0.010000000000005116,6177,6237,392.15,405.76,61
dia_20_mais,Página5,20.0,,0,399.78,6211,93.67,0.010000000000005116,0.010000000000005116,6181,6241,393.43,406.57,61
dia_20_mais,Página5,20.0,,0,400.4,6214,93.66,0.010000000000005116,0.010000000000005116,6184,6244,394.19,407.19,61
dia_20_mais,Página5,20.0,,0,401.84,6221,93.67,0.010000000000005116,0.010000000000005116,6191,6251,395.62,408.61,61
dia_20_mais,Página5,20.0,,0,402.05,6222,93.66,0.010000000000005116,0.010000000000005116,6192,6252,395.82,408.82,61
dia_20_mais,Página5,20.0,,0,404.24,6232,93.67,0.010000000000005116,0.010000000000005116,6202,6262,397.85,410.85,61
dia_20_mais,Página5,20.0,,0,404.75,6233,93.66,0.010000000000005116,0.010000000000005116,6203,6263,398.06,411.05,61
dia_20_mais,Página5,20.0,,0,405.76,6237,93.67,0.010000000000005116,0.010000000000005116,6207,6267,398.97,411.86,61
dia_20_mais,Página5,20.0,,0,405.97,6238,93.66,0.010000000000005116,0.010000000000005116,6208,6268,399.18,412.06,61
dia_20_mais,Página5,20.0,,0,406.17,6239,93.67,0.010000000000005116,0.010000000000005116,6209,6269,399.38,412.26,61
dia_20_mais,Página5,20.0,,0,406.37,6240,93.66,0.010000000000005116,0.010000000000005116,6210,6270,399.58,412.46,61
dia_20_mais,Página5,20.0,,0,406.77,6242,93.67,0.010000000000005116,0.010000000000005116,6212,6272,399.99,412.89,61
dia_20_mais,Página5,20.0,,0,408.61,6251,93.66,0.010000000000005116,0.010000000000005116,6221,6281,401.84,414.7,61
dia_20_mais,Página5,20.0,,0,409.23,6254,93.67,0.010000000000005116,0.010000000000005116,6224,6284,402.44,415.34,61
dia_20_mais,Página5,20.0,,0,409.63,6256,93.66,0.010000000000005116,0.010000000000005116,6226,6286,402.85,416.21,61
dia_20_mais,Página5,20.0,,0,410.04,6258,93.67,0.010000000000005116,0.010000000000005116,6228,6288,403.25,416.78,61
dia_20_mais,Página5,20.0,,0,410.65,6261,93.66,0.010000000000005116,0.010000000000005116,6231,6291,403.88,417.42,61
dia_20_mais,Página5,20.0,,0,410.85,6262,93.67,0.010000000000005116,0.010000000000005116,6232,6291,404.24,417.42,60
dia_20_mais,Página5,20.0,,0,412.06,6268,93.66,0.010000000000005116,0.010000000000005116,6238,6291,405.97,417.42,54
dia_20_mais,Página5,20.0,,0,412.26,6269,93.67,0.010000000000005116,0.010000000000005116,6239,6291,406.17,417.42,53
dia_20_mais,Página5,20.0,,0,412.69,6271,93.66,0.010000000000005116,0.010000000000005116,6241,6291,406.57,417.42,51
dia_20_mais,Página5,20.0,,0,414.5,6280,93.67,0.010000000000005116,0.010000000000005116,6250,6291,408.41,417.42,42
dia_20_mais,Página5,20.0,,0,415.14,6283,93.66,0.010000000000005116,0.010000000000005116,6253,6291,409.02,417.42,39
dia_20_mais,Página5,20.0,,0,415.34,6284,93.67,0.010000000000005116,0.010000000000005116,6254,6291,409.23,417.42,38
dia_20_mais,Página5,20.0,,0,416.21,6286,93.66,0.010000000000005116,0.010000000000005116,6256,6291,409.63,417.42,36
dia_20_mais,Página5,20.0,,0,416.78,6288,93.67,0.010000000000005116,0.010000000000005116,6258,6291,410.04,417.42,34
dia_20_mais,Página5,20.0,,0,416.98,6289,93.66,0.010000000000005116,0.010000000000005116,6259,6291,410.24,417.42,33
dia_20_mais,Página5,20.0,,0,417.21,6290,93.67,0.010000000000005116,0.010000000000005116,6260,6291,410.45,417.42,32
dia_20_mais,Página6,20.0,,0,64.79,6295,93.72,0.010000000000005116,0.010000000000005116,6292,6325,64.17,70.88,34
dia_20_mais,Página6,20.0,,0,64.99,6296,93.73,0.010000000000005116,0.010000000000005116,6292,6326,64.17,71.07,35
dia_20_mais,Página6,20.0,,0,66.39,6303,93.72,0.010000000000005116,0.010000000000005116,6292,6333,64.17,73.13,42
dia_20_mais,Página6,20.0,,0,66.62,6304,93.73,0.010000000000005116,0.010000000000005116,6292,6334,64.17,73.33,43
dia_20_mais,Página6,20.0,,0,66.85,6305,93.72,0.010000000000005116,0.010000000000005116,6292,6335,64.17,73.56,44
dia_20_mais,Página6,20.0,,0,67.64,6309,93.73,0.010000000000005116,0.010000000000005116,6292,6339,64.17,74.35,48
dia_20_mais,Página6,20.0,,0,69.08,6316,93.72,0.010000000000005116,0.010000000000005116,6292,6346,64.17,75.78,55
dia_20_mais,Página6,20.0,,0,69.28,6317,93.73,0.010000000000005116,0.010000000000005116,6292,6347,64.17,75.98,56
dia_20_mais,Página6,20.0,,0,69.48,6318,93.72,0.010000000000005116,0.010000000000005116,6292,6348,64.17,76.18,57
dia_20_mais,Página6,20.0,,0,70.08,6321,93.73,0.010000000000005116,0.010000000000005116,6292,6351,64.17,76.79,60
dia_20_mais,Página6,20.0,,0,70.28,6322,93.72,0.010000000000005116,0.010000000000005116,6292,6352,64.17,77.0,61
dia_20_mais,Página6,20.0,,0,70.48,6323,93.73,0.010000000000005116,0.010000000000005116,6293,6353,64.36,77.2,61
dia_20_mais,Página6,20.0,,0,72.16,6329,93.72,0.010000000000005116,0.010000000000005116,6299,6359,65.59,78.42,61
dia_20_mais,Página6,20.0,,0,72.54,6330,93.73,0.010000000000005116,0.010000000000005116,6300,6360,65.8,78.72,61
dia_20_mais,Página6,20.0,,0,72.93,6332,93.72,0.010000000000005116,0.010000000000005116,6302,6362,66.19,79.15,61
dia_20_mais,Página6,20.0,,0,73.13,6333,93.73,0.010000000000005116,0.010000000000005116,6303,6363,66.39,79.35,61
dia_20_mais,Página6,20.0,,0,73.56,6335,93.72,0.010000000000005116,0.010000000000005116,6305,6365,66.85,79.75,61
dia_20_mais,Página6,20.0,,0,73.76,6336,93.73,0.010000000000005116,0.010000000000005116,6306,6366,67.04,79.95,61
dia_20_mais,Página6,20.0,,0,73.96,6337,93.72,0.010000000000005116,0.010000000000005116,6307,6367,67.25,80.16,61
dia_20_mais,Página6,20.0,,0,74.16,6338,93.73,0.010000000000005116,0.010000000000005116,6308,6368,67.44,80.35,61
dia_20_mais,Página6,20.0,,0,75.16,6343,93.73,0.010000000000005116,0.010000000000005116,6313,6373,68.45,81.38,61
dia_20_mais,Página6,20.0,,0,80.75,6370,93.72,0.010000000000005116,0.010000000000005116,6340,6400,74.57,87.44,61
dia_20_mais,Página6,20.0,,0,80.95,6371,93.73,0.010000000000005116,0.010000000000005116,6341,6401,74.76,87.64,61
dia_20_mais,Página6,20.0,,0,81.38,6373,93.72,0.010000000000005116,0.010000000000005116,6343,6403,75.16,88.05,61
dia_20_mais,Página6,20.0,,0,81.58,6374,93.73,0.010000000000005116,0.010000000000005116,6344,6404,75.36,88.25,61
dia_20_mais,Página6,20.0,,0,82.19,6377,93.72,0.010000000000005116,0.010000000000005116,6347,6407,75.98,88.85,61
dia_20_mais,Página6,20.0,,0,82.59,6379,93.73,0.010000000000005116,0.010000000000005116,6349,6409,76.38,89.27,61
dia_20_mais,Página6,20.0,,0,82.79,6380,93.72,0.010000000000005116,0.010000000000005116,6350,6410,76.58,89.47,61
dia_20_mais,Página6,20.0,,0,82.98,6381,93.73,0.010000000000005116,0.010000000000005116,6351,6411,76.79,89.67,61
dia_20_mais,Página6,20.0,,0,83.18,6382,93.72,0.010000000000005116,0.010000000000005116,6352,6412,77.0,89.87,61
dia_20_mais,Página6,20.0,,0,83.54,6383,93.73,0.010000000000005116,0.010000000000005116,6353,6413,77.2,90.07,61
dia_20_mais,Página6,20.0,,0,84.04,6384,93.72,0.010000000000005116,0.010000000000005116,6354,6414,77.4,90.27,61
dia_20_mais,Página6,20.0,,0,84.63,6386,93.73,0.010000000000005116,0.010000000000005116,6356,6416,77.8,90.67,61
dia_20_mais,Página6,20.0,,0,85.22,6389,93.72,0.010000000000005116,0.010000000000005116,6359,6419,78.42,91.29,61
dia_20_mais,Página6,20.0,,0,85.42,6390,93.73,0.010000000000005116,0.010000000000005116,6360,6420,78.72,91.49,61
dia_20_mais,Página6,20.0,,0,85.83,6392,93.72,0.010000000000005116,0.010000000000005116,6362,6422,79.15,91.88,61
dia_20_mais,Página6,20.0,,0,86.23,6394,93.73,0.010000000000005116,0.010000000000005116,6364,6424,79.55,92.3,61
dia_20_mais,Página6,20.0,,0,87.44,6400,93.72,0.010000000000005116,0.010000000000005116,6370,6430,80.75,93.55,61
dia_20_mais,Página6,20.0,,0,87.64,6401,93.73,0.010000000000005116,0.010000000000005116,6371,6431,80.95,93.75,61
dia_20_mais,Página6,20.0,,0,88.05,6403,93.72,0.010000000000005116,0.010000000000005116,6373,6433,81.38,94.15,61
dia_20_mais,Página6,20.0,,0,88.45,6405,93.73,0.010000000000005116,0.010000000000005116,6375,6435,81.78,94.55,61
dia_20_mais,Página6,20.0,,0,89.27,6409,93.72,0.010000000000005116,0.010000000000005116,6379,6439,82.59,95.83,61
dia_20_mais,Página6,20.0,,0,90.47,6415,93.73,0.010000000000005116,0.010000000000005116,6385,6445,84.41,97.22,61
dia_20_mais,Página6,20.0,,0,90.67,6416,93.72,0.010000000000005116,0.010000000000005116,6386,6446,84.63,97.42,61
dia_20_mais,Página6,20.0,,0,91.07,6418,93.73,0.010000000000005116,0.010000000000005116,6388,6448,85.02,97.83,61
dia_20_mais,Página6,20.0,,0,91.29,6419,93.72,0.010000000000005116,0.010000000000005116,6389,6449,85.22,98.05,61
dia_20_mais,Página6,20.0,,0,92.09,6423,93.73,0.010000000000005116,0.010000000000005116,6393,6453,86.03,98.85,61
dia_20_mais,Página6,20.0,,0,92.3,6424,93.72,0.010000000000005116,0.010000000000005116,6394,6454,86.23,99.06,61
dia_20_mais,Página6,20.0,,0,93.55,6430,93.73,0.010000000000005116,0.010000000000005116,6400,6460,87.44,100.29,61
dia_20_mais,Página6,20.0,,0,93.75,6431,93.72,0.010000000000005116,0.010000000000005116,6401,6461,87.64,100.49,61
dia_20_mais,Página6,20.0,,0,93.95,6432,93.73,0.010000000000005116,0.010000000000005116,6402,6462,87.85,100.69,61
dia_20_mais,Página6,20.0,,0,94.35,6434,93.72,0.010000000000005116,0.010000000000005116,6404,6464,88.25,101.09,61
dia_20_mais,Página6,20.0,,0,95.83,6439,93.73,0.010000000000005116,0.010000000000005116,6409,6469,89.27,102.11,61
dia_20_mais,Página6,20.0,,0,96.2,6440,93.72,0.010000000000005116,0.010000000000005116,6410,6470,89.47,102.31,61
dia_20_mais,Página6,20.0,,0,96.6,6442,93.73,0.010000000000005116,0.010000000000005116,6412,6472,89.87,102.77,61
dia_20_mais,Página6,20.0,,0,96.8,6443,93.72,0.010000000000005116,0.010000000000005116,6413,6473,90.07,102.97,61
dia_20_mais,Página6,20.0,,0,97.22,6445,93.73,0.010000000000005116,0.010000000000005116,6415,6475,90.47,103.37,61
dia_20_mais,Página6,20.0,,0,97.42,6446,93.72,0.010000000000005116,0.010000000000005116,6416,6476,90.67,103.58,61
dia_20_mais,Página6,20.0,,0,97.83,6448,93.73,0.010000000000005116,0.010000000000005116,6418,6478,91.07,103.98,61
dia_20_mais,Página6,20.0,,0,98.25,6450,93.72,0.010000000000005116,0.010000000000005116,6420,6480,91.49,104.38,61
dia_20_mais,Página6,20.0,,0,99.06,6454,93.73,0.010000000000005116,0.010000000000005116,6424,6484,92.3,105.29,61
dia_20_mais,Página6,20.0,,0,99.26,6455,93.72,0.010000000000005116,0.010000000000005116,6425,6485,92.54,105.49,61
dia_20_mais,Página6,20.0,,0,99.46,6456,93.73,0.010000000000005116,0.010000000000005116,6426,6486,92.74,105.7,61
dia_20_mais,Página6,20.0,,0,99.66,6457,93.72,0.010000000000005116,0.010000000000005116,6427,6487,92.94,105.94,61
dia_20_mais,Página6,20.0,,0,100.29,6460,93.73,0.010000000000005116,0.010000000000005116,6430,6490,93.55,106.54,61
dia_20_mais,Página6,20.0,,0,101.51,6466,93.72,0.010000000000005116,0.010000000000005116,6436,6496,94.76,108.39,61
dia_20_mais,Página6,20.0,,0,101.71,6467,93.73,0.010000000000005116,0.010000000000005116,6437,6497,94.96,108.59,61
dia_20_mais,Página6,20.0,,0,101.91,6468,93.72,0.010000000000005116,0.010000000000005116,6438,6498,95.16,108.79,61
dia_20_mais,Página6,20.0,,0,102.11,6469,93.73,0.010000000000005116,0.010000000000005116,6439,6499,95.83,108.99,61
dia_20_mais,Página6,20.0,,0,102.31,6470,93.72,0.010000000000005116,0.010000000000005116,6440,6500,96.2,109.19,61
dia_20_mais,Página6,20.0,,0,102.77,6472,93.73,0.010000000000005116,0.010000000000005116,6442,6502,96.6,109.6,61
dia_20_mais,Página6,20.0,,0,102.97,6473,93.72,0.010000000000005116,0.010000000000005116,6443,6503,96.8,109.8,61
dia_20_mais,Página6,20.0,,0,103.37,6475,93.73,0.010000000000005116,0.010000000000005116,6445,6505,97.22,110.2,61
dia_20_mais,Página6,20.0,,0,103.58,6476,93.72,0.010000000000005116,0.010000000000005116,6446,6506,97.42,110.43,61
dia_20_mais,Página6,20.0,,0,103.78,6477,93.73,0.010000000000005116,0.010000000000005116,6447,6507,97.62,110.63,61
dia_20_mais,Página6,20.0,,0,103.98,6478,93.72,0.010000000000005116,0.010000000000005116,6448,6508,97.83,110.83,61
dia_20_mais,Página6,20.0,,0,104.18,6479,93.73,0.010000000000005116,0.010000000000005116,6449,6509,98.05,111.03,61
dia_20_mais,Página6,20.0,,0,104.69,6481,93.72,0.010000000000005116,0.010000000000005116,6451,6511,98.45,111.44,61
dia_20_mais,Página6,20.0,,0,105.7,6486,93.73,0.010000000000005116,0.010000000000005116,6456,6516,99.46,112.44,61
dia_20_mais,Página6,20.0,,0,106.14,6488,93.72,0.010000000000005116,0.010000000000005116,6458,6518,99.86,112.89,61
dia_20_mais,Página6,20.0,,0,108.39,6496,93.73,0.010000000000005116,0.010000000000005116,6466,6526,101.51,114.5,61
dia_20_mais,Página6,20.0,,0,108.59,6497,93.72,0.010000000000005116,0.010000000000005116,6467,6527,101.71,114.7,61
dia_20_mais,Página6,20.0,,0,108.79,6498,93.73,0.010000000000005116,0.010000000000005116,6468,6528,101.91,114.92,61
dia_20_mais,Página6,20.0,,0,109.19,6500,93.72,0.010000000000005116,0.010000000000005116,6470,6530,102.31,115.32,61
dia_20_mais,Página6,20.0,,0,110.2,6505,93.73,0.010000000000005116,0.010000000000005116,6475,6535,103.37,116.37,61
dia_20_mais,Página6,20.0,,0,110.43,6506,93.72,0.010000000000005116,0.010000000000005116,6476,6536,103.58,116.57,61
dia_20_mais,Página6,20.0,,0,111.03,6509,93.73,0.010000000000005116,0.010000000000005116,6479,6539,104.18,117.18,61
dia_20_mais,Página6,20.0,,0,111.84,6513,93.72,0.010000000000005116,0.010000000000005116,6483,6543,105.09,118.01,61
dia_20_mais,Página6,20.0,,0,112.24,6515,93.73,0.010000000000005116,0.010000000000005116,6485,6545,105.49,118.42,61
dia_20_mais,Página6,20.0,,0,113.08,6519,93.72,0.010000000000005116,0.010000000000005116,6489,6549,106.34,119.69,61
dia_20_mais,Página6,20.0,,0,113.7,6522,93.73,0.010000000000005116,0.010000000000005116,6492,6552,106.94,120.46,61
dia_20_mais,Página6,20.0,,0,114.1,6524,93.72,0.010000000000005116,0.010000000000005116,6494,6554,107.5,120.86,61
dia_20_mais,Página6,20.0,,0,114.3,6525,93.73,0.010000000000005116,0.010000000000005116,6495,6555,108.02,121.07,61
dia_20_mais,Página6,20.0,,0,114.7,6527,93.72,0.010000000000005116,0.010000000000005116,6497,6557,108.59,121.5,61
dia_20_mais,Página6,20.0,,0,115.12,6529,93.73,0.010000000000005116,0.010000000000005116,6499,6559,108.99,121.9,61
dia_20_mais,Página6,20.0,,0,115.32,6530,93.72,0.010000000000005116,0.010000000000005116,6500,6560,109.19,122.1,61
dia_20_mais,Página6,20.0,,0,115.73,6532,93.73,0.010000000000005116,0.010000000000005116,6502,6562,109.6,122.51,61
dia_20_mais,Página6,20.0,,0,115.96,6533,93.72,0.010000000000005116,0.010000000000005116,6503,6563,109.8,122.71,61
dia_20_mais,Página6,20.0,,0,116.16,6534,93.73,0.010000000000005116,0.010000000000005116,6504,6564,110.0,122.95,61
dia_20_mais,Página6,20.0,,0,116.37,6535,93.72,0.010000000000005116,0.010000000000005116,6505,6565,110.2,123.15,61
dia_20_mais,Página6,20.0,,0,116.77,6537,93.73,0.010000000000005116,0.010000000000005116,6507,6567,110.63,123.55,61
dia_20_mais,Página6,20.0,,0,117.18,6539,93.72,0.010000000000005116,0.010000000000005116,6509,6569,111.03,123.98,61
dia_20_mais,Página6,20.0,,0,117.38,6540,93.73,0.010000000000005116,0.010000000000005116,6510,6570,111.23,124.18,61
dia_20_mais,Página6,20.0,,0,118.42,6545,93.72,0.010000000000005116,0.010000000000005116,6515,6575,112.24,125.2,61
dia_20_mais,Página6,20.0,,0,118.62,6546,93.73,0.010000000000005116,0.010000000000005116,6516,6576,112.44,125.4,61
dia_20_mais,Página6,20.0,,0,119.18,6548,93.72,0.010000000000005116,0.010000000000005116,6518,6578,112.89,125.81,61
dia_20_mais,Página6,20.0,,0,119.69,6549,93.73,0.010000000000005116,0.010000000000005116,6519,6579,113.08,126.01,61
dia_20_mais,Página6,20.0,,0,120.06,6550,93.72,0.010000000000005116,0.010000000000005116,6520,6580,113.29,126.21,61
dia_20_mais,Página6,20.0,,0,120.86,6554,93.73,0.010000000000005116,0.010000000000005116,6524,6584,114.1,127.04,61
dia_20_mais,Página6,20.0,,0,121.07,6555,93.72,0.010000000000005116,0.010000000000005116,6525,6585,114.3,127.24,61
dia_20_mais,Página6,20.0,,0,122.3,6561,93.73,0.010000000000005116,0.010000000000005116,6531,6591,115.53,128.5,61
dia_20_mais,Página6,20.0,,0,122.51,6562,93.72,0.010000000000005116,0.010000000000005116,6532,6592,115.73,128.7,61
dia_20_mais,Página6,20.0,,0,123.15,6565,93.73,0.010000000000005116,0.010000000000005116,6535,6595,116.37,129.31,61
dia_20_mais,Página6,20.0,,0,123.35,6566,93.72,0.010000000000005116,0.010000000000005116,6536,6596,116.57,129.51,61
dia_20_mais,Página6,20.0,,0,125.4,6576,93.73,0.010000000000005116,0.010000000000005116,6546,6606,118.62,132.29,61
dia_20_mais,Página6,20.0,,0,126.01,6579,93.72,0.010000000000005116,0.010000000000005116,6549,6609,119.69,132.92,61
dia_20_mais,Página6,20.0,,0,126.61,6582,93.73,0.010000000000005116,0.010000000000005116,6552,6612,120.46,133.55,61
dia_20_mais,Página6,20.0,,0,126.81,6583,93.72,0.010000000000005116,0.010000000000005116,6553,6613,120.66,133.76,61
dia_20_mais,Página6,20.0,,0,127.04,6584,93.73,0.010000000000005116,0.010000000000005116,6554,6614,120.86,133.96,61
dia_20_mais,Página6,20.0,,0,127.24,6585,93.72,0.010000000000005116,0.010000000000005116,6555,6615,121.07,134.16,61
dia_20_mais,Página6,20.0,,0,127.84,6588,93.73,0.010000000000005116,0.010000000000005116,6558,6618,121.7,134.76,61
dia_20_mais,Página6,20.0,,0,128.07,6589,93.72,0.010000000000005116,0.010000000000005116,6559,6619,121.9,135.0,61
dia_20_mais,Página6,20.0,,0,128.3,6590,93.73,0.010000000000005116,0.010000000000005116,6560,6620,122.1,135.19,61
dia_20_mais,Página6,20.0,,0,129.1,6594,93.72,0.010000000000005116,0.010000000000005116,6564,6624,122.95,136.0,61
dia_20_mais,Página6,20.0,,0,129.91,6598,93.73,0.010000000000005116,0.010000000000005116,6568,6628,123.78,136.8,61
dia_20_mais,Página6,20.0,,0,131.56,6604,93.72,0.010000000000005116,0.010000000000005116,6574,6634,125.0,138.02,61
dia_20_mais,Página6,20.0,,0,132.08,6605,93.73,0.010000000000005116,0.010000000000005116,6575,6635,125.2,138.24,61
dia_20_mais,Página6,20.0,,0,132.49,6607,93.72,0.010000000000005116,0.010000000000005116,6577,6637,125.6,138.65,61
dia_20_mais,Página6,20.0,,0,133.15,6610,93.73,0.010000000000005116,0.010000000000005116,6580,6640,126.21,139.25,61
dia_20_mais,Página6,20.0,,0,133.55,6612,93.72,0.010000000000005116,0.010000000000005116,6582,6642,126.61,139.68,61
dia_20_mais,Página6,20.0,,0,134.16,6615,93.73,0.010000000000005116,0.010000000000005116,6585,6645,127.24,140.28,61
dia_20_mais,Página6,20.0,,0,134.36,6616,93.72,0.010000000000005116,0.010000000000005116,6586,6646,127.44,140.49,61
dia_20_mais,Página6,20.0,,0,134.76,6618,93.73,0.010000000000005116,0.010000000000005116,6588,6648,127.84,140.89,61
dia_20_mais,Página6,20.0,,0,135.0,6619,93.72,0.010000000000005116,0.010000000000005116,6589,6649,128.07,141.09,61
dia_20_mais,Página6,20.0,,0,135.19,6620,93.73,0.010000000000005116,0.010000000000005116,6590,6650,128.3,141.29,61
dia_20_mais,Página6,20.0,,0,135.79,6623,93.72,0.010000000000005116,0.010000000000005116,6593,6653,128.9,141.92,61
dia_20_mais,Página6,20.0,,0,136.0,6624,93.73,0.010000000000005116,0.010000000000005116,6594,6654,129.1,142.12,61
dia_20_mais,Página6,20.0,,0,136.2,6625,93.72,0.010000000000005116,0.010000000000005116,6595,6655,129.31,142.32,61
dia_20_mais,Página6,20.0,,0,136.6,6627,93.73,0.010000000000005116,0.010000000000005116,6597,6657,129.71,142.72,61
dia_20_mais,Página6,20.0,,0,137.82,6633,93.72,0.010000000000005116,0.010000000000005116,6603,6663,131.1,144.55,61
dia_20_mais,Página6,20.0,,0,138.24,6635,93.73,0.010000000000005116,0.010000000000005116,6605,6665,132.08,144.96,61
dia_20_mais,Página6,20.0,,0,138.65,6637,93.72,0.010000000000005116,0.010000000000005116,6607,6667,132.49,145.36,61
dia_20_mais,Página6,20.0,,0,139.48,6641,93.73,0.010000000000005116,0.010000000000005116,6611,6671,133.35,146.19,61
dia_20_mais,Página6,20.0,,0,140.69,6647,93.73,0.010000000000005116,0.010000000000005116,6617,6677,134.56,147.4,61
dia_20_mais,Página6,20.0,,0,141.92,6653,93.72,0.010000000000005116,0.010000000000005116,6623,6683,135.79,148.64,61
dia_20_mais,Página6,20.0,,0,142.32,6655,93.73,0.010000000000005116,0.010000000000005116,6625,6685,136.2,149.05,61
dia_20_mais,Página6,20.0,,0,144.35,6662,93.72,0.010000000000005116,0.010000000000005116,6632,6692,137.62,150.49,61
dia_20_mais,Página6,20.0,,0,144.55,6663,93.73,0.010000000000005116,0.010000000000005116,6633,6693,137.82,150.68,61
dia_20_mais,Página6,20.0,,0,145.75,6669,93.72,0.010000000000005116,0.010000000000005116,6639,6699,139.05,151.91,61
dia_20_mais,Página6,20.0,,0,145.96,6670,93.73,0.010000000000005116,0.010000000000005116,6640,6700,139.25,152.11,61
dia_20_mais,Página6,20.0,,0,146.19,6671,93.72,0.010000000000005116,0.010000000000005116,6641,6701,139.48,152.31,61
dia_20_mais,Página6,20.0,,0,146.59,6673,93.73,0.010000000000005116,0.010000000000005116,6643,6703,139.88,152.71,61
dia_20_mais,Página6,20.0,,0,146.79,6674,93.72,0.010000000000005116,0.010000000000005116,6644,6704,140.08,152.91,61
dia_20_mais,Página6,20.0,,0,147.4,6677,93.73,0.010000000000005116,0.010000000000005116,6647,6707,140.69,153.52,61
dia_20_mais,Página6,20.0,,0,148.2,6681,93.72,0.010000000000005116,0.010000000000005116,6651,6711,141.49,154.37,61
dia_20_mais,Página6,20.0,,0,148.64,6683,93.73,0.010000000000005116,0.010000000000005116,6653,6713,141.92,155.24,61
dia_20_mais,Página6,20.0,,0,148.84,6684,93.72,0.010000000000005116,0.010000000000005116,6654,6714,142.12,155.6,61
dia_20_mais,Página6,20.0,,0,149.05,6685,93.73,0.010000000000005116,0.010000000000005116,6655,6715,142.32,155.8,61
dia_20_mais,Página6,20.0,,0,149.25,6686,93.72,0.010000000000005116,0.010000000000005116,6656,6716,142.52,156.01,61
dia_20_mais,Página6,20.0,,0,150.08,6690,93.73,0.010000000000005116,0.010000000000005116,6660,6720,143.95,156.82,61
dia_20_mais,Página6,20.0,,0,150.28,6691,93.72,0.010000000000005116,0.010000000000005116,6661,6721,144.15,157.02,61
dia_20_mais,Página6,20.0,,0,151.28,6696,93.73,0.010000000000005116,0.010000000000005116,6666,6726,145.16,158.04,61
dia_20_mais,Página6,20.0,,0,151.48,6697,93.72,0.010000000000005116,0.010000000000005116,6667,6727,145.36,158.34,61
dia_20_mais,Página6,20.0,,0,151.71,6698,93.73,0.010000000000005116,0.010000000000005116,6668,6728,145.56,158.54,61
dia_20_mais,Página6,20.0,,0,151.91,6699,93.72,0.010000000000005116,0.010000000000005116,6669,6729,145.75,158.78,61
dia_20_mais,Página6,20.0,,0,152.11,6700,93.73,0.010000000000005116,0.010000000000005116,6670,6730,145.96,158.97,61
dia_20_mais,Página6,20.0,,0,153.12,6705,93.72,0.010000000000005116,0.010000000000005116,6675,6735,146.99,159.98,61
dia_20_mais,Página6,20.0,,0,153.32,6706,93.73,0.010000000000005116,0.010000000000005116,6676,6736,147.2,160.18,61
dia_20_mais,Página6,20.0,,0,153.52,6707,93.72,0.010000000000005116,0.010000000000005116,6677,6737,147.4,160.38,61
dia_20_mais,Página6,20.0,,0,153.74,6708,93.73,0.010000000000005116,0.010000000000005116,6678,6738,147.6,160.61,61
dia_20_mais,Página6,20.0,,0,153.97,6709,93.72,0.010000000000005116,0.010000000000005116,6679,6739,147.8,160.81,61
dia_20_mais,Página6,20.0,,0,154.17,6710,93.73,0.010000000000005116,0.010000000000005116,6680,6740,148.0,161.01,61
dia_20_mais,Página6,20.0,,0,155.6,6714,93.72,0.010000000000005116,0.010000000000005116,6684,6744,148.84,161.82,61
dia_20_mais,Página6,20.0,,0,155.8,6715,93.73,0.010000000000005116,0.010000000000005116,6685,6745,149.05,162.02,61
dia_20_mais,Página6,20.0,,0,157.64,6724,93.72,0.010000000000005116,0.010000000000005116,6694,6754,150.88,163.85,61
dia_20_mais,Página6,20.0,,0,158.04,6726,93.73,0.010000000000005116,0.010000000000005116,6696,6756,151.28,164.26,61
dia_20_mais,Página6,20.0,,0,158.54,6728,93.72,0.010000000000005116,0.010000000000005116,6698,6758,151.71,164.65,61
dia_20_mais,Página6,20.0,,0,158.78,6729,93.73,0.010000000000005116,0.010000000000005116,6699,6759,151.91,164.86,61
dia_20_mais,Página6,20.0,,0,159.17,6731,93.72,0.010000000000005116,0.010000000000005116,6701,6761,152.31,165.28,61
dia_20_mais,Página6,20.0,,0,162.02,6745,93.73,0.010000000000005116,0.010000000000005116,6715,6775,155.8,168.76,61
dia_20_mais,Página6,20.0,,0,162.22,6746,93.72,0.010000000000005116,0.010000000000005116,6716,6776,156.01,168.97,61
dia_20_mais,Página6,20.0,,0,163.64,6753,93.73,0.010000000000005116,0.010000000000005116,6723,6783,157.44,170.38,61
dia_20_mais,Página6,20.0,,0,163.85,6754,93.72,0.010000000000005116,0.010000000000005116,6724,6784,157.64,170.6,61
dia_20_mais,Página6,20.0,,0,167.53,6769,93.73,0.010000000000005116,0.010000000000005116,6739,6799,160.81,173.63,61
dia_20_mais,Página6,20.0,,0,168.36,6773,93.72,0.010000000000005116,0.010000000000005116,6743,6803,161.62,174.46,61
dia_20_mais,Página6,20.0,,0,168.97,6776,93.73,0.010000000000005116,0.010000000000005116,6746,6806,162.22,175.06,61
dia_20_mais,Página6,20.0,,0,169.58,6779,93.72,0.010000000000005116,0.010000000000005116,6749,6809,162.83,175.67,61
dia_20_mais,Página6,20.0,,0,170.18,6782,93.73,0.010000000000005116,0.010000000000005116,6752,6812,163.44,176.3,61
dia_20_mais,Página6,20.0,,0,170.38,6783,93.72,0.010000000000005116,0.010000000000005116,6753,6813,163.64,176.5,61
dia_20_mais,Página6,20.0,,0,170.6,6784,93.73,0.010000000000005116,0.010000000000005116,6754,6814,163.85,176.7,61
dia_20_mais,Página6,20.0,,0,170.8,6785,93.72,0.010000000000005116,0.010000000000005116,6755,6815,164.06,176.9,61
dia_20_mais,Página6,20.0,,0,171.2,6787,93.73,0.010000000000005116,0.010000000000005116,6757,6817,164.46,177.31,61
dia_20_mais,Página6,20.0,,0,171.4,6788,93.72,0.010000000000005116,0.010000000000005116,6758,6818,164.65,177.51,61
dia_20_mais,Página6,20.0,,0,173.63,6799,93.73,0.010000000000005116,0.010000000000005116,6769,6829,167.53,180.37,61
dia_20_mais,Página6,20.0,,0,174.26,6802,93.72,0.010000000000005116,0.010000000000005116,6772,6832,168.13,180.97,61
dia_20_mais,Página6,20.0,,0,174.46,6803,93.73,0.010000000000005116,0.010000000000005116,6773,6833,168.36,181.17,61
dia_20_mais,Página6,20.0,,0,174.66,6804,93.72,0.010000000000005116,0.010000000000005116,6774,6834,168.56,181.37,61
dia_20_mais,Página6,20.0,,0,179.77,6826,93.73,0.010000000000005116,0.010000000000005116,6796,6856,173.03,185.94,61
dia_20_mais,Página6,20.0,,0,180.57,6830,93.72,0.010000000000005116,0.010000000000005116,6800,6860,173.85,186.77,61
dia_20_mais,Página6,20.0,,0,181.17,6833,93.73,0.010000000000005116,0.010000000000005116,6803,6863,174.46,187.39,61
dia_20_mais,Página6,20.0,,0,181.58,6835,93.72,0.010000000000005116,0.010000000000005116,6805,6865,174.86,187.79,61
dia_20_mais,Página6,20.0,,0,181.79,6836,93.73,0.010000000000005116,0.010000000000005116,6806,6866,175.06,187.99,61
dia_20_mais,Página6,20.0,,0,182.38,6839,93.72,0.010000000000005116,0.010000000000005116,6809,6869,175.67,188.61,61
dia_20_mais,Página6,20.0,,0,183.41,6844,93.73,0.010000000000005116,0.010000000000005116,6814,6874,176.7,189.63,61
dia_20_mais,Página6,20.0,,0,183.6,6845,93.72,0.010000000000005116,0.010000000000005116,6815,6875,176.9,189.83,61
dia_20_mais,Página6,20.0,,0,185.54,6854,93.73,0.010000000000005116,0.010000000000005116,6824,6884,179.35,192.45,61
dia_20_mais,Página6,20.0,,0,185.74,6855,93.72,0.010000000000005116,0.010000000000005116,6825,6885,179.57,192.66,61
dia_20_mais,Página6,20.0,,0,187.59,6864,93.73,0.010000000000005116,0.010000000000005116,6834,6894,181.37,194.5,61
dia_20_mais,Página6,20.0,,0,188.41,6868,93.72,0.010000000000005116,0.010000000000005116,6838,6898,182.19,195.33,61
dia_20_mais,Página6,20.0,,0,189.01,6871,93.73,0.010000000000005116,0.010000000000005116,6841,6901,182.81,195.93,61
dia_20_mais,Página6,20.0,,0,189.21,6872,93.72,0.010000000000005116,0.010000000000005116,6842,6902,183.01,196.15,61
dia_20_mais,Página6,20.0,,0,192.25,6883,93.73,0.010000000000005116,0.010000000000005116,6853,6913,185.34,198.39,61
dia_20_mais,Página6,20.0,,0,192.45,6884,93.72,0.010000000000005116,0.010000000000005116,6854,6914,185.54,198.59,61
dia_20_mais,Página6,20.0,,0,196.15,6902,93.73,0.010000000000005116,0.010000000000005116,6872,6932,189.21,202.74,61
dia_20_mais,Página6,20.0,,0,196.35,6903,93.72,0.010000000000005116,0.010000000000005116,6873,6933,189.42,203.1,61
dia_20_mais,Página6,20.0,,0,196.55,6904,93.73,0.010000000000005116,0.010000000000005116,6874,6934,189.63,203.3,61
dia_20_mais,Página6,20.0,,0,197.57,6909,93.72,0.010000000000005116,0.010000000000005116,6879,6939,191.42,204.33,61
dia_20_mais,Página6,20.0,,0,198.39,6913,93.73,0.010000000000005116,0.010000000000005116,6883,6943,192.25,205.17,61
dia_20_mais,Página6,20.0,,0,198.59,6914,93.72,0.010000000000005116,0.010000000000005116,6884,6944,192.45,205.37,61
dia_20_mais,Página6,20.0,,0,198.79,6915,93.73,0.010000000000005116,0.010000000000005116,6885,6945,192.66,205.57,61
dia_20_mais,Página6,20.0,,0,199.4,6918,93.72,0.010000000000005116,0.010000000000005116,6888,6948,193.26,206.18,61
dia_20_mais,Página6,20.0,,0,203.71,6936,93.73,0.010000000000005116,0.010000000000005116,6906,6966,196.95,209.85,61
dia_20_mais,Página6,20.0,,0,203.93,6937,93.72,0.010000000000005116,0.010000000000005116,6907,6967,197.17,210.05,61
dia_20_mais,Página6,20.0,,0,208.63,6960,93.73,0.010000000000005116,0.010000000000005116,6930,6990,201.87,215.53,61
dia_20_mais,Página6,20.0,,0,208.83,6961,93.72,0.010000000000005116,0.010000000000005116,6931,6991,202.23,215.73,61
dia_20_mais,Página6,20.0,,0,210.05,6967,93.73,0.010000000000005116,0.010000000000005116,6937,6997,203.93,216.94,61
dia_20_mais,Página6,20.0,,0,210.25,6968,93.72,0.010000000000005116,0.010000000000005116,6938,6998,204.13,217.14,61
dia_20_mais,Página6,20.0,,0,210.46,6969,93.73,0.010000000000005116,0.010000000000005116,6939,6999,204.33,217.35,61
dia_20_mais,Página6,20.0,,0,210.68,6970,93.72,0.010000000000005116,0.010000000000005116,6940,7000,204.53,217.57,61
dia_20_mais,Página6,20.0,,0,211.59,6974,93.73,0.010000000000005116,0.010000000000005116,6944,7004,205.37,218.37,61
dia_20_mais,Página6,20.0,,0,211.82,6975,93.72,0.010000000000005116,0.010000000000005116,6945,7005,205.57,218.58,61
dia_20_mais,Página6,20.0,,0,212.22,6977,93.73,0.010000000000005116,0.010000000000005116,6947,7007,205.97,218.98,61
dia_20_mais,Página6,20.0,,0,212.43,6978,93.72,0.010000000000005116,0.010000000000005116,6948,7008,206.18,219.18,61
dia_20_mais,Página6,20.0,,0,212.83,6980,93.73,0.010000000000005116,0.010000000000005116,6950,7010,206.58,219.59,61
dia_20_mais,Página6,20.0,,0,213.43,6983,93.72,0.010000000000005116,0.010000000000005116,6953,7013,207.19,220.22,61
dia_20_mais,Página6,20.0,,0,215.73,6991,93.73,0.010000000000005116,0.010000000000005116,6961,7021,208.83,221.86,61
dia_20_mais,Página6,20.0,,0,216.34,6994,93.72,0.010000000000005116,0.010000000000005116,6964,7024,209.44,222.46,61
dia_20_mais,Página6,20.0,,0,216.54,6995,93.73,0.010000000000005116,0.010000000000005116,6965,7025,209.65,222.66,61
dia_20_mais,Página6,20.0,,0,216.74,6996,93.72,0.010000000000005116,0.010000000000005116,6966,7026,209.85,222.87,61
dia_20_mais,Página6,20.0,,0,217.57,7000,93.73,0.010000000000005116,0.010000000000005116,6970,7030,210.68,223.7,61
dia_20_mais,Página6,20.0,,0,217.77,7001,93.72,0.010000000000005116,0.010000000000005116,6971,7031,210.98,223.9,61
dia_20_mais,Página6,20.0,,0,218.17,7003,93.73,0.010000000000005116,0.010000000000005116,6973,7033,211.39,224.31,61
dia_20_mais,Página6,20.0,,0,218.37,7004,93.72,0.010000000000005116,0.010000000000005116,6974,7034,211.59,224.51,61
dia_20_mais,Página6,20.0,,0,219.59,7010,93.73,0.010000000000005116,0.010000000000005116,6980,7040,212.83,225.9,61
dia_20_mais,Página6,20.0,,0,220.01,7012,93.72,0.010000000000005116,0.010000000000005116,6982,7042,213.23,226.78,61
dia_20_mais,Página6,20.0,,0,220.62,7015,93.73,0.010000000000005116,0.010000000000005116,6985,7045,214.0,227.39,61
dia_20_mais,Página6,20.0,,0,220.85,7016,93.72,0.010000000000005116,0.010000000000005116,6986,7046,214.51,227.62,61
dia_20_mais,Página6,20.0,,0,221.25,7018,93.73,0.010000000000005116,0.010000000000005116,6988,7048,215.11,228.02,61
dia_20_mais,Página6,20.0,,0,221.45,7019,93.72,0.010000000000005116,0.010000000000005116,6989,7049,215.33,228.22,61
dia_20_mais,Página6,20.0,,0,221.86,7021,93.73,0.010000000000005116,0.010000000000005116,6991,7051,215.73,228.64,61
dia_20_mais,Página6,20.0,,0,222.06,7022,93.72,0.010000000000005116,0.010000000000005116,6992,7052,215.94,228.84,61
dia_20_mais,Página6,20.0,,0,222.46,7024,93.73,0.010000000000005116,0.010000000000005116,6994,7054,216.34,229.25,61
dia_20_mais,Página6,20.0,,0,222.66,7025,93.72,0.010000000000005116,0.010000000000005116,6995,7055,216.54,229.45,61
dia_20_mais,Página6,20.0,,0,224.31,7033,93.73,0.010000000000005116,0.010000000000005116,7003,7063,218.17,231.11,61
dia_20_mais,Página6,20.0,,0,225.34,7038,93.72,0.010000000000005116,0.010000000000005116,7008,7068,219.18,232.12,61
dia_20_mais,Página6,20.0,,0,225.9,7040,93.73,0.010000000000005116,0.010000000000005116,7010,7070,219.59,232.52,61
dia_20_mais,Página6,20.0,,0,226.78,7042,93.72,0.010000000000005116,0.010000000000005116,7012,7072,220.01,232.92,61
dia_20_mais,Página6,20.0,,0,227.39,7045,93.73,0.010000000000005116,0.010000000000005116,7015,7075,220.62,233.55,61
dia_20_mais,Página6,20.0,,0,227.62,7046,93.72,0.010000000000005116,0.010000000000005116,7016,7076,220.85,233.75,61
dia_20_mais,Página6,20.0,,0,227.82,7047,93.73,0.010000000000005116,0.010000000000005116,7017,7077,221.05,233.95,61
dia_20_mais,Página6,20.0,,0,228.02,7048,93.72,0.010000000000005116,0.010000000000005116,7018,7078,221.25,234.16,61
dia_20_mais,Página6,20.0,,0,228.64,7051,93.73,0.010000000000005116,0.010000000000005116,7021,7081,221.86,234.77,61
dia_20_mais,Página6,20.0,,0,228.84,7052,93.72,0.010000000000005116,0.010000000000005116,7022,7082,222.06,234.97,61
dia_20_mais,Página6,20.0,,0,229.65,7056,93.73,0.010000000000005116,0.010000000000005116,7026,7086,222.87,235.84,61
dia_20_mais,Página6,20.0,,0,229.86,7057,93.72,0.010000000000005116,0.010000000000005116,7027,7087,223.1,236.04,61
dia_20_mais,Página6,20.0,,0,230.06,7058,93.73,0.010000000000005116,0.010000000000005116,7028,7088,223.3,236.25,61
dia_20_mais,Página6,20.0,,0,230.47,7060,93.72,0.010000000000005116,0.010000000000005116,7030,7090,223.7,236.68,61
dia_20_mais,Página6,20.0,,0,231.11,7063,93.73,0.010000000000005116,0.010000000000005116,7033,7093,224.31,237.28,61
dia_20_mais,Página6,20.0,,0,231.71,7066,93.72,0.010000000000005116,0.010000000000005116,7036,7096,224.91,238.62,61
dia_20_mais,Página6,20.0,,0,232.92,7072,93.73,0.010000000000005116,0.010000000000005116,7042,7102,226.78,239.84,61
dia_20_mais,Página6,20.0,,0,233.15,7073,93.72,0.010000000000005116,0.010000000000005116,7043,7103,226.98,240.04,61
dia_20_mais,Página6,20.0,,0,233.35,7074,93.73,0.010000000000005116,0.010000000000005116,7044,7104,227.18,240.24,61
dia_20_mais,Página6,20.0,,0,233.75,7076,93.72,0.010000000000005116,0.010000000000005116,7046,7106,227.62,240.65,61
dia_20_mais,Página6,20.0,,0,234.37,7079,93.73,0.010000000000005116,0.010000000000005116,7049,7109,228.22,241.26,61
dia_20_mais,Página6,20.0,,0,234.57,7080,93.72,0.010000000000005116,0.010000000000005116,7050,7110,228.42,241.46,61
dia_20_mais,Página6,20.0,,0,234.97,7082,93.73,0.010000000000005116,0.010000000000005116,7052,7112,228.84,241.86,61
dia_20_mais,Página6,20.0,,0,235.64,7085,93.72,0.010000000000005116,0.010000000000005116,7055,7115,229.45,242.5,61
dia_20_mais,Página6,20.0,,0,235.84,7086,93.73,0.010000000000005116,0.010000000000005116,7056,7116,229.65,242.7,61
dia_20_mais,Página6,20.0,,0,236.25,7088,93.72,0.010000000000005116,0.010000000000005116,7058,7118,230.06,243.11,61
dia_20_mais,Página6,20.0,,0,237.28,7093,93.73,0.010000000000005116,0.010000000000005116,7063,7123,231.11,244.11,61
dia_20_mais,Página6,20.0,,0,237.59,7094,93.72,0.010000000000005116,0.010000000000005116,7064,7124,231.31,244.34,61
dia_20_mais,Página6,20.0,,0,238.82,7097,93.73,0.010000000000005116,0.010000000000005116,7067,7127,231.92,244.94,61
dia_20_mais,Página6,20.0,,0,239.42,7100,93.72,0.010000000000005116,0.010000000000005116,7070,7130,232.52,245.56,61
dia_20_mais,Página6,20.0,,0,239.63,7101,93.73,0.010000000000005116,0.010000000000005116,7071,7131,232.72,245.76,61
dia_20_mais,Página6,20.0,,0,240.04,7103,93.72,0.010000000000005116,0.010000000000005116,7073,7133,233.15,246.16,61
dia_20_mais,Página6,20.0,,0,240.44,7105,93.73,0.010000000000005116,0.010000000000005116,7075,7135,233.55,246.6,61
dia_20_mais,Página6,20.0,,0,241.46,7110,93.72,0.010000000000005116,0.010000000000005116,7080,7140,234.57,247.61,61
dia_20_mais,Página6,20.0,,0,242.1,7113,93.73,0.010000000000005116,0.010000000000005116,7083,7143,235.17,248.21,61
dia_20_mais,Página6,20.0,,0,242.3,7114,93.72,0.010000000000005116,0.010000000000005116,7084,7144,235.41,248.41,61
dia_20_mais,Página6,20.0,,0,243.51,7120,93.73,0.010000000000005116,0.010000000000005116,7090,7150,236.68,250.11,61
dia_20_mais,Página6,20.0,,0,243.71,7121,93.72,0.010000000000005116,0.010000000000005116,7091,7151,236.88,250.47,61
dia_20_mais,Página6,20.0,,0,244.54,7125,93.73,0.010000000000005116,0.010000000000005116,7095,7155,238.09,251.29,61
dia_20_mais,Página6,20.0,,0,244.74,7126,93.72,0.010000000000005116,0.010000000000005116,7096,7156,238.62,251.49,61
dia_20_mais,Página6,20.0,,0,245.14,7128,93.73,0.010000000000005116,0.010000000000005116,7098,7158,239.02,251.89,61
dia_20_mais,Página6,20.0,,0,245.35,7129,93.72,0.010000000000005116,0.010000000000005116,7099,7159,239.22,252.13,61
dia_20_mais,Página6,20.0,,0,246.16,7133,93.73,0.010000000000005116,0.010000000000005116,7103,7163,240.04,252.93,61
dia_20_mais,Página6,20.0,,0,246.36,7134,93.72,0.010000000000005116,0.010000000000005116,7104,7164,240.24,253.14,61
dia_20_mais,Página6,20.0,,0,246.8,7136,93.73,0.010000000000005116,0.010000000000005116,7106,7166,240.65,253.54,61
dia_20_mais,Página6,20.0,,0,247.0,7137,93.72,0.010000000000005116,0.010000000000005116,7107,7167,240.85,253.74,61
dia_20_mais,Página6,20.0,,0,249.23,7148,93.73,0.010000000000005116,0.010000000000005116,7118,7178,243.11,256.02,61
dia_20_mais,Página6,20.0,,0,249.59,7149,93.72,0.010000000000005116,0.010000000000005116,7119,7179,243.31,256.22,61
dia_20_mais,Página6,20.0,,0,252.13,7159,93.73,0.010000000000005116,0.010000000000005116,7129,7189,245.35,258.27,61
dia_20_mais,Página6,20.0,,0,252.33,7160,93.72,0.010000000000005116,0.010000000000005116,7130,7190,245.56,258.47,61
dia_20_mais,Página6,20.0,,0,252.53,7161,93.73,0.010000000000005116,0.010000000000005116,7131,7191,245.76,258.68,61
dia_20_mais,Página6,20.0,,0,252.73,7162,93.72,0.010000000000005116,0.010000000000005116,7132,7192,245.96,258.88,61
dia_20_mais,Página6,20.0,,0,253.54,7166,93.73,0.010000000000005116,0.010000000000005116,7136,7196,246.8,259.68,61
dia_20_mais,Página6,20.0,,0,253.74,7167,93.72,0.010000000000005116,0.010000000000005116,7137,7197,247.0,259.92,61
dia_20_mais,Página6,20.0,,0,253.94,7168,93.73,0.010000000000005116,0.010000000000005116,7138,7198,247.2,260.12,61
dia_20_mais,Página6,20.0,,0,254.14,7169,93.72,0.010000000000005116,0.010000000000005116,7139,7199,247.4,260.32,61
dia_20_mais,Página6,20.0,,0,255.39,7175,93.73,0.010000000000005116,0.010000000000005116,7145,7205,248.62,262.03,61
dia_20_mais,Página6,20.0,,0,255.59,7176,93.72,0.010000000000005116,0.010000000000005116,7146,7206,248.83,262.39,61
dia_20_mais,Página6,20.0,,0,255.79,7177,93.73,0.010000000000005116,0.010000000000005116,7147,7207,249.03,262.59,61
dia_20_mais,Página6,20.0,,0,256.43,7180,93.72,0.010000000000005116,0.010000000000005116,7150,7210,250.11,263.21,61
dia_20_mais,Página6,20.0,,0,257.67,7186,93.73,0.010000000000005116,0.010000000000005116,7156,7216,251.49,264.42,61
dia_20_mais,Página6,20.0,,0,258.07,7188,93.72,0.010000000000005116,0.010000000000005116,7158,7218,251.89,264.93,61
dia_20_mais,Página6,20.0,,0,258.47,7190,93.73,0.010000000000005116,0.010000000000005116,7160,7220,252.33,265.36,61
dia_20_mais,Página6,20.0,,0,258.68,7191,93.72,0.010000000000005116,0.010000000000005116,7161,7221,252.53,265.56,61
dia_20_mais,Página6,20.0,,0,259.48,7195,93.73,0.010000000000005116,0.010000000000005116,7165,7225,253.34,266.38,61
dia_20_mais,Página6,20.0,,0,259.68,7196,93.72,0.010000000000005116,0.010000000000005116,7166,7226,253.54,266.61,61
dia_20_mais,Página6,20.0,,0,259.92,7197,93.73,0.010000000000005116,0.010000000000005116,7167,7227,253.74,266.81,61
dia_20_mais,Página6,20.0,,0,260.12,7198,93.72,0.010000000000005116,0.010000000000005116,7168,7228,253.94,267.01,61
dia_20_mais,Página6,20.0,,0,260.52,7200,93.73,0.010000000000005116,0.010000000000005116,7170,7230,254.37,267.41,61
dia_20_mais,Página6,20.0,,0,260.72,7201,93.72,0.010000000000005116,0.010000000000005116,7171,7231,254.57,267.63,61
dia_20_mais,Página6,20.0,,0,262.39,7206,93.73,0.010000000000005116,0.010000000000005116,7176,7236,255.59,268.64,61
dia_20_mais,Página6,20.0,,0,262.59,7207,93.72,0.010000000000005116,0.010000000000005116,7177,7237,255.79,268.85,61
dia_20_mais,Página6,20.0,,0,262.79,7208,93.73,0.010000000000005116,0.010000000000005116,7178,7238,256.02,269.05,61
dia_20_mais,Página6,20.0,,0,262.99,7209,93.72,0.010000000000005116,0.010000000000005116,7179,7239,256.22,269.25,61
dia_20_mais,Página6,20.0,,0,263.41,7211,93.73,0.010000000000005116,0.010000000000005116,7181,7241,256.63,269.64,61
dia_20_mais,Página6,20.0,,0,263.61,7212,93.72,0.010000000000005116,0.010000000000005116,7182,7242,256.83,269.88,61
dia_20_mais,Página6,20.0,,0,263.81,7213,93.73,0.010000000000005116,0.010000000000005116,7183,7243,257.03,270.08,61
dia_20_mais,Página6,20.0,,0,264.01,7214,93.72,0.010000000000005116,0.010000000000005116,7184,7244,257.23,270.28,61
dia_20_mais,Página6,20.0,,0,271.09,7248,93.73,0.010000000000005116,0.010000000000005116,7218,7278,264.93,277.88,61
dia_20_mais,Página6,20.0,,0,271.49,7250,93.72,0.010000000000005116,0.010000000000005116,7220,7280,265.36,278.28,61
dia_20_mais,Página6,20.0,,0,272.13,7253,93.73,0.010000000000005116,0.010000000000005116,7223,7283,265.96,278.89,61
dia_20_mais,Página6,20.0,,0,274.37,7261,93.72,0.010000000000005116,0.010000000000005116,7231,7291,267.63,280.5,61
dia_20_mais,Página6,20.0,,0,274.57,7262,93.73,0.010000000000005116,0.010000000000005116,7232,7292,267.83,280.71,61
dia_20_mais,Página6,20.0,,0,275.8,7268,93.72,0.010000000000005116,0.010000000000005116,7238,7298,269.05,281.97,61
dia_20_mais,Página6,20.0,,0,276.0,7269,93.73,0.010000000000005116,0.010000000000005116,7239,7299,269.25,282.17,61
dia_20_mais,Página6,20.0,,0,276.2,7270,93.72,0.010000000000005116,0.010000000000005116,7240,7300,269.44,282.37,61
dia_20_mais,Página6,20.0,,0,276.64,7272,93.73,0.010000000000005116,0.010000000000005116,7242,7302,269.88,282.77,61
dia_20_mais,Página6,20.0,,0,276.85,7273,93.72,0.010000000000005116,0.010000000000005116,7243,7303,270.08,282.97,61
dia_20_mais,Página6,20.0,,0,277.04,7274,93.73,0.010000000000005116,0.010000000000005116,7244,7304,270.28,283.2,61
dia_20_mais,Página6,20.0,,0,277.24,7275,93.72,0.010000000000005116,0.010000000000005116,7245,7305,270.48,283.39,61
dia_20_mais,Página6,20.0,,0,278.08,7279,93.73,0.010000000000005116,0.010000000000005116,7249,7309,271.3,284.21,61
dia_20_mais,Página6,20.0,,0,278.28,7280,93.72,0.010000000000005116,0.010000000000005116,7250,7310,271.49,284.4,61
dia_20_mais,Página6,20.0,,0,279.09,7284,93.73,0.010000000000005116,0.010000000000005116,7254,7314,272.33,285.84,61
dia_20_mais,Página6,20.0,,0,279.69,7287,93.72,0.010000000000005116,0.010000000000005116,7257,7317,272.92,286.47,61
dia_20_mais,Página6,20.0,,0,280.11,7289,93.73,0.010000000000005116,0.010000000000005116,7259,7319,273.8,286.91,61
dia_20_mais,Página6,20.0,,0,280.3,7290,93.72,0.010000000000005116,0.010000000000005116,7260,7320,274.17,287.11,61
dia_20_mais,Página6,20.0,,0,281.13,7294,93.73,0.010000000000005116,0.010000000000005116,7264,7324,274.96,287.91,61
dia_20_mais,Página6,20.0,,0,281.32,7295,93.72,0.010000000000005116,0.010000000000005116,7265,7325,275.17,288.11,61
dia_20_mais,Página6,20.0,,0,281.76,7297,93.73,0.010000000000005116,0.010000000000005116,7267,7327,275.6,288.52,61
dia_20_mais,Página6,20.0,,0,281.97,7298,93.72,0.010000000000005116,0.010000000000005116,7268,7328,275.8,288.74,61
dia_20_mais,Página6,20.0,,0,282.17,7299,93.73,0.010000000000005116,0.010000000000005116,7269,7329,276.0,288.94,61
dia_20_mais,Página6,20.0,,0,282.37,7300,93.72,0.010000000000005116,0.010000000000005116,7270,7330,276.2,289.14,61
dia_20_mais,Página6,20.0,,0,282.57,7301,93.73,0.010000000000005116,0.010000000000005116,7271,7331,276.4,289.34,61
dia_20_mais,Página6,20.0,,0,283.39,7305,93.72,0.010000000000005116,0.010000000000005116,7275,7335,277.24,290.14,61
dia_20_mais,Página6,20.0,,0,284.21,7309,93.73,0.010000000000005116,0.010000000000005116,7279,7339,278.08,291.04,61
dia_20_mais,Página6,20.0,,0,284.8,7312,93.72,0.010000000000005116,0.010000000000005116,7282,7342,278.69,291.64,61
dia_20_mais,Página6,20.0,,0,286.68,7318,93.73,0.010000000000005116,0.010000000000005116,7288,7348,279.91,292.88,61
dia_20_mais,Página6,20.0,,0,287.11,7320,93.72,0.010000000000005116,0.010000000000005116,7290,7350,280.3,293.28,61
dia_20_mais,Página6,20.0,,0,287.31,7321,93.73,0.010000000000005116,0.010000000000005116,7291,7351,280.5,293.48,61
dia_20_mais,Página6,20.0,,0,287.52,7322,93.72,0.010000000000005116,0.010000000000005116,7292,7352,280.71,293.68,61
dia_20_mais,Página6,20.0,,0,288.31,7326,93.73,0.010000000000005116,0.010000000000005116,7296,7356,281.53,294.52,61
dia_20_mais,Página6,20.0,,0,288.52,7327,93.72,0.010000000000005116,0.010000000000005116,7297,7357,281.76,294.72,61
dia_20_mais,Página6,20.0,,0,288.94,7329,93.73,0.010000000000005116,0.010000000000005116,7299,7359,282.17,295.12,61
dia_20_mais,Página6,20.0,,0,289.74,7333,93.72,0.010000000000005116,0.010000000000005116,7303,7363,282.97,295.92,61
dia_20_mais,Página6,20.0,,0,291.44,7341,93.73,0.010000000000005116,0.010000000000005116,7311,7371,284.6,298.18,61
dia_20_mais,Página6,20.0,,0,291.64,7342,93.72,0.010000000000005116,0.010000000000005116,7312,7372,284.8,298.38,61
dia_20_mais,Página6,20.0,,0,291.85,7343,93.73,0.010000000000005116,0.010000000000005116,7313,7373,285.48,298.58,61
dia_20_mais,Página6,20.0,,0,292.28,7345,93.72,0.010000000000005116,0.010000000000005116,7315,7375,286.04,298.99,61
dia_20_mais,Página6,20.0,,0,292.68,7347,93.73,0.010000000000005116,0.010000000000005116,7317,7377,286.47,299.38,61
dia_20_mais,Página6,20.0,,0,293.08,7349,93.72,0.010000000000005116,0.010000000000005116,7319,7379,286.91,299.8,61
dia_20_mais,Página6,20.0,,0,293.28,7350,93.73,0.010000000000005116,0.010000000000005116,7320,7380,287.11,300.0,61
dia_20_mais,Página6,20.0,,0,293.68,7352,93.72,0.010000000000005116,0.010000000000005116,7322,7382,287.52,300.4,61
dia_20_mais,Página6,20.0,,0,293.88,7353,93.73,0.010000000000005116,0.010000000000005116,7323,7383,287.72,300.6,61
dia_20_mais,Página6,20.0,,0,294.32,7355,93.72,0.010000000000005116,0.010000000000005116,7325,7385,288.11,301.03,61
dia_20_mais,Página6,20.0,,0,294.52,7356,93.73,0.010000000000005116,0.010000000000005116,7326,7386,288.31,301.23,61
dia_20_mais,Página6,20.0,,0,294.72,7357,93.72,0.010000000000005116,0.010000000000005116,7327,7387,288.52,301.43,61
dia_20_mais,Página6,20.0,,0,294.92,7358,93.73,0.010000000000005116,0.010000000000005116,7328,7388,288.74,301.63,61
dia_20_mais,Página6,20.0,,0,295.12,7359,93.72,0.010000000000005116,0.010000000000005116,7329,7389,288.94,301.83,61
dia_20_mais,Página6,20.0,,0,295.73,7362,93.73,0.010000000000005116,0.010000000000005116,7332,7392,289.54,302.47,61
dia_20_mais,Página6,20.0,,0,296.55,7366,93.72,0.010000000000005116,0.010000000000005116,7336,7396,290.34,303.28,61
dia_20_mais,Página6,20.0,,0,297.61,7369,93.73,0.010000000000005116,0.010000000000005116,7339,7399,291.04,303.88,61
dia_20_mais,Página6,20.0,,0,297.98,7370,93.72,0.010000000000005116,0.010000000000005116,7340,7400,291.25,304.08,61
dia_20_mais,Página6,20.0,,0,298.79,7374,93.73,0.010000000000005116,0.010000000000005116,7344,7404,292.08,304.9,61
dia_20_mais,Página6,20.0,,0,298.99,7375,93.72,0.010000000000005116,0.010000000000005116,7345,7405,292.28,305.1,61
dia_20_mais,Página6,20.0,,0,299.58,7378,93.73,0.010000000000005116,0.010000000000005116,7348,7408,292.88,305.71,61
dia_20_mais,Página6,20.0,,0,300.6,7383,93.72,0.010000000000005116,0.010000000000005116,7353,7413,293.88,306.75,61
dia_20_mais,Página6,20.0,,0,300.81,7384,93.73,0.010000000000005116,0.010000000000005116,7354,7414,294.08,306.95,61
dia_20_mais,Página6,20.0,,0,301.23,7386,93.72,0.010000000000005116,0.010000000000005116,7356,7416,294.52,307.38,61
dia_20_mais,Página6,20.0,,0,301.43,7387,93.73,0.010000000000005116,0.010000000000005116,7357,7417,294.72,307.6,61
dia_20_mais,Página6,20.0,,0,301.63,7388,93.72,0.010000000000005116,0.010000000000005116,7358,7418,294.92,307.8,61
dia_20_mais,Página6,20.0,,0,301.83,7389,93.73,0.010000000000005116,0.010000000000005116,7359,7419,295.12,307.99,61
dia_20_mais,Página6,20.0,,0,302.03,7390,93.72,0.010000000000005116,0.010000000000005116,7360,7420,295.32,308.19,61
dia_20_mais,Página6,20.0,,0,303.08,7395,93.73,0.010000000000005116,0.010000000000005116,7365,7425,296.33,309.83,61
dia_20_mais,Página6,20.0,,0,303.28,7396,93.72,0.010000000000005116,0.010000000000005116,7366,7426,296.55,310.02,61
dia_20_mais,Página6,20.0,,0,304.08,7400,93.73,0.010000000000005116,0.010000000000005116,7370,7430,297.98,310.83,61
dia_20_mais,Página6,20.0,,0,304.3,7401,93.72,0.010000000000005116,0.010000000000005116,7371,7431,298.18,311.05,61
dia_20_mais,Página6,20.0,,0,304.7,7403,93.73,0.010000000000005116,0.010000000000005116,7373,7433,298.58,311.45,61
dia_20_mais,Página6,20.0,,0,305.1,7405,93.72,0.010000000000005116,0.010000000000005116,7375,7435,298.99,311.85,61
dia_20_mais,Página6,20.0,,0,305.71,7408,93.73,0.010000000000005116,0.010000000000005116,7378,7438,299.58,312.5,61
dia_20_mais,Página6,20.0,,0,306.11,7410,93.72,0.010000000000005116,0.010000000000005116,7380,7440,300.0,312.89,61
dia_20_mais,Página6,20.0,,0,306.75,7413,93.73,0.010000000000005116,0.010000000000005116,7383,7443,300.6,313.5,61
dia_20_mais,Página6,20.0,,0,307.15,7415,93.72,0.010000000000005116,0.010000000000005116,7385,7445,301.03,313.9,61
dia_20_mais,Página6,20.0,,0,307.38,7416,93.73,0.010000000000005116,0.010000000000005116,7386,7446,301.23,314.1,61
dia_20_mais,Página6,20.0,,0,307.99,7419,93.72,0.010000000000005116,0.010000000000005116,7389,7449,301.83,314.73,61
dia_20_mais,Página6,20.0,,0,308.19,7420,93.73,0.010000000000005116,0.010000000000005116,7390,7450,302.03,314.93,61
dia_20_mais,Página6,20.0,,0,308.39,7421,93.72,0.010000000000005116,0.010000000000005116,7391,7451,302.27,315.13,61
dia_20_mais,Página6,20.0,,0,308.75,7422,93.73,0.010000000000005116,0.010000000000005116,7392,7452,302.47,315.34,61
dia_20_mais,Página6,20.0,,0,309.62,7424,93.72,0.010000000000005116,0.010000000000005116,7394,7454,302.87,315.74,61
dia_20_mais,Página6,20.0,,0,309.83,7425,93.73,0.010000000000005116,0.010000000000005116,7395,7455,303.08,315.94,61
dia_20_mais,Página6,20.0,,0,310.22,7427,93.72,0.010000000000005116,0.010000000000005116,7397,7457,303.48,316.34,61
dia_20_mais,Página6,20.0,,0,310.62,7429,93.73,0.010000000000005116,0.010000000000005116,7399,7459,303.88,316.77,61
dia_20_mais,Página6,20.0,,0,311.25,7432,93.72,0.010000000000005116,0.010000000000005116,7402,7462,304.5,317.48,61
dia_20_mais,Página6,20.0,,0,311.65,7434,93.73,0.010000000000005116,0.010000000000005116,7404,7464,304.9,317.89,61
dia_20_mais,Página6,20.0,,0,311.85,7435,93.72,0.010000000000005116,0.010000000000005116,7405,7465,305.1,318.09,61
dia_20_mais,Página6,20.0,,0,312.07,7436,93.73,0.010000000000005116,0.010000000000005116,7406,7466,305.31,318.29,61
dia_20_mais,Página6,20.0,,0,312.28,7437,93.72,0.010000000000005116,0.010000000000005116,7407,7467,305.51,318.49,61
dia_20_mais,Página6,20.0,,0,312.89,7440,93.73,0.010000000000005116,0.010000000000005116,7410,7470,306.11,319.13,61
dia_20_mais,Página6,20.0,,0,313.1,7441,93.72,0.010000000000005116,0.010000000000005116,7411,7471,306.31,319.33,61
dia_20_mais,Página6,20.0,,0,313.7,7444,93.73,0.010000000000005116,0.010000000000005116,7414,7474,306.95,319.93,61
dia_20_mais,Página6,20.0,,0,313.9,7445,93.72,0.010000000000005116,0.010000000000005116,7415,7475,307.15,320.13,61
dia_20_mais,Página6,20.0,,0,314.33,7447,93.73,0.010000000000005116,0.010000000000005116,7417,7477,307.6,320.69,61
dia_20_mais,Página6,20.0,,0,314.73,7449,93.72,0.010000000000005116,0.010000000000005116,7419,7479,307.99,321.58,61
dia_20_mais,Página6,20.0,,0,315.13,7451,93.73,0.010000000000005116,0.010000000000005116,7421,7481,308.39,321.98,61
dia_20_mais,Página6,20.0,,0,315.34,7452,93.72,0.010000000000005116,0.010000000000005116,7422,7482,308.75,322.18,61
dia_20_mais,Página6,20.0,,0,316.34,7457,93.73,0.010000000000005116,0.010000000000005116,7427,7487,310.22,323.21,61
dia_20_mais,Página6,20.0,,0,316.57,7458,93.72,0.010000000000005116,0.010000000000005116,7428,7488,310.42,323.42,61
dia_20_mais,Página6,20.0,,0,317.89,7464,93.73,0.010000000000005116,0.010000000000005116,7434,7494,311.65,324.65,61
dia_20_mais,Página6,20.0,,0,318.09,7465,93.72,0.010000000000005116,0.010000000000005116,7435,7495,311.85,324.85,61
dia_20_mais,Página6,20.0,,0,318.49,7467,93.73,0.010000000000005116,0.010000000000005116,7437,7497,312.28,325.25,61
dia_20_mais,Página6,20.0,,0,318.69,7468,93.72,0.010000000000005116,0.010000000000005116,7438,7498,312.5,325.46,61
dia_20_mais,Página6,20.0,,0,319.33,7471,93.73,0.010000000000005116,0.010000000000005116,7441,7501,313.1,326.06,61
dia_20_mais,Página6,20.0,,0,319.53,7472,93.72,0.010000000000005116,0.010000000000005116,7442,7502,313.3,326.26,61
dia_20_mais,Página6,20.0,,0,321.58,7479,93.73,0.010000000000005116,0.010000000000005116,7449,7509,314.73,327.7,61
dia_20_mais,Página6,20.0,,0,321.78,7480,93.72,0.010000000000005116,0.010000000000005116,7450,7510,314.93,327.91,61
dia_20_mais,Página6,20.0,,0,322.61,7484,93.73,0.010000000000005116,0.010000000000005116,7454,7514,315.74,328.88,61
dia_20_mais,Página6,20.0,,0,322.81,7485,93.72,0.010000000000005116,0.010000000000005116,7455,7515,315.94,329.08,61
dia_20_mais,Página6,20.0,,0,323.01,7486,93.73,0.010000000000005116,0.010000000000005116,7456,7516,316.14,329.28,61
dia_20_mais,Página6,20.0,,0,326.46,7503,93.72,0.010000000000005116,0.010000000000005116,7473,7533,319.73,333.37,61
dia_20_mais,Página6,20.0,,0,326.69,7504,93.73,0.010000000000005116,0.010000000000005116,7474,7534,319.93,333.57,61
dia_20_mais,Página6,20.0,,0,327.1,7506,93.72,0.010000000000005116,0.010000000000005116,7476,7536,320.33,333.97,61
dia_20_mais,Página6,20.0,,0,329.89,7519,93.73,0.010000000000005116,0.010000000000005116,7489,7549,323.62,336.63,61
dia_20_mais,Página6,20.0,,0,330.11,7520,93.72,0.010000000000005116,0.010000000000005116,7490,7550,323.82,336.83,61
dia_20_mais,Página6,20.0,,0,330.71,7523,93.73,0.010000000000005116,0.010000000000005116,7493,7553,324.45,337.43,61
dia_20_mais,Página6,20.0,,0,331.13,7525,93.72,0.010000000000005116,0.010000000000005116,7495,7555,324.85,337.86,61
dia_20_mais,Página6,20.0,,0,333.57,7534,93.73,0.010000000000005116,0.010000000000005116,7504,7564,326.69,339.71,61
dia_20_mais,Página6,20.0,,0,333.77,7535,93.72,0.010000000000005116,0.010000000000005116,7505,7565,326.89,339.92,61
dia_20_mais,Página6,20.0,,0,334.17,7537,93.73,0.010000000000005116,0.010000000000005116,7507,7567,327.3,340.32,61
dia_20_mais,Página6,20.0,,0,334.38,7538,93.72,0.010000000000005116,0.010000000000005116,7508,7568,327.49,340.52,61
dia_20_mais,Página6,20.0,,0,335.81,7545,93.73,0.010000000000005116,0.010000000000005116,7515,7575,329.08,341.96,61
dia_20_mais,Página6,20.0,,0,336.01,7546,93.72,0.010000000000005116,0.010000000000005116,7516,7576,329.28,342.17,61
dia_20_mais,Página6,20.0,,0,337.64,7554,93.73,0.010000000000005116,0.010000000000005116,7524,7584,330.91,343.91,61
dia_20_mais,Página6,20.0,,0,338.07,7556,93.72,0.010000000000005116,0.010000000000005116,7526,7586,331.33,344.47,61
dia_20_mais,Página6,20.0,,0,338.68,7559,93.73,0.010000000000005116,0.010000000000005116,7529,7589,331.93,345.58,61
dia_20_mais,Página6,20.0,,0,338.92,7560,93.72,0.010000000000005116,0.010000000000005116,7530,7590,332.14,345.78,61
dia_20_mais,Página6,20.0,,0,341.16,7571,93.73,0.010000000000005116,0.010000000000005116,7541,7601,334.98,348.02,61
dia_20_mais,Página6,20.0,,0,341.36,7572,93.72,0.010000000000005116,0.010000000000005116,7542,7602,335.18,348.24,61
dia_20_mais,Página6,20.0,,0,342.37,7577,93.73,0.010000000000005116,0.010000000000005116,7547,7607,336.21,349.29,61
dia_20_mais,Página6,20.0,,0,342.98,7580,93.72,0.010000000000005116,0.010000000000005116,7550,7610,336.83,349.89,61
dia_20_mais,Página6,20.0,,0,343.61,7583,93.73,0.010000000000005116,0.010000000000005116,7553,7613,337.43,350.49,61
dia_20_mais,Página6,20.0,,0,343.91,7584,93.72,0.010000000000005116,0.010000000000005116,7554,7614,337.64,350.69,61
dia_20_mais,Página6,20.0,,0,344.11,7585,93.73,0.010000000000005116,0.010000000000005116,7555,7615,337.86,350.9,61
dia_20_mais,Página6,20.0,,0,344.98,7587,93.72,0.010000000000005116,0.010000000000005116,7557,7617,338.27,351.32,61
dia_20_mais,Página6,20.0,,0,345.78,7590,93.73,0.010000000000005116,0.010000000000005116,7560,7620,338.92,351.93,61
dia_20_mais,Página6,20.0,,0,345.98,7591,93.72,0.010000000000005116,0.010000000000005116,7561,7621,339.11,352.13,61
dia_20_mais,Página6,20.0,,0,347.19,7597,93.73,0.010000000000005116,0.010000000000005116,7567,7627,340.32,353.34,61
dia_20_mais,Página6,20.0,,0,347.39,7598,93.72,0.010000000000005116,0.010000000000005116,7568,7628,340.52,353.58,61
dia_20_mais,Página6,20.0,,0,349.69,7609,93.73,0.010000000000005116,0.010000000000005116,7579,7639,342.77,355.83,61
dia_20_mais,Página6,20.0,,0,349.89,7610,93.72,0.010000000000005116,0.010000000000005116,7580,7640,342.98,356.03,61
dia_20_mais,Página6,20.0,,0,352.54,7623,93.71,0.010000000000005116,0.010000000000005116,7593,7653,346.38,359.34,61
dia_20_mais,Página6,20.0,,0,352.74,7624,93.72,0.010000000000005116,0.010000000000005116,7594,7654,346.6,359.54,61
dia_20_mais,Página6,20.0,,0,355.4,7637,93.73,0.010000000000005116,0.010000000000005116,7607,7667,349.29,362.21,61
dia_20_mais,Página6,20.0,,0,355.63,7638,93.72,0.010000000000005116,0.010000000000005116,7608,7668,349.48,362.41,61
dia_20_mais,Página6,20.0,,0,357.47,7644,93.73,0.010000000000005116,0.010000000000005116,7614,7674,350.69,363.65,61
dia_20_mais,Página6,20.0,,0,357.67,7645,93.72,0.010000000000005116,0.010000000000005116,7615,7675,350.9,363.86,61
dia_20_mais,Página6,20.0,,0,359.14,7652,93.73,0.010000000000005116,0.010000000000005116,7622,7679,352.33,364.69,58
dia_20_mais,Página6,20.0,,0,359.54,7654,93.72,0.010000000000005116,0.010000000000005116,7624,7679,352.74,364.69,56
dia_20_mais,Página6,20.0,,0,359.75,7655,93.73,0.010000000000005116,0.010000000000005116,7625,7679,352.93,364.69,55
dia_20_mais,Página6,20.0,,0,359.95,7656,93.72,0.010000000000005116,0.010000000000005116,7626,7679,353.13,364.69,54
dia_20_mais,Página6,20.0,,0,360.15,7657,93.73,0.010000000000005116,0.010000000000005116,7627,7679,353.34,364.69,53
dia_20_mais,Página6,20.0,,0,360.35,7658,93.72,0.010000000000005116,0.010000000000005116,7628,7679,353.58,364.69,52
dia_20_mais,Página6,20.0,,0,361.39,7663,93.73,0.010000000000005116,0.010000000000005116,7633,7679,354.6,364.69,47
dia_20_mais,Página6,20.0,,0,361.79,7665,93.72,0.010000000000005116,0.010000000000005116,7635,7679,355.0,364.69,45
dia_20_mais,Página6,20.0,,0,361.99,7666,93.73,0.010000000000005116,0.010000000000005116,7636,7679,355.2,364.69,44
dia_20_mais,Página6,20.0,,0,362.21,7667,93.72,0.010000000000005116,0.010000000000005116,7637,7679,355.4,364.69,43
dia_20_mais,Página6,20.0,,0,362.41,7668,93.73,0.010000000000005116,0.010000000000005116,7638,7679,355.63,364.69,42
dia_20_mais,Página6,20.0,,0,362.81,7670,93.72,0.010000000000005116,0.010000000000005116,7640,7679,356.03,364.69,40
dia_20_mais,Página6,20.0,,0,363.65,7674,93.73,0.010000000000005116,0.010000000000005116,7644,7679,357.47,364.69,36
dia_20_mais,Página6,20.0,,0,363.86,7675,93.72,0.010000000000005116,0.010000000000005116,7645,7679,357.67,364.69,35
dia_20_mais,dia 21 sem pressao - Soja Heter,21.0,,0,89.85,7723,93.89,0.010000000000005116,0.010000000000005116,7693,7753,83.52,96.79,61
dia_20_mais,dia 21 sem pressao - Soja Heter,21.0,,0,90.06,7724,93.9,0.010000000000005116,0.010000000000005116,7694,7754,83.72,97.0,61
dia_20_mais,dia 21 sem pressao - Soja Heter,21.0,,0,114.46,7832,93.89,0.010000000000005116,0.010000000000005116,7802,7862,107.42,121.52,61
dia_20_mais,dia 21 sem pressao - Soja Heter,21.0,,0,114.67,7833,93.9,0.010000000000005116,0.010000000000005116,7803,7863,107.98,121.72,61
dia_20_mais,dia 21 sem pressao - Soja Heter,21.0,,0,124.92,7878,93.89,0.010000000000005116,0.010000000000005116,7848,7908,117.85,131.38,61
dia_20_mais,dia 21 sem pressao - Soja Heter,21.0,,0,125.14,7879,93.9,0.010000000000005116,0.010000000000005116,7849,7909,118.06,131.59,61
dia_20_mais,dia 21 sem pressao - Soja Heter,21.0,,0,151.39,7995,93.89,0.010000000000005116,0.010000000000005116,7965,8025,144.32,157.82,61
dia_20_mais,dia 21 sem pressao - Soja Heter,21.0,,0,151.6,7996,93.9,0.010000000000005116,0.010000000000005116,7966,8026,144.53,158.03,61
dia_20_mais,dia 21 sem pressao - Soja Heter,21.0,,0,163.77,8050,93.89,0.010000000000005116,0.010000000000005116,8020,8080,156.74,170.29,61
dia_20_mais,dia 21 sem pressao - Soja Heter,21.0,,0,163.98,8051,93.9,0.010000000000005116,0.010000000000005116,8021,8081,156.95,170.5,61
dia_20_mais,dia 21 sem pressao - Soja Heter,21.0,,0,169.01,8074,93.89,0.010000000000005116,0.010000000000005116,8044,8104,162.51,176.03,61
dia_20_mais,dia 21 sem pressao - Soja Heter,21.0,,0,169.22,8075,93.9,0.010000000000005116,0.010000000000005116,8045,8105,162.72,176.24,61
dia_20_mais,dia 21 sem pressao - Soja Heter,21.0,,0,169.64,8077,93.89,0.010000000000005116,0.010000000000005116,8047,8107,163.15,176.69,61
dia_20_mais,dia 21 sem pressao - Soja Heter,21.0,,0,169.87,8078,93.9,0.010000000000005116,0.010000000000005116,8048,8108,163.36,176.9,61
dia_20_mais,dia 21 sem pressao - Soja Heter,21.0,,0,172.42,8087,93.89,0.010000000000005116,0.010000000000005116,8057,8117,165.4,178.88,61
dia_20_mais,dia 21 sem pressao - Soja Heter,21.0,,0,172.84,8089,93.9,0.010000000000005116,0.010000000000005116,8059,8119,165.81,179.3,61
dia_20_mais,dia 21 sem pressao - Soja Heter,21.0,,0,174.34,8096,93.89,0.010000000000005116,0.010000000000005116,8066,8126,167.32,180.8,61
dia_20_mais,dia 21 sem pressao - Soja Heter,21.0,,0,174.54,8097,93.9,0.010000000000005116,0.010000000000005116,8067,8127,167.53,181.01,61
dia_20_mais,dia 21 sem pressao - Soja Heter,21.0,,0,180.8,8126,93.89,0.010000000000005116,0.010000000000005116,8096,8156,174.34,187.84,61
dia_20_mais,dia 21 sem pressao - Soja Heter,21.0,,0,181.01,8127,93.9,0.010000000000005116,0.010000000000005116,8097,8157,174.54,188.05,61
dia_20_mais,dia 21 sem pressao - Soja Heter,21.0,,0,181.21,8128,93.89,0.010000000000005116,0.010000000000005116,8098,8158,174.75,188.26,61
dia_20_mais,dia 21 sem pressao - Soja Heter,21.0,,0,181.63,8130,93.9,0.010000000000005116,0.010000000000005116,8100,8160,175.18,188.7,61
dia_20_mais,dia 21 sem pressao - Soja Heter,21.0,,0,185.94,8147,93.89,0.010000000000005116,0.010000000000005116,8117,8177,178.88,192.46,61
dia_20_mais,dia 21 sem pressao - Soja Heter,21.0,,0,186.15,8148,93.9,0.010000000000005116,0.010000000000005116,8118,8178,179.09,192.68,61
dia_20_mais,dia 21 sem pressao - Soja Heter,21.0,,0,188.91,8161,93.89,0.010000000000005116,0.010000000000005116,8131,8191,181.85,195.48,61
dia_20_mais,dia 21 sem pressao - Soja Heter,21.0,,0,189.11,8162,93.9,0.010000000000005116,0.010000000000005116,8132,8192,182.07,195.69,61
dia_20_mais,dia 21 sem pressao - Soja Heter,21.0,,0,191.5,8173,93.89,0.010000000000005116,0.010000000000005116,8143,8203,185.08,198.66,61
dia_20_mais,dia 21 sem pressao - Soja Heter,21.0,,0,191.7,8174,93.9,0.010000000000005116,0.010000000000005116,8144,8204,185.31,198.86,61
dia_20_mais,dia 21 sem pressao - Soja Heter,21.0,,0,192.68,8178,93.89,0.010000000000005116,0.010000000000005116,8148,8208,186.15,199.74,61
dia_20_mais,dia 21 sem pressao - Soja Heter,21.0,,0,192.89,8179,93.9,0.010000000000005116,0.010000000000005116,8149,8209,186.36,199.95,61
dia_20_mais,dia 21 sem pressao - Soja Heter,21.0,,0,193.53,8182,93.89,0.010000000000005116,0.010000000000005116,8152,8212,186.99,200.57,61
dia_20_mais,dia 21 sem pressao - Soja Heter,21.0,,0,193.74,8183,93.9,0.010000000000005116,0.010000000000005116,8153,8213,187.2,200.82,61
dia_20_mais,dia 21 sem pressao - Soja Heter,21.0,,0,194.61,8187,93.89,0.010000000000005116,0.010000000000005116,8157,8217,188.05,201.66,61
dia_20_mais,dia 21 sem pressao - Soja Heter,21.0,,0,194.82,8188,93.9,0.010000000000005116,0.010000000000005116,8158,8218,188.26,201.88,61
dia_20_mais,dia 21 sem pressao - Soja Heter,21.0,,0,195.03,8189,93.89,0.010000000000005116,0.010000000000005116,8159,8219,188.47,202.09,61
dia_20_mais,dia 21 sem pressao - Soja Heter,21.0,,0,195.69,8192,93.9,0.010000000000005116,0.010000000000005116,8162,8222,189.11,202.72,61
dia_20_mais,dia 21 sem pressao - Soja Heter,21.0,,0,198.22,8201,93.89,0.010000000000005116,0.010000000000005116,8171,8231,191.07,204.62,61
dia_20_mais,dia 21 sem pressao - Soja Heter,21.0,,0,198.43,8202,93.9,0.010000000000005116,0.010000000000005116,8172,8232,191.28,204.83,61
dia_20_mais,dia 21 sem pressao - Soja Heter,21.0,,0,199.28,8206,93.89,0.010000000000005116,0.010000000000005116,8176,8236,192.15,205.71,61
dia_20_mais,dia 21 sem pressao - Soja Heter,21.0,,0,199.49,8207,93.9,0.010000000000005116,0.010000000000005116,8177,8237,192.46,205.92,61
dia_20_mais,dia 21 sem pressao - Soja Heter,21.0,,0,201.88,8218,93.89,0.010000000000005116,0.010000000000005116,8188,8248,194.82,208.24,61
dia_20_mais,dia 21 sem pressao - Soja Heter,21.0,,0,202.09,8219,93.9,0.010000000000005116,0.010000000000005116,8189,8249,195.03,208.46,61
dia_20_mais,dia 21 sem pressao - Soja Heter,21.0,,0,208.46,8249,93.89,0.010000000000005116,0.010000000000005116,8219,8279,202.09,215.59,61
dia_20_mais,dia 21 sem pressao - Soja Heter,21.0,,0,209.88,8252,93.9,0.010000000000005116,0.010000000000005116,8222,8282,202.72,216.22,61
dia_20_mais,dia 21 sem pressao - Soja Heter,21.0,,0,213.89,8271,93.89,0.010000000000005116,0.010000000000005116,8241,8301,206.78,220.34,61
dia_20_mais,dia 21 sem pressao - Soja Heter,21.0,,0,214.11,8272,93.9,0.010000000000005116,0.010000000000005116,8242,8302,206.98,220.55,61
dia_20_mais,dia 21 sem pressao - Soja Heter,21.0,,0,214.94,8276,93.89,0.010000000000005116,0.010000000000005116,8246,8306,207.83,221.56,61
dia_20_mais,dia 21 sem pressao - Soja Heter,21.0,,0,215.15,8277,93.9,0.010000000000005116,0.010000000000005116,8247,8307,208.03,222.08,61
dia_20_mais,dia 21 sem pressao - Soja Heter,21.0,,0,224.14,8316,93.89,0.010000000000005116,0.010000000000005116,8286,8346,217.08,230.56,61
dia_20_mais,dia 21 sem pressao - Soja Heter,21.0,,0,224.56,8318,93.9,0.010000000000005116,0.010000000000005116,8288,8348,217.5,231.01,61
dia_20_mais,dia 21 sem pressao - Soja Heter,21.0,,0,225.84,8324,93.89,0.010000000000005116,0.010000000000005116,8294,8354,218.77,232.31,61
dia_20_mais,dia 21 sem pressao - Soja Heter,21.0,,0,226.05,8325,93.9,0.010000000000005116,0.010000000000005116,8295,8355,218.98,232.51,61
dia_20_mais,dia 21 sem pressao - Soja Heter,21.0,,0,226.26,8326,93.89,0.010000000000005116,0.010000000000005116,8296,8356,219.19,232.72,61
dia_20_mais,dia 21 sem pressao - Soja Heter,21.0,,0,226.73,8328,93.9,0.010000000000005116,0.010000000000005116,8298,8358,219.71,233.17,61
dia_20_mais,dia 21 sem pressao - Soja Heter,21.0,,0,228.03,8334,93.89,0.010000000000005116,0.010000000000005116,8304,8364,220.99,235.05,61
dia_20_mais,dia 21 sem pressao - Soja Heter,21.0,,0,228.24,8335,93.9,0.010000000000005116,0.010000000000005116,8305,8365,221.2,235.26,61
dia_20_mais,dia 21 sem pressao - Soja Heter,21.0,,0,229.94,8343,93.89,0.010000000000005116,0.010000000000005116,8313,8373,223.51,236.95,61
dia_20_mais,dia 21 sem pressao - Soja Heter,21.0,,0,230.35,8345,93.9,0.010000000000005116,0.010000000000005116,8315,8375,223.92,237.37,61
dia_20_mais,dia 21 sem pressao - Soja Heter,21.0,,0,230.56,8346,93.89,0.010000000000005116,0.010000000000005116,8316,8376,224.14,237.62,61
dia_20_mais,dia 21 sem pressao - Soja Heter,21.0,,0,230.78,8347,93.9,0.010000000000005116,0.010000000000005116,8317,8377,224.35,237.83,61
dia_20_mais,dia 21 sem pressao - Soja Heter,21.0,,0,231.63,8351,93.89,0.010000000000005116,0.010000000000005116,8321,8381,225.19,238.7,61
dia_20_mais,dia 21 sem pressao - Soja Heter,21.0,,0,231.84,8352,93.9,0.010000000000005116,0.010000000000005116,8322,8382,225.43,238.91,61
dia_20_mais,dia 21 sem pressao - Soja Heter,21.0,,0,241.89,8396,93.89,0.010000000000005116,0.010000000000005116,8366,8426,235.47,249.05,61
dia_20_mais,dia 21 sem pressao - Soja Heter,21.0,,0,250.54,8433,93.89,0.010000000000005116,0.010000000000005116,8403,8463,243.36,256.95,61
dia_20_mais,dia 21 sem pressao - Soja Heter,21.0,,0,250.75,8434,93.9,0.010000000000005116,0.010000000000005116,8404,8464,243.56,257.16,61
dia_20_mais,dia 21 sem pressao - Soja Heter,21.0,,0,253.96,8449,93.89,0.010000000000005116,0.010000000000005116,8419,8479,247.44,261.03,61
dia_20_mais,dia 21 sem pressao - Soja Heter,21.0,,0,254.41,8451,93.9,0.010000000000005116,0.010000000000005116,8421,8481,247.96,261.45,61
dia_20_mais,dia 21 sem pressao - Soja Heter,21.0,,0,255.26,8455,93.89,0.010000000000005116,0.010000000000005116,8425,8485,248.84,262.33,61
dia_20_mais,dia 21 sem pressao - Soja Heter,21.0,,0,255.47,8456,93.9,0.010000000000005116,0.010000000000005116,8426,8486,249.05,262.54,61
dia_20_mais,dia 21 sem pressao - Soja Heter,21.0,,0,255.68,8457,93.89,0.010000000000005116,0.010000000000005116,8427,8487,249.26,262.75,61
dia_20_mais,dia 21 sem pressao - Soja Heter,21.0,,0,255.89,8458,93.9,0.010000000000005116,0.010000000000005116,8428,8488,249.47,262.96,61
dia_20_mais,dia 21 sem pressao - Soja Heter,21.0,,0,256.31,8460,93.89,0.010000000000005116,0.010000000000005116,8430,8490,249.91,263.38,61
dia_20_mais,dia 21 sem pressao - Soja Heter,21.0,,0,256.53,8461,93.9,0.010000000000005116,0.010000000000005116,8431,8491,250.12,263.59,61
dia_20_mais,dia 21 sem pressao - Soja Heter,21.0,,0,256.74,8462,93.89,0.010000000000005116,0.010000000000005116,8432,8492,250.33,263.8,61
dia_20_mais,dia 21 sem pressao - Soja Heter,21.0,,0,257.37,8465,93.9,0.010000000000005116,0.010000000000005116,8435,8495,250.96,264.45,61
dia_20_mais,dia 21 sem pressao - Soja Heter,21.0,,0,258.45,8470,93.89,0.010000000000005116,0.010000000000005116,8440,8500,252.03,265.53,61
dia_20_mais,dia 21 sem pressao - Soja Heter,21.0,,0,259.78,8474,93.9,0.010000000000005116,0.010000000000005116,8444,8504,252.87,266.37,61
dia_20_mais,dia 21 sem pressao - Soja Heter,21.0,,0,260.15,8475,93.89,0.010000000000005116,0.010000000000005116,8445,8505,253.12,266.61,61
dia_20_mais,dia 21 sem pressao - Soja Heter,21.0,,0,260.36,8476,93.9,0.010000000000005116,0.010000000000005116,8446,8506,253.33,266.82,61
dia_20_mais,dia 21 sem pressao - Soja Heter,21.0,,0,261.45,8481,93.89,0.010000000000005116,0.010000000000005116,8451,8511,254.41,267.88,61
dia_20_mais,dia 21 sem pressao - Soja Heter,21.0,,0,261.66,8482,93.9,0.010000000000005116,0.010000000000005116,8452,8512,254.63,268.09,61
dia_20_mais,dia 21 sem pressao - Soja Heter,21.0,,0,263.38,8490,93.89,0.010000000000005116,0.010000000000005116,8460,8520,256.31,269.77,61
dia_20_mais,dia 21 sem pressao - Soja Heter,21.0,,0,263.59,8491,93.9,0.010000000000005116,0.010000000000005116,8461,8521,256.53,270.0,61
dia_20_mais,dia 21 sem pressao - Soja Heter,21.0,,0,263.8,8492,93.89,0.010000000000005116,0.010000000000005116,8462,8522,256.74,270.21,61
dia_20_mais,dia 21 sem pressao - Soja Heter,21.0,,0,264.01,8493,93.9,0.010000000000005116,0.010000000000005116,8463,8523,256.95,270.42,61
dia_20_mais,dia 21 sem pressao - Soja Heter,21.0,,0,267.02,8507,93.89,0.010000000000005116,0.010000000000005116,8477,8537,260.57,274.03,61
dia_20_mais,dia 21 sem pressao - Soja Heter,21.0,,0,267.24,8508,93.9,0.010000000000005116,0.010000000000005116,8478,8538,260.78,274.24,61
dia_20_mais,dia 21 sem pressao - Soja Heter,21.0,,0,267.67,8510,93.89,0.010000000000005116,0.010000000000005116,8480,8540,261.24,274.68,61
dia_20_mais,dia 21 sem pressao - Soja Heter,21.0,,0,267.88,8511,93.9,0.010000000000005116,0.010000000000005116,8481,8541,261.45,274.89,61
dia_20_mais,dia 21 sem pressao - Soja Heter,21.0,,0,268.94,8516,93.89,0.010000000000005116,0.010000000000005116,8486,8546,262.54,276.08,61
dia_20_mais,dia 21 sem pressao - Soja Heter,21.0,,0,269.14,8517,93.9,0.010000000000005116,0.010000000000005116,8487,8547,262.75,276.29,61
dia_20_mais,dia 21 sem pressao - Soja Heter,21.0,,0,270.0,8521,93.89,0.010000000000005116,0.010000000000005116,8491,8551,263.59,277.14,61
dia_20_mais,dia 21 sem pressao - Soja Heter,21.0,,0,270.21,8522,93.9,0.010000000000005116,0.010000000000005116,8492,8552,263.8,277.35,61
dia_20_mais,dia 21 sem pressao - Soja Heter,21.0,,0,273.61,8535,93.89,0.010000000000005116,0.010000000000005116,8505,8565,266.61,280.18,61
dia_20_mais,dia 21 sem pressao - Soja Heter,21.0,,0,273.82,8536,93.9,0.010000000000005116,0.010000000000005116,8506,8566,266.82,280.39,61
dia_20_mais,dia 21 sem pressao - Soja Heter,21.0,,0,278.88,8559,93.89,0.010000000000005116,0.010000000000005116,8529,8589,271.87,285.91,61
dia_20_mais,dia 21 sem pressao - Soja Heter,21.0,,0,279.08,8560,93.9,0.010000000000005116,0.010000000000005116,8530,8590,272.39,286.12,61
dia_20_mais,dia 21 sem pressao - Soja Heter,21.0,,0,281.66,8572,93.89,0.010000000000005116,0.010000000000005116,8542,8602,275.1,288.71,61
dia_20_mais,dia 21 sem pressao - Soja Heter,21.0,,0,282.08,8574,93.9,0.010000000000005116,0.010000000000005116,8544,8604,275.66,289.13,61
dia_20_mais,dia 21 sem pressao - Soja Heter,21.0,,0,282.5,8576,93.89,0.010000000000005116,0.010000000000005116,8546,8606,276.08,289.55,61
dia_20_mais,dia 21 sem pressao - Soja Heter,21.0,,0,282.71,8577,93.9,0.010000000000005116,0.010000000000005116,8547,8607,276.29,289.77,61
dia_20_mais,dia 21 sem pressao - Soja Heter,21.0,,0,282.92,8578,93.89,0.010000000000005116,0.010000000000005116,8548,8608,276.5,289.98,61
dia_20_mais,dia 21 sem pressao - Soja Heter,21.0,,0,283.14,8579,93.9,0.010000000000005116,0.010000000000005116,8549,8609,276.71,290.19,61
dia_20_mais,dia 21 sem pressao - Soja Heter,21.0,,0,285.49,8587,93.89,0.010000000000005116,0.010000000000005116,8557,8617,278.42,291.9,61
dia_20_mais,dia 21 sem pressao - Soja Heter,21.0,,0,285.7,8588,93.9,0.010000000000005116,0.010000000000005116,8558,8618,278.63,292.15,61
dia_20_mais,dia 21 sem pressao - Soja Heter,21.0,,0,300.68,8655,93.89,0.010000000000005116,0.010000000000005116,8625,8685,293.62,307.16,61
dia_20_mais,dia 21 sem pressao - Soja Heter,21.0,,0,301.1,8657,93.9,0.010000000000005116,0.010000000000005116,8627,8687,294.04,307.58,61
dia_20_mais,dia 21 sem pressao - Soja Heter,21.0,,0,304.39,8672,93.89,0.010000000000005116,0.010000000000005116,8642,8702,297.89,311.48,61
dia_20_mais,dia 21 sem pressao - Soja Heter,21.0,,0,304.62,8673,93.9,0.010000000000005116,0.010000000000005116,8643,8703,298.1,311.69,61
dia_20_mais,dia 21 sem pressao - Soja Heter,21.0,,0,304.83,8674,93.89,0.010000000000005116,0.010000000000005116,8644,8704,298.31,311.9,61
dia_20_mais,dia 21 sem pressao - Soja Heter,21.0,,0,305.46,8677,93.9,0.010000000000005116,0.010000000000005116,8647,8707,298.94,312.54,61
dia_20_mais,dia 21 sem pressao - Soja Heter,21.0,,0,305.67,8678,93.89,0.010000000000005116,0.010000000000005116,8648,8708,299.17,312.75,61
dia_20_mais,dia 21 sem pressao - Soja Heter,21.0,,0,306.09,8680,93.9,0.010000000000005116,0.010000000000005116,8650,8710,299.59,313.17,61
dia_20_mais,dia 21 sem pressao - Soja Heter,21.0,,0,306.95,8684,93.89,0.010000000000005116,0.010000000000005116,8654,8714,300.47,314.02,61
dia_20_mais,dia 21 sem pressao - Soja Heter,21.0,,0,307.16,8685,93.9,0.010000000000005116,0.010000000000005116,8655,8715,300.68,314.23,61
dia_20_mais,dia 21 sem pressao - Soja Heter,21.0,,0,309.49,8695,93.89,0.010000000000005116,0.010000000000005116,8665,8725,302.8,316.36,61
dia_20_mais,dia 21 sem pressao - Soja Heter,21.0,,0,310.02,8696,93.9,0.010000000000005116,0.010000000000005116,8666,8726,303.01,316.56,61
dia_20_mais,dia 21 sem pressao - Soja Heter,21.0,,0,311.48,8702,93.89,0.010000000000005116,0.010000000000005116,8672,8732,304.39,317.87,61
dia_20_mais,dia 21 sem pressao - Soja Heter,21.0,,0,311.69,8703,93.9,0.010000000000005116,0.010000000000005116,8673,8733,304.62,318.1,61
dia_20_mais,dia 21 sem pressao - Soja Heter,21.0,,0,312.33,8706,93.89,0.010000000000005116,0.010000000000005116,8676,8736,305.25,318.73,61
dia_20_mais,dia 21 sem pressao - Soja Heter,21.0,,0,313.17,8710,93.9,0.010000000000005116,0.010000000000005116,8680,8740,306.09,319.57,61
dia_20_mais,dia 21 sem pressao - Soja Heter,21.0,,0,313.39,8711,93.89,0.010000000000005116,0.010000000000005116,8681,8741,306.31,319.78,61
dia_20_mais,dia 21 sem pressao - Soja Heter,21.0,,0,313.6,8712,93.9,0.010000000000005116,0.010000000000005116,8682,8742,306.51,319.99,61
dia_20_mais,dia 21 sem pressao - Soja Heter,21.0,,0,313.81,8713,93.89,0.010000000000005116,0.010000000000005116,8683,8743,306.73,320.21,61
dia_20_mais,dia 21 sem pressao - Soja Heter,21.0,,0,314.02,8714,93.9,0.010000000000005116,0.010000000000005116,8684,8744,306.95,320.42,61
dia_20_mais,dia 21 sem pressao - Soja Heter,21.0,,0,314.65,8717,93.89,0.010000000000005116,0.010000000000005116,8687,8747,307.58,321.05,61
dia_20_mais,dia 21 sem pressao - Soja Heter,21.0,,0,314.86,8718,93.9,0.010000000000005116,0.010000000000005116,8688,8748,307.79,321.26,61
dia_20_mais,dia 21 sem pressao - Soja Heter,21.0,,0,315.28,8720,93.89,0.010000000000005116,0.010000000000005116,8690,8750,308.25,321.7,61
dia_20_mais,dia 21 sem pressao - Soja Heter,21.0,,0,315.7,8722,93.9,0.010000000000005116,0.010000000000005116,8692,8752,308.66,322.58,61
dia_20_mais,dia 21 sem pressao - Soja Heter,21.0,,0,316.36,8725,93.89,0.010000000000005116,0.010000000000005116,8695,8755,309.49,323.38,61
dia_20_mais,dia 21 sem pressao - Soja Heter,21.0,,0,316.56,8726,93.9,0.010000000000005116,0.010000000000005116,8696,8756,310.02,323.59,61
dia_20_mais,dia 21 sem pressao - Soja Heter,21.0,,0,317.24,8729,93.89,0.010000000000005116,0.010000000000005116,8699,8759,310.84,324.22,61
dia_20_mais,dia 21 sem pressao - Soja Heter,21.0,,0,317.66,8731,93.9,0.010000000000005116,0.010000000000005116,8701,8761,311.27,324.65,61
dia_20_mais,dia 21 sem pressao - Soja Heter,21.0,,0,318.31,8734,93.89,0.010000000000005116,0.010000000000005116,8704,8764,311.9,325.28,61
dia_20_mais,dia 21 sem pressao - Soja Heter,21.0,,0,318.52,8735,93.9,0.010000000000005116,0.010000000000005116,8705,8765,312.11,325.49,61
dia_20_mais,dia 21 sem pressao - Soja Heter,21.0,,0,319.99,8742,93.89,0.010000000000005116,0.010000000000005116,8712,8772,313.6,327.02,61
dia_20_mais,dia 21 sem pressao - Soja Heter,21.0,,0,322.06,8751,93.9,0.010000000000005116,0.010000000000005116,8721,8781,315.49,328.95,61
dia_20_mais,dia 21 sem pressao - Soja Heter,21.0,,0,322.58,8752,93.89,0.010000000000005116,0.010000000000005116,8722,8782,315.7,329.19,61
dia_20_mais,dia 21 sem pressao - Soja Heter,21.0,,0,322.96,8753,93.9,0.010000000000005116,0.010000000000005116,8723,8783,315.94,329.39,61
dia_20_mais,dia 21 sem pressao - Soja Heter,21.0,,0,323.59,8756,93.89,0.010000000000005116,0.010000000000005116,8726,8786,316.56,330.02,61
dia_20_mais,dia 21 sem pressao - Soja Heter,21.0,,0,323.8,8757,93.9,0.010000000000005116,0.010000000000005116,8727,8787,316.78,330.25,61
dia_20_mais,dia 21 sem pressao - Soja Heter,21.0,,0,325.28,8764,93.89,0.010000000000005116,0.010000000000005116,8734,8794,318.31,331.86,61
dia_20_mais,dia 21 sem pressao - Soja Heter,21.0,,0,325.49,8765,93.9,0.010000000000005116,0.010000000000005116,8735,8795,318.52,332.07,61
dia_20_mais,dia 21 sem pressao - Soja Heter,21.0,,0,325.7,8766,93.89,0.010000000000005116,0.010000000000005116,8736,8796,318.73,332.28,61
dia_20_mais,dia 21 sem pressao - Soja Heter,21.0,,0,326.14,8768,93.9,0.010000000000005116,0.010000000000005116,8738,8798,319.15,332.73,61
dia_20_mais,dia 21 sem pressao - Soja Heter,21.0,,0,328.11,8777,93.89,0.010000000000005116,0.010000000000005116,8747,8807,321.05,335.13,61
dia_20_mais,dia 21 sem pressao - Soja Heter,21.0,,0,328.32,8778,93.9,0.010000000000005116,0.010000000000005116,8748,8808,321.26,335.51,61
dia_20_mais,dia 21 sem pressao - Soja Heter,21.0,,0,328.95,8781,93.89,0.010000000000005116,0.010000000000005116,8751,8811,322.06,336.14,61
dia_20_mais,dia 21 sem pressao - Soja Heter,21.0,,0,329.39,8783,93.9,0.010000000000005116,0.010000000000005116,8753,8813,322.96,336.56,61
dia_20_mais,dia 21 sem pressao - Soja Heter,21.0,,0,330.56,8788,93.89,0.010000000000005116,0.010000000000005116,8758,8818,324.01,337.62,61
dia_20_mais,dia 21 sem pressao - Soja Heter,21.0,,0,331.44,8792,93.9,0.010000000000005116,0.010000000000005116,8762,8822,324.86,338.49,61
dia_20_mais,dia 21 sem pressao - Soja Heter,21.0,,0,331.86,8794,93.89,0.010000000000005116,0.010000000000005116,8764,8824,325.28,338.91,61
dia_20_mais,dia 21 sem pressao - Soja Heter,21.0,,0,332.95,8799,93.9,0.010000000000005116,0.010000000000005116,8769,8829,326.35,339.99,61
dia_20_mais,dia 21 sem pressao - Soja Heter,21.0,,0,333.37,8801,93.89,0.010000000000005116,0.010000000000005116,8771,8831,326.78,340.44,61
dia_20_mais,dia 21 sem pressao - Soja Heter,21.0,,0,334.03,8804,93.9,0.010000000000005116,0.010000000000005116,8774,8834,327.44,341.07,61
dia_20_mais,dia 21 sem pressao - Soja Heter,21.0,,0,334.24,8805,93.89,0.010000000000005116,0.010000000000005116,8775,8835,327.65,341.29,61
dia_20_mais,dia 21 sem pressao - Soja Heter,21.0,,0,334.61,8806,93.9,0.010000000000005116,0.010000000000005116,8776,8836,327.86,341.5,61
dia_20_mais,dia 21 sem pressao - Soja Heter,21.0,,0,335.51,8808,93.89,0.010000000000005116,0.010000000000005116,8778,8838,328.32,341.91,61
dia_20_mais,dia 21 sem pressao - Soja Heter,21.0,,0,337.2,8816,93.9,0.010000000000005116,0.010000000000005116,8786,8846,330.02,343.63,61
dia_20_mais,dia 21 sem pressao - Soja Heter,21.0,,0,337.62,8818,93.89,0.010000000000005116,0.010000000000005116,8788,8848,330.56,344.05,61
dia_20_mais,dia 21 sem pressao - Soja Heter,21.0,,0,338.07,8820,93.9,0.010000000000005116,0.010000000000005116,8790,8850,330.98,344.47,61
dia_20_mais,dia 21 sem pressao - Soja Heter,21.0,,0,339.16,8825,93.89,0.010000000000005116,0.010000000000005116,8795,8855,332.07,345.56,61
dia_20_mais,dia 21 sem pressao - Soja Heter,21.0,,0,339.36,8826,93.9,0.010000000000005116,0.010000000000005116,8796,8856,332.28,345.8,61
dia_20_mais,dia 21 sem pressao - Soja Heter,21.0,,0,339.58,8827,93.89,0.010000000000005116,0.010000000000005116,8797,8857,332.52,346.0,61
dia_20_mais,dia 21 sem pressao - Soja Heter,21.0,,0,339.78,8828,93.9,0.010000000000005116,0.010000000000005116,8798,8858,332.73,346.21,61
dia_20_mais,dia 21 sem pressao - Soja Heter,21.0,,0,339.99,8829,93.89,0.010000000000005116,0.010000000000005116,8799,8859,332.95,346.42,61
dia_20_mais,dia 21 sem pressao - Soja Heter,21.0,,0,340.23,8830,93.9,0.010000000000005116,0.010000000000005116,8800,8860,333.16,346.63,61
dia_20_mais,dia 21 sem pressao - Soja Heter,21.0,,0,340.86,8833,93.89,0.010000000000005116,0.010000000000005116,8803,8863,333.82,348.04,61
dia_20_mais,dia 21 sem pressao - Soja Heter,21.0,,0,341.29,8835,93.9,0.010000000000005116,0.010000000000005116,8805,8865,334.24,348.45,61
dia_20_mais,dia 21 sem pressao - Soja Heter,21.0,,0,341.5,8836,93.89,0.010000000000005116,0.010000000000005116,8806,8866,334.61,348.66,61
dia_20_mais,dia 21 sem pressao - Soja Heter,21.0,,0,341.7,8837,93.9,0.010000000000005116,0.010000000000005116,8807,8867,335.13,348.87,61
dia_20_mais,dia 21 sem pressao - Soja Heter,21.0,,0,342.76,8842,93.89,0.010000000000005116,0.010000000000005116,8812,8872,336.35,349.94,61
dia_20_mais,dia 21 sem pressao - Soja Heter,21.0,,0,343.39,8845,93.9,0.010000000000005116,0.010000000000005116,8815,8875,336.99,350.58,61
dia_20_mais,dia 21 sem pressao - Soja Heter,21.0,,0,343.63,8846,93.89,0.010000000000005116,0.010000000000005116,8816,8876,337.2,350.79,61
dia_20_mais,dia 21 sem pressao - Soja Heter,21.0,,0,344.05,8848,93.9,0.010000000000005116,0.010000000000005116,8818,8878,337.62,351.21,61
dia_20_mais,dia 21 sem pressao - Soja Heter,21.0,,0,344.47,8850,93.89,0.010000000000005116,0.010000000000005116,8820,8880,338.07,351.63,61
dia_20_mais,dia 21 sem pressao - Soja Heter,21.0,,0,344.93,8852,93.9,0.010000000000005116,0.010000000000005116,8822,8882,338.49,352.05,61
dia_20_mais,dia 21 sem pressao - Soja Heter,21.0,,0,345.14,8853,93.89,0.010000000000005116,0.010000000000005116,8823,8883,338.7,352.26,61
dia_20_mais,dia 21 sem pressao - Soja Heter,21.0,,0,348.66,8866,93.9,0.010000000000005116,0.010000000000005116,8836,8896,341.5,355.03,61
dia_20_mais,dia 21 sem pressao - Soja Heter,21.0,,0,348.87,8867,93.89,0.010000000000005116,0.010000000000005116,8837,8897,341.7,355.24,61
dia_20_mais,dia 21 sem pressao - Soja Heter,21.0,,0,350.58,8875,93.9,0.010000000000005116,0.010000000000005116,8845,8905,343.39,356.98,61
dia_20_mais,dia 21 sem pressao - Soja Heter,21.0,,0,350.79,8876,93.89,0.010000000000005116,0.010000000000005116,8846,8906,343.63,357.19,61
dia_20_mais,dia 21 sem pressao - Soja Heter,21.0,,0,350.99,8877,93.9,0.010000000000005116,0.010000000000005116,8847,8907,343.84,357.4,61
dia_20_mais,dia 21 sem pressao - Soja Heter,21.0,,0,351.21,8878,93.89,0.010000000000005116,0.010000000000005116,8848,8908,344.05,357.61,61
dia_20_mais,dia 21 sem pressao - Soja Heter,21.0,,0,351.42,8879,93.9,0.010000000000005116,0.010000000000005116,8849,8909,344.26,357.82,61
dia_20_mais,dia 21 sem pressao - Soja Heter,21.0,,0,351.63,8880,93.89,0.010000000000005116,0.010000000000005116,8850,8910,344.47,358.07,61
dia_20_mais,dia 21 sem pressao - Soja Heter,21.0,,0,352.05,8882,93.9,0.010000000000005116,0.010000000000005116,8852,8912,344.93,358.58,61
dia_20_mais,dia 21 sem pressao - Soja Heter,21.0,,0,352.51,8884,93.89,0.010000000000005116,0.010000000000005116,8854,8914,345.35,359.0,61
dia_20_mais,dia 21 sem pressao - Soja Heter,21.0,,0,352.92,8886,93.9,0.010000000000005116,0.010000000000005116,8856,8916,345.8,359.44,61
dia_20_mais,dia 21 sem pressao - Soja Heter,21.0,,0,353.13,8887,93.89,0.010000000000005116,0.010000000000005116,8857,8917,346.0,359.8,61
dia_20_mais,dia 21 sem pressao - Soja Heter,21.0,,0,353.98,8891,93.9,0.010000000000005116,0.010000000000005116,8861,8921,347.0,361.11,61
dia_20_mais,dia 21 sem pressao - Soja Heter,21.0,,0,354.61,8894,93.89,0.010000000000005116,0.010000000000005116,8864,8924,348.25,361.75,61
dia_20_mais,dia 21 sem pressao - Soja Heter,21.0,,0,354.82,8895,93.9,0.010000000000005116,0.010000000000005116,8865,8925,348.45,361.95,61
dia_20_mais,dia 21 sem pressao - Soja Heter,21.0,,0,355.03,8896,93.89,0.010000000000005116,0.010000000000005116,8866,8926,348.66,362.16,61
dia_20_mais,dia 21 sem pressao - Soja Heter,21.0,,0,355.24,8897,93.9,0.010000000000005116,0.010000000000005116,8867,8927,348.87,362.37,61
dia_20_mais,dia 21 sem pressao - Soja Heter,21.0,,0,355.45,8898,93.89,0.010000000000005116,0.010000000000005116,8868,8928,349.11,362.61,61
dia_20_mais,dia 21 sem pressao - Soja Heter,21.0,,0,355.9,8900,93.9,0.010000000000005116,0.010000000000005116,8870,8930,349.53,363.03,61
dia_20_mais,dia 21 sem pressao - Soja Heter,21.0,,0,356.11,8901,93.89,0.010000000000005116,0.010000000000005116,8871,8931,349.73,363.24,61
dia_20_mais,dia 21 sem pressao - Soja Heter,21.0,,0,356.31,8902,93.9,0.010000000000005116,0.010000000000005116,8872,8932,349.94,363.45,61
dia_20_mais,dia 21 sem pressao - Soja Heter,21.0,,0,356.73,8904,93.89,0.010000000000005116,0.010000000000005116,8874,8934,350.37,363.87,61
dia_20_mais,dia 21 sem pressao - Soja Heter,21.0,,0,356.98,8905,93.9,0.010000000000005116,0.010000000000005116,8875,8935,350.58,364.08,61
dia_20_mais,dia 21 sem pressao - Soja Heter,21.0,,0,357.19,8906,93.89,0.010000000000005116,0.010000000000005116,8876,8936,350.79,364.29,61
dia_20_mais,dia 21 sem pressao - Soja Heter,21.0,,0,357.4,8907,93.9,0.010000000000005116,0.010000000000005116,8877,8937,350.99,364.5,61
dia_20_mais,dia 21 sem pressao - Soja Heter,21.0,,0,357.82,8909,93.89,0.010000000000005116,0.010000000000005116,8879,8939,351.42,364.95,61
dia_20_mais,dia 21 sem pressao - Soja Heter,21.0,,0,359.23,8915,93.9,0.010000000000005116,0.010000000000005116,8885,8945,352.71,366.2,61
dia_20_mais,dia 21 sem pressao - Soja Heter,21.0,,0,360.32,8918,93.89,0.010000000000005116,0.010000000000005116,8888,8948,353.34,366.83,61
dia_20_mais,dia 21 sem pressao - Soja Heter,21.0,,0,360.69,8919,93.9,0.010000000000005116,0.010000000000005116,8889,8949,353.56,367.05,61
dia_20_mais,dia 21 sem pressao - Soja Heter,21.0,,0,361.11,8921,93.89,0.010000000000005116,0.010000000000005116,8891,8951,353.98,367.46,61
dia_20_mais,dia 21 sem pressao - Soja Heter,21.0,,0,361.75,8924,93.9,0.010000000000005116,0.010000000000005116,8894,8954,354.61,368.09,61
dia_20_mais,dia 21 sem pressao - Soja Heter,21.0,,0,361.95,8925,93.89,0.010000000000005116,0.010000000000005116,8895,8955,354.82,368.33,61
dia_20_mais,dia 21 sem pressao - Soja Heter,21.0,,0,362.61,8928,93.9,0.010000000000005116,0.010000000000005116,8898,8958,355.45,368.95,61
dia_20_mais,dia 21 sem pressao - Soja Heter,21.0,,0,362.82,8929,93.89,0.010000000000005116,0.010000000000005116,8899,8959,355.66,369.16,61
dia_20_mais,dia 21 sem pressao - Soja Heter,21.0,,0,363.24,8931,93.9,0.010000000000005116,0.010000000000005116,8901,8961,356.11,369.58,61
dia_20_mais,dia 21 sem pressao - Soja Heter,21.0,,0,363.45,8932,93.89,0.010000000000005116,0.010000000000005116,8902,8962,356.31,369.79,61
dia_20_mais,dia 21 sem pressao - Soja Heter,21.0,,0,363.67,8933,93.9,0.010000000000005116,0.010000000000005116,8903,8963,356.52,370.0,61
dia_20_mais,dia 21 sem pressao - Soja Heter,21.0,,0,363.87,8934,93.89,0.010000000000005116,0.010000000000005116,8904,8964,356.73,370.21,61
dia_20_mais,dia 21 sem pressao - Soja Heter,21.0,,0,365.57,8942,93.9,0.010000000000005116,0.010000000000005116,8912,8972,358.58,372.07,61
dia_20_mais,dia 21 sem pressao - Soja Heter,21.0,,0,365.78,8943,93.89,0.010000000000005116,0.010000000000005116,8913,8973,358.79,372.6,61
dia_20_mais,dia 21 sem pressao - Soja Heter,21.0,,0,367.25,8950,93.9,0.010000000000005116,0.010000000000005116,8920,8980,360.9,374.27,61
dia_20_mais,dia 21 sem pressao - Soja Heter,21.0,,0,367.46,8951,93.89,0.010000000000005116,0.010000000000005116,8921,8981,361.11,374.48,61
dia_20_mais,dia 21 sem pressao - Soja Heter,21.0,,0,373.01,8974,93.9,0.010000000000005116,0.010000000000005116,8944,9004,365.99,379.39,61
dia_20_mais,dia 21 sem pressao - Soja Heter,21.0,,0,373.43,8976,93.89,0.010000000000005116,0.010000000000005116,8946,9006,366.41,379.84,61
dia_20_mais,dia 21 sem pressao - Soja Heter,21.0,,0,373.63,8977,93.9,0.010000000000005116,0.010000000000005116,8947,9007,366.62,380.05,61
dia_20_mais,dia 21 sem pressao - Soja Heter,21.0,,0,373.85,8978,93.89,0.010000000000005116,0.010000000000005116,8948,9008,366.83,380.26,61
dia_20_mais,dia 21 sem pressao - Soja Heter,21.0,,0,375.13,8984,93.9,0.010000000000005116,0.010000000000005116,8954,9014,368.09,381.54,61
dia_20_mais,dia 21 sem pressao - Soja Heter,21.0,,0,375.34,8985,93.89,0.010000000000005116,0.010000000000005116,8955,9015,368.33,381.75,61
dia_20_mais,dia 21 sem pressao - Soja Heter,21.0,,0,376.64,8991,93.9,0.010000000000005116,0.010000000000005116,8961,9021,369.58,383.01,61
dia_20_mais,dia 21 sem pressao - Soja Heter,21.0,,0,376.86,8992,93.89,0.010000000000005116,0.010000000000005116,8962,9022,369.79,383.22,61
dia_20_mais,dia 21 sem pressao - Soja Heter,21.0,,0,377.07,8993,93.9,0.010000000000005116,0.010000000000005116,8963,9023,370.0,383.43,61
dia_20_mais,dia 21 sem pressao - Soja Heter,21.0,,0,377.5,8995,93.89,0.010000000000005116,0.010000000000005116,8965,9025,370.43,383.85,61
dia_20_mais,dia 21 sem pressao - Soja Heter,21.0,,0,377.71,8996,93.9,0.010000000000005116,0.010000000000005116,8966,9026,370.64,384.09,61
dia_20_mais,dia 21 sem pressao - Soja Heter,21.0,,0,378.34,8999,93.89,0.010000000000005116,0.010000000000005116,8969,9029,371.26,385.18,61
dia_20_mais,dia 21 sem pressao - Soja Heter,21.0,,0,378.77,9001,93.9,0.010000000000005116,0.010000000000005116,8971,9031,371.71,385.77,61
dia_20_mais,dia 21 sem pressao - Soja Heter,21.0,,0,379.84,9006,93.89,0.010000000000005116,0.010000000000005116,8976,9036,373.43,386.92,61
dia_20_mais,dia 21 sem pressao - Soja Heter,21.0,,0,381.32,9013,93.9,0.010000000000005116,0.010000000000005116,8983,9043,374.9,388.43,61
dia_20_mais,dia 21 sem pressao - Soja Heter,21.0,,0,381.54,9014,93.89,0.010000000000005116,0.010000000000005116,8984,9044,375.13,388.64,61
dia_20_mais,dia 21 sem pressao - Soja Heter,21.0,,0,382.17,9017,93.9,0.010000000000005116,0.010000000000005116,8987,9047,375.76,389.26,61
dia_20_mais,dia 21 sem pressao - Soja Heter,21.0,,0,382.37,9018,93.89,0.010000000000005116,0.010000000000005116,8988,9048,375.97,389.48,61
dia_20_mais,dia 21 sem pressao - Soja Heter,21.0,,0,384.3,9027,93.9,0.010000000000005116,0.010000000000005116,8997,9057,377.92,391.38,61
dia_20_mais,dia 21 sem pressao - Soja Heter,21.0,,0,384.66,9028,93.89,0.010000000000005116,0.010000000000005116,8998,9058,378.12,391.59,61
dia_20_mais,dia 21 sem pressao - Soja Heter,21.0,,0,386.92,9036,93.9,0.010000000000005116,0.010000000000005116,9006,9066,379.84,393.34,61
dia_20_mais,dia 21 sem pressao - Soja Heter,21.0,,0,387.13,9037,93.89,0.010000000000005116,0.010000000000005116,9007,9067,380.05,393.55,61
dia_20_mais,dia 21 sem pressao - Soja Heter,21.0,,0,391.17,9056,93.9,0.010000000000005116,0.010000000000005116,9026,9086,384.09,398.23,61
dia_20_mais,dia 21 sem pressao - Soja Heter,21.0,,0,391.59,9058,93.89,0.010000000000005116,0.010000000000005116,9028,9088,384.66,398.68,61
dia_20_mais,dia 21 sem pressao - Soja Heter,21.0,,0,393.55,9067,93.9,0.010000000000005116,0.010000000000005116,9037,9097,387.13,400.59,61
dia_20_mais,dia 21 sem pressao - Soja Heter,21.0,,0,393.76,9068,93.89,0.010000000000005116,0.010000000000005116,9038,9098,387.38,400.8,61
dia_20_mais,dia 21 sem pressao - Soja Heter,21.0,,0,395.89,9078,93.9,0.010000000000005116,0.010000000000005116,9048,9108,389.48,402.94,61
dia_20_mais,dia 21 sem pressao - Soja Heter,21.0,,0,396.11,9079,93.89,0.010000000000005116,0.010000000000005116,9049,9109,389.69,403.14,61
dia_20_mais,dia 21 sem pressao - Soja Heter,21.0,,0,396.74,9082,93.9,0.010000000000005116,0.010000000000005116,9052,9112,390.32,403.78,61
dia_20_mais,dia 21 sem pressao - Soja Heter,21.0,,0,397.65,9084,93.89,0.010000000000005116,0.010000000000005116,9054,9114,390.75,404.21,61
dia_20_mais,dia 21 sem pressao - Soja Heter,21.0,,0,398.02,9085,93.9,0.010000000000005116,0.010000000000005116,9055,9115,390.96,404.42,61
dia_20_mais,dia 21 sem pressao - Soja Heter,21.0,,0,398.23,9086,93.89,0.010000000000005116,0.010000000000005116,9056,9116,391.17,404.63,61
dia_20_mais,dia 21 sem pressao - Soja Heter,21.0,,0,398.47,9087,93.9,0.010000000000005116,0.010000000000005116,9057,9117,391.38,404.84,61
dia_20_mais,dia 21 sem pressao - Soja Heter,21.0,,0,398.89,9089,93.89,0.010000000000005116,0.010000000000005116,9059,9119,391.83,405.27,61
dia_20_mais,dia 21 sem pressao - Soja Heter,21.0,,0,399.1,9090,93.9,0.010000000000005116,0.010000000000005116,9060,9120,392.04,405.48,61
dia_20_mais,dia 21 sem pressao - Soja Heter,21.0,,0,399.31,9091,93.89,0.010000000000005116,0.010000000000005116,9061,9121,392.25,405.69,61
dia_20_mais,dia 21 sem pressao - Soja Heter,21.0,,0,400.16,9095,93.9,0.010000000000005116,0.010000000000005116,9065,9125,393.13,406.55,61
dia_20_mais,dia 21 sem pressao - Soja Heter,21.0,,0,400.37,9096,93.89,0.010000000000005116,0.010000000000005116,9066,9126,393.34,406.76,61
dia_20_mais,dia 21 sem pressao - Soja Heter,21.0,,0,401.64,9102,93.9,0.010000000000005116,0.010000000000005116,9072,9132,394.62,408.05,61
dia_20_mais,dia 21 sem pressao - Soja Heter,21.0,,0,401.86,9103,93.89,0.010000000000005116,0.010000000000005116,9073,9133,394.83,408.26,61
dia_20_mais,dia 21 sem pressao - Soja Heter,21.0,,0,406.76,9126,93.9,0.010000000000005116,0.010000000000005116,9096,9156,400.37,413.91,61
dia_20_mais,dia 21 sem pressao - Soja Heter,21.0,,0,406.97,9127,93.89,0.010000000000005116,0.010000000000005116,9097,9157,400.59,414.12,61
dia_20_mais,dia 21 sem pressao - Soja Heter,21.0,,0,407.42,9129,93.9,0.010000000000005116,0.010000000000005116,9099,9159,401.01,414.54,61
dia_20_mais,dia 21 sem pressao - Soja Heter,21.0,,0,407.63,9130,93.89,0.010000000000005116,0.010000000000005116,9100,9160,401.22,414.75,61
dia_20_mais,dia 21 sem pressao - Soja Heter,21.0,,0,408.72,9135,93.9,0.010000000000005116,0.010000000000005116,9105,9165,402.28,415.83,61
dia_20_mais,dia 21 sem pressao - Soja Heter,21.0,,0,408.93,9136,93.89,0.010000000000005116,0.010000000000005116,9106,9166,402.49,416.04,61
dia_20_mais,dia 21 sem pressao - Soja Heter,21.0,,0,409.51,9138,93.9,0.010000000000005116,0.010000000000005116,9108,9168,402.94,416.5,61
dia_20_mais,dia 21 sem pressao - Soja Heter,21.0,,0,410.03,9139,93.89,0.010000000000005116,0.010000000000005116,9109,9169,403.14,416.71,61
dia_20_mais,dia 21 sem pressao - Soja Heter,21.0,,0,411.25,9144,93.9,0.010000000000005116,0.010000000000005116,9114,9174,404.21,417.79,61
dia_20_mais,dia 21 sem pressao - Soja Heter,21.0,,0,411.46,9145,93.89,0.010000000000005116,0.010000000000005116,9115,9175,404.42,418.0,61
dia_20_mais,dia 21 sem pressao - Soja Heter,21.0,,0,412.09,9148,93.9,0.010000000000005116,0.010000000000005116,9118,9178,405.06,418.63,61
dia_20_mais,dia 21 sem pressao - Soja Heter,21.0,,0,412.3,9149,93.89,0.010000000000005116,0.010000000000005116,9119,9179,405.27,418.84,61
dia_20_mais,dia 21 sem pressao - Soja Heter,21.0,,0,412.51,9150,93.9,0.010000000000005116,0.010000000000005116,9120,9180,405.48,419.05,61
dia_20_mais,dia 21 sem pressao - Soja Heter,21.0,,0,412.72,9151,93.89,0.010000000000005116,0.010000000000005116,9121,9181,405.69,419.26,61
dia_20_mais,dia 21 sem pressao - Soja Heter,21.0,,0,414.33,9158,93.9,0.010000000000005116,0.010000000000005116,9128,9188,407.18,420.76,61
dia_20_mais,dia 21 sem pressao - Soja Heter,21.0,,0,414.54,9159,93.89,0.010000000000005116,0.010000000000005116,9129,9189,407.42,420.97,61
dia_20_mais,dia 21 sem pressao - Soja Heter,21.0,,0,415.41,9163,93.9,0.010000000000005116,0.010000000000005116,9133,9193,408.26,421.85,61
dia_20_mais,dia 21 sem pressao - Soja Heter,21.0,,0,416.29,9167,93.89,0.010000000000005116,0.010000000000005116,9137,9197,409.14,423.36,61
dia_20_mais,dia 21 sem pressao - Soja Heter,21.0,,0,416.92,9170,93.9,0.010000000000005116,0.010000000000005116,9140,9200,410.4,423.99,61
dia_20_mais,dia 21 sem pressao - Soja Heter,21.0,,0,417.13,9171,93.89,0.010000000000005116,0.010000000000005116,9141,9201,410.62,424.2,61
dia_20_mais,dia 21 sem pressao - Soja Heter,21.0,,0,417.58,9173,93.9,0.010000000000005116,0.010000000000005116,9143,9203,411.04,424.62,61
dia_20_mais,dia 21 sem pressao - Soja Heter,21.0,,0,417.79,9174,93.89,0.010000000000005116,0.010000000000005116,9144,9204,411.25,424.83,61
dia_20_mais,dia 21 sem pressao - Soja Heter,21.0,,0,418.21,9176,93.9,0.010000000000005116,0.010000000000005116,9146,9206,411.68,425.26,61
dia_20_mais,dia 21 sem pressao - Soja Heter,21.0,,0,418.43,9177,93.89,0.010000000000005116,0.010000000000005116,9147,9207,411.88,425.47,61
dia_20_mais,dia 21 sem pressao - Soja Heter,21.0,,0,419.69,9183,93.9,0.010000000000005116,0.010000000000005116,9153,9213,413.17,426.76,61
dia_20_mais,dia 21 sem pressao - Soja Heter,21.0,,0,419.9,9184,93.89,0.010000000000005116,0.010000000000005116,9154,9214,413.38,426.97,61
dia_20_mais,dia 21 sem pressao - Soja Heter,21.0,,0,422.21,9194,93.9,0.010000000000005116,0.010000000000005116,9164,9224,415.62,429.13,61
dia_20_mais,dia 21 sem pressao - Soja Heter,21.0,,0,422.73,9195,93.89,0.010000000000005116,0.010000000000005116,9165,9225,415.83,429.34,61
dia_20_mais,dia 21 sem pressao - Soja Heter,21.0,,0,423.36,9197,93.9,0.010000000000005116,0.010000000000005116,9167,9227,416.29,429.8,61
dia_20_mais,dia 21 sem pressao - Soja Heter,21.0,,0,426.97,9214,93.89,0.010000000000005116,0.010000000000005116,9184,9244,419.9,433.41,61
dia_20_mais,dia 21 sem pressao - Soja Heter,21.0,,0,427.18,9215,93.9,0.010000000000005116,0.010000000000005116,9185,9245,420.11,433.62,61
dia_20_mais,dia 21 sem pressao - Soja Heter,21.0,,0,428.5,9221,93.89,0.010000000000005116,0.010000000000005116,9191,9251,421.39,435.54,61
dia_20_mais,dia 21 sem pressao - Soja Heter,21.0,,0,429.13,9224,93.9,0.010000000000005116,0.010000000000005116,9194,9254,422.21,436.21,61
dia_20_mais,dia 21 sem pressao - Soja Heter,21.0,,0,429.59,9226,93.89,0.010000000000005116,0.010000000000005116,9196,9256,423.15,436.63,61
dia_20_mais,dia 21 sem pressao - Soja Heter,21.0,,0,430.22,9229,93.9,0.010000000000005116,0.010000000000005116,9199,9259,423.77,437.26,61
dia_20_mais,dia 21 sem pressao - Soja Heter,21.0,,0,431.09,9233,93.89,0.010000000000005116,0.010000000000005116,9203,9263,424.62,438.1,61
dia_20_mais,dia 21 sem pressao - Soja Heter,21.0,,0,431.29,9234,93.9,0.010000000000005116,0.010000000000005116,9204,9264,424.83,438.31,61
dia_20_mais,dia 21 sem pressao - Soja Heter,21.0,,0,432.57,9240,93.89,0.010000000000005116,0.010000000000005116,9210,9270,426.1,439.63,61
dia_20_mais,dia 21 sem pressao - Soja Heter,21.0,,0,432.78,9241,93.9,0.010000000000005116,0.010000000000005116,9211,9271,426.33,439.84,61
dia_20_mais,dia 21 sem pressao - Soja Heter,21.0,,0,433.0,9242,93.89,0.010000000000005116,0.010000000000005116,9212,9272,426.54,440.05,61
dia_20_mais,dia 21 sem pressao - Soja Heter,21.0,,0,435.16,9250,93.9,0.010000000000005116,0.010000000000005116,9220,9280,428.25,441.89,61
dia_20_mais,dia 21 sem pressao - Soja Heter,21.0,,0,435.54,9251,93.89,0.010000000000005116,0.010000000000005116,9221,9281,428.5,442.1,61
dia_20_mais,dia 21 sem pressao - Soja Heter,21.0,,0,435.96,9253,93.9,0.010000000000005116,0.010000000000005116,9223,9283,428.92,442.52,61
dia_20_mais,dia 21 sem pressao - Soja Heter,21.0,,0,436.21,9254,93.89,0.010000000000005116,0.010000000000005116,9224,9284,429.13,442.73,61
dia_20_mais,dia 21 sem pressao - Soja Heter,21.0,,0,436.42,9255,93.9,0.010000000000005116,0.010000000000005116,9225,9285,429.34,442.97,61
dia_20_mais,dia 21 sem pressao - Soja Heter,21.0,,0,436.63,9256,93.89,0.010000000000005116,0.010000000000005116,9226,9286,429.59,443.18,61
dia_20_mais,dia 21 sem pressao - Soja Heter,21.0,,0,437.05,9258,93.9,0.010000000000005116,0.010000000000005116,9228,9288,430.01,443.59,61
dia_20_mais,dia 21 sem pressao - Soja Heter,21.0,,0,437.26,9259,93.89,0.010000000000005116,0.010000000000005116,9229,9289,430.22,443.8,61
dia_20_mais,dia 21 sem pressao - Soja Heter,21.0,,0,440.93,9276,93.9,0.010000000000005116,0.010000000000005116,9246,9306,433.84,448.06,61
dia_20_mais,dia 21 sem pressao - Soja Heter,21.0,,0,441.14,9277,93.89,0.010000000000005116,0.010000000000005116,9247,9307,434.07,448.27,61
dia_20_mais,dia 21 sem pressao - Soja Heter,21.0,,0,445.93,9299,93.9,0.010000000000005116,0.010000000000005116,9269,9329,439.38,453.01,61
dia_20_mais,dia 21 sem pressao - Soja Heter,21.0,,0,446.14,9300,93.89,0.010000000000005116,0.010000000000005116,9270,9330,439.63,453.22,61
dia_20_mais,dia 21 sem pressao - Soja Heter,21.0,,0,446.38,9301,93.9,0.010000000000005116,0.010000000000005116,9271,9331,439.84,453.43,61
dia_20_mais,dia 21 sem pressao - Soja Heter,21.0,,0,446.59,9302,93.89,0.010000000000005116,0.010000000000005116,9272,9332,440.05,453.64,61
dia_20_mais,dia 21 sem pressao - Soja Heter,21.0,,0,447.69,9305,93.9,0.010000000000005116,0.010000000000005116,9275,9335,440.71,454.3,61
dia_20_mais,dia 21 sem pressao - Soja Heter,21.0,,0,448.49,9308,93.89,0.010000000000005116,0.010000000000005116,9278,9338,441.45,454.93,61
dia_20_mais,dia 21 sem pressao - Soja Heter,21.0,,0,448.92,9310,93.9,0.010000000000005116,0.010000000000005116,9280,9340,441.89,455.39,61
dia_20_mais,dia 21 sem pressao - Soja Heter,21.0,,0,449.13,9311,93.89,0.010000000000005116,0.010000000000005116,9281,9341,442.1,455.6,61
dia_20_mais,dia 21 sem pressao - Soja Heter,21.0,,0,449.55,9313,93.9,0.010000000000005116,0.010000000000005116,9283,9343,442.52,456.02,61
dia_20_mais,dia 21 sem pressao - Soja Heter,21.0,,0,449.79,9314,93.89,0.010000000000005116,0.010000000000005116,9284,9344,442.73,456.23,61
dia_20_mais,dia 21 sem pressao - Soja Heter,21.0,,0,450.0,9315,93.9,0.010000000000005116,0.010000000000005116,9285,9345,442.97,456.48,61
dia_20_mais,dia 21 sem pressao - Soja Heter,21.0,,0,450.42,9317,93.89,0.010000000000005116,0.010000000000005116,9287,9347,443.38,456.9,61
dia_20_mais,dia 21 sem pressao - Soja Heter,21.0,,0,451.09,9320,93.9,0.010000000000005116,0.010000000000005116,9290,9350,444.02,457.55,61
dia_20_mais,dia 21 sem pressao - Soja Heter,21.0,,0,451.3,9321,93.89,0.010000000000005116,0.010000000000005116,9291,9351,444.23,457.76,61
dia_20_mais,dia 21 sem pressao - Soja Heter,21.0,,0,451.95,9324,93.9,0.010000000000005116,0.010000000000005116,9294,9354,444.86,458.39,61
dia_20_mais,dia 21 sem pressao - Soja Heter,21.0,,0,452.37,9326,93.89,0.010000000000005116,0.010000000000005116,9296,9355,445.3,458.62,60
dia_20_mais,dia 21 sem pressao - Soja Heter,21.0,,0,454.72,9337,93.9,0.010000000000005116,0.010000000000005116,9307,9355,448.27,458.62,49
dia_20_mais,dia 21 sem pressao - Soja Heter,21.0,,0,454.93,9338,93.89,0.010000000000005116,0.010000000000005116,9308,9355,448.49,458.62,48
dia_20_mais,dia 21 sem pressao - Soja Heter,21.0,,0,456.02,9343,93.9,0.010000000000005116,0.010000000000005116,9313,9355,449.55,458.62,43
dia_20_mais,dia 21 sem pressao - Soja Heter,21.0,,0,456.23,9344,93.89,0.010000000000005116,0.010000000000005116,9314,9355,449.79,458.62,42
dia_20_mais,dia 21 sem pressao - Soja Heter,21.0,,0,456.48,9345,93.9,0.010000000000005116,0.010000000000005116,9315,9355,450.0,458.62,41
dia_20_mais,dia 21 sem pressao - Soja Heter,21.0,,0,456.69,9346,93.89,0.010000000000005116,0.010000000000005116,9316,9355,450.21,458.62,40
dia_20_mais,dia 21 sem pressao - Soja Heter,21.0,,0,458.39,9354,93.9,0.010000000000005116,0.010000000000005116,9324,9355,451.95,458.62,32
dia_20_mais,dia 21 sem pressao - Soja Heter,21.0,,0,458.62,9355,93.89,0.010000000000005116,0.010000000000005116,9325,9355,452.16,458.62,31
dia_20_mais,Página7,20.0,,0,71.49,9362,93.9,0.010000000000005116,0.010000000000005116,9356,9392,70.23,78.56,37
dia_20_mais,Página7,20.0,,0,72.54,9367,93.89,0.010000000000005116,0.010000000000005116,9356,9397,70.23,79.64,42
dia_20_mais,Página7,20.0,,0,72.78,9368,93.9,0.010000000000005116,0.010000000000005116,9356,9398,70.23,79.84,43
dia_20_mais,Página7,20.0,,0,72.99,9369,93.89,0.010000000000005116,0.010000000000005116,9356,9399,70.23,80.05,44
dia_20_mais,Página7,20.0,,0,74.49,9376,93.9,0.010000000000005116,0.010000000000005116,9356,9406,70.23,81.53,51
dia_20_mais,Página7,20.0,,0,74.93,9378,93.89,0.010000000000005116,0.010000000000005116,9356,9408,70.23,81.95,53
dia_20_mais,Página7,20.0,,0,77.89,9389,93.9,0.010000000000005116,0.010000000000005116,9359,9419,70.86,84.36,61
dia_20_mais,Página7,20.0,,0,78.35,9391,93.89,0.010000000000005116,0.010000000000005116,9361,9421,71.28,84.79,61
dia_20_mais,Página7,20.0,,0,80.48,9401,93.9,0.010000000000005116,0.010000000000005116,9371,9431,73.4,86.92,61
dia_20_mais,Página7,20.0,,0,80.69,9402,93.89,0.010000000000005116,0.010000000000005116,9372,9432,73.62,87.16,61
dia_20_mais,Página7,20.0,,0,82.47,9410,93.9,0.010000000000005116,0.010000000000005116,9380,9440,75.81,89.48,61
dia_20_mais,Página7,20.0,,0,82.69,9411,93.89,0.010000000000005116,0.010000000000005116,9381,9441,76.22,89.68,61
dia_20_mais,Página7,20.0,,0,83.32,9414,93.9,0.010000000000005116,0.010000000000005116,9384,9444,76.84,90.31,61
dia_20_mais,Página7,20.0,,0,83.95,9417,93.89,0.010000000000005116,0.010000000000005116,9387,9447,77.48,90.97,61
dia_20_mais,Página7,20.0,,0,84.16,9418,93.9,0.010000000000005116,0.010000000000005116,9388,9448,77.69,91.18,61
dia_20_mais,Página7,20.0,,0,84.79,9421,93.89,0.010000000000005116,0.010000000000005116,9391,9451,78.35,91.82,61
dia_20_mais,Página7,20.0,,0,85.22,9423,93.9,0.010000000000005116,0.010000000000005116,9393,9453,78.77,92.23,61
dia_20_mais,Página7,20.0,,0,85.42,9424,93.89,0.010000000000005116,0.010000000000005116,9394,9454,78.97,92.44,61
dia_20_mais,Página7,20.0,,0,86.5,9429,93.9,0.010000000000005116,0.010000000000005116,9399,9459,80.05,93.49,61
dia_20_mais,Página7,20.0,,0,86.71,9430,93.89,0.010000000000005116,0.010000000000005116,9400,9460,80.26,93.7,61
dia_20_mais,Página7,20.0,,0,87.58,9434,93.9,0.010000000000005116,0.010000000000005116,9404,9464,81.11,94.55,61
dia_20_mais,Página7,20.0,,0,87.94,9435,93.89,0.010000000000005116,0.010000000000005116,9405,9465,81.32,94.75,61
dia_20_mais,Página7,20.0,,0,88.46,9436,93.9,0.010000000000005116,0.010000000000005116,9406,9466,81.53,94.99,61
dia_20_mais,Página7,20.0,,0,88.83,9437,93.89,0.010000000000005116,0.010000000000005116,9407,9467,81.74,95.21,61
dia_20_mais,Página7,20.0,,0,89.89,9442,93.9,0.010000000000005116,0.010000000000005116,9412,9472,82.9,96.26,61
dia_20_mais,Página7,20.0,,0,90.1,9443,93.89,0.010000000000005116,0.010000000000005116,9413,9473,83.11,96.47,61
dia_20_mais,Página7,20.0,,0,91.61,9450,93.9,0.010000000000005116,0.010000000000005116,9420,9480,84.57,97.95,61
dia_20_mais,Página7,20.0,,0,91.82,9451,93.89,0.010000000000005116,0.010000000000005116,9421,9481,84.79,98.16,61
dia_20_mais,Página7,20.0,,0,92.44,9454,93.9,0.010000000000005116,0.010000000000005116,9424,9484,85.42,98.83,61
dia_20_mais,Página7,20.0,,0,92.66,9455,93.89,0.010000000000005116,0.010000000000005116,9425,9485,85.63,99.04,61
dia_20_mais,Página7,20.0,,0,93.07,9457,93.9,0.010000000000005116,0.010000000000005116,9427,9487,86.09,99.47,61
dia_20_mais,Página7,20.0,,0,93.28,9458,93.89,0.010000000000005116,0.010000000000005116,9428,9488,86.3,99.67,61
dia_20_mais,Página7,20.0,,0,95.42,9468,93.9,0.010000000000005116,0.010000000000005116,9438,9498,89.04,102.46,61
dia_20_mais,Página7,20.0,,0,95.62,9469,93.89,0.010000000000005116,0.010000000000005116,9439,9499,89.25,102.67,61
dia_20_mais,Página7,20.0,,0,97.74,9479,93.9,0.010000000000005116,0.010000000000005116,9449,9509,91.39,104.81,61
dia_20_mais,Página7,20.0,,0,97.95,9480,93.89,0.010000000000005116,0.010000000000005116,9450,9510,91.61,105.03,61
dia_20_mais,Página7,20.0,,0,98.16,9481,93.9,0.010000000000005116,0.010000000000005116,9451,9511,91.82,105.24,61
dia_20_mais,Página7,20.0,,0,98.61,9483,93.89,0.010000000000005116,0.010000000000005116,9453,9513,92.23,105.66,61
dia_20_mais,Página7,20.0,,0,99.25,9486,93.9,0.010000000000005116,0.010000000000005116,9456,9516,92.87,106.3,61
dia_20_mais,Página7,20.0,,0,99.47,9487,93.89,0.010000000000005116,0.010000000000005116,9457,9517,93.07,106.51,61
dia_20_mais,Página7,20.0,,0,101.38,9493,93.9,0.010000000000005116,0.010000000000005116,9463,9523,94.34,107.81,61
dia_20_mais,Página7,20.0,,0,102.25,9497,93.89,0.010000000000005116,0.010000000000005116,9467,9527,95.21,108.69,61
dia_20_mais,Página7,20.0,,0,102.67,9499,93.9,0.010000000000005116,0.010000000000005116,9469,9529,95.62,109.11,61
dia_20_mais,Página7,20.0,,0,103.55,9503,93.89,0.010000000000005116,0.010000000000005116,9473,9533,96.47,110.09,61
dia_20_mais,Página7,20.0,,0,103.97,9505,93.9,0.010000000000005116,0.010000000000005116,9475,9535,96.88,110.51,61
dia_20_mais,Página7,20.0,,0,106.73,9518,93.89,0.010000000000005116,0.010000000000005116,9488,9548,99.67,113.92,61
dia_20_mais,Página7,20.0,,0,108.02,9524,93.9,0.010000000000005116,0.010000000000005116,9494,9554,101.59,115.2,61
dia_20_mais,Página7,20.0,,0,108.23,9525,93.89,0.010000000000005116,0.010000000000005116,9495,9555,101.83,115.41,61
dia_20_mais,Página7,20.0,,0,110.09,9533,93.9,0.010000000000005116,0.010000000000005116,9503,9563,103.55,117.13,61
dia_20_mais,Página7,20.0,,0,110.3,9534,93.89,0.010000000000005116,0.010000000000005116,9504,9564,103.76,117.38,61
dia_20_mais,Página7,20.0,,0,113.92,9548,93.9,0.010000000000005116,0.010000000000005116,9518,9578,106.73,120.4,61
dia_20_mais,Página7,20.0,,0,114.34,9550,93.89,0.010000000000005116,0.010000000000005116,9520,9580,107.15,120.85,61
dia_20_mais,Página7,20.0,,0,114.55,9551,93.9,0.010000000000005116,0.010000000000005116,9521,9581,107.39,121.06,61
dia_20_mais,Página7,20.0,,0,114.98,9553,93.89,0.010000000000005116,0.010000000000005116,9523,9583,107.81,121.48,61
dia_20_mais,Página7,20.0,,0,116.04,9558,93.9,0.010000000000005116,0.010000000000005116,9528,9588,108.9,122.55,61
dia_20_mais,Página7,20.0,,0,116.28,9559,93.89,0.010000000000005116,0.010000000000005116,9529,9589,109.11,122.75,61
dia_20_mais,Página7,20.0,,0,116.92,9562,93.9,0.010000000000005116,0.010000000000005116,9532,9592,109.88,123.39,61
dia_20_mais,Página7,20.0,,0,117.13,9563,93.89,0.010000000000005116,0.010000000000005116,9533,9593,110.09,123.6,61
dia_20_mais,Página7,20.0,,0,117.8,9566,93.9,0.010000000000005116,0.010000000000005116,9536,9596,110.74,124.24,61
dia_20_mais,Página7,20.0,,0,118.01,9567,93.89,0.010000000000005116,0.010000000000005116,9537,9597,110.95,124.45,61
dia_20_mais,Página7,20.0,,0,119.09,9572,93.9,0.010000000000005116,0.010000000000005116,9542,9602,112.03,126.0,61
dia_20_mais,Página7,20.0,,0,119.31,9573,93.89,0.010000000000005116,0.010000000000005116,9543,9603,112.24,126.37,61
dia_20_mais,Página7,20.0,,0,120.19,9577,93.9,0.010000000000005116,0.010000000000005116,9547,9607,113.54,127.21,61
dia_20_mais,Página7,20.0,,0,120.4,9578,93.89,0.010000000000005116,0.010000000000005116,9548,9608,113.92,127.43,61
dia_20_mais,Página7,20.0,,0,124.03,9595,93.9,0.010000000000005116,0.010000000000005116,9565,9625,117.59,131.06,61
dia_20_mais,Página7,20.0,,0,124.87,9599,93.89,0.010000000000005116,0.010000000000005116,9569,9629,118.47,131.93,61
dia_20_mais,Página7,20.0,,0,127.21,9607,93.9,0.010000000000005116,0.010000000000005116,9577,9637,120.19,133.62,61
dia_20_mais,Página7,20.0,,0,127.43,9608,93.89,0.010000000000005116,0.010000000000005116,9578,9638,120.4,133.83,61
dia_20_mais,Página7,20.0,,0,129.12,9616,93.9,0.010000000000005116,0.010000000000005116,9586,9646,122.12,135.54,61
dia_20_mais,Página7,20.0,,0,129.32,9617,93.89,0.010000000000005116,0.010000000000005116,9587,9647,122.33,135.75,61
dia_20_mais,Página7,20.0,,0,129.77,9619,93.9,0.010000000000005116,0.010000000000005116,9589,9649,122.75,136.17,61
dia_20_mais,Página7,20.0,,0,129.98,9620,93.89,0.010000000000005116,0.010000000000005116,9590,9650,122.97,136.42,61
dia_20_mais,Página7,20.0,,0,134.47,9641,93.88,0.010000000000005116,0.010000000000005116,9611,9671,128.06,141.64,61
dia_20_mais,Página7,20.0,,0,134.89,9643,93.89,0.010000000000005116,0.010000000000005116,9613,9673,128.48,142.07,61
dia_20_mais,Página7,20.0,,0,139.26,9660,93.9,0.010000000000005116,0.010000000000005116,9630,9690,132.14,145.7,61
dia_20_mais,Página7,20.0,,0,139.47,9661,93.89,0.010000000000005116,0.010000000000005116,9631,9691,132.35,145.91,61
dia_20_mais,Página7,20.0,,0,141.01,9668,93.9,0.010000000000005116,0.010000000000005116,9638,9698,133.83,147.44,61
dia_20_mais,Página7,20.0,,0,141.64,9671,93.89,0.010000000000005116,0.010000000000005116,9641,9701,134.47,148.07,61
dia_20_mais,Página7,20.0,,0,141.86,9672,93.9,0.010000000000005116,0.010000000000005116,9642,9702,134.68,148.28,61
dia_20_mais,Página7,20.0,,0,142.07,9673,93.89,0.010000000000005116,0.010000000000005116,9643,9703,134.89,148.49,61
dia_20_mais,Página7,20.0,,0,142.28,9674,93.9,0.010000000000005116,0.010000000000005116,9644,9704,135.1,148.7,61
dia_20_mais,Página7,20.0,,0,142.49,9675,93.89,0.010000000000005116,0.010000000000005116,9645,9705,135.33,148.91,61
dia_20_mais,Página7,20.0,,0,142.91,9677,93.9,0.010000000000005116,0.010000000000005116,9647,9707,135.75,149.33,61
dia_20_mais,Página7,20.0,,0,143.13,9678,93.89,0.010000000000005116,0.010000000000005116,9648,9708,135.96,149.55,61
dia_20_mais,Página7,20.0,,0,143.75,9681,93.9,0.010000000000005116,0.010000000000005116,9651,9711,136.63,150.18,61
dia_20_mais,Página7,20.0,,0,143.97,9682,93.89,0.010000000000005116,0.010000000000005116,9652,9712,136.84,150.54,61
dia_20_mais,Página7,20.0,,0,145.49,9689,93.9,0.010000000000005116,0.010000000000005116,9659,9719,139.06,152.55,61
dia_20_mais,Página7,20.0,,0,145.7,9690,93.89,0.010000000000005116,0.010000000000005116,9660,9720,139.26,152.76,61
dia_20_mais,Página7,20.0,,0,146.79,9695,93.9,0.010000000000005116,0.010000000000005116,9665,9725,140.35,153.84,61
dia_20_mais,Página7,20.0,,0,147.21,9697,93.89,0.010000000000005116,0.010000000000005116,9667,9727,140.81,154.28,61
dia_20_mais,Página7,20.0,,0,150.54,9712,93.9,0.010000000000005116,0.010000000000005116,9682,9742,143.97,157.47,61
dia_20_mais,Página7,20.0,,0,151.1,9713,93.89,0.010000000000005116,0.010000000000005116,9683,9743,144.19,157.68,61
dia_20_mais,Página7,20.0,,0,151.69,9715,93.9,0.010000000000005116,0.010000000000005116,9685,9745,144.61,158.1,61
dia_20_mais,Página7,20.0,,0,151.92,9716,93.89,0.010000000000005116,0.010000000000005116,9686,9746,144.82,158.31,61
dia_20_mais,Página7,20.0,,0,157.68,9743,93.9,0.010000000000005116,0.010000000000005116,9713,9773,151.1,164.71,61
dia_20_mais,Página7,20.0,,0,157.89,9744,93.89,0.010000000000005116,0.010000000000005116,9714,9774,151.48,164.93,61
dia_20_mais,Página7,20.0,,0,161.75,9762,93.9,0.010000000000005116,0.010000000000005116,9732,9792,155.33,168.85,61
dia_20_mais,Página7,20.0,,0,161.96,9763,93.89,0.010000000000005116,0.010000000000005116,9733,9793,155.55,169.05,61
dia_20_mais,Página7,20.0,,0,168.64,9791,93.9,0.010000000000005116,0.010000000000005116,9761,9821,161.53,175.03,61
dia_20_mais,Página7,20.0,,0,168.85,9792,93.89,0.010000000000005116,0.010000000000005116,9762,9822,161.75,175.27,61
dia_20_mais,Página7,20.0,,0,172.06,9807,93.9,0.010000000000005116,0.010000000000005116,9777,9837,165.66,179.1,61
dia_20_mais,Página7,20.0,,0,172.27,9808,93.89,0.010000000000005116,0.010000000000005116,9778,9838,165.87,179.31,61
dia_20_mais,Página7,20.0,,0,174.4,9818,93.9,0.010000000000005116,0.010000000000005116,9788,9848,168.0,181.47,61
dia_20_mais,Página7,20.0,,0,174.61,9819,93.89,0.010000000000005116,0.010000000000005116,9789,9849,168.21,181.68,61
dia_20_mais,Página7,20.0,,0,177.0,9827,93.88,0.010000000000005116,0.010000000000005116,9797,9857,169.91,183.39,61
dia_20_mais,Página7,20.0,,0,177.2,9828,93.89,0.010000000000005116,0.010000000000005116,9798,9858,170.11,183.6,61
dia_20_mais,Página7,20.0,,0,177.42,9829,93.88,0.010000000000005116,0.010000000000005116,9799,9859,170.32,183.81,61
dia_20_mais,Página7,20.0,,0,177.63,9830,93.89,0.010000000000005116,0.010000000000005116,9800,9860,170.53,184.01,61
dia_20_mais,Página7,20.0,,0,182.53,9853,93.88,0.010000000000005116,0.010000000000005116,9823,9883,175.64,189.55,61
dia_20_mais,Página7,20.0,,0,182.74,9854,93.89,0.010000000000005116,0.010000000000005116,9824,9884,176.16,189.78,61
dia_20_mais,Página7,20.0,,0,183.18,9856,93.88,0.010000000000005116,0.010000000000005116,9826,9886,176.79,190.2,61
dia_20_mais,Página7,20.0,,0,183.39,9857,93.89,0.010000000000005116,0.010000000000005116,9827,9887,177.0,190.41,61
dia_20_mais,Página7,20.0,,0,183.81,9859,93.9,0.010000000000005116,0.010000000000005116,9829,9889,177.42,190.87,61
dia_20_mais,Página7,20.0,,0,184.01,9860,93.89,0.010000000000005116,0.010000000000005116,9830,9890,177.63,191.08,61
dia_20_mais,Página7,20.0,,0,184.67,9863,93.88,0.010000000000005116,0.010000000000005116,9833,9893,178.26,191.71,61
dia_20_mais,Página7,20.0,,0,184.88,9864,93.89,0.010000000000005116,0.010000000000005116,9834,9894,178.47,191.95,61
dia_20_mais,Página7,20.0,,0,186.17,9870,93.88,0.010000000000005116,0.010000000000005116,9840,9900,179.76,193.31,61
dia_20_mais,Página7,20.0,,0,186.4,9871,93.89,0.010000000000005116,0.010000000000005116,9841,9901,179.97,193.52,61
dia_20_mais,Página7,20.0,,0,188.55,9879,93.88,0.010000000000005116,0.010000000000005116,9849,9909,181.68,195.24,61
dia_20_mais,Página7,20.0,,0,188.92,9880,93.89,0.010000000000005116,0.010000000000005116,9850,9910,181.91,195.45,61
dia_20_mais,Página7,20.0,,0,189.55,9883,93.9,0.010000000000005116,0.010000000000005116,9853,9913,182.53,196.08,61
dia_20_mais,Página7,20.0,,0,189.78,9884,93.89,0.010000000000005116,0.010000000000005116,9854,9914,182.74,196.3,61
dia_20_mais,Página7,20.0,,0,190.62,9888,93.9,0.010000000000005116,0.010000000000005116,9858,9918,183.6,197.29,61
dia_20_mais,Página7,20.0,,0,190.87,9889,93.89,0.010000000000005116,0.010000000000005116,9859,9919,183.81,197.52,61
dia_20_mais,Página7,20.0,,0,191.29,9891,93.88,0.010000000000005116,0.010000000000005116,9861,9921,184.26,197.94,61
dia_20_mais,Página7,20.0,,0,191.5,9892,93.89,0.010000000000005116,0.010000000000005116,9862,9922,184.46,198.15,61
dia_20_mais,Página7,20.0,,0,196.66,9915,93.88,0.010000000000005116,0.010000000000005116,9885,9945,189.99,203.7,61
dia_20_mais,Página7,20.0,,0,196.87,9916,93.89,0.010000000000005116,0.010000000000005116,9886,9946,190.2,203.91,61
dia_20_mais,Página7,20.0,,0,197.73,9920,93.88,0.010000000000005116,0.010000000000005116,9890,9950,191.08,204.77,61
dia_20_mais,Página7,20.0,,0,197.94,9921,93.89,0.010000000000005116,0.010000000000005116,9891,9951,191.29,204.98,61
dia_20_mais,Página7,20.0,,0,199.42,9928,93.88,0.010000000000005116,0.010000000000005116,9898,9958,192.78,206.46,61
dia_20_mais,Página7,20.0,,0,199.64,9929,93.89,0.010000000000005116,0.010000000000005116,9899,9959,193.0,206.69,61
dia_20_mais,Página7,20.0,,0,202.83,9941,93.88,0.010000000000005116,0.010000000000005116,9911,9971,195.66,209.28,61
dia_20_mais,Página7,20.0,,0,203.04,9942,93.89,0.010000000000005116,0.010000000000005116,9912,9972,195.87,209.49,61
dia_20_mais,Página7,20.0,,0,207.11,9961,93.9,0.010000000000005116,0.010000000000005116,9931,9991,200.06,214.13,61
dia_20_mais,Página7,20.0,,0,207.32,9962,93.89,0.010000000000005116,0.010000000000005116,9932,9992,200.27,214.39,61
dia_20_mais,Página7,20.0,,0,208.86,9969,93.88,0.010000000000005116,0.010000000000005116,9939,9999,202.41,215.89,61
dia_20_mais,Página7,20.0,,0,209.07,9970,93.89,0.010000000000005116,0.010000000000005116,9940,10000,202.62,216.1,61
dia_20_mais,Página7,20.0,,0,211.19,9980,93.88,0.010000000000005116,0.010000000000005116,9950,10010,204.77,218.21,61
dia_20_mais,Página7,20.0,,0,211.4,9981,93.89,0.010000000000005116,0.010000000000005116,9951,10011,204.98,218.42,61
dia_20_mais,Página7,20.0,,0,214.13,9991,93.88,0.010000000000005116,0.010000000000005116,9961,10021,207.11,220.67,61
dia_20_mais,Página7,20.0,,0,214.39,9992,93.89,0.010000000000005116,0.010000000000005116,9962,10022,207.32,220.89,61
dia_20_mais,Página7,20.0,,0,214.81,9994,93.88,0.010000000000005116,0.010000000000005116,9964,10024,207.78,221.31,61
dia_20_mais,Página7,20.0,,0,215.01,9995,93.89,0.010000000000005116,0.010000000000005116,9965,10025,207.99,221.52,61
dia_20_mais,Página7,20.0,,0,216.52,10002,93.88,0.010000000000005116,0.010000000000005116,9972,10032,209.49,223.01,61
dia_20_mais,Página7,20.0,,0,216.74,10003,93.89,0.010000000000005116,0.010000000000005116,9973,10033,209.7,223.26,61
dia_20_mais,Página7,20.0,,0,218.0,10009,93.88,0.010000000000005116,0.010000000000005116,9979,10039,210.98,224.57,61
dia_20_mais,Página7,20.0,,0,218.21,10010,93.89,0.010000000000005116,0.010000000000005116,9980,10040,211.19,224.78,61
dia_20_mais,Página7,20.0,,0,218.86,10013,93.88,0.010000000000005116,0.010000000000005116,9983,10043,211.82,225.44,61
dia_20_mais,Página7,20.0,,0,219.07,10014,93.89,0.010000000000005116,0.010000000000005116,9984,10044,212.04,225.81,61
dia_20_mais,Página7,20.0,,0,219.28,10015,93.88,0.010000000000005116,0.010000000000005116,9985,10045,212.24,226.33,61
dia_20_mais,Página7,20.0,,0,219.94,10018,93.89,0.010000000000005116,0.010000000000005116,9988,10048,212.87,227.15,61
dia_20_mais,Página7,20.0,,0,220.15,10019,93.88,0.010000000000005116,0.010000000000005116,9989,10049,213.24,227.36,61
dia_20_mais,Página7,20.0,,0,220.36,10020,93.89,0.010000000000005116,0.010000000000005116,9990,10050,213.76,227.58,61
dia_20_mais,Página7,20.0,,0,220.67,10021,93.88,0.010000000000005116,0.010000000000005116,9991,10051,214.13,227.79,61
dia_20_mais,Página7,20.0,,0,221.52,10025,93.89,0.010000000000005116,0.010000000000005116,9995,10055,215.01,228.64,61
dia_20_mais,Página7,20.0,,0,221.72,10026,93.88,0.010000000000005116,0.010000000000005116,9996,10056,215.23,228.85,61
dia_20_mais,Página7,20.0,,0,222.17,10028,93.89,0.010000000000005116,0.010000000000005116,9998,10058,215.68,229.27,61
dia_20_mais,Página7,20.0,,0,222.38,10029,93.88,0.010000000000005116,0.010000000000005116,9999,10059,215.89,229.48,61
dia_20_mais,Página7,20.0,,0,222.6,10030,93.89,0.010000000000005116,0.010000000000005116,10000,10060,216.1,229.69,61
dia_20_mais,Página7,20.0,,0,223.26,10033,93.88,0.010000000000005116,0.010000000000005116,10003,10063,216.74,230.34,61
dia_20_mais,Página7,20.0,,0,223.47,10034,93.89,0.010000000000005116,0.010000000000005116,10004,10064,216.94,230.54,61
dia_20_mais,Página7,20.0,,0,224.11,10037,93.88,0.010000000000005116,0.010000000000005116,10007,10067,217.58,231.21,61
dia_20_mais,Página7,20.0,,0,224.36,10038,93.89,0.010000000000005116,0.010000000000005116,10008,10068,217.79,231.42,61
dia_20_mais,Página7,20.0,,0,224.99,10041,93.88,0.010000000000005116,0.010000000000005116,10011,10071,218.42,232.07,61
dia_20_mais,Página7,20.0,,0,225.19,10042,93.89,0.010000000000005116,0.010000000000005116,10012,10072,218.63,232.28,61
dia_20_mais,Página7,20.0,,0,228.42,10054,93.88,0.010000000000005116,0.010000000000005116,10024,10084,221.31,234.83,61
dia_20_mais,Página7,20.0,,0,228.64,10055,93.89,0.010000000000005116,0.010000000000005116,10025,10085,221.52,235.04,61
dia_20_mais,Página7,20.0,,0,230.54,10064,93.88,0.010000000000005116,0.010000000000005116,10034,10094,223.47,237.0,61
dia_20_mais,Página7,20.0,,0,230.76,10065,93.89,0.010000000000005116,0.010000000000005116,10035,10095,223.68,237.21,61
dia_20_mais,Página7,20.0,,0,231.42,10068,93.88,0.010000000000005116,0.010000000000005116,10038,10098,224.36,237.88,61
dia_20_mais,Página7,20.0,,0,231.63,10069,93.89,0.010000000000005116,0.010000000000005116,10039,10099,224.57,238.09,61
dia_20_mais,Página7,20.0,,0,232.7,10074,93.88,0.010000000000005116,0.010000000000005116,10044,10104,225.81,239.78,61
dia_20_mais,Página7,20.0,,0,232.91,10075,93.89,0.010000000000005116,0.010000000000005116,10045,10105,226.33,239.99,61
dia_20_mais,Página7,20.0,,0,235.7,10088,93.88,0.010000000000005116,0.010000000000005116,10058,10118,229.27,242.77,61
dia_20_mais,Página7,20.0,,0,235.91,10089,93.89,0.010000000000005116,0.010000000000005116,10059,10119,229.48,242.98,61
dia_20_mais,Página7,20.0,,0,236.33,10091,93.88,0.010000000000005116,0.010000000000005116,10061,10121,229.92,243.43,61
dia_20_mais,Página7,20.0,,0,236.57,10092,93.89,0.010000000000005116,0.010000000000005116,10062,10122,230.13,243.64,61
dia_20_mais,Página7,20.0,,0,237.42,10096,93.88,0.010000000000005116,0.010000000000005116,10066,10126,231.0,244.51,61
dia_20_mais,Página7,20.0,,0,237.67,10097,93.89,0.010000000000005116,0.010000000000005116,10067,10127,231.21,244.72,61
dia_20_mais,Página7,20.0,,0,238.98,10101,93.88,0.010000000000005116,0.010000000000005116,10071,10131,232.07,245.57,61
dia_20_mais,Página7,20.0,,0,239.35,10102,93.89,0.010000000000005116,0.010000000000005116,10072,10132,232.28,245.78,61
dia_20_mais,Página7,20.0,,0,240.62,10108,93.88,0.010000000000005116,0.010000000000005116,10078,10138,233.54,247.05,61
dia_20_mais,Página7,20.0,,0,240.83,10109,93.89,0.010000000000005116,0.010000000000005116,10079,10139,233.76,247.26,61
dia_20_mais,Página7,20.0,,0,241.69,10113,93.88,0.010000000000005116,0.010000000000005116,10083,10143,234.62,248.12,61
dia_20_mais,Página7,20.0,,0,242.14,10115,93.89,0.010000000000005116,0.010000000000005116,10085,10145,235.04,248.65,61
dia_20_mais,Página7,20.0,,0,242.77,10118,93.88,0.010000000000005116,0.010000000000005116,10088,10148,235.7,249.28,61
dia_20_mais,Página7,20.0,,0,243.43,10121,93.89,0.010000000000005116,0.010000000000005116,10091,10151,236.33,249.92,61
dia_20_mais,Página7,20.0,,0,243.64,10122,93.88,0.010000000000005116,0.010000000000005116,10092,10152,236.57,250.13,61
dia_20_mais,Página7,20.0,,0,243.85,10123,93.89,0.010000000000005116,0.010000000000005116,10093,10153,236.79,250.34,61
dia_20_mais,Página7,20.0,,0,244.72,10127,93.88,0.010000000000005116,0.010000000000005116,10097,10157,237.67,251.8,61
dia_20_mais,Página7,20.0,,0,245.14,10129,93.89,0.010000000000005116,0.010000000000005116,10099,10159,238.09,252.25,61
dia_20_mais,Página7,20.0,,0,245.36,10130,93.88,0.010000000000005116,0.010000000000005116,10100,10160,238.46,252.46,61
dia_20_mais,Página7,20.0,,0,245.99,10133,93.89,0.010000000000005116,0.010000000000005116,10103,10163,239.56,253.1,61
dia_20_mais,Página7,20.0,,0,248.43,10144,93.88,0.010000000000005116,0.010000000000005116,10114,10174,241.9,255.42,61
dia_20_mais,Página7,20.0,,0,248.65,10145,93.89,0.010000000000005116,0.010000000000005116,10115,10175,242.14,255.63,61
dia_20_mais,Página7,20.0,,0,252.25,10159,93.88,0.010000000000005116,0.010000000000005116,10129,10189,245.14,258.63,61
dia_20_mais,Página7,20.0,,0,252.46,10160,93.89,0.010000000000005116,0.010000000000005116,10130,10190,245.36,258.84,61
dia_20_mais,Página7,20.0,,0,252.67,10161,93.88,0.010000000000005116,0.010000000000005116,10131,10191,245.57,259.05,61
dia_20_mais,Página7,20.0,,0,252.88,10162,93.89,0.010000000000005116,0.010000000000005116,10132,10192,245.78,259.26,61
dia_20_mais,Página7,20.0,,0,253.1,10163,93.88,0.010000000000005116,0.010000000000005116,10133,10193,245.99,259.47,61
dia_20_mais,Página7,20.0,,0,253.73,10166,93.89,0.010000000000005116,0.010000000000005116,10136,10196,246.63,260.12,61
dia_20_mais,Página7,20.0,,0,254.78,10171,93.88,0.010000000000005116,0.010000000000005116,10141,10201,247.7,261.18,61
dia_20_mais,Página7,20.0,,0,254.99,10172,93.89,0.010000000000005116,0.010000000000005116,10142,10202,247.91,261.39,61
dia_20_mais,Página7,20.0,,0,255.42,10174,93.88,0.010000000000005116,0.010000000000005116,10144,10204,248.43,261.81,61
dia_20_mais,Página7,20.0,,0,255.63,10175,93.89,0.010000000000005116,0.010000000000005116,10145,10205,248.65,262.02,61
dia_20_mais,Página7,20.0,,0,256.52,10179,93.88,0.010000000000005116,0.010000000000005116,10149,10209,249.49,262.87,61
dia_20_mais,Página7,20.0,,0,257.36,10183,93.89,0.010000000000005116,0.010000000000005116,10153,10213,250.34,264.35,61
dia_20_mais,Página7,20.0,,0,257.99,10186,93.88,0.010000000000005116,0.010000000000005116,10156,10216,251.43,264.98,61
dia_20_mais,Página7,20.0,,0,258.63,10189,93.89,0.010000000000005116,0.010000000000005116,10159,10219,252.25,265.62,61
dia_20_mais,Página7,20.0,,0,258.84,10190,93.88,0.010000000000005116,0.010000000000005116,10160,10220,252.46,265.83,61
dia_20_mais,Página7,20.0,,0,259.05,10191,93.89,0.010000000000005116,0.010000000000005116,10161,10221,252.67,266.04,61
dia_20_mais,Página7,20.0,,0,260.33,10197,93.88,0.010000000000005116,0.010000000000005116,10167,10227,253.94,267.32,61
dia_20_mais,Página7,20.0,,0,260.54,10198,93.89,0.010000000000005116,0.010000000000005116,10168,10228,254.15,267.53,61
dia_20_mais,Página7,20.0,,0,261.18,10201,93.88,0.010000000000005116,0.010000000000005116,10171,10231,254.78,268.19,61
dia_20_mais,Página7,20.0,,0,261.81,10204,93.89,0.010000000000005116,0.010000000000005116,10174,10234,255.42,268.86,61
dia_20_mais,Página7,20.0,,0,262.02,10205,93.88,0.010000000000005116,0.010000000000005116,10175,10235,255.63,269.07,61
dia_20_mais,Página7,20.0,,0,262.24,10206,93.89,0.010000000000005116,0.010000000000005116,10176,10236,255.84,269.28,61
dia_20_mais,Página7,20.0,,0,262.66,10208,93.88,0.010000000000005116,0.010000000000005116,10178,10238,256.26,269.7,61
dia_20_mais,Página7,20.0,,0,264.98,10216,93.89,0.010000000000005116,0.010000000000005116,10186,10246,257.99,271.42,61
dia_20_mais,Página7,20.0,,0,265.41,10218,93.88,0.010000000000005116,0.010000000000005116,10188,10248,258.41,271.84,61
dia_20_mais,Página7,20.0,,0,265.62,10219,93.89,0.010000000000005116,0.010000000000005116,10189,10249,258.63,272.06,61
dia_20_mais,Página7,20.0,,0,266.04,10221,93.88,0.010000000000005116,0.010000000000005116,10191,10251,259.05,272.48,61
dia_20_mais,Página7,20.0,,0,266.25,10222,93.89,0.010000000000005116,0.010000000000005116,10192,10252,259.26,272.69,61
dia_20_mais,Página7,20.0,,0,267.32,10227,93.88,0.010000000000005116,0.010000000000005116,10197,10257,260.33,273.75,61
dia_20_mais,Página7,20.0,,0,267.53,10228,93.89,0.010000000000005116,0.010000000000005116,10198,10258,260.54,273.96,61
dia_20_mais,Página7,20.0,,0,268.19,10231,93.88,0.010000000000005116,0.010000000000005116,10201,10261,261.18,274.63,61
dia_20_mais,Página7,20.0,,0,268.4,10232,93.89,0.010000000000005116,0.010000000000005116,10202,10262,261.39,274.83,61
dia_20_mais,Página7,20.0,,0,268.61,10233,93.88,0.010000000000005116,0.010000000000005116,10203,10263,261.6,275.04,61
dia_20_mais,Página7,20.0,,0,268.86,10234,93.89,0.010000000000005116,0.010000000000005116,10204,10264,261.81,275.25,61
dia_20_mais,Página7,20.0,,0,269.7,10238,93.88,0.010000000000005116,0.010000000000005116,10208,10268,262.66,276.89,61
dia_20_mais,Página7,20.0,,0,269.94,10239,93.89,0.010000000000005116,0.010000000000005116,10209,10269,262.87,277.1,61
dia_20_mais,Página7,20.0,,0,271.42,10246,93.88,0.010000000000005116,0.010000000000005116,10216,10276,264.98,278.6,61
dia_20_mais,Página7,20.0,,0,271.63,10247,93.89,0.010000000000005116,0.010000000000005116,10217,10277,265.19,278.85,61
dia_20_mais,Página7,20.0,,0,272.06,10249,93.88,0.010000000000005116,0.010000000000005116,10219,10279,265.62,279.26,61
dia_20_mais,Página7,20.0,,0,272.27,10250,93.89,0.010000000000005116,0.010000000000005116,10220,10280,265.83,279.47,61
dia_20_mais,Página7,20.0,,0,277.97,10273,93.88,0.010000000000005116,0.010000000000005116,10243,10303,270.78,284.43,61
dia_20_mais,Página7,20.0,,0,278.18,10274,93.89,0.010000000000005116,0.010000000000005116,10244,10304,271.0,284.64,61
dia_20_mais,Página7,20.0,,0,278.39,10275,93.88,0.010000000000005116,0.010000000000005116,10245,10305,271.21,284.84,61
dia_20_mais,Página7,20.0,,0,278.6,10276,93.89,0.010000000000005116,0.010000000000005116,10246,10306,271.42,285.05,61
dia_20_mais,Página7,20.0,,0,279.26,10279,93.88,0.010000000000005116,0.010000000000005116,10249,10309,272.06,285.72,61
dia_20_mais,Página7,20.0,,0,279.47,10280,93.89,0.010000000000005116,0.010000000000005116,10250,10310,272.27,285.93,61
dia_20_mais,Página7,20.0,,0,280.35,10284,93.88,0.010000000000005116,0.010000000000005116,10254,10314,273.11,286.8,61
dia_20_mais,Página7,20.0,,0,280.56,10285,93.89,0.010000000000005116,0.010000000000005116,10255,10315,273.33,287.01,61
dia_20_mais,Página7,20.0,,0,281.03,10287,93.88,0.010000000000005116,0.010000000000005116,10257,10317,273.75,287.42,61
dia_20_mais,Página7,20.0,,0,281.45,10289,93.89,0.010000000000005116,0.010000000000005116,10259,10319,274.18,287.85,61
dia_20_mais,Página7,20.0,,0,282.3,10293,93.88,0.010000000000005116,0.010000000000005116,10263,10323,275.04,289.31,61
dia_20_mais,Página7,20.0,,0,282.71,10295,93.89,0.010000000000005116,0.010000000000005116,10265,10325,275.51,289.73,61
dia_20_mais,Página7,20.0,,0,282.92,10296,93.88,0.010000000000005116,0.010000000000005116,10266,10326,275.87,289.96,61
dia_20_mais,Página7,20.0,,0,283.35,10298,93.89,0.010000000000005116,0.010000000000005116,10268,10328,276.89,290.38,61
dia_20_mais,Página7,20.0,,0,283.56,10299,93.88,0.010000000000005116,0.010000000000005116,10269,10329,277.1,290.59,61
dia_20_mais,Página7,20.0,,0,283.77,10300,93.89,0.010000000000005116,0.010000000000005116,10270,10330,277.31,290.8,61
dia_20_mais,Página7,20.0,,0,283.98,10301,93.88,0.010000000000005116,0.010000000000005116,10271,10331,277.52,291.05,61
dia_20_mais,Página7,20.0,,0,284.18,10302,93.89,0.010000000000005116,0.010000000000005116,10272,10332,277.76,291.26,61
dia_20_mais,Página7,20.0,,0,284.84,10305,93.88,0.010000000000005116,0.010000000000005116,10275,10335,278.39,291.88,61
dia_20_mais,Página7,20.0,,0,285.51,10308,93.89,0.010000000000005116,0.010000000000005116,10278,10338,279.05,292.54,61
dia_20_mais,Página7,20.0,,0,286.59,10313,93.88,0.010000000000005116,0.010000000000005116,10283,10343,280.14,293.59,61
dia_20_mais,Página7,20.0,,0,286.8,10314,93.89,0.010000000000005116,0.010000000000005116,10284,10344,280.35,293.8,61
dia_20_mais,Página7,20.0,,0,287.64,10318,93.88,0.010000000000005116,0.010000000000005116,10288,10348,281.24,294.66,61
dia_20_mais,Página7,20.0,,0,288.05,10320,93.89,0.010000000000005116,0.010000000000005116,10290,10350,281.66,295.08,61
dia_20_mais,Página7,20.0,,0,289.31,10323,93.88,0.010000000000005116,0.010000000000005116,10293,10353,282.3,295.74,61
dia_20_mais,Página7,20.0,,0,289.96,10326,93.89,0.010000000000005116,0.010000000000005116,10296,10356,282.92,296.37,61
dia_20_mais,Página7,20.0,,0,290.59,10329,93.88,0.010000000000005116,0.010000000000005116,10299,10359,283.56,297.04,61
dia_20_mais,Página7,20.0,,0,290.8,10330,93.89,0.010000000000005116,0.010000000000005116,10300,10360,283.77,297.24,61
dia_20_mais,Página7,20.0,,0,292.13,10336,93.88,0.010000000000005116,0.010000000000005116,10306,10366,285.05,298.53,61
dia_20_mais,Página7,20.0,,0,292.33,10337,93.89,0.010000000000005116,0.010000000000005116,10307,10367,285.27,298.75,61
dia_20_mais,Página7,20.0,,0,293.8,10344,93.88,0.010000000000005116,0.010000000000005116,10314,10374,286.8,300.23,61
dia_20_mais,Página7,20.0,,0,294.01,10345,93.89,0.010000000000005116,0.010000000000005116,10315,10375,287.01,300.44,61
dia_20_mais,Página7,20.0,,0,294.22,10346,93.88,0.010000000000005116,0.010000000000005116,10316,10376,287.21,300.8,61
dia_20_mais,Página7,20.0,,0,294.66,10348,93.89,0.010000000000005116,0.010000000000005116,10318,10378,287.64,301.74,61
dia_20_mais,Página7,20.0,,0,294.87,10349,93.88,0.010000000000005116,0.010000000000005116,10319,10379,287.85,301.95,61
dia_20_mais,Página7,20.0,,0,295.74,10353,93.89,0.010000000000005116,0.010000000000005116,10323,10383,289.31,302.81,61
dia_20_mais,Página7,20.0,,0,297.04,10359,93.88,0.010000000000005116,0.010000000000005116,10329,10389,290.59,304.22,61
dia_20_mais,Página7,20.0,,0,297.24,10360,93.89,0.010000000000005116,0.010000000000005116,10330,10390,290.8,304.43,61
dia_20_mais,Página7,20.0,,0,297.45,10361,93.88,0.010000000000005116,0.010000000000005116,10331,10391,291.05,304.64,61
dia_20_mais,Página7,20.0,,0,297.69,10362,93.89,0.010000000000005116,0.010000000000005116,10332,10392,291.26,304.85,61
dia_20_mais,Página7,20.0,,0,297.91,10363,93.88,0.010000000000005116,0.010000000000005116,10333,10393,291.46,305.06,61
dia_20_mais,Página7,20.0,,0,298.32,10365,93.89,0.010000000000005116,0.010000000000005116,10335,10395,291.88,305.51,61
dia_20_mais,Página7,20.0,,0,298.96,10368,93.88,0.010000000000005116,0.010000000000005116,10338,10398,292.54,306.14,61
dia_20_mais,Página7,20.0,,0,299.81,10372,93.89,0.010000000000005116,0.010000000000005116,10342,10402,293.39,307.01,61
dia_20_mais,Página7,20.0,,0,300.23,10374,93.88,0.010000000000005116,0.010000000000005116,10344,10404,293.8,307.44,61
dia_20_mais,Página7,20.0,,0,300.8,10376,93.89,0.010000000000005116,0.010000000000005116,10346,10406,294.22,307.88,61
dia_20_mais,Página7,20.0,,0,301.37,10377,93.88,0.010000000000005116,0.010000000000005116,10347,10407,294.45,308.09,61
dia_20_mais,Página7,20.0,,0,301.74,10378,93.89,0.010000000000005116,0.010000000000005116,10348,10408,294.66,308.3,61
dia_20_mais,Página7,20.0,,0,301.95,10379,93.88,0.010000000000005116,0.010000000000005116,10349,10409,294.87,308.51,61
dia_20_mais,Página7,20.0,,0,302.19,10380,93.89,0.010000000000005116,0.010000000000005116,10350,10410,295.08,308.72,61
dia_20_mais,Página7,20.0,,0,302.39,10381,93.88,0.010000000000005116,0.010000000000005116,10351,10411,295.3,308.93,61
dia_20_mais,Página7,20.0,,0,302.6,10382,93.89,0.010000000000005116,0.010000000000005116,10352,10412,295.53,309.14,61
dia_20_mais,Página7,20.0,,0,302.81,10383,93.88,0.010000000000005116,0.010000000000005116,10353,10413,295.74,309.35,61
dia_20_mais,Página7,20.0,,0,303.02,10384,93.89,0.010000000000005116,0.010000000000005116,10354,10414,295.95,309.56,61
dia_20_mais,Página7,20.0,,0,303.69,10387,93.88,0.010000000000005116,0.010000000000005116,10357,10417,296.62,310.19,61
dia_20_mais,Página7,20.0,,0,304.22,10389,93.89,0.010000000000005116,0.010000000000005116,10359,10419,297.04,310.61,61
dia_20_mais,Página7,20.0,,0,304.43,10390,93.88,0.010000000000005116,0.010000000000005116,10360,10420,297.24,310.82,61
dia_20_mais,Página7,20.0,,0,306.35,10399,93.89,0.010000000000005116,0.010000000000005116,10369,10429,299.18,312.77,61
dia_20_mais,Página7,20.0,,0,306.6,10400,93.88,0.010000000000005116,0.010000000000005116,10370,10430,299.39,312.98,61
dia_20_mais,Página7,20.0,,0,307.44,10404,93.89,0.010000000000005116,0.010000000000005116,10374,10434,300.23,314.49,61
dia_20_mais,Página7,20.0,,0,307.67,10405,93.88,0.010000000000005116,0.010000000000005116,10375,10435,300.44,314.7,61
dia_20_mais,Página7,20.0,,0,309.77,10415,93.89,0.010000000000005116,0.010000000000005116,10385,10445,303.28,316.82,61
dia_20_mais,Página7,20.0,,0,309.98,10416,93.88,0.010000000000005116,0.010000000000005116,10386,10446,303.48,317.03,61
dia_20_mais,Página7,20.0,,0,310.19,10417,93.89,0.010000000000005116,0.010000000000005116,10387,10447,303.69,317.24,61
dia_20_mais,Página7,20.0,,0,310.4,10418,93.88,0.010000000000005116,0.010000000000005116,10388,10448,304.0,317.45,61
dia_20_mais,Página7,20.0,,0,310.61,10419,93.89,0.010000000000005116,0.010000000000005116,10389,10449,304.22,317.69,61
dia_20_mais,Página7,20.0,,0,310.82,10420,93.88,0.010000000000005116,0.010000000000005116,10390,10450,304.43,317.9,61
dia_20_mais,Página7,20.0,,0,311.05,10421,93.89,0.010000000000005116,0.010000000000005116,10391,10451,304.64,318.11,61
dia_20_mais,Página7,20.0,,0,311.26,10422,93.88,0.010000000000005116,0.010000000000005116,10392,10452,304.85,318.32,61
dia_20_mais,Página7,20.0,,0,311.47,10423,93.89,0.010000000000005116,0.010000000000005116,10393,10453,305.06,318.53,61
dia_20_mais,Página7,20.0,,0,311.68,10424,93.88,0.010000000000005116,0.010000000000005116,10394,10454,305.27,318.78,61
dia_20_mais,Página7,20.0,,0,312.77,10429,93.89,0.010000000000005116,0.010000000000005116,10399,10459,306.35,319.86,61
dia_20_mais,Página7,20.0,,0,312.98,10430,93.88,0.010000000000005116,0.010000000000005116,10400,10460,306.6,320.06,61
dia_20_mais,Página7,20.0,,0,313.57,10432,93.89,0.010000000000005116,0.010000000000005116,10402,10462,307.01,320.48,61
dia_20_mais,Página7,20.0,,0,314.09,10433,93.88,0.010000000000005116,0.010000000000005116,10403,10463,307.22,320.69,61
dia_20_mais,Página7,20.0,,0,315.33,10438,93.89,0.010000000000005116,0.010000000000005116,10408,10468,308.3,321.74,61
dia_20_mais,Página7,20.0,,0,315.75,10440,93.88,0.010000000000005116,0.010000000000005116,10410,10470,308.72,322.18,61
dia_20_mais,Página7,20.0,,0,316.38,10443,93.89,0.010000000000005116,0.010000000000005116,10413,10473,309.35,322.8,61
dia_20_mais,Página7,20.0,,0,316.61,10444,93.88,0.010000000000005116,0.010000000000005116,10414,10474,309.56,323.01,61
dia_20_mais,Página7,20.0,,0,317.45,10448,93.89,0.010000000000005116,0.010000000000005116,10418,10478,310.4,323.89,61
dia_20_mais,Página7,20.0,,0,317.69,10449,93.88,0.010000000000005116,0.010000000000005116,10419,10479,310.61,324.1,61
dia_20_mais,Página7,20.0,,0,317.9,10450,93.89,0.010000000000005116,0.010000000000005116,10420,10480,310.82,324.32,61
dia_20_mais,Página7,20.0,,0,318.11,10451,93.88,0.010000000000005116,0.010000000000005116,10421,10481,311.05,324.52,61
dia_20_mais,Página7,20.0,,0,318.78,10454,93.89,0.010000000000005116,0.010000000000005116,10424,10484,311.68,325.15,61
dia_20_mais,Página7,20.0,,0,319.2,10456,93.88,0.010000000000005116,0.010000000000005116,10426,10486,312.14,325.58,61
dia_20_mais,Página7,20.0,,0,319.61,10458,93.89,0.010000000000005116,0.010000000000005116,10428,10488,312.56,326.47,61
dia_20_mais,Página7,20.0,,0,319.86,10459,93.88,0.010000000000005116,0.010000000000005116,10429,10489,312.77,326.86,61
dia_20_mais,Página7,20.0,,0,320.69,10463,93.89,0.010000000000005116,0.010000000000005116,10433,10493,314.09,327.73,61
dia_20_mais,Página7,20.0,,0,320.9,10464,93.88,0.010000000000005116,0.010000000000005116,10434,10494,314.49,327.94,61
dia_20_mais,Página7,20.0,,0,321.11,10465,93.89,0.010000000000005116,0.010000000000005116,10435,10495,314.7,328.15,61
dia_20_mais,Página7,20.0,,0,321.74,10468,93.88,0.010000000000005116,0.010000000000005116,10438,10498,315.33,328.78,61
dia_20_mais,Página7,20.0,,0,322.59,10472,93.89,0.010000000000005116,0.010000000000005116,10442,10502,316.17,329.62,61
dia_20_mais,Página7,20.0,,0,322.8,10473,93.88,0.010000000000005116,0.010000000000005116,10443,10503,316.38,329.84,61
dia_20_mais,Página7,20.0,,0,323.01,10474,93.89,0.010000000000005116,0.010000000000005116,10444,10504,316.61,330.04,61
dia_20_mais,Página7,20.0,,0,323.26,10475,93.88,0.010000000000005116,0.010000000000005116,10445,10505,316.82,330.25,61
dia_20_mais,Página7,20.0,,0,323.47,10476,93.89,0.010000000000005116,0.010000000000005116,10446,10506,317.03,330.46,61
dia_20_mais,Página7,20.0,,0,324.32,10480,93.88,0.010000000000005116,0.010000000000005116,10450,10510,317.9,331.33,61
dia_20_mais,Página7,20.0,,0,324.52,10481,93.89,0.010000000000005116,0.010000000000005116,10451,10511,318.11,331.64,61
dia_20_mais,Página7,20.0,,0,325.15,10484,93.88,0.010000000000005116,0.010000000000005116,10454,10514,318.78,332.3,61
dia_20_mais,Página7,20.0,,0,325.36,10485,93.89,0.010000000000005116,0.010000000000005116,10455,10515,318.99,332.51,61
dia_20_mais,Página7,20.0,,0,325.95,10487,93.88,0.010000000000005116,0.010000000000005116,10457,10517,319.4,332.93,61
dia_20_mais,Página7,20.0,,0,326.47,10488,93.89,0.010000000000005116,0.010000000000005116,10458,10518,319.61,333.14,61
dia_20_mais,Página7,20.0,,0,326.86,10489,93.88,0.010000000000005116,0.010000000000005116,10459,10519,319.86,333.36,61
dia_20_mais,Página7,20.0,,0,327.27,10491,93.89,0.010000000000005116,0.010000000000005116,10461,10521,320.27,333.78,61
dia_20_mais,Página7,20.0,,0,327.48,10492,93.88,0.010000000000005116,0.010000000000005116,10462,10522,320.48,333.99,61
dia_20_mais,Página7,20.0,,0,327.94,10494,93.89,0.010000000000005116,0.010000000000005116,10464,10524,320.9,334.41,61
dia_20_mais,Página7,20.0,,0,328.35,10496,93.88,0.010000000000005116,0.010000000000005116,10466,10526,321.32,334.83,61
dia_20_mais,Página7,20.0,,0,328.99,10499,93.89,0.010000000000005116,0.010000000000005116,10469,10529,321.95,335.47,61
dia_20_mais,Página7,20.0,,0,329.62,10502,93.88,0.010000000000005116,0.010000000000005116,10472,10532,322.59,336.11,61
dia_20_mais,Página7,20.0,,0,330.25,10505,93.89,0.010000000000005116,0.010000000000005116,10475,10535,323.26,336.77,61
dia_20_mais,Página7,20.0,,0,330.46,10506,93.88,0.010000000000005116,0.010000000000005116,10476,10536,323.47,336.98,61
dia_20_mais,Página7,20.0,,0,330.67,10507,93.89,0.010000000000005116,0.010000000000005116,10477,10537,323.68,337.19,61
dia_20_mais,Página7,20.0,,0,331.12,10509,93.88,0.010000000000005116,0.010000000000005116,10479,10539,324.1,337.61,61
dia_20_mais,Página7,20.0,,0,331.33,10510,93.89,0.010000000000005116,0.010000000000005116,10480,10540,324.32,337.86,61
dia_20_mais,Página7,20.0,,0,331.64,10511,93.88,0.010000000000005116,0.010000000000005116,10481,10541,324.52,338.07,61
dia_20_mais,Página7,20.0,,0,332.51,10515,93.89,0.010000000000005116,0.010000000000005116,10485,10545,325.36,339.54,61
dia_20_mais,Página7,20.0,,0,332.72,10516,93.88,0.010000000000005116,0.010000000000005116,10486,10546,325.58,339.75,61
dia_20_mais,Página7,20.0,,0,333.36,10519,93.89,0.010000000000005116,0.010000000000005116,10489,10549,326.86,340.39,61
dia_20_mais,Página7,20.0,,0,333.57,10520,93.88,0.010000000000005116,0.010000000000005116,10490,10550,327.06,340.6,61
dia_20_mais,Página7,20.0,,0,333.78,10521,93.89,0.010000000000005116,0.010000000000005116,10491,10551,327.27,340.81,61
dia_20_mais,Página7,20.0,,0,333.99,10522,93.88,0.010000000000005116,0.010000000000005116,10492,10552,327.48,341.03,61
dia_20_mais,Página7,20.0,,0,334.2,10523,93.89,0.010000000000005116,0.010000000000005116,10493,10553,327.73,341.24,61
dia_20_mais,Página7,20.0,,0,335.04,10527,93.88,0.010000000000005116,0.010000000000005116,10497,10557,328.56,342.08,61
dia_20_mais,Página7,20.0,,0,336.53,10534,93.89,0.010000000000005116,0.010000000000005116,10504,10564,330.04,343.6,61
dia_20_mais,Página7,20.0,,0,336.98,10536,93.88,0.010000000000005116,0.010000000000005116,10506,10566,330.46,344.02,61
dia_20_mais,Página7,20.0,,0,337.61,10539,93.89,0.010000000000005116,0.010000000000005116,10509,10569,331.12,344.84,61
dia_20_mais,Página7,20.0,,0,337.86,10540,93.88,0.010000000000005116,0.010000000000005116,10510,10570,331.33,345.05,61
dia_20_mais,Página7,20.0,,0,338.07,10541,93.89,0.010000000000005116,0.010000000000005116,10511,10571,331.64,345.26,61
dia_20_mais,Página7,20.0,,0,338.96,10543,93.88,0.010000000000005116,0.010000000000005116,10513,10573,332.06,345.69,61
dia_20_mais,Página7,20.0,,0,339.33,10544,93.89,0.010000000000005116,0.010000000000005116,10514,10574,332.3,345.9,61
dia_20_mais,Página7,20.0,,0,339.75,10546,93.88,0.010000000000005116,0.010000000000005116,10516,10576,332.72,346.32,61
dia_20_mais,Página7,20.0,,0,339.97,10547,93.89,0.010000000000005116,0.010000000000005116,10517,10577,332.93,346.53,61
dia_20_mais,Página7,20.0,,0,340.6,10550,93.88,0.010000000000005116,0.010000000000005116,10520,10580,333.57,347.18,61
dia_20_mais,Página7,20.0,,0,341.24,10553,93.89,0.010000000000005116,0.010000000000005116,10523,10583,334.2,347.85,61
dia_20_mais,Página7,20.0,,0,341.45,10554,93.88,0.010000000000005116,0.010000000000005116,10524,10584,334.41,348.06,61
dia_20_mais,Página7,20.0,,0,341.66,10555,93.89,0.010000000000005116,0.010000000000005116,10525,10585,334.62,348.27,61
dia_20_mais,Página7,20.0,,0,342.08,10557,93.88,0.010000000000005116,0.010000000000005116,10527,10587,335.04,348.69,61
dia_20_mais,Página7,20.0,,0,342.3,10558,93.89,0.010000000000005116,0.010000000000005116,10528,10588,335.25,348.94,61
dia_20_mais,Página7,20.0,,0,343.39,10563,93.88,0.010000000000005116,0.010000000000005116,10533,10593,336.32,350.03,61
dia_20_mais,Página7,20.0,,0,343.81,10565,93.89,0.010000000000005116,0.010000000000005116,10535,10595,336.77,350.45,61
dia_20_mais,Página7,20.0,,0,344.02,10566,93.88,0.010000000000005116,0.010000000000005116,10536,10596,336.98,350.66,61
dia_20_mais,Página7,20.0,,0,344.23,10567,93.89,0.010000000000005116,0.010000000000005116,10537,10597,337.19,350.87,61
dia_20_mais,Página7,20.0,,0,344.48,10568,93.88,0.010000000000005116,0.010000000000005116,10538,10598,337.4,351.26,61
dia_20_mais,Página7,20.0,,0,346.32,10576,93.89,0.010000000000005116,0.010000000000005116,10546,10606,339.75,353.45,61
dia_20_mais,Página7,20.0,,0,346.53,10577,93.88,0.010000000000005116,0.010000000000005116,10547,10607,339.97,353.66,61
dia_20_mais,Página7,20.0,,0,347.39,10581,93.89,0.010000000000005116,0.010000000000005116,10551,10611,340.81,354.54,61
dia_20_mais,Página7,20.0,,0,347.6,10582,93.88,0.010000000000005116,0.010000000000005116,10552,10612,341.03,354.75,61
dia_20_mais,Página7,20.0,,0,347.85,10583,93.89,0.010000000000005116,0.010000000000005116,10553,10613,341.24,354.96,61
dia_20_mais,Página7,20.0,,0,348.06,10584,93.88,0.010000000000005116,0.010000000000005116,10554,10614,341.45,355.17,61
dia_20_mais,Página7,20.0,,0,348.94,10588,93.89,0.010000000000005116,0.010000000000005116,10558,10618,342.3,356.05,61
dia_20_mais,Página7,20.0,,0,349.57,10591,93.88,0.010000000000005116,0.010000000000005116,10561,10621,342.93,356.71,61
dia_20_mais,Página7,20.0,,0,349.78,10592,93.89,0.010000000000005116,0.010000000000005116,10562,10622,343.14,356.92,61
dia_20_mais,Página7,20.0,,0,350.03,10593,93.88,0.010000000000005116,0.010000000000005116,10563,10623,343.39,357.13,61
dia_20_mais,Página7,20.0,,0,350.24,10594,93.89,0.010000000000005116,0.010000000000005116,10564,10624,343.6,357.34,61
dia_20_mais,Página7,20.0,,0,350.66,10596,93.88,0.010000000000005116,0.010000000000005116,10566,10626,344.02,357.76,61
dia_20_mais,Página7,20.0,,0,350.87,10597,93.89,0.010000000000005116,0.010000000000005116,10567,10627,344.23,357.97,61
dia_20_mais,Página7,20.0,,0,352.79,10603,93.88,0.010000000000005116,0.010000000000005116,10573,10633,345.69,359.24,61
dia_20_mais,Página7,20.0,,0,353.21,10605,93.89,0.010000000000005116,0.010000000000005116,10575,10635,346.11,359.75,61
dia_20_mais,Página7,20.0,,0,354.54,10611,93.88,0.010000000000005116,0.010000000000005116,10581,10641,347.39,361.04,61
dia_20_mais,Página7,20.0,,0,354.96,10613,93.89,0.010000000000005116,0.010000000000005116,10583,10643,347.85,361.45,61
dia_20_mais,Página7,20.0,,0,355.17,10614,93.88,0.010000000000005116,0.010000000000005116,10584,10644,348.06,361.66,61
dia_20_mais,Página7,20.0,,0,355.38,10615,93.89,0.010000000000005116,0.010000000000005116,10585,10645,348.27,361.87,61
dia_20_mais,Página7,20.0,,0,355.63,10616,93.88,0.010000000000005116,0.010000000000005116,10586,10646,348.48,362.09,61
dia_20_mais,Página7,20.0,,0,355.84,10617,93.89,0.010000000000005116,0.010000000000005116,10587,10647,348.69,362.31,61
dia_20_mais,Página7,20.0,,0,356.05,10618,93.88,0.010000000000005116,0.010000000000005116,10588,10648,348.94,362.52,61
dia_20_mais,Página7,20.0,,0,356.47,10620,93.89,0.010000000000005116,0.010000000000005116,10590,10650,349.36,362.94,61
dia_20_mais,Página7,20.0,,0,356.71,10621,93.88,0.010000000000005116,0.010000000000005116,10591,10651,349.57,363.15,61
dia_20_mais,Página7,20.0,,0,357.13,10623,93.89,0.010000000000005116,0.010000000000005116,10593,10653,350.03,363.76,61
dia_20_mais,Página7,20.0,,0,357.55,10625,93.88,0.010000000000005116,0.010000000000005116,10595,10655,350.45,364.68,61
dia_20_mais,Página7,20.0,,0,357.76,10626,93.89,0.010000000000005116,0.010000000000005116,10596,10656,350.66,364.89,61
dia_20_mais,Página7,20.0,,0,358.18,10628,93.88,0.010000000000005116,0.010000000000005116,10598,10658,351.26,365.31,61
dia_20_mais,Página7,20.0,,0,359.24,10633,93.89,0.010000000000005116,0.010000000000005116,10603,10663,352.79,366.37,61
dia_20_mais,Página7,20.0,,0,359.55,10634,93.88,0.010000000000005116,0.010000000000005116,10604,10664,352.99,366.59,61
dia_20_mais,Página7,20.0,,0,359.75,10635,93.89,0.010000000000005116,0.010000000000005116,10605,10665,353.21,366.8,61
dia_20_mais,Página7,20.0,,0,359.98,10636,93.88,0.010000000000005116,0.010000000000005116,10606,10666,353.45,367.01,61
dia_20_mais,Página7,20.0,,0,361.04,10641,93.89,0.010000000000005116,0.010000000000005116,10611,10671,354.54,368.07,61
dia_20_mais,Página7,20.0,,0,361.24,10642,93.88,0.010000000000005116,0.010000000000005116,10612,10672,354.75,368.28,61
dia_20_mais,Página7,20.0,,0,361.87,10645,93.89,0.010000000000005116,0.010000000000005116,10615,10675,355.38,368.95,61
dia_20_mais,Página7,20.0,,0,362.09,10646,93.88,0.010000000000005116,0.010000000000005116,10616,10676,355.63,369.16,61
dia_20_mais,Página7,20.0,,0,362.31,10647,93.89,0.010000000000005116,0.010000000000005116,10617,10677,355.84,369.37,61
dia_20_mais,Página7,20.0,,0,365.1,10657,93.88,0.010000000000005116,0.010000000000005116,10627,10687,357.97,371.53,61
dia_20_mais,Página7,20.0,,0,365.31,10658,93.89,0.010000000000005116,0.010000000000005116,10628,10688,358.18,371.74,61
dia_20_mais,Página7,20.0,,0,365.53,10659,93.88,0.010000000000005116,0.010000000000005116,10629,10689,358.39,371.95,61
dia_20_mais,Página7,20.0,,0,365.75,10660,93.89,0.010000000000005116,0.010000000000005116,10630,10690,358.6,372.16,61
dia_20_mais,Página7,20.0,,0,366.8,10665,93.88,0.010000000000005116,0.010000000000005116,10635,10695,359.75,373.22,61
dia_20_mais,Página7,20.0,,0,368.95,10675,93.89,0.010000000000005116,0.010000000000005116,10645,10705,361.87,375.36,61
dia_20_mais,Página7,20.0,,0,369.37,10677,93.88,0.010000000000005116,0.010000000000005116,10647,10707,362.31,375.82,61
dia_20_mais,Página7,20.0,,0,369.58,10678,93.89,0.010000000000005116,0.010000000000005116,10648,10708,362.52,376.19,61
dia_20_mais,Página7,20.0,,0,370.25,10681,93.88,0.010000000000005116,0.010000000000005116,10651,10711,363.15,377.3,61
dia_20_mais,Página7,20.0,,0,370.46,10682,93.89,0.010000000000005116,0.010000000000005116,10652,10712,363.39,377.51,61
dia_20_mais,Página7,20.0,,0,370.67,10683,93.88,0.010000000000005116,0.010000000000005116,10653,10713,363.76,377.72,61
dia_20_mais,Página7,20.0,,0,371.32,10686,93.89,0.010000000000005116,0.010000000000005116,10656,10716,364.89,378.35,61
dia_20_mais,Página7,20.0,,0,371.53,10687,93.88,0.010000000000005116,0.010000000000005116,10657,10717,365.1,378.56,61
dia_20_mais,Página7,20.0,,0,371.74,10688,93.89,0.010000000000005116,0.010000000000005116,10658,10718,365.31,378.78,61
dia_20_mais,Página7,20.0,,0,371.95,10689,93.88,0.010000000000005116,0.010000000000005116,10659,10719,365.53,378.99,61
dia_20_mais,Página7,20.0,,0,372.16,10690,93.89,0.010000000000005116,0.010000000000005116,10660,10720,365.75,379.19,61
dia_20_mais,Página7,20.0,,0,373.0,10694,93.88,0.010000000000005116,0.010000000000005116,10664,10724,366.59,380.06,61
dia_20_mais,Página7,20.0,,0,373.65,10697,93.89,0.010000000000005116,0.010000000000005116,10667,10727,367.22,380.69,61
dia_20_mais,Página7,20.0,,0,373.86,10698,93.88,0.010000000000005116,0.010000000000005116,10668,10728,367.43,380.9,61
dia_20_mais,Página7,20.0,,0,374.52,10701,93.89,0.010000000000005116,0.010000000000005116,10671,10731,368.07,381.58,61
dia_20_mais,Página7,20.0,,0,374.94,10703,93.88,0.010000000000005116,0.010000000000005116,10673,10733,368.49,382.0,61
dia_20_mais,Página7,20.0,,0,375.15,10704,93.89,0.010000000000005116,0.010000000000005116,10674,10734,368.7,382.24,61
dia_20_mais,Página7,20.0,,0,375.82,10707,93.88,0.010000000000005116,0.010000000000005116,10677,10737,369.37,382.88,61
dia_20_mais,Página7,20.0,,0,376.19,10708,93.89,0.010000000000005116,0.010000000000005116,10678,10738,369.58,383.08,61
dia_20_mais,Página7,20.0,,0,376.71,10709,93.88,0.010000000000005116,0.010000000000005116,10679,10739,369.79,383.32,61
dia_20_mais,Página7,20.0,,0,377.09,10710,93.89,0.010000000000005116,0.010000000000005116,10680,10740,370.04,383.53,61
dia_20_mais,Página7,20.0,,0,377.72,10713,93.88,0.010000000000005116,0.010000000000005116,10683,10743,370.67,384.16,61
dia_20_mais,Página7,20.0,,0,378.56,10717,93.89,0.010000000000005116,0.010000000000005116,10687,10747,371.53,385.01,61
dia_20_mais,Página7,20.0,,0,378.78,10718,93.88,0.010000000000005116,0.010000000000005116,10688,10748,371.74,385.22,61
dia_20_mais,Página7,20.0,,0,379.4,10721,93.89,0.010000000000005116,0.010000000000005116,10691,10751,372.37,385.87,61
dia_20_mais,Página7,20.0,,0,379.62,10722,93.88,0.010000000000005116,0.010000000000005116,10692,10752,372.58,386.07,61
dia_20_mais,Página7,20.0,,0,383.53,10740,93.89,0.010000000000005116,0.010000000000005116,10710,10770,377.09,390.65,61
dia_20_mais,Página7,20.0,,0,383.74,10741,93.88,0.010000000000005116,0.010000000000005116,10711,10771,377.3,390.86,61
dia_20_mais,Página7,20.0,,0,384.16,10743,93.89,0.010000000000005116,0.010000000000005116,10713,10773,377.72,391.3,61
dia_20_mais,Página7,20.0,,0,384.38,10744,93.88,0.010000000000005116,0.010000000000005116,10714,10774,377.93,391.51,61
dia_20_mais,Página7,20.0,,0,384.59,10745,93.89,0.010000000000005116,0.010000000000005116,10715,10775,378.14,391.72,61
dia_20_mais,Página7,20.0,,0,384.8,10746,93.88,0.010000000000005116,0.010000000000005116,10716,10776,378.35,391.93,61
dia_20_mais,Página7,20.0,,0,385.01,10747,93.89,0.010000000000005116,0.010000000000005116,10717,10777,378.56,392.15,61
dia_20_mais,Página7,20.0,,0,385.22,10748,93.88,0.010000000000005116,0.010000000000005116,10718,10778,378.78,392.36,61
dia_20_mais,Página7,20.0,,0,385.87,10751,93.89,0.010000000000005116,0.010000000000005116,10721,10781,379.4,392.99,61
dia_20_mais,Página7,20.0,,0,386.73,10755,93.88,0.010000000000005116,0.010000000000005116,10725,10785,380.27,393.84,61
dia_20_mais,Página7,20.0,,0,386.94,10756,93.89,0.010000000000005116,0.010000000000005116,10726,10786,380.48,394.05,61
dia_20_mais,Página7,20.0,,0,387.25,10757,93.88,0.010000000000005116,0.010000000000005116,10727,10787,380.69,394.26,61
dia_20_mais,Página7,20.0,,0,388.31,10762,93.89,0.010000000000005116,0.010000000000005116,10732,10792,381.79,395.34,61
dia_20_mais,Página7,20.0,,0,388.52,10763,93.88,0.010000000000005116,0.010000000000005116,10733,10793,382.0,395.6,61
dia_20_mais,Página7,20.0,,0,391.93,10776,93.89,0.010000000000005116,0.010000000000005116,10746,10806,384.8,398.35,61
dia_20_mais,Página7,20.0,,0,392.15,10777,93.88,0.010000000000005116,0.010000000000005116,10747,10807,385.01,398.56,61
dia_20_mais,Página7,20.0,,0,394.05,10786,93.89,0.010000000000005116,0.010000000000005116,10756,10811,386.94,399.41,56
dia_20_mais,Página7,20.0,,0,394.26,10787,93.88,0.010000000000005116,0.010000000000005116,10757,10811,387.25,399.41,55
dia_20_mais,Página7,20.0,,0,397.93,10804,93.89,0.010000000000005116,0.010000000000005116,10774,10811,391.51,399.41,38
dia_20_mais,Página7,20.0,,0,398.14,10805,93.88,0.010000000000005116,0.010000000000005116,10775,10811,391.72,399.41,37
dia_20_mais,Página7,20.0,,0,398.35,10806,93.89,0.010000000000005116,0.010000000000005116,10776,10811,391.93,399.41,36
dia_20_mais,Página7,20.0,,0,399.2,10810,93.88,0.010000000000005116,0.010000000000005116,10780,10811,392.78,399.41,32
dia_20_mais,Página7,20.0,,0,399.41,10811,93.89,0.010000000000005116,0.010000000000005116,10781,10811,392.99,399.41,31
dia_20_mais,Página8,20.0,,0,73.86,10815,93.9,0.010000000000005116,0.010000000000005116,10812,10845,73.21,80.29,34
dia_20_mais,Página8,20.0,,0,74.07,10816,93.89,0.010000000000005116,0.010000000000005116,10812,10846,73.21,80.49,35
dia_20_mais,Página8,20.0,,0,74.28,10817,93.9,0.010000000000005116,0.010000000000005116,10812,10847,73.21,80.7,36
dia_20_mais,Página8,20.0,,0,74.49,10818,93.89,0.010000000000005116,0.010000000000005116,10812,10848,73.21,80.91,37
dia_20_mais,Página8,20.0,,0,75.16,10821,93.9,0.010000000000005116,0.010000000000005116,10812,10851,73.21,81.54,40
dia_20_mais,Página8,20.0,,0,75.36,10822,93.89,0.010000000000005116,0.010000000000005116,10812,10852,73.21,81.85,41
dia_20_mais,Página8,20.0,,0,79.63,10842,93.9,0.010000000000005116,0.010000000000005116,10812,10872,73.21,86.69,61
dia_20_mais,Página8,20.0,,0,79.83,10843,93.89,0.010000000000005116,0.010000000000005116,10813,10873,73.42,86.93,61
dia_20_mais,Página8,20.0,,0,83.97,10859,93.9,0.010000000000005116,0.010000000000005116,10829,10889,76.88,90.32,61
dia_20_mais,Página8,20.0,,0,84.38,10861,93.89,0.010000000000005116,0.010000000000005116,10831,10891,77.29,90.74,61
dia_20_mais,Página8,20.0,,0,84.6,10862,93.9,0.010000000000005116,0.010000000000005116,10832,10892,77.5,90.95,61
dia_20_mais,Página8,20.0,,0,84.81,10863,93.89,0.010000000000005116,0.010000000000005116,10833,10893,77.71,91.16,61
dia_20_mais,Página8,20.0,,0,85.01,10864,93.9,0.010000000000005116,0.010000000000005116,10834,10894,77.93,91.38,61
dia_20_mais,Página8,20.0,,0,85.22,10865,93.89,0.010000000000005116,0.010000000000005116,10835,10895,78.14,91.59,61
dia_20_mais,Página8,20.0,,0,85.43,10866,93.9,0.010000000000005116,0.010000000000005116,10836,10896,78.34,91.8,61
dia_20_mais,Página8,20.0,,0,85.65,10867,93.89,0.010000000000005116,0.010000000000005116,10837,10897,78.55,92.01,61
dia_20_mais,Página8,20.0,,0,87.14,10874,93.9,0.010000000000005116,0.010000000000005116,10844,10904,80.04,93.54,61
dia_20_mais,Página8,20.0,,0,87.34,10875,93.89,0.010000000000005116,0.010000000000005116,10845,10905,80.29,93.75,61
dia_20_mais,Página8,20.0,,0,87.76,10877,93.9,0.010000000000005116,0.010000000000005116,10847,10907,80.7,94.16,61
dia_20_mais,Página8,20.0,,0,88.01,10878,93.89,0.010000000000005116,0.010000000000005116,10848,10908,80.91,94.37,61
dia_20_mais,Página8,20.0,,0,88.22,10879,93.9,0.010000000000005116,0.010000000000005116,10849,10909,81.12,94.59,61
dia_20_mais,Página8,20.0,,0,88.43,10880,93.89,0.010000000000005116,0.010000000000005116,10850,10910,81.34,94.8,61
dia_20_mais,Página8,20.0,,0,88.84,10882,93.9,0.010000000000005116,0.010000000000005116,10852,10912,81.85,95.37,61
dia_20_mais,Página8,20.0,,0,89.07,10883,93.89,0.010000000000005116,0.010000000000005116,10853,10913,82.06,95.88,61
dia_20_mais,Página8,20.0,,0,89.27,10884,93.9,0.010000000000005116,0.010000000000005116,10854,10914,82.42,96.25,61
dia_20_mais,Página8,20.0,,0,89.48,10885,93.89,0.010000000000005116,0.010000000000005116,10855,10915,82.94,96.46,61
dia_20_mais,Página8,20.0,,0,90.32,10889,93.9,0.010000000000005116,0.010000000000005116,10859,10919,83.97,97.33,61
dia_20_mais,Página8,20.0,,0,90.53,10890,93.89,0.010000000000005116,0.010000000000005116,10860,10920,84.17,97.54,61
dia_20_mais,Página8,20.0,,0,90.95,10892,93.9,0.010000000000005116,0.010000000000005116,10862,10922,84.6,97.96,61
dia_20_mais,Página8,20.0,,0,92.01,10897,93.89,0.010000000000005116,0.010000000000005116,10867,10927,85.65,99.01,61
dia_20_mais,Página8,20.0,,0,93.75,10905,93.9,0.010000000000005116,0.010000000000005116,10875,10935,87.34,100.73,61
dia_20_mais,Página8,20.0,,0,93.95,10906,93.89,0.010000000000005116,0.010000000000005116,10876,10936,87.55,100.94,61
dia_20_mais,Página8,20.0,,0,102.83,10945,93.9,0.010000000000005116,0.010000000000005116,10915,10975,96.46,110.01,61
dia_20_mais,Página8,20.0,,0,103.04,10946,93.89,0.010000000000005116,0.010000000000005116,10916,10976,96.67,110.23,61
dia_20_mais,Página8,20.0,,0,110.86,10979,93.88,0.010000000000005116,0.010000000000005116,10949,11009,103.71,117.33,61
dia_20_mais,Página8,20.0,,0,111.07,10980,93.89,0.010000000000005116,0.010000000000005116,10950,11010,103.92,117.54,61
dia_20_mais,Página8,20.0,,0,113.22,10990,93.9,0.010000000000005116,0.010000000000005116,10960,11020,106.07,119.66,61
dia_20_mais,Página8,20.0,,0,113.43,10991,93.89,0.010000000000005116,0.010000000000005116,10961,11021,106.28,119.87,61
dia_20_mais,Página8,20.0,,0,114.1,10994,93.9,0.010000000000005116,0.010000000000005116,10964,11024,106.92,120.54,61
dia_20_mais,Página8,20.0,,0,114.31,10995,93.89,0.010000000000005116,0.010000000000005116,10965,11025,107.13,120.75,61
dia_20_mais,Página8,20.0,,0,115.85,11002,93.9,0.010000000000005116,0.010000000000005116,10972,11032,109.28,122.9,61
dia_20_mais,Página8,20.0,,0,116.48,11005,93.89,0.010000000000005116,0.010000000000005116,10975,11035,110.01,123.55,61
dia_20_mais,Página8,20.0,,0,117.54,11010,93.9,0.010000000000005116,0.010000000000005116,10980,11040,111.07,124.62,61
dia_20_mais,Página8,20.0,,0,117.75,11011,93.89,0.010000000000005116,0.010000000000005116,10981,11041,111.28,124.83,61
dia_20_mais,Página8,20.0,,0,118.39,11014,93.9,0.010000000000005116,0.010000000000005116,10984,11044,111.93,125.45,61
dia_20_mais,Página8,20.0,,0,118.6,11015,93.89,0.010000000000005116,0.010000000000005116,10985,11045,112.14,125.67,61
dia_20_mais,Página8,20.0,,0,118.81,11016,93.9,0.010000000000005116,0.010000000000005116,10986,11046,112.35,125.88,61
dia_20_mais,Página8,20.0,,0,119.02,11017,93.89,0.010000000000005116,0.010000000000005116,10987,11047,112.58,126.09,61
dia_20_mais,Página8,20.0,,0,119.87,11021,93.9,0.010000000000005116,0.010000000000005116,10991,11051,113.43,126.95,61
dia_20_mais,Página8,20.0,,0,120.08,11022,93.89,0.010000000000005116,0.010000000000005116,10992,11052,113.68,127.16,61
dia_20_mais,Página8,20.0,,0,121.11,11026,93.9,0.010000000000005116,0.010000000000005116,10996,11056,114.52,128.03,61
dia_20_mais,Página8,20.0,,0,121.64,11027,93.89,0.010000000000005116,0.010000000000005116,10997,11057,114.77,128.24,61
dia_20_mais,Página8,20.0,,0,122.23,11029,93.9,0.010000000000005116,0.010000000000005116,10999,11059,115.19,128.65,61
dia_20_mais,Página8,20.0,,0,122.48,11030,93.89,0.010000000000005116,0.010000000000005116,11000,11060,115.4,128.86,61
dia_20_mais,Página8,20.0,,0,122.9,11032,93.9,0.010000000000005116,0.010000000000005116,11002,11062,115.85,129.32,61
dia_20_mais,Página8,20.0,,0,123.11,11033,93.89,0.010000000000005116,0.010000000000005116,11003,11063,116.06,129.53,61
dia_20_mais,Página8,20.0,,0,123.32,11034,93.9,0.010000000000005116,0.010000000000005116,11004,11064,116.27,129.74,61
dia_20_mais,Página8,20.0,,0,123.55,11035,93.89,0.010000000000005116,0.010000000000005116,11005,11065,116.48,129.95,61
dia_20_mais,Página8,20.0,,0,123.76,11036,93.9,0.010000000000005116,0.010000000000005116,11006,11066,116.69,130.2,61
dia_20_mais,Página8,20.0,,0,123.97,11037,93.89,0.010000000000005116,0.010000000000005116,11007,11067,116.91,130.41,61
dia_20_mais,Página8,20.0,,0,125.04,11042,93.9,0.010000000000005116,0.010000000000005116,11012,11072,117.97,131.5,61
dia_20_mais,Página8,20.0,,0,125.45,11044,93.89,0.010000000000005116,0.010000000000005116,11014,11074,118.39,131.92,61
dia_20_mais,Página8,20.0,,0,127.16,11052,93.9,0.010000000000005116,0.010000000000005116,11022,11082,120.08,133.62,61
dia_20_mais,Página8,20.0,,0,127.37,11053,93.89,0.010000000000005116,0.010000000000005116,11023,11083,120.33,133.99,61
dia_20_mais,Página8,20.0,,0,128.65,11059,93.9,0.010000000000005116,0.010000000000005116,11029,11089,122.23,135.76,61
dia_20_mais,Página8,20.0,,0,128.86,11060,93.89,0.010000000000005116,0.010000000000005116,11030,11090,122.48,135.97,61
dia_20_mais,Página8,20.0,,0,130.83,11069,93.9,0.010000000000005116,0.010000000000005116,11039,11099,124.39,138.02,61
dia_20_mais,Página8,20.0,,0,131.04,11070,93.89,0.010000000000005116,0.010000000000005116,11040,11100,124.62,138.22,61
dia_20_mais,Página8,20.0,,0,132.78,11078,93.9,0.010000000000005116,0.010000000000005116,11048,11108,126.31,139.93,61
dia_20_mais,Página8,20.0,,0,132.99,11079,93.89,0.010000000000005116,0.010000000000005116,11049,11109,126.51,140.18,61
dia_20_mais,Página8,20.0,,0,134.89,11085,93.9,0.010000000000005116,0.010000000000005116,11055,11115,127.79,141.48,61
dia_20_mais,Página8,20.0,,0,135.1,11086,93.89,0.010000000000005116,0.010000000000005116,11056,11116,128.03,141.69,61
dia_20_mais,Página8,20.0,,0,137.58,11097,93.9,0.010000000000005116,0.010000000000005116,11067,11127,130.41,144.02,61
dia_20_mais,Página8,20.0,,0,137.8,11098,93.89,0.010000000000005116,0.010000000000005116,11068,11128,130.62,144.23,61
dia_20_mais,Página8,20.0,,0,138.65,11102,93.9,0.010000000000005116,0.010000000000005116,11072,11132,131.5,145.09,61
dia_20_mais,Página8,20.0,,0,138.86,11103,93.89,0.010000000000005116,0.010000000000005116,11073,11133,131.71,145.3,61
dia_20_mais,Página8,20.0,,0,139.3,11105,93.9,0.010000000000005116,0.010000000000005116,11075,11135,132.13,145.76,61
dia_20_mais,Página8,20.0,,0,139.51,11106,93.89,0.010000000000005116,0.010000000000005116,11076,11136,132.36,145.97,61
dia_20_mais,Página8,20.0,,0,145.97,11136,93.9,0.010000000000005116,0.010000000000005116,11106,11166,139.51,153.03,61
dia_20_mais,Página8,20.0,,0,146.18,11137,93.89,0.010000000000005116,0.010000000000005116,11107,11167,139.72,153.24,61
dia_20_mais,Página8,20.0,,0,148.12,11143,93.9,0.010000000000005116,0.010000000000005116,11113,11173,141.02,154.59,61
dia_20_mais,Página8,20.0,,0,148.33,11144,93.89,0.010000000000005116,0.010000000000005116,11114,11174,141.27,154.79,61
dia_20_mais,Página8,20.0,,0,154.79,11174,93.88,0.010000000000005116,0.010000000000005116,11144,11204,148.33,161.84,61
dia_20_mais,Página8,20.0,,0,155.01,11175,93.89,0.010000000000005116,0.010000000000005116,11145,11205,148.54,162.05,61
dia_20_mais,Página8,20.0,,0,155.67,11178,93.9,0.010000000000005116,0.010000000000005116,11148,11208,149.18,162.69,61
dia_20_mais,Página8,20.0,,0,156.08,11180,93.89,0.010000000000005116,0.010000000000005116,11150,11210,149.59,163.11,61
dia_20_mais,Página8,20.0,,0,157.14,11185,93.9,0.010000000000005116,0.010000000000005116,11155,11215,150.66,164.17,61
dia_20_mais,Página8,20.0,,0,157.56,11187,93.89,0.010000000000005116,0.010000000000005116,11157,11217,151.08,164.61,61
dia_20_mais,Página8,20.0,,0,157.78,11188,93.9,0.010000000000005116,0.010000000000005116,11158,11218,151.31,164.83,61
dia_20_mais,Página8,20.0,,0,158.0,11189,93.89,0.010000000000005116,0.010000000000005116,11159,11219,151.52,165.14,61
dia_20_mais,Página8,20.0,,0,158.63,11192,93.9,0.010000000000005116,0.010000000000005116,11162,11222,152.15,165.77,61
dia_20_mais,Página8,20.0,,0,159.29,11195,93.89,0.010000000000005116,0.010000000000005116,11165,11225,152.82,166.4,61
dia_20_mais,Página8,20.0,,0,159.86,11197,93.9,0.010000000000005116,0.010000000000005116,11167,11227,153.24,166.85,61
dia_20_mais,Página8,20.0,,0,160.4,11198,93.89,0.010000000000005116,0.010000000000005116,11168,11228,153.49,167.05,61
dia_20_mais,Página8,20.0,,0,162.05,11205,93.9,0.010000000000005116,0.010000000000005116,11175,11235,155.01,168.55,61
dia_20_mais,Página8,20.0,,0,162.27,11206,93.89,0.010000000000005116,0.010000000000005116,11176,11236,155.22,168.76,61
dia_20_mais,Página8,20.0,,0,162.9,11209,93.9,0.010000000000005116,0.010000000000005116,11179,11239,155.87,169.42,61
dia_20_mais,Página8,20.0,,0,163.11,11210,93.89,0.010000000000005116,0.010000000000005116,11180,11240,156.08,169.63,61
dia_20_mais,Página8,20.0,,0,163.96,11214,93.9,0.010000000000005116,0.010000000000005116,11184,11244,156.93,170.5,61
dia_20_mais,Página8,20.0,,0,164.17,11215,93.89,0.010000000000005116,0.010000000000005116,11185,11245,157.14,170.71,61
dia_20_mais,Página8,20.0,,0,164.61,11217,93.9,0.010000000000005116,0.010000000000005116,11187,11247,157.56,171.13,61
dia_20_mais,Página8,20.0,,0,164.83,11218,93.89,0.010000000000005116,0.010000000000005116,11188,11248,157.78,171.34,61
dia_20_mais,Página8,20.0,,0,167.68,11231,93.9,0.010000000000005116,0.010000000000005116,11201,11261,161.21,174.76,61
dia_20_mais,Página8,20.0,,0,167.92,11232,93.89,0.010000000000005116,0.010000000000005116,11202,11262,161.42,174.97,61
dia_20_mais,Página8,20.0,,0,168.13,11233,93.9,0.010000000000005116,0.010000000000005116,11203,11263,161.63,175.18,61
dia_20_mais,Página8,20.0,,0,169.0,11237,93.89,0.010000000000005116,0.010000000000005116,11207,11267,162.48,176.03,61
dia_20_mais,Página8,20.0,,0,169.42,11239,93.9,0.010000000000005116,0.010000000000005116,11209,11269,162.9,176.45,61
dia_20_mais,Página8,20.0,,0,169.84,11241,93.89,0.010000000000005116,0.010000000000005116,11211,11271,163.33,176.87,61
dia_20_mais,Página8,20.0,,0,170.29,11243,93.9,0.010000000000005116,0.010000000000005116,11213,11273,163.75,177.29,61
dia_20_mais,Página8,20.0,,0,170.5,11244,93.89,0.010000000000005116,0.010000000000005116,11214,11274,163.96,177.5,61
dia_20_mais,Página8,20.0,,0,170.71,11245,93.9,0.010000000000005116,0.010000000000005116,11215,11275,164.17,177.71,61
dia_20_mais,Página8,20.0,,0,170.92,11246,93.89,0.010000000000005116,0.010000000000005116,11216,11276,164.38,177.94,61
dia_20_mais,Página8,20.0,,0,172.4,11253,93.9,0.010000000000005116,0.010000000000005116,11223,11283,165.98,179.41,61
dia_20_mais,Página8,20.0,,0,172.76,11254,93.89,0.010000000000005116,0.010000000000005116,11224,11284,166.19,179.61,61
dia_20_mais,Página8,20.0,,0,173.87,11257,93.9,0.010000000000005116,0.010000000000005116,11227,11287,166.85,180.25,61
dia_20_mais,Página8,20.0,,0,174.08,11258,93.89,0.010000000000005116,0.010000000000005116,11228,11288,167.05,180.46,61
dia_20_mais,Página8,20.0,,0,174.54,11260,93.9,0.010000000000005116,0.010000000000005116,11230,11290,167.47,180.88,61
dia_20_mais,Página8,20.0,,0,174.76,11261,93.89,0.010000000000005116,0.010000000000005116,11231,11291,167.68,181.09,61
dia_20_mais,Página8,20.0,,0,176.87,11271,93.9,0.010000000000005116,0.010000000000005116,11241,11301,169.84,183.24,61
dia_20_mais,Página8,20.0,,0,177.08,11272,93.89,0.010000000000005116,0.010000000000005116,11242,11302,170.08,183.49,61
dia_20_mais,Página8,20.0,,0,177.5,11274,93.9,0.010000000000005116,0.010000000000005116,11244,11304,170.5,183.91,61
dia_20_mais,Página8,20.0,,0,177.94,11276,93.89,0.010000000000005116,0.010000000000005116,11246,11306,170.92,184.33,61
dia_20_mais,Página8,20.0,,0,178.14,11277,93.9,0.010000000000005116,0.010000000000005116,11247,11307,171.13,184.57,61
dia_20_mais,Página8,20.0,,0,178.35,11278,93.89,0.010000000000005116,0.010000000000005116,11248,11308,171.34,184.78,61
dia_20_mais,Página8,20.0,,0,179.2,11282,93.9,0.010000000000005116,0.010000000000005116,11252,11312,172.18,186.25,61
dia_20_mais,Página8,20.0,,0,179.41,11283,93.89,0.010000000000005116,0.010000000000005116,11253,11313,172.4,186.46,61
dia_20_mais,Página8,20.0,,0,180.04,11286,93.9,0.010000000000005116,0.010000000000005116,11256,11316,173.67,187.09,61
dia_20_mais,Página8,20.0,,0,180.25,11287,93.89,0.010000000000005116,0.010000000000005116,11257,11317,173.87,187.3,61
dia_20_mais,Página8,20.0,,0,181.09,11291,93.9,0.010000000000005116,0.010000000000005116,11261,11321,174.76,188.15,61
dia_20_mais,Página8,20.0,,0,181.53,11293,93.89,0.010000000000005116,0.010000000000005116,11263,11323,175.18,188.56,61
dia_20_mais,Página8,20.0,,0,182.41,11297,93.9,0.010000000000005116,0.010000000000005116,11267,11327,176.03,189.44,61
dia_20_mais,Página8,20.0,,0,182.61,11298,93.89,0.010000000000005116,0.010000000000005116,11268,11328,176.24,189.64,61
dia_20_mais,Página8,20.0,,0,183.7,11303,93.9,0.010000000000005116,0.010000000000005116,11273,11333,177.29,190.72,61
dia_20_mais,Página8,20.0,,0,183.91,11304,93.89,0.010000000000005116,0.010000000000005116,11274,11334,177.5,190.93,61
dia_20_mais,Página8,20.0,,0,184.12,11305,93.9,0.010000000000005116,0.010000000000005116,11275,11335,177.71,191.18,61
dia_20_mais,Página8,20.0,,0,184.33,11306,93.89,0.010000000000005116,0.010000000000005116,11276,11336,177.94,191.39,61
dia_20_mais,Página8,20.0,,0,185.35,11310,93.9,0.010000000000005116,0.010000000000005116,11280,11340,178.77,192.25,61
dia_20_mais,Página8,20.0,,0,185.88,11311,93.89,0.010000000000005116,0.010000000000005116,11281,11341,178.99,192.46,61
dia_20_mais,Página8,20.0,,0,187.51,11318,93.9,0.010000000000005116,0.010000000000005116,11288,11348,180.46,194.05,61
dia_20_mais,Página8,20.0,,0,187.73,11319,93.89,0.010000000000005116,0.010000000000005116,11289,11349,180.67,194.26,61
dia_20_mais,Página8,20.0,,0,187.94,11320,93.9,0.010000000000005116,0.010000000000005116,11290,11350,180.88,194.48,61
dia_20_mais,Página8,20.0,,0,188.15,11321,93.89,0.010000000000005116,0.010000000000005116,11291,11351,181.09,194.69,61
dia_20_mais,Página8,20.0,,0,188.35,11322,93.9,0.010000000000005116,0.010000000000005116,11292,11352,181.33,194.89,61
dia_20_mais,Página8,20.0,,0,188.77,11324,93.89,0.010000000000005116,0.010000000000005116,11294,11354,181.74,195.31,61
dia_20_mais,Página8,20.0,,0,191.6,11337,93.9,0.010000000000005116,0.010000000000005116,11307,11367,184.57,198.25,61
dia_20_mais,Página8,20.0,,0,191.81,11338,93.89,0.010000000000005116,0.010000000000005116,11308,11368,184.78,198.76,61
dia_20_mais,Página8,20.0,,0,195.94,11357,93.9,0.010000000000005116,0.010000000000005116,11327,11387,189.44,203.01,61
dia_20_mais,Página8,20.0,,0,196.15,11358,93.89,0.010000000000005116,0.010000000000005116,11328,11388,189.64,203.22,61
dia_20_mais,Página8,20.0,,0,196.58,11360,93.9,0.010000000000005116,0.010000000000005116,11330,11390,190.09,203.67,61
dia_20_mais,Página8,20.0,,0,196.8,11361,93.89,0.010000000000005116,0.010000000000005116,11331,11391,190.3,203.88,61
dia_20_mais,Página8,20.0,,0,197.22,11363,93.9,0.010000000000005116,0.010000000000005116,11333,11393,190.72,204.29,61
dia_20_mais,Página8,20.0,,0,197.43,11364,93.89,0.010000000000005116,0.010000000000005116,11334,11394,190.93,204.51,61
dia_20_mais,Página8,20.0,,0,198.76,11368,93.9,0.010000000000005116,0.010000000000005116,11338,11398,191.81,205.35,61
dia_20_mais,Página8,20.0,,0,199.38,11370,93.89,0.010000000000005116,0.010000000000005116,11340,11400,192.25,205.79,61
dia_20_mais,Página8,20.0,,0,203.22,11388,93.9,0.010000000000005116,0.010000000000005116,11358,11418,196.15,209.65,61
dia_20_mais,Página8,20.0,,0,203.67,11390,93.89,0.010000000000005116,0.010000000000005116,11360,11420,196.58,210.08,61
dia_20_mais,Página8,20.0,,0,206.2,11402,93.9,0.010000000000005116,0.010000000000005116,11372,11432,199.79,213.4,61
dia_20_mais,Página8,20.0,,0,206.42,11403,93.89,0.010000000000005116,0.010000000000005116,11373,11433,200.01,213.63,61
dia_20_mais,Página8,20.0,,0,207.51,11408,93.88,0.010000000000005116,0.010000000000005116,11378,11438,201.05,214.68,61
dia_20_mais,Página8,20.0,,0,207.71,11409,93.89,0.010000000000005116,0.010000000000005116,11379,11439,201.3,214.88,61
dia_20_mais,Página8,20.0,,0,213.83,11434,93.9,0.010000000000005116,0.010000000000005116,11404,11464,206.63,220.32,61
dia_20_mais,Página8,20.0,,0,214.46,11437,93.89,0.010000000000005116,0.010000000000005116,11407,11467,207.3,220.95,61
dia_20_mais,Página8,20.0,,0,214.68,11438,93.9,0.010000000000005116,0.010000000000005116,11408,11468,207.51,221.16,61
dia_20_mais,Página8,20.0,,0,215.09,11440,93.89,0.010000000000005116,0.010000000000005116,11410,11470,207.97,221.62,61
dia_20_mais,Página8,20.0,,0,215.51,11442,93.9,0.010000000000005116,0.010000000000005116,11412,11472,208.38,222.04,61
dia_20_mais,Página8,20.0,,0,215.72,11443,93.89,0.010000000000005116,0.010000000000005116,11413,11473,208.59,222.25,61
dia_20_mais,Página8,20.0,,0,216.14,11445,93.9,0.010000000000005116,0.010000000000005116,11415,11475,209.02,222.67,61
dia_20_mais,Página8,20.0,,0,216.56,11447,93.89,0.010000000000005116,0.010000000000005116,11417,11477,209.44,223.09,61
dia_20_mais,Página8,20.0,,0,216.77,11448,93.9,0.010000000000005116,0.010000000000005116,11418,11478,209.65,223.3,61
dia_20_mais,Página8,20.0,,0,217.62,11452,93.89,0.010000000000005116,0.010000000000005116,11422,11482,210.49,224.63,61
dia_20_mais,Página8,20.0,,0,217.83,11453,93.9,0.010000000000005116,0.010000000000005116,11423,11483,210.7,225.01,61
dia_20_mais,Página8,20.0,,0,218.7,11457,93.89,0.010000000000005116,0.010000000000005116,11427,11487,212.35,225.89,61
dia_20_mais,Página8,20.0,,0,218.91,11458,93.9,0.010000000000005116,0.010000000000005116,11428,11488,212.56,226.1,61
dia_20_mais,Página8,20.0,,0,219.35,11460,93.89,0.010000000000005116,0.010000000000005116,11430,11490,212.98,226.52,61
dia_20_mais,Página8,20.0,,0,219.56,11461,93.9,0.010000000000005116,0.010000000000005116,11431,11491,213.19,226.73,61
dia_20_mais,Página8,20.0,,0,219.76,11462,93.89,0.010000000000005116,0.010000000000005116,11432,11492,213.4,226.98,61
dia_20_mais,Página8,20.0,,0,220.53,11465,93.9,0.010000000000005116,0.010000000000005116,11435,11495,214.04,227.61,61
dia_20_mais,Página8,20.0,,0,220.74,11466,93.89,0.010000000000005116,0.010000000000005116,11436,11496,214.25,227.82,61
dia_20_mais,Página8,20.0,,0,221.16,11468,93.9,0.010000000000005116,0.010000000000005116,11438,11498,214.68,228.26,61
dia_20_mais,Página8,20.0,,0,221.41,11469,93.89,0.010000000000005116,0.010000000000005116,11439,11499,214.88,228.47,61
dia_20_mais,Página8,20.0,,0,221.83,11471,93.9,0.010000000000005116,0.010000000000005116,11441,11501,215.3,228.89,61
dia_20_mais,Página8,20.0,,0,223.09,11477,93.89,0.010000000000005116,0.010000000000005116,11447,11507,216.56,230.16,61
dia_20_mais,Página8,20.0,,0,223.3,11478,93.9,0.010000000000005116,0.010000000000005116,11448,11508,216.77,230.37,61
dia_20_mais,Página8,20.0,,0,224.63,11482,93.89,0.010000000000005116,0.010000000000005116,11452,11512,217.62,231.21,61
dia_20_mais,Página8,20.0,,0,225.43,11485,93.9,0.010000000000005116,0.010000000000005116,11455,11515,218.29,231.86,61
dia_20_mais,Página8,20.0,,0,225.64,11486,93.89,0.010000000000005116,0.010000000000005116,11456,11516,218.49,232.07,61
dia_20_mais,Página8,20.0,,0,227.61,11495,93.9,0.010000000000005116,0.010000000000005116,11465,11525,220.53,234.03,61
dia_20_mais,Página8,20.0,,0,228.05,11497,93.89,0.010000000000005116,0.010000000000005116,11467,11527,220.95,234.45,61
dia_20_mais,Página8,20.0,,0,228.47,11499,93.9,0.010000000000005116,0.010000000000005116,11469,11529,221.41,234.89,61
dia_20_mais,Página8,20.0,,0,228.89,11501,93.89,0.010000000000005116,0.010000000000005116,11471,11531,221.83,235.31,61
dia_20_mais,Página8,20.0,,0,230.79,11510,93.9,0.010000000000005116,0.010000000000005116,11480,11540,223.74,237.84,61
dia_20_mais,Página8,20.0,,0,231.0,11511,93.89,0.010000000000005116,0.010000000000005116,11481,11541,224.1,238.08,61
dia_20_mais,Página8,20.0,,0,231.86,11515,93.9,0.010000000000005116,0.010000000000005116,11485,11545,225.43,238.92,61
dia_20_mais,Página8,20.0,,0,232.07,11516,93.89,0.010000000000005116,0.010000000000005116,11486,11546,225.64,239.17,61
dia_20_mais,Página8,20.0,,0,233.36,11522,93.9,0.010000000000005116,0.010000000000005116,11492,11552,226.98,240.47,61
dia_20_mais,Página8,20.0,,0,233.82,11524,93.89,0.010000000000005116,0.010000000000005116,11494,11554,227.4,240.89,61
dia_20_mais,Página8,20.0,,0,234.03,11525,93.9,0.010000000000005116,0.010000000000005116,11495,11555,227.61,241.1,61
dia_20_mais,Página8,20.0,,0,234.24,11526,93.89,0.010000000000005116,0.010000000000005116,11496,11556,227.82,241.32,61
dia_20_mais,Página8,20.0,,0,234.89,11529,93.9,0.010000000000005116,0.010000000000005116,11499,11559,228.47,241.96,61
dia_20_mais,Página8,20.0,,0,235.1,11530,93.89,0.010000000000005116,0.010000000000005116,11500,11560,228.68,242.17,61
dia_20_mais,Página8,20.0,,0,235.95,11534,93.9,0.010000000000005116,0.010000000000005116,11504,11564,229.53,243.01,61
dia_20_mais,Página8,20.0,,0,236.16,11535,93.89,0.010000000000005116,0.010000000000005116,11505,11565,229.74,243.22,61
dia_20_mais,Página8,20.0,,0,236.95,11538,93.9,0.010000000000005116,0.010000000000005116,11508,11568,230.37,243.86,61
dia_20_mais,Página8,20.0,,0,237.46,11539,93.89,0.010000000000005116,0.010000000000005116,11509,11569,230.58,244.07,61
dia_20_mais,Página8,20.0,,0,239.17,11546,93.9,0.010000000000005116,0.010000000000005116,11516,11576,232.07,245.58,61
dia_20_mais,Página8,20.0,,0,239.38,11547,93.89,0.010000000000005116,0.010000000000005116,11517,11577,232.28,245.83,61
dia_20_mais,Página8,20.0,,0,239.8,11549,93.9,0.010000000000005116,0.010000000000005116,11519,11579,232.73,246.25,61
dia_20_mais,Página8,20.0,,0,240.01,11550,93.89,0.010000000000005116,0.010000000000005116,11520,11580,232.94,246.46,61
dia_20_mais,Página8,20.0,,0,240.68,11553,93.9,0.010000000000005116,0.010000000000005116,11523,11583,233.61,247.13,61
dia_20_mais,Página8,20.0,,0,240.89,11554,93.89,0.010000000000005116,0.010000000000005116,11524,11584,233.82,247.34,61
dia_20_mais,Página8,20.0,,0,241.74,11558,93.9,0.010000000000005116,0.010000000000005116,11528,11588,234.68,248.3,61
dia_20_mais,Página8,20.0,,0,241.96,11559,93.89,0.010000000000005116,0.010000000000005116,11529,11589,234.89,248.51,61
dia_20_mais,Página8,20.0,,0,242.17,11560,93.9,0.010000000000005116,0.010000000000005116,11530,11590,235.1,248.72,61
dia_20_mais,Página8,20.0,,0,242.59,11562,93.89,0.010000000000005116,0.010000000000005116,11532,11592,235.53,249.18,61
dia_20_mais,Página8,20.0,,0,242.8,11563,93.9,0.010000000000005116,0.010000000000005116,11533,11593,235.74,249.39,61
dia_20_mais,Página8,20.0,,0,243.44,11566,93.89,0.010000000000005116,0.010000000000005116,11536,11596,236.37,250.5,61
dia_20_mais,Página8,20.0,,0,244.49,11571,93.9,0.010000000000005116,0.010000000000005116,11541,11601,238.08,251.73,61
dia_20_mais,Página8,20.0,,0,244.73,11572,93.89,0.010000000000005116,0.010000000000005116,11542,11602,238.29,251.94,61
dia_20_mais,Página8,20.0,,0,245.37,11575,93.9,0.010000000000005116,0.010000000000005116,11545,11605,238.92,252.58,61
dia_20_mais,Página8,20.0,,0,246.25,11579,93.89,0.010000000000005116,0.010000000000005116,11549,11609,239.8,253.42,61
dia_20_mais,Página8,20.0,,0,246.46,11580,93.9,0.010000000000005116,0.010000000000005116,11550,11610,240.01,253.64,61
dia_20_mais,Página8,20.0,,0,246.92,11582,93.89,0.010000000000005116,0.010000000000005116,11552,11612,240.47,254.06,61
dia_20_mais,Página8,20.0,,0,247.34,11584,93.9,0.010000000000005116,0.010000000000005116,11554,11614,240.89,254.48,61
dia_20_mais,Página8,20.0,,0,247.55,11585,93.89,0.010000000000005116,0.010000000000005116,11555,11615,241.1,254.73,61
dia_20_mais,Página8,20.0,,0,248.3,11588,93.9,0.010000000000005116,0.010000000000005116,11558,11618,241.74,255.37,61
dia_20_mais,Página8,20.0,,0,249.18,11592,93.89,0.010000000000005116,0.010000000000005116,11562,11622,242.59,256.21,61
dia_20_mais,Página8,20.0,,0,251.73,11601,93.9,0.010000000000005116,0.010000000000005116,11571,11631,244.49,258.12,61
dia_20_mais,Página8,20.0,,0,251.94,11602,93.89,0.010000000000005116,0.010000000000005116,11572,11632,244.73,258.33,61
dia_20_mais,Página8,20.0,,0,252.15,11603,93.9,0.010000000000005116,0.010000000000005116,11573,11633,244.94,258.54,61
dia_20_mais,Página8,20.0,,0,252.37,11604,93.89,0.010000000000005116,0.010000000000005116,11574,11634,245.16,258.75,61
dia_20_mais,Página8,20.0,,0,252.78,11606,93.9,0.010000000000005116,0.010000000000005116,11576,11636,245.58,259.21,61
dia_20_mais,Página8,20.0,,0,253.2,11608,93.89,0.010000000000005116,0.010000000000005116,11578,11638,246.04,259.63,61
dia_20_mais,Página8,20.0,,0,254.95,11616,93.9,0.010000000000005116,0.010000000000005116,11586,11646,247.87,261.37,61
dia_20_mais,Página8,20.0,,0,256.0,11621,93.89,0.010000000000005116,0.010000000000005116,11591,11651,248.93,262.42,61
dia_20_mais,Página8,20.0,,0,256.21,11622,93.9,0.010000000000005116,0.010000000000005116,11592,11652,249.18,262.79,61
dia_20_mais,Página8,20.0,,0,256.63,11624,93.89,0.010000000000005116,0.010000000000005116,11594,11654,249.6,263.68,61
dia_20_mais,Página8,20.0,,0,256.85,11625,93.9,0.010000000000005116,0.010000000000005116,11595,11655,249.97,263.89,61
dia_20_mais,Página8,20.0,,0,257.27,11627,93.89,0.010000000000005116,0.010000000000005116,11597,11657,250.88,264.31,61
dia_20_mais,Página8,20.0,,0,258.12,11631,93.9,0.010000000000005116,0.010000000000005116,11601,11661,251.73,265.18,61
dia_20_mais,Página8,20.0,,0,258.33,11632,93.89,0.010000000000005116,0.010000000000005116,11602,11662,251.94,265.38,61
dia_20_mais,Página8,20.0,,0,258.75,11634,93.9,0.010000000000005116,0.010000000000005116,11604,11664,252.37,265.84,61
dia_20_mais,Página8,20.0,,0,258.96,11635,93.89,0.010000000000005116,0.010000000000005116,11605,11665,252.58,266.05,61
dia_20_mais,Página8,20.0,,0,259.63,11638,93.9,0.010000000000005116,0.010000000000005116,11608,11668,253.2,266.68,61
dia_20_mais,Página8,20.0,,0,260.05,11640,93.89,0.010000000000005116,0.010000000000005116,11610,11670,253.64,267.14,61
dia_20_mais,Página8,20.0,,0,262.0,11649,93.9,0.010000000000005116,0.010000000000005116,11619,11679,255.58,269.05,61
dia_20_mais,Página8,20.0,,0,262.79,11652,93.89,0.010000000000005116,0.010000000000005116,11622,11682,256.21,269.69,61
dia_20_mais,Página8,20.0,,0,264.76,11659,93.9,0.010000000000005116,0.010000000000005116,11629,11689,257.69,271.17,61
dia_20_mais,Página8,20.0,,0,265.18,11661,93.89,0.010000000000005116,0.010000000000005116,11631,11691,258.12,271.62,61
dia_20_mais,Página8,20.0,,0,266.05,11665,93.9,0.010000000000005116,0.010000000000005116,11635,11695,258.96,272.49,61
dia_20_mais,Página8,20.0,,0,266.26,11666,93.89,0.010000000000005116,0.010000000000005116,11636,11696,259.21,272.7,61
dia_20_mais,Página8,20.0,,0,266.47,11667,93.9,0.010000000000005116,0.010000000000005116,11637,11697,259.42,272.91,61
dia_20_mais,Página8,20.0,,0,266.68,11668,93.89,0.010000000000005116,0.010000000000005116,11638,11698,259.63,273.12,61
dia_20_mais,Página8,20.0,,0,267.14,11670,93.9,0.010000000000005116,0.010000000000005116,11640,11700,260.05,273.57,61
dia_20_mais,Página8,20.0,,0,267.35,11671,93.89,0.010000000000005116,0.010000000000005116,11641,11701,260.3,273.78,61
dia_20_mais,Página8,20.0,,0,267.56,11672,93.9,0.010000000000005116,0.010000000000005116,11642,11702,260.51,274.0,61
dia_20_mais,Página8,20.0,,0,267.77,11673,93.89,0.010000000000005116,0.010000000000005116,11643,11703,260.72,274.21,61
dia_20_mais,Página8,20.0,,0,268.21,11675,93.9,0.010000000000005116,0.010000000000005116,11645,11705,261.14,274.65,61
dia_20_mais,Página8,20.0,,0,268.63,11677,93.89,0.010000000000005116,0.010000000000005116,11647,11707,261.58,275.07,61
dia_20_mais,Página8,20.0,,0,268.84,11678,93.9,0.010000000000005116,0.010000000000005116,11648,11708,261.79,275.28,61
dia_20_mais,Página8,20.0,,0,269.05,11679,93.89,0.010000000000005116,0.010000000000005116,11649,11709,262.0,275.6,61
dia_20_mais,Página8,20.0,,0,270.11,11684,93.9,0.010000000000005116,0.010000000000005116,11654,11714,263.68,277.35,61
dia_20_mais,Página8,20.0,,0,270.54,11686,93.89,0.010000000000005116,0.010000000000005116,11656,11716,264.1,277.78,61
dia_20_mais,Página8,20.0,,0,270.75,11687,93.9,0.010000000000005116,0.010000000000005116,11657,11717,264.31,278.03,61
dia_20_mais,Página8,20.0,,0,270.96,11688,93.89,0.010000000000005116,0.010000000000005116,11658,11718,264.52,278.24,61
dia_20_mais,Página8,20.0,,0,273.33,11699,93.9,0.010000000000005116,0.010000000000005116,11669,11729,266.93,280.61,61
dia_20_mais,Página8,20.0,,0,273.57,11700,93.89,0.010000000000005116,0.010000000000005116,11670,11730,267.14,280.83,61
dia_20_mais,Página8,20.0,,0,276.16,11710,93.9,0.010000000000005116,0.010000000000005116,11680,11740,269.27,282.94,61
dia_20_mais,Página8,20.0,,0,276.69,11711,93.89,0.010000000000005116,0.010000000000005116,11681,11741,269.48,283.15,61
dia_20_mais,Página8,20.0,,0,276.94,11712,93.9,0.010000000000005116,0.010000000000005116,11682,11742,269.69,283.37,61
dia_20_mais,Página8,20.0,,0,277.14,11713,93.89,0.010000000000005116,0.010000000000005116,11683,11743,269.89,283.59,61
dia_20_mais,Página8,20.0,,0,278.03,11717,93.9,0.010000000000005116,0.010000000000005116,11687,11747,270.75,284.43,61
dia_20_mais,Página8,20.0,,0,278.24,11718,93.89,0.010000000000005116,0.010000000000005116,11688,11748,270.96,284.67,61
dia_20_mais,Página8,20.0,,0,279.33,11723,93.9,0.010000000000005116,0.010000000000005116,11693,11753,272.04,285.76,61
dia_20_mais,Página8,20.0,,0,279.54,11724,93.89,0.010000000000005116,0.010000000000005116,11694,11754,272.25,285.97,61
dia_20_mais,Página8,20.0,,0,279.75,11725,93.9,0.010000000000005116,0.010000000000005116,11695,11755,272.49,286.18,61
dia_20_mais,Página8,20.0,,0,279.96,11726,93.89,0.010000000000005116,0.010000000000005116,11696,11756,272.7,286.39,61
dia_20_mais,Página8,20.0,,0,281.03,11731,93.9,0.010000000000005116,0.010000000000005116,11701,11761,273.78,287.49,61
dia_20_mais,Página8,20.0,,0,281.26,11732,93.89,0.010000000000005116,0.010000000000005116,11702,11762,274.0,287.7,61
dia_20_mais,Página8,20.0,,0,281.89,11735,93.9,0.010000000000005116,0.010000000000005116,11705,11765,274.65,288.36,61
dia_20_mais,Página8,20.0,,0,282.1,11736,93.89,0.010000000000005116,0.010000000000005116,11706,11766,274.86,288.73,61
dia_20_mais,Página8,20.0,,0,283.37,11742,93.9,0.010000000000005116,0.010000000000005116,11712,11772,276.94,290.47,61
dia_20_mais,Página8,20.0,,0,283.8,11744,93.89,0.010000000000005116,0.010000000000005116,11714,11774,277.35,290.89,61
dia_20_mais,Página8,20.0,,0,284.01,11745,93.9,0.010000000000005116,0.010000000000005116,11715,11775,277.56,291.11,61
dia_20_mais,Página8,20.0,,0,284.43,11747,93.89,0.010000000000005116,0.010000000000005116,11717,11777,278.03,291.54,61
dia_20_mais,Página8,20.0,,0,284.88,11749,93.9,0.010000000000005116,0.010000000000005116,11719,11779,278.45,291.96,61
dia_20_mais,Página8,20.0,,0,285.09,11750,93.89,0.010000000000005116,0.010000000000005116,11720,11780,278.66,292.17,61
dia_20_mais,Página8,20.0,,0,286.86,11758,93.9,0.010000000000005116,0.010000000000005116,11728,11788,280.4,293.92,61
dia_20_mais,Página8,20.0,,0,287.07,11759,93.89,0.010000000000005116,0.010000000000005116,11729,11789,280.61,294.13,61
dia_20_mais,Página8,20.0,,0,287.49,11761,93.9,0.010000000000005116,0.010000000000005116,11731,11791,281.03,294.56,61
dia_20_mais,Página8,20.0,,0,287.94,11763,93.89,0.010000000000005116,0.010000000000005116,11733,11793,281.47,294.98,61
dia_20_mais,Página8,20.0,,0,288.15,11764,93.9,0.010000000000005116,0.010000000000005116,11734,11794,281.68,295.19,61
dia_20_mais,Página8,20.0,,0,288.36,11765,93.89,0.010000000000005116,0.010000000000005116,11735,11795,281.89,295.4,61
dia_20_mais,Página8,20.0,,0,291.54,11777,93.9,0.010000000000005116,0.010000000000005116,11747,11807,284.43,297.97,61
dia_20_mais,Página8,20.0,,0,291.75,11778,93.89,0.010000000000005116,0.010000000000005116,11748,11808,284.67,298.18,61
dia_20_mais,Página8,20.0,,0,291.96,11779,93.9,0.010000000000005116,0.010000000000005116,11749,11809,284.88,298.39,61
dia_20_mais,Página8,20.0,,0,292.17,11780,93.89,0.010000000000005116,0.010000000000005116,11750,11810,285.09,298.6,61
dia_20_mais,Página8,20.0,,0,292.83,11783,93.9,0.010000000000005116,0.010000000000005116,11753,11813,285.76,299.27,61
dia_20_mais,Página8,20.0,,0,293.25,11785,93.89,0.010000000000005116,0.010000000000005116,11755,11815,286.18,299.69,61
dia_20_mais,Página8,20.0,,0,294.13,11789,93.9,0.010000000000005116,0.010000000000005116,11759,11819,287.07,300.57,61
dia_20_mais,Página8,20.0,,0,294.56,11791,93.89,0.010000000000005116,0.010000000000005116,11761,11821,287.49,300.99,61
dia_20_mais,Página8,20.0,,0,295.4,11795,93.9,0.010000000000005116,0.010000000000005116,11765,11825,288.36,302.49,61
dia_20_mais,Página8,20.0,,0,295.83,11797,93.89,0.010000000000005116,0.010000000000005116,11767,11827,289.25,302.9,61
dia_20_mais,Página8,20.0,,0,296.46,11800,93.9,0.010000000000005116,0.010000000000005116,11770,11830,290.05,303.55,61
dia_20_mais,Página8,20.0,,0,296.68,11801,93.89,0.010000000000005116,0.010000000000005116,11771,11831,290.26,303.76,61
dia_20_mais,Página8,20.0,,0,299.27,11813,93.9,0.010000000000005116,0.010000000000005116,11783,11843,292.83,306.38,61
dia_20_mais,Página8,20.0,,0,299.48,11814,93.89,0.010000000000005116,0.010000000000005116,11784,11844,293.04,306.6,61
dia_20_mais,Página8,20.0,,0,299.69,11815,93.9,0.010000000000005116,0.010000000000005116,11785,11845,293.25,306.83,61
dia_20_mais,Página8,20.0,,0,299.9,11816,93.89,0.010000000000005116,0.010000000000005116,11786,11846,293.49,307.04,61
dia_20_mais,Página8,20.0,,0,302.9,11827,93.9,0.010000000000005116,0.010000000000005116,11797,11857,295.83,309.42,61
dia_20_mais,Página8,20.0,,0,303.11,11828,93.89,0.010000000000005116,0.010000000000005116,11798,11858,296.04,309.64,61
dia_20_mais,Página8,20.0,,0,303.76,11831,93.9,0.010000000000005116,0.010000000000005116,11801,11861,296.68,310.28,61
dia_20_mais,Página8,20.0,,0,304.07,11832,93.89,0.010000000000005116,0.010000000000005116,11802,11862,296.89,310.49,61
dia_20_mais,Página8,20.0,,0,304.7,11835,93.9,0.010000000000005116,0.010000000000005116,11805,11865,297.52,311.12,61
dia_20_mais,Página8,20.0,,0,304.91,11836,93.89,0.010000000000005116,0.010000000000005116,11806,11866,297.73,311.33,61
dia_20_mais,Página8,20.0,,0,306.38,11843,93.9,0.010000000000005116,0.010000000000005116,11813,11873,299.27,312.81,61
dia_20_mais,Página8,20.0,,0,306.6,11844,93.89,0.010000000000005116,0.010000000000005116,11814,11874,299.48,313.01,61
dia_20_mais,Página8,20.0,,0,307.04,11846,93.9,0.010000000000005116,0.010000000000005116,11816,11876,299.9,313.47,61
dia_20_mais,Página8,20.0,,0,307.46,11848,93.89,0.010000000000005116,0.010000000000005116,11818,11878,300.36,313.89,61
dia_20_mais,Página8,20.0,,0,307.67,11849,93.9,0.010000000000005116,0.010000000000005116,11819,11879,300.57,314.25,61
dia_20_mais,Página8,20.0,,0,308.34,11852,93.89,0.010000000000005116,0.010000000000005116,11822,11882,301.38,315.36,61
dia_20_mais,Página8,20.0,,0,310.28,11861,93.9,0.010000000000005116,0.010000000000005116,11831,11891,303.76,317.27,61
dia_20_mais,Página8,20.0,,0,310.49,11862,93.89,0.010000000000005116,0.010000000000005116,11832,11892,304.07,317.48,61
dia_20_mais,Página8,20.0,,0,311.12,11865,93.9,0.010000000000005116,0.010000000000005116,11835,11895,304.7,318.14,61
dia_20_mais,Página8,20.0,,0,311.33,11866,93.89,0.010000000000005116,0.010000000000005116,11836,11896,304.91,318.35,61
dia_20_mais,Página8,20.0,,0,312.38,11871,93.9,0.010000000000005116,0.010000000000005116,11841,11901,305.97,319.41,61
dia_20_mais,Página8,20.0,,0,312.6,11872,93.89,0.010000000000005116,0.010000000000005116,11842,11902,306.17,319.62,61
dia_20_mais,Página8,20.0,,0,312.81,11873,93.9,0.010000000000005116,0.010000000000005116,11843,11903,306.38,319.83,61
dia_20_mais,Página8,20.0,,0,313.47,11876,93.89,0.010000000000005116,0.010000000000005116,11846,11906,307.04,320.46,61
dia_20_mais,Página8,20.0,,0,316.85,11889,93.9,0.010000000000005116,0.010000000000005116,11859,11919,309.85,323.21,61
dia_20_mais,Página8,20.0,,0,317.06,11890,93.89,0.010000000000005116,0.010000000000005116,11860,11920,310.07,323.46,61
dia_20_mais,Página8,20.0,,0,317.69,11893,93.9,0.010000000000005116,0.010000000000005116,11863,11923,310.69,324.09,61
dia_20_mais,Página8,20.0,,0,317.93,11894,93.89,0.010000000000005116,0.010000000000005116,11864,11924,310.9,324.31,61
dia_20_mais,Página8,20.0,,0,318.76,11898,93.9,0.010000000000005116,0.010000000000005116,11868,11928,311.75,325.18,61
dia_20_mais,Página8,20.0,,0,319.2,11900,93.89,0.010000000000005116,0.010000000000005116,11870,11930,312.17,325.64,61
dia_20_mais,Página8,20.0,,0,321.72,11912,93.9,0.010000000000005116,0.010000000000005116,11882,11942,315.36,328.8,61
dia_20_mais,Página8,20.0,,0,321.93,11913,93.89,0.010000000000005116,0.010000000000005116,11883,11943,315.57,329.03,61
dia_20_mais,Página8,20.0,,0,323.46,11920,93.9,0.010000000000005116,0.010000000000005116,11890,11950,317.06,330.53,61
dia_20_mais,Página8,20.0,,0,323.67,11921,93.89,0.010000000000005116,0.010000000000005116,11891,11951,317.27,330.74,61
dia_20_mais,Página8,20.0,,0,324.09,11923,93.9,0.010000000000005116,0.010000000000005116,11893,11953,317.69,331.3,61
dia_20_mais,Página8,20.0,,0,324.31,11924,93.89,0.010000000000005116,0.010000000000005116,11894,11954,317.93,331.5,61
dia_20_mais,Página8,20.0,,0,329.66,11946,93.88,0.010000000000005116,0.010000000000005116,11916,11976,322.59,336.22,61
dia_20_mais,Página8,20.0,,0,329.87,11947,93.89,0.010000000000005116,0.010000000000005116,11917,11977,322.8,336.43,61
dia_20_mais,Página8,20.0,,0,334.27,11967,93.88,0.010000000000005116,0.010000000000005116,11937,11997,327.58,341.27,61
dia_20_mais,Página8,20.0,,0,334.52,11968,93.89,0.010000000000005116,0.010000000000005116,11938,11998,327.96,341.51,61
dia_20_mais,Página8,20.0,,0,337.06,11980,93.88,0.010000000000005116,0.010000000000005116,11950,12010,330.53,344.04,61
dia_20_mais,Página8,20.0,,0,337.27,11981,93.89,0.010000000000005116,0.010000000000005116,11951,12011,330.74,344.25,61
dia_20_mais,Página8,20.0,,0,341.72,11999,93.88,0.010000000000005116,0.010000000000005116,11969,12029,334.72,348.11,61
dia_20_mais,Página8,20.0,,0,341.93,12000,93.89,0.010000000000005116,0.010000000000005116,11970,12030,334.93,348.32,61
dia_20_mais,Página8,20.0,,0,344.04,12010,93.88,0.010000000000005116,0.010000000000005116,11980,12040,337.06,350.43,61
dia_20_mais,Página8,20.0,,0,344.25,12011,93.89,0.010000000000005116,0.010000000000005116,11981,12041,337.27,350.64,61
dia_20_mais,Página8,20.0,,0,345.32,12016,93.88,0.010000000000005116,0.010000000000005116,11986,12046,338.32,351.73,61
dia_20_mais,Página8,20.0,,0,345.98,12019,93.89,0.010000000000005116,0.010000000000005116,11989,12049,338.98,352.35,61
dia_20_mais,Página8,20.0,,0,347.89,12028,93.9,0.010000000000005116,0.010000000000005116,11998,12058,341.51,355.08,61
dia_20_mais,Página8,20.0,,0,348.11,12029,93.89,0.010000000000005116,0.010000000000005116,11999,12059,341.72,355.29,61
dia_20_mais,Página8,20.0,,0,356.58,12065,93.9,0.010000000000005116,0.010000000000005116,12035,12095,349.37,363.08,61
dia_20_mais,Página8,20.0,,0,356.79,12066,93.89,0.010000000000005116,0.010000000000005116,12036,12096,349.58,363.29,61
dia_20_mais,Página8,20.0,,0,364.17,12100,93.88,0.010000000000005116,0.010000000000005116,12070,12130,357.63,371.21,61
dia_20_mais,Página8,20.0,,0,364.59,12102,93.89,0.010000000000005116,0.010000000000005116,12072,12132,358.06,371.65,61
dia_20_mais,Página8,20.0,,0,367.14,12111,93.9,0.010000000000005116,0.010000000000005116,12081,12141,360.05,373.57,61
dia_20_mais,Página8,20.0,,0,367.35,12112,93.89,0.010000000000005116,0.010000000000005116,12082,12142,360.27,373.82,61
dia_20_mais,Página8,20.0,,0,367.77,12114,93.88,0.010000000000005116,0.010000000000005116,12084,12144,360.69,374.24,61
dia_20_mais,Página8,20.0,,0,367.99,12115,93.89,0.010000000000005116,0.010000000000005116,12085,12145,360.9,374.46,61
dia_20_mais,Página8,20.0,,0,372.73,12137,93.9,0.010000000000005116,0.010000000000005116,12107,12167,365.81,379.8,61
dia_20_mais,Página8,20.0,,0,372.94,12138,93.89,0.010000000000005116,0.010000000000005116,12108,12168,366.34,380.01,61
dia_20_mais,Página8,20.0,,0,373.57,12141,93.9,0.010000000000005116,0.010000000000005116,12111,12171,367.14,380.69,61
dia_20_mais,Página8,20.0,,0,373.82,12142,93.89,0.010000000000005116,0.010000000000005116,12112,12172,367.35,380.89,61
dia_20_mais,Página8,20.0,,0,386.46,12198,93.88,0.010000000000005116,0.010000000000005116,12168,12228,380.01,393.63,61
dia_20_mais,Página8,20.0,,0,386.77,12199,93.89,0.010000000000005116,0.010000000000005116,12169,12229,380.22,393.83,61
dia_20_mais,Página8,20.0,,0,390.84,12218,93.88,0.010000000000005116,0.010000000000005116,12188,12248,384.35,397.9,61
dia_20_mais,Página8,20.0,,0,391.05,12219,93.89,0.010000000000005116,0.010000000000005116,12189,12249,384.55,398.13,61
dia_20_mais,Página8,20.0,,0,394.47,12232,93.88,0.010000000000005116,0.010000000000005116,12202,12262,387.41,400.89,61
dia_20_mais,Página8,20.0,,0,394.9,12234,93.89,0.010000000000005116,0.010000000000005116,12204,12264,387.83,401.31,61
dia_20_mais,Página8,20.0,,0,395.74,12238,93.88,0.010000000000005116,0.010000000000005116,12208,12268,388.68,402.19,61
dia_20_mais,Página8,20.0,,0,395.97,12239,93.89,0.010000000000005116,0.010000000000005116,12209,12269,388.89,402.4,61
dia_20_mais,Página8,20.0,,0,396.18,12240,93.88,0.010000000000005116,0.010000000000005116,12210,12270,389.1,402.65,61
dia_20_mais,Página8,20.0,,0,396.82,12243,93.89,0.010000000000005116,0.010000000000005116,12213,12273,389.75,403.28,61
dia_20_mais,Página8,20.0,,0,397.69,12247,93.88,0.010000000000005116,0.010000000000005116,12217,12277,390.63,404.3,61
dia_20_mais,Página8,20.0,,0,397.9,12248,93.89,0.010000000000005116,0.010000000000005116,12218,12278,390.84,404.82,61
dia_20_mais,Página8,20.0,,0,398.34,12250,93.88,0.010000000000005116,0.010000000000005116,12220,12280,391.26,405.4,61
dia_20_mais,Página8,20.0,,0,398.96,12253,93.89,0.010000000000005116,0.010000000000005116,12223,12283,392.56,406.04,61
dia_20_mais,Página8,20.0,,0,399.18,12254,93.88,0.010000000000005116,0.010000000000005116,12224,12284,392.77,406.25,61
dia_20_mais,Página8,20.0,,0,399.61,12256,93.89,0.010000000000005116,0.010000000000005116,12226,12286,393.2,406.67,61
dia_20_mais,Página8,20.0,,0,400.47,12260,93.88,0.010000000000005116,0.010000000000005116,12230,12290,394.04,407.53,61
dia_20_mais,Página8,20.0,,0,400.89,12262,93.89,0.010000000000005116,0.010000000000005116,12232,12292,394.47,407.96,61
dia_20_mais,Página8,20.0,,0,402.65,12270,93.88,0.010000000000005116,0.010000000000005116,12240,12300,396.18,409.71,61
dia_20_mais,Página8,20.0,,0,402.86,12271,93.89,0.010000000000005116,0.010000000000005116,12241,12301,396.39,409.92,61
dia_20_mais,Página8,20.0,,0,407.74,12291,93.88,0.010000000000005116,0.010000000000005116,12261,12321,400.68,414.28,61
dia_20_mais,Página8,20.0,,0,407.96,12292,93.89,0.010000000000005116,0.010000000000005116,12262,12322,400.89,414.49,61
dia_20_mais,Página8,20.0,,0,408.62,12295,93.88,0.010000000000005116,0.010000000000005116,12265,12325,401.56,415.12,61
dia_20_mais,Página8,20.0,,0,408.83,12296,93.89,0.010000000000005116,0.010000000000005116,12266,12326,401.77,415.34,61
dia_20_mais,Página8,20.0,,0,409.92,12301,93.88,0.010000000000005116,0.010000000000005116,12271,12331,402.86,416.39,61
dia_20_mais,Página8,20.0,,0,410.13,12302,93.89,0.010000000000005116,0.010000000000005116,12272,12332,403.07,416.6,61
dia_20_mais,Página8,20.0,,0,414.07,12320,93.88,0.010000000000005116,0.010000000000005116,12290,12332,407.53,416.6,43
dia_20_mais,Página8,20.0,,0,414.28,12321,93.89,0.010000000000005116,0.010000000000005116,12291,12332,407.74,416.6,42
dia_20_mais,Página8,20.0,,0,414.71,12323,93.88,0.010000000000005116,0.010000000000005116,12293,12332,408.2,416.6,40
dia_20_mais,Página8,20.0,,0,414.92,12324,93.89,0.010000000000005116,0.010000000000005116,12294,12332,408.41,416.6,39
dia_20_mais,Página8,20.0,,0,415.34,12326,93.88,0.010000000000005116,0.010000000000005116,12296,12332,408.83,416.6,37
dia_20_mais,Página8,20.0,,0,415.76,12328,93.89,0.010000000000005116,0.010000000000005116,12298,12332,409.29,416.6,35
dia_20_mais,Página8,20.0,,0,416.18,12330,93.88,0.010000000000005116,0.010000000000005116,12300,12332,409.71,416.6,33
dia_20_mais,Página8,20.0,,0,416.39,12331,93.89,0.010000000000005116,0.010000000000005116,12301,12332,409.92,416.6,32
dia_20_mais,dia 20 sem pressao - Soja Sauda,20.0,,1,64.84,12338,93.75,0.010000000000005116,0.010000000000005116,12333,12368,63.84,71.6,36
dia_20_mais,dia 20 sem pressao - Soja Sauda,20.0,,1,65.43,12341,93.74,0.010000000000005116,0.010000000000005116,12333,12371,63.84,72.2,39
dia_20_mais,dia 20 sem pressao - Soja Sauda,20.0,,1,71.01,12365,93.75,0.010000000000005116,0.010000000000005116,12335,12395,64.23,77.02,61
dia_20_mais,dia 20 sem pressao - Soja Sauda,20.0,,1,71.21,12366,93.74,0.010000000000005116,0.010000000000005116,12336,12396,64.43,77.32,61
dia_20_mais,dia 20 sem pressao - Soja Sauda,20.0,,1,80.96,12411,93.75,0.010000000000005116,0.010000000000005116,12381,12441,74.2,86.98,61
dia_20_mais,dia 20 sem pressao - Soja Sauda,20.0,,1,81.17,12412,93.74,0.010000000000005116,0.010000000000005116,12382,12442,74.4,87.17,61
dia_20_mais,dia 20 sem pressao - Soja Sauda,20.0,,1,85.17,12432,93.75,0.010000000000005116,0.010000000000005116,12402,12462,78.53,91.64,61
dia_20_mais,dia 20 sem pressao - Soja Sauda,20.0,,1,85.37,12433,93.74,0.010000000000005116,0.010000000000005116,12403,12463,78.73,92.0,61
dia_20_mais,dia 20 sem pressao - Soja Sauda,20.0,,1,88.57,12449,93.75,0.010000000000005116,0.010000000000005116,12419,12479,82.57,95.22,61
dia_20_mais,dia 20 sem pressao - Soja Sauda,20.0,,1,88.77,12450,93.74,0.010000000000005116,0.010000000000005116,12420,12480,82.77,95.42,61
dia_20_mais,dia 20 sem pressao - Soja Sauda,20.0,,1,88.99,12451,93.75,0.010000000000005116,0.010000000000005116,12421,12481,82.97,95.62,61
dia_20_mais,dia 20 sem pressao - Soja Sauda,20.0,,1,89.19,12452,93.74,0.010000000000005116,0.010000000000005116,12422,12482,83.17,95.82,61
dia_20_mais,dia 20 sem pressao - Soja Sauda,20.0,,1,100.06,12503,93.75,0.010000000000005116,0.010000000000005116,12473,12533,94.01,106.84,61
dia_20_mais,dia 20 sem pressao - Soja Sauda,20.0,,1,100.26,12504,93.74,0.010000000000005116,0.010000000000005116,12474,12534,94.21,107.04,61
dia_20_mais,dia 20 sem pressao - Soja Sauda,20.0,,1,147.89,12727,93.75,0.010000000000005116,0.010000000000005116,12697,12757,141.85,154.57,61
dia_20_mais,dia 20 sem pressao - Soja Sauda,20.0,,1,148.28,12729,93.74,0.010000000000005116,0.010000000000005116,12699,12759,142.26,154.97,61
dia_20_mais,dia 20 sem pressao - Soja Sauda,20.0,,1,157.5,12771,93.75,0.010000000000005116,0.010000000000005116,12741,12801,151.36,164.17,61
dia_20_mais,dia 20 sem pressao - Soja Sauda,20.0,,1,157.69,12772,93.74,0.010000000000005116,0.010000000000005116,12742,12802,151.56,164.36,61
dia_20_mais,dia 20 sem pressao - Soja Sauda,20.0,,1,163.95,12800,93.75,0.010000000000005116,0.010000000000005116,12770,12830,157.28,169.97,61
dia_20_mais,dia 20 sem pressao - Soja Sauda,20.0,,1,164.17,12801,93.74,0.010000000000005116,0.010000000000005116,12771,12831,157.5,170.16,61
dia_20_mais,dia 20 sem pressao - Soja Sauda,20.0,,1,184.01,12896,93.72,0.010000000000005116,0.010000000000005116,12866,12926,177.85,190.7,61
dia_20_mais,dia 20 sem pressao - Soja Sauda,20.0,,1,184.21,12897,93.73,0.010000000000005116,0.010000000000005116,12867,12927,178.05,190.9,61
dia_20_mais,dia 20 sem pressao - Soja Sauda,20.0,,1,185.08,12899,93.72,0.010000000000005116,0.010000000000005116,12869,12929,178.45,191.3,61
dia_20_mais,dia 20 sem pressao - Soja Sauda,20.0,,1,187.25,12909,93.72,0.010000000000005116,0.010000000000005116,12879,12939,180.46,193.32,61
dia_20_mais,dia 20 sem pressao - Soja Sauda,20.0,,1,187.45,12910,93.73,0.010000000000005116,0.010000000000005116,12880,12940,180.67,193.52,61
dia_20_mais,dia 20 sem pressao - Soja Sauda,20.0,,1,215.18,13040,93.72,0.010000000000005116,0.010000000000005116,13010,13070,209.1,221.86,61
dia_20_mais,dia 20 sem pressao - Soja Sauda,20.0,,1,215.38,13041,93.73,0.010000000000005116,0.010000000000005116,13011,13071,209.3,222.06,61
dia_20_mais,dia 20 sem pressao - Soja Sauda,20.0,,1,219.21,13060,93.72,0.010000000000005116,0.010000000000005116,13030,13090,213.17,225.91,61
dia_20_mais,dia 20 sem pressao - Soja Sauda,20.0,,1,219.41,13061,93.73,0.010000000000005116,0.010000000000005116,13031,13091,213.37,226.1,61
dia_20_mais,dia 20 sem pressao - Soja Sauda,20.0,,1,307.62,13472,93.72,0.010000000000005116,0.010000000000005116,13442,13502,300.97,314.36,61
dia_20_mais,dia 20 sem pressao - Soja Sauda,20.0,,1,307.82,13473,93.73,0.010000000000005116,0.010000000000005116,13443,13503,301.17,314.56,61
dia_20_mais,dia 20 sem pressao - Soja Sauda,20.0,,1,338.05,13612,93.74,0.010000000000005116,0.010000000000005116,13582,13642,331.32,344.21,61
dia_20_mais,Página10,20.0,,1,89.37,15407,93.64,0.010000000000005116,0.010000000000005116,15377,15437,82.57,96.16,61
dia_20_mais,Página10,20.0,,1,89.58,15408,93.65,0.010000000000005116,0.010000000000005116,15378,15438,82.8,96.36,61
dia_20_mais,Página10,20.0,,1,117.06,15535,93.64,0.010000000000005116,0.010000000000005116,15505,15565,110.87,123.91,61
dia_20_mais,Página10,20.0,,1,117.27,15536,93.65,0.010000000000005116,0.010000000000005116,15506,15566,111.07,124.11,61
dia_20_mais,Página10,20.0,,1,117.47,15537,93.64,0.010000000000005116,0.010000000000005116,15507,15567,111.28,124.32,61
dia_20_mais,Página10,20.0,,1,117.67,15538,93.65,0.010000000000005116,0.010000000000005116,15508,15568,111.48,124.52,61
dia_20_mais,Página10,20.0,,1,120.58,15549,93.64,0.010000000000005116,0.010000000000005116,15519,15579,113.76,126.79,61
dia_20_mais,Página10,20.0,,1,120.79,15550,93.65,0.010000000000005116,0.010000000000005116,15520,15580,113.97,126.99,61
dia_20_mais,Página10,20.0,,1,134.72,15614,93.64,0.010000000000005116,0.010000000000005116,15584,15644,127.83,140.9,61
dia_20_mais,Página10,20.0,,1,134.93,15615,93.65,0.010000000000005116,0.010000000000005116,15585,15645,128.03,141.1,61
dia_20_mais,Página10,20.0,,1,146.51,15668,93.64,0.010000000000005116,0.010000000000005116,15638,15698,139.67,152.68,61
dia_20_mais,Página10,20.0,,1,146.71,15669,93.65,0.010000000000005116,0.010000000000005116,15639,15699,139.87,152.89,61
dia_20_mais,Página10,20.0,,1,149.6,15683,93.64,0.010000000000005116,0.010000000000005116,15653,15713,142.76,156.24,61
dia_20_mais,Página10,20.0,,1,150.0,15685,93.65,0.010000000000005116,0.010000000000005116,15655,15715,143.17,156.81,61
dia_20_mais,Página10,20.0,,1,158.68,15724,93.64,0.010000000000005116,0.010000000000005116,15694,15754,151.86,165.0,61
dia_20_mais,Página10,20.0,,1,158.88,15725,93.65,0.010000000000005116,0.010000000000005116,15695,15755,152.07,165.2,61
dia_20_mais,Página10,20.0,,1,163.97,15749,93.64,0.010000000000005116,0.010000000000005116,15719,15779,157.63,170.8,61
dia_20_mais,Página10,20.0,,1,164.18,15750,93.65,0.010000000000005116,0.010000000000005116,15720,15780,157.83,171.0,61
dia_20_mais,Página10,20.0,,1,165.0,15754,93.64,0.010000000000005116,0.010000000000005116,15724,15784,158.68,171.82,61
dia_20_mais,Página10,20.0,,1,165.2,15755,93.65,0.010000000000005116,0.010000000000005116,15725,15785,158.88,172.02,61
dia_20_mais,Página10,20.0,,1,166.64,15762,93.64,0.010000000000005116,0.010000000000005116,15732,15792,160.46,173.46,61
dia_20_mais,Página10,20.0,,1,166.84,15763,93.65,0.010000000000005116,0.010000000000005116,15733,15793,160.66,173.67,61
dia_20_mais,Página10,20.0,,1,173.67,15793,93.64,0.010000000000005116,0.010000000000005116,15763,15823,166.84,179.97,61
dia_20_mais,Página10,20.0,,1,173.87,15794,93.65,0.010000000000005116,0.010000000000005116,15764,15824,167.07,180.49,61
dia_20_mais,Página10,20.0,,1,174.07,15795,93.64,0.010000000000005116,0.010000000000005116,15765,15825,167.27,180.86,61
dia_20_mais,Página10,20.0,,1,174.27,15796,93.65,0.010000000000005116,0.010000000000005116,15766,15826,167.47,181.06,61
dia_20_mais,Página10,20.0,,1,175.3,15801,93.64,0.010000000000005116,0.010000000000005116,15771,15831,169.14,182.1,61
dia_20_mais,Página10,20.0,,1,175.51,15802,93.65,0.010000000000005116,0.010000000000005116,15772,15832,169.36,182.3,61
dia_20_mais,Página10,20.0,,1,181.06,15826,93.64,0.010000000000005116,0.010000000000005116,15796,15856,174.27,187.32,61
dia_20_mais,Página10,20.0,,1,181.5,15828,93.65,0.010000000000005116,0.010000000000005116,15798,15858,174.68,187.72,61
dia_20_mais,Página10,20.0,,1,182.91,15835,93.64,0.010000000000005116,0.010000000000005116,15805,15865,176.13,189.19,61
dia_20_mais,Página10,20.0,,1,183.11,15836,93.65,0.010000000000005116,0.010000000000005116,15806,15866,176.33,189.39,61
dia_20_mais,Página10,20.0,,1,183.75,15839,93.64,0.010000000000005116,0.010000000000005116,15809,15869,176.94,190.0,61
dia_20_mais,Página10,20.0,,1,183.95,15840,93.65,0.010000000000005116,0.010000000000005116,15810,15870,177.15,190.2,61
dia_20_mais,Página10,20.0,,1,184.15,15841,93.64,0.010000000000005116,0.010000000000005116,15811,15871,177.35,190.41,61
dia_20_mais,Página10,20.0,,1,184.36,15842,93.65,0.010000000000005116,0.010000000000005116,15812,15872,177.55,190.61,61
dia_20_mais,Página10,20.0,,1,186.7,15853,93.64,0.010000000000005116,0.010000000000005116,15823,15883,179.97,193.67,61
dia_20_mais,Página10,20.0,,1,186.91,15854,93.65,0.010000000000005116,0.010000000000005116,15824,15884,180.49,193.87,61
dia_20_mais,Página10,20.0,,1,188.97,15864,93.64,0.010000000000005116,0.010000000000005116,15834,15894,182.71,195.94,61
dia_20_mais,Página10,20.0,,1,189.19,15865,93.65,0.010000000000005116,0.010000000000005116,15835,15895,182.91,196.14,61
dia_20_mais,Página10,20.0,,1,190.0,15869,93.64,0.010000000000005116,0.010000000000005116,15839,15899,183.75,196.96,61
dia_20_mais,Página10,20.0,,1,190.2,15870,93.65,0.010000000000005116,0.010000000000005116,15840,15900,183.95,197.16,61
dia_20_mais,Página10,20.0,,1,193.87,15884,93.64,0.010000000000005116,0.010000000000005116,15854,15914,186.91,200.02,61
dia_20_mais,Página10,20.0,,1,194.09,15885,93.65,0.010000000000005116,0.010000000000005116,15855,15915,187.12,200.22,61
dia_20_mais,Página10,20.0,,1,194.29,15886,93.64,0.010000000000005116,0.010000000000005116,15856,15916,187.32,200.44,61
dia_20_mais,Página10,20.0,,1,194.49,15887,93.65,0.010000000000005116,0.010000000000005116,15857,15917,187.52,200.64,61
dia_20_mais,Página10,20.0,,1,194.69,15888,93.64,0.010000000000005116,0.010000000000005116,15858,15918,187.72,200.85,61
dia_20_mais,Página10,20.0,,1,194.92,15889,93.65,0.010000000000005116,0.010000000000005116,15859,15919,187.93,201.05,61
dia_20_mais,Página10,20.0,,1,195.12,15890,93.64,0.010000000000005116,0.010000000000005116,15860,15920,188.16,201.25,61
dia_20_mais,Página10,20.0,,1,195.73,15893,93.65,0.010000000000005116,0.010000000000005116,15863,15923,188.76,201.86,61
dia_20_mais,Página10,20.0,,1,195.94,15894,93.64,0.010000000000005116,0.010000000000005116,15864,15924,188.97,202.07,61
dia_20_mais,Página10,20.0,,1,196.54,15897,93.65,0.010000000000005116,0.010000000000005116,15867,15927,189.59,202.7,61
dia_20_mais,Página10,20.0,,1,196.75,15898,93.64,0.010000000000005116,0.010000000000005116,15868,15928,189.79,202.91,61
dia_20_mais,Página10,20.0,,1,197.36,15901,93.65,0.010000000000005116,0.010000000000005116,15871,15931,190.41,203.51,61
dia_20_mais,Página10,20.0,,1,198.97,15909,93.64,0.010000000000005116,0.010000000000005116,15879,15939,192.53,205.78,61
dia_20_mais,Página10,20.0,,1,199.18,15910,93.65,0.010000000000005116,0.010000000000005116,15880,15940,193.04,206.02,61
dia_20_mais,Página10,20.0,,1,200.02,15914,93.64,0.010000000000005116,0.010000000000005116,15884,15944,193.87,206.82,61
dia_20_mais,Página10,20.0,,1,200.44,15916,93.65,0.010000000000005116,0.010000000000005116,15886,15946,194.29,207.23,61
dia_20_mais,Página10,20.0,,1,200.64,15917,93.64,0.010000000000005116,0.010000000000005116,15887,15947,194.49,207.43,61
dia_20_mais,Página10,20.0,,1,200.85,15918,93.65,0.010000000000005116,0.010000000000005116,15888,15948,194.69,207.64,61
dia_20_mais,Página10,20.0,,1,201.46,15921,93.64,0.010000000000005116,0.010000000000005116,15891,15951,195.32,208.28,61
dia_20_mais,Página10,20.0,,1,202.07,15924,93.65,0.010000000000005116,0.010000000000005116,15894,15954,195.94,208.88,61
dia_20_mais,Página10,20.0,,1,202.27,15925,93.64,0.010000000000005116,0.010000000000005116,15895,15955,196.14,209.08,61
dia_20_mais,Página10,20.0,,1,202.47,15926,93.65,0.010000000000005116,0.010000000000005116,15896,15956,196.34,209.29,61
dia_20_mais,Página10,20.0,,1,203.31,15930,93.64,0.010000000000005116,0.010000000000005116,15900,15960,197.16,210.1,61
dia_20_mais,Página10,20.0,,1,203.51,15931,93.65,0.010000000000005116,0.010000000000005116,15901,15961,197.36,210.31,61
dia_20_mais,Página10,20.0,,1,205.37,15937,93.64,0.010000000000005116,0.010000000000005116,15907,15967,198.57,211.56,61
dia_20_mais,Página10,20.0,,1,205.78,15939,93.65,0.010000000000005116,0.010000000000005116,15909,15969,198.97,211.97,61
dia_20_mais,Página10,20.0,,1,206.02,15940,93.64,0.010000000000005116,0.010000000000005116,15910,15970,199.18,212.27,61
dia_20_mais,Página10,20.0,,1,206.21,15941,93.65,0.010000000000005116,0.010000000000005116,15911,15971,199.41,212.47,61
dia_20_mais,Página10,20.0,,1,206.42,15942,93.64,0.010000000000005116,0.010000000000005116,15912,15972,199.62,212.69,61
dia_20_mais,Página10,20.0,,1,206.82,15944,93.65,0.010000000000005116,0.010000000000005116,15914,15974,200.02,213.1,61
dia_20_mais,Página10,20.0,,1,207.23,15946,93.64,0.010000000000005116,0.010000000000005116,15916,15976,200.44,213.51,61
dia_20_mais,Página10,20.0,,1,207.43,15947,93.65,0.010000000000005116,0.010000000000005116,15917,15977,200.64,213.71,61
dia_20_mais,Página10,20.0,,1,207.84,15949,93.64,0.010000000000005116,0.010000000000005116,15919,15979,201.05,214.14,61
dia_20_mais,Página10,20.0,,1,208.04,15950,93.65,0.010000000000005116,0.010000000000005116,15920,15980,201.25,214.34,61
dia_20_mais,Página10,20.0,,1,209.9,15959,93.64,0.010000000000005116,0.010000000000005116,15929,15989,203.11,216.83,61
dia_20_mais,Página10,20.0,,1,210.1,15960,93.65,0.010000000000005116,0.010000000000005116,15930,15990,203.31,217.03,61
dia_20_mais,Página10,20.0,,1,210.95,15964,93.64,0.010000000000005116,0.010000000000005116,15934,15994,204.76,217.87,61
dia_20_mais,Página10,20.0,,1,211.15,15965,93.65,0.010000000000005116,0.010000000000005116,15935,15995,204.97,218.07,61
dia_20_mais,Página10,20.0,,1,211.56,15967,93.64,0.010000000000005116,0.010000000000005116,15937,15997,205.37,218.49,61
dia_20_mais,Página10,20.0,,1,211.77,15968,93.65,0.010000000000005116,0.010000000000005116,15938,15998,205.57,218.69,61
dia_20_mais,Página10,20.0,,1,212.47,15971,93.64,0.010000000000005116,0.010000000000005116,15941,16001,206.21,219.3,61
dia_20_mais,Página10,20.0,,1,212.69,15972,93.65,0.010000000000005116,0.010000000000005116,15942,16002,206.42,219.54,61
dia_20_mais,Página10,20.0,,1,212.9,15973,93.64,0.010000000000005116,0.010000000000005116,15943,16003,206.62,219.74,61
dia_20_mais,Página10,20.0,,1,213.1,15974,93.65,0.010000000000005116,0.010000000000005116,15944,16004,206.82,219.94,61
dia_20_mais,Página10,20.0,,1,213.31,15975,93.64,0.010000000000005116,0.010000000000005116,15945,16005,207.03,220.15,61
dia_20_mais,Página10,20.0,,1,213.51,15976,93.65,0.010000000000005116,0.010000000000005116,15946,16006,207.23,220.35,61
dia_20_mais,Página10,20.0,,1,213.94,15978,93.64,0.010000000000005116,0.010000000000005116,15948,16008,207.64,220.76,61
dia_20_mais,Página10,20.0,,1,214.14,15979,93.65,0.010000000000005116,0.010000000000005116,15949,16009,207.84,220.96,61
dia_20_mais,Página10,20.0,,1,214.54,15981,93.64,0.010000000000005116,0.010000000000005116,15951,16011,208.28,221.37,61
dia_20_mais,Página10,20.0,,1,214.75,15982,93.65,0.010000000000005116,0.010000000000005116,15952,16012,208.47,221.58,61
dia_20_mais,Página10,20.0,,1,215.56,15986,93.64,0.010000000000005116,0.010000000000005116,15956,16016,209.29,222.39,61
dia_20_mais,Página10,20.0,,1,215.93,15987,93.65,0.010000000000005116,0.010000000000005116,15957,16017,209.5,222.6,61
dia_20_mais,Página10,20.0,,1,218.07,15995,93.64,0.010000000000005116,0.010000000000005116,15965,16025,211.15,224.26,61
dia_20_mais,Página10,20.0,,1,218.49,15997,93.65,0.010000000000005116,0.010000000000005116,15967,16027,211.56,224.67,61
dia_20_mais,Página10,20.0,,1,218.89,15999,93.64,0.010000000000005116,0.010000000000005116,15969,16029,211.97,225.11,61
dia_20_mais,Página10,20.0,,1,220.56,16007,93.65,0.010000000000005116,0.010000000000005116,15977,16037,213.71,226.76,61
dia_20_mais,Página10,20.0,,1,220.76,16008,93.64,0.010000000000005116,0.010000000000005116,15978,16038,213.94,226.96,61
dia_20_mais,Página10,20.0,,1,221.99,16014,93.65,0.010000000000005116,0.010000000000005116,15984,16044,215.16,228.81,61
dia_20_mais,Página10,20.0,,1,222.39,16016,93.64,0.010000000000005116,0.010000000000005116,15986,16046,215.56,229.21,61
dia_20_mais,Página10,20.0,,1,222.6,16017,93.65,0.010000000000005116,0.010000000000005116,15987,16047,215.93,229.42,61
dia_20_mais,Página10,20.0,,1,222.84,16018,93.64,0.010000000000005116,0.010000000000005116,15988,16048,216.46,229.63,61
dia_20_mais,Página10,20.0,,1,223.04,16019,93.65,0.010000000000005116,0.010000000000005116,15989,16049,216.83,229.83,61
dia_20_mais,Página10,20.0,,1,223.24,16020,93.64,0.010000000000005116,0.010000000000005116,15990,16050,217.03,230.03,61
dia_20_mais,Página10,20.0,,1,223.45,16021,93.65,0.010000000000005116,0.010000000000005116,15991,16051,217.26,230.23,61
dia_20_mais,Página10,20.0,,1,223.65,16022,93.64,0.010000000000005116,0.010000000000005116,15992,16052,217.47,230.43,61
dia_20_mais,Página10,20.0,,1,224.06,16024,93.65,0.010000000000005116,0.010000000000005116,15994,16054,217.87,230.87,61
dia_20_mais,Página10,20.0,,1,224.26,16025,93.64,0.010000000000005116,0.010000000000005116,15995,16055,218.07,231.08,61
dia_20_mais,Página10,20.0,,1,224.47,16026,93.65,0.010000000000005116,0.010000000000005116,15996,16056,218.29,231.28,61
dia_20_mais,Página10,20.0,,1,224.67,16027,93.64,0.010000000000005116,0.010000000000005116,15997,16057,218.49,231.49,61
dia_20_mais,Página10,20.0,,1,224.88,16028,93.65,0.010000000000005116,0.010000000000005116,15998,16058,218.69,231.69,61
dia_20_mais,Página10,20.0,,1,225.32,16030,93.64,0.010000000000005116,0.010000000000005116,16000,16060,219.09,232.1,61
dia_20_mais,Página10,20.0,,1,225.72,16032,93.65,0.010000000000005116,0.010000000000005116,16002,16062,219.54,232.5,61
dia_20_mais,Página10,20.0,,1,226.15,16034,93.64,0.010000000000005116,0.010000000000005116,16004,16064,219.94,232.93,61
dia_20_mais,Página10,20.0,,1,227.94,16042,93.65,0.010000000000005116,0.010000000000005116,16012,16072,221.58,234.58,61
dia_20_mais,Página10,20.0,,1,228.45,16043,93.64,0.010000000000005116,0.010000000000005116,16013,16073,221.78,234.78,61
dia_20_mais,Página10,20.0,,1,228.81,16044,93.65,0.010000000000005116,0.010000000000005116,16014,16074,221.99,234.99,61
dia_20_mais,Página10,20.0,,1,229.01,16045,93.64,0.010000000000005116,0.010000000000005116,16015,16075,222.19,235.2,61
dia_20_mais,Página10,20.0,,1,229.42,16047,93.65,0.010000000000005116,0.010000000000005116,16017,16077,222.6,235.6,61
dia_20_mais,Página10,20.0,,1,229.63,16048,93.64,0.010000000000005116,0.010000000000005116,16018,16078,222.84,235.81,61
dia_20_mais,Página10,20.0,,1,229.83,16049,93.65,0.010000000000005116,0.010000000000005116,16019,16079,223.04,236.01,61
dia_20_mais,Página10,20.0,,1,230.03,16050,93.64,0.010000000000005116,0.010000000000005116,16020,16080,223.24,236.25,61
dia_20_mais,Página10,20.0,,1,230.43,16052,93.65,0.010000000000005116,0.010000000000005116,16022,16082,223.65,236.65,61
dia_20_mais,Página10,20.0,,1,230.87,16054,93.64,0.010000000000005116,0.010000000000005116,16024,16084,224.06,237.06,61
dia_20_mais,Página10,20.0,,1,232.3,16061,93.65,0.010000000000005116,0.010000000000005116,16031,16091,225.52,238.49,61
dia_20_mais,Página10,20.0,,1,232.71,16063,93.64,0.010000000000005116,0.010000000000005116,16033,16093,225.92,239.0,61
dia_20_mais,Página10,20.0,,1,233.97,16069,93.65,0.010000000000005116,0.010000000000005116,16039,16099,227.17,240.86,61
dia_20_mais,Página10,20.0,,1,234.38,16071,93.64,0.010000000000005116,0.010000000000005116,16041,16101,227.57,241.26,61
dia_20_mais,Página10,20.0,,1,234.58,16072,93.65,0.010000000000005116,0.010000000000005116,16042,16102,227.94,241.46,61
dia_20_mais,Página10,20.0,,1,234.78,16073,93.64,0.010000000000005116,0.010000000000005116,16043,16103,228.45,241.68,61
dia_20_mais,Página10,20.0,,1,235.4,16076,93.65,0.010000000000005116,0.010000000000005116,16046,16106,229.21,242.29,61
dia_20_mais,Página10,20.0,,1,235.6,16077,93.64,0.010000000000005116,0.010000000000005116,16047,16107,229.42,242.49,61
dia_20_mais,Página10,20.0,,1,236.86,16083,93.65,0.010000000000005116,0.010000000000005116,16053,16113,230.67,243.72,61
dia_20_mais,Página10,20.0,,1,237.27,16085,93.64,0.010000000000005116,0.010000000000005116,16055,16115,231.08,244.15,61
dia_20_mais,Página10,20.0,,1,239.0,16093,93.65,0.010000000000005116,0.010000000000005116,16063,16123,232.71,245.78,61
dia_20_mais,Página10,20.0,,1,239.2,16094,93.64,0.010000000000005116,0.010000000000005116,16064,16124,232.93,245.99,61
dia_20_mais,Página10,20.0,,1,240.86,16099,93.65,0.010000000000005116,0.010000000000005116,16069,16129,233.97,247.01,61
dia_20_mais,Página10,20.0,,1,241.26,16101,93.64,0.010000000000005116,0.010000000000005116,16071,16131,234.38,247.45,61
dia_20_mais,Página10,20.0,,1,241.46,16102,93.65,0.010000000000005116,0.010000000000005116,16072,16132,234.58,247.65,61
dia_20_mais,Página10,20.0,,1,241.88,16104,93.64,0.010000000000005116,0.010000000000005116,16074,16134,234.99,248.05,61
dia_20_mais,Página10,20.0,,1,242.09,16105,93.65,0.010000000000005116,0.010000000000005116,16075,16135,235.2,248.26,61
dia_20_mais,Página10,20.0,,1,242.29,16106,93.64,0.010000000000005116,0.010000000000005116,16076,16136,235.4,248.46,61
dia_20_mais,Página10,20.0,,1,242.49,16107,93.65,0.010000000000005116,0.010000000000005116,16077,16137,235.6,248.67,61
dia_20_mais,Página10,20.0,,1,242.7,16108,93.64,0.010000000000005116,0.010000000000005116,16078,16138,235.81,248.87,61
dia_20_mais,Página10,20.0,,1,243.11,16110,93.65,0.010000000000005116,0.010000000000005116,16080,16140,236.25,249.28,61
dia_20_mais,Página10,20.0,,1,243.31,16111,93.64,0.010000000000005116,0.010000000000005116,16081,16141,236.45,249.5,61
dia_20_mais,Página10,20.0,,1,243.72,16113,93.65,0.010000000000005116,0.010000000000005116,16083,16143,236.86,249.9,61
dia_20_mais,Página10,20.0,,1,244.15,16115,93.64,0.010000000000005116,0.010000000000005116,16085,16145,237.27,250.31,61
dia_20_mais,Página10,20.0,,1,244.55,16117,93.65,0.010000000000005116,0.010000000000005116,16087,16147,237.67,250.72,61
dia_20_mais,Página10,20.0,,1,244.76,16118,93.64,0.010000000000005116,0.010000000000005116,16088,16148,237.88,250.93,61
dia_20_mais,Página10,20.0,,1,244.97,16119,93.65,0.010000000000005116,0.010000000000005116,16089,16149,238.08,251.13,61
dia_20_mais,Página10,20.0,,1,245.58,16122,93.64,0.010000000000005116,0.010000000000005116,16092,16152,238.7,252.2,61
dia_20_mais,Página10,20.0,,1,245.99,16124,93.65,0.010000000000005116,0.010000000000005116,16094,16154,239.2,252.79,61
dia_20_mais,Página10,20.0,,1,247.45,16131,93.64,0.010000000000005116,0.010000000000005116,16101,16161,241.26,254.22,61
dia_20_mais,Página10,20.0,,1,247.65,16132,93.65,0.010000000000005116,0.010000000000005116,16102,16162,241.46,254.42,61
dia_20_mais,Página10,20.0,,1,247.85,16133,93.64,0.010000000000005116,0.010000000000005116,16103,16163,241.68,254.63,61
dia_20_mais,Página10,20.0,,1,248.05,16134,93.65,0.010000000000005116,0.010000000000005116,16104,16164,241.88,254.83,61
dia_20_mais,Página10,20.0,,1,248.67,16137,93.64,0.010000000000005116,0.010000000000005116,16107,16167,242.49,255.47,61
dia_20_mais,Página10,20.0,,1,249.28,16140,93.65,0.010000000000005116,0.010000000000005116,16110,16170,243.11,256.09,61
dia_20_mais,Página10,20.0,,1,249.5,16141,93.64,0.010000000000005116,0.010000000000005116,16111,16171,243.31,256.29,61
dia_20_mais,Página10,20.0,,1,249.7,16142,93.65,0.010000000000005116,0.010000000000005116,16112,16172,243.51,256.49,61
dia_20_mais,Página10,20.0,,1,249.9,16143,93.64,0.010000000000005116,0.010000000000005116,16113,16173,243.72,256.7,61
dia_20_mais,Página10,20.0,,1,250.11,16144,93.65,0.010000000000005116,0.010000000000005116,16114,16174,243.94,256.9,61
dia_20_mais,Página10,20.0,,1,250.72,16147,93.64,0.010000000000005116,0.010000000000005116,16117,16177,244.55,257.54,61
dia_20_mais,Página10,20.0,,1,250.93,16148,93.65,0.010000000000005116,0.010000000000005116,16118,16178,244.76,257.74,61
dia_20_mais,Página10,20.0,,1,253.6,16158,93.64,0.010000000000005116,0.010000000000005116,16128,16188,246.8,259.8,61
dia_20_mais,Página10,20.0,,1,253.81,16159,93.65,0.010000000000005116,0.010000000000005116,16129,16189,247.01,260.0,61
dia_20_mais,Página10,20.0,,1,254.42,16162,93.64,0.010000000000005116,0.010000000000005116,16132,16192,247.65,260.63,61
dia_20_mais,Página10,20.0,,1,255.47,16167,93.65,0.010000000000005116,0.010000000000005116,16137,16197,248.67,261.65,61
dia_20_mais,Página10,20.0,,1,255.88,16169,93.64,0.010000000000005116,0.010000000000005116,16139,16199,249.07,262.06,61
dia_20_mais,Página10,20.0,,1,256.49,16172,93.65,0.010000000000005116,0.010000000000005116,16142,16202,249.7,262.67,61
dia_20_mais,Página10,20.0,,1,257.94,16179,93.64,0.010000000000005116,0.010000000000005116,16149,16209,251.13,264.76,61
dia_20_mais,Página10,20.0,,1,258.35,16181,93.65,0.010000000000005116,0.010000000000005116,16151,16211,251.69,265.18,61
dia_20_mais,Página10,20.0,,1,259.16,16185,93.64,0.010000000000005116,0.010000000000005116,16155,16215,252.99,265.99,61
dia_20_mais,Página10,20.0,,1,259.6,16187,93.65,0.010000000000005116,0.010000000000005116,16157,16217,253.39,266.53,61
dia_20_mais,Página10,20.0,,1,260.63,16192,93.64,0.010000000000005116,0.010000000000005116,16162,16222,254.42,267.58,61
dia_20_mais,Página10,20.0,,1,260.83,16193,93.65,0.010000000000005116,0.010000000000005116,16163,16223,254.63,267.78,61
dia_20_mais,Página10,20.0,,1,261.44,16196,93.64,0.010000000000005116,0.010000000000005116,16166,16226,255.27,268.39,61
dia_20_mais,Página10,20.0,,1,261.86,16198,93.65,0.010000000000005116,0.010000000000005116,16168,16228,255.67,268.8,61
dia_20_mais,Página10,20.0,,1,262.27,16200,93.64,0.010000000000005116,0.010000000000005116,16170,16230,256.09,269.21,61
dia_20_mais,Página10,20.0,,1,262.47,16201,93.65,0.010000000000005116,0.010000000000005116,16171,16231,256.29,269.41,61
dia_20_mais,Página10,20.0,,1,262.67,16202,93.64,0.010000000000005116,0.010000000000005116,16172,16232,256.49,269.62,61
dia_20_mais,Página10,20.0,,1,263.11,16204,93.65,0.010000000000005116,0.010000000000005116,16174,16234,256.9,270.06,61
dia_20_mais,Página10,20.0,,1,263.48,16205,93.64,0.010000000000005116,0.010000000000005116,16175,16235,257.1,270.26,61
dia_20_mais,Página10,20.0,,1,264.76,16209,93.65,0.010000000000005116,0.010000000000005116,16179,16239,257.94,271.08,61
dia_20_mais,Página10,20.0,,1,265.39,16212,93.64,0.010000000000005116,0.010000000000005116,16182,16242,258.55,271.69,61
dia_20_mais,Página10,20.0,,1,265.99,16215,93.65,0.010000000000005116,0.010000000000005116,16185,16245,259.16,272.33,61
dia_20_mais,Página10,20.0,,1,267.14,16220,93.64,0.010000000000005116,0.010000000000005116,16190,16250,260.2,273.35,61
dia_20_mais,Página10,20.0,,1,267.38,16221,93.65,0.010000000000005116,0.010000000000005116,16191,16251,260.41,273.55,61
dia_20_mais,Página10,20.0,,1,267.98,16224,93.64,0.010000000000005116,0.010000000000005116,16194,16254,261.04,274.16,61
dia_20_mais,Página10,20.0,,1,268.6,16227,93.65,0.010000000000005116,0.010000000000005116,16197,16257,261.65,274.8,61
dia_20_mais,Página10,20.0,,1,269.21,16230,93.64,0.010000000000005116,0.010000000000005116,16200,16260,262.27,275.6,61
dia_20_mais,Página10,20.0,,1,269.62,16232,93.65,0.010000000000005116,0.010000000000005116,16202,16262,262.67,276.48,61
dia_20_mais,Página10,20.0,,1,270.26,16235,93.64,0.010000000000005116,0.010000000000005116,16205,16265,263.48,277.09,61
dia_20_mais,Página10,20.0,,1,270.67,16237,93.65,0.010000000000005116,0.010000000000005116,16207,16267,264.35,277.5,61
dia_20_mais,Página10,20.0,,1,271.29,16240,93.64,0.010000000000005116,0.010000000000005116,16210,16270,264.96,278.13,61
dia_20_mais,Página10,20.0,,1,271.69,16242,93.65,0.010000000000005116,0.010000000000005116,16212,16272,265.39,278.53,61
dia_20_mais,Página10,20.0,,1,271.89,16243,93.64,0.010000000000005116,0.010000000000005116,16213,16273,265.59,278.74,61
dia_20_mais,Página10,20.0,,1,272.13,16244,93.65,0.010000000000005116,0.010000000000005116,16214,16274,265.79,278.95,61
dia_20_mais,Página10,20.0,,1,273.15,16249,93.64,0.010000000000005116,0.010000000000005116,16219,16279,266.94,279.99,61
dia_20_mais,Página10,20.0,,1,273.35,16250,93.65,0.010000000000005116,0.010000000000005116,16220,16280,267.14,280.19,61
dia_20_mais,Página10,20.0,,1,273.55,16251,93.64,0.010000000000005116,0.010000000000005116,16221,16281,267.38,280.4,61
dia_20_mais,Página10,20.0,,1,273.75,16252,93.65,0.010000000000005116,0.010000000000005116,16222,16282,267.58,280.6,61
dia_20_mais,Página10,20.0,,1,274.6,16256,93.64,0.010000000000005116,0.010000000000005116,16226,16286,268.39,281.43,61
dia_20_mais,Página10,20.0,,1,274.8,16257,93.65,0.010000000000005116,0.010000000000005116,16227,16287,268.6,281.63,61
dia_20_mais,Página10,20.0,,1,276.11,16261,93.64,0.010000000000005116,0.010000000000005116,16231,16291,269.41,282.45,61
dia_20_mais,Página10,20.0,,1,276.68,16263,93.65,0.010000000000005116,0.010000000000005116,16233,16293,269.86,282.85,61
dia_20_mais,Página10,20.0,,1,277.72,16268,93.64,0.010000000000005116,0.010000000000005116,16238,16298,270.88,283.89,61
dia_20_mais,Página10,20.0,,1,277.93,16269,93.65,0.010000000000005116,0.010000000000005116,16239,16299,271.08,284.09,61
dia_20_mais,Página10,20.0,,1,278.13,16270,93.64,0.010000000000005116,0.010000000000005116,16240,16300,271.29,284.3,61
dia_20_mais,Página10,20.0,,1,278.53,16272,93.65,0.010000000000005116,0.010000000000005116,16242,16302,271.69,284.71,61
dia_20_mais,Página10,20.0,,1,278.74,16273,93.64,0.010000000000005116,0.010000000000005116,16243,16303,271.89,284.91,61
dia_20_mais,Página10,20.0,,1,281.43,16286,93.65,0.010000000000005116,0.010000000000005116,16256,16316,274.6,288.05,61
dia_20_mais,Página10,20.0,,1,281.63,16287,93.64,0.010000000000005116,0.010000000000005116,16257,16317,274.8,288.41,61
dia_20_mais,Página10,20.0,,1,281.83,16288,93.65,0.010000000000005116,0.010000000000005116,16258,16318,275.0,288.61,61
dia_20_mais,Página10,20.0,,1,282.04,16289,93.64,0.010000000000005116,0.010000000000005116,16259,16319,275.2,288.82,61
dia_20_mais,Página10,20.0,,1,283.28,16295,93.65,0.010000000000005116,0.010000000000005116,16265,16325,277.09,290.08,61
dia_20_mais,Página10,20.0,,1,283.68,16297,93.64,0.010000000000005116,0.010000000000005116,16267,16327,277.5,290.49,61
dia_20_mais,Página10,20.0,,1,285.12,16304,93.65,0.010000000000005116,0.010000000000005116,16274,16334,278.95,291.91,61
dia_20_mais,Página10,20.0,,1,285.32,16305,93.64,0.010000000000005116,0.010000000000005116,16275,16335,279.15,292.12,61
dia_20_mais,Página10,20.0,,1,290.49,16327,93.65,0.010000000000005116,0.010000000000005116,16297,16357,283.68,296.79,61
dia_20_mais,Página10,20.0,,1,290.69,16328,93.64,0.010000000000005116,0.010000000000005116,16298,16358,283.89,296.99,61
dia_20_mais,Página10,20.0,,1,292.65,16337,93.65,0.010000000000005116,0.010000000000005116,16307,16367,285.74,298.85,61
dia_20_mais,Página10,20.0,,1,292.86,16338,93.64,0.010000000000005116,0.010000000000005116,16308,16368,285.95,299.05,61
dia_20_mais,Página10,20.0,,1,293.47,16341,93.65,0.010000000000005116,0.010000000000005116,16311,16371,286.57,300.3,61
dia_20_mais,Página10,20.0,,1,293.68,16342,93.64,0.010000000000005116,0.010000000000005116,16312,16372,286.77,300.51,61
dia_20_mais,Página10,20.0,,1,293.88,16343,93.65,0.010000000000005116,0.010000000000005116,16313,16373,286.97,300.71,61
dia_20_mais,Página10,20.0,,1,294.08,16344,93.64,0.010000000000005116,0.010000000000005116,16314,16374,287.18,300.91,61
dia_20_mais,Página10,20.0,,1,294.29,16345,93.65,0.010000000000005116,0.010000000000005116,16315,16375,287.54,301.12,61
dia_20_mais,Página10,20.0,,1,294.53,16346,93.64,0.010000000000005116,0.010000000000005116,16316,16376,288.05,301.32,61
dia_20_mais,Página10,20.0,,1,296.35,16355,93.65,0.010000000000005116,0.010000000000005116,16325,16385,290.08,303.15,61
dia_20_mais,Página10,20.0,,1,296.56,16356,93.64,0.010000000000005116,0.010000000000005116,16326,16386,290.28,303.39,61
dia_20_mais,Página10,20.0,,1,298.43,16365,93.65,0.010000000000005116,0.010000000000005116,16335,16395,292.12,305.22,61
dia_20_mais,Página10,20.0,,1,298.63,16366,93.64,0.010000000000005116,0.010000000000005116,16336,16396,292.35,305.43,61
dia_20_mais,Página10,20.0,,1,299.05,16368,93.65,0.010000000000005116,0.010000000000005116,16338,16398,292.86,305.86,61
dia_20_mais,Página10,20.0,,1,299.41,16369,93.64,0.010000000000005116,0.010000000000005116,16339,16399,293.06,306.06,61
dia_20_mais,Página10,20.0,,1,299.94,16370,93.65,0.010000000000005116,0.010000000000005116,16340,16400,293.27,306.26,61
dia_20_mais,Página10,20.0,,1,300.3,16371,93.64,0.010000000000005116,0.010000000000005116,16341,16401,293.47,306.46,61
dia_20_mais,Página10,20.0,,1,300.71,16373,93.65,0.010000000000005116,0.010000000000005116,16343,16403,293.88,306.9,61
dia_20_mais,Página10,20.0,,1,301.12,16375,93.64,0.010000000000005116,0.010000000000005116,16345,16405,294.29,307.31,61
dia_20_mais,Página10,20.0,,1,302.34,16381,93.65,0.010000000000005116,0.010000000000005116,16351,16411,295.55,308.54,61
dia_20_mais,Página10,20.0,,1,303.15,16385,93.64,0.010000000000005116,0.010000000000005116,16355,16415,296.35,309.37,61
dia_20_mais,Página10,20.0,,1,304.0,16389,93.65,0.010000000000005116,0.010000000000005116,16359,16419,297.19,310.21,61
dia_20_mais,Página10,20.0,,1,304.2,16390,93.64,0.010000000000005116,0.010000000000005116,16360,16420,297.39,310.42,61
dia_20_mais,Página10,20.0,,1,304.82,16393,93.65,0.010000000000005116,0.010000000000005116,16363,16423,298.03,311.03,61
dia_20_mais,Página10,20.0,,1,305.43,16396,93.64,0.010000000000005116,0.010000000000005116,16366,16426,298.63,312.27,61
dia_20_mais,Página10,20.0,,1,306.46,16401,93.65,0.010000000000005116,0.010000000000005116,16371,16431,300.3,313.32,61
dia_20_mais,Página10,20.0,,1,306.7,16402,93.64,0.010000000000005116,0.010000000000005116,16372,16432,300.51,313.52,61
dia_20_mais,Página10,20.0,,1,306.9,16403,93.65,0.010000000000005116,0.010000000000005116,16373,16433,300.71,313.73,61
dia_20_mais,Página10,20.0,,1,307.51,16406,93.64,0.010000000000005116,0.010000000000005116,16376,16436,301.32,314.34,61
dia_20_mais,Página10,20.0,,1,307.92,16408,93.65,0.010000000000005116,0.010000000000005116,16378,16438,301.73,314.74,61
dia_20_mais,Página10,20.0,,1,308.54,16411,93.64,0.010000000000005116,0.010000000000005116,16381,16441,302.34,315.35,61
dia_20_mais,Página10,20.0,,1,309.37,16415,93.65,0.010000000000005116,0.010000000000005116,16385,16445,303.15,316.19,61
dia_20_mais,Página10,20.0,,1,309.57,16416,93.64,0.010000000000005116,0.010000000000005116,16386,16446,303.39,316.39,61
dia_20_mais,Página10,20.0,,1,310.42,16420,93.65,0.010000000000005116,0.010000000000005116,16390,16450,304.2,317.22,61
dia_20_mais,Página10,20.0,,1,310.62,16421,93.64,0.010000000000005116,0.010000000000005116,16391,16451,304.41,317.42,61
dia_20_mais,Página10,20.0,,1,311.03,16423,93.65,0.010000000000005116,0.010000000000005116,16393,16453,304.82,317.83,61
dia_20_mais,Página10,20.0,,1,311.39,16424,93.64,0.010000000000005116,0.010000000000005116,16394,16454,305.02,318.04,61
dia_20_mais,Página10,20.0,,1,313.93,16434,93.65,0.010000000000005116,0.010000000000005116,16404,16464,307.11,320.22,61
dia_20_mais,Página10,20.0,,1,314.34,16436,93.64,0.010000000000005116,0.010000000000005116,16406,16466,307.51,320.63,61
dia_20_mais,Página10,20.0,,1,314.54,16437,93.65,0.010000000000005116,0.010000000000005116,16407,16467,307.72,320.83,61
dia_20_mais,Página10,20.0,,1,314.94,16439,93.64,0.010000000000005116,0.010000000000005116,16409,16469,308.12,321.27,61
dia_20_mais,Página10,20.0,,1,318.04,16454,93.65,0.010000000000005116,0.010000000000005116,16424,16484,311.39,324.98,61
dia_20_mais,Página10,20.0,,1,318.24,16455,93.64,0.010000000000005116,0.010000000000005116,16425,16485,311.9,325.18,61
dia_20_mais,Página10,20.0,,1,318.44,16456,93.65,0.010000000000005116,0.010000000000005116,16426,16486,312.27,325.4,61
dia_20_mais,Página10,20.0,,1,318.64,16457,93.64,0.010000000000005116,0.010000000000005116,16427,16487,312.48,325.6,61
dia_20_mais,Página10,20.0,,1,319.39,16460,93.65,0.010000000000005116,0.010000000000005116,16430,16490,313.08,326.2,61
dia_20_mais,Página10,20.0,,1,319.8,16462,93.64,0.010000000000005116,0.010000000000005116,16432,16492,313.52,326.64,61
dia_20_mais,Página10,20.0,,1,321.27,16469,93.65,0.010000000000005116,0.010000000000005116,16439,16499,314.94,328.06,61
dia_20_mais,Página10,20.0,,1,321.88,16472,93.64,0.010000000000005116,0.010000000000005116,16442,16502,315.58,328.67,61
dia_20_mais,Página10,20.0,,1,324.01,16480,93.65,0.010000000000005116,0.010000000000005116,16450,16510,317.22,330.34,61
dia_20_mais,Página10,20.0,,1,324.38,16481,93.64,0.010000000000005116,0.010000000000005116,16451,16511,317.42,330.54,61
dia_20_mais,Página10,20.0,,1,325.4,16486,93.65,0.010000000000005116,0.010000000000005116,16456,16516,318.44,331.71,61
dia_20_mais,Página10,20.0,,1,326.84,16493,93.64,0.010000000000005116,0.010000000000005116,16463,16523,320.02,333.15,61
dia_20_mais,Página10,20.0,,1,327.04,16494,93.65,0.010000000000005116,0.010000000000005116,16464,16524,320.22,333.36,61
dia_20_mais,Página10,20.0,,1,327.44,16496,93.64,0.010000000000005116,0.010000000000005116,16466,16526,320.63,333.76,61
dia_20_mais,Página10,20.0,,1,327.66,16497,93.65,0.010000000000005116,0.010000000000005116,16467,16527,320.83,333.97,61
dia_20_mais,Página10,20.0,,1,327.86,16498,93.64,0.010000000000005116,0.010000000000005116,16468,16528,321.07,334.17,61
dia_20_mais,Página10,20.0,,1,328.06,16499,93.65,0.010000000000005116,0.010000000000005116,16469,16529,321.27,334.4,61
dia_20_mais,Página10,20.0,,1,329.09,16504,93.64,0.010000000000005116,0.010000000000005116,16474,16534,322.29,335.89,61
dia_20_mais,Página10,20.0,,1,329.7,16507,93.65,0.010000000000005116,0.010000000000005116,16477,16537,322.9,336.67,61
dia_20_mais,Página10,20.0,,1,329.94,16508,93.64,0.010000000000005116,0.010000000000005116,16478,16538,323.1,336.87,61
dia_20_mais,Página10,20.0,,1,330.14,16509,93.65,0.010000000000005116,0.010000000000005116,16479,16539,323.5,337.07,61
dia_20_mais,Página10,20.0,,1,330.74,16512,93.64,0.010000000000005116,0.010000000000005116,16482,16542,324.58,337.72,61
dia_20_mais,Página10,20.0,,1,331.51,16515,93.65,0.010000000000005116,0.010000000000005116,16485,16545,325.18,338.32,61
dia_20_mais,Página10,20.0,,1,331.71,16516,93.64,0.010000000000005116,0.010000000000005116,16486,16546,325.4,338.52,61
dia_20_mais,Página10,20.0,,1,332.13,16518,93.65,0.010000000000005116,0.010000000000005116,16488,16548,325.8,338.93,61
dia_20_mais,Página10,20.0,,1,332.54,16520,93.64,0.010000000000005116,0.010000000000005116,16490,16550,326.2,339.33,61
dia_20_mais,Página10,20.0,,1,332.94,16522,93.65,0.010000000000005116,0.010000000000005116,16492,16552,326.64,339.74,61
dia_20_mais,Página10,20.0,,1,333.15,16523,93.64,0.010000000000005116,0.010000000000005116,16493,16553,326.84,339.98,61
dia_20_mais,Página10,20.0,,1,333.36,16524,93.65,0.010000000000005116,0.010000000000005116,16494,16554,327.04,340.18,61
dia_20_mais,Página10,20.0,,1,333.76,16526,93.64,0.010000000000005116,0.010000000000005116,16496,16556,327.44,340.58,61
dia_20_mais,Página10,20.0,,1,334.4,16529,93.65,0.010000000000005116,0.010000000000005116,16499,16559,328.06,341.21,61
dia_20_mais,Página10,20.0,,1,334.6,16530,93.64,0.010000000000005116,0.010000000000005116,16500,16560,328.26,341.41,61
dia_20_mais,Página10,20.0,,1,335.0,16532,93.65,0.010000000000005116,0.010000000000005116,16502,16562,328.67,341.82,61
dia_20_mais,Página10,20.0,,1,335.37,16533,93.64,0.010000000000005116,0.010000000000005116,16503,16563,328.89,342.02,61
dia_20_mais,Página10,20.0,,1,336.26,16535,93.65,0.010000000000005116,0.010000000000005116,16505,16565,329.29,342.44,61
dia_20_mais,Página10,20.0,,1,336.46,16536,93.64,0.010000000000005116,0.010000000000005116,16506,16566,329.49,342.64,61
dia_20_mais,Página10,20.0,,1,337.72,16542,93.65,0.010000000000005116,0.010000000000005116,16512,16572,330.74,343.89,61
dia_20_mais,Página10,20.0,,1,337.92,16543,93.64,0.010000000000005116,0.010000000000005116,16513,16573,330.95,344.09,61
dia_20_mais,Página10,20.0,,1,343.28,16569,93.65,0.010000000000005116,0.010000000000005116,16539,16599,337.07,350.16,61
dia_20_mais,Página10,20.0,,1,343.48,16570,93.64,0.010000000000005116,0.010000000000005116,16540,16600,337.28,350.36,61
dia_20_mais,Página10,20.0,,1,344.3,16574,93.65,0.010000000000005116,0.010000000000005116,16544,16604,338.12,351.21,61
dia_20_mais,Página10,20.0,,1,344.5,16575,93.64,0.010000000000005116,0.010000000000005116,16545,16605,338.32,351.41,61
dia_20_mais,Página10,20.0,,1,352.83,16612,93.65,0.010000000000005116,0.010000000000005116,16582,16642,345.95,359.01,61
dia_20_mais,Página10,20.0,,1,353.46,16615,93.64,0.010000000000005116,0.010000000000005116,16585,16645,346.67,360.25,61
dia_20_mais,Página10,20.0,,1,354.5,16620,93.63,0.010000000000005116,0.010000000000005116,16590,16650,348.31,361.27,61
dia_20_mais,Página10,20.0,,1,354.7,16621,93.64,0.010000000000005116,0.010000000000005116,16591,16651,348.51,361.47,61
dia_20_mais,Página10,20.0,,1,355.92,16627,93.65,0.010000000000005116,0.010000000000005116,16597,16657,349.73,362.72,61
dia_20_mais,Página10,20.0,,1,356.12,16628,93.64,0.010000000000005116,0.010000000000005116,16598,16658,349.96,362.93,61
dia_20_mais,Página10,20.0,,1,358.0,16637,93.65,0.010000000000005116,0.010000000000005116,16607,16667,351.81,364.77,61
dia_20_mais,Página10,20.0,,1,358.2,16638,93.64,0.010000000000005116,0.010000000000005116,16608,16668,352.02,364.97,61
dia_20_mais,Página10,20.0,,1,359.01,16642,93.65,0.010000000000005116,0.010000000000005116,16612,16672,352.83,365.82,61
dia_20_mais,Página10,20.0,,1,359.37,16643,93.64,0.010000000000005116,0.010000000000005116,16613,16673,353.04,366.02,61
dia_20_mais,Página10,20.0,,1,360.45,16646,93.65,0.010000000000005116,0.010000000000005116,16616,16676,353.66,366.64,61
dia_20_mais,Página10,20.0,,1,361.47,16651,93.64,0.010000000000005116,0.010000000000005116,16621,16681,354.7,367.66,61
dia_20_mais,Página10,20.0,,1,361.67,16652,93.65,0.010000000000005116,0.010000000000005116,16622,16682,354.91,367.87,61
dia_20_mais,Página10,20.0,,1,361.87,16653,93.64,0.010000000000005116,0.010000000000005116,16623,16683,355.11,368.07,61
dia_20_mais,Página10,20.0,,1,364.97,16668,93.65,0.010000000000005116,0.010000000000005116,16638,16698,358.2,371.63,61
dia_20_mais,Página10,20.0,,1,365.18,16669,93.64,0.010000000000005116,0.010000000000005116,16639,16699,358.4,372.0,61
dia_20_mais,Página10,20.0,,1,365.42,16670,93.65,0.010000000000005116,0.010000000000005116,16640,16700,358.61,372.2,61
dia_20_mais,Página10,20.0,,1,365.62,16671,93.64,0.010000000000005116,0.010000000000005116,16641,16701,358.81,372.4,61
dia_20_mais,Página10,20.0,,1,365.82,16672,93.65,0.010000000000005116,0.010000000000005116,16642,16702,359.01,372.6,61
dia_20_mais,Página10,20.0,,1,366.02,16673,93.64,0.010000000000005116,0.010000000000005116,16643,16703,359.37,372.8,61
dia_20_mais,Página10,20.0,,1,366.85,16677,93.65,0.010000000000005116,0.010000000000005116,16647,16707,360.65,373.73,61
dia_20_mais,Página10,20.0,,1,367.05,16678,93.64,0.010000000000005116,0.010000000000005116,16648,16708,360.86,373.93,61
dia_20_mais,Página10,20.0,,1,368.71,16686,93.65,0.010000000000005116,0.010000000000005116,16656,16716,362.52,375.57,61
dia_20_mais,Página10,20.0,,1,368.91,16687,93.64,0.010000000000005116,0.010000000000005116,16657,16717,362.72,375.77,61
dia_20_mais,Página10,20.0,,1,372.4,16701,93.65,0.010000000000005116,0.010000000000005116,16671,16731,365.62,378.68,61
dia_20_mais,Página10,20.0,,1,372.6,16702,93.64,0.010000000000005116,0.010000000000005116,16672,16732,365.82,378.88,61
dia_20_mais,Página10,20.0,,1,372.8,16703,93.65,0.010000000000005116,0.010000000000005116,16673,16733,366.02,379.09,61
dia_20_mais,Página10,20.0,,1,373.02,16704,93.64,0.010000000000005116,0.010000000000005116,16674,16734,366.22,379.29,61
dia_20_mais,Página10,20.0,,1,379.29,16734,93.65,0.010000000000005116,0.010000000000005116,16704,16764,373.02,386.12,61
dia_20_mais,Página10,20.0,,1,379.49,16735,93.64,0.010000000000005116,0.010000000000005116,16705,16765,373.22,386.35,61
dia_20_mais,Página10,20.0,,1,385.51,16761,93.65,0.010000000000005116,0.010000000000005116,16731,16791,378.68,391.7,61
dia_20_mais,Página10,20.0,,1,385.91,16763,93.64,0.010000000000005116,0.010000000000005116,16733,16793,379.09,392.12,61
dia_20_mais,Página10,20.0,,1,386.35,16765,93.65,0.010000000000005116,0.010000000000005116,16735,16795,379.49,392.52,61
dia_20_mais,Página10,20.0,,1,386.55,16766,93.64,0.010000000000005116,0.010000000000005116,16736,16796,379.71,392.73,61
dia_20_mais,Página10,20.0,,1,387.98,16773,93.65,0.010000000000005116,0.010000000000005116,16743,16803,381.15,394.19,61
dia_20_mais,Página10,20.0,,1,388.18,16774,93.64,0.010000000000005116,0.010000000000005116,16744,16804,381.35,394.39,61
dia_20_mais,Página10,20.0,,1,389.85,16782,93.65,0.010000000000005116,0.010000000000005116,16752,16812,383.18,396.7,61
dia_20_mais,Página10,20.0,,1,390.25,16784,93.64,0.010000000000005116,0.010000000000005116,16754,16814,384.07,397.11,61
dia_20_mais,Página10,20.0,,1,391.3,16789,93.65,0.010000000000005116,0.010000000000005116,16759,16819,385.09,398.13,61
dia_20_mais,Página10,20.0,,1,391.5,16790,93.64,0.010000000000005116,0.010000000000005116,16760,16820,385.31,398.33,61
dia_20_mais,Página10,20.0,,1,392.73,16796,93.65,0.010000000000005116,0.010000000000005116,16766,16826,386.55,399.57,61
dia_20_mais,Página10,20.0,,1,393.17,16798,93.64,0.010000000000005116,0.010000000000005116,16768,16828,386.95,400.11,61
dia_20_mais,Página10,20.0,,1,393.37,16799,93.65,0.010000000000005116,0.010000000000005116,16769,16829,387.16,400.31,61
dia_20_mais,Página10,20.0,,1,393.57,16800,93.64,0.010000000000005116,0.010000000000005116,16770,16830,387.37,400.51,61
dia_20_mais,Página10,20.0,,1,393.98,16802,93.65,0.010000000000005116,0.010000000000005116,16772,16832,387.78,400.94,61
dia_20_mais,Página10,20.0,,1,394.39,16804,93.64,0.010000000000005116,0.010000000000005116,16774,16834,388.18,401.35,61
dia_20_mais,Página10,20.0,,1,395.15,16807,93.65,0.010000000000005116,0.010000000000005116,16777,16837,388.83,401.98,61
dia_20_mais,Página10,20.0,,1,395.7,16808,93.64,0.010000000000005116,0.010000000000005116,16778,16838,389.03,402.19,61
dia_20_mais,Página10,20.0,,1,396.5,16811,93.65,0.010000000000005116,0.010000000000005116,16781,16841,389.65,402.8,61
dia_20_mais,Página10,20.0,,1,396.91,16813,93.64,0.010000000000005116,0.010000000000005116,16783,16843,390.05,403.21,61
dia_20_mais,Página10,20.0,,1,411.67,16881,93.63,0.010000000000005116,0.010000000000005116,16851,16904,404.86,416.43,54
dia_20_mais,Página10,20.0,,1,411.9,16882,93.64,0.010000000000005116,0.010000000000005116,16852,16904,405.07,416.43,53
dia_20_mais,Página11,20.0,,1,75.05,16907,93.63,0.010000000000005116,0.010000000000005116,16905,16937,74.65,81.28,33
dia_20_mais,Página11,20.0,,1,75.45,16909,93.64,0.010000000000005116,0.010000000000005116,16905,16939,74.65,81.68,35
dia_20_mais,Página11,20.0,,1,75.65,16910,93.63,0.010000000000005116,0.010000000000005116,16905,16940,74.65,81.88,36
dia_20_mais,Página11,20.0,,1,75.88,16911,93.64,0.010000000000005116,0.010000000000005116,16905,16941,74.65,82.08,37
dia_20_mais,Página11,20.0,,1,76.48,16914,93.63,0.010000000000005116,0.010000000000005116,16905,16944,74.65,82.71,40
dia_20_mais,Página11,20.0,,1,76.9,16916,93.64,0.010000000000005116,0.010000000000005116,16905,16946,74.65,83.11,42
dia_20_mais,Página11,20.0,,1,77.5,16919,93.63,0.010000000000005116,0.010000000000005116,16905,16949,74.65,83.73,45
dia_20_mais,Página11,20.0,,1,77.91,16921,93.64,0.010000000000005116,0.010000000000005116,16905,16951,74.65,84.29,47
dia_20_mais,Página11,20.0,,1,78.11,16922,93.63,0.010000000000005116,0.010000000000005116,16905,16952,74.65,84.8,48
dia_20_mais,Página11,20.0,,1,78.32,16923,93.64,0.010000000000005116,0.010000000000005116,16905,16953,74.65,85.16,49
dia_20_mais,Página11,20.0,,1,78.82,16925,93.63,0.010000000000005116,0.010000000000005116,16905,16955,74.65,85.56,51
dia_20_mais,Página11,20.0,,1,79.03,16926,93.64,0.010000000000005116,0.010000000000005116,16905,16956,74.65,85.8,52
dia_20_mais,Página11,20.0,,1,79.23,16927,93.63,0.010000000000005116,0.010000000000005116,16905,16957,74.65,86.0,53
dia_20_mais,Página11,20.0,,1,80.47,16933,93.64,0.010000000000005116,0.010000000000005116,16905,16963,74.65,87.21,59
dia_20_mais,Página11,20.0,,1,80.67,16934,93.63,0.010000000000005116,0.010000000000005116,16905,16964,74.65,87.41,60
dia_20_mais,Página11,20.0,,1,81.48,16938,93.64,0.010000000000005116,0.010000000000005116,16908,16968,75.25,88.23,61
dia_20_mais,Página11,20.0,,1,81.88,16940,93.63,0.010000000000005116,0.010000000000005116,16910,16970,75.65,88.63,61
dia_20_mais,Página11,20.0,,1,82.08,16941,93.64,0.010000000000005116,0.010000000000005116,16911,16971,75.88,88.83,61
dia_20_mais,Página11,20.0,,1,82.28,16942,93.63,0.010000000000005116,0.010000000000005116,16912,16972,76.08,89.06,61
dia_20_mais,Página11,20.0,,1,82.5,16943,93.64,0.010000000000005116,0.010000000000005116,16913,16973,76.28,89.26,61
dia_20_mais,Página11,20.0,,1,82.71,16944,93.63,0.010000000000005116,0.010000000000005116,16914,16974,76.48,89.46,61
dia_20_mais,Página11,20.0,,1,87.01,16962,93.64,0.010000000000005116,0.010000000000005116,16932,16992,80.26,93.12,61
dia_20_mais,Página11,20.0,,1,87.82,16966,93.63,0.010000000000005116,0.010000000000005116,16936,16996,81.06,93.95,61
dia_20_mais,Página11,20.0,,1,88.23,16968,93.64,0.010000000000005116,0.010000000000005116,16938,16998,81.48,94.35,61
dia_20_mais,Página11,20.0,,1,88.43,16969,93.63,0.010000000000005116,0.010000000000005116,16939,16999,81.68,94.58,61
dia_20_mais,Página11,20.0,,1,88.63,16970,93.64,0.010000000000005116,0.010000000000005116,16940,17000,81.88,94.77,61
dia_20_mais,Página11,20.0,,1,89.26,16973,93.63,0.010000000000005116,0.010000000000005116,16943,17003,82.5,95.38,61
dia_20_mais,Página11,20.0,,1,89.46,16974,93.64,0.010000000000005116,0.010000000000005116,16944,17004,82.71,95.58,61
dia_20_mais,Página11,20.0,,1,89.66,16975,93.63,0.010000000000005116,0.010000000000005116,16945,17005,82.91,95.79,61
dia_20_mais,Página11,20.0,,1,90.67,16980,93.64,0.010000000000005116,0.010000000000005116,16950,17010,83.93,97.44,61
dia_20_mais,Página11,20.0,,1,90.87,16981,93.63,0.010000000000005116,0.010000000000005116,16951,17011,84.29,97.64,61
dia_20_mais,Página11,20.0,,1,92.71,16990,93.64,0.010000000000005116,0.010000000000005116,16960,17020,86.6,99.48,61
dia_20_mais,Página11,20.0,,1,93.75,16995,93.63,0.010000000000005116,0.010000000000005116,16965,17025,87.62,100.52,61
dia_20_mais,Página11,20.0,,1,93.95,16996,93.64,0.010000000000005116,0.010000000000005116,16966,17026,87.82,100.72,61
dia_20_mais,Página11,20.0,,1,94.58,16999,93.63,0.010000000000005116,0.010000000000005116,16969,17029,88.43,101.34,61
dia_20_mais,Página11,20.0,,1,95.79,17005,93.64,0.010000000000005116,0.010000000000005116,16975,17035,89.66,102.59,61
dia_20_mais,Página11,20.0,,1,96.83,17007,93.63,0.010000000000005116,0.010000000000005116,16977,17037,90.07,102.99,61
dia_20_mais,Página11,20.0,,1,97.03,17008,93.64,0.010000000000005116,0.010000000000005116,16978,17038,90.27,103.19,61
dia_20_mais,Página11,20.0,,1,97.24,17009,93.63,0.010000000000005116,0.010000000000005116,16979,17039,90.47,103.4,61
dia_20_mais,Página11,20.0,,1,97.44,17010,93.64,0.010000000000005116,0.010000000000005116,16980,17040,90.67,103.6,61
dia_20_mais,Página11,20.0,,1,97.85,17012,93.63,0.010000000000005116,0.010000000000005116,16982,17042,91.07,104.01,61
dia_20_mais,Página11,20.0,,1,98.05,17013,93.64,0.010000000000005116,0.010000000000005116,16983,17043,91.3,104.21,61
dia_20_mais,Página11,20.0,,1,98.25,17014,93.63,0.010000000000005116,0.010000000000005116,16984,17044,91.5,104.42,61
dia_20_mais,Página11,20.0,,1,98.45,17015,93.64,0.010000000000005116,0.010000000000005116,16985,17045,91.7,104.73,61
dia_20_mais,Página11,20.0,,1,98.65,17016,93.63,0.010000000000005116,0.010000000000005116,16986,17046,91.91,104.93,61
dia_20_mais,Página11,20.0,,1,98.86,17017,93.64,0.010000000000005116,0.010000000000005116,16987,17047,92.11,105.14,61
dia_20_mais,Página11,20.0,,1,99.08,17018,93.63,0.010000000000005116,0.010000000000005116,16988,17048,92.31,105.34,61
dia_20_mais,Página11,20.0,,1,101.34,17029,93.64,0.010000000000005116,0.010000000000005116,16999,17059,94.58,107.62,61
dia_20_mais,Página11,20.0,,1,101.54,17030,93.63,0.010000000000005116,0.010000000000005116,17000,17060,94.77,107.84,61
dia_20_mais,Página11,20.0,,1,101.74,17031,93.64,0.010000000000005116,0.010000000000005116,17001,17061,94.97,108.2,61
dia_20_mais,Página11,20.0,,1,102.15,17033,93.63,0.010000000000005116,0.010000000000005116,17003,17063,95.38,109.08,61
dia_20_mais,Página11,20.0,,1,102.39,17034,93.64,0.010000000000005116,0.010000000000005116,17004,17064,95.58,109.29,61
dia_20_mais,Página11,20.0,,1,102.59,17035,93.63,0.010000000000005116,0.010000000000005116,17005,17065,95.79,109.49,61
dia_20_mais,Página11,20.0,,1,103.19,17038,93.64,0.010000000000005116,0.010000000000005116,17008,17068,97.03,110.13,61
dia_20_mais,Página11,20.0,,1,103.4,17039,93.63,0.010000000000005116,0.010000000000005116,17009,17069,97.24,110.33,61
dia_20_mais,Página11,20.0,,1,110.53,17070,93.64,0.010000000000005116,0.010000000000005116,17040,17100,103.6,116.74,61
dia_20_mais,Página11,20.0,,1,111.37,17074,93.63,0.010000000000005116,0.010000000000005116,17044,17104,104.42,117.55,61
dia_20_mais,Página11,20.0,,1,111.58,17075,93.64,0.010000000000005116,0.010000000000005116,17045,17105,104.73,117.77,61
dia_20_mais,Página11,20.0,,1,111.98,17077,93.63,0.010000000000005116,0.010000000000005116,17047,17107,105.14,118.17,61
dia_20_mais,Página11,20.0,,1,112.19,17078,93.64,0.010000000000005116,0.010000000000005116,17048,17108,105.34,118.37,61
dia_20_mais,Página11,20.0,,1,112.39,17079,93.63,0.010000000000005116,0.010000000000005116,17049,17109,105.55,118.58,61
dia_20_mais,Página11,20.0,,1,112.8,17081,93.64,0.010000000000005116,0.010000000000005116,17051,17111,105.95,118.99,61
dia_20_mais,Página11,20.0,,1,113.0,17082,93.63,0.010000000000005116,0.010000000000005116,17052,17112,106.15,119.19,61
dia_20_mais,Página11,20.0,,1,113.21,17083,93.64,0.010000000000005116,0.010000000000005116,17053,17113,106.36,119.39,61
dia_20_mais,Página11,20.0,,1,113.64,17085,93.63,0.010000000000005116,0.010000000000005116,17055,17115,106.81,119.8,61
dia_20_mais,Página11,20.0,,1,113.85,17086,93.64,0.010000000000005116,0.010000000000005116,17056,17116,107.01,120.2,61
dia_20_mais,Página11,20.0,,1,114.05,17087,93.63,0.010000000000005116,0.010000000000005116,17057,17117,107.21,120.71,61
dia_20_mais,Página11,20.0,,1,114.47,17089,93.64,0.010000000000005116,0.010000000000005116,17059,17119,107.62,121.28,61
dia_20_mais,Página11,20.0,,1,114.88,17091,93.63,0.010000000000005116,0.010000000000005116,17061,17121,108.2,121.68,61
dia_20_mais,Página11,20.0,,1,115.28,17093,93.64,0.010000000000005116,0.010000000000005116,17063,17123,109.08,122.1,61
dia_20_mais,Página11,20.0,,1,115.49,17094,93.63,0.010000000000005116,0.010000000000005116,17064,17124,109.29,122.3,61
dia_20_mais,Página11,20.0,,1,115.9,17096,93.64,0.010000000000005116,0.010000000000005116,17066,17126,109.69,122.71,61
dia_20_mais,Página11,20.0,,1,116.1,17097,93.63,0.010000000000005116,0.010000000000005116,17067,17127,109.89,122.91,61
dia_20_mais,Página11,20.0,,1,116.3,17098,93.64,0.010000000000005116,0.010000000000005116,17068,17128,110.13,123.11,61
dia_20_mais,Página11,20.0,,1,116.5,17099,93.63,0.010000000000005116,0.010000000000005116,17069,17129,110.33,123.36,61
dia_20_mais,Página11,20.0,,1,117.77,17105,93.64,0.010000000000005116,0.010000000000005116,17075,17135,111.58,124.58,61
dia_20_mais,Página11,20.0,,1,118.58,17109,93.63,0.010000000000005116,0.010000000000005116,17079,17139,112.39,125.39,61
dia_20_mais,Página11,20.0,,1,118.99,17111,93.64,0.010000000000005116,0.010000000000005116,17081,17141,112.8,125.82,61
dia_20_mais,Página11,20.0,,1,119.19,17112,93.63,0.010000000000005116,0.010000000000005116,17082,17142,113.0,126.02,61
dia_20_mais,Página11,20.0,,1,120.2,17116,93.64,0.010000000000005116,0.010000000000005116,17086,17146,113.85,126.85,61
dia_20_mais,Página11,20.0,,1,121.07,17118,93.63,0.010000000000005116,0.010000000000005116,17088,17148,114.25,127.26,61
dia_20_mais,Página11,20.0,,1,121.48,17120,93.64,0.010000000000005116,0.010000000000005116,17090,17150,114.68,127.67,61
dia_20_mais,Página11,20.0,,1,121.88,17122,93.63,0.010000000000005116,0.010000000000005116,17092,17152,115.08,128.08,61
dia_20_mais,Página11,20.0,,1,122.1,17123,93.64,0.010000000000005116,0.010000000000005116,17093,17153,115.28,128.28,61
dia_20_mais,Página11,20.0,,1,122.3,17124,93.63,0.010000000000005116,0.010000000000005116,17094,17154,115.49,128.48,61
dia_20_mais,Página11,20.0,,1,122.5,17125,93.64,0.010000000000005116,0.010000000000005116,17095,17155,115.7,128.68,61
dia_20_mais,Página11,20.0,,1,122.91,17127,93.63,0.010000000000005116,0.010000000000005116,17097,17157,116.1,129.13,61
dia_20_mais,Página11,20.0,,1,123.11,17128,93.64,0.010000000000005116,0.010000000000005116,17098,17158,116.3,129.33,61
dia_20_mais,Página11,20.0,,1,123.36,17129,93.63,0.010000000000005116,0.010000000000005116,17099,17159,116.5,129.53,61
dia_20_mais,Página11,20.0,,1,125.62,17140,93.63,0.010000000000005116,0.010000000000005116,17110,17170,118.79,132.05,61
dia_20_mais,Página11,20.0,,1,126.02,17142,93.64,0.010000000000005116,0.010000000000005116,17112,17172,119.19,132.94,61
dia_20_mais,Página11,20.0,,1,126.22,17143,93.63,0.010000000000005116,0.010000000000005116,17113,17173,119.39,133.15,61
dia_20_mais,Página11,20.0,,1,128.92,17156,93.64,0.010000000000005116,0.010000000000005116,17126,17186,122.71,135.84,61
dia_20_mais,Página11,20.0,,1,129.13,17157,93.63,0.010000000000005116,0.010000000000005116,17127,17187,122.91,136.04,61
dia_20_mais,Página11,20.0,,1,129.33,17158,93.64,0.010000000000005116,0.010000000000005116,17128,17188,123.11,136.24,61
dia_20_mais,Página11,20.0,,1,129.53,17159,93.63,0.010000000000005116,0.010000000000005116,17129,17189,123.36,136.45,61
dia_20_mais,Página11,20.0,,1,133.57,17175,93.64,0.010000000000005116,0.010000000000005116,17145,17205,126.65,139.75,61
dia_20_mais,Página11,20.0,,1,133.77,17176,93.63,0.010000000000005116,0.010000000000005116,17146,17206,126.85,139.97,61
dia_20_mais,Página11,20.0,,1,136.66,17190,93.64,0.010000000000005116,0.010000000000005116,17160,17220,129.73,142.85,61
dia_20_mais,Página11,20.0,,1,136.87,17191,93.63,0.010000000000005116,0.010000000000005116,17161,17221,129.95,143.05,61
dia_20_mais,Página11,20.0,,1,139.13,17202,93.64,0.010000000000005116,0.010000000000005116,17172,17232,132.94,145.96,61
dia_20_mais,Página11,20.0,,1,139.34,17203,93.63,0.010000000000005116,0.010000000000005116,17173,17233,133.15,146.16,61
dia_20_mais,Página11,20.0,,1,140.37,17208,93.64,0.010000000000005116,0.010000000000005116,17178,17238,134.18,147.21,61
dia_20_mais,Página11,20.0,,1,140.78,17210,93.63,0.010000000000005116,0.010000000000005116,17180,17240,134.62,147.62,61
dia_20_mais,Página11,20.0,,1,141.01,17211,93.64,0.010000000000005116,0.010000000000005116,17181,17241,134.82,147.82,61
dia_20_mais,Página11,20.0,,1,141.62,17214,93.63,0.010000000000005116,0.010000000000005116,17184,17244,135.43,148.43,61
dia_20_mais,Página11,20.0,,1,141.82,17215,93.64,0.010000000000005116,0.010000000000005116,17185,17245,135.63,148.64,61
dia_20_mais,Página11,20.0,,1,142.65,17219,93.63,0.010000000000005116,0.010000000000005116,17189,17249,136.45,149.44,61
dia_20_mais,Página11,20.0,,1,142.85,17220,93.64,0.010000000000005116,0.010000000000005116,17190,17250,136.66,149.65,61
dia_20_mais,Página11,20.0,,1,143.49,17223,93.63,0.010000000000005116,0.010000000000005116,17193,17253,137.27,150.3,61
dia_20_mais,Página11,20.0,,1,143.69,17224,93.64,0.010000000000005116,0.010000000000005116,17194,17254,137.47,150.5,61
dia_20_mais,Página11,20.0,,1,144.93,17227,93.63,0.010000000000005116,0.010000000000005116,17197,17257,138.11,151.12,61
dia_20_mais,Página11,20.0,,1,145.14,17228,93.64,0.010000000000005116,0.010000000000005116,17198,17258,138.32,151.32,61
dia_20_mais,Página11,20.0,,1,146.16,17233,93.63,0.010000000000005116,0.010000000000005116,17203,17263,139.34,152.35,61
dia_20_mais,Página11,20.0,,1,146.6,17235,93.64,0.010000000000005116,0.010000000000005116,17205,17265,139.75,152.76,61
dia_20_mais,Página11,20.0,,1,147.21,17238,93.63,0.010000000000005116,0.010000000000005116,17208,17268,140.37,153.38,61
dia_20_mais,Página11,20.0,,1,148.02,17242,93.64,0.010000000000005116,0.010000000000005116,17212,17272,141.21,154.19,61
dia_20_mais,Página11,20.0,,1,148.23,17243,93.63,0.010000000000005116,0.010000000000005116,17213,17273,141.41,154.41,61
dia_20_mais,Página11,20.0,,1,148.64,17245,93.64,0.010000000000005116,0.010000000000005116,17215,17275,141.82,154.81,61
dia_20_mais,Página11,20.0,,1,148.84,17246,93.63,0.010000000000005116,0.010000000000005116,17216,17276,142.03,155.02,61
dia_20_mais,Página11,20.0,,1,149.04,17247,93.64,0.010000000000005116,0.010000000000005116,17217,17277,142.24,155.22,61
dia_20_mais,Página11,20.0,,1,149.65,17250,93.63,0.010000000000005116,0.010000000000005116,17220,17280,142.85,156.02,61
dia_20_mais,Página11,20.0,,1,149.89,17251,93.64,0.010000000000005116,0.010000000000005116,17221,17281,143.05,156.53,61
dia_20_mais,Página11,20.0,,1,150.09,17252,93.63,0.010000000000005116,0.010000000000005116,17222,17282,143.29,156.9,61
dia_20_mais,Página11,20.0,,1,150.3,17253,93.64,0.010000000000005116,0.010000000000005116,17223,17283,143.49,157.1,61
dia_20_mais,Página11,20.0,,1,150.7,17255,93.63,0.010000000000005116,0.010000000000005116,17225,17285,144.06,157.51,61
dia_20_mais,Página11,20.0,,1,151.12,17257,93.64,0.010000000000005116,0.010000000000005116,17227,17287,144.93,157.92,61
dia_20_mais,Página11,20.0,,1,151.32,17258,93.63,0.010000000000005116,0.010000000000005116,17228,17288,145.14,158.12,61
dia_20_mais,Página11,20.0,,1,151.53,17259,93.64,0.010000000000005116,0.010000000000005116,17229,17289,145.35,158.32,61
dia_20_mais,Página11,20.0,,1,151.73,17260,93.63,0.010000000000005116,0.010000000000005116,17230,17290,145.55,158.52,61
dia_20_mais,Página11,20.0,,1,152.15,17262,93.64,0.010000000000005116,0.010000000000005116,17232,17292,145.96,159.06,61
dia_20_mais,Página11,20.0,,1,152.35,17263,93.63,0.010000000000005116,0.010000000000005116,17233,17293,146.16,159.26,61
dia_20_mais,Página11,20.0,,1,153.98,17271,93.64,0.010000000000005116,0.010000000000005116,17241,17301,147.82,160.93,61
dia_20_mais,Página11,20.0,,1,154.19,17272,93.63,0.010000000000005116,0.010000000000005116,17242,17302,148.02,161.14,61
dia_20_mais,Página11,20.0,,1,159.06,17292,93.64,0.010000000000005116,0.010000000000005116,17262,17322,152.15,165.26,61
dia_20_mais,Página11,20.0,,1,159.26,17293,93.63,0.010000000000005116,0.010000000000005116,17263,17323,152.35,165.47,61
dia_20_mais,Página11,20.0,,1,159.67,17295,93.64,0.010000000000005116,0.010000000000005116,17265,17325,152.76,165.87,61
dia_20_mais,Página11,20.0,,1,160.09,17297,93.63,0.010000000000005116,0.010000000000005116,17267,17327,153.17,166.28,61
dia_20_mais,Página11,20.0,,1,162.16,17307,93.63,0.010000000000005116,0.010000000000005116,17277,17337,155.22,169.03,61
dia_20_mais,Página11,20.0,,1,164.24,17317,93.64,0.010000000000005116,0.010000000000005116,17287,17347,157.92,171.09,61
dia_20_mais,Página11,20.0,,1,164.44,17318,93.63,0.010000000000005116,0.010000000000005116,17288,17348,158.12,171.29,61
dia_20_mais,Página11,20.0,,1,169.23,17338,93.64,0.010000000000005116,0.010000000000005116,17308,17368,162.36,175.41,61
dia_20_mais,Página11,20.0,,1,169.43,17339,93.63,0.010000000000005116,0.010000000000005116,17309,17369,162.56,175.61,61
dia_20_mais,Página11,20.0,,1,170.66,17345,93.64,0.010000000000005116,0.010000000000005116,17315,17375,163.81,176.86,61
dia_20_mais,Página11,20.0,,1,170.88,17346,93.63,0.010000000000005116,0.010000000000005116,17316,17376,164.01,177.06,61
dia_20_mais,Página11,20.0,,1,173.15,17357,93.64,0.010000000000005116,0.010000000000005116,17327,17387,166.28,179.31,61
dia_20_mais,Página11,20.0,,1,173.35,17358,93.63,0.010000000000005116,0.010000000000005116,17328,17388,166.51,179.52,61
dia_20_mais,Página11,20.0,,1,178.71,17384,93.64,0.010000000000005116,0.010000000000005116,17354,17414,172.51,185.6,61
dia_20_mais,Página11,20.0,,1,178.91,17385,93.63,0.010000000000005116,0.010000000000005116,17355,17415,172.71,185.81,61
dia_20_mais,Página11,20.0,,1,181.8,17396,93.64,0.010000000000005116,0.010000000000005116,17366,17426,175.0,188.06,61
dia_20_mais,Página11,20.0,,1,182.0,17397,93.63,0.010000000000005116,0.010000000000005116,17367,17427,175.2,188.26,61
dia_20_mais,Página11,20.0,,1,184.07,17407,93.64,0.010000000000005116,0.010000000000005116,17377,17437,177.26,190.48,61
dia_20_mais,Página11,20.0,,1,184.48,17409,93.63,0.010000000000005116,0.010000000000005116,17379,17439,177.69,190.92,61
dia_20_mais,Página11,20.0,,1,184.68,17410,93.64,0.010000000000005116,0.010000000000005116,17380,17440,177.89,191.12,61
dia_20_mais,Página11,20.0,,1,184.89,17411,93.63,0.010000000000005116,0.010000000000005116,17381,17441,178.09,191.32,61
dia_20_mais,Página11,20.0,,1,185.3,17413,93.64,0.010000000000005116,0.010000000000005116,17383,17443,178.51,192.21,61
dia_20_mais,Página11,20.0,,1,185.81,17415,93.63,0.010000000000005116,0.010000000000005116,17385,17445,178.91,192.78,61
dia_20_mais,Página11,20.0,,1,208.83,17520,93.64,0.010000000000005116,0.010000000000005116,17490,17550,202.03,215.11,61
dia_20_mais,Página11,20.0,,1,209.03,17521,93.63,0.010000000000005116,0.010000000000005116,17491,17551,202.24,215.31,61
dia_20_mais,Página11,20.0,,1,214.7,17548,93.64,0.010000000000005116,0.010000000000005116,17518,17578,208.43,221.5,61
dia_20_mais,Página11,20.0,,1,214.91,17549,93.63,0.010000000000005116,0.010000000000005116,17519,17579,208.63,221.71,61
dia_20_mais,Página11,20.0,,1,241.36,17668,93.64,0.010000000000005116,0.010000000000005116,17638,17698,234.43,247.53,61
dia_20_mais,Página11,20.0,,1,241.56,17669,93.63,0.010000000000005116,0.010000000000005116,17639,17699,234.63,247.73,61
dia_20_mais,Página12,20.0,,1,68.77,18520,93.64,0.010000000000005116,0.010000000000005116,18507,18550,66.1,75.53,44
dia_20_mais,Página12,20.0,,1,68.98,18521,93.63,0.010000000000005116,0.010000000000005116,18507,18551,66.1,75.74,45
dia_20_mais,Página12,20.0,,1,69.78,18525,93.64,0.010000000000005116,0.010000000000005116,18507,18555,66.1,76.55,49
dia_20_mais,Página12,20.0,,1,70.22,18527,93.63,0.010000000000005116,0.010000000000005116,18507,18557,66.1,76.97,51
dia_20_mais,Página12,20.0,,1,70.42,18528,93.64,0.010000000000005116,0.010000000000005116,18507,18558,66.1,77.17,52
dia_20_mais,Página12,20.0,,1,70.62,18529,93.63,0.010000000000005116,0.010000000000005116,18507,18559,66.1,77.37,53
dia_20_mais,Página12,20.0,,1,74.97,18548,93.64,0.010000000000005116,0.010000000000005116,18518,18578,68.36,81.38,61
dia_20_mais,Página12,20.0,,1,75.33,18549,93.63,0.010000000000005116,0.010000000000005116,18519,18579,68.57,81.58,61
dia_20_mais,Página12,20.0,,1,75.53,18550,93.64,0.010000000000005116,0.010000000000005116,18520,18580,68.77,81.78,61
dia_20_mais,Página12,20.0,,1,75.74,18551,93.63,0.010000000000005116,0.010000000000005116,18521,18581,68.98,81.98,61
dia_20_mais,Página12,20.0,,1,76.14,18553,93.64,0.010000000000005116,0.010000000000005116,18523,18583,69.38,82.4,61
dia_20_mais,Página12,20.0,,1,76.35,18554,93.63,0.010000000000005116,0.010000000000005116,18524,18584,69.58,82.6,61
dia_20_mais,Página12,20.0,,1,78.01,18562,93.64,0.010000000000005116,0.010000000000005116,18532,18592,71.23,84.23,61
dia_20_mais,Página12,20.0,,1,78.61,18565,93.63,0.010000000000005116,0.010000000000005116,18535,18595,71.84,84.84,61
dia_20_mais,Página12,20.0,,1,78.81,18566,93.64,0.010000000000005116,0.010000000000005116,18536,18596,72.04,85.04,61
dia_20_mais,Página12,20.0,,1,79.02,18567,93.63,0.010000000000005116,0.010000000000005116,18537,18597,72.24,85.24,61
dia_20_mais,Página12,20.0,,1,81.38,18578,93.64,0.010000000000005116,0.010000000000005116,18548,18608,74.97,88.12,61
dia_20_mais,Página12,20.0,,1,81.78,18580,93.63,0.010000000000005116,0.010000000000005116,18550,18610,75.53,88.53,61
dia_20_mais,Página12,20.0,,1,81.98,18581,93.64,0.010000000000005116,0.010000000000005116,18551,18611,75.74,88.73,61
dia_20_mais,Página12,20.0,,1,82.19,18582,93.63,0.010000000000005116,0.010000000000005116,18552,18612,75.94,88.93,61
dia_20_mais,Página12,20.0,,1,84.03,18591,93.64,0.010000000000005116,0.010000000000005116,18561,18621,77.78,90.78,61
dia_20_mais,Página12,20.0,,1,84.43,18593,93.63,0.010000000000005116,0.010000000000005116,18563,18623,78.21,91.18,61
dia_20_mais,Página12,20.0,,1,84.64,18594,93.64,0.010000000000005116,0.010000000000005116,18564,18624,78.41,91.42,61
dia_20_mais,Página12,20.0,,1,85.04,18596,93.63,0.010000000000005116,0.010000000000005116,18566,18626,78.81,91.82,61
dia_20_mais,Página12,20.0,,1,85.88,18600,93.64,0.010000000000005116,0.010000000000005116,18570,18630,79.73,92.64,61
dia_20_mais,Página12,20.0,,1,86.08,18601,93.63,0.010000000000005116,0.010000000000005116,18571,18631,79.93,92.84,61
dia_20_mais,Página12,20.0,,1,86.28,18602,93.64,0.010000000000005116,0.010000000000005116,18572,18632,80.14,93.04,61
dia_20_mais,Página12,20.0,,1,86.64,18603,93.63,0.010000000000005116,0.010000000000005116,18573,18633,80.34,93.24,61
dia_20_mais,Página12,20.0,,1,87.71,18606,93.64,0.010000000000005116,0.010000000000005116,18576,18636,80.94,93.86,61
dia_20_mais,Página12,20.0,,1,87.92,18607,93.63,0.010000000000005116,0.010000000000005116,18577,18637,81.15,94.06,61
dia_20_mais,Página12,20.0,,1,88.32,18609,93.64,0.010000000000005116,0.010000000000005116,18579,18639,81.58,94.47,61
dia_20_mais,Página12,20.0,,1,88.53,18610,93.63,0.010000000000005116,0.010000000000005116,18580,18640,81.78,94.7,61
dia_20_mais,Página12,20.0,,1,88.73,18611,93.64,0.010000000000005116,0.010000000000005116,18581,18641,81.98,94.9,61
dia_20_mais,Página12,20.0,,1,88.93,18612,93.63,0.010000000000005116,0.010000000000005116,18582,18642,82.19,95.1,61
dia_20_mais,Página12,20.0,,1,89.16,18613,93.64,0.010000000000005116,0.010000000000005116,18583,18643,82.4,95.31,61
dia_20_mais,Página12,20.0,,1,89.36,18614,93.63,0.010000000000005116,0.010000000000005116,18584,18644,82.6,95.51,61
dia_20_mais,Página12,20.0,,1,92.22,18628,93.64,0.010000000000005116,0.010000000000005116,18598,18658,85.44,98.4,61
dia_20_mais,Página12,20.0,,1,92.64,18630,93.63,0.010000000000005116,0.010000000000005116,18600,18660,85.88,99.28,61
dia_20_mais,Página12,20.0,,1,109.23,18707,93.64,0.010000000000005116,0.010000000000005116,18677,18737,102.94,116.07,61
dia_20_mais,Página12,20.0,,1,109.43,18708,93.63,0.010000000000005116,0.010000000000005116,18678,18738,103.14,116.27,61
dia_20_mais,Página12,20.0,,1,109.64,18709,93.64,0.010000000000005116,0.010000000000005116,18679,18739,103.34,116.47,61
dia_20_mais,Página12,20.0,,1,109.84,18710,93.63,0.010000000000005116,0.010000000000005116,18680,18740,103.58,116.68,61
dia_20_mais,Página12,20.0,,1,110.05,18711,93.64,0.010000000000005116,0.010000000000005116,18681,18741,103.78,116.89,61
dia_20_mais,Página12,20.0,,1,110.65,18714,93.63,0.010000000000005116,0.010000000000005116,18684,18744,104.39,117.49,61
dia_20_mais,Página12,20.0,,1,128.82,18796,93.64,0.010000000000005116,0.010000000000005116,18766,18826,122.03,135.61,61
dia_20_mais,Página12,20.0,,1,145.91,18875,93.63,0.010000000000005116,0.010000000000005116,18845,18905,139.69,152.73,61
dia_20_mais,Página12,20.0,,1,197.97,19111,93.61,0.010000000000005116,0.010000000000005116,19081,19141,191.16,204.12,61
dia_20_mais,Página12,20.0,,1,198.17,19112,93.62,0.010000000000005116,0.010000000000005116,19082,19142,191.36,204.33,61
dia_20_mais,Página12,20.0,,1,201.27,19127,93.61,0.010000000000005116,0.010000000000005116,19097,19157,194.46,207.55,61
dia_20_mais,Página12,20.0,,1,201.47,19128,93.62,0.010000000000005116,0.010000000000005116,19098,19158,194.66,208.09,61
dia_20_mais,Página12,20.0,,1,244.81,19325,93.61,0.010000000000005116,0.010000000000005116,19295,19355,237.88,250.98,61
dia_20_mais,Página12,20.0,,1,245.01,19326,93.62,0.010000000000005116,0.010000000000005116,19296,19356,238.08,251.2,61
dia_20_mais,Página12,20.0,,1,248.73,19344,93.61,0.010000000000005116,0.010000000000005116,19314,19374,241.91,254.91,61
dia_20_mais,Página12,20.0,,1,249.96,19350,93.61,0.010000000000005116,0.010000000000005116,19320,19380,243.13,256.63,61
dia_20_mais,Página12,20.0,,1,263.57,19413,93.61,0.010000000000005116,0.010000000000005116,19383,19443,257.39,270.49,61
dia_20_mais,Página12,20.0,,1,263.77,19414,93.62,0.010000000000005116,0.010000000000005116,19384,19444,257.6,270.69,61
dia_20_mais,Página12,20.0,,1,308.13,19616,93.61,0.010000000000005116,0.010000000000005116,19586,19646,301.34,314.28,61
dia_20_mais,Página12,20.0,,1,308.33,19617,93.62,0.010000000000005116,0.010000000000005116,19587,19647,301.54,314.5,61
dia_20_mais,Página12,20.0,,1,321.4,19677,93.61,0.010000000000005116,0.010000000000005116,19647,19707,314.5,327.56,61
dia_20_mais,Página12,20.0,,1,321.6,19678,93.62,0.010000000000005116,0.010000000000005116,19648,19708,314.71,327.77,61
dia_20_mais,Página12,20.0,,1,324.06,19690,93.61,0.010000000000005116,0.010000000000005116,19660,19720,317.77,330.99,61
dia_20_mais,Página12,20.0,,1,324.26,19691,93.62,0.010000000000005116,0.010000000000005116,19661,19721,317.98,331.21,61
dia_20_mais,Página12,20.0,,1,332.66,19728,93.62,0.010000000000005116,0.010000000000005116,19698,19758,325.72,338.83,61
dia_20_mais,Página12,20.0,,1,351.51,19816,93.61,0.010000000000005116,0.010000000000005116,19786,19846,345.17,358.32,61
dia_20_mais,Página12,20.0,,1,351.71,19817,93.62,0.010000000000005116,0.010000000000005116,19787,19847,345.38,358.53,61
dia_20_mais,Página12,20.0,,1,354.19,19826,93.61,0.010000000000005116,0.010000000000005116,19796,19856,347.36,360.39,61
dia_20_mais,Página12,20.0,,1,354.42,19827,93.62,0.010000000000005116,0.010000000000005116,19797,19857,347.56,360.6,61
dia_20_mais,Página12,20.0,,1,358.12,19845,93.61,0.010000000000005116,0.010000000000005116,19815,19875,351.3,364.78,61
dia_20_mais,Página12,20.0,,1,358.53,19847,93.62,0.010000000000005116,0.010000000000005116,19817,19877,351.71,365.35,61
dia_20_mais,Página12,20.0,,1,360.19,19855,93.61,0.010000000000005116,0.010000000000005116,19825,19885,353.98,367.01,61
dia_20_mais,Página12,20.0,,1,360.39,19856,93.62,0.010000000000005116,0.010000000000005116,19826,19886,354.19,367.21,61
dia_20_mais,Página12,20.0,,1,365.35,19877,93.61,0.010000000000005116,0.010000000000005116,19847,19907,358.53,371.54,61
dia_20_mais,Página12,20.0,,1,373.4,19916,93.61,0.010000000000005116,0.010000000000005116,19886,19918,367.21,373.91,33
dia_20_mais,Página12,20.0,,1,373.71,19917,93.62,0.010000000000005116,0.010000000000005116,19887,19918,367.42,373.91,32
dia_20_mais,dia 21 sem pressao - Soja Sauda,21.0,,1,90.83,19920,93.89,0.010000000000005116,0.010000000000005116,19919,19950,90.62,97.73,32
dia_20_mais,dia 21 sem pressao - Soja Sauda,21.0,,1,91.26,19922,93.88,0.010000000000005116,0.010000000000005116,19919,19952,90.62,98.14,34
dia_20_mais,dia 21 sem pressao - Soja Sauda,21.0,,1,92.53,19928,93.89,0.010000000000005116,0.010000000000005116,19919,19958,90.62,99.42,40
dia_20_mais,dia 21 sem pressao - Soja Sauda,21.0,,1,94.39,19937,93.88,0.010000000000005116,0.010000000000005116,19919,19967,90.62,101.33,49
dia_20_mais,dia 21 sem pressao - Soja Sauda,21.0,,1,94.62,19938,93.89,0.010000000000005116,0.010000000000005116,19919,19968,90.62,101.53,50
dia_20_mais,dia 21 sem pressao - Soja Sauda,21.0,,1,94.82,19939,93.88,0.010000000000005116,0.010000000000005116,19919,19969,90.62,101.74,51
dia_20_mais,dia 21 sem pressao - Soja Sauda,21.0,,1,95.91,19942,93.89,0.010000000000005116,0.010000000000005116,19919,19972,90.62,102.37,54
dia_20_mais,dia 21 sem pressao - Soja Sauda,21.0,,1,96.28,19943,93.88,0.010000000000005116,0.010000000000005116,19919,19973,90.62,102.58,55
dia_20_mais,dia 21 sem pressao - Soja Sauda,21.0,,1,98.35,19953,93.89,0.010000000000005116,0.010000000000005116,19923,19983,91.47,104.72,61
dia_20_mais,dia 21 sem pressao - Soja Sauda,21.0,,1,98.77,19955,93.88,0.010000000000005116,0.010000000000005116,19925,19985,91.87,105.14,61
dia_20_mais,dia 21 sem pressao - Soja Sauda,21.0,,1,99.01,19956,93.89,0.010000000000005116,0.010000000000005116,19926,19986,92.08,105.34,61
dia_20_mais,dia 21 sem pressao - Soja Sauda,21.0,,1,100.07,19961,93.88,0.010000000000005116,0.010000000000005116,19931,19991,93.15,106.41,61
dia_20_mais,dia 21 sem pressao - Soja Sauda,21.0,,1,100.28,19962,93.89,0.010000000000005116,0.010000000000005116,19932,19992,93.36,106.62,61
dia_20_mais,dia 21 sem pressao - Soja Sauda,21.0,,1,100.49,19963,93.88,0.010000000000005116,0.010000000000005116,19933,19993,93.56,106.83,61
dia_20_mais,dia 21 sem pressao - Soja Sauda,21.0,,1,100.7,19964,93.89,0.010000000000005116,0.010000000000005116,19934,19994,93.77,107.03,61
dia_20_mais,dia 21 sem pressao - Soja Sauda,21.0,,1,101.12,19966,93.88,0.010000000000005116,0.010000000000005116,19936,19996,94.18,107.55,61
dia_20_mais,dia 21 sem pressao - Soja Sauda,21.0,,1,101.53,19968,93.89,0.010000000000005116,0.010000000000005116,19938,19998,94.62,108.44,61
dia_20_mais,dia 21 sem pressao - Soja Sauda,21.0,,1,102.37,19972,93.88,0.010000000000005116,0.010000000000005116,19942,20002,95.91,109.44,61
dia_20_mais,dia 21 sem pressao - Soja Sauda,21.0,,1,102.58,19973,93.89,0.010000000000005116,0.010000000000005116,19943,20003,96.28,109.64,61
dia_20_mais,dia 21 sem pressao - Soja Sauda,21.0,,1,102.78,19974,93.88,0.010000000000005116,0.010000000000005116,19944,20004,96.48,109.86,61
dia_20_mais,dia 21 sem pressao - Soja Sauda,21.0,,1,102.99,19975,93.89,0.010000000000005116,0.010000000000005116,19945,20005,96.7,110.09,61
dia_20_mais,dia 21 sem pressao - Soja Sauda,21.0,,1,105.58,19987,93.88,0.010000000000005116,0.010000000000005116,19957,20017,99.22,112.62,61
dia_20_mais,dia 21 sem pressao - Soja Sauda,21.0,,1,105.99,19989,93.89,0.010000000000005116,0.010000000000005116,19959,20019,99.63,113.03,61
dia_20_mais,dia 21 sem pressao - Soja Sauda,21.0,,1,106.62,19992,93.88,0.010000000000005116,0.010000000000005116,19962,20022,100.28,113.66,61
dia_20_mais,dia 21 sem pressao - Soja Sauda,21.0,,1,106.83,19993,93.89,0.010000000000005116,0.010000000000005116,19963,20023,100.49,113.87,61
dia_20_mais,dia 21 sem pressao - Soja Sauda,21.0,,1,109.44,20002,93.88,0.010000000000005116,0.010000000000005116,19972,20032,102.37,115.8,61
dia_20_mais,dia 21 sem pressao - Soja Sauda,21.0,,1,109.64,20003,93.89,0.010000000000005116,0.010000000000005116,19973,20033,102.58,116.0,61
dia_20_mais,dia 21 sem pressao - Soja Sauda,21.0,,1,111.15,20010,93.88,0.010000000000005116,0.010000000000005116,19980,20040,104.05,117.49,61
dia_20_mais,dia 21 sem pressao - Soja Sauda,21.0,,1,111.36,20011,93.89,0.010000000000005116,0.010000000000005116,19981,20041,104.26,117.72,61
dia_20_mais,dia 21 sem pressao - Soja Sauda,21.0,,1,112.62,20017,93.88,0.010000000000005116,0.010000000000005116,19987,20047,105.58,118.97,61
dia_20_mais,dia 21 sem pressao - Soja Sauda,21.0,,1,112.82,20018,93.89,0.010000000000005116,0.010000000000005116,19988,20048,105.78,119.18,61
dia_20_mais,dia 21 sem pressao - Soja Sauda,21.0,,1,113.25,20020,93.88,0.010000000000005116,0.010000000000005116,19990,20050,106.2,119.59,61
dia_20_mais,dia 21 sem pressao - Soja Sauda,21.0,,1,113.45,20021,93.89,0.010000000000005116,0.010000000000005116,19991,20051,106.41,119.81,61
dia_20_mais,dia 21 sem pressao - Soja Sauda,21.0,,1,115.8,20032,93.88,0.010000000000005116,0.010000000000005116,20002,20062,109.44,122.75,61
dia_20_mais,dia 21 sem pressao - Soja Sauda,21.0,,1,116.21,20034,93.89,0.010000000000005116,0.010000000000005116,20004,20064,109.86,123.17,61
dia_20_mais,dia 21 sem pressao - Soja Sauda,21.0,,1,116.42,20035,93.88,0.010000000000005116,0.010000000000005116,20005,20065,110.09,123.38,61
dia_20_mais,dia 21 sem pressao - Soja Sauda,21.0,,1,117.49,20040,93.89,0.010000000000005116,0.010000000000005116,20010,20070,111.15,124.43,61
dia_20_mais,dia 21 sem pressao - Soja Sauda,21.0,,1,117.93,20042,93.88,0.010000000000005116,0.010000000000005116,20012,20072,111.57,124.84,61
dia_20_mais,dia 21 sem pressao - Soja Sauda,21.0,,1,118.55,20045,93.89,0.010000000000005116,0.010000000000005116,20015,20075,112.21,125.5,61
dia_20_mais,dia 21 sem pressao - Soja Sauda,21.0,,1,118.76,20046,93.88,0.010000000000005116,0.010000000000005116,20016,20076,112.41,125.7,61
dia_20_mais,dia 21 sem pressao - Soja Sauda,21.0,,1,118.97,20047,93.89,0.010000000000005116,0.010000000000005116,20017,20077,112.62,125.91,61
dia_20_mais,dia 21 sem pressao - Soja Sauda,21.0,,1,119.18,20048,93.88,0.010000000000005116,0.010000000000005116,20018,20078,112.82,126.11,61
dia_20_mais,dia 21 sem pressao - Soja Sauda,21.0,,1,119.39,20049,93.89,0.010000000000005116,0.010000000000005116,20019,20079,113.03,126.32,61
dia_20_mais,dia 21 sem pressao - Soja Sauda,21.0,,1,119.59,20050,93.88,0.010000000000005116,0.010000000000005116,20020,20080,113.25,126.56,61
dia_20_mais,dia 21 sem pressao - Soja Sauda,21.0,,1,120.7,20053,93.89,0.010000000000005116,0.010000000000005116,20023,20083,113.87,127.17,61
dia_20_mais,dia 21 sem pressao - Soja Sauda,21.0,,1,122.13,20059,93.88,0.010000000000005116,0.010000000000005116,20029,20089,115.13,128.43,61
dia_20_mais,dia 21 sem pressao - Soja Sauda,21.0,,1,122.54,20061,93.89,0.010000000000005116,0.010000000000005116,20031,20091,115.59,128.85,61
dia_20_mais,dia 21 sem pressao - Soja Sauda,21.0,,1,122.75,20062,93.88,0.010000000000005116,0.010000000000005116,20032,20092,115.8,129.05,61
dia_20_mais,dia 21 sem pressao - Soja Sauda,21.0,,1,122.96,20063,93.89,0.010000000000005116,0.010000000000005116,20033,20093,116.0,129.26,61
dia_20_mais,dia 21 sem pressao - Soja Sauda,21.0,,1,124.0,20068,93.88,0.010000000000005116,0.010000000000005116,20038,20098,117.08,130.33,61
dia_20_mais,dia 21 sem pressao - Soja Sauda,21.0,,1,124.63,20071,93.89,0.010000000000005116,0.010000000000005116,20041,20101,117.72,130.98,61
dia_20_mais,dia 21 sem pressao - Soja Sauda,21.0,,1,124.84,20072,93.88,0.010000000000005116,0.010000000000005116,20042,20102,117.93,131.19,61
dia_20_mais,dia 21 sem pressao - Soja Sauda,21.0,,1,125.05,20073,93.89,0.010000000000005116,0.010000000000005116,20043,20103,118.14,131.39,61
dia_20_mais,dia 21 sem pressao - Soja Sauda,21.0,,1,125.7,20076,93.88,0.010000000000005116,0.010000000000005116,20046,20106,118.76,132.02,61
dia_20_mais,dia 21 sem pressao - Soja Sauda,21.0,,1,125.91,20077,93.89,0.010000000000005116,0.010000000000005116,20047,20107,118.97,132.38,61
dia_20_mais,dia 21 sem pressao - Soja Sauda,21.0,,1,126.11,20078,93.88,0.010000000000005116,0.010000000000005116,20048,20108,119.18,132.9,61
dia_20_mais,dia 21 sem pressao - Soja Sauda,21.0,,1,126.32,20079,93.89,0.010000000000005116,0.010000000000005116,20049,20109,119.39,133.27,61
dia_20_mais,dia 21 sem pressao - Soja Sauda,21.0,,1,126.56,20080,93.88,0.010000000000005116,0.010000000000005116,20050,20110,119.59,133.48,61
dia_20_mais,dia 21 sem pressao - Soja Sauda,21.0,,1,126.76,20081,93.89,0.010000000000005116,0.010000000000005116,20051,20111,119.81,133.68,61
dia_20_mais,dia 21 sem pressao - Soja Sauda,21.0,,1,127.38,20084,93.88,0.010000000000005116,0.010000000000005116,20054,20114,121.08,134.33,61
dia_20_mais,dia 21 sem pressao - Soja Sauda,21.0,,1,127.59,20085,93.89,0.010000000000005116,0.010000000000005116,20055,20115,121.28,134.53,61
dia_20_mais,dia 21 sem pressao - Soja Sauda,21.0,,1,127.81,20086,93.88,0.010000000000005116,0.010000000000005116,20056,20116,121.49,134.74,61
dia_20_mais,dia 21 sem pressao - Soja Sauda,21.0,,1,128.01,20087,93.89,0.010000000000005116,0.010000000000005116,20057,20117,121.69,134.94,61
dia_20_mais,dia 21 sem pressao - Soja Sauda,21.0,,1,128.22,20088,93.88,0.010000000000005116,0.010000000000005116,20058,20118,121.9,135.15,61
dia_20_mais,dia 21 sem pressao - Soja Sauda,21.0,,1,128.43,20089,93.89,0.010000000000005116,0.010000000000005116,20059,20119,122.13,135.46,61
dia_20_mais,dia 21 sem pressao - Soja Sauda,21.0,,1,128.64,20090,93.88,0.010000000000005116,0.010000000000005116,20060,20120,122.34,135.67,61
dia_20_mais,dia 21 sem pressao - Soja Sauda,21.0,,1,129.05,20092,93.89,0.010000000000005116,0.010000000000005116,20062,20122,122.75,136.08,61
dia_20_mais,dia 21 sem pressao - Soja Sauda,21.0,,1,129.47,20094,93.88,0.010000000000005116,0.010000000000005116,20064,20124,123.17,136.52,61
dia_20_mais,dia 21 sem pressao - Soja Sauda,21.0,,1,130.33,20098,93.89,0.010000000000005116,0.010000000000005116,20068,20128,124.0,137.35,61
dia_20_mais,dia 21 sem pressao - Soja Sauda,21.0,,1,131.19,20102,93.88,0.010000000000005116,0.010000000000005116,20072,20132,124.84,138.18,61
dia_20_mais,dia 21 sem pressao - Soja Sauda,21.0,,1,131.39,20103,93.89,0.010000000000005116,0.010000000000005116,20073,20133,125.05,138.39,61
dia_20_mais,dia 21 sem pressao - Soja Sauda,21.0,,1,133.27,20109,93.88,0.010000000000005116,0.010000000000005116,20079,20139,126.32,139.64,61
dia_20_mais,dia 21 sem pressao - Soja Sauda,21.0,,1,133.89,20112,93.89,0.010000000000005116,0.010000000000005116,20082,20142,126.97,140.29,61
dia_20_mais,dia 21 sem pressao - Soja Sauda,21.0,,1,135.15,20118,93.88,0.010000000000005116,0.010000000000005116,20088,20148,128.22,141.57,61
dia_20_mais,dia 21 sem pressao - Soja Sauda,21.0,,1,135.67,20120,93.89,0.010000000000005116,0.010000000000005116,20090,20150,128.64,141.98,61
dia_20_mais,dia 21 sem pressao - Soja Sauda,21.0,,1,136.52,20124,93.88,0.010000000000005116,0.010000000000005116,20094,20154,129.47,142.83,61
dia_20_mais,dia 21 sem pressao - Soja Sauda,21.0,,1,136.73,20125,93.89,0.010000000000005116,0.010000000000005116,20095,20155,129.68,143.03,61
dia_20_mais,dia 21 sem pressao - Soja Sauda,21.0,,1,137.35,20128,93.88,0.010000000000005116,0.010000000000005116,20098,20158,130.33,143.66,61
dia_20_mais,dia 21 sem pressao - Soja Sauda,21.0,,1,138.39,20133,93.89,0.010000000000005116,0.010000000000005116,20103,20163,131.39,144.88,61
dia_20_mais,dia 21 sem pressao - Soja Sauda,21.0,,1,138.6,20134,93.88,0.010000000000005116,0.010000000000005116,20104,20164,131.6,145.4,61
dia_20_mais,dia 21 sem pressao - Soja Sauda,21.0,,1,138.81,20135,93.89,0.010000000000005116,0.010000000000005116,20105,20165,131.8,145.79,61
dia_20_mais,dia 21 sem pressao - Soja Sauda,21.0,,1,140.29,20142,93.88,0.010000000000005116,0.010000000000005116,20112,20172,133.89,147.26,61
dia_20_mais,dia 21 sem pressao - Soja Sauda,21.0,,1,140.5,20143,93.89,0.010000000000005116,0.010000000000005116,20113,20173,134.09,147.46,61
dia_20_mais,dia 21 sem pressao - Soja Sauda,21.0,,1,141.15,20146,93.88,0.010000000000005116,0.010000000000005116,20116,20176,134.74,148.09,61
dia_20_mais,dia 21 sem pressao - Soja Sauda,21.0,,1,141.98,20150,93.89,0.010000000000005116,0.010000000000005116,20120,20180,135.67,148.94,61
dia_20_mais,dia 21 sem pressao - Soja Sauda,21.0,,1,142.21,20151,93.88,0.010000000000005116,0.010000000000005116,20121,20181,135.88,149.14,61
dia_20_mais,dia 21 sem pressao - Soja Sauda,21.0,,1,142.41,20152,93.89,0.010000000000005116,0.010000000000005116,20122,20182,136.08,149.35,61
dia_20_mais,dia 21 sem pressao - Soja Sauda,21.0,,1,142.83,20154,93.88,0.010000000000005116,0.010000000000005116,20124,20184,136.52,149.76,61
dia_20_mais,dia 21 sem pressao - Soja Sauda,21.0,,1,144.51,20162,93.89,0.010000000000005116,0.010000000000005116,20132,20192,138.18,151.48,61
dia_20_mais,dia 21 sem pressao - Soja Sauda,21.0,,1,144.88,20163,93.88,0.010000000000005116,0.010000000000005116,20133,20193,138.39,151.68,61
dia_20_mais,dia 21 sem pressao - Soja Sauda,21.0,,1,147.26,20172,93.89,0.010000000000005116,0.010000000000005116,20142,20202,140.29,153.58,61
dia_20_mais,dia 21 sem pressao - Soja Sauda,21.0,,1,147.68,20174,93.88,0.010000000000005116,0.010000000000005116,20144,20204,140.7,154.0,61
dia_20_mais,dia 21 sem pressao - Soja Sauda,21.0,,1,148.09,20176,93.89,0.010000000000005116,0.010000000000005116,20146,20206,141.15,154.43,61
dia_20_mais,dia 21 sem pressao - Soja Sauda,21.0,,1,148.3,20177,93.88,0.010000000000005116,0.010000000000005116,20147,20207,141.36,154.63,61
dia_20_mais,dia 21 sem pressao - Soja Sauda,21.0,,1,148.5,20178,93.89,0.010000000000005116,0.010000000000005116,20148,20208,141.57,154.84,61
dia_20_mais,dia 21 sem pressao - Soja Sauda,21.0,,1,150.01,20185,93.88,0.010000000000005116,0.010000000000005116,20155,20215,143.03,156.29,61
dia_20_mais,dia 21 sem pressao - Soja Sauda,21.0,,1,150.22,20186,93.89,0.010000000000005116,0.010000000000005116,20156,20216,143.25,156.5,61
dia_20_mais,dia 21 sem pressao - Soja Sauda,21.0,,1,150.63,20188,93.88,0.010000000000005116,0.010000000000005116,20158,20218,143.66,157.09,61
dia_20_mais,dia 21 sem pressao - Soja Sauda,21.0,,1,150.83,20189,93.89,0.010000000000005116,0.010000000000005116,20159,20219,143.87,157.61,61
dia_20_mais,dia 21 sem pressao - Soja Sauda,21.0,,1,151.27,20191,93.88,0.010000000000005116,0.010000000000005116,20161,20221,144.28,158.2,61
dia_20_mais,dia 21 sem pressao - Soja Sauda,21.0,,1,151.48,20192,93.89,0.010000000000005116,0.010000000000005116,20162,20222,144.51,158.41,61
dia_20_mais,dia 21 sem pressao - Soja Sauda,21.0,,1,152.1,20195,93.88,0.010000000000005116,0.010000000000005116,20165,20225,145.79,159.04,61
dia_20_mais,dia 21 sem pressao - Soja Sauda,21.0,,1,152.31,20196,93.89,0.010000000000005116,0.010000000000005116,20166,20226,146.0,159.25,61
dia_20_mais,dia 21 sem pressao - Soja Sauda,21.0,,1,152.52,20197,93.88,0.010000000000005116,0.010000000000005116,20167,20227,146.2,159.45,61
dia_20_mais,dia 21 sem pressao - Soja Sauda,21.0,,1,152.93,20199,93.89,0.010000000000005116,0.010000000000005116,20169,20229,146.63,159.87,61
dia_20_mais,dia 21 sem pressao - Soja Sauda,21.0,,1,154.2,20205,93.88,0.010000000000005116,0.010000000000005116,20175,20235,147.88,161.13,61
dia_20_mais,dia 21 sem pressao - Soja Sauda,21.0,,1,155.04,20209,93.89,0.010000000000005116,0.010000000000005116,20179,20239,148.72,161.96,61
dia_20_mais,dia 21 sem pressao - Soja Sauda,21.0,,1,155.47,20211,93.88,0.010000000000005116,0.010000000000005116,20181,20241,149.14,162.41,61
dia_20_mais,dia 21 sem pressao - Soja Sauda,21.0,,1,155.88,20213,93.89,0.010000000000005116,0.010000000000005116,20183,20243,149.55,162.92,61
dia_20_mais,dia 21 sem pressao - Soja Sauda,21.0,,1,156.29,20215,93.88,0.010000000000005116,0.010000000000005116,20185,20245,150.01,163.35,61
dia_20_mais,dia 21 sem pressao - Soja Sauda,21.0,,1,156.73,20217,93.89,0.010000000000005116,0.010000000000005116,20187,20247,150.42,163.76,61
dia_20_mais,dia 21 sem pressao - Soja Sauda,21.0,,1,157.09,20218,93.88,0.010000000000005116,0.010000000000005116,20188,20248,150.63,163.97,61
dia_20_mais,dia 21 sem pressao - Soja Sauda,21.0,,1,157.61,20219,93.89,0.010000000000005116,0.010000000000005116,20189,20249,150.83,164.17,61
dia_20_mais,dia 21 sem pressao - Soja Sauda,21.0,,1,159.04,20225,93.88,0.010000000000005116,0.010000000000005116,20195,20255,152.1,165.49,61
dia_20_mais,dia 21 sem pressao - Soja Sauda,21.0,,1,159.25,20226,93.89,0.010000000000005116,0.010000000000005116,20196,20256,152.31,165.7,61
dia_20_mais,dia 21 sem pressao - Soja Sauda,21.0,,1,159.45,20227,93.88,0.010000000000005116,0.010000000000005116,20197,20257,152.52,165.91,61
dia_20_mais,dia 21 sem pressao - Soja Sauda,21.0,,1,159.66,20228,93.89,0.010000000000005116,0.010000000000005116,20198,20258,152.72,166.11,61
dia_20_mais,dia 21 sem pressao - Soja Sauda,21.0,,1,159.87,20229,93.88,0.010000000000005116,0.010000000000005116,20199,20259,152.93,166.32,61
dia_20_mais,dia 21 sem pressao - Soja Sauda,21.0,,1,160.08,20230,93.89,0.010000000000005116,0.010000000000005116,20200,20260,153.13,166.54,61
dia_20_mais,dia 21 sem pressao - Soja Sauda,21.0,,1,160.28,20231,93.88,0.010000000000005116,0.010000000000005116,20201,20261,153.38,166.75,61
dia_20_mais,dia 21 sem pressao - Soja Sauda,21.0,,1,160.49,20232,93.89,0.010000000000005116,0.010000000000005116,20202,20262,153.58,166.96,61
dia_20_mais,dia 21 sem pressao - Soja Sauda,21.0,,1,161.34,20236,93.88,0.010000000000005116,0.010000000000005116,20206,20266,154.43,167.79,61
dia_20_mais,dia 21 sem pressao - Soja Sauda,21.0,,1,161.54,20237,93.89,0.010000000000005116,0.010000000000005116,20207,20267,154.63,168.0,61
dia_20_mais,dia 21 sem pressao - Soja Sauda,21.0,,1,164.62,20251,93.88,0.010000000000005116,0.010000000000005116,20221,20281,158.2,171.59,61
dia_20_mais,dia 21 sem pressao - Soja Sauda,21.0,,1,164.82,20252,93.89,0.010000000000005116,0.010000000000005116,20222,20282,158.41,171.79,61
dia_20_mais,dia 21 sem pressao - Soja Sauda,21.0,,1,165.24,20254,93.88,0.010000000000005116,0.010000000000005116,20224,20284,158.83,172.21,61
dia_20_mais,dia 21 sem pressao - Soja Sauda,21.0,,1,165.91,20257,93.89,0.010000000000005116,0.010000000000005116,20227,20287,159.45,172.83,61
dia_20_mais,dia 21 sem pressao - Soja Sauda,21.0,,1,167.59,20265,93.88,0.010000000000005116,0.010000000000005116,20235,20295,161.13,174.55,61
dia_20_mais,dia 21 sem pressao - Soja Sauda,21.0,,1,167.79,20266,93.89,0.010000000000005116,0.010000000000005116,20236,20296,161.34,174.76,61
dia_20_mais,dia 21 sem pressao - Soja Sauda,21.0,,1,168.63,20270,93.88,0.010000000000005116,0.010000000000005116,20240,20300,162.2,175.59,61
dia_20_mais,dia 21 sem pressao - Soja Sauda,21.0,,1,168.86,20271,93.89,0.010000000000005116,0.010000000000005116,20241,20301,162.41,175.8,61
dia_20_mais,dia 21 sem pressao - Soja Sauda,21.0,,1,169.63,20274,93.88,0.010000000000005116,0.010000000000005116,20244,20304,163.13,176.43,61
dia_20_mais,dia 21 sem pressao - Soja Sauda,21.0,,1,170.17,20275,93.89,0.010000000000005116,0.010000000000005116,20245,20305,163.35,176.64,61
dia_20_mais,dia 21 sem pressao - Soja Sauda,21.0,,1,170.97,20278,93.88,0.010000000000005116,0.010000000000005116,20248,20308,163.97,177.27,61
dia_20_mais,dia 21 sem pressao - Soja Sauda,21.0,,1,171.17,20279,93.89,0.010000000000005116,0.010000000000005116,20249,20309,164.17,177.48,61
dia_20_mais,dia 21 sem pressao - Soja Sauda,21.0,,1,171.79,20282,93.88,0.010000000000005116,0.010000000000005116,20252,20312,164.82,178.12,61
dia_20_mais,dia 21 sem pressao - Soja Sauda,21.0,,1,172.21,20284,93.89,0.010000000000005116,0.010000000000005116,20254,20314,165.24,178.54,61
dia_20_mais,dia 21 sem pressao - Soja Sauda,21.0,,1,173.9,20292,93.88,0.010000000000005116,0.010000000000005116,20262,20322,166.96,180.26,61
dia_20_mais,dia 21 sem pressao - Soja Sauda,21.0,,1,174.1,20293,93.89,0.010000000000005116,0.010000000000005116,20263,20323,167.17,180.47,61
dia_20_mais,dia 21 sem pressao - Soja Sauda,21.0,,1,176.21,20303,93.88,0.010000000000005116,0.010000000000005116,20273,20333,169.27,183.24,61
dia_20_mais,dia 21 sem pressao - Soja Sauda,21.0,,1,176.64,20305,93.89,0.010000000000005116,0.010000000000005116,20275,20335,170.17,183.66,61
dia_20_mais,dia 21 sem pressao - Soja Sauda,21.0,,1,176.84,20306,93.88,0.010000000000005116,0.010000000000005116,20276,20336,170.53,183.87,61
dia_20_mais,dia 21 sem pressao - Soja Sauda,21.0,,1,177.06,20307,93.89,0.010000000000005116,0.010000000000005116,20277,20337,170.74,184.07,61
dia_20_mais,dia 21 sem pressao - Soja Sauda,21.0,,1,179.0,20316,93.88,0.010000000000005116,0.010000000000005116,20286,20346,172.62,186.01,61
dia_20_mais,dia 21 sem pressao - Soja Sauda,21.0,,1,179.2,20317,93.89,0.010000000000005116,0.010000000000005116,20287,20347,172.83,186.22,61
dia_20_mais,dia 21 sem pressao - Soja Sauda,21.0,,1,179.41,20318,93.88,0.010000000000005116,0.010000000000005116,20288,20348,173.04,186.43,61
dia_20_mais,dia 21 sem pressao - Soja Sauda,21.0,,1,179.62,20319,93.89,0.010000000000005116,0.010000000000005116,20289,20349,173.27,186.64,61
dia_20_mais,dia 21 sem pressao - Soja Sauda,21.0,,1,180.89,20325,93.88,0.010000000000005116,0.010000000000005116,20295,20355,174.55,187.89,61
dia_20_mais,dia 21 sem pressao - Soja Sauda,21.0,,1,181.09,20326,93.89,0.010000000000005116,0.010000000000005116,20296,20356,174.76,188.09,61
dia_20_mais,dia 21 sem pressao - Soja Sauda,21.0,,1,188.09,20356,93.9,0.010000000000005116,0.010000000000005116,20326,20386,181.09,195.33,61
dia_20_mais,dia 21 sem pressao - Soja Sauda,21.0,,1,188.3,20357,93.89,0.010000000000005116,0.010000000000005116,20327,20387,181.3,195.53,61
dia_20_mais,dia 21 sem pressao - Soja Sauda,21.0,,1,193.72,20382,93.88,0.010000000000005116,0.010000000000005116,20352,20412,187.26,200.82,61
dia_20_mais,dia 21 sem pressao - Soja Sauda,21.0,,1,193.92,20383,93.89,0.010000000000005116,0.010000000000005116,20353,20413,187.47,201.03,61
dia_20_mais,dia 21 sem pressao - Soja Sauda,21.0,,1,201.65,20416,93.9,0.010000000000005116,0.010000000000005116,20386,20446,195.33,208.63,61
dia_20_mais,dia 21 sem pressao - Soja Sauda,21.0,,1,202.07,20418,93.89,0.010000000000005116,0.010000000000005116,20388,20448,195.74,209.05,61
dia_20_mais,dia 21 sem pressao - Soja Sauda,21.0,,1,210.09,20453,93.9,0.010000000000005116,0.010000000000005116,20423,20483,203.15,216.44,61
dia_20_mais,dia 21 sem pressao - Soja Sauda,21.0,,1,210.3,20454,93.89,0.010000000000005116,0.010000000000005116,20424,20484,203.36,216.65,61
dia_20_mais,dia 21 sem pressao - Soja Sauda,21.0,,1,211.76,20461,93.88,0.010000000000005116,0.010000000000005116,20431,20491,204.83,218.23,61
dia_20_mais,dia 21 sem pressao - Soja Sauda,21.0,,1,212.0,20462,93.89,0.010000000000005116,0.010000000000005116,20432,20492,205.03,218.44,61
dia_20_mais,dia 21 sem pressao - Soja Sauda,21.0,,1,213.47,20469,93.88,0.010000000000005116,0.010000000000005116,20439,20499,206.51,220.56,61
dia_20_mais,dia 21 sem pressao - Soja Sauda,21.0,,1,213.68,20470,93.89,0.010000000000005116,0.010000000000005116,20440,20500,206.88,220.77,61
dia_20_mais,dia 21 sem pressao - Soja Sauda,21.0,,1,213.88,20471,93.9,0.010000000000005116,0.010000000000005116,20441,20501,207.4,220.98,61
dia_20_mais,dia 21 sem pressao - Soja Sauda,21.0,,1,214.1,20472,93.89,0.010000000000005116,0.010000000000005116,20442,20502,207.78,221.19,61
dia_20_mais,dia 21 sem pressao - Soja Sauda,21.0,,1,214.72,20475,93.88,0.010000000000005116,0.010000000000005116,20445,20505,208.4,221.82,61
dia_20_mais,dia 21 sem pressao - Soja Sauda,21.0,,1,214.93,20476,93.89,0.010000000000005116,0.010000000000005116,20446,20506,208.63,222.03,61
dia_20_mais,dia 21 sem pressao - Soja Sauda,21.0,,1,218.23,20491,93.88,0.010000000000005116,0.010000000000005116,20461,20521,211.76,225.22,61
dia_20_mais,dia 21 sem pressao - Soja Sauda,21.0,,1,218.44,20492,93.89,0.010000000000005116,0.010000000000005116,20462,20522,212.0,225.43,61
dia_20_mais,dia 21 sem pressao - Soja Sauda,21.0,,1,219.77,20496,93.88,0.010000000000005116,0.010000000000005116,20466,20526,212.83,226.26,61
dia_20_mais,dia 21 sem pressao - Soja Sauda,21.0,,1,221.19,20502,93.89,0.010000000000005116,0.010000000000005116,20472,20532,214.1,227.56,61
dia_20_mais,dia 21 sem pressao - Soja Sauda,21.0,,1,221.4,20503,93.88,0.010000000000005116,0.010000000000005116,20473,20533,214.3,227.77,61
dia_20_mais,dia 21 sem pressao - Soja Sauda,21.0,,1,221.6,20504,93.89,0.010000000000005116,0.010000000000005116,20474,20534,214.51,227.97,61
dia_20_mais,dia 21 sem pressao - Soja Sauda,21.0,,1,223.53,20513,93.88,0.010000000000005116,0.010000000000005116,20483,20543,216.44,229.9,61
dia_20_mais,dia 21 sem pressao - Soja Sauda,21.0,,1,223.73,20514,93.89,0.010000000000005116,0.010000000000005116,20484,20544,216.65,230.1,61
dia_20_mais,dia 21 sem pressao - Soja Sauda,21.0,,1,223.94,20515,93.88,0.010000000000005116,0.010000000000005116,20485,20545,216.86,230.31,61
dia_20_mais,dia 21 sem pressao - Soja Sauda,21.0,,1,224.39,20517,93.89,0.010000000000005116,0.010000000000005116,20487,20547,217.37,230.73,61
dia_20_mais,dia 21 sem pressao - Soja Sauda,21.0,,1,225.84,20524,93.88,0.010000000000005116,0.010000000000005116,20494,20554,218.89,232.81,61
dia_20_mais,dia 21 sem pressao - Soja Sauda,21.0,,1,226.05,20525,93.89,0.010000000000005116,0.010000000000005116,20495,20555,219.25,233.05,61
dia_20_mais,dia 21 sem pressao - Soja Sauda,21.0,,1,227.77,20533,93.88,0.010000000000005116,0.010000000000005116,20503,20563,221.4,234.71,61
dia_20_mais,dia 21 sem pressao - Soja Sauda,21.0,,1,228.18,20535,93.89,0.010000000000005116,0.010000000000005116,20505,20565,221.82,235.13,61
dia_20_mais,dia 21 sem pressao - Soja Sauda,21.0,,1,228.39,20536,93.88,0.010000000000005116,0.010000000000005116,20506,20566,222.03,235.35,61
dia_20_mais,dia 21 sem pressao - Soja Sauda,21.0,,1,228.64,20537,93.89,0.010000000000005116,0.010000000000005116,20507,20567,222.24,235.55,61
dia_20_mais,dia 21 sem pressao - Soja Sauda,21.0,,1,229.9,20543,93.88,0.010000000000005116,0.010000000000005116,20513,20573,223.53,236.84,61
dia_20_mais,dia 21 sem pressao - Soja Sauda,21.0,,1,230.31,20545,93.89,0.010000000000005116,0.010000000000005116,20515,20575,223.94,237.26,61
dia_20_mais,dia 21 sem pressao - Soja Sauda,21.0,,1,230.94,20548,93.88,0.010000000000005116,0.010000000000005116,20518,20578,224.6,237.88,61
dia_20_mais,dia 21 sem pressao - Soja Sauda,21.0,,1,231.15,20549,93.89,0.010000000000005116,0.010000000000005116,20519,20579,224.8,238.09,61
dia_20_mais,dia 21 sem pressao - Soja Sauda,21.0,,1,231.51,20550,93.88,0.010000000000005116,0.010000000000005116,20520,20580,225.01,238.3,61
dia_20_mais,dia 21 sem pressao - Soja Sauda,21.0,,1,232.6,20553,93.89,0.010000000000005116,0.010000000000005116,20523,20583,225.64,238.92,61
dia_20_mais,dia 21 sem pressao - Soja Sauda,21.0,,1,232.81,20554,93.88,0.010000000000005116,0.010000000000005116,20524,20584,225.84,239.13,61
dia_20_mais,dia 21 sem pressao - Soja Sauda,21.0,,1,233.26,20556,93.89,0.010000000000005116,0.010000000000005116,20526,20586,226.26,239.55,61
dia_20_mais,dia 21 sem pressao - Soja Sauda,21.0,,1,234.09,20560,93.88,0.010000000000005116,0.010000000000005116,20530,20590,227.11,240.4,61
dia_20_mais,dia 21 sem pressao - Soja Sauda,21.0,,1,234.3,20561,93.89,0.010000000000005116,0.010000000000005116,20531,20591,227.32,240.61,61
dia_20_mais,dia 21 sem pressao - Soja Sauda,21.0,,1,234.5,20562,93.88,0.010000000000005116,0.010000000000005116,20532,20592,227.56,240.86,61
dia_20_mais,dia 21 sem pressao - Soja Sauda,21.0,,1,234.71,20563,93.89,0.010000000000005116,0.010000000000005116,20533,20593,227.77,241.07,61
dia_20_mais,dia 21 sem pressao - Soja Sauda,21.0,,1,234.92,20564,93.88,0.010000000000005116,0.010000000000005116,20534,20594,227.97,241.28,61
dia_20_mais,dia 21 sem pressao - Soja Sauda,21.0,,1,235.13,20565,93.89,0.010000000000005116,0.010000000000005116,20535,20595,228.18,241.49,61
dia_20_mais,dia 21 sem pressao - Soja Sauda,21.0,,1,235.76,20568,93.88,0.010000000000005116,0.010000000000005116,20538,20598,228.84,242.13,61
dia_20_mais,dia 21 sem pressao - Soja Sauda,21.0,,1,235.97,20569,93.89,0.010000000000005116,0.010000000000005116,20539,20599,229.05,242.35,61
dia_20_mais,dia 21 sem pressao - Soja Sauda,21.0,,1,236.18,20570,93.88,0.010000000000005116,0.010000000000005116,20540,20600,229.26,242.55,61
dia_20_mais,dia 21 sem pressao - Soja Sauda,21.0,,1,236.84,20573,93.89,0.010000000000005116,0.010000000000005116,20543,20603,229.9,243.18,61
dia_20_mais,dia 21 sem pressao - Soja Sauda,21.0,,1,237.47,20576,93.88,0.010000000000005116,0.010000000000005116,20546,20606,230.52,243.96,61
dia_20_mais,dia 21 sem pressao - Soja Sauda,21.0,,1,238.72,20582,93.89,0.010000000000005116,0.010000000000005116,20552,20612,232.4,245.83,61
dia_20_mais,dia 21 sem pressao - Soja Sauda,21.0,,1,238.92,20583,93.88,0.010000000000005116,0.010000000000005116,20553,20613,232.6,246.04,61
dia_20_mais,dia 21 sem pressao - Soja Sauda,21.0,,1,239.55,20586,93.89,0.010000000000005116,0.010000000000005116,20556,20616,233.26,246.66,61
dia_20_mais,dia 21 sem pressao - Soja Sauda,21.0,,1,239.78,20587,93.88,0.010000000000005116,0.010000000000005116,20557,20617,233.46,246.87,61
dia_20_mais,dia 21 sem pressao - Soja Sauda,21.0,,1,240.2,20589,93.89,0.010000000000005116,0.010000000000005116,20559,20619,233.88,247.29,61
dia_20_mais,dia 21 sem pressao - Soja Sauda,21.0,,1,241.69,20596,93.88,0.010000000000005116,0.010000000000005116,20566,20626,235.35,248.81,61
dia_20_mais,dia 21 sem pressao - Soja Sauda,21.0,,1,241.93,20597,93.89,0.010000000000005116,0.010000000000005116,20567,20627,235.55,249.01,61
dia_20_mais,dia 21 sem pressao - Soja Sauda,21.0,,1,242.35,20599,93.88,0.010000000000005116,0.010000000000005116,20569,20629,235.97,249.43,61
dia_20_mais,dia 21 sem pressao - Soja Sauda,21.0,,1,242.55,20600,93.89,0.010000000000005116,0.010000000000005116,20570,20630,236.18,249.65,61
dia_20_mais,dia 21 sem pressao - Soja Sauda,21.0,,1,243.18,20603,93.88,0.010000000000005116,0.010000000000005116,20573,20633,236.84,250.28,61
dia_20_mais,dia 21 sem pressao - Soja Sauda,21.0,,1,243.39,20604,93.89,0.010000000000005116,0.010000000000005116,20574,20634,237.05,250.48,61
dia_20_mais,dia 21 sem pressao - Soja Sauda,21.0,,1,243.6,20605,93.88,0.010000000000005116,0.010000000000005116,20575,20635,237.26,250.7,61
dia_20_mais,dia 21 sem pressao - Soja Sauda,21.0,,1,243.96,20606,93.89,0.010000000000005116,0.010000000000005116,20576,20636,237.47,250.91,61
dia_20_mais,dia 21 sem pressao - Soja Sauda,21.0,,1,244.53,20607,93.88,0.010000000000005116,0.010000000000005116,20577,20637,237.68,251.11,61
dia_20_mais,dia 21 sem pressao - Soja Sauda,21.0,,1,244.89,20608,93.89,0.010000000000005116,0.010000000000005116,20578,20638,237.88,251.32,61
dia_20_mais,dia 21 sem pressao - Soja Sauda,21.0,,1,245.41,20610,93.88,0.010000000000005116,0.010000000000005116,20580,20640,238.3,251.74,61
dia_20_mais,dia 21 sem pressao - Soja Sauda,21.0,,1,245.62,20611,93.89,0.010000000000005116,0.010000000000005116,20581,20641,238.51,251.96,61
dia_20_mais,dia 21 sem pressao - Soja Sauda,21.0,,1,246.04,20613,93.88,0.010000000000005116,0.010000000000005116,20583,20643,238.92,252.38,61
dia_20_mais,dia 21 sem pressao - Soja Sauda,21.0,,1,246.46,20615,93.89,0.010000000000005116,0.010000000000005116,20585,20645,239.34,252.79,61
dia_20_mais,dia 21 sem pressao - Soja Sauda,21.0,,1,246.66,20616,93.88,0.010000000000005116,0.010000000000005116,20586,20646,239.55,253.03,61
dia_20_mais,dia 21 sem pressao - Soja Sauda,21.0,,1,246.87,20617,93.89,0.010000000000005116,0.010000000000005116,20587,20647,239.78,253.24,61
dia_20_mais,dia 21 sem pressao - Soja Sauda,21.0,,1,247.29,20619,93.88,0.010000000000005116,0.010000000000005116,20589,20649,240.2,253.65,61
dia_20_mais,dia 21 sem pressao - Soja Sauda,21.0,,1,247.52,20620,93.89,0.010000000000005116,0.010000000000005116,20590,20650,240.4,253.86,61
dia_20_mais,dia 21 sem pressao - Soja Sauda,21.0,,1,248.59,20625,93.88,0.010000000000005116,0.010000000000005116,20595,20655,241.49,254.9,61
dia_20_mais,dia 21 sem pressao - Soja Sauda,21.0,,1,248.81,20626,93.89,0.010000000000005116,0.010000000000005116,20596,20656,241.69,255.12,61
dia_20_mais,dia 21 sem pressao - Soja Sauda,21.0,,1,249.43,20629,93.88,0.010000000000005116,0.010000000000005116,20599,20659,242.35,255.74,61
dia_20_mais,dia 21 sem pressao - Soja Sauda,21.0,,1,249.65,20630,93.89,0.010000000000005116,0.010000000000005116,20600,20660,242.55,255.94,61
dia_20_mais,dia 21 sem pressao - Soja Sauda,21.0,,1,250.48,20634,93.88,0.010000000000005116,0.010000000000005116,20604,20664,243.39,257.43,61
dia_20_mais,dia 21 sem pressao - Soja Sauda,21.0,,1,250.7,20635,93.89,0.010000000000005116,0.010000000000005116,20605,20665,243.6,257.64,61
dia_20_mais,dia 21 sem pressao - Soja Sauda,21.0,,1,251.32,20638,93.88,0.010000000000005116,0.010000000000005116,20608,20668,244.89,258.26,61
dia_20_mais,dia 21 sem pressao - Soja Sauda,21.0,,1,251.53,20639,93.89,0.010000000000005116,0.010000000000005116,20609,20669,245.21,258.47,61
dia_20_mais,dia 21 sem pressao - Soja Sauda,21.0,,1,251.74,20640,93.88,0.010000000000005116,0.010000000000005116,20610,20670,245.41,258.68,61
dia_20_mais,dia 21 sem pressao - Soja Sauda,21.0,,1,251.96,20641,93.89,0.010000000000005116,0.010000000000005116,20611,20671,245.62,258.88,61
dia_20_mais,dia 21 sem pressao - Soja Sauda,21.0,,1,252.17,20642,93.88,0.010000000000005116,0.010000000000005116,20612,20672,245.83,259.09,61
dia_20_mais,dia 21 sem pressao - Soja Sauda,21.0,,1,252.38,20643,93.89,0.010000000000005116,0.010000000000005116,20613,20673,246.04,259.3,61
dia_20_mais,dia 21 sem pressao - Soja Sauda,21.0,,1,253.44,20648,93.88,0.010000000000005116,0.010000000000005116,20618,20678,247.08,260.35,61
dia_20_mais,dia 21 sem pressao - Soja Sauda,21.0,,1,253.65,20649,93.89,0.010000000000005116,0.010000000000005116,20619,20679,247.29,260.56,61
dia_20_mais,dia 21 sem pressao - Soja Sauda,21.0,,1,255.12,20656,93.88,0.010000000000005116,0.010000000000005116,20626,20686,248.81,262.06,61
dia_20_mais,dia 21 sem pressao - Soja Sauda,21.0,,1,255.53,20658,93.89,0.010000000000005116,0.010000000000005116,20628,20688,249.22,262.48,61
dia_20_mais,dia 21 sem pressao - Soja Sauda,21.0,,1,255.74,20659,93.88,0.010000000000005116,0.010000000000005116,20629,20689,249.43,262.69,61
dia_20_mais,dia 21 sem pressao - Soja Sauda,21.0,,1,256.31,20661,93.89,0.010000000000005116,0.010000000000005116,20631,20691,249.86,263.11,61
dia_20_mais,dia 21 sem pressao - Soja Sauda,21.0,,1,257.2,20663,93.88,0.010000000000005116,0.010000000000005116,20633,20693,250.28,263.52,61
dia_20_mais,dia 21 sem pressao - Soja Sauda,21.0,,1,257.43,20664,93.89,0.010000000000005116,0.010000000000005116,20634,20694,250.48,263.73,61
dia_20_mais,dia 21 sem pressao - Soja Sauda,21.0,,1,259.51,20674,93.88,0.010000000000005116,0.010000000000005116,20644,20704,252.58,265.87,61
dia_20_mais,dia 21 sem pressao - Soja Sauda,21.0,,1,259.73,20675,93.89,0.010000000000005116,0.010000000000005116,20645,20705,252.79,266.08,61
dia_20_mais,dia 21 sem pressao - Soja Sauda,21.0,,1,260.56,20679,93.88,0.010000000000005116,0.010000000000005116,20649,20709,253.65,266.93,61
dia_20_mais,dia 21 sem pressao - Soja Sauda,21.0,,1,260.8,20680,93.89,0.010000000000005116,0.010000000000005116,20650,20710,253.86,267.13,61
dia_20_mais,dia 21 sem pressao - Soja Sauda,21.0,,1,261.01,20681,93.88,0.010000000000005116,0.010000000000005116,20651,20711,254.07,267.35,61
dia_20_mais,dia 21 sem pressao - Soja Sauda,21.0,,1,261.22,20682,93.89,0.010000000000005116,0.010000000000005116,20652,20712,254.28,267.55,61
dia_20_mais,dia 21 sem pressao - Soja Sauda,21.0,,1,262.27,20687,93.88,0.010000000000005116,0.010000000000005116,20657,20717,255.32,269.06,61
dia_20_mais,dia 21 sem pressao - Soja Sauda,21.0,,1,262.48,20688,93.89,0.010000000000005116,0.010000000000005116,20658,20718,255.53,269.43,61
dia_20_mais,dia 21 sem pressao - Soja Sauda,21.0,,1,263.11,20691,93.88,0.010000000000005116,0.010000000000005116,20661,20721,256.31,270.08,61
dia_20_mais,dia 21 sem pressao - Soja Sauda,21.0,,1,263.52,20693,93.89,0.010000000000005116,0.010000000000005116,20663,20723,257.2,270.5,61
dia_20_mais,dia 21 sem pressao - Soja Sauda,21.0,,1,263.94,20695,93.88,0.010000000000005116,0.010000000000005116,20665,20725,257.64,270.95,61
dia_20_mais,dia 21 sem pressao - Soja Sauda,21.0,,1,264.17,20696,93.89,0.010000000000005116,0.010000000000005116,20666,20726,257.84,271.15,61
dia_20_mais,dia 21 sem pressao - Soja Sauda,21.0,,1,264.37,20697,93.88,0.010000000000005116,0.010000000000005116,20667,20727,258.05,271.36,61
dia_20_mais,dia 21 sem pressao - Soja Sauda,21.0,,1,265.0,20700,93.89,0.010000000000005116,0.010000000000005116,20670,20730,258.68,271.99,61
dia_20_mais,dia 21 sem pressao - Soja Sauda,21.0,,1,265.24,20701,93.88,0.010000000000005116,0.010000000000005116,20671,20731,258.88,272.19,61
dia_20_mais,dia 21 sem pressao - Soja Sauda,21.0,,1,265.87,20704,93.89,0.010000000000005116,0.010000000000005116,20674,20734,259.51,272.92,61
dia_20_mais,dia 21 sem pressao - Soja Sauda,21.0,,1,266.08,20705,93.88,0.010000000000005116,0.010000000000005116,20675,20735,259.73,273.12,61
dia_20_mais,dia 21 sem pressao - Soja Sauda,21.0,,1,266.3,20706,93.89,0.010000000000005116,0.010000000000005116,20676,20736,259.94,273.33,61
dia_20_mais,dia 21 sem pressao - Soja Sauda,21.0,,1,266.51,20707,93.88,0.010000000000005116,0.010000000000005116,20677,20737,260.14,273.54,61
dia_20_mais,dia 21 sem pressao - Soja Sauda,21.0,,1,266.93,20709,93.89,0.010000000000005116,0.010000000000005116,20679,20739,260.56,273.96,61
dia_20_mais,dia 21 sem pressao - Soja Sauda,21.0,,1,268.54,20716,93.88,0.010000000000005116,0.010000000000005116,20686,20746,262.06,275.43,61
dia_20_mais,dia 21 sem pressao - Soja Sauda,21.0,,1,269.06,20717,93.89,0.010000000000005116,0.010000000000005116,20687,20747,262.27,275.64,61
dia_20_mais,dia 21 sem pressao - Soja Sauda,21.0,,1,270.29,20722,93.88,0.010000000000005116,0.010000000000005116,20692,20752,263.31,276.72,61
dia_20_mais,dia 21 sem pressao - Soja Sauda,21.0,,1,270.5,20723,93.89,0.010000000000005116,0.010000000000005116,20693,20753,263.52,276.93,61
dia_20_mais,dia 21 sem pressao - Soja Sauda,21.0,,1,273.54,20737,93.88,0.010000000000005116,0.010000000000005116,20707,20767,266.51,279.88,61
dia_20_mais,dia 21 sem pressao - Soja Sauda,21.0,,1,274.17,20740,93.89,0.010000000000005116,0.010000000000005116,20710,20770,267.13,280.5,61
dia_20_mais,dia 21 sem pressao - Soja Sauda,21.0,,1,274.37,20741,93.88,0.010000000000005116,0.010000000000005116,20711,20771,267.35,280.75,61
dia_20_mais,dia 21 sem pressao - Soja Sauda,21.0,,1,274.58,20742,93.89,0.010000000000005116,0.010000000000005116,20712,20772,267.55,281.11,61
dia_20_mais,dia 21 sem pressao - Soja Sauda,21.0,,1,275.64,20747,93.88,0.010000000000005116,0.010000000000005116,20717,20777,269.06,282.65,61
dia_20_mais,dia 21 sem pressao - Soja Sauda,21.0,,1,275.85,20748,93.89,0.010000000000005116,0.010000000000005116,20718,20778,269.43,282.87,61
dia_20_mais,dia 21 sem pressao - Soja Sauda,21.0,,1,276.06,20749,93.88,0.010000000000005116,0.010000000000005116,20719,20779,269.67,283.08,61
dia_20_mais,dia 21 sem pressao - Soja Sauda,21.0,,1,276.31,20750,93.89,0.010000000000005116,0.010000000000005116,20720,20780,269.88,283.28,61
dia_20_mais,dia 21 sem pressao - Soja Sauda,21.0,,1,276.93,20753,93.88,0.010000000000005116,0.010000000000005116,20723,20783,270.5,283.9,61
dia_20_mais,dia 21 sem pressao - Soja Sauda,21.0,,1,279.22,20764,93.89,0.010000000000005116,0.010000000000005116,20734,20794,272.92,286.27,61
dia_20_mais,dia 21 sem pressao - Soja Sauda,21.0,,1,279.68,20766,93.88,0.010000000000005116,0.010000000000005116,20736,20796,273.33,286.68,61
dia_20_mais,dia 21 sem pressao - Soja Sauda,21.0,,1,279.88,20767,93.89,0.010000000000005116,0.010000000000005116,20737,20797,273.54,286.88,61
dia_20_mais,dia 21 sem pressao - Soja Sauda,21.0,,1,280.75,20771,93.88,0.010000000000005116,0.010000000000005116,20741,20801,274.37,287.72,61
dia_20_mais,dia 21 sem pressao - Soja Sauda,21.0,,1,281.11,20772,93.89,0.010000000000005116,0.010000000000005116,20742,20802,274.58,287.93,61
dia_20_mais,dia 21 sem pressao - Soja Sauda,21.0,,1,281.63,20773,93.88,0.010000000000005116,0.010000000000005116,20743,20803,274.78,288.13,61
dia_20_mais,dia 21 sem pressao - Soja Sauda,21.0,,1,282.24,20775,93.89,0.010000000000005116,0.010000000000005116,20745,20805,275.23,288.55,61
dia_20_mais,dia 21 sem pressao - Soja Sauda,21.0,,1,282.45,20776,93.88,0.010000000000005116,0.010000000000005116,20746,20806,275.43,288.76,61
dia_20_mais,dia 21 sem pressao - Soja Sauda,21.0,,1,282.65,20777,93.89,0.010000000000005116,0.010000000000005116,20747,20807,275.64,288.97,61
dia_20_mais,dia 21 sem pressao - Soja Sauda,21.0,,1,283.49,20781,93.88,0.010000000000005116,0.010000000000005116,20751,20811,276.52,289.82,61
dia_20_mais,dia 21 sem pressao - Soja Sauda,21.0,,1,283.69,20782,93.89,0.010000000000005116,0.010000000000005116,20752,20812,276.72,290.03,61
dia_20_mais,dia 21 sem pressao - Soja Sauda,21.0,,1,283.9,20783,93.88,0.010000000000005116,0.010000000000005116,20753,20813,276.93,290.24,61
dia_20_mais,dia 21 sem pressao - Soja Sauda,21.0,,1,284.13,20784,93.89,0.010000000000005116,0.010000000000005116,20754,20814,277.13,290.45,61
dia_20_mais,dia 21 sem pressao - Soja Sauda,21.0,,1,284.34,20785,93.88,0.010000000000005116,0.010000000000005116,20755,20815,277.36,290.69,61
dia_20_mais,dia 21 sem pressao - Soja Sauda,21.0,,1,284.54,20786,93.89,0.010000000000005116,0.010000000000005116,20756,20816,277.56,290.89,61
dia_20_mais,dia 21 sem pressao - Soja Sauda,21.0,,1,284.95,20788,93.88,0.010000000000005116,0.010000000000005116,20758,20818,277.98,291.31,61
dia_20_mais,dia 21 sem pressao - Soja Sauda,21.0,,1,285.82,20792,93.89,0.010000000000005116,0.010000000000005116,20762,20822,278.81,292.14,61
dia_20_mais,dia 21 sem pressao - Soja Sauda,21.0,,1,286.47,20795,93.88,0.010000000000005116,0.010000000000005116,20765,20825,279.43,292.77,61
dia_20_mais,dia 21 sem pressao - Soja Sauda,21.0,,1,286.88,20797,93.89,0.010000000000005116,0.010000000000005116,20767,20827,279.88,293.34,61
dia_20_mais,dia 21 sem pressao - Soja Sauda,21.0,,1,287.93,20802,93.88,0.010000000000005116,0.010000000000005116,20772,20832,281.11,294.86,61
dia_20_mais,dia 21 sem pressao - Soja Sauda,21.0,,1,288.55,20805,93.89,0.010000000000005116,0.010000000000005116,20775,20835,282.24,295.49,61
dia_20_mais,dia 21 sem pressao - Soja Sauda,21.0,,1,288.76,20806,93.88,0.010000000000005116,0.010000000000005116,20776,20836,282.45,295.69,61
dia_20_mais,dia 21 sem pressao - Soja Sauda,21.0,,1,288.97,20807,93.89,0.010000000000005116,0.010000000000005116,20777,20837,282.65,295.9,61
dia_20_mais,dia 21 sem pressao - Soja Sauda,21.0,,1,296.52,20840,93.88,0.010000000000005116,0.010000000000005116,20810,20870,289.62,302.97,61
dia_20_mais,dia 21 sem pressao - Soja Sauda,21.0,,1,296.94,20842,93.89,0.010000000000005116,0.010000000000005116,20812,20872,290.03,303.39,61
dia_20_mais,dia 21 sem pressao - Soja Sauda,21.0,,1,299.61,20854,93.88,0.010000000000005116,0.010000000000005116,20824,20884,292.55,306.56,61
dia_20_mais,dia 21 sem pressao - Soja Sauda,21.0,,1,299.82,20855,93.89,0.010000000000005116,0.010000000000005116,20825,20885,292.77,306.77,61
dia_20_mais,dia 21 sem pressao - Soja Sauda,21.0,,1,300.02,20856,93.88,0.010000000000005116,0.010000000000005116,20826,20886,292.98,306.97,61
dia_20_mais,dia 21 sem pressao - Soja Sauda,21.0,,1,300.23,20857,93.89,0.010000000000005116,0.010000000000005116,20827,20887,293.34,307.19,61
dia_20_mais,dia 21 sem pressao - Soja Sauda,21.0,,1,300.68,20859,93.88,0.010000000000005116,0.010000000000005116,20829,20889,294.24,307.6,61
dia_20_mais,dia 21 sem pressao - Soja Sauda,21.0,,1,300.89,20860,93.89,0.010000000000005116,0.010000000000005116,20830,20890,294.45,307.81,61
dia_20_mais,dia 21 sem pressao - Soja Sauda,21.0,,1,303.18,20871,93.88,0.010000000000005116,0.010000000000005116,20841,20901,296.74,310.15,61
dia_20_mais,dia 21 sem pressao - Soja Sauda,21.0,,1,303.39,20872,93.89,0.010000000000005116,0.010000000000005116,20842,20902,296.94,310.36,61
dia_20_mais,dia 21 sem pressao - Soja Sauda,21.0,,1,305.67,20882,93.88,0.010000000000005116,0.010000000000005116,20852,20912,299.07,312.45,61
dia_20_mais,dia 21 sem pressao - Soja Sauda,21.0,,1,306.77,20885,93.89,0.010000000000005116,0.010000000000005116,20855,20915,299.82,313.1,61
dia_20_mais,dia 21 sem pressao - Soja Sauda,21.0,,1,307.19,20887,93.88,0.010000000000005116,0.010000000000005116,20857,20917,300.23,313.51,61
dia_20_mais,dia 21 sem pressao - Soja Sauda,21.0,,1,307.6,20889,93.89,0.010000000000005116,0.010000000000005116,20859,20919,300.68,313.96,61
dia_20_mais,dia 21 sem pressao - Soja Sauda,21.0,,1,307.81,20890,93.88,0.010000000000005116,0.010000000000005116,20860,20920,300.89,314.17,61
dia_20_mais,dia 21 sem pressao - Soja Sauda,21.0,,1,308.46,20893,93.89,0.010000000000005116,0.010000000000005116,20863,20923,301.51,314.79,61
dia_20_mais,dia 21 sem pressao - Soja Sauda,21.0,,1,308.66,20894,93.88,0.010000000000005116,0.010000000000005116,20864,20924,301.73,315.02,61
dia_20_mais,dia 21 sem pressao - Soja Sauda,21.0,,1,308.87,20895,93.89,0.010000000000005116,0.010000000000005116,20865,20925,301.93,315.22,61
dia_20_mais,dia 21 sem pressao - Soja Sauda,21.0,,1,309.08,20896,93.88,0.010000000000005116,0.010000000000005116,20866,20926,302.14,315.43,61
dia_20_mais,dia 21 sem pressao - Soja Sauda,21.0,,1,309.29,20897,93.89,0.010000000000005116,0.010000000000005116,20867,20927,302.34,315.64,61
dia_20_mais,dia 21 sem pressao - Soja Sauda,21.0,,1,309.53,20898,93.88,0.010000000000005116,0.010000000000005116,20868,20928,302.55,315.84,61
dia_20_mais,dia 21 sem pressao - Soja Sauda,21.0,,1,309.94,20900,93.89,0.010000000000005116,0.010000000000005116,20870,20930,302.97,316.26,61
dia_20_mais,dia 21 sem pressao - Soja Sauda,21.0,,1,310.15,20901,93.88,0.010000000000005116,0.010000000000005116,20871,20931,303.18,316.48,61
dia_20_mais,dia 21 sem pressao - Soja Sauda,21.0,,1,310.58,20903,93.89,0.010000000000005116,0.010000000000005116,20873,20933,303.59,316.89,61
dia_20_mais,dia 21 sem pressao - Soja Sauda,21.0,,1,311.4,20907,93.88,0.010000000000005116,0.010000000000005116,20877,20937,304.44,317.74,61
dia_20_mais,dia 21 sem pressao - Soja Sauda,21.0,,1,311.62,20908,93.89,0.010000000000005116,0.010000000000005116,20878,20938,304.64,318.1,61
dia_20_mais,dia 21 sem pressao - Soja Sauda,21.0,,1,311.83,20909,93.88,0.010000000000005116,0.010000000000005116,20879,20939,304.85,318.64,61
dia_20_mais,dia 21 sem pressao - Soja Sauda,21.0,,1,312.45,20912,93.89,0.010000000000005116,0.010000000000005116,20882,20942,305.67,319.44,61
dia_20_mais,dia 21 sem pressao - Soja Sauda,21.0,,1,313.1,20915,93.88,0.010000000000005116,0.010000000000005116,20885,20945,306.77,320.06,61
dia_20_mais,dia 21 sem pressao - Soja Sauda,21.0,,1,313.51,20917,93.89,0.010000000000005116,0.010000000000005116,20887,20947,307.19,320.48,61
dia_20_mais,dia 21 sem pressao - Soja Sauda,21.0,,1,313.72,20918,93.88,0.010000000000005116,0.010000000000005116,20888,20948,307.39,320.69,61
dia_20_mais,dia 21 sem pressao - Soja Sauda,21.0,,1,313.96,20919,93.89,0.010000000000005116,0.010000000000005116,20889,20949,307.6,320.9,61
dia_20_mais,dia 21 sem pressao - Soja Sauda,21.0,,1,314.38,20921,93.88,0.010000000000005116,0.010000000000005116,20891,20951,308.02,321.31,61
dia_20_mais,dia 21 sem pressao - Soja Sauda,21.0,,1,315.02,20924,93.89,0.010000000000005116,0.010000000000005116,20894,20954,308.66,321.97,61
dia_20_mais,dia 21 sem pressao - Soja Sauda,21.0,,1,315.22,20925,93.88,0.010000000000005116,0.010000000000005116,20895,20955,308.87,322.17,61
dia_20_mais,dia 21 sem pressao - Soja Sauda,21.0,,1,316.48,20931,93.89,0.010000000000005116,0.010000000000005116,20901,20961,310.15,323.45,61
dia_20_mais,dia 21 sem pressao - Soja Sauda,21.0,,1,317.53,20936,93.88,0.010000000000005116,0.010000000000005116,20906,20966,311.2,324.49,61
dia_20_mais,dia 21 sem pressao - Soja Sauda,21.0,,1,318.1,20938,93.89,0.010000000000005116,0.010000000000005116,20908,20968,311.62,324.91,61
dia_20_mais,dia 21 sem pressao - Soja Sauda,21.0,,1,320.48,20947,93.88,0.010000000000005116,0.010000000000005116,20917,20977,313.51,326.93,61
dia_20_mais,dia 21 sem pressao - Soja Sauda,21.0,,1,321.1,20950,93.89,0.010000000000005116,0.010000000000005116,20920,20980,314.17,327.56,61
dia_20_mais,dia 21 sem pressao - Soja Sauda,21.0,,1,321.31,20951,93.88,0.010000000000005116,0.010000000000005116,20921,20981,314.38,327.77,61
dia_20_mais,dia 21 sem pressao - Soja Sauda,21.0,,1,321.52,20952,93.89,0.010000000000005116,0.010000000000005116,20922,20982,314.58,327.98,61
dia_20_mais,dia 21 sem pressao - Soja Sauda,21.0,,1,322.17,20955,93.88,0.010000000000005116,0.010000000000005116,20925,20985,315.22,328.62,61
dia_20_mais,dia 21 sem pressao - Soja Sauda,21.0,,1,322.59,20957,93.89,0.010000000000005116,0.010000000000005116,20927,20987,315.64,329.04,61
dia_20_mais,dia 21 sem pressao - Soja Sauda,21.0,,1,322.83,20958,93.88,0.010000000000005116,0.010000000000005116,20928,20988,315.84,329.25,61
dia_20_mais,dia 21 sem pressao - Soja Sauda,21.0,,1,323.04,20959,93.89,0.010000000000005116,0.010000000000005116,20929,20989,316.06,329.5,61
dia_20_mais,dia 21 sem pressao - Soja Sauda,21.0,,1,323.45,20961,93.88,0.010000000000005116,0.010000000000005116,20931,20991,316.48,329.91,61
dia_20_mais,dia 21 sem pressao - Soja Sauda,21.0,,1,323.66,20962,93.89,0.010000000000005116,0.010000000000005116,20932,20992,316.68,330.12,61
dia_20_mais,dia 21 sem pressao - Soja Sauda,21.0,,1,333.92,21007,93.88,0.010000000000005116,0.010000000000005116,20977,21037,326.93,340.38,61
dia_20_mais,dia 21 sem pressao - Soja Sauda,21.0,,1,334.12,21008,93.89,0.010000000000005116,0.010000000000005116,20978,21038,327.14,340.61,61
dia_20_mais,dia 21 sem pressao - Soja Sauda,21.0,,1,334.33,21009,93.88,0.010000000000005116,0.010000000000005116,20979,21039,327.36,340.81,61
dia_20_mais,dia 21 sem pressao - Soja Sauda,21.0,,1,334.53,21010,93.89,0.010000000000005116,0.010000000000005116,20980,21040,327.56,341.02,61
dia_20_mais,dia 21 sem pressao - Soja Sauda,21.0,,1,334.97,21012,93.88,0.010000000000005116,0.010000000000005116,20982,21042,327.98,341.43,61
dia_20_mais,dia 21 sem pressao - Soja Sauda,21.0,,1,335.18,21013,93.89,0.010000000000005116,0.010000000000005116,20983,21043,328.18,341.68,61
dia_20_mais,dia 21 sem pressao - Soja Sauda,21.0,,1,336.02,21017,93.88,0.010000000000005116,0.010000000000005116,20987,21047,329.04,342.51,61
dia_20_mais,dia 21 sem pressao - Soja Sauda,21.0,,1,336.22,21018,93.89,0.010000000000005116,0.010000000000005116,20988,21048,329.25,342.89,61
dia_20_mais,dia 21 sem pressao - Soja Sauda,21.0,,1,336.43,21019,93.88,0.010000000000005116,0.010000000000005116,20989,21049,329.5,343.41,61
dia_20_mais,dia 21 sem pressao - Soja Sauda,21.0,,1,336.64,21020,93.89,0.010000000000005116,0.010000000000005116,20990,21050,329.7,343.78,61
dia_20_mais,dia 21 sem pressao - Soja Sauda,21.0,,1,336.85,21021,93.88,0.010000000000005116,0.010000000000005116,20991,21051,329.91,343.99,61
dia_20_mais,dia 21 sem pressao - Soja Sauda,21.0,,1,337.06,21022,93.89,0.010000000000005116,0.010000000000005116,20992,21052,330.12,344.2,61
dia_20_mais,dia 21 sem pressao - Soja Sauda,21.0,,1,341.68,21043,93.88,0.010000000000005116,0.010000000000005116,21013,21073,335.18,348.63,61
dia_20_mais,dia 21 sem pressao - Soja Sauda,21.0,,1,341.88,21044,93.89,0.010000000000005116,0.010000000000005116,21014,21074,335.39,348.84,61
dia_20_mais,dia 21 sem pressao - Soja Sauda,21.0,,1,342.09,21045,93.88,0.010000000000005116,0.010000000000005116,21015,21075,335.6,349.05,61
dia_20_mais,dia 21 sem pressao - Soja Sauda,21.0,,1,342.51,21047,93.89,0.010000000000005116,0.010000000000005116,21017,21077,336.02,349.49,61
dia_20_mais,dia 21 sem pressao - Soja Sauda,21.0,,1,342.89,21048,93.88,0.010000000000005116,0.010000000000005116,21018,21078,336.22,349.69,61
dia_20_mais,dia 21 sem pressao - Soja Sauda,21.0,,1,343.41,21049,93.89,0.010000000000005116,0.010000000000005116,21019,21079,336.43,349.9,61
dia_20_mais,dia 21 sem pressao - Soja Sauda,21.0,,1,344.83,21055,93.88,0.010000000000005116,0.010000000000005116,21025,21085,337.69,351.18,61
dia_20_mais,dia 21 sem pressao - Soja Sauda,21.0,,1,345.04,21056,93.89,0.010000000000005116,0.010000000000005116,21026,21086,337.89,351.39,61
dia_20_mais,dia 21 sem pressao - Soja Sauda,21.0,,1,345.45,21058,93.88,0.010000000000005116,0.010000000000005116,21028,21088,338.35,351.81,61
dia_20_mais,dia 21 sem pressao - Soja Sauda,21.0,,1,345.66,21059,93.89,0.010000000000005116,0.010000000000005116,21029,21089,338.55,352.02,61
dia_20_mais,dia 21 sem pressao - Soja Sauda,21.0,,1,346.11,21061,93.88,0.010000000000005116,0.010000000000005116,21031,21091,338.97,352.43,61
dia_20_mais,dia 21 sem pressao - Soja Sauda,21.0,,1,346.73,21064,93.89,0.010000000000005116,0.010000000000005116,21034,21094,339.75,353.06,61
dia_20_mais,dia 21 sem pressao - Soja Sauda,21.0,,1,346.94,21065,93.88,0.010000000000005116,0.010000000000005116,21035,21095,339.96,353.27,61
dia_20_mais,dia 21 sem pressao - Soja Sauda,21.0,,1,347.59,21068,93.89,0.010000000000005116,0.010000000000005116,21038,21098,340.61,353.92,61
dia_20_mais,dia 21 sem pressao - Soja Sauda,21.0,,1,347.8,21069,93.88,0.010000000000005116,0.010000000000005116,21039,21099,340.81,354.22,61
dia_20_mais,dia 21 sem pressao - Soja Sauda,21.0,,1,348.43,21072,93.89,0.010000000000005116,0.010000000000005116,21042,21102,341.43,354.85,61
dia_20_mais,dia 21 sem pressao - Soja Sauda,21.0,,1,348.84,21074,93.88,0.010000000000005116,0.010000000000005116,21044,21104,341.88,355.42,61
dia_20_mais,dia 21 sem pressao - Soja Sauda,21.0,,1,349.49,21077,93.89,0.010000000000005116,0.010000000000005116,21047,21107,342.51,356.52,61
dia_20_mais,dia 21 sem pressao - Soja Sauda,21.0,,1,350.11,21080,93.88,0.010000000000005116,0.010000000000005116,21050,21110,343.78,357.18,61
dia_20_mais,dia 21 sem pressao - Soja Sauda,21.0,,1,350.31,21081,93.89,0.010000000000005116,0.010000000000005116,21051,21111,343.99,357.39,61
dia_20_mais,dia 21 sem pressao - Soja Sauda,21.0,,1,350.56,21082,93.88,0.010000000000005116,0.010000000000005116,21052,21112,344.2,357.6,61
dia_20_mais,dia 21 sem pressao - Soja Sauda,21.0,,1,350.77,21083,93.89,0.010000000000005116,0.010000000000005116,21053,21113,344.4,357.81,61
dia_20_mais,dia 21 sem pressao - Soja Sauda,21.0,,1,350.97,21084,93.88,0.010000000000005116,0.010000000000005116,21054,21114,344.61,358.01,61
dia_20_mais,dia 21 sem pressao - Soja Sauda,21.0,,1,351.18,21085,93.89,0.010000000000005116,0.010000000000005116,21055,21115,344.83,358.24,61
dia_20_mais,dia 21 sem pressao - Soja Sauda,21.0,,1,351.39,21086,93.88,0.010000000000005116,0.010000000000005116,21056,21116,345.04,358.44,61
dia_20_mais,dia 21 sem pressao - Soja Sauda,21.0,,1,351.81,21088,93.89,0.010000000000005116,0.010000000000005116,21058,21118,345.45,358.86,61
dia_20_mais,dia 21 sem pressao - Soja Sauda,21.0,,1,352.65,21092,93.88,0.010000000000005116,0.010000000000005116,21062,21122,346.32,359.7,61
dia_20_mais,dia 21 sem pressao - Soja Sauda,21.0,,1,353.06,21094,93.89,0.010000000000005116,0.010000000000005116,21064,21124,346.73,360.11,61
dia_20_mais,dia 21 sem pressao - Soja Sauda,21.0,,1,353.92,21098,93.88,0.010000000000005116,0.010000000000005116,21068,21128,347.59,360.96,61
dia_20_mais,dia 21 sem pressao - Soja Sauda,21.0,,1,354.22,21099,93.89,0.010000000000005116,0.010000000000005116,21069,21129,347.8,361.16,61
dia_20_mais,dia 21 sem pressao - Soja Sauda,21.0,,1,355.42,21104,93.88,0.010000000000005116,0.010000000000005116,21074,21134,348.84,362.24,61
dia_20_mais,dia 21 sem pressao - Soja Sauda,21.0,,1,355.95,21105,93.89,0.010000000000005116,0.010000000000005116,21075,21135,349.05,362.44,61
dia_20_mais,dia 21 sem pressao - Soja Sauda,21.0,,1,356.32,21106,93.88,0.010000000000005116,0.010000000000005116,21076,21136,349.26,362.66,61
dia_20_mais,dia 21 sem pressao - Soja Sauda,21.0,,1,356.52,21107,93.89,0.010000000000005116,0.010000000000005116,21077,21137,349.49,362.87,61
dia_20_mais,dia 21 sem pressao - Soja Sauda,21.0,,1,356.73,21108,93.88,0.010000000000005116,0.010000000000005116,21078,21138,349.69,363.07,61
dia_20_mais,dia 21 sem pressao - Soja Sauda,21.0,,1,357.39,21111,93.89,0.010000000000005116,0.010000000000005116,21081,21141,350.31,363.7,61
dia_20_mais,dia 21 sem pressao - Soja Sauda,21.0,,1,360.54,21126,93.88,0.010000000000005116,0.010000000000005116,21096,21156,353.48,366.91,61
dia_20_mais,dia 21 sem pressao - Soja Sauda,21.0,,1,360.75,21127,93.89,0.010000000000005116,0.010000000000005116,21097,21157,353.69,367.14,61
dia_20_mais,dia 21 sem pressao - Soja Sauda,21.0,,1,360.96,21128,93.88,0.010000000000005116,0.010000000000005116,21098,21158,353.92,367.35,61
dia_20_mais,dia 21 sem pressao - Soja Sauda,21.0,,1,361.62,21131,93.89,0.010000000000005116,0.010000000000005116,21101,21161,354.64,368.6,61
dia_20_mais,dia 21 sem pressao - Soja Sauda,21.0,,1,361.82,21132,93.88,0.010000000000005116,0.010000000000005116,21102,21162,354.85,368.81,61
dia_20_mais,dia 21 sem pressao - Soja Sauda,21.0,,1,362.66,21136,93.89,0.010000000000005116,0.010000000000005116,21106,21166,356.32,369.65,61
dia_20_mais,dia 21 sem pressao - Soja Sauda,21.0,,1,362.87,21137,93.88,0.010000000000005116,0.010000000000005116,21107,21167,356.52,369.86,61
dia_20_mais,dia 21 sem pressao - Soja Sauda,21.0,,1,363.7,21141,93.89,0.010000000000005116,0.010000000000005116,21111,21171,357.39,370.73,61
dia_20_mais,dia 21 sem pressao - Soja Sauda,21.0,,1,363.92,21142,93.88,0.010000000000005116,0.010000000000005116,21112,21172,357.6,370.94,61
dia_20_mais,dia 21 sem pressao - Soja Sauda,21.0,,1,365.83,21151,93.89,0.010000000000005116,0.010000000000005116,21121,21181,359.49,372.87,61
dia_20_mais,dia 21 sem pressao - Soja Sauda,21.0,,1,366.08,21152,93.88,0.010000000000005116,0.010000000000005116,21122,21182,359.7,373.07,61
dia_20_mais,dia 21 sem pressao - Soja Sauda,21.0,,1,366.29,21153,93.89,0.010000000000005116,0.010000000000005116,21123,21183,359.9,373.28,61
dia_20_mais,dia 21 sem pressao - Soja Sauda,21.0,,1,366.7,21155,93.88,0.010000000000005116,0.010000000000005116,21125,21185,360.33,373.7,61
dia_20_mais,dia 21 sem pressao - Soja Sauda,21.0,,1,367.14,21157,93.89,0.010000000000005116,0.010000000000005116,21127,21187,360.75,374.12,61
dia_20_mais,dia 21 sem pressao - Soja Sauda,21.0,,1,367.71,21159,93.88,0.010000000000005116,0.010000000000005116,21129,21189,361.16,374.54,61
dia_20_mais,dia 21 sem pressao - Soja Sauda,21.0,,1,368.6,21161,93.89,0.010000000000005116,0.010000000000005116,21131,21191,361.62,374.98,61
dia_20_mais,dia 21 sem pressao - Soja Sauda,21.0,,1,368.81,21162,93.88,0.010000000000005116,0.010000000000005116,21132,21192,361.82,375.19,61
dia_20_mais,dia 21 sem pressao - Soja Sauda,21.0,,1,369.65,21166,93.89,0.010000000000005116,0.010000000000005116,21136,21196,362.66,376.06,61
dia_20_mais,dia 21 sem pressao - Soja Sauda,21.0,,1,369.86,21167,93.88,0.010000000000005116,0.010000000000005116,21137,21197,362.87,376.26,61
dia_20_mais,dia 21 sem pressao - Soja Sauda,21.0,,1,370.07,21168,93.89,0.010000000000005116,0.010000000000005116,21138,21198,363.07,376.47,61
dia_20_mais,dia 21 sem pressao - Soja Sauda,21.0,,1,370.28,21169,93.88,0.010000000000005116,0.010000000000005116,21139,21199,363.28,376.68,61
dia_20_mais,dia 21 sem pressao - Soja Sauda,21.0,,1,372.02,21177,93.89,0.010000000000005116,0.010000000000005116,21147,21207,365.0,378.35,61
dia_20_mais,dia 21 sem pressao - Soja Sauda,21.0,,1,372.22,21178,93.88,0.010000000000005116,0.010000000000005116,21148,21208,365.2,378.56,61
dia_20_mais,dia 21 sem pressao - Soja Sauda,21.0,,1,372.43,21179,93.89,0.010000000000005116,0.010000000000005116,21149,21209,365.41,378.77,61
dia_20_mais,dia 21 sem pressao - Soja Sauda,21.0,,1,372.87,21181,93.88,0.010000000000005116,0.010000000000005116,21151,21211,365.83,379.18,61
dia_20_mais,dia 21 sem pressao - Soja Sauda,21.0,,1,373.07,21182,93.89,0.010000000000005116,0.010000000000005116,21152,21212,366.08,379.42,61
dia_20_mais,dia 21 sem pressao - Soja Sauda,21.0,,1,373.7,21185,93.88,0.010000000000005116,0.010000000000005116,21155,21215,366.7,380.51,61
dia_20_mais,dia 21 sem pressao - Soja Sauda,21.0,,1,377.1,21201,93.89,0.010000000000005116,0.010000000000005116,21171,21231,370.73,384.13,61
dia_20_mais,dia 21 sem pressao - Soja Sauda,21.0,,1,377.31,21202,93.88,0.010000000000005116,0.010000000000005116,21172,21232,370.94,384.34,61
dia_20_mais,dia 21 sem pressao - Soja Sauda,21.0,,1,378.35,21207,93.89,0.010000000000005116,0.010000000000005116,21177,21237,372.02,385.4,61
dia_20_mais,dia 21 sem pressao - Soja Sauda,21.0,,1,378.56,21208,93.88,0.010000000000005116,0.010000000000005116,21178,21238,372.22,385.61,61
dia_20_mais,dia 21 sem pressao - Soja Sauda,21.0,,1,381.92,21221,93.89,0.010000000000005116,0.010000000000005116,21191,21251,374.98,388.37,61
dia_20_mais,dia 21 sem pressao - Soja Sauda,21.0,,1,382.23,21222,93.88,0.010000000000005116,0.010000000000005116,21192,21252,375.19,388.58,61
dia_20_mais,dia 21 sem pressao - Soja Sauda,21.0,,1,382.88,21225,93.89,0.010000000000005116,0.010000000000005116,21195,21255,375.81,389.2,61
dia_20_mais,dia 21 sem pressao - Soja Sauda,21.0,,1,383.09,21226,93.88,0.010000000000005116,0.010000000000005116,21196,21256,376.06,389.42,61
dia_20_mais,dia 21 sem pressao - Soja Sauda,21.0,,1,383.72,21229,93.89,0.010000000000005116,0.010000000000005116,21199,21259,376.68,390.04,61
dia_20_mais,dia 21 sem pressao - Soja Sauda,21.0,,1,383.93,21230,93.88,0.010000000000005116,0.010000000000005116,21200,21260,376.88,390.25,61
dia_20_mais,dia 21 sem pressao - Soja Sauda,21.0,,1,385.4,21237,93.89,0.010000000000005116,0.010000000000005116,21207,21267,378.35,391.77,61
dia_20_mais,dia 21 sem pressao - Soja Sauda,21.0,,1,385.61,21238,93.88,0.010000000000005116,0.010000000000005116,21208,21268,378.56,391.97,61
dia_20_mais,dia 21 sem pressao - Soja Sauda,21.0,,1,386.06,21240,93.89,0.010000000000005116,0.010000000000005116,21210,21270,378.98,392.55,61
dia_20_mais,dia 21 sem pressao - Soja Sauda,21.0,,1,386.48,21242,93.88,0.010000000000005116,0.010000000000005116,21212,21272,379.42,393.44,61
dia_20_mais,dia 21 sem pressao - Soja Sauda,21.0,,1,387.11,21245,93.89,0.010000000000005116,0.010000000000005116,21215,21275,380.51,394.07,61
dia_20_mais,dia 21 sem pressao - Soja Sauda,21.0,,1,387.32,21246,93.88,0.010000000000005116,0.010000000000005116,21216,21276,380.88,394.28,61
dia_20_mais,dia 21 sem pressao - Soja Sauda,21.0,,1,387.52,21247,93.89,0.010000000000005116,0.010000000000005116,21217,21277,381.08,394.49,61
dia_20_mais,dia 21 sem pressao - Soja Sauda,21.0,,1,389.2,21255,93.88,0.010000000000005116,0.010000000000005116,21225,21285,382.88,396.19,61
dia_20_mais,dia 21 sem pressao - Soja Sauda,21.0,,1,389.63,21257,93.89,0.010000000000005116,0.010000000000005116,21227,21287,383.3,396.6,61
dia_20_mais,dia 21 sem pressao - Soja Sauda,21.0,,1,390.04,21259,93.88,0.010000000000005116,0.010000000000005116,21229,21289,383.72,397.02,61
dia_20_mais,dia 21 sem pressao - Soja Sauda,21.0,,1,390.25,21260,93.89,0.010000000000005116,0.010000000000005116,21230,21290,383.93,397.23,61
dia_20_mais,dia 21 sem pressao - Soja Sauda,21.0,,1,391.33,21265,93.88,0.010000000000005116,0.010000000000005116,21235,21295,384.99,398.3,61
dia_20_mais,dia 21 sem pressao - Soja Sauda,21.0,,1,391.97,21268,93.89,0.010000000000005116,0.010000000000005116,21238,21298,385.61,398.92,61
dia_20_mais,dia 21 sem pressao - Soja Sauda,21.0,,1,393.07,21271,93.88,0.010000000000005116,0.010000000000005116,21241,21301,386.26,399.58,61
dia_20_mais,dia 21 sem pressao - Soja Sauda,21.0,,1,393.65,21273,93.89,0.010000000000005116,0.010000000000005116,21243,21303,386.68,400.0,61
dia_20_mais,dia 21 sem pressao - Soja Sauda,21.0,,1,393.86,21274,93.88,0.010000000000005116,0.010000000000005116,21244,21304,386.89,400.21,61
dia_20_mais,dia 21 sem pressao - Soja Sauda,21.0,,1,394.07,21275,93.89,0.010000000000005116,0.010000000000005116,21245,21305,387.11,400.45,61
dia_20_mais,dia 21 sem pressao - Soja Sauda,21.0,,1,394.28,21276,93.88,0.010000000000005116,0.010000000000005116,21246,21306,387.32,400.65,61
dia_20_mais,dia 21 sem pressao - Soja Sauda,21.0,,1,394.94,21279,93.89,0.010000000000005116,0.010000000000005116,21249,21309,387.94,401.28,61
dia_20_mais,dia 21 sem pressao - Soja Sauda,21.0,,1,395.35,21281,93.88,0.010000000000005116,0.010000000000005116,21251,21311,388.37,401.7,61
dia_20_mais,dia 21 sem pressao - Soja Sauda,21.0,,1,395.56,21282,93.89,0.010000000000005116,0.010000000000005116,21252,21312,388.58,401.91,61
dia_20_mais,dia 21 sem pressao - Soja Sauda,21.0,,1,395.76,21283,93.88,0.010000000000005116,0.010000000000005116,21253,21313,388.78,402.11,61
dia_20_mais,dia 21 sem pressao - Soja Sauda,21.0,,1,395.98,21284,93.89,0.010000000000005116,0.010000000000005116,21254,21314,388.99,402.32,61
dia_20_mais,dia 21 sem pressao - Soja Sauda,21.0,,1,397.23,21290,93.88,0.010000000000005116,0.010000000000005116,21260,21320,390.25,403.57,61
dia_20_mais,dia 21 sem pressao - Soja Sauda,21.0,,1,397.44,21291,93.89,0.010000000000005116,0.010000000000005116,21261,21321,390.5,403.81,61
dia_20_mais,dia 21 sem pressao - Soja Sauda,21.0,,1,398.3,21295,93.88,0.010000000000005116,0.010000000000005116,21265,21325,391.33,404.8,61
dia_20_mais,dia 21 sem pressao - Soja Sauda,21.0,,1,398.51,21296,93.89,0.010000000000005116,0.010000000000005116,21266,21326,391.56,405.32,61
dia_20_mais,dia 21 sem pressao - Soja Sauda,21.0,,1,398.71,21297,93.88,0.010000000000005116,0.010000000000005116,21267,21327,391.77,405.69,61
dia_20_mais,dia 21 sem pressao - Soja Sauda,21.0,,1,399.13,21299,93.89,0.010000000000005116,0.010000000000005116,21269,21329,392.18,406.11,61
dia_20_mais,dia 21 sem pressao - Soja Sauda,21.0,,1,399.58,21301,93.88,0.010000000000005116,0.010000000000005116,21271,21331,393.07,406.52,61
dia_20_mais,dia 21 sem pressao - Soja Sauda,21.0,,1,402.11,21313,93.89,0.010000000000005116,0.010000000000005116,21283,21343,395.76,409.16,61
dia_20_mais,dia 21 sem pressao - Soja Sauda,21.0,,1,402.95,21317,93.88,0.010000000000005116,0.010000000000005116,21287,21347,396.6,409.99,61
dia_20_mais,dia 21 sem pressao - Soja Sauda,21.0,,1,403.57,21320,93.89,0.010000000000005116,0.010000000000005116,21290,21350,397.23,410.65,61
dia_20_mais,dia 21 sem pressao - Soja Sauda,21.0,,1,404.43,21324,93.88,0.010000000000005116,0.010000000000005116,21294,21354,398.07,411.49,61
dia_20_mais,dia 21 sem pressao - Soja Sauda,21.0,,1,404.8,21325,93.89,0.010000000000005116,0.010000000000005116,21295,21355,398.3,411.69,61
dia_20_mais,dia 21 sem pressao - Soja Sauda,21.0,,1,406.32,21330,93.88,0.010000000000005116,0.010000000000005116,21300,21360,399.38,412.73,61
dia_20_mais,dia 21 sem pressao - Soja Sauda,21.0,,1,406.94,21333,93.89,0.010000000000005116,0.010000000000005116,21303,21363,400.0,413.35,61
dia_20_mais,dia 21 sem pressao - Soja Sauda,21.0,,1,407.16,21334,93.88,0.010000000000005116,0.010000000000005116,21304,21364,400.21,413.56,61
dia_20_mais,dia 21 sem pressao - Soja Sauda,21.0,,1,407.57,21336,93.89,0.010000000000005116,0.010000000000005116,21306,21366,400.65,414.0,61
dia_20_mais,dia 21 sem pressao - Soja Sauda,21.0,,1,407.78,21337,93.88,0.010000000000005116,0.010000000000005116,21307,21367,400.86,414.21,61
dia_20_mais,dia 21 sem pressao - Soja Sauda,21.0,,1,407.99,21338,93.89,0.010000000000005116,0.010000000000005116,21308,21368,401.07,414.41,61
dia_20_mais,dia 21 sem pressao - Soja Sauda,21.0,,1,408.64,21341,93.88,0.010000000000005116,0.010000000000005116,21311,21371,401.7,415.07,61
dia_20_mais,dia 21 sem pressao - Soja Sauda,21.0,,1,408.84,21342,93.89,0.010000000000005116,0.010000000000005116,21312,21372,401.91,415.28,61
dia_20_mais,dia 21 sem pressao - Soja Sauda,21.0,,1,409.37,21344,93.88,0.010000000000005116,0.010000000000005116,21314,21374,402.32,415.69,61
dia_20_mais,dia 21 sem pressao - Soja Sauda,21.0,,1,409.58,21345,93.89,0.010000000000005116,0.010000000000005116,21315,21375,402.53,415.92,61
dia_20_mais,dia 21 sem pressao - Soja Sauda,21.0,,1,409.99,21347,93.88,0.010000000000005116,0.010000000000005116,21317,21377,402.95,416.34,61
dia_20_mais,dia 21 sem pressao - Soja Sauda,21.0,,1,410.44,21349,93.89,0.010000000000005116,0.010000000000005116,21319,21379,403.37,416.75,61
dia_20_mais,dia 21 sem pressao - Soja Sauda,21.0,,1,410.65,21350,93.88,0.010000000000005116,0.010000000000005116,21320,21380,403.57,416.96,61
dia_20_mais,dia 21 sem pressao - Soja Sauda,21.0,,1,411.06,21352,93.89,0.010000000000005116,0.010000000000005116,21322,21382,404.02,417.85,61
dia_20_mais,dia 21 sem pressao - Soja Sauda,21.0,,1,411.27,21353,93.88,0.010000000000005116,0.010000000000005116,21323,21383,404.22,418.22,61
dia_20_mais,dia 21 sem pressao - Soja Sauda,21.0,,1,411.49,21354,93.89,0.010000000000005116,0.010000000000005116,21324,21384,404.43,418.42,61
dia_20_mais,dia 21 sem pressao - Soja Sauda,21.0,,1,412.1,21357,93.88,0.010000000000005116,0.010000000000005116,21327,21387,405.69,419.05,61
dia_20_mais,dia 21 sem pressao - Soja Sauda,21.0,,1,421.38,21398,93.89,0.010000000000005116,0.010000000000005116,21368,21428,414.41,427.72,61
dia_20_mais,dia 21 sem pressao - Soja Sauda,21.0,,1,421.59,21399,93.88,0.010000000000005116,0.010000000000005116,21369,21429,414.62,427.93,61
dia_20_mais,dia 21 sem pressao - Soja Sauda,21.0,,1,424.15,21411,93.89,0.010000000000005116,0.010000000000005116,21381,21441,417.33,431.06,61
dia_20_mais,dia 21 sem pressao - Soja Sauda,21.0,,1,425.19,21416,93.88,0.010000000000005116,0.010000000000005116,21386,21446,418.84,432.12,61
dia_20_mais,dia 21 sem pressao - Soja Sauda,21.0,,1,425.6,21418,93.89,0.010000000000005116,0.010000000000005116,21388,21448,419.29,432.54,61
dia_20_mais,dia 21 sem pressao - Soja Sauda,21.0,,1,427.1,21425,93.88,0.010000000000005116,0.010000000000005116,21395,21455,420.76,434.01,61
dia_20_mais,dia 21 sem pressao - Soja Sauda,21.0,,1,427.3,21426,93.89,0.010000000000005116,0.010000000000005116,21396,21456,420.96,434.21,61
dia_20_mais,dia 21 sem pressao - Soja Sauda,21.0,,1,427.51,21427,93.88,0.010000000000005116,0.010000000000005116,21397,21457,421.17,434.42,61
dia_20_mais,dia 21 sem pressao - Soja Sauda,21.0,,1,428.35,21431,93.89,0.010000000000005116,0.010000000000005116,21401,21461,422.01,435.28,61
dia_20_mais,dia 21 sem pressao - Soja Sauda,21.0,,1,430.65,21439,93.88,0.010000000000005116,0.010000000000005116,21409,21469,423.73,437.09,61
dia_20_mais,dia 21 sem pressao - Soja Sauda,21.0,,1,431.27,21442,93.89,0.010000000000005116,0.010000000000005116,21412,21472,424.35,437.71,61
dia_20_mais,dia 21 sem pressao - Soja Sauda,21.0,,1,431.5,21443,93.88,0.010000000000005116,0.010000000000005116,21413,21473,424.56,437.92,61
dia_20_mais,dia 21 sem pressao - Soja Sauda,21.0,,1,431.91,21445,93.89,0.010000000000005116,0.010000000000005116,21415,21475,424.98,438.34,61
dia_20_mais,dia 21 sem pressao - Soja Sauda,21.0,,1,432.54,21448,93.88,0.010000000000005116,0.010000000000005116,21418,21478,425.6,438.96,61
dia_20_mais,dia 21 sem pressao - Soja Sauda,21.0,,1,432.75,21449,93.89,0.010000000000005116,0.010000000000005116,21419,21479,425.82,439.18,61
dia_20_mais,dia 21 sem pressao - Soja Sauda,21.0,,1,432.96,21450,93.88,0.010000000000005116,0.010000000000005116,21420,21480,426.03,439.39,61
dia_20_mais,dia 21 sem pressao - Soja Sauda,21.0,,1,433.37,21452,93.89,0.010000000000005116,0.010000000000005116,21422,21482,426.44,439.8,61
dia_20_mais,dia 21 sem pressao - Soja Sauda,21.0,,1,433.58,21453,93.88,0.010000000000005116,0.010000000000005116,21423,21483,426.65,440.01,61
dia_20_mais,dia 21 sem pressao - Soja Sauda,21.0,,1,433.8,21454,93.89,0.010000000000005116,0.010000000000005116,21424,21484,426.86,440.22,61
dia_20_mais,dia 21 sem pressao - Soja Sauda,21.0,,1,434.01,21455,93.88,0.010000000000005116,0.010000000000005116,21425,21485,427.1,440.46,61
dia_20_mais,dia 21 sem pressao - Soja Sauda,21.0,,1,434.63,21458,93.89,0.010000000000005116,0.010000000000005116,21428,21488,427.72,441.07,61
dia_20_mais,dia 21 sem pressao - Soja Sauda,21.0,,1,434.87,21459,93.88,0.010000000000005116,0.010000000000005116,21429,21489,427.93,441.28,61
dia_20_mais,dia 21 sem pressao - Soja Sauda,21.0,,1,435.08,21460,93.89,0.010000000000005116,0.010000000000005116,21430,21490,428.14,441.51,61
dia_20_mais,dia 21 sem pressao - Soja Sauda,21.0,,1,435.92,21464,93.88,0.010000000000005116,0.010000000000005116,21434,21494,428.97,442.98,61
dia_20_mais,dia 21 sem pressao - Soja Sauda,21.0,,1,436.12,21465,93.89,0.010000000000005116,0.010000000000005116,21435,21495,429.18,443.18,61
dia_20_mais,dia 21 sem pressao - Soja Sauda,21.0,,1,437.09,21469,93.88,0.010000000000005116,0.010000000000005116,21439,21499,430.65,444.04,61
dia_20_mais,dia 21 sem pressao - Soja Sauda,21.0,,1,437.3,21470,93.89,0.010000000000005116,0.010000000000005116,21440,21500,430.86,444.25,61
dia_20_mais,dia 21 sem pressao - Soja Sauda,21.0,,1,437.51,21471,93.88,0.010000000000005116,0.010000000000005116,21441,21501,431.06,444.45,61
dia_20_mais,dia 21 sem pressao - Soja Sauda,21.0,,1,437.92,21473,93.89,0.010000000000005116,0.010000000000005116,21443,21503,431.5,444.9,61
dia_20_mais,dia 21 sem pressao - Soja Sauda,21.0,,1,438.55,21476,93.88,0.010000000000005116,0.010000000000005116,21446,21506,432.12,445.52,61
dia_20_mais,dia 21 sem pressao - Soja Sauda,21.0,,1,441.07,21488,93.89,0.010000000000005116,0.010000000000005116,21458,21518,434.63,448.03,61
dia_20_mais,dia 21 sem pressao - Soja Sauda,21.0,,1,441.28,21489,93.88,0.010000000000005116,0.010000000000005116,21459,21519,434.87,448.28,61
dia_20_mais,dia 21 sem pressao - Soja Sauda,21.0,,1,441.51,21490,93.89,0.010000000000005116,0.010000000000005116,21460,21520,435.08,448.48,61
dia_20_mais,dia 21 sem pressao - Soja Sauda,21.0,,1,441.87,21491,93.88,0.010000000000005116,0.010000000000005116,21461,21521,435.28,448.69,61
dia_20_mais,dia 21 sem pressao - Soja Sauda,21.0,,1,443.83,21498,93.89,0.010000000000005116,0.010000000000005116,21468,21528,436.85,450.18,61
dia_20_mais,dia 21 sem pressao - Soja Sauda,21.0,,1,444.04,21499,93.88,0.010000000000005116,0.010000000000005116,21469,21529,437.09,450.4,61
dia_20_mais,dia 21 sem pressao - Soja Sauda,21.0,,1,444.25,21500,93.89,0.010000000000005116,0.010000000000005116,21470,21530,437.3,450.61,61
dia_20_mais,dia 21 sem pressao - Soja Sauda,21.0,,1,444.9,21503,93.88,0.010000000000005116,0.010000000000005116,21473,21533,437.92,451.23,61
dia_20_mais,dia 21 sem pressao - Soja Sauda,21.0,,1,445.31,21505,93.89,0.010000000000005116,0.010000000000005116,21475,21535,438.34,451.65,61
dia_20_mais,dia 21 sem pressao - Soja Sauda,21.0,,1,445.52,21506,93.88,0.010000000000005116,0.010000000000005116,21476,21536,438.55,451.86,61
dia_20_mais,dia 21 sem pressao - Soja Sauda,21.0,,1,450.4,21529,93.89,0.010000000000005116,0.010000000000005116,21499,21559,444.04,457.34,61
dia_20_mais,dia 21 sem pressao - Soja Sauda,21.0,,1,450.82,21531,93.88,0.010000000000005116,0.010000000000005116,21501,21561,444.45,457.76,61
dia_20_mais,dia 21 sem pressao - Soja Sauda,21.0,,1,452.71,21540,93.89,0.010000000000005116,0.010000000000005116,21510,21570,446.36,459.69,61
dia_20_mais,dia 21 sem pressao - Soja Sauda,21.0,,1,453.13,21542,93.88,0.010000000000005116,0.010000000000005116,21512,21572,446.77,460.1,61
dia_20_mais,dia 21 sem pressao - Soja Sauda,21.0,,1,453.34,21543,93.89,0.010000000000005116,0.010000000000005116,21513,21573,446.98,460.32,61
dia_20_mais,dia 21 sem pressao - Soja Sauda,21.0,,1,453.54,21544,93.88,0.010000000000005116,0.010000000000005116,21514,21574,447.2,460.53,61
dia_20_mais,dia 21 sem pressao - Soja Sauda,21.0,,1,453.79,21545,93.89,0.010000000000005116,0.010000000000005116,21515,21575,447.41,460.74,61
dia_20_mais,dia 21 sem pressao - Soja Sauda,21.0,,1,455.88,21552,93.88,0.010000000000005116,0.010000000000005116,21522,21582,448.9,462.2,61
dia_20_mais,dia 21 sem pressao - Soja Sauda,21.0,,1,456.71,21556,93.89,0.010000000000005116,0.010000000000005116,21526,21586,449.77,463.06,61
dia_20_mais,dia 21 sem pressao - Soja Sauda,21.0,,1,457.34,21559,93.88,0.010000000000005116,0.010000000000005116,21529,21589,450.4,463.82,61
dia_20_mais,dia 21 sem pressao - Soja Sauda,21.0,,1,457.76,21561,93.89,0.010000000000005116,0.010000000000005116,21531,21591,450.82,464.24,61
dia_20_mais,dia 21 sem pressao - Soja Sauda,21.0,,1,458.62,21565,93.88,0.010000000000005116,0.010000000000005116,21535,21595,451.65,465.09,61
dia_20_mais,dia 21 sem pressao - Soja Sauda,21.0,,1,459.28,21568,93.89,0.010000000000005116,0.010000000000005116,21538,21598,452.28,465.71,61
dia_20_mais,dia 21 sem pressao - Soja Sauda,21.0,,1,460.1,21572,93.88,0.010000000000005116,0.010000000000005116,21542,21602,453.13,466.73,61
dia_20_mais,dia 21 sem pressao - Soja Sauda,21.0,,1,460.74,21575,93.89,0.010000000000005116,0.010000000000005116,21545,21605,453.79,467.82,61
dia_20_mais,dia 21 sem pressao - Soja Sauda,21.0,,1,460.94,21576,93.88,0.010000000000005116,0.010000000000005116,21546,21606,454.0,468.04,61
dia_20_mais,dia 21 sem pressao - Soja Sauda,21.0,,1,461.15,21577,93.89,0.010000000000005116,0.010000000000005116,21547,21607,454.36,468.25,61
dia_20_mais,dia 21 sem pressao - Soja Sauda,21.0,,1,461.37,21578,93.88,0.010000000000005116,0.010000000000005116,21548,21608,454.88,468.45,61
dia_20_mais,dia 21 sem pressao - Soja Sauda,21.0,,1,461.79,21580,93.89,0.010000000000005116,0.010000000000005116,21550,21610,455.46,468.87,61
dia_20_mais,dia 21 sem pressao - Soja Sauda,21.0,,1,462.2,21582,93.88,0.010000000000005116,0.010000000000005116,21552,21612,455.88,469.31,61
dia_20_mais,dia 21 sem pressao - Soja Sauda,21.0,,1,462.85,21585,93.89,0.010000000000005116,0.010000000000005116,21555,21615,456.5,469.93,61
dia_20_mais,dia 21 sem pressao - Soja Sauda,21.0,,1,463.26,21587,93.88,0.010000000000005116,0.010000000000005116,21557,21617,456.92,470.38,61
dia_20_mais,dia 21 sem pressao - Soja Sauda,21.0,,1,464.24,21591,93.89,0.010000000000005116,0.010000000000005116,21561,21621,457.76,471.21,61
dia_20_mais,dia 21 sem pressao - Soja Sauda,21.0,,1,464.66,21593,93.88,0.010000000000005116,0.010000000000005116,21563,21623,458.21,471.63,61
dia_20_mais,dia 21 sem pressao - Soja Sauda,21.0,,1,465.29,21596,93.89,0.010000000000005116,0.010000000000005116,21566,21626,458.83,472.25,61
dia_20_mais,dia 21 sem pressao - Soja Sauda,21.0,,1,465.5,21597,93.88,0.010000000000005116,0.010000000000005116,21567,21627,459.04,472.46,61
dia_20_mais,dia 21 sem pressao - Soja Sauda,21.0,,1,466.73,21602,93.89,0.010000000000005116,0.010000000000005116,21572,21632,460.1,473.53,61
dia_20_mais,dia 21 sem pressao - Soja Sauda,21.0,,1,467.61,21604,93.88,0.010000000000005116,0.010000000000005116,21574,21634,460.53,473.98,61
dia_20_mais,dia 21 sem pressao - Soja Sauda,21.0,,1,468.04,21606,93.89,0.010000000000005116,0.010000000000005116,21576,21636,460.94,474.39,61
dia_20_mais,dia 21 sem pressao - Soja Sauda,21.0,,1,469.52,21613,93.89,0.010000000000005116,0.010000000000005116,21583,21643,462.41,475.91,61
dia_20_mais,dia 21 sem pressao - Soja Sauda,21.0,,1,469.73,21614,93.88,0.010000000000005116,0.010000000000005116,21584,21644,462.64,476.12,61
dia_20_mais,dia 21 sem pressao - Soja Sauda,21.0,,1,469.93,21615,93.89,0.010000000000005116,0.010000000000005116,21585,21645,462.85,476.32,61
dia_20_mais,dia 21 sem pressao - Soja Sauda,21.0,,1,470.14,21616,93.88,0.010000000000005116,0.010000000000005116,21586,21646,463.06,476.53,61
dia_20_mais,dia 21 sem pressao - Soja Sauda,21.0,,1,472.89,21629,93.89,0.010000000000005116,0.010000000000005116,21599,21659,465.95,479.91,61
dia_20_mais,dia 21 sem pressao - Soja Sauda,21.0,,1,473.1,21630,93.88,0.010000000000005116,0.010000000000005116,21600,21660,466.16,480.12,61
dia_20_mais,dia 21 sem pressao - Soja Sauda,21.0,,1,474.39,21636,93.89,0.010000000000005116,0.010000000000005116,21606,21666,468.04,481.41,61
dia_20_mais,dia 21 sem pressao - Soja Sauda,21.0,,1,474.61,21637,93.88,0.010000000000005116,0.010000000000005116,21607,21667,468.25,481.61,61
dia_20_mais,dia 21 sem pressao - Soja Sauda,21.0,,1,475.27,21640,93.89,0.010000000000005116,0.010000000000005116,21610,21670,468.87,482.24,61
dia_20_mais,dia 21 sem pressao - Soja Sauda,21.0,,1,477.16,21649,93.89,0.010000000000005116,0.010000000000005116,21619,21679,470.79,484.14,61
dia_20_mais,dia 21 sem pressao - Soja Sauda,21.0,,1,477.58,21651,93.88,0.010000000000005116,0.010000000000005116,21621,21681,471.21,484.55,61
dia_20_mais,dia 21 sem pressao - Soja Sauda,21.0,,1,478.21,21654,93.89,0.010000000000005116,0.010000000000005116,21624,21684,471.84,485.2,61
dia_20_mais,dia 21 sem pressao - Soja Sauda,21.0,,1,478.42,21655,93.88,0.010000000000005116,0.010000000000005116,21625,21685,472.05,485.57,61
dia_20_mais,dia 21 sem pressao - Soja Sauda,21.0,,1,481.19,21665,93.89,0.010000000000005116,0.010000000000005116,21635,21695,474.19,487.7,61
dia_20_mais,dia 21 sem pressao - Soja Sauda,21.0,,1,481.41,21666,93.88,0.010000000000005116,0.010000000000005116,21636,21696,474.39,487.91,61
dia_20_mais,dia 21 sem pressao - Soja Sauda,21.0,,1,481.61,21667,93.89,0.010000000000005116,0.010000000000005116,21637,21697,474.61,488.14,61
dia_20_mais,dia 21 sem pressao - Soja Sauda,21.0,,1,481.82,21668,93.88,0.010000000000005116,0.010000000000005116,21638,21698,474.85,488.34,61
dia_20_mais,dia 21 sem pressao - Soja Sauda,21.0,,1,482.03,21669,93.89,0.010000000000005116,0.010000000000005116,21639,21699,475.06,488.55,61
dia_20_mais,dia 21 sem pressao - Soja Sauda,21.0,,1,482.24,21670,93.88,0.010000000000005116,0.010000000000005116,21640,21700,475.27,488.76,61
dia_20_mais,dia 21 sem pressao - Soja Sauda,21.0,,1,484.55,21681,93.89,0.010000000000005116,0.010000000000005116,21651,21711,477.58,491.08,61
dia_20_mais,dia 21 sem pressao - Soja Sauda,21.0,,1,484.99,21683,93.88,0.010000000000005116,0.010000000000005116,21653,21713,478.0,491.76,61
dia_20_mais,dia 21 sem pressao - Soja Sauda,21.0,,1,485.57,21685,93.89,0.010000000000005116,0.010000000000005116,21655,21715,478.42,492.65,61
dia_20_mais,dia 21 sem pressao - Soja Sauda,21.0,,1,485.78,21686,93.88,0.010000000000005116,0.010000000000005116,21656,21716,478.63,492.86,61
dia_20_mais,dia 21 sem pressao - Soja Sauda,21.0,,1,486.21,21688,93.89,0.010000000000005116,0.010000000000005116,21658,21718,479.54,493.27,61
dia_20_mais,dia 21 sem pressao - Soja Sauda,21.0,,1,486.42,21689,93.88,0.010000000000005116,0.010000000000005116,21659,21719,479.91,493.48,61
dia_20_mais,dia 21 sem pressao - Soja Sauda,21.0,,1,488.14,21697,93.89,0.010000000000005116,0.010000000000005116,21667,21727,481.61,495.18,61
dia_20_mais,dia 21 sem pressao - Soja Sauda,21.0,,1,488.34,21698,93.88,0.010000000000005116,0.010000000000005116,21668,21728,481.82,495.38,61
dia_20_mais,dia 21 sem pressao - Soja Sauda,21.0,,1,489.39,21703,93.89,0.010000000000005116,0.010000000000005116,21673,21733,482.86,496.44,61
dia_20_mais,dia 21 sem pressao - Soja Sauda,21.0,,1,489.59,21704,93.88,0.010000000000005116,0.010000000000005116,21674,21734,483.07,496.65,61
dia_20_mais,dia 21 sem pressao - Soja Sauda,21.0,,1,490.46,21708,93.89,0.010000000000005116,0.010000000000005116,21678,21738,483.93,497.51,61
dia_20_mais,dia 21 sem pressao - Soja Sauda,21.0,,1,490.66,21709,93.88,0.010000000000005116,0.010000000000005116,21679,21739,484.14,497.72,61
dia_20_mais,dia 21 sem pressao - Soja Sauda,21.0,,1,494.33,21723,93.89,0.010000000000005116,0.010000000000005116,21693,21753,487.29,500.68,61
dia_20_mais,dia 21 sem pressao - Soja Sauda,21.0,,1,494.54,21724,93.88,0.010000000000005116,0.010000000000005116,21694,21754,487.49,500.88,61
dia_20_mais,dia 21 sem pressao - Soja Sauda,21.0,,1,495.59,21729,93.89,0.010000000000005116,0.010000000000005116,21699,21759,488.55,501.96,61
dia_20_mais,dia 21 sem pressao - Soja Sauda,21.0,,1,495.8,21730,93.88,0.010000000000005116,0.010000000000005116,21700,21760,488.76,502.17,61
dia_20_mais,dia 21 sem pressao - Soja Sauda,21.0,,1,496.44,21733,93.89,0.010000000000005116,0.010000000000005116,21703,21763,489.39,502.82,61
dia_20_mais,dia 21 sem pressao - Soja Sauda,21.0,,1,497.93,21740,93.88,0.010000000000005116,0.010000000000005116,21710,21770,490.87,504.92,61
dia_20_mais,dia 21 sem pressao - Soja Sauda,21.0,,1,498.38,21742,93.89,0.010000000000005116,0.010000000000005116,21712,21772,491.39,505.33,61
dia_20_mais,dia 21 sem pressao - Soja Sauda,21.0,,1,498.59,21743,93.88,0.010000000000005116,0.010000000000005116,21713,21773,491.76,505.54,61
dia_20_mais,dia 21 sem pressao - Soja Sauda,21.0,,1,498.79,21744,93.89,0.010000000000005116,0.010000000000005116,21714,21774,492.28,505.74,61
dia_20_mais,dia 21 sem pressao - Soja Sauda,21.0,,1,499.0,21745,93.88,0.010000000000005116,0.010000000000005116,21715,21775,492.65,505.98,61
dia_20_mais,Página13,21.0,,1,90.79,21834,93.9,0.010000000000005116,0.010000000000005116,21833,21864,90.58,97.71,32
dia_20_mais,Página13,21.0,,1,91.02,21835,93.89,0.010000000000005116,0.010000000000005116,21833,21865,90.58,97.91,33
dia_20_mais,Página13,21.0,,1,91.64,21838,93.9,0.010000000000005116,0.010000000000005116,21833,21868,90.58,98.53,36
dia_20_mais,Página13,21.0,,1,92.26,21841,93.89,0.010000000000005116,0.010000000000005116,21833,21871,90.58,99.18,39
dia_20_mais,Página13,21.0,,1,93.24,21845,93.9,0.010000000000005116,0.010000000000005116,21833,21875,90.58,100.02,43
dia_20_mais,Página13,21.0,,1,94.36,21848,93.89,0.010000000000005116,0.010000000000005116,21833,21878,90.58,100.63,46
dia_20_mais,Página13,21.0,,1,101.89,21884,93.88,0.010000000000005116,0.010000000000005116,21854,21914,95.61,109.01,61
dia_20_mais,Página13,21.0,,1,102.13,21885,93.89,0.010000000000005116,0.010000000000005116,21855,21915,95.81,109.22,61
dia_20_mais,Página13,21.0,,1,102.75,21888,93.9,0.010000000000005116,0.010000000000005116,21858,21918,96.44,109.89,61
dia_20_mais,Página13,21.0,,1,102.96,21889,93.89,0.010000000000005116,0.010000000000005116,21859,21919,96.65,110.09,61
dia_20_mais,Página13,21.0,,1,103.38,21891,93.9,0.010000000000005116,0.010000000000005116,21861,21921,97.06,110.51,61
dia_20_mais,Página13,21.0,,1,103.58,21892,93.89,0.010000000000005116,0.010000000000005116,21862,21922,97.27,110.71,61
dia_20_mais,Página13,21.0,,1,115.35,21944,93.9,0.010000000000005116,0.010000000000005116,21914,21974,109.01,122.32,61
dia_20_mais,Página13,21.0,,1,115.56,21945,93.89,0.010000000000005116,0.010000000000005116,21915,21975,109.22,122.52,61
dia_20_mais,Página13,21.0,,1,115.97,21947,93.9,0.010000000000005116,0.010000000000005116,21917,21977,109.64,122.94,61
dia_20_mais,Página13,21.0,,1,116.18,21948,93.89,0.010000000000005116,0.010000000000005116,21918,21978,109.89,123.18,61
dia_20_mais,Página13,21.0,,1,119.79,21962,93.9,0.010000000000005116,0.010000000000005116,21932,21992,112.81,126.1,61
dia_20_mais,Página13,21.0,,1,119.99,21963,93.89,0.010000000000005116,0.010000000000005116,21933,21993,113.01,126.32,61
dia_20_mais,Página13,21.0,,1,125.06,21987,93.9,0.010000000000005116,0.010000000000005116,21957,22017,118.11,132.04,61
dia_20_mais,Página13,21.0,,1,125.28,21988,93.89,0.010000000000005116,0.010000000000005116,21958,22018,118.47,132.24,61
dia_20_mais,Página13,21.0,,1,134.12,22027,93.88,0.010000000000005116,0.010000000000005116,21997,22057,127.16,140.57,61
dia_20_mais,Página13,21.0,,1,134.34,22028,93.89,0.010000000000005116,0.010000000000005116,21998,22058,127.37,140.77,61
dia_20_mais,Página13,21.0,,1,135.72,22034,93.9,0.010000000000005116,0.010000000000005116,22004,22064,128.67,142.09,61
dia_20_mais,Página13,21.0,,1,135.93,22035,93.89,0.010000000000005116,0.010000000000005116,22005,22065,128.88,142.29,61
dia_20_mais,Página13,21.0,,1,141.01,22059,93.9,0.010000000000005116,0.010000000000005116,22029,22089,134.55,148.02,61
dia_20_mais,Página13,21.0,,1,141.22,22060,93.89,0.010000000000005116,0.010000000000005116,22030,22090,134.75,148.23,61
dia_20_mais,Página13,21.0,,1,147.37,22086,93.9,0.010000000000005116,0.010000000000005116,22056,22116,140.36,153.7,61
dia_20_mais,Página13,21.0,,1,147.61,22087,93.89,0.010000000000005116,0.010000000000005116,22057,22117,140.57,153.91,61
dia_20_mais,Página13,21.0,,1,148.44,22091,93.9,0.010000000000005116,0.010000000000005116,22061,22121,141.42,154.76,61
dia_20_mais,Página13,21.0,,1,148.65,22092,93.89,0.010000000000005116,0.010000000000005116,22062,22122,141.63,154.96,61
dia_20_mais,Página13,21.0,,1,149.06,22094,93.9,0.010000000000005116,0.010000000000005116,22064,22124,142.09,155.41,61
dia_20_mais,Página13,21.0,,1,149.27,22095,93.89,0.010000000000005116,0.010000000000005116,22065,22125,142.29,155.62,61
dia_20_mais,Página13,21.0,,1,149.69,22097,93.9,0.010000000000005116,0.010000000000005116,22067,22127,142.71,156.5,61
dia_20_mais,Página13,21.0,,1,149.91,22098,93.89,0.010000000000005116,0.010000000000005116,22068,22128,142.91,156.87,61
dia_20_mais,Página13,21.0,,1,154.55,22120,93.9,0.010000000000005116,0.010000000000005116,22090,22150,148.23,161.5,61
dia_20_mais,Página13,21.0,,1,154.76,22121,93.89,0.010000000000005116,0.010000000000005116,22091,22151,148.44,161.7,61
dia_20_mais,Página13,21.0,,1,158.96,22138,93.9,0.010000000000005116,0.010000000000005116,22108,22168,152.04,165.4,61
dia_20_mais,Página13,21.0,,1,159.18,22139,93.89,0.010000000000005116,0.010000000000005116,22109,22169,152.24,165.61,61
dia_20_mais,Página13,21.0,,1,159.39,22140,93.9,0.010000000000005116,0.010000000000005116,22110,22170,152.45,165.82,61
dia_20_mais,Página13,21.0,,1,159.59,22141,93.89,0.010000000000005116,0.010000000000005116,22111,22171,152.66,166.02,61
dia_20_mais,Página13,21.0,,1,161.08,22148,93.9,0.010000000000005116,0.010000000000005116,22118,22178,154.12,167.51,61
dia_20_mais,Página13,21.0,,1,161.29,22149,93.89,0.010000000000005116,0.010000000000005116,22119,22179,154.34,167.72,61
dia_20_mais,Página13,21.0,,1,161.92,22152,93.9,0.010000000000005116,0.010000000000005116,22122,22182,154.96,168.5,61
dia_20_mais,Página13,21.0,,1,162.13,22153,93.89,0.010000000000005116,0.010000000000005116,22123,22183,155.17,169.05,61
dia_20_mais,Página13,21.0,,1,164.11,22162,93.9,0.010000000000005116,0.010000000000005116,22132,22192,157.71,171.11,61
dia_20_mais,Página13,21.0,,1,164.33,22163,93.89,0.010000000000005116,0.010000000000005116,22133,22193,157.91,171.32,61
dia_20_mais,Página13,21.0,,1,166.23,22172,93.9,0.010000000000005116,0.010000000000005116,22142,22202,159.83,173.21,61
dia_20_mais,Página13,21.0,,1,166.47,22173,93.89,0.010000000000005116,0.010000000000005116,22143,22203,160.03,173.42,61
dia_20_mais,Página13,21.0,,1,168.13,22181,93.9,0.010000000000005116,0.010000000000005116,22151,22211,161.7,175.11,61
dia_20_mais,Página13,21.0,,1,168.5,22182,93.89,0.010000000000005116,0.010000000000005116,22152,22212,161.92,175.33,61
dia_20_mais,Página13,21.0,,1,174.04,22206,93.9,0.010000000000005116,0.010000000000005116,22176,22236,167.09,180.38,61
dia_20_mais,Página13,21.0,,1,174.28,22207,93.89,0.010000000000005116,0.010000000000005116,22177,22237,167.3,180.58,61
dia_20_mais,Página13,21.0,,1,174.49,22208,93.9,0.010000000000005116,0.010000000000005116,22178,22238,167.51,180.95,61
dia_20_mais,Página13,21.0,,1,174.69,22209,93.89,0.010000000000005116,0.010000000000005116,22179,22239,167.72,181.47,61
dia_20_mais,Página13,21.0,,1,174.9,22210,93.9,0.010000000000005116,0.010000000000005116,22180,22240,167.92,181.85,61
dia_20_mais,Página13,21.0,,1,175.11,22211,93.89,0.010000000000005116,0.010000000000005116,22181,22241,168.13,182.09,61
dia_20_mais,Página13,21.0,,1,176.37,22217,93.9,0.010000000000005116,0.010000000000005116,22187,22247,170.06,183.36,61
dia_20_mais,Página13,21.0,,1,176.58,22218,93.89,0.010000000000005116,0.010000000000005116,22188,22248,170.26,183.57,61
dia_20_mais,Página13,21.0,,1,178.46,22227,93.9,0.010000000000005116,0.010000000000005116,22197,22257,172.15,185.44,61
dia_20_mais,Página13,21.0,,1,178.71,22228,93.89,0.010000000000005116,0.010000000000005116,22198,22258,172.36,185.65,61
dia_20_mais,Página13,21.0,,1,179.53,22232,93.9,0.010000000000005116,0.010000000000005116,22202,22262,173.21,186.51,61
dia_20_mais,Página13,21.0,,1,179.76,22233,93.89,0.010000000000005116,0.010000000000005116,22203,22263,173.42,186.72,61
dia_20_mais,Página13,21.0,,1,180.95,22238,93.9,0.010000000000005116,0.010000000000005116,22208,22268,174.49,187.78,61
dia_20_mais,Página13,21.0,,1,181.47,22239,93.89,0.010000000000005116,0.010000000000005116,22209,22269,174.69,187.99,61
dia_20_mais,Página13,21.0,,1,182.09,22241,93.9,0.010000000000005116,0.010000000000005116,22211,22271,175.11,188.4,61
dia_20_mais,Página13,21.0,,1,182.3,22242,93.89,0.010000000000005116,0.010000000000005116,22212,22272,175.33,188.62,61
dia_20_mais,Página13,21.0,,1,183.57,22248,93.9,0.010000000000005116,0.010000000000005116,22218,22278,176.58,189.87,61
dia_20_mais,Página13,21.0,,1,183.77,22249,93.89,0.010000000000005116,0.010000000000005116,22219,22279,176.79,190.17,61
dia_20_mais,Página13,21.0,,1,185.65,22258,93.9,0.010000000000005116,0.010000000000005116,22228,22288,178.71,192.08,61
dia_20_mais,Página13,21.0,,1,185.86,22259,93.89,0.010000000000005116,0.010000000000005116,22229,22289,178.91,192.29,61
dia_20_mais,Página13,21.0,,1,187.78,22268,93.9,0.010000000000005116,0.010000000000005116,22238,22298,180.95,194.83,61
dia_20_mais,Página13,21.0,,1,187.99,22269,93.89,0.010000000000005116,0.010000000000005116,22239,22299,181.47,195.03,61
dia_20_mais,Página13,21.0,,1,188.19,22270,93.9,0.010000000000005116,0.010000000000005116,22240,22300,181.85,195.25,61
dia_20_mais,Página13,21.0,,1,188.4,22271,93.89,0.010000000000005116,0.010000000000005116,22241,22301,182.09,195.47,61
dia_20_mais,Página13,21.0,,1,190.59,22281,93.9,0.010000000000005116,0.010000000000005116,22251,22311,184.2,197.58,61
dia_20_mais,Página13,21.0,,1,191.01,22283,93.89,0.010000000000005116,0.010000000000005116,22253,22313,184.61,198.0,61
dia_20_mais,Página13,21.0,,1,191.84,22287,93.9,0.010000000000005116,0.010000000000005116,22257,22317,185.44,198.83,61
dia_20_mais,Página13,21.0,,1,192.08,22288,93.89,0.010000000000005116,0.010000000000005116,22258,22318,185.65,199.04,61
dia_20_mais,Página13,21.0,,1,192.91,22292,93.9,0.010000000000005116,0.010000000000005116,22262,22322,186.51,199.9,61
dia_20_mais,Página13,21.0,,1,193.14,22293,93.89,0.010000000000005116,0.010000000000005116,22263,22323,186.72,200.1,61
dia_20_mais,Página13,21.0,,1,196.53,22306,93.9,0.010000000000005116,0.010000000000005116,22276,22336,189.44,202.82,61
dia_20_mais,Página13,21.0,,1,196.74,22307,93.89,0.010000000000005116,0.010000000000005116,22277,22337,189.66,203.04,61
dia_20_mais,Página13,21.0,,1,200.1,22323,93.9,0.010000000000005116,0.010000000000005116,22293,22353,193.14,207.17,61
dia_20_mais,Página13,21.0,,1,200.31,22324,93.89,0.010000000000005116,0.010000000000005116,22294,22354,193.5,207.38,61
dia_20_mais,Página13,21.0,,1,204.07,22342,93.9,0.010000000000005116,0.010000000000005116,22312,22372,197.79,211.16,61
dia_20_mais,Página13,21.0,,1,204.31,22343,93.89,0.010000000000005116,0.010000000000005116,22313,22373,198.0,211.37,61
dia_20_mais,Página13,21.0,,1,204.52,22344,93.9,0.010000000000005116,0.010000000000005116,22314,22374,198.2,211.57,61
dia_20_mais,Página13,21.0,,1,204.73,22345,93.89,0.010000000000005116,0.010000000000005116,22315,22375,198.41,211.78,61
dia_20_mais,Página13,21.0,,1,208.23,22358,93.9,0.010000000000005116,0.010000000000005116,22328,22388,201.16,214.53,61
dia_20_mais,Página13,21.0,,1,209.07,22362,93.89,0.010000000000005116,0.010000000000005116,22332,22392,202.0,215.36,61
dia_20_mais,Página13,21.0,,1,209.27,22363,93.9,0.010000000000005116,0.010000000000005116,22333,22393,202.2,215.59,61
dia_20_mais,Página13,21.0,,1,209.48,22364,93.89,0.010000000000005116,0.010000000000005116,22334,22394,202.41,215.79,61
dia_20_mais,Página13,21.0,,1,210.93,22371,93.9,0.010000000000005116,0.010000000000005116,22341,22401,203.87,217.35,61
dia_20_mais,Página13,21.0,,1,211.16,22372,93.89,0.010000000000005116,0.010000000000005116,22342,22402,204.07,217.56,61
dia_20_mais,Página13,21.0,,1,218.75,22407,93.88,0.010000000000005116,0.010000000000005116,22377,22437,212.21,225.57,61
dia_20_mais,Página13,21.0,,1,219.29,22408,93.89,0.010000000000005116,0.010000000000005116,22378,22438,212.42,225.81,61
dia_20_mais,Página13,21.0,,1,221.35,22417,93.9,0.010000000000005116,0.010000000000005116,22387,22447,214.29,227.68,61
dia_20_mais,Página13,21.0,,1,221.76,22419,93.89,0.010000000000005116,0.010000000000005116,22389,22449,214.74,228.11,61
dia_20_mais,Página13,21.0,,1,222.84,22424,93.9,0.010000000000005116,0.010000000000005116,22394,22454,215.79,229.18,61
dia_20_mais,Página13,21.0,,1,223.04,22425,93.89,0.010000000000005116,0.010000000000005116,22395,22455,216.0,229.38,61
dia_20_mais,Página13,21.0,,1,226.22,22440,93.9,0.010000000000005116,0.010000000000005116,22410,22470,219.87,233.21,61
dia_20_mais,Página13,21.0,,1,226.43,22441,93.89,0.010000000000005116,0.010000000000005116,22411,22471,220.09,233.42,61
dia_20_mais,Página13,21.0,,1,230.43,22460,93.9,0.010000000000005116,0.010000000000005116,22430,22490,224.09,237.44,61
dia_20_mais,Página13,21.0,,1,230.64,22461,93.89,0.010000000000005116,0.010000000000005116,22431,22491,224.3,237.65,61
dia_20_mais,Página13,21.0,,1,239.75,22501,93.9,0.010000000000005116,0.010000000000005116,22471,22531,233.42,246.8,61
dia_20_mais,Página13,21.0,,1,239.96,22502,93.89,0.010000000000005116,0.010000000000005116,22472,22532,233.66,247.01,61
dia_20_mais,Página13,21.0,,1,248.5,22539,93.88,0.010000000000005116,0.010000000000005116,22509,22569,241.46,254.83,61
dia_20_mais,Página13,21.0,,1,248.71,22540,93.89,0.010000000000005116,0.010000000000005116,22510,22570,241.67,255.06,61
dia_20_mais,Página13,21.0,,1,251.43,22553,93.88,0.010000000000005116,0.010000000000005116,22523,22583,245.12,258.44,61
dia_20_mais,Página13,21.0,,1,251.67,22554,93.89,0.010000000000005116,0.010000000000005116,22524,22584,245.33,258.65,61
dia_20_mais,Página13,21.0,,1,253.57,22563,93.9,0.010000000000005116,0.010000000000005116,22533,22593,247.23,260.56,61
dia_20_mais,Página13,21.0,,1,253.78,22564,93.89,0.010000000000005116,0.010000000000005116,22534,22594,247.43,260.77,61
dia_20_mais,Página13,21.0,,1,254.62,22568,93.9,0.010000000000005116,0.010000000000005116,22538,22598,248.3,261.63,61
dia_20_mais,Página13,21.0,,1,254.83,22569,93.89,0.010000000000005116,0.010000000000005116,22539,22599,248.5,261.84,61
dia_20_mais,Página13,21.0,,1,255.06,22570,93.9,0.010000000000005116,0.010000000000005116,22540,22600,248.71,262.05,61
dia_20_mais,Página13,21.0,,1,255.27,22571,93.89,0.010000000000005116,0.010000000000005116,22541,22601,248.92,262.25,61
dia_20_mais,Página13,21.0,,1,258.44,22583,93.9,0.010000000000005116,0.010000000000005116,22553,22613,251.43,264.77,61
dia_20_mais,Página13,21.0,,1,258.65,22584,93.89,0.010000000000005116,0.010000000000005116,22554,22614,251.67,265.01,61
dia_20_mais,Página13,21.0,,1,258.86,22585,93.9,0.010000000000005116,0.010000000000005116,22555,22615,251.87,265.22,61
dia_20_mais,Página13,21.0,,1,259.07,22586,93.89,0.010000000000005116,0.010000000000005116,22556,22616,252.08,265.43,61
dia_20_mais,Página13,21.0,,1,266.71,22622,93.9,0.010000000000005116,0.010000000000005116,22592,22652,260.32,273.72,61
dia_20_mais,Página13,21.0,,1,266.92,22623,93.89,0.010000000000005116,0.010000000000005116,22593,22653,260.56,273.93,61
dia_20_mais,Página13,21.0,,1,268.17,22629,93.9,0.010000000000005116,0.010000000000005116,22599,22659,261.84,275.2,61
dia_20_mais,Página13,21.0,,1,268.38,22630,93.89,0.010000000000005116,0.010000000000005116,22600,22660,262.05,275.41,61
dia_20_mais,Página13,21.0,,1,268.75,22631,93.9,0.010000000000005116,0.010000000000005116,22601,22661,262.25,275.62,61
dia_20_mais,Página13,21.0,,1,269.64,22633,93.89,0.010000000000005116,0.010000000000005116,22603,22663,262.68,276.07,61
dia_20_mais,Página13,21.0,,1,270.26,22636,93.9,0.010000000000005116,0.010000000000005116,22606,22666,263.3,276.7,61
dia_20_mais,Página13,21.0,,1,270.48,22637,93.89,0.010000000000005116,0.010000000000005116,22607,22667,263.5,276.91,61
dia_20_mais,Página13,21.0,,1,271.11,22640,93.9,0.010000000000005116,0.010000000000005116,22610,22670,264.14,277.56,61
dia_20_mais,Página13,21.0,,1,271.31,22641,93.89,0.010000000000005116,0.010000000000005116,22611,22671,264.35,277.77,61
dia_20_mais,Página13,21.0,,1,272.46,22646,93.9,0.010000000000005116,0.010000000000005116,22616,22676,265.43,278.81,61
dia_20_mais,Página13,21.0,,1,272.67,22647,93.89,0.010000000000005116,0.010000000000005116,22617,22677,265.64,279.02,61
dia_20_mais,Página13,21.0,,1,273.93,22653,93.9,0.010000000000005116,0.010000000000005116,22623,22683,266.92,280.3,61
dia_20_mais,Página13,21.0,,1,274.13,22654,93.89,0.010000000000005116,0.010000000000005116,22624,22684,267.13,280.54,61
dia_20_mais,Página13,21.0,,1,276.28,22664,93.88,0.010000000000005116,0.010000000000005116,22634,22694,269.85,283.25,61
dia_20_mais,Página13,21.0,,1,276.49,22665,93.89,0.010000000000005116,0.010000000000005116,22635,22695,270.06,283.46,61
dia_20_mais,Página13,21.0,,1,284.29,22699,93.9,0.010000000000005116,0.010000000000005116,22669,22729,277.35,290.67,61
dia_20_mais,Página13,21.0,,1,284.5,22700,93.89,0.010000000000005116,0.010000000000005116,22670,22730,277.56,290.88,61
dia_20_mais,Página13,21.0,,1,285.78,22706,93.9,0.010000000000005116,0.010000000000005116,22676,22736,278.81,292.14,61
dia_20_mais,Página13,21.0,,1,286.01,22707,93.89,0.010000000000005116,0.010000000000005116,22677,22737,279.02,292.35,61
dia_20_mais,Página13,21.0,,1,291.52,22733,93.88,0.010000000000005116,0.010000000000005116,22703,22763,285.16,298.48,61
dia_20_mais,Página13,21.0,,1,291.73,22734,93.89,0.010000000000005116,0.010000000000005116,22704,22764,285.36,298.69,61
dia_20_mais,Página13,21.0,,1,294.28,22744,93.88,0.010000000000005116,0.010000000000005116,22714,22774,287.47,300.9,61
dia_20_mais,Página13,21.0,,1,294.65,22745,93.89,0.010000000000005116,0.010000000000005116,22715,22775,287.68,301.11,61
dia_20_mais,Página13,21.0,,1,298.89,22765,93.9,0.010000000000005116,0.010000000000005116,22735,22795,291.93,305.36,61
dia_20_mais,Página13,21.0,,1,299.1,22766,93.89,0.010000000000005116,0.010000000000005116,22736,22796,292.14,305.57,61
dia_20_mais,Página13,21.0,,1,300.9,22774,93.9,0.010000000000005116,0.010000000000005116,22744,22804,294.28,307.89,61
dia_20_mais,Página13,21.0,,1,301.11,22775,93.89,0.010000000000005116,0.010000000000005116,22745,22805,294.65,308.11,61
dia_20_mais,Página13,21.0,,1,301.55,22777,93.9,0.010000000000005116,0.010000000000005116,22747,22807,295.1,308.53,61
dia_20_mais,Página13,21.0,,1,301.77,22778,93.89,0.010000000000005116,0.010000000000005116,22748,22808,295.31,308.74,61
dia_20_mais,Página13,21.0,,1,303.69,22787,93.9,0.010000000000005116,0.010000000000005116,22757,22817,297.23,310.63,61
dia_20_mais,Página13,21.0,,1,304.11,22789,93.89,0.010000000000005116,0.010000000000005116,22759,22819,297.64,311.04,61
dia_20_mais,Página13,21.0,,1,304.52,22791,93.9,0.010000000000005116,0.010000000000005116,22761,22821,298.06,311.49,61
dia_20_mais,Página13,21.0,,1,304.95,22793,93.89,0.010000000000005116,0.010000000000005116,22763,22823,298.48,311.91,61
dia_20_mais,Página13,21.0,,1,305.36,22795,93.9,0.010000000000005116,0.010000000000005116,22765,22825,298.89,312.32,61
dia_20_mais,Página13,21.0,,1,305.99,22798,93.89,0.010000000000005116,0.010000000000005116,22768,22828,299.55,312.96,61
dia_20_mais,Página13,21.0,,1,306.36,22799,93.9,0.010000000000005116,0.010000000000005116,22769,22829,299.86,313.16,61
dia_20_mais,Página13,21.0,,1,306.89,22800,93.89,0.010000000000005116,0.010000000000005116,22770,22830,300.07,313.37,61
dia_20_mais,Página13,21.0,,1,308.74,22808,93.9,0.010000000000005116,0.010000000000005116,22778,22838,301.77,315.06,61
dia_20_mais,Página13,21.0,,1,308.94,22809,93.89,0.010000000000005116,0.010000000000005116,22779,22839,301.98,315.27,61
dia_20_mais,Página13,21.0,,1,309.36,22811,93.9,0.010000000000005116,0.010000000000005116,22781,22841,302.39,315.68,61
dia_20_mais,Página13,21.0,,1,309.57,22812,93.89,0.010000000000005116,0.010000000000005116,22782,22842,302.63,315.91,61
dia_20_mais,Página13,21.0,,1,312.11,22824,93.9,0.010000000000005116,0.010000000000005116,22794,22854,305.15,318.42,61
dia_20_mais,Página13,21.0,,1,312.32,22825,93.89,0.010000000000005116,0.010000000000005116,22795,22855,305.36,318.62,61
dia_20_mais,Página13,21.0,,1,317.15,22848,93.88,0.010000000000005116,0.010000000000005116,22818,22878,310.83,324.06,61
dia_20_mais,Página13,21.0,,1,317.36,22849,93.89,0.010000000000005116,0.010000000000005116,22819,22879,311.04,324.27,61
dia_20_mais,Página13,21.0,,1,317.57,22850,93.88,0.010000000000005116,0.010000000000005116,22820,22880,311.25,324.48,61
dia_20_mais,Página13,21.0,,1,317.77,22851,93.89,0.010000000000005116,0.010000000000005116,22821,22881,311.49,324.68,61
dia_20_mais,Página13,21.0,,1,317.98,22852,93.88,0.010000000000005116,0.010000000000005116,22822,22882,311.7,324.92,61
dia_20_mais,Página13,21.0,,1,318.21,22853,93.89,0.010000000000005116,0.010000000000005116,22823,22883,311.91,325.13,61
dia_20_mais,Página13,21.0,,1,322.61,22871,93.88,0.010000000000005116,0.010000000000005116,22841,22901,315.68,329.04,61
dia_20_mais,Página13,21.0,,1,322.81,22872,93.89,0.010000000000005116,0.010000000000005116,22842,22902,315.91,329.27,61
dia_20_mais,Página13,21.0,,1,324.27,22879,93.88,0.010000000000005116,0.010000000000005116,22849,22909,317.36,330.72,61
dia_20_mais,Página13,21.0,,1,324.48,22880,93.89,0.010000000000005116,0.010000000000005116,22850,22910,317.57,330.93,61
dia_20_mais,Página13,21.0,,1,325.34,22884,93.88,0.010000000000005116,0.010000000000005116,22854,22914,318.42,332.39,61
dia_20_mais,Página13,21.0,,1,325.55,22885,93.89,0.010000000000005116,0.010000000000005116,22855,22915,318.62,332.63,61
dia_20_mais,Página13,21.0,,1,335.33,22928,93.9,0.010000000000005116,0.010000000000005116,22898,22958,328.43,341.67,61
dia_20_mais,Página13,21.0,,1,335.54,22929,93.89,0.010000000000005116,0.010000000000005116,22899,22959,328.63,341.88,61
dia_20_mais,Página13,21.0,,1,337.46,22938,93.9,0.010000000000005116,0.010000000000005116,22908,22968,330.52,343.94,61
dia_20_mais,Página13,21.0,,1,337.66,22939,93.89,0.010000000000005116,0.010000000000005116,22909,22969,330.72,344.46,61
dia_20_mais,Página13,21.0,,1,341.47,22957,93.9,0.010000000000005116,0.010000000000005116,22927,22987,335.13,348.54,61
dia_20_mais,Página13,21.0,,1,341.67,22958,93.89,0.010000000000005116,0.010000000000005116,22928,22988,335.33,348.74,61
dia_20_mais,Página13,21.0,,1,346.65,22978,93.88,0.010000000000005116,0.010000000000005116,22948,23008,339.56,352.99,61
dia_20_mais,Página13,21.0,,1,346.87,22979,93.89,0.010000000000005116,0.010000000000005116,22949,23009,339.77,353.19,61
dia_20_mais,Página13,21.0,,1,347.07,22980,93.9,0.010000000000005116,0.010000000000005116,22950,23010,339.97,353.41,61
dia_20_mais,Página13,21.0,,1,347.28,22981,93.89,0.010000000000005116,0.010000000000005116,22951,23011,340.18,353.63,61
dia_20_mais,Página13,21.0,,1,355.6,23020,93.9,0.010000000000005116,0.010000000000005116,22990,23050,349.2,362.58,61
dia_20_mais,Página13,21.0,,1,355.84,23021,93.89,0.010000000000005116,0.010000000000005116,22991,23051,349.41,362.79,61
dia_20_mais,Página13,21.0,,1,356.04,23022,93.9,0.010000000000005116,0.010000000000005116,22992,23052,349.61,363.0,61
dia_20_mais,Página13,21.0,,1,356.26,23023,93.89,0.010000000000005116,0.010000000000005116,22993,23053,349.82,363.2,61
dia_20_mais,Página13,21.0,,1,358.13,23029,93.9,0.010000000000005116,0.010000000000005116,22999,23059,351.1,364.47,61
dia_20_mais,Página13,21.0,,1,358.34,23030,93.89,0.010000000000005116,0.010000000000005116,23000,23060,351.33,364.7,61
dia_20_mais,Página13,21.0,,1,362.16,23048,93.9,0.010000000000005116,0.010000000000005116,23018,23078,355.19,368.49,61
dia_20_mais,Página13,21.0,,1,362.38,23049,93.89,0.010000000000005116,0.010000000000005116,23019,23079,355.39,368.7,61
dia_20_mais,Página13,21.0,,1,371.64,23090,93.9,0.010000000000005116,0.010000000000005116,23060,23120,364.7,378.0,61
dia_20_mais,Página13,21.0,,1,371.84,23091,93.89,0.010000000000005116,0.010000000000005116,23061,23121,364.91,378.21,61
dia_20_mais,Página13,21.0,,1,373.56,23099,93.9,0.010000000000005116,0.010000000000005116,23069,23129,366.57,379.88,61
dia_20_mais,Página13,21.0,,1,373.76,23100,93.89,0.010000000000005116,0.010000000000005116,23070,23130,366.78,380.09,61
dia_20_mais,Página13,21.0,,1,375.23,23107,93.9,0.010000000000005116,0.010000000000005116,23077,23137,368.29,382.0,61
dia_20_mais,Página13,21.0,,1,375.64,23109,93.89,0.010000000000005116,0.010000000000005116,23079,23139,368.7,382.74,61
dia_20_mais,Página13,21.0,,1,386.72,23158,93.88,0.010000000000005116,0.010000000000005116,23128,23188,379.67,393.1,61
dia_20_mais,Página13,21.0,,1,386.97,23159,93.89,0.010000000000005116,0.010000000000005116,23129,23189,379.88,393.3,61
dia_20_mais,Página13,21.0,,1,389.1,23169,93.9,0.010000000000005116,0.010000000000005116,23139,23199,382.74,396.04,61
dia_20_mais,Página13,21.0,,1,389.52,23171,93.89,0.010000000000005116,0.010000000000005116,23141,23201,383.15,396.45,61
dia_20_mais,Página13,21.0,,1,390.35,23175,93.9,0.010000000000005116,0.010000000000005116,23145,23205,383.99,397.32,61
dia_20_mais,Página13,21.0,,1,390.77,23177,93.89,0.010000000000005116,0.010000000000005116,23147,23207,384.41,397.74,61
dia_20_mais,Página13,21.0,,1,391.41,23180,93.9,0.010000000000005116,0.010000000000005116,23150,23210,385.04,398.38,61
dia_20_mais,Página13,21.0,,1,391.61,23181,93.89,0.010000000000005116,0.010000000000005116,23151,23211,385.25,398.59,61
dia_20_mais,Página13,21.0,,1,391.82,23182,93.9,0.010000000000005116,0.010000000000005116,23152,23212,385.45,398.8,61
dia_20_mais,Página13,21.0,,1,392.02,23183,93.89,0.010000000000005116,0.010000000000005116,23153,23213,385.66,399.01,61
dia_20_mais,Página13,21.0,,1,392.23,23184,93.9,0.010000000000005116,0.010000000000005116,23154,23214,385.89,399.22,61
dia_20_mais,Página13,21.0,,1,392.48,23185,93.89,0.010000000000005116,0.010000000000005116,23155,23215,386.1,399.43,61
dia_20_mais,Página13,21.0,,1,392.69,23186,93.9,0.010000000000005116,0.010000000000005116,23156,23216,386.31,399.64,61
dia_20_mais,Página13,21.0,,1,392.89,23187,93.89,0.010000000000005116,0.010000000000005116,23157,23217,386.51,399.84,61
dia_20_mais,Página13,21.0,,1,394.1,23192,93.9,0.010000000000005116,0.010000000000005116,23162,23222,387.59,400.9,61
dia_20_mais,Página13,21.0,,1,394.99,23194,93.89,0.010000000000005116,0.010000000000005116,23164,23224,388.05,401.35,61
dia_20_mais,Página13,21.0,,1,395.83,23198,93.9,0.010000000000005116,0.010000000000005116,23168,23228,388.88,402.19,61
dia_20_mais,Página13,21.0,,1,396.04,23199,93.89,0.010000000000005116,0.010000000000005116,23169,23229,389.1,402.44,61
dia_20_mais,Página13,21.0,,1,398.38,23210,93.9,0.010000000000005116,0.010000000000005116,23180,23240,391.41,404.74,61
dia_20_mais,Página13,21.0,,1,398.59,23211,93.89,0.010000000000005116,0.010000000000005116,23181,23241,391.61,404.95,61
dia_20_mais,Página13,21.0,,1,401.35,23224,93.9,0.010000000000005116,0.010000000000005116,23194,23254,394.99,408.35,61
dia_20_mais,Página13,21.0,,1,401.56,23225,93.89,0.010000000000005116,0.010000000000005116,23195,23255,395.2,408.56,61
dia_20_mais,Página13,21.0,,1,401.76,23226,93.9,0.010000000000005116,0.010000000000005116,23196,23256,395.4,408.76,61
dia_20_mais,Página13,21.0,,1,401.98,23227,93.89,0.010000000000005116,0.010000000000005116,23197,23257,395.61,409.07,61
dia_20_mais,Página13,21.0,,1,403.9,23236,93.9,0.010000000000005116,0.010000000000005116,23206,23266,397.53,410.95,61
dia_20_mais,Página13,21.0,,1,404.11,23237,93.89,0.010000000000005116,0.010000000000005116,23207,23267,397.74,411.17,61
dia_20_mais,Página13,21.0,,1,404.32,23238,93.9,0.010000000000005116,0.010000000000005116,23208,23268,397.97,411.38,61
dia_20_mais,Página13,21.0,,1,404.74,23240,93.89,0.010000000000005116,0.010000000000005116,23210,23270,398.38,411.79,61
dia_20_mais,Página13,21.0,,1,406.01,23246,93.9,0.010000000000005116,0.010000000000005116,23216,23276,399.64,413.06,61
dia_20_mais,Página13,21.0,,1,406.22,23247,93.89,0.010000000000005116,0.010000000000005116,23217,23277,399.84,413.27,61
dia_20_mais,Página13,21.0,,1,410.13,23262,93.9,0.010000000000005116,0.010000000000005116,23232,23292,403.06,416.45,61
dia_20_mais,Página13,21.0,,1,410.33,23263,93.89,0.010000000000005116,0.010000000000005116,23233,23293,403.26,416.66,61
dia_20_mais,Página13,21.0,,1,410.95,23266,93.9,0.010000000000005116,0.010000000000005116,23236,23296,403.9,417.29,61
dia_20_mais,Página13,21.0,,1,411.17,23267,93.89,0.010000000000005116,0.010000000000005116,23237,23297,404.11,417.5,61
dia_20_mais,Página13,21.0,,1,415.62,23288,93.9,0.010000000000005116,0.010000000000005116,23258,23318,409.28,422.59,61
dia_20_mais,Página13,21.0,,1,415.82,23289,93.89,0.010000000000005116,0.010000000000005116,23259,23319,409.48,422.8,61
dia_20_mais,Página13,21.0,,1,420.9,23310,93.88,0.010000000000005116,0.010000000000005116,23280,23340,413.93,427.26,61
dia_20_mais,Página13,21.0,,1,421.12,23311,93.89,0.010000000000005116,0.010000000000005116,23281,23341,414.14,427.46,61
dia_20_mais,Página13,21.0,,1,421.32,23312,93.88,0.010000000000005116,0.010000000000005116,23282,23342,414.35,427.68,61
dia_20_mais,Página13,21.0,,1,421.53,23313,93.89,0.010000000000005116,0.010000000000005116,23283,23343,414.57,427.91,61
dia_20_mais,Página13,21.0,,1,422.38,23317,93.9,0.010000000000005116,0.010000000000005116,23287,23347,415.4,428.73,61
dia_20_mais,Página13,21.0,,1,422.59,23318,93.89,0.010000000000005116,0.010000000000005116,23288,23348,415.62,428.98,61
dia_20_mais,Página13,21.0,,1,423.67,23323,93.88,0.010000000000005116,0.010000000000005116,23293,23353,416.66,430.03,61
dia_20_mais,Página13,21.0,,1,423.88,23324,93.89,0.010000000000005116,0.010000000000005116,23294,23354,416.88,430.24,61
dia_20_mais,Página13,21.0,,1,426.21,23335,93.88,0.010000000000005116,0.010000000000005116,23305,23365,419.7,433.15,61
dia_20_mais,Página13,21.0,,1,426.41,23336,93.89,0.010000000000005116,0.010000000000005116,23306,23366,420.08,433.37,61
dia_20_mais,Página13,21.0,,1,428.73,23347,93.88,0.010000000000005116,0.010000000000005116,23317,23377,422.38,435.69,61
dia_20_mais,Página13,21.0,,1,428.98,23348,93.89,0.010000000000005116,0.010000000000005116,23318,23378,422.59,435.9,61
dia_20_mais,Página13,21.0,,1,430.44,23355,93.9,0.010000000000005116,0.010000000000005116,23325,23385,424.09,437.46,61
dia_20_mais,Página13,21.0,,1,430.65,23356,93.89,0.010000000000005116,0.010000000000005116,23326,23386,424.3,437.67,61
dia_20_mais,Página13,21.0,,1,435.69,23377,93.88,0.010000000000005116,0.010000000000005116,23347,23407,428.73,442.17,61
dia_20_mais,Página13,21.0,,1,435.9,23378,93.89,0.010000000000005116,0.010000000000005116,23348,23408,428.98,442.37,61
dia_20_mais,Página13,21.0,,1,451.86,23450,93.9,0.010000000000005116,0.010000000000005116,23420,23480,445.54,458.86,61
dia_20_mais,Página13,21.0,,1,452.07,23451,93.89,0.010000000000005116,0.010000000000005116,23421,23481,445.75,459.07,61
dia_20_mais,Página13,21.0,,1,460.12,23486,93.88,0.010000000000005116,0.010000000000005116,23456,23516,453.14,466.52,61
dia_20_mais,Página13,21.0,,1,460.33,23487,93.89,0.010000000000005116,0.010000000000005116,23457,23517,453.38,466.77,61
dia_20_mais,Página13,21.0,,1,461.38,23492,93.9,0.010000000000005116,0.010000000000005116,23462,23522,454.43,467.83,61
dia_20_mais,Página13,21.0,,1,461.59,23493,93.89,0.010000000000005116,0.010000000000005116,23463,23523,454.63,468.04,61
dia_20_mais,Página13,21.0,,1,463.8,23503,93.88,0.010000000000005116,0.010000000000005116,23473,23533,456.93,470.75,61
dia_20_mais,Página13,21.0,,1,464.01,23504,93.89,0.010000000000005116,0.010000000000005116,23474,23534,457.45,470.96,61
dia_20_mais,Página13,21.0,,1,465.05,23509,93.88,0.010000000000005116,0.010000000000005116,23479,23539,458.65,472.01,61
dia_20_mais,Página13,21.0,,1,465.25,23510,93.89,0.010000000000005116,0.010000000000005116,23480,23540,458.86,472.26,61
dia_20_mais,Página13,21.0,,1,470.96,23534,93.88,0.010000000000005116,0.010000000000005116,23504,23564,464.01,477.29,61
dia_20_mais,Página13,21.0,,1,471.18,23535,93.89,0.010000000000005116,0.010000000000005116,23505,23565,464.21,477.5,61
dia_20_mais,Página13,21.0,,1,472.01,23539,93.88,0.010000000000005116,0.010000000000005116,23509,23569,465.05,478.36,61
dia_20_mais,Página13,21.0,,1,472.26,23540,93.89,0.010000000000005116,0.010000000000005116,23510,23570,465.25,478.57,61
dia_20_mais,Página13,21.0,,1,473.32,23545,93.88,0.010000000000005116,0.010000000000005116,23515,23575,466.31,479.61,61
dia_20_mais,Página13,21.0,,1,473.53,23546,93.89,0.010000000000005116,0.010000000000005116,23516,23576,466.52,479.82,61
dia_20_mais,Página13,21.0,,1,473.74,23547,93.88,0.010000000000005116,0.010000000000005116,23517,23577,466.77,480.04,61
dia_20_mais,Página13,21.0,,1,473.94,23548,93.89,0.010000000000005116,0.010000000000005116,23518,23578,466.97,480.25,61
dia_20_mais,Página13,21.0,,1,475.81,23557,93.9,0.010000000000005116,0.010000000000005116,23527,23587,468.88,482.79,61
dia_20_mais,Página13,21.0,,1,476.02,23558,93.89,0.010000000000005116,0.010000000000005116,23528,23588,469.08,482.99,61
dia_20_mais,Página13,21.0,,1,482.41,23586,93.88,0.010000000000005116,0.010000000000005116,23556,23616,475.61,488.91,61
dia_20_mais,Página13,21.0,,1,482.79,23587,93.89,0.010000000000005116,0.010000000000005116,23557,23617,475.81,489.11,61
dia_20_mais,Página13,21.0,,1,486.38,23604,93.88,0.010000000000005116,0.010000000000005116,23574,23634,479.4,492.93,61
dia_20_mais,Página13,21.0,,1,486.61,23605,93.89,0.010000000000005116,0.010000000000005116,23575,23635,479.61,493.14,61
dia_20_mais,Página13,21.0,,1,493.77,23638,93.88,0.010000000000005116,0.010000000000005116,23608,23668,487.23,500.72,61
dia_20_mais,Página13,21.0,,1,493.98,23639,93.89,0.010000000000005116,0.010000000000005116,23609,23669,487.44,500.93,61
dia_20_mais,Página13,21.0,,1,503.7,23682,93.88,0.010000000000005116,0.010000000000005116,23652,23712,497.34,510.64,61
dia_20_mais,Página13,21.0,,1,503.91,23683,93.89,0.010000000000005116,0.010000000000005116,23653,23713,497.56,510.87,61
dia_20_mais,Página13,21.0,,1,515.72,23736,93.88,0.010000000000005116,0.010000000000005116,23706,23747,509.4,518.13,42
dia_20_mais,Página13,21.0,,1,515.92,23737,93.89,0.010000000000005116,0.010000000000005116,23707,23747,509.6,518.13,41
dia_20_mais,Página14,21.0,,1,92.36,23750,93.92,0.010000000000005116,0.010000000000005116,23748,23780,91.96,99.29,33
dia_20_mais,Página14,21.0,,1,92.57,23751,93.91,0.010000000000005116,0.010000000000005116,23748,23781,91.96,99.51,34
dia_20_mais,Página14,21.0,,1,92.81,23752,93.92,0.010000000000005116,0.010000000000005116,23748,23782,91.96,99.72,35
dia_20_mais,Página14,21.0,,1,93.02,23753,93.91,0.010000000000005116,0.010000000000005116,23748,23783,91.96,99.92,36
dia_20_mais,Página14,21.0,,1,93.43,23755,93.92,0.010000000000005116,0.010000000000005116,23748,23785,91.96,100.33,38
dia_20_mais,Página14,21.0,,1,93.84,23757,93.91,0.010000000000005116,0.010000000000005116,23748,23787,91.96,100.77,40
dia_20_mais,Página14,21.0,,1,94.46,23760,93.92,0.010000000000005116,0.010000000000005116,23748,23790,91.96,101.4,43
dia_20_mais,Página14,21.0,,1,94.87,23762,93.91,0.010000000000005116,0.010000000000005116,23748,23792,91.96,101.82,45
dia_20_mais,Página14,21.0,,1,95.29,23764,93.92,0.010000000000005116,0.010000000000005116,23748,23794,91.96,102.24,47
dia_20_mais,Página14,21.0,,1,95.91,23767,93.91,0.010000000000005116,0.010000000000005116,23748,23797,91.96,102.87,50
dia_20_mais,Página14,21.0,,1,96.16,23768,93.92,0.010000000000005116,0.010000000000005116,23748,23798,91.96,103.08,51
dia_20_mais,Página14,21.0,,1,96.77,23771,93.91,0.010000000000005116,0.010000000000005116,23748,23801,91.96,103.7,54
dia_20_mais,Página14,21.0,,1,96.98,23772,93.92,0.010000000000005116,0.010000000000005116,23748,23802,91.96,103.95,55
dia_20_mais,Página14,21.0,,1,97.2,23773,93.93,0.010000000000005116,0.010000000000005116,23748,23803,91.96,104.16,56
dia_20_mais,Página14,21.0,,1,97.56,23774,93.92,0.010000000000005116,0.010000000000005116,23748,23804,91.96,104.37,57
dia_20_mais,Página14,21.0,,1,98.47,23776,93.91,0.010000000000005116,0.010000000000005116,23748,23806,91.96,104.78,59
dia_20_mais,Página14,21.0,,1,98.88,23778,93.92,0.010000000000005116,0.010000000000005116,23748,23808,91.96,105.24,61
dia_20_mais,Página14,21.0,,1,99.51,23781,93.91,0.010000000000005116,0.010000000000005116,23751,23811,92.57,105.86,61
dia_20_mais,Página14,21.0,,1,99.92,23783,93.92,0.010000000000005116,0.010000000000005116,23753,23813,93.02,106.29,61
dia_20_mais,Página14,21.0,,1,100.33,23785,93.91,0.010000000000005116,0.010000000000005116,23755,23815,93.43,106.71,61
dia_20_mais,Página14,21.0,,1,100.56,23786,93.92,0.010000000000005116,0.010000000000005116,23756,23816,93.63,107.02,61
dia_20_mais,Página14,21.0,,1,100.77,23787,93.91,0.010000000000005116,0.010000000000005116,23757,23817,93.84,107.27,61
dia_20_mais,Página14,21.0,,1,101.4,23790,93.92,0.010000000000005116,0.010000000000005116,23760,23820,94.46,107.89,61
dia_20_mais,Página14,21.0,,1,101.82,23792,93.91,0.010000000000005116,0.010000000000005116,23762,23822,94.87,108.31,61
dia_20_mais,Página14,21.0,,1,102.03,23793,93.92,0.010000000000005116,0.010000000000005116,23763,23823,95.09,108.52,61
dia_20_mais,Página14,21.0,,1,102.24,23794,93.91,0.010000000000005116,0.010000000000005116,23764,23824,95.29,108.73,61
dia_20_mais,Página14,21.0,,1,102.45,23795,93.92,0.010000000000005116,0.010000000000005116,23765,23825,95.5,108.94,61
dia_20_mais,Página14,21.0,,1,103.29,23799,93.91,0.010000000000005116,0.010000000000005116,23769,23829,96.36,109.77,61
dia_20_mais,Página14,21.0,,1,103.49,23800,93.92,0.010000000000005116,0.010000000000005116,23770,23830,96.57,110.14,61
dia_20_mais,Página14,21.0,,1,104.37,23804,93.91,0.010000000000005116,0.010000000000005116,23774,23834,97.56,111.44,61
dia_20_mais,Página14,21.0,,1,104.58,23805,93.92,0.010000000000005116,0.010000000000005116,23775,23835,98.08,111.67,61
dia_20_mais,Página14,21.0,,1,105.03,23807,93.91,0.010000000000005116,0.010000000000005116,23777,23837,98.67,112.09,61
dia_20_mais,Página14,21.0,,1,105.66,23810,93.92,0.010000000000005116,0.010000000000005116,23780,23840,99.29,112.71,61
dia_20_mais,Página14,21.0,,1,106.29,23813,93.91,0.010000000000005116,0.010000000000005116,23783,23843,99.92,113.33,61
dia_20_mais,Página14,21.0,,1,107.02,23816,93.92,0.010000000000005116,0.010000000000005116,23786,23846,100.56,113.96,61
dia_20_mais,Página14,21.0,,1,107.47,23818,93.91,0.010000000000005116,0.010000000000005116,23788,23848,100.99,114.37,61
dia_20_mais,Página14,21.0,,1,108.52,23823,93.92,0.010000000000005116,0.010000000000005116,23793,23853,102.03,115.44,61
dia_20_mais,Página14,21.0,,1,108.73,23824,93.91,0.010000000000005116,0.010000000000005116,23794,23854,102.24,115.64,61
dia_20_mais,Página14,21.0,,1,111.03,23832,93.92,0.010000000000005116,0.010000000000005116,23802,23862,103.95,117.35,61
dia_20_mais,Página14,21.0,,1,112.5,23839,93.91,0.010000000000005116,0.010000000000005116,23809,23869,105.45,118.85,61
dia_20_mais,Página14,21.0,,1,113.12,23842,93.92,0.010000000000005116,0.010000000000005116,23812,23872,106.09,119.51,61
dia_20_mais,Página14,21.0,,1,113.33,23843,93.91,0.010000000000005116,0.010000000000005116,23813,23873,106.29,119.71,61
dia_20_mais,Página14,21.0,,1,113.75,23845,93.92,0.010000000000005116,0.010000000000005116,23815,23875,106.71,120.13,61
dia_20_mais,Página14,21.0,,1,113.96,23846,93.91,0.010000000000005116,0.010000000000005116,23816,23876,107.02,120.33,61
dia_20_mais,Página14,21.0,,1,114.17,23847,93.92,0.010000000000005116,0.010000000000005116,23817,23877,107.27,120.55,61
dia_20_mais,Página14,21.0,,1,114.79,23850,93.91,0.010000000000005116,0.010000000000005116,23820,23880,107.89,121.18,61
dia_20_mais,Página14,21.0,,1,115.03,23851,93.92,0.010000000000005116,0.010000000000005116,23821,23881,108.09,121.38,61
dia_20_mais,Página14,21.0,,1,115.44,23853,93.91,0.010000000000005116,0.010000000000005116,23823,23883,108.52,121.8,61
dia_20_mais,Página14,21.0,,1,116.51,23858,93.92,0.010000000000005116,0.010000000000005116,23828,23888,109.56,123.51,61
dia_20_mais,Página14,21.0,,1,116.72,23859,93.91,0.010000000000005116,0.010000000000005116,23829,23889,109.77,123.72,61
dia_20_mais,Página14,21.0,,1,117.56,23863,93.92,0.010000000000005116,0.010000000000005116,23833,23893,111.23,124.58,61
dia_20_mais,Página14,21.0,,1,117.98,23865,93.91,0.010000000000005116,0.010000000000005116,23835,23895,111.67,125.01,61
dia_20_mais,Página14,21.0,,1,119.05,23870,93.92,0.010000000000005116,0.010000000000005116,23840,23900,112.71,126.05,61
dia_20_mais,Página14,21.0,,1,119.51,23872,93.91,0.010000000000005116,0.010000000000005116,23842,23902,113.12,126.46,61
dia_20_mais,Página14,21.0,,1,120.33,23876,93.92,0.010000000000005116,0.010000000000005116,23846,23906,113.96,127.31,61
dia_20_mais,Página14,21.0,,1,120.55,23877,93.91,0.010000000000005116,0.010000000000005116,23847,23907,114.17,127.52,61
dia_20_mais,Página14,21.0,,1,120.97,23879,93.92,0.010000000000005116,0.010000000000005116,23849,23909,114.58,127.94,61
dia_20_mais,Página14,21.0,,1,121.8,23883,93.91,0.010000000000005116,0.010000000000005116,23853,23913,115.44,128.79,61
dia_20_mais,Página14,21.0,,1,123.14,23887,93.92,0.010000000000005116,0.010000000000005116,23857,23917,116.3,129.63,61
dia_20_mais,Página14,21.0,,1,123.51,23888,93.91,0.010000000000005116,0.010000000000005116,23858,23918,116.51,129.84,61
dia_20_mais,Página14,21.0,,1,123.96,23890,93.92,0.010000000000005116,0.010000000000005116,23860,23920,116.92,130.25,61
dia_20_mais,Página14,21.0,,1,124.17,23891,93.91,0.010000000000005116,0.010000000000005116,23861,23921,117.15,130.46,61
dia_20_mais,Página14,21.0,,1,124.37,23892,93.92,0.010000000000005116,0.010000000000005116,23862,23922,117.35,130.69,61
dia_20_mais,Página14,21.0,,1,124.58,23893,93.91,0.010000000000005116,0.010000000000005116,23863,23923,117.56,130.9,61
dia_20_mais,Página14,21.0,,1,128.59,23912,93.92,0.010000000000005116,0.010000000000005116,23882,23942,121.6,135.01,61
dia_20_mais,Página14,21.0,,1,128.79,23913,93.91,0.010000000000005116,0.010000000000005116,23883,23943,121.8,135.37,61
dia_20_mais,Página14,21.0,,1,129.43,23916,93.92,0.010000000000005116,0.010000000000005116,23886,23946,122.58,136.47,61
dia_20_mais,Página14,21.0,,1,129.63,23917,93.91,0.010000000000005116,0.010000000000005116,23887,23947,123.14,136.68,61
dia_20_mais,Página14,21.0,,1,130.05,23919,93.92,0.010000000000005116,0.010000000000005116,23889,23949,123.72,137.1,61
dia_20_mais,Página14,21.0,,1,130.25,23920,93.91,0.010000000000005116,0.010000000000005116,23890,23950,123.96,137.33,61
dia_20_mais,Página14,21.0,,1,130.46,23921,93.92,0.010000000000005116,0.010000000000005116,23891,23951,124.17,137.54,61
dia_20_mais,Página14,21.0,,1,131.11,23924,93.91,0.010000000000005116,0.010000000000005116,23894,23954,124.79,138.16,61
dia_20_mais,Página14,21.0,,1,135.01,23942,93.92,0.010000000000005116,0.010000000000005116,23912,23972,128.59,141.97,61
dia_20_mais,Página14,21.0,,1,135.37,23943,93.91,0.010000000000005116,0.010000000000005116,23913,23973,128.79,142.17,61
dia_20_mais,Página14,21.0,,1,139.02,23958,93.92,0.010000000000005116,0.010000000000005116,23928,23988,131.97,145.35,61
dia_20_mais,Página14,21.0,,1,139.22,23959,93.91,0.010000000000005116,0.010000000000005116,23929,23989,132.18,145.56,61
dia_20_mais,Página14,21.0,,1,140.27,23964,93.92,0.010000000000005116,0.010000000000005116,23934,23994,133.24,146.6,61
dia_20_mais,Página14,21.0,,1,140.48,23965,93.91,0.010000000000005116,0.010000000000005116,23935,23995,133.44,146.81,61
dia_20_mais,Página14,21.0,,1,141.11,23968,93.92,0.010000000000005116,0.010000000000005116,23938,23998,134.07,147.46,61
dia_20_mais,Página14,21.0,,1,141.31,23969,93.91,0.010000000000005116,0.010000000000005116,23939,23999,134.38,147.83,61
dia_20_mais,Página14,21.0,,1,144.72,23985,93.92,0.010000000000005116,0.010000000000005116,23955,24015,138.39,151.67,61
dia_20_mais,Página14,21.0,,1,144.93,23986,93.91,0.010000000000005116,0.010000000000005116,23956,24016,138.6,151.88,61
dia_20_mais,Página14,21.0,,1,145.35,23988,93.92,0.010000000000005116,0.010000000000005116,23958,24018,139.02,152.29,61
dia_20_mais,Página14,21.0,,1,145.76,23990,93.91,0.010000000000005116,0.010000000000005116,23960,24020,139.44,152.72,61
dia_20_mais,Página14,21.0,,1,145.98,23991,93.92,0.010000000000005116,0.010000000000005116,23961,24021,139.65,152.93,61
dia_20_mais,Página14,21.0,,1,146.19,23992,93.91,0.010000000000005116,0.010000000000005116,23962,24022,139.85,153.14,61
dia_20_mais,Página14,21.0,,1,146.81,23995,93.92,0.010000000000005116,0.010000000000005116,23965,24025,140.48,153.77,61
dia_20_mais,Página14,21.0,,1,147.02,23996,93.91,0.010000000000005116,0.010000000000005116,23966,24026,140.7,153.99,61
dia_20_mais,Página14,21.0,,1,149.56,24005,93.92,0.010000000000005116,0.010000000000005116,23975,24035,142.59,155.88,61
dia_20_mais,Página14,21.0,,1,149.97,24007,93.91,0.010000000000005116,0.010000000000005116,23977,24037,143.04,156.34,61
dia_20_mais,Página14,21.0,,1,150.18,24008,93.92,0.010000000000005116,0.010000000000005116,23978,24038,143.25,156.54,61
dia_20_mais,Página14,21.0,,1,151.23,24013,93.91,0.010000000000005116,0.010000000000005116,23983,24043,144.3,157.59,61
dia_20_mais,Página14,21.0,,1,151.43,24014,93.92,0.010000000000005116,0.010000000000005116,23984,24044,144.51,157.79,61
dia_20_mais,Página14,21.0,,1,152.72,24020,93.91,0.010000000000005116,0.010000000000005116,23990,24050,145.76,159.07,61
dia_20_mais,Página14,21.0,,1,152.93,24021,93.92,0.010000000000005116,0.010000000000005116,23991,24051,145.98,159.28,61
dia_20_mais,Página14,21.0,,1,153.34,24023,93.91,0.010000000000005116,0.010000000000005116,23993,24053,146.4,159.73,61
dia_20_mais,Página14,21.0,,1,153.55,24024,93.92,0.010000000000005116,0.010000000000005116,23994,24054,146.6,159.94,61
dia_20_mais,Página14,21.0,,1,153.77,24025,93.91,0.010000000000005116,0.010000000000005116,23995,24055,146.81,160.3,61
dia_20_mais,Página14,21.0,,1,153.99,24026,93.92,0.010000000000005116,0.010000000000005116,23996,24056,147.02,160.82,61
dia_20_mais,Página14,21.0,,1,154.82,24030,93.91,0.010000000000005116,0.010000000000005116,24000,24060,148.35,161.82,61
dia_20_mais,Página14,21.0,,1,156.54,24038,93.92,0.010000000000005116,0.010000000000005116,24008,24068,150.18,163.58,61
dia_20_mais,Página14,21.0,,1,156.96,24040,93.91,0.010000000000005116,0.010000000000005116,24010,24070,150.61,164.01,61
dia_20_mais,Página14,21.0,,1,158.87,24049,93.92,0.010000000000005116,0.010000000000005116,24019,24079,152.5,165.91,61
dia_20_mais,Página14,21.0,,1,159.07,24050,93.91,0.010000000000005116,0.010000000000005116,24020,24080,152.72,166.16,61
dia_20_mais,Página14,21.0,,1,159.94,24054,93.92,0.010000000000005116,0.010000000000005116,24024,24084,153.55,166.98,61
dia_20_mais,Página14,21.0,,1,160.3,24055,93.91,0.010000000000005116,0.010000000000005116,24025,24085,153.77,167.21,61
dia_20_mais,Página14,21.0,,1,165.08,24075,93.92,0.010000000000005116,0.010000000000005116,24045,24105,158.0,171.42,61
dia_20_mais,Página14,21.0,,1,165.29,24076,93.91,0.010000000000005116,0.010000000000005116,24046,24106,158.21,171.65,61
dia_20_mais,Página14,21.0,,1,166.57,24082,93.92,0.010000000000005116,0.010000000000005116,24052,24112,159.52,173.37,61
dia_20_mais,Página14,21.0,,1,166.78,24083,93.91,0.010000000000005116,0.010000000000005116,24053,24113,159.73,173.74,61
dia_20_mais,Página14,21.0,,1,166.98,24084,93.92,0.010000000000005116,0.010000000000005116,24054,24114,159.94,173.97,61
dia_20_mais,Página14,21.0,,1,167.21,24085,93.91,0.010000000000005116,0.010000000000005116,24055,24115,160.3,174.17,61
dia_20_mais,Página14,21.0,,1,168.25,24090,93.92,0.010000000000005116,0.010000000000005116,24060,24120,161.82,175.25,61
dia_20_mais,Página14,21.0,,1,168.46,24091,93.91,0.010000000000005116,0.010000000000005116,24061,24121,162.03,175.45,61
dia_20_mais,Página14,21.0,,1,169.08,24094,93.92,0.010000000000005116,0.010000000000005116,24064,24124,162.76,176.1,61
dia_20_mais,Página14,21.0,,1,169.29,24095,93.91,0.010000000000005116,0.010000000000005116,24065,24125,162.96,176.31,61
dia_20_mais,Página14,21.0,,1,169.93,24098,93.92,0.010000000000005116,0.010000000000005116,24068,24128,163.58,176.93,61
dia_20_mais,Página14,21.0,,1,170.13,24099,93.91,0.010000000000005116,0.010000000000005116,24069,24129,163.8,177.14,61
dia_20_mais,Página14,21.0,,1,172.06,24108,93.92,0.010000000000005116,0.010000000000005116,24078,24138,165.7,179.02,61
dia_20_mais,Página14,21.0,,1,172.27,24109,93.91,0.010000000000005116,0.010000000000005116,24079,24139,165.91,179.24,61
dia_20_mais,Página14,21.0,,1,172.48,24110,93.92,0.010000000000005116,0.010000000000005116,24080,24140,166.16,179.48,61
dia_20_mais,Página14,21.0,,1,172.84,24111,93.91,0.010000000000005116,0.010000000000005116,24081,24141,166.36,179.69,61
dia_20_mais,Página14,21.0,,1,173.37,24112,93.92,0.010000000000005116,0.010000000000005116,24082,24142,166.57,179.89,61
dia_20_mais,Página14,21.0,,1,173.74,24113,93.91,0.010000000000005116,0.010000000000005116,24083,24143,166.78,180.1,61
dia_20_mais,Página14,21.0,,1,174.17,24115,93.92,0.010000000000005116,0.010000000000005116,24085,24145,167.21,180.54,61
dia_20_mais,Página14,21.0,,1,174.38,24116,93.91,0.010000000000005116,0.010000000000005116,24086,24146,167.41,180.75,61
dia_20_mais,Página14,21.0,,1,174.8,24118,93.92,0.010000000000005116,0.010000000000005116,24088,24148,167.82,181.17,61
dia_20_mais,Página14,21.0,,1,175.87,24123,93.91,0.010000000000005116,0.010000000000005116,24093,24153,168.87,182.21,61
dia_20_mais,Página14,21.0,,1,176.31,24125,93.92,0.010000000000005116,0.010000000000005116,24095,24155,169.29,182.63,61
dia_20_mais,Página14,21.0,,1,176.51,24126,93.91,0.010000000000005116,0.010000000000005116,24096,24156,169.51,182.84,61
dia_20_mais,Página14,21.0,,1,176.72,24127,93.92,0.010000000000005116,0.010000000000005116,24097,24157,169.72,183.05,61
dia_20_mais,Página14,21.0,,1,177.14,24129,93.91,0.010000000000005116,0.010000000000005116,24099,24159,170.13,183.46,61
dia_20_mais,Página14,21.0,,1,177.35,24130,93.92,0.010000000000005116,0.010000000000005116,24100,24160,170.34,183.68,61
dia_20_mais,Página14,21.0,,1,178.18,24134,93.91,0.010000000000005116,0.010000000000005116,24104,24164,171.21,184.54,61
dia_20_mais,Página14,21.0,,1,178.61,24136,93.92,0.010000000000005116,0.010000000000005116,24106,24166,171.65,184.97,61
dia_20_mais,Página14,21.0,,1,178.82,24137,93.91,0.010000000000005116,0.010000000000005116,24107,24167,171.86,185.33,61
dia_20_mais,Página14,21.0,,1,179.24,24139,93.92,0.010000000000005116,0.010000000000005116,24109,24169,172.27,186.22,61
dia_20_mais,Página14,21.0,,1,179.89,24142,93.91,0.010000000000005116,0.010000000000005116,24112,24172,173.37,186.84,61
dia_20_mais,Página14,21.0,,1,180.31,24144,93.92,0.010000000000005116,0.010000000000005116,24114,24174,173.97,187.29,61
dia_20_mais,Página14,21.0,,1,180.54,24145,93.91,0.010000000000005116,0.010000000000005116,24115,24175,174.17,187.5,61
dia_20_mais,Página14,21.0,,1,180.75,24146,93.92,0.010000000000005116,0.010000000000005116,24116,24176,174.38,187.71,61
dia_20_mais,Página14,21.0,,1,181.37,24149,93.91,0.010000000000005116,0.010000000000005116,24119,24179,175.04,188.36,61
dia_20_mais,Página14,21.0,,1,182.0,24152,93.92,0.010000000000005116,0.010000000000005116,24122,24182,175.66,188.99,61
dia_20_mais,Página14,21.0,,1,182.21,24153,93.91,0.010000000000005116,0.010000000000005116,24123,24183,175.87,189.19,61
dia_20_mais,Página14,21.0,,1,182.84,24156,93.92,0.010000000000005116,0.010000000000005116,24126,24186,176.51,189.94,61
dia_20_mais,Página14,21.0,,1,183.05,24157,93.91,0.010000000000005116,0.010000000000005116,24127,24187,176.72,190.16,61
dia_20_mais,Página14,21.0,,1,183.68,24160,93.92,0.010000000000005116,0.010000000000005116,24130,24190,177.35,190.82,61
dia_20_mais,Página14,21.0,,1,184.13,24162,93.91,0.010000000000005116,0.010000000000005116,24132,24192,177.77,191.23,61
dia_20_mais,Página14,21.0,,1,184.54,24164,93.92,0.010000000000005116,0.010000000000005116,24134,24194,178.18,191.65,61
dia_20_mais,Página14,21.0,,1,184.75,24165,93.91,0.010000000000005116,0.010000000000005116,24135,24195,178.4,191.86,61
dia_20_mais,Página14,21.0,,1,185.85,24168,93.92,0.010000000000005116,0.010000000000005116,24138,24198,179.02,192.48,61
dia_20_mais,Página14,21.0,,1,186.22,24169,93.91,0.010000000000005116,0.010000000000005116,24139,24199,179.24,192.69,61
dia_20_mais,Página14,21.0,,1,186.43,24170,93.92,0.010000000000005116,0.010000000000005116,24140,24200,179.48,192.93,61
dia_20_mais,Página14,21.0,,1,186.64,24171,93.91,0.010000000000005116,0.010000000000005116,24141,24201,179.69,193.14,61
dia_20_mais,Página14,21.0,,1,186.84,24172,93.92,0.010000000000005116,0.010000000000005116,24142,24202,179.89,193.35,61
dia_20_mais,Página14,21.0,,1,187.05,24173,93.91,0.010000000000005116,0.010000000000005116,24143,24203,180.1,193.55,61
dia_20_mais,Página14,21.0,,1,187.29,24174,93.92,0.010000000000005116,0.010000000000005116,24144,24204,180.31,193.76,61
dia_20_mais,Página14,21.0,,1,188.12,24178,93.91,0.010000000000005116,0.010000000000005116,24148,24208,181.17,194.62,61
dia_20_mais,Página14,21.0,,1,188.36,24179,93.92,0.010000000000005116,0.010000000000005116,24149,24209,181.37,194.82,61
dia_20_mais,Página14,21.0,,1,189.19,24183,93.91,0.010000000000005116,0.010000000000005116,24153,24213,182.21,195.66,61
dia_20_mais,Página14,21.0,,1,189.43,24184,93.92,0.010000000000005116,0.010000000000005116,24154,24214,182.42,195.86,61
dia_20_mais,Página14,21.0,,1,189.94,24186,93.91,0.010000000000005116,0.010000000000005116,24156,24216,182.84,196.29,61
dia_20_mais,Página14,21.0,,1,190.16,24187,93.92,0.010000000000005116,0.010000000000005116,24157,24217,183.05,196.5,61
dia_20_mais,Página14,21.0,,1,190.62,24189,93.91,0.010000000000005116,0.010000000000005116,24159,24219,183.46,196.91,61
dia_20_mais,Página14,21.0,,1,191.44,24193,93.92,0.010000000000005116,0.010000000000005116,24163,24223,184.34,197.92,61
dia_20_mais,Página14,21.0,,1,191.65,24194,93.91,0.010000000000005116,0.010000000000005116,24164,24224,184.54,198.44,61
dia_20_mais,Página14,21.0,,1,191.86,24195,93.92,0.010000000000005116,0.010000000000005116,24165,24225,184.75,198.96,61
dia_20_mais,Página14,21.0,,1,192.48,24198,93.91,0.010000000000005116,0.010000000000005116,24168,24228,185.85,199.62,61
dia_20_mais,Página14,21.0,,1,193.76,24204,93.92,0.010000000000005116,0.010000000000005116,24174,24234,187.29,200.89,61
dia_20_mais,Página14,21.0,,1,194.2,24206,93.91,0.010000000000005116,0.010000000000005116,24176,24236,187.71,201.3,61
dia_20_mais,Página14,21.0,,1,194.82,24209,93.92,0.010000000000005116,0.010000000000005116,24179,24239,188.36,201.94,61
dia_20_mais,Página14,21.0,,1,195.04,24210,93.91,0.010000000000005116,0.010000000000005116,24180,24240,188.57,202.14,61
dia_20_mais,Página14,21.0,,1,195.86,24214,93.92,0.010000000000005116,0.010000000000005116,24184,24244,189.43,202.99,61
dia_20_mais,Página14,21.0,,1,196.07,24215,93.91,0.010000000000005116,0.010000000000005116,24185,24245,189.73,203.2,61
dia_20_mais,Página14,21.0,,1,196.91,24219,93.92,0.010000000000005116,0.010000000000005116,24189,24249,190.62,204.06,61
dia_20_mais,Página14,21.0,,1,197.12,24220,93.91,0.010000000000005116,0.010000000000005116,24190,24250,190.82,204.27,61
dia_20_mais,Página14,21.0,,1,197.35,24221,93.92,0.010000000000005116,0.010000000000005116,24191,24251,191.03,204.48,61
dia_20_mais,Página14,21.0,,1,197.56,24222,93.91,0.010000000000005116,0.010000000000005116,24192,24252,191.23,204.68,61
dia_20_mais,Página14,21.0,,1,198.96,24225,93.92,0.010000000000005116,0.010000000000005116,24195,24255,191.86,205.32,61
dia_20_mais,Página14,21.0,,1,199.17,24226,93.91,0.010000000000005116,0.010000000000005116,24196,24256,192.07,205.53,61
dia_20_mais,Página14,21.0,,1,199.38,24227,93.92,0.010000000000005116,0.010000000000005116,24197,24257,192.27,205.73,61
dia_20_mais,Página14,21.0,,1,202.55,24242,93.91,0.010000000000005116,0.010000000000005116,24212,24272,195.45,208.89,61
dia_20_mais,Página14,21.0,,1,203.61,24247,93.92,0.010000000000005116,0.010000000000005116,24217,24277,196.5,209.93,61
dia_20_mais,Página14,21.0,,1,204.27,24250,93.91,0.010000000000005116,0.010000000000005116,24220,24280,197.12,211.06,61
dia_20_mais,Página14,21.0,,1,204.89,24253,93.92,0.010000000000005116,0.010000000000005116,24223,24283,197.92,211.87,61
dia_20_mais,Página14,21.0,,1,205.32,24255,93.91,0.010000000000005116,0.010000000000005116,24225,24285,198.96,212.29,61
dia_20_mais,Página14,21.0,,1,205.53,24256,93.92,0.010000000000005116,0.010000000000005116,24226,24286,199.17,212.5,61
dia_20_mais,Página14,21.0,,1,205.73,24257,93.91,0.010000000000005116,0.010000000000005116,24227,24287,199.38,212.7,61
dia_20_mais,Página14,21.0,,1,206.98,24263,93.92,0.010000000000005116,0.010000000000005116,24233,24293,200.69,213.97,61
dia_20_mais,Página14,21.0,,1,207.63,24266,93.91,0.010000000000005116,0.010000000000005116,24236,24296,201.3,214.59,61
dia_20_mais,Página14,21.0,,1,208.48,24270,93.92,0.010000000000005116,0.010000000000005116,24240,24300,202.14,215.44,61
dia_20_mais,Página14,21.0,,1,208.68,24271,93.91,0.010000000000005116,0.010000000000005116,24241,24301,202.35,215.64,61
dia_20_mais,Página14,21.0,,1,210.5,24279,93.92,0.010000000000005116,0.010000000000005116,24249,24309,204.06,217.47,61
dia_20_mais,Página14,21.0,,1,211.42,24281,93.91,0.010000000000005116,0.010000000000005116,24251,24311,204.48,217.88,61
dia_20_mais,Página14,21.0,,1,211.63,24282,93.92,0.010000000000005116,0.010000000000005116,24252,24312,204.68,218.08,61
dia_20_mais,Página14,21.0,,1,212.08,24284,93.91,0.010000000000005116,0.010000000000005116,24254,24314,205.12,218.53,61
dia_20_mais,Página14,21.0,,1,213.13,24289,93.92,0.010000000000005116,0.010000000000005116,24259,24319,206.16,219.57,61
dia_20_mais,Página14,21.0,,1,213.33,24290,93.91,0.010000000000005116,0.010000000000005116,24260,24320,206.36,219.77,61
dia_20_mais,Página14,21.0,,1,214.17,24294,93.92,0.010000000000005116,0.010000000000005116,24264,24324,207.19,220.61,61
dia_20_mais,Página14,21.0,,1,214.38,24295,93.91,0.010000000000005116,0.010000000000005116,24265,24325,207.42,220.83,61
dia_20_mais,Página14,21.0,,1,218.29,24313,93.92,0.010000000000005116,0.010000000000005116,24283,24343,211.87,225.26,61
dia_20_mais,Página14,21.0,,1,218.74,24315,93.91,0.010000000000005116,0.010000000000005116,24285,24345,212.29,225.67,61
dia_20_mais,Página14,21.0,,1,219.77,24320,93.92,0.010000000000005116,0.010000000000005116,24290,24350,213.33,226.74,61
dia_20_mais,Página14,21.0,,1,219.98,24321,93.91,0.010000000000005116,0.010000000000005116,24291,24351,213.54,226.94,61
dia_20_mais,Página14,21.0,,1,220.4,24323,93.92,0.010000000000005116,0.010000000000005116,24293,24353,213.97,227.4,61
dia_20_mais,Página14,21.0,,1,220.83,24325,93.91,0.010000000000005116,0.010000000000005116,24295,24355,214.38,227.81,61
dia_20_mais,Página14,21.0,,1,221.65,24329,93.92,0.010000000000005116,0.010000000000005116,24299,24359,215.23,228.64,61
dia_20_mais,Página14,21.0,,1,221.9,24330,93.91,0.010000000000005116,0.010000000000005116,24300,24360,215.44,228.85,61
dia_20_mais,Página14,21.0,,1,222.1,24331,93.92,0.010000000000005116,0.010000000000005116,24301,24361,215.64,229.05,61
dia_20_mais,Página14,21.0,,1,222.52,24333,93.91,0.010000000000005116,0.010000000000005116,24303,24363,216.06,229.47,61
dia_20_mais,Página14,21.0,,1,222.72,24334,93.92,0.010000000000005116,0.010000000000005116,24304,24364,216.3,229.7,61
dia_20_mais,Página14,21.0,,1,224.22,24338,93.91,0.010000000000005116,0.010000000000005116,24308,24368,217.23,230.53,61
dia_20_mais,Página14,21.0,,1,225.88,24346,93.92,0.010000000000005116,0.010000000000005116,24316,24376,218.94,232.22,61
dia_20_mais,Página14,21.0,,1,226.09,24347,93.91,0.010000000000005116,0.010000000000005116,24317,24377,219.15,232.43,61
dia_20_mais,Página14,21.0,,1,226.32,24348,93.92,0.010000000000005116,0.010000000000005116,24318,24378,219.35,232.64,61
dia_20_mais,Página14,21.0,,1,226.53,24349,93.91,0.010000000000005116,0.010000000000005116,24319,24379,219.57,232.85,61
dia_20_mais,Página14,21.0,,1,226.74,24350,93.92,0.010000000000005116,0.010000000000005116,24320,24380,219.77,233.06,61
dia_20_mais,Página14,21.0,,1,227.15,24352,93.91,0.010000000000005116,0.010000000000005116,24322,24382,220.19,233.47,61
dia_20_mais,Página14,21.0,,1,227.6,24354,93.92,0.010000000000005116,0.010000000000005116,24324,24384,220.61,233.89,61
dia_20_mais,Página14,21.0,,1,227.81,24355,93.91,0.010000000000005116,0.010000000000005116,24325,24385,220.83,234.12,61
dia_20_mais,Página14,21.0,,1,228.01,24356,93.92,0.010000000000005116,0.010000000000005116,24326,24386,221.03,234.33,61
dia_20_mais,Página14,21.0,,1,228.22,24357,93.91,0.010000000000005116,0.010000000000005116,24327,24387,221.24,234.53,61
dia_20_mais,Página14,21.0,,1,229.47,24363,93.92,0.010000000000005116,0.010000000000005116,24333,24393,222.52,236.48,61
dia_20_mais,Página14,21.0,,1,229.7,24364,93.93,0.010000000000005116,0.010000000000005116,24334,24394,222.72,236.68,61
dia_20_mais,Página14,21.0,,1,230.12,24366,93.92,0.010000000000005116,0.010000000000005116,24336,24396,223.64,237.1,61
dia_20_mais,Página14,21.0,,1,231.18,24371,93.91,0.010000000000005116,0.010000000000005116,24341,24401,224.84,238.14,61
dia_20_mais,Página14,21.0,,1,231.38,24372,93.92,0.010000000000005116,0.010000000000005116,24342,24402,225.05,238.35,61
dia_20_mais,Página14,21.0,,1,231.59,24373,93.91,0.010000000000005116,0.010000000000005116,24343,24403,225.26,238.56,61
dia_20_mais,Página14,21.0,,1,232.01,24375,93.92,0.010000000000005116,0.010000000000005116,24345,24405,225.67,238.97,61
dia_20_mais,Página14,21.0,,1,232.43,24377,93.91,0.010000000000005116,0.010000000000005116,24347,24407,226.09,239.38,61
dia_20_mais,Página14,21.0,,1,232.85,24379,93.92,0.010000000000005116,0.010000000000005116,24349,24409,226.53,239.83,61
dia_20_mais,Página14,21.0,,1,234.53,24387,93.91,0.010000000000005116,0.010000000000005116,24357,24417,228.22,241.53,61
dia_20_mais,Página14,21.0,,1,234.94,24389,93.92,0.010000000000005116,0.010000000000005116,24359,24419,228.64,241.95,61
dia_20_mais,Página14,21.0,,1,235.19,24390,93.91,0.010000000000005116,0.010000000000005116,24360,24420,228.85,242.15,61
dia_20_mais,Página14,21.0,,1,236.08,24392,93.92,0.010000000000005116,0.010000000000005116,24362,24422,229.26,242.57,61
dia_20_mais,Página14,21.0,,1,236.48,24393,93.91,0.010000000000005116,0.010000000000005116,24363,24423,229.47,242.78,61
dia_20_mais,Página14,21.0,,1,236.68,24394,93.92,0.010000000000005116,0.010000000000005116,24364,24424,229.7,243.01,61
dia_20_mais,Página14,21.0,,1,237.1,24396,93.91,0.010000000000005116,0.010000000000005116,24366,24426,230.12,243.43,61
dia_20_mais,Página14,21.0,,1,237.31,24397,93.92,0.010000000000005116,0.010000000000005116,24367,24427,230.32,243.64,61
dia_20_mais,Página14,21.0,,1,237.52,24398,93.91,0.010000000000005116,0.010000000000005116,24368,24428,230.53,243.84,61
dia_20_mais,Página14,21.0,,1,237.72,24399,93.92,0.010000000000005116,0.010000000000005116,24369,24429,230.77,244.18,61
dia_20_mais,Página14,21.0,,1,237.93,24400,93.91,0.010000000000005116,0.010000000000005116,24370,24430,230.97,244.39,61
dia_20_mais,Página14,21.0,,1,238.35,24402,93.92,0.010000000000005116,0.010000000000005116,24372,24432,231.38,244.8,61
dia_20_mais,Página14,21.0,,1,240.04,24410,93.91,0.010000000000005116,0.010000000000005116,24380,24440,233.06,246.49,61
dia_20_mais,Página14,21.0,,1,240.24,24411,93.92,0.010000000000005116,0.010000000000005116,24381,24441,233.26,246.7,61
dia_20_mais,Página14,21.0,,1,240.45,24412,93.93,0.010000000000005116,0.010000000000005116,24382,24442,233.47,246.9,61
dia_20_mais,Página14,21.0,,1,240.7,24413,93.92,0.010000000000005116,0.010000000000005116,24383,24443,233.67,247.11,61
dia_20_mais,Página14,21.0,,1,240.91,24414,93.91,0.010000000000005116,0.010000000000005116,24384,24444,233.89,247.33,61
dia_20_mais,Página14,21.0,,1,241.32,24416,93.92,0.010000000000005116,0.010000000000005116,24386,24446,234.33,247.74,61
dia_20_mais,Página14,21.0,,1,241.74,24418,93.91,0.010000000000005116,0.010000000000005116,24388,24448,234.74,248.31,61
dia_20_mais,Página14,21.0,,1,242.36,24421,93.92,0.010000000000005116,0.010000000000005116,24391,24451,235.56,249.44,61
dia_20_mais,Página14,21.0,,1,242.78,24423,93.91,0.010000000000005116,0.010000000000005116,24393,24453,236.48,249.9,61
dia_20_mais,Página14,21.0,,1,243.43,24426,93.92,0.010000000000005116,0.010000000000005116,24396,24456,237.1,250.52,61
dia_20_mais,Página14,21.0,,1,243.64,24427,93.91,0.010000000000005116,0.010000000000005116,24397,24457,237.31,250.74,61
dia_20_mais,Página14,21.0,,1,245.02,24433,93.92,0.010000000000005116,0.010000000000005116,24403,24463,238.56,251.99,61
dia_20_mais,Página14,21.0,,1,245.65,24436,93.91,0.010000000000005116,0.010000000000005116,24406,24466,239.17,252.61,61
dia_20_mais,Página14,21.0,,1,247.74,24446,93.92,0.010000000000005116,0.010000000000005116,24416,24476,241.32,254.7,61
dia_20_mais,Página14,21.0,,1,247.95,24447,93.91,0.010000000000005116,0.010000000000005116,24417,24477,241.53,254.91,61
dia_20_mais,Página14,21.0,,1,249.69,24452,93.92,0.010000000000005116,0.010000000000005116,24422,24482,242.57,255.95,61
dia_20_mais,Página14,21.0,,1,250.1,24454,93.91,0.010000000000005116,0.010000000000005116,24424,24484,243.01,256.37,61
dia_20_mais,Página14,21.0,,1,250.31,24455,93.92,0.010000000000005116,0.010000000000005116,24425,24485,243.22,256.61,61
dia_20_mais,Página14,21.0,,1,250.74,24457,93.91,0.010000000000005116,0.010000000000005116,24427,24487,243.64,257.02,61
dia_20_mais,Página14,21.0,,1,251.99,24463,93.92,0.010000000000005116,0.010000000000005116,24433,24493,245.02,258.31,61
dia_20_mais,Página14,21.0,,1,252.82,24467,93.91,0.010000000000005116,0.010000000000005116,24437,24497,245.86,259.17,61
dia_20_mais,Página14,21.0,,1,253.03,24468,93.92,0.010000000000005116,0.010000000000005116,24438,24498,246.07,259.38,61
dia_20_mais,Página14,21.0,,1,253.24,24469,93.91,0.010000000000005116,0.010000000000005116,24439,24499,246.28,259.58,61
dia_20_mais,Página14,21.0,,1,253.45,24470,93.92,0.010000000000005116,0.010000000000005116,24440,24500,246.49,259.8,61
dia_20_mais,Página14,21.0,,1,253.86,24472,93.91,0.010000000000005116,0.010000000000005116,24442,24502,246.9,260.23,61
dia_20_mais,Página14,21.0,,1,254.07,24473,93.92,0.010000000000005116,0.010000000000005116,24443,24503,247.11,260.43,61
dia_20_mais,Página14,21.0,,1,254.28,24474,93.91,0.010000000000005116,0.010000000000005116,24444,24504,247.33,260.8,61
dia_20_mais,Página14,21.0,,1,254.49,24475,93.92,0.010000000000005116,0.010000000000005116,24445,24505,247.53,261.35,61
dia_20_mais,Página14,21.0,,1,254.7,24476,93.91,0.010000000000005116,0.010000000000005116,24446,24506,247.74,261.72,61
dia_20_mais,Página14,21.0,,1,254.91,24477,93.92,0.010000000000005116,0.010000000000005116,24447,24507,247.95,261.93,61
dia_20_mais,Página14,21.0,,1,255.11,24478,93.91,0.010000000000005116,0.010000000000005116,24448,24508,248.31,262.17,61
dia_20_mais,Página14,21.0,,1,255.75,24481,93.92,0.010000000000005116,0.010000000000005116,24451,24511,249.44,262.8,61
dia_20_mais,Página14,21.0,,1,257.02,24487,93.91,0.010000000000005116,0.010000000000005116,24457,24517,250.74,264.06,61
dia_20_mais,Página14,21.0,,1,257.23,24488,93.92,0.010000000000005116,0.010000000000005116,24458,24518,250.95,264.28,61
dia_20_mais,Página14,21.0,,1,258.11,24492,93.91,0.010000000000005116,0.010000000000005116,24462,24522,251.78,265.11,61
dia_20_mais,Página14,21.0,,1,258.52,24494,93.92,0.010000000000005116,0.010000000000005116,24464,24524,252.2,265.54,61
dia_20_mais,Página14,21.0,,1,258.75,24495,93.91,0.010000000000005116,0.010000000000005116,24465,24525,252.4,265.75,61
dia_20_mais,Página14,21.0,,1,259.17,24497,93.92,0.010000000000005116,0.010000000000005116,24467,24527,252.82,266.16,61
dia_20_mais,Página14,21.0,,1,259.38,24498,93.91,0.010000000000005116,0.010000000000005116,24468,24528,253.03,266.37,61
dia_20_mais,Página14,21.0,,1,259.58,24499,93.92,0.010000000000005116,0.010000000000005116,24469,24529,253.24,266.61,61
dia_20_mais,Página14,21.0,,1,259.8,24500,93.91,0.010000000000005116,0.010000000000005116,24470,24530,253.45,266.82,61
dia_20_mais,Página14,21.0,,1,260.43,24503,93.92,0.010000000000005116,0.010000000000005116,24473,24533,254.07,267.44,61
dia_20_mais,Página14,21.0,,1,260.8,24504,93.91,0.010000000000005116,0.010000000000005116,24474,24534,254.28,267.69,61
dia_20_mais,Página14,21.0,,1,261.35,24505,93.92,0.010000000000005116,0.010000000000005116,24475,24535,254.49,267.9,61
dia_20_mais,Página14,21.0,,1,261.72,24506,93.91,0.010000000000005116,0.010000000000005116,24476,24536,254.7,268.11,61
dia_20_mais,Página14,21.0,,1,262.59,24510,93.92,0.010000000000005116,0.010000000000005116,24480,24540,255.54,268.96,61
dia_20_mais,Página14,21.0,,1,262.8,24511,93.91,0.010000000000005116,0.010000000000005116,24481,24541,255.75,269.17,61
dia_20_mais,Página14,21.0,,1,263.44,24514,93.92,0.010000000000005116,0.010000000000005116,24484,24544,256.37,269.8,61
dia_20_mais,Página14,21.0,,1,264.49,24519,93.91,0.010000000000005116,0.010000000000005116,24489,24549,257.44,270.84,61
dia_20_mais,Página14,21.0,,1,265.75,24525,93.92,0.010000000000005116,0.010000000000005116,24495,24555,258.75,272.21,61
dia_20_mais,Página14,21.0,,1,265.96,24526,93.91,0.010000000000005116,0.010000000000005116,24496,24556,258.96,272.42,61
dia_20_mais,Página14,21.0,,1,266.37,24528,93.92,0.010000000000005116,0.010000000000005116,24498,24558,259.38,272.83,61
dia_20_mais,Página14,21.0,,1,266.82,24530,93.91,0.010000000000005116,0.010000000000005116,24500,24560,259.8,273.43,61
dia_20_mais,Página14,21.0,,1,267.44,24533,93.92,0.010000000000005116,0.010000000000005116,24503,24563,260.43,274.53,61
dia_20_mais,Página14,21.0,,1,267.9,24535,93.91,0.010000000000005116,0.010000000000005116,24505,24565,261.35,274.95,61
dia_20_mais,Página14,21.0,,1,268.31,24537,93.92,0.010000000000005116,0.010000000000005116,24507,24567,261.93,275.37,61
dia_20_mais,Página14,21.0,,1,268.52,24538,93.91,0.010000000000005116,0.010000000000005116,24508,24568,262.17,275.58,61
dia_20_mais,Página14,21.0,,1,269.38,24542,93.92,0.010000000000005116,0.010000000000005116,24512,24572,263.01,276.41,61
dia_20_mais,Página14,21.0,,1,269.58,24543,93.91,0.010000000000005116,0.010000000000005116,24513,24573,263.24,276.64,61
dia_20_mais,Página14,21.0,,1,269.8,24544,93.92,0.010000000000005116,0.010000000000005116,24514,24574,263.44,276.85,61
dia_20_mais,Página14,21.0,,1,270.01,24545,93.91,0.010000000000005116,0.010000000000005116,24515,24575,263.65,277.05,61
dia_20_mais,Página14,21.0,,1,272.21,24555,93.92,0.010000000000005116,0.010000000000005116,24525,24585,265.75,279.19,61
dia_20_mais,Página14,21.0,,1,272.42,24556,93.91,0.010000000000005116,0.010000000000005116,24526,24586,265.96,279.39,61
dia_20_mais,Página14,21.0,,1,273.43,24560,93.92,0.010000000000005116,0.010000000000005116,24530,24590,266.82,280.23,61
dia_20_mais,Página14,21.0,,1,274.33,24562,93.91,0.010000000000005116,0.010000000000005116,24532,24592,267.24,280.64,61
dia_20_mais,Página14,21.0,,1,274.74,24564,93.92,0.010000000000005116,0.010000000000005116,24534,24594,267.69,281.08,61
dia_20_mais,Página14,21.0,,1,274.95,24565,93.91,0.010000000000005116,0.010000000000005116,24535,24595,267.9,281.29,61
dia_20_mais,Página14,21.0,,1,276.64,24573,93.92,0.010000000000005116,0.010000000000005116,24543,24603,269.58,282.98,61
dia_20_mais,Página14,21.0,,1,276.85,24574,93.91,0.010000000000005116,0.010000000000005116,24544,24604,269.8,283.19,61
dia_20_mais,Página14,21.0,,1,277.71,24578,93.92,0.010000000000005116,0.010000000000005116,24548,24608,270.63,284.02,61
dia_20_mais,Página14,21.0,,1,277.92,24579,93.91,0.010000000000005116,0.010000000000005116,24549,24609,270.84,284.24,61
dia_20_mais,Página14,21.0,,1,279.19,24585,93.92,0.010000000000005116,0.010000000000005116,24555,24615,272.21,285.52,61
dia_20_mais,Página14,21.0,,1,279.6,24587,93.91,0.010000000000005116,0.010000000000005116,24557,24617,272.62,286.4,61
dia_20_mais,Página14,21.0,,1,280.23,24590,93.92,0.010000000000005116,0.010000000000005116,24560,24620,273.43,287.2,61
dia_20_mais,Página14,21.0,,1,282.36,24600,93.91,0.010000000000005116,0.010000000000005116,24570,24630,275.99,289.32,61
dia_20_mais,Página14,21.0,,1,282.57,24601,93.92,0.010000000000005116,0.010000000000005116,24571,24631,276.2,289.52,61
dia_20_mais,Página14,21.0,,1,282.78,24602,93.91,0.010000000000005116,0.010000000000005116,24572,24632,276.41,289.74,61
dia_20_mais,Página14,21.0,,1,282.98,24603,93.92,0.010000000000005116,0.010000000000005116,24573,24633,276.64,289.95,61
dia_20_mais,Página14,21.0,,1,283.4,24605,93.91,0.010000000000005116,0.010000000000005116,24575,24635,277.05,290.36,61
dia_20_mais,Página14,21.0,,1,283.61,24606,93.92,0.010000000000005116,0.010000000000005116,24576,24636,277.26,290.57,61
dia_20_mais,Página14,21.0,,1,287.0,24619,93.91,0.010000000000005116,0.010000000000005116,24589,24649,280.02,293.37,61
dia_20_mais,Página14,21.0,,1,287.41,24621,93.92,0.010000000000005116,0.010000000000005116,24591,24651,280.44,293.79,61
dia_20_mais,Página14,21.0,,1,288.06,24624,93.91,0.010000000000005116,0.010000000000005116,24594,24654,281.08,294.42,61
dia_20_mais,Página14,21.0,,1,288.26,24625,93.92,0.010000000000005116,0.010000000000005116,24595,24655,281.29,294.62,61
dia_20_mais,Página14,21.0,,1,289.74,24632,93.91,0.010000000000005116,0.010000000000005116,24602,24662,282.78,296.09,61
dia_20_mais,Página14,21.0,,1,290.15,24634,93.92,0.010000000000005116,0.010000000000005116,24604,24664,283.19,296.53,61
dia_20_mais,Página14,21.0,,1,290.36,24635,93.91,0.010000000000005116,0.010000000000005116,24605,24665,283.4,296.74,61
dia_20_mais,Página14,21.0,,1,290.57,24636,93.92,0.010000000000005116,0.010000000000005116,24606,24666,283.61,296.95,61
dia_20_mais,Página14,21.0,,1,291.85,24642,93.91,0.010000000000005116,0.010000000000005116,24612,24672,284.86,298.38,61
dia_20_mais,Página14,21.0,,1,292.1,24643,93.92,0.010000000000005116,0.010000000000005116,24613,24673,285.07,298.9,61
dia_20_mais,Página14,21.0,,1,293.37,24649,93.91,0.010000000000005116,0.010000000000005116,24619,24679,287.0,300.45,61
dia_20_mais,Página14,21.0,,1,293.58,24650,93.92,0.010000000000005116,0.010000000000005116,24620,24680,287.2,300.66,61
dia_20_mais,Página14,21.0,,1,293.99,24652,93.91,0.010000000000005116,0.010000000000005116,24622,24682,287.64,301.08,61
dia_20_mais,Página14,21.0,,1,294.42,24654,93.92,0.010000000000005116,0.010000000000005116,24624,24684,288.06,301.5,61
dia_20_mais,Página14,21.0,,1,295.25,24658,93.91,0.010000000000005116,0.010000000000005116,24628,24688,288.89,302.34,61
dia_20_mais,Página14,21.0,,1,295.47,24659,93.92,0.010000000000005116,0.010000000000005116,24629,24689,289.11,302.55,61
dia_20_mais,Página14,21.0,,1,296.95,24666,93.91,0.010000000000005116,0.010000000000005116,24636,24696,290.57,304.05,61
dia_20_mais,Página14,21.0,,1,297.16,24667,93.92,0.010000000000005116,0.010000000000005116,24637,24697,290.78,304.28,61
dia_20_mais,Página14,21.0,,1,297.61,24669,93.91,0.010000000000005116,0.010000000000005116,24639,24699,291.23,304.7,61
dia_20_mais,Página14,21.0,,1,297.81,24670,93.92,0.010000000000005116,0.010000000000005116,24640,24700,291.43,304.91,61
dia_20_mais,Página14,21.0,,1,298.38,24672,93.91,0.010000000000005116,0.010000000000005116,24642,24702,291.85,305.33,61
dia_20_mais,Página14,21.0,,1,298.9,24673,93.92,0.010000000000005116,0.010000000000005116,24643,24703,292.1,305.54,61
dia_20_mais,Página14,21.0,,1,300.24,24678,93.91,0.010000000000005116,0.010000000000005116,24648,24708,293.16,306.61,61
dia_20_mais,Página14,21.0,,1,301.08,24682,93.92,0.010000000000005116,0.010000000000005116,24652,24712,293.99,307.44,61
dia_20_mais,Página14,21.0,,1,301.29,24683,93.91,0.010000000000005116,0.010000000000005116,24653,24713,294.21,307.68,61
dia_20_mais,Página14,21.0,,1,301.7,24685,93.92,0.010000000000005116,0.010000000000005116,24655,24715,294.62,308.1,61
dia_20_mais,Página14,21.0,,1,301.92,24686,93.91,0.010000000000005116,0.010000000000005116,24656,24716,294.83,308.31,61
dia_20_mais,Página14,21.0,,1,302.13,24687,93.92,0.010000000000005116,0.010000000000005116,24657,24717,295.04,308.51,61
dia_20_mais,Página14,21.0,,1,302.55,24689,93.91,0.010000000000005116,0.010000000000005116,24659,24719,295.47,308.94,61
dia_20_mais,Página14,21.0,,1,303.21,24692,93.92,0.010000000000005116,0.010000000000005116,24662,24722,296.09,309.56,61
dia_20_mais,Página14,21.0,,1,303.84,24695,93.91,0.010000000000005116,0.010000000000005116,24665,24725,296.74,310.19,61
dia_20_mais,Página14,21.0,,1,304.7,24699,93.92,0.010000000000005116,0.010000000000005116,24669,24729,297.61,311.49,61
dia_20_mais,Página14,21.0,,1,304.91,24700,93.91,0.010000000000005116,0.010000000000005116,24670,24730,297.81,311.86,61
dia_20_mais,Página14,21.0,,1,305.11,24701,93.92,0.010000000000005116,0.010000000000005116,24671,24731,298.02,312.11,61
dia_20_mais,Página14,21.0,,1,305.33,24702,93.91,0.010000000000005116,0.010000000000005116,24672,24732,298.38,312.31,61
dia_20_mais,Página14,21.0,,1,305.75,24704,93.92,0.010000000000005116,0.010000000000005116,24674,24734,299.27,312.72,61
dia_20_mais,Página14,21.0,,1,305.95,24705,93.91,0.010000000000005116,0.010000000000005116,24675,24735,299.58,312.93,61
dia_20_mais,Página14,21.0,,1,306.16,24706,93.92,0.010000000000005116,0.010000000000005116,24676,24736,299.83,313.16,61
dia_20_mais,Página14,21.0,,1,308.94,24719,93.91,0.010000000000005116,0.010000000000005116,24689,24749,302.55,315.89,61
dia_20_mais,Página14,21.0,,1,309.14,24720,93.92,0.010000000000005116,0.010000000000005116,24690,24750,302.76,316.1,61
dia_20_mais,Página14,21.0,,1,311.86,24730,93.91,0.010000000000005116,0.010000000000005116,24700,24760,304.91,318.19,61
dia_20_mais,Página14,21.0,,1,312.31,24732,93.92,0.010000000000005116,0.010000000000005116,24702,24762,305.33,318.6,61
dia_20_mais,Página14,21.0,,1,312.52,24733,93.91,0.010000000000005116,0.010000000000005116,24703,24763,305.54,318.85,61
dia_20_mais,Página14,21.0,,1,312.72,24734,93.92,0.010000000000005116,0.010000000000005116,24704,24764,305.75,319.05,61
dia_20_mais,Página14,21.0,,1,313.16,24736,93.91,0.010000000000005116,0.010000000000005116,24706,24766,306.16,319.47,61
dia_20_mais,Página14,21.0,,1,313.37,24737,93.92,0.010000000000005116,0.010000000000005116,24707,24767,306.37,319.68,61
dia_20_mais,Página14,21.0,,1,317.35,24756,93.91,0.010000000000005116,0.010000000000005116,24726,24786,310.4,324.35,61
dia_20_mais,Página14,21.0,,1,317.57,24757,93.92,0.010000000000005116,0.010000000000005116,24727,24787,310.6,324.55,61
dia_20_mais,Página14,21.0,,1,317.78,24758,93.91,0.010000000000005116,0.010000000000005116,24728,24788,310.97,324.76,61
dia_20_mais,Página14,21.0,,1,317.98,24759,93.92,0.010000000000005116,0.010000000000005116,24729,24789,311.49,324.96,61
dia_20_mais,Página14,21.0,,1,318.19,24760,93.91,0.010000000000005116,0.010000000000005116,24730,24790,311.86,325.17,61
dia_20_mais,Página14,21.0,,1,318.4,24761,93.92,0.010000000000005116,0.010000000000005116,24731,24791,312.11,325.39,61
dia_20_mais,Página14,21.0,,1,318.6,24762,93.91,0.010000000000005116,0.010000000000005116,24732,24792,312.31,325.6,61
dia_20_mais,Página14,21.0,,1,319.05,24764,93.92,0.010000000000005116,0.010000000000005116,24734,24794,312.72,326.01,61
dia_20_mais,Página14,21.0,,1,320.54,24771,93.91,0.010000000000005116,0.010000000000005116,24741,24801,314.2,327.57,61
dia_20_mais,Página14,21.0,,1,320.75,24772,93.92,0.010000000000005116,0.010000000000005116,24742,24802,314.41,327.77,61
dia_20_mais,Página14,21.0,,1,320.97,24773,93.91,0.010000000000005116,0.010000000000005116,24743,24803,314.62,327.98,61
dia_20_mais,Página14,21.0,,1,321.59,24776,93.92,0.010000000000005116,0.010000000000005116,24746,24806,315.23,328.61,61
dia_20_mais,Página14,21.0,,1,322.43,24780,93.91,0.010000000000005116,0.010000000000005116,24750,24810,316.1,329.47,61
dia_20_mais,Página14,21.0,,1,322.64,24781,93.92,0.010000000000005116,0.010000000000005116,24751,24811,316.31,329.68,61
dia_20_mais,Página14,21.0,,1,322.84,24782,93.91,0.010000000000005116,0.010000000000005116,24752,24812,316.53,329.9,61
dia_20_mais,Página14,21.0,,1,323.05,24783,93.92,0.010000000000005116,0.010000000000005116,24753,24813,316.73,330.1,61
dia_20_mais,Página14,21.0,,1,323.45,24784,93.91,0.010000000000005116,0.010000000000005116,24754,24814,316.94,330.31,61
dia_20_mais,Página14,21.0,,1,323.97,24785,93.92,0.010000000000005116,0.010000000000005116,24755,24815,317.14,330.52,61
dia_20_mais,Página14,21.0,,1,324.35,24786,93.93,0.010000000000005116,0.010000000000005116,24756,24816,317.35,330.72,61
dia_20_mais,Página14,21.0,,1,324.55,24787,93.92,0.010000000000005116,0.010000000000005116,24757,24817,317.57,330.94,61
dia_20_mais,Página14,21.0,,1,324.76,24788,93.91,0.010000000000005116,0.010000000000005116,24758,24818,317.78,331.14,61
dia_20_mais,Página14,21.0,,1,325.39,24791,93.92,0.010000000000005116,0.010000000000005116,24761,24821,318.4,331.77,61
dia_20_mais,Página14,21.0,,1,325.6,24792,93.91,0.010000000000005116,0.010000000000005116,24762,24822,318.6,331.98,61
dia_20_mais,Página14,21.0,,1,326.01,24794,93.92,0.010000000000005116,0.010000000000005116,24764,24824,319.05,332.42,61
dia_20_mais,Página14,21.0,,1,326.53,24796,93.91,0.010000000000005116,0.010000000000005116,24766,24826,319.47,332.84,61
dia_20_mais,Página14,21.0,,1,326.73,24797,93.92,0.010000000000005116,0.010000000000005116,24767,24827,319.68,333.04,61
dia_20_mais,Página14,21.0,,1,326.94,24798,93.91,0.010000000000005116,0.010000000000005116,24768,24828,319.92,333.29,61
dia_20_mais,Página14,21.0,,1,327.36,24800,93.92,0.010000000000005116,0.010000000000005116,24770,24830,320.33,333.7,61
dia_20_mais,Página14,21.0,,1,327.98,24803,93.91,0.010000000000005116,0.010000000000005116,24773,24833,320.97,334.33,61
dia_20_mais,Página14,21.0,,1,328.61,24806,93.92,0.010000000000005116,0.010000000000005116,24776,24836,321.59,334.95,61
dia_20_mais,Página14,21.0,,1,329.68,24811,93.93,0.010000000000005116,0.010000000000005116,24781,24841,322.64,336.47,61
dia_20_mais,Página14,21.0,,1,329.9,24812,93.92,0.010000000000005116,0.010000000000005116,24782,24842,322.84,336.84,61
dia_20_mais,Página14,21.0,,1,330.72,24816,93.91,0.010000000000005116,0.010000000000005116,24786,24846,324.35,337.67,61
dia_20_mais,Página14,21.0,,1,330.94,24817,93.92,0.010000000000005116,0.010000000000005116,24787,24847,324.55,337.88,61
dia_20_mais,Página14,21.0,,1,331.14,24818,93.91,0.010000000000005116,0.010000000000005116,24788,24848,324.76,338.09,61
dia_20_mais,Página14,21.0,,1,331.35,24819,93.92,0.010000000000005116,0.010000000000005116,24789,24849,324.96,338.31,61
dia_20_mais,Página14,21.0,,1,331.77,24821,93.91,0.010000000000005116,0.010000000000005116,24791,24851,325.39,338.72,61
dia_20_mais,Página14,21.0,,1,331.98,24822,93.92,0.010000000000005116,0.010000000000005116,24792,24852,325.6,338.93,61
dia_20_mais,Página14,21.0,,1,332.63,24825,93.91,0.010000000000005116,0.010000000000005116,24795,24855,326.22,339.59,61
dia_20_mais,Página14,21.0,,1,332.84,24826,93.92,0.010000000000005116,0.010000000000005116,24796,24856,326.53,339.94,61
dia_20_mais,Página14,21.0,,1,333.5,24829,93.91,0.010000000000005116,0.010000000000005116,24799,24859,327.15,340.57,61
dia_20_mais,Página14,21.0,,1,333.7,24830,93.92,0.010000000000005116,0.010000000000005116,24800,24860,327.36,340.78,61
dia_20_mais,Página14,21.0,,1,334.95,24836,93.91,0.010000000000005116,0.010000000000005116,24806,24866,328.61,342.03,61
dia_20_mais,Página14,21.0,,1,335.37,24838,93.92,0.010000000000005116,0.010000000000005116,24808,24868,329.06,342.45,61
dia_20_mais,Página14,21.0,,1,335.58,24839,93.91,0.010000000000005116,0.010000000000005116,24809,24869,329.27,342.68,61
dia_20_mais,Página14,21.0,,1,336.47,24841,93.92,0.010000000000005116,0.010000000000005116,24811,24871,329.68,343.1,61
dia_20_mais,Página14,21.0,,1,336.84,24842,93.91,0.010000000000005116,0.010000000000005116,24812,24872,329.9,343.3,61
dia_20_mais,Página14,21.0,,1,337.05,24843,93.92,0.010000000000005116,0.010000000000005116,24813,24873,330.1,343.51,61
dia_20_mais,Página14,21.0,,1,338.72,24851,93.91,0.010000000000005116,0.010000000000005116,24821,24881,331.77,345.19,61
dia_20_mais,Página14,21.0,,1,338.93,24852,93.92,0.010000000000005116,0.010000000000005116,24822,24882,331.98,345.4,61
dia_20_mais,Página14,21.0,,1,339.14,24853,93.93,0.010000000000005116,0.010000000000005116,24823,24883,332.21,345.61,61
dia_20_mais,Página14,21.0,,1,339.38,24854,93.92,0.010000000000005116,0.010000000000005116,24824,24884,332.42,345.82,61
dia_20_mais,Página14,21.0,,1,341.62,24864,93.93,0.010000000000005116,0.010000000000005116,24834,24894,334.53,347.93,61
dia_20_mais,Página14,21.0,,1,341.82,24865,93.92,0.010000000000005116,0.010000000000005116,24835,24895,334.74,348.17,61
dia_20_mais,Página14,21.0,,1,342.24,24867,93.91,0.010000000000005116,0.010000000000005116,24837,24897,335.16,349.06,61
dia_20_mais,Página14,21.0,,1,342.89,24870,93.92,0.010000000000005116,0.010000000000005116,24840,24900,335.95,349.84,61
dia_20_mais,Página14,21.0,,1,343.74,24874,93.93,0.010000000000005116,0.010000000000005116,24844,24904,337.26,350.7,61
dia_20_mais,Página14,21.0,,1,343.95,24875,93.92,0.010000000000005116,0.010000000000005116,24845,24905,337.46,350.9,61
dia_20_mais,Página14,21.0,,1,345.4,24882,93.93,0.010000000000005116,0.010000000000005116,24852,24912,338.93,352.38,61
dia_20_mais,Página14,21.0,,1,345.61,24883,93.92,0.010000000000005116,0.010000000000005116,24853,24913,339.14,352.6,61
dia_20_mais,Página14,21.0,,1,347.1,24890,93.91,0.010000000000005116,0.010000000000005116,24860,24920,340.78,354.15,61
dia_20_mais,Página14,21.0,,1,347.31,24891,93.92,0.010000000000005116,0.010000000000005116,24861,24921,340.98,354.36,61
dia_20_mais,Página14,21.0,,1,348.54,24896,93.93,0.010000000000005116,0.010000000000005116,24866,24926,342.03,355.4,61
dia_20_mais,Página14,21.0,,1,349.06,24897,93.92,0.010000000000005116,0.010000000000005116,24867,24927,342.24,355.61,61
dia_20_mais,Página14,21.0,,1,350.49,24903,93.91,0.010000000000005116,0.010000000000005116,24873,24933,343.51,356.86,61
dia_20_mais,Página14,21.0,,1,351.56,24908,93.92,0.010000000000005116,0.010000000000005116,24878,24938,344.57,357.93,61
dia_20_mais,Página14,21.0,,1,351.97,24910,93.91,0.010000000000005116,0.010000000000005116,24880,24940,344.99,358.38,61
dia_20_mais,Página14,21.0,,1,352.38,24912,93.92,0.010000000000005116,0.010000000000005116,24882,24942,345.4,358.79,61
dia_20_mais,Página14,21.0,,1,353.02,24915,93.91,0.010000000000005116,0.010000000000005116,24885,24945,346.04,359.43,61
dia_20_mais,Página14,21.0,,1,353.22,24916,93.92,0.010000000000005116,0.010000000000005116,24886,24946,346.24,359.63,61
dia_20_mais,Página14,21.0,,1,353.95,24919,93.91,0.010000000000005116,0.010000000000005116,24889,24949,346.87,360.26,61
dia_20_mais,Página14,21.0,,1,354.15,24920,93.92,0.010000000000005116,0.010000000000005116,24890,24950,347.1,360.47,61
dia_20_mais,Página14,21.0,,1,354.57,24922,93.91,0.010000000000005116,0.010000000000005116,24892,24952,347.52,361.04,61
dia_20_mais,Página14,21.0,,1,354.78,24923,93.92,0.010000000000005116,0.010000000000005116,24893,24953,347.72,361.56,61
dia_20_mais,Página14,21.0,,1,355.82,24928,93.91,0.010000000000005116,0.010000000000005116,24898,24958,349.43,362.77,61
dia_20_mais,Página14,21.0,,1,356.24,24930,93.92,0.010000000000005116,0.010000000000005116,24900,24960,349.84,363.18,61
dia_20_mais,Página14,21.0,,1,356.45,24931,93.91,0.010000000000005116,0.010000000000005116,24901,24961,350.04,363.39,61
dia_20_mais,Página14,21.0,,1,357.72,24937,93.92,0.010000000000005116,0.010000000000005116,24907,24967,351.31,364.64,61
dia_20_mais,Página14,21.0,,1,357.93,24938,93.91,0.010000000000005116,0.010000000000005116,24908,24968,351.56,364.88,61
dia_20_mais,Página14,21.0,,1,358.59,24941,93.92,0.010000000000005116,0.010000000000005116,24911,24971,352.18,365.49,61
dia_20_mais,Página14,21.0,,1,358.79,24942,93.91,0.010000000000005116,0.010000000000005116,24912,24972,352.38,365.7,61
dia_20_mais,Página14,21.0,,1,359.22,24944,93.92,0.010000000000005116,0.010000000000005116,24914,24974,352.81,366.15,61
dia_20_mais,Página14,21.0,,1,359.84,24947,93.93,0.010000000000005116,0.010000000000005116,24917,24977,353.43,366.76,61
dia_20_mais,Página14,21.0,,1,360.04,24948,93.92,0.010000000000005116,0.010000000000005116,24918,24978,353.64,366.98,61
dia_20_mais,Página14,21.0,,1,361.92,24954,93.91,0.010000000000005116,0.010000000000005116,24924,24984,354.99,368.23,61
dia_20_mais,Página14,21.0,,1,362.13,24955,93.92,0.010000000000005116,0.010000000000005116,24925,24985,355.2,368.44,61
dia_20_mais,Página14,21.0,,1,362.34,24956,93.93,0.010000000000005116,0.010000000000005116,24926,24986,355.4,368.65,61
dia_20_mais,Página14,21.0,,1,362.56,24957,93.92,0.010000000000005116,0.010000000000005116,24927,24987,355.61,368.85,61
dia_20_mais,Página14,21.0,,1,365.29,24970,93.93,0.010000000000005116,0.010000000000005116,24940,25000,358.38,371.6,61
dia_20_mais,Página14,21.0,,1,365.7,24972,93.92,0.010000000000005116,0.010000000000005116,24942,25002,358.79,372.01,61
dia_20_mais,Página14,21.0,,1,367.19,24979,93.91,0.010000000000005116,0.010000000000005116,24949,25009,360.26,374.12,61
dia_20_mais,Página14,21.0,,1,367.39,24980,93.92,0.010000000000005116,0.010000000000005116,24950,25010,360.47,374.33,61
dia_20_mais,Página14,21.0,,1,368.44,24985,93.93,0.010000000000005116,0.010000000000005116,24955,25015,362.13,375.37,61
dia_20_mais,Página14,21.0,,1,368.65,24986,93.92,0.010000000000005116,0.010000000000005116,24956,25016,362.34,375.57,61
dia_20_mais,Página14,21.0,,1,368.85,24987,93.91,0.010000000000005116,0.010000000000005116,24957,25017,362.56,375.79,61
dia_20_mais,Página14,21.0,,1,369.06,24988,93.92,0.010000000000005116,0.010000000000005116,24958,25018,362.77,375.99,61
dia_20_mais,Página14,21.0,,1,369.51,24990,93.91,0.010000000000005116,0.010000000000005116,24960,25020,363.18,376.41,61
dia_20_mais,Página14,21.0,,1,369.72,24991,93.92,0.010000000000005116,0.010000000000005116,24961,25021,363.39,376.61,61
dia_20_mais,Página14,21.0,,1,369.93,24992,93.91,0.010000000000005116,0.010000000000005116,24962,25022,363.6,376.82,61
dia_20_mais,Página14,21.0,,1,370.13,24993,93.92,0.010000000000005116,0.010000000000005116,24963,25023,363.81,377.06,61
dia_20_mais,Página14,21.0,,1,370.55,24995,93.91,0.010000000000005116,0.010000000000005116,24965,25025,364.22,377.47,61
dia_20_mais,Página14,21.0,,1,370.76,24996,93.92,0.010000000000005116,0.010000000000005116,24966,25026,364.43,377.68,61
dia_20_mais,Página14,21.0,,1,372.87,25006,93.91,0.010000000000005116,0.010000000000005116,24976,25036,366.56,379.77,61
dia_20_mais,Página14,21.0,,1,373.23,25007,93.92,0.010000000000005116,0.010000000000005116,24977,25037,366.76,379.98,61
dia_20_mais,Página14,21.0,,1,374.12,25009,93.91,0.010000000000005116,0.010000000000005116,24979,25039,367.19,380.41,61
dia_20_mais,Página14,21.0,,1,374.75,25012,93.92,0.010000000000005116,0.010000000000005116,24982,25042,367.81,381.13,61
dia_20_mais,Página14,21.0,,1,374.95,25013,93.91,0.010000000000005116,0.010000000000005116,24983,25043,368.02,381.34,61
dia_20_mais,Página14,21.0,,1,375.57,25016,93.92,0.010000000000005116,0.010000000000005116,24986,25046,368.65,381.96,61
dia_20_mais,Página14,21.0,,1,375.79,25017,93.91,0.010000000000005116,0.010000000000005116,24987,25047,368.85,382.17,61
dia_20_mais,Página14,21.0,,1,375.99,25018,93.92,0.010000000000005116,0.010000000000005116,24988,25048,369.06,382.38,61
dia_20_mais,Página14,21.0,,1,376.2,25019,93.91,0.010000000000005116,0.010000000000005116,24989,25049,369.31,382.61,61
dia_20_mais,Página14,21.0,,1,376.41,25020,93.92,0.010000000000005116,0.010000000000005116,24990,25050,369.51,382.82,61
dia_20_mais,Página14,21.0,,1,376.61,25021,93.91,0.010000000000005116,0.010000000000005116,24991,25051,369.72,383.02,61
dia_20_mais,Página14,21.0,,1,377.06,25023,93.92,0.010000000000005116,0.010000000000005116,24993,25053,370.13,383.44,61
dia_20_mais,Página14,21.0,,1,377.27,25024,93.91,0.010000000000005116,0.010000000000005116,24994,25054,370.35,383.69,61
dia_20_mais,Página14,21.0,,1,377.47,25025,93.92,0.010000000000005116,0.010000000000005116,24995,25055,370.55,383.9,61
dia_20_mais,Página14,21.0,,1,377.68,25026,93.91,0.010000000000005116,0.010000000000005116,24996,25056,370.76,384.1,61
dia_20_mais,Página14,21.0,,1,378.32,25029,93.92,0.010000000000005116,0.010000000000005116,24999,25059,371.38,384.73,61
dia_20_mais,Página14,21.0,,1,378.52,25030,93.91,0.010000000000005116,0.010000000000005116,25000,25060,371.6,384.93,61
dia_20_mais,Página14,21.0,,1,378.94,25032,93.92,0.010000000000005116,0.010000000000005116,25002,25062,372.01,385.82,61
dia_20_mais,Página14,21.0,,1,379.15,25033,93.91,0.010000000000005116,0.010000000000005116,25003,25063,372.22,386.19,61
dia_20_mais,Página14,21.0,,1,379.36,25034,93.92,0.010000000000005116,0.010000000000005116,25004,25064,372.42,386.4,61
dia_20_mais,Página14,21.0,,1,379.77,25036,93.91,0.010000000000005116,0.010000000000005116,25006,25066,372.87,386.81,61
dia_20_mais,Página14,21.0,,1,381.13,25042,93.92,0.010000000000005116,0.010000000000005116,25012,25072,374.75,388.15,61
dia_20_mais,Página14,21.0,,1,381.76,25045,93.91,0.010000000000005116,0.010000000000005116,25015,25075,375.37,388.77,61
dia_20_mais,Página14,21.0,,1,382.82,25050,93.92,0.010000000000005116,0.010000000000005116,25020,25080,376.41,389.83,61
dia_20_mais,Página14,21.0,,1,383.23,25052,93.91,0.010000000000005116,0.010000000000005116,25022,25082,376.82,390.26,61
dia_20_mais,Página14,21.0,,1,383.44,25053,93.92,0.010000000000005116,0.010000000000005116,25023,25083,377.06,390.46,61
dia_20_mais,Página14,21.0,,1,383.69,25054,93.91,0.010000000000005116,0.010000000000005116,25024,25084,377.27,390.67,61
dia_20_mais,Página14,21.0,,1,384.1,25056,93.92,0.010000000000005116,0.010000000000005116,25026,25086,377.68,391.08,61
dia_20_mais,Página14,21.0,,1,384.31,25057,93.91,0.010000000000005116,0.010000000000005116,25027,25087,377.89,391.3,61
dia_20_mais,Página14,21.0,,1,385.29,25061,93.92,0.010000000000005116,0.010000000000005116,25031,25091,378.73,392.14,61
dia_20_mais,Página14,21.0,,1,385.82,25062,93.91,0.010000000000005116,0.010000000000005116,25032,25092,378.94,392.35,61
dia_20_mais,Página14,21.0,,1,386.81,25066,93.92,0.010000000000005116,0.010000000000005116,25036,25096,379.77,393.2,61
dia_20_mais,Página14,21.0,,1,387.06,25067,93.91,0.010000000000005116,0.010000000000005116,25037,25097,379.98,393.41,61
dia_20_mais,Página14,21.0,,1,387.47,25069,93.92,0.010000000000005116,0.010000000000005116,25039,25099,380.41,393.83,61
dia_20_mais,Página14,21.0,,1,388.35,25073,93.91,0.010000000000005116,0.010000000000005116,25043,25103,381.34,394.66,61
dia_20_mais,Página14,21.0,,1,388.56,25074,93.92,0.010000000000005116,0.010000000000005116,25044,25104,381.55,394.88,61
dia_20_mais,Página14,21.0,,1,389.22,25077,93.91,0.010000000000005116,0.010000000000005116,25047,25107,382.17,395.5,61
dia_20_mais,Página14,21.0,,1,389.42,25078,93.92,0.010000000000005116,0.010000000000005116,25048,25108,382.38,395.71,61
dia_20_mais,Página14,21.0,,1,390.67,25084,93.91,0.010000000000005116,0.010000000000005116,25054,25114,383.69,397.01,61
dia_20_mais,Página14,21.0,,1,391.08,25086,93.92,0.010000000000005116,0.010000000000005116,25056,25116,384.1,397.58,61
dia_20_mais,Página14,21.0,,1,391.3,25087,93.91,0.010000000000005116,0.010000000000005116,25057,25117,384.31,398.1,61
dia_20_mais,Página14,21.0,,1,391.52,25088,93.92,0.010000000000005116,0.010000000000005116,25058,25118,384.51,398.47,61
dia_20_mais,Página14,21.0,,1,391.94,25090,93.91,0.010000000000005116,0.010000000000005116,25060,25120,384.93,398.89,61
dia_20_mais,Página14,21.0,,1,392.35,25092,93.92,0.010000000000005116,0.010000000000005116,25062,25122,385.82,399.33,61
dia_20_mais,Página14,21.0,,1,392.58,25093,93.91,0.010000000000005116,0.010000000000005116,25063,25123,386.19,399.54,61
dia_20_mais,Página14,21.0,,1,392.79,25094,93.92,0.010000000000005116,0.010000000000005116,25064,25124,386.4,399.75,61
dia_20_mais,Página14,21.0,,1,392.99,25095,93.91,0.010000000000005116,0.010000000000005116,25065,25125,386.61,399.95,61
dia_20_mais,Página14,21.0,,1,393.2,25096,93.92,0.010000000000005116,0.010000000000005116,25066,25126,386.81,400.16,61
dia_20_mais,Página14,21.0,,1,393.62,25098,93.91,0.010000000000005116,0.010000000000005116,25068,25128,387.27,400.61,61
dia_20_mais,Página14,21.0,,1,396.17,25110,93.92,0.010000000000005116,0.010000000000005116,25080,25140,389.83,403.14,61
dia_20_mais,Página14,21.0,,1,396.37,25111,93.91,0.010000000000005116,0.010000000000005116,25081,25141,390.04,403.35,61
dia_20_mais,Página14,21.0,,1,399.09,25121,93.92,0.010000000000005116,0.010000000000005116,25091,25151,392.14,405.5,61
dia_20_mais,Página14,21.0,,1,399.33,25122,93.91,0.010000000000005116,0.010000000000005116,25092,25152,392.35,405.7,61
dia_20_mais,Página14,21.0,,1,400.61,25128,93.92,0.010000000000005116,0.010000000000005116,25098,25158,393.62,406.98,61
dia_20_mais,Página14,21.0,,1,400.82,25129,93.91,0.010000000000005116,0.010000000000005116,25099,25159,393.83,407.19,61
dia_20_mais,Página14,21.0,,1,401.48,25132,93.92,0.010000000000005116,0.010000000000005116,25102,25162,394.45,407.81,61
dia_20_mais,Página14,21.0,,1,401.89,25134,93.91,0.010000000000005116,0.010000000000005116,25104,25164,394.88,408.33,61
dia_20_mais,Página14,21.0,,1,402.31,25136,93.92,0.010000000000005116,0.010000000000005116,25106,25166,395.3,408.74,61
dia_20_mais,Página14,21.0,,1,402.52,25137,93.91,0.010000000000005116,0.010000000000005116,25107,25167,395.5,408.95,61
dia_20_mais,Página14,21.0,,1,402.73,25138,93.92,0.010000000000005116,0.010000000000005116,25108,25168,395.71,409.16,61
dia_20_mais,Página14,21.0,,1,402.93,25139,93.91,0.010000000000005116,0.010000000000005116,25109,25169,395.96,409.37,61
dia_20_mais,Página14,21.0,,1,404.62,25147,93.92,0.010000000000005116,0.010000000000005116,25117,25177,398.1,411.7,61
dia_20_mais,Página14,21.0,,1,405.5,25151,93.91,0.010000000000005116,0.010000000000005116,25121,25181,399.09,412.54,61
dia_20_mais,Página14,21.0,,1,405.7,25152,93.92,0.010000000000005116,0.010000000000005116,25122,25182,399.33,412.75,61
dia_20_mais,Página14,21.0,,1,406.55,25156,93.91,0.010000000000005116,0.010000000000005116,25126,25186,400.16,413.59,61
dia_20_mais,Página14,21.0,,1,407.39,25160,93.92,0.010000000000005116,0.010000000000005116,25130,25190,401.04,414.41,61
dia_20_mais,Página14,21.0,,1,407.81,25162,93.91,0.010000000000005116,0.010000000000005116,25132,25192,401.48,414.86,61
dia_20_mais,Página14,21.0,,1,408.12,25163,93.92,0.010000000000005116,0.010000000000005116,25133,25193,401.68,415.07,61
dia_20_mais,Página14,21.0,,1,408.53,25165,93.91,0.010000000000005116,0.010000000000005116,25135,25195,402.1,415.49,61
dia_20_mais,Página14,21.0,,1,409.16,25168,93.92,0.010000000000005116,0.010000000000005116,25138,25198,402.73,416.15,61
dia_20_mais,Página14,21.0,,1,409.37,25169,93.91,0.010000000000005116,0.010000000000005116,25139,25199,402.93,416.36,61
dia_20_mais,Página14,21.0,,1,410.84,25173,93.92,0.010000000000005116,0.010000000000005116,25143,25203,403.8,417.19,61
dia_20_mais,Página14,21.0,,1,411.25,25175,93.91,0.010000000000005116,0.010000000000005116,25145,25205,404.21,417.6,61
dia_20_mais,Página14,21.0,,1,412.12,25179,93.92,0.010000000000005116,0.010000000000005116,25149,25209,405.08,418.46,61
dia_20_mais,Página14,21.0,,1,412.32,25180,93.91,0.010000000000005116,0.010000000000005116,25150,25210,405.29,418.67,61
dia_20_mais,Página14,21.0,,1,413.17,25184,93.92,0.010000000000005116,0.010000000000005116,25154,25214,406.14,419.52,61
dia_20_mais,Página14,21.0,,1,413.37,25185,93.91,0.010000000000005116,0.010000000000005116,25155,25215,406.35,419.73,61
dia_20_mais,Página14,21.0,,1,413.59,25186,93.92,0.010000000000005116,0.010000000000005116,25156,25216,406.55,419.94,61
dia_20_mais,Página14,21.0,,1,414.0,25188,93.91,0.010000000000005116,0.010000000000005116,25158,25218,406.98,420.36,61
dia_20_mais,Página14,21.0,,1,414.41,25190,93.92,0.010000000000005116,0.010000000000005116,25160,25220,407.39,420.77,61
dia_20_mais,Página14,21.0,,1,414.63,25191,93.91,0.010000000000005116,0.010000000000005116,25161,25221,407.6,420.98,61
dia_20_mais,Página14,21.0,,1,415.07,25193,93.92,0.010000000000005116,0.010000000000005116,25163,25223,408.12,421.4,61
dia_20_mais,Página14,21.0,,1,415.28,25194,93.91,0.010000000000005116,0.010000000000005116,25164,25224,408.33,421.61,61
dia_20_mais,Página14,21.0,,1,415.49,25195,93.92,0.010000000000005116,0.010000000000005116,25165,25225,408.53,421.98,61
dia_20_mais,Página14,21.0,,1,415.7,25196,93.91,0.010000000000005116,0.010000000000005116,25166,25226,408.74,422.5,61
dia_20_mais,Página14,21.0,,1,417.81,25206,93.92,0.010000000000005116,0.010000000000005116,25176,25236,411.49,424.78,61
dia_20_mais,Página14,21.0,,1,418.25,25208,93.91,0.010000000000005116,0.010000000000005116,25178,25238,411.91,425.19,61
dia_20_mais,Página14,21.0,,1,418.46,25209,93.92,0.010000000000005116,0.010000000000005116,25179,25239,412.12,425.4,61
dia_20_mais,Página14,21.0,,1,418.67,25210,93.91,0.010000000000005116,0.010000000000005116,25180,25240,412.32,425.61,61
dia_20_mais,Página14,21.0,,1,418.88,25211,93.92,0.010000000000005116,0.010000000000005116,25181,25241,412.54,425.82,61
dia_20_mais,Página14,21.0,,1,419.09,25212,93.91,0.010000000000005116,0.010000000000005116,25182,25242,412.75,426.04,61
dia_20_mais,Página14,21.0,,1,419.32,25213,93.92,0.010000000000005116,0.010000000000005116,25183,25243,412.96,426.25,61
dia_20_mais,Página14,21.0,,1,419.94,25216,93.91,0.010000000000005116,0.010000000000005116,25186,25246,413.59,426.87,61
dia_20_mais,Página14,21.0,,1,420.14,25217,93.92,0.010000000000005116,0.010000000000005116,25187,25247,413.79,427.12,61
dia_20_mais,Página14,21.0,,1,420.36,25218,93.91,0.010000000000005116,0.010000000000005116,25188,25248,414.0,427.33,61
dia_20_mais,Página14,21.0,,1,420.77,25220,93.92,0.010000000000005116,0.010000000000005116,25190,25250,414.41,427.74,61
dia_20_mais,Página14,21.0,,1,420.98,25221,93.91,0.010000000000005116,0.010000000000005116,25191,25251,414.63,427.95,61
dia_20_mais,Página14,21.0,,1,421.19,25222,93.92,0.010000000000005116,0.010000000000005116,25192,25252,414.86,428.17,61
dia_20_mais,Página14,21.0,,1,421.4,25223,93.91,0.010000000000005116,0.010000000000005116,25193,25253,415.07,428.38,61
dia_20_mais,Página14,21.0,,1,421.98,25225,93.92,0.010000000000005116,0.010000000000005116,25195,25255,415.49,428.8,61
dia_20_mais,Página14,21.0,,1,423.3,25229,93.91,0.010000000000005116,0.010000000000005116,25199,25259,416.36,429.63,61
dia_20_mais,Página14,21.0,,1,424.15,25233,93.92,0.010000000000005116,0.010000000000005116,25203,25263,417.19,430.5,61
dia_20_mais,Página14,21.0,,1,424.57,25235,93.91,0.010000000000005116,0.010000000000005116,25205,25265,417.6,430.91,61
dia_20_mais,Página14,21.0,,1,425.82,25241,93.92,0.010000000000005116,0.010000000000005116,25211,25271,418.88,432.19,61
dia_20_mais,Página14,21.0,,1,426.04,25242,93.91,0.010000000000005116,0.010000000000005116,25212,25272,419.09,432.39,61
dia_20_mais,Página14,21.0,,1,427.12,25247,93.92,0.010000000000005116,0.010000000000005116,25217,25277,420.14,433.44,61
dia_20_mais,Página14,21.0,,1,427.33,25248,93.91,0.010000000000005116,0.010000000000005116,25218,25278,420.36,433.65,61
dia_20_mais,Página14,21.0,,1,427.74,25250,93.92,0.010000000000005116,0.010000000000005116,25220,25280,420.77,434.26,61
dia_20_mais,Página14,21.0,,1,428.38,25253,93.91,0.010000000000005116,0.010000000000005116,25223,25283,421.4,435.38,61
dia_20_mais,Página14,21.0,,1,429.42,25258,93.92,0.010000000000005116,0.010000000000005116,25228,25288,423.09,436.51,61
dia_20_mais,Página14,21.0,,1,429.63,25259,93.91,0.010000000000005116,0.010000000000005116,25229,25289,423.3,436.72,61
dia_20_mais,Página14,21.0,,1,429.84,25260,93.92,0.010000000000005116,0.010000000000005116,25230,25290,423.5,436.93,61
dia_20_mais,Página14,21.0,,1,430.5,25263,93.91,0.010000000000005116,0.010000000000005116,25233,25293,424.15,437.58,61
dia_20_mais,Página14,21.0,,1,430.7,25264,93.92,0.010000000000005116,0.010000000000005116,25234,25294,424.36,437.79,61
dia_20_mais,Página14,21.0,,1,431.56,25268,93.91,0.010000000000005116,0.010000000000005116,25238,25298,425.19,438.62,61
dia_20_mais,Página14,21.0,,1,431.77,25269,93.92,0.010000000000005116,0.010000000000005116,25239,25299,425.4,438.83,61
dia_20_mais,Página14,21.0,,1,431.98,25270,93.91,0.010000000000005116,0.010000000000005116,25240,25300,425.61,439.04,61
dia_20_mais,Página14,21.0,,1,432.82,25274,93.92,0.010000000000005116,0.010000000000005116,25244,25304,426.45,439.9,61
dia_20_mais,Página14,21.0,,1,433.23,25276,93.91,0.010000000000005116,0.010000000000005116,25246,25306,426.87,440.31,61
dia_20_mais,Página14,21.0,,1,433.65,25278,93.92,0.010000000000005116,0.010000000000005116,25248,25308,427.33,440.77,61
dia_20_mais,Página14,21.0,,1,433.89,25279,93.91,0.010000000000005116,0.010000000000005116,25249,25309,427.53,440.97,61
dia_20_mais,Página14,21.0,,1,434.26,25280,93.92,0.010000000000005116,0.010000000000005116,25250,25310,427.74,441.18,61
dia_20_mais,Página14,21.0,,1,434.78,25281,93.91,0.010000000000005116,0.010000000000005116,25251,25311,427.95,441.39,61
dia_20_mais,Página14,21.0,,1,435.17,25282,93.92,0.010000000000005116,0.010000000000005116,25252,25312,428.17,441.6,61
dia_20_mais,Página14,21.0,,1,435.38,25283,93.91,0.010000000000005116,0.010000000000005116,25253,25313,428.38,441.81,61
dia_20_mais,Página14,21.0,,1,435.58,25284,93.92,0.010000000000005116,0.010000000000005116,25254,25314,428.59,442.02,61
dia_20_mais,Página14,21.0,,1,435.79,25285,93.91,0.010000000000005116,0.010000000000005116,25255,25315,428.8,442.23,61
dia_20_mais,Página14,21.0,,1,436.31,25287,93.92,0.010000000000005116,0.010000000000005116,25257,25317,429.22,442.64,61
dia_20_mais,Página14,21.0,,1,436.51,25288,93.91,0.010000000000005116,0.010000000000005116,25258,25318,429.42,442.87,61
dia_20_mais,Página14,21.0,,1,437.16,25291,93.92,0.010000000000005116,0.010000000000005116,25261,25321,430.05,443.5,61
dia_20_mais,Página14,21.0,,1,437.37,25292,93.91,0.010000000000005116,0.010000000000005116,25262,25322,430.26,443.71,61
dia_20_mais,Página14,21.0,,1,438.41,25297,93.92,0.010000000000005116,0.010000000000005116,25267,25327,431.33,444.78,61
dia_20_mais,Página14,21.0,,1,438.62,25298,93.91,0.010000000000005116,0.010000000000005116,25268,25328,431.56,445.01,61
dia_20_mais,Página14,21.0,,1,439.04,25300,93.92,0.010000000000005116,0.010000000000005116,25270,25330,431.98,445.42,61
dia_20_mais,Página14,21.0,,1,439.49,25302,93.91,0.010000000000005116,0.010000000000005116,25272,25332,432.39,445.84,61
dia_20_mais,Página14,21.0,,1,440.77,25308,93.92,0.010000000000005116,0.010000000000005116,25278,25338,433.65,447.72,61
dia_20_mais,Página14,21.0,,1,440.97,25309,93.91,0.010000000000005116,0.010000000000005116,25279,25339,433.89,447.92,61
dia_20_mais,Página14,21.0,,1,441.18,25310,93.92,0.010000000000005116,0.010000000000005116,25280,25340,434.26,448.13,61
dia_20_mais,Página14,21.0,,1,441.39,25311,93.91,0.010000000000005116,0.010000000000005116,25281,25341,434.78,448.37,61
dia_20_mais,Página14,21.0,,1,441.6,25312,93.92,0.010000000000005116,0.010000000000005116,25282,25342,435.17,448.57,61
dia_20_mais,Página14,21.0,,1,442.23,25315,93.91,0.010000000000005116,0.010000000000005116,25285,25345,435.79,449.19,61
dia_20_mais,Página14,21.0,,1,442.44,25316,93.92,0.010000000000005116,0.010000000000005116,25286,25346,436.1,449.4,61
dia_20_mais,Página14,21.0,,1,442.87,25318,93.91,0.010000000000005116,0.010000000000005116,25288,25348,436.51,449.82,61
dia_20_mais,Página14,21.0,,1,443.08,25319,93.92,0.010000000000005116,0.010000000000005116,25289,25349,436.72,450.03,61
dia_20_mais,Página14,21.0,,1,444.16,25324,93.91,0.010000000000005116,0.010000000000005116,25294,25354,437.79,451.09,61
dia_20_mais,Página14,21.0,,1,444.36,25325,93.92,0.010000000000005116,0.010000000000005116,25295,25355,437.99,451.3,61
dia_20_mais,Página14,21.0,,1,446.41,25334,93.91,0.010000000000005116,0.010000000000005116,25304,25364,439.9,453.2,61
dia_20_mais,Página14,21.0,,1,446.94,25335,93.92,0.010000000000005116,0.010000000000005116,25305,25365,440.11,453.41,61
dia_20_mais,Página14,21.0,,1,447.51,25337,93.91,0.010000000000005116,0.010000000000005116,25307,25367,440.56,453.82,61
dia_20_mais,Página14,21.0,,1,447.72,25338,93.92,0.010000000000005116,0.010000000000005116,25308,25368,440.77,454.04,61
dia_20_mais,Página14,21.0,,1,447.92,25339,93.91,0.010000000000005116,0.010000000000005116,25309,25369,440.97,454.25,61
dia_20_mais,Página14,21.0,,1,448.99,25344,93.92,0.010000000000005116,0.010000000000005116,25314,25374,442.02,455.31,61
dia_20_mais,Página14,21.0,,1,450.44,25351,93.91,0.010000000000005116,0.010000000000005116,25321,25381,443.5,456.77,61
dia_20_mais,Página14,21.0,,1,450.88,25353,93.92,0.010000000000005116,0.010000000000005116,25323,25383,443.95,457.19,61
dia_20_mais,Página14,21.0,,1,451.09,25354,93.91,0.010000000000005116,0.010000000000005116,25324,25384,444.16,457.4,61
dia_20_mais,Página14,21.0,,1,451.95,25358,93.92,0.010000000000005116,0.010000000000005116,25328,25388,445.01,458.23,61
dia_20_mais,Página14,21.0,,1,452.99,25363,93.91,0.010000000000005116,0.010000000000005116,25333,25393,446.05,459.93,61
dia_20_mais,Página14,21.0,,1,453.2,25364,93.92,0.010000000000005116,0.010000000000005116,25334,25394,446.41,460.14,61
dia_20_mais,Página14,21.0,,1,453.41,25365,93.91,0.010000000000005116,0.010000000000005116,25335,25395,446.94,460.34,61
dia_20_mais,Página14,21.0,,1,453.61,25366,93.92,0.010000000000005116,0.010000000000005116,25336,25396,447.3,460.55,61
dia_20_mais,Página14,21.0,,1,454.25,25369,93.91,0.010000000000005116,0.010000000000005116,25339,25399,447.92,461.2,61
dia_20_mais,Página14,21.0,,1,454.66,25371,93.92,0.010000000000005116,0.010000000000005116,25341,25401,448.37,461.62,61
dia_20_mais,Página14,21.0,,1,455.11,25373,93.91,0.010000000000005116,0.010000000000005116,25343,25403,448.78,462.04,61
dia_20_mais,Página14,21.0,,1,455.52,25375,93.92,0.010000000000005116,0.010000000000005116,25345,25405,449.19,462.45,61
dia_20_mais,Página14,21.0,,1,456.77,25381,93.91,0.010000000000005116,0.010000000000005116,25351,25411,450.44,463.81,61
dia_20_mais,Página14,21.0,,1,456.98,25382,93.92,0.010000000000005116,0.010000000000005116,25352,25412,450.68,464.03,61
dia_20_mais,Página14,21.0,,1,457.82,25386,93.91,0.010000000000005116,0.010000000000005116,25356,25416,451.51,464.86,61
dia_20_mais,Página14,21.0,,1,459.52,25391,93.92,0.010000000000005116,0.010000000000005116,25361,25421,452.57,465.9,61
dia_20_mais,Página14,21.0,,1,459.72,25392,93.91,0.010000000000005116,0.010000000000005116,25362,25422,452.78,466.11,61
dia_20_mais,Página14,21.0,,1,459.93,25393,93.92,0.010000000000005116,0.010000000000005116,25363,25423,452.99,466.36,61
dia_20_mais,Página14,21.0,,1,460.34,25395,93.91,0.010000000000005116,0.010000000000005116,25365,25425,453.41,466.77,61
dia_20_mais,Página14,21.0,,1,461.83,25402,93.92,0.010000000000005116,0.010000000000005116,25372,25432,454.87,468.26,61
dia_20_mais,Página14,21.0,,1,462.04,25403,93.91,0.010000000000005116,0.010000000000005116,25373,25433,455.11,468.48,61
dia_20_mais,Página14,21.0,,1,462.87,25407,93.92,0.010000000000005116,0.010000000000005116,25377,25437,455.94,469.31,61
dia_20_mais,Página14,21.0,,1,463.09,25408,93.91,0.010000000000005116,0.010000000000005116,25378,25438,456.15,469.53,61
dia_20_mais,Página14,21.0,,1,463.39,25409,93.92,0.010000000000005116,0.010000000000005116,25379,25439,456.36,469.75,61
dia_20_mais,Página14,21.0,,1,464.23,25413,93.91,0.010000000000005116,0.010000000000005116,25383,25443,457.19,470.58,61
dia_20_mais,Página14,21.0,,1,464.44,25414,93.92,0.010000000000005116,0.010000000000005116,25384,25444,457.4,470.98,61
dia_20_mais,Página14,21.0,,1,464.65,25415,93.91,0.010000000000005116,0.010000000000005116,25385,25445,457.61,471.5,61
dia_20_mais,Página14,21.0,,1,464.86,25416,93.92,0.010000000000005116,0.010000000000005116,25386,25446,457.82,471.87,61
dia_20_mais,Página14,21.0,,1,465.28,25418,93.91,0.010000000000005116,0.010000000000005116,25388,25448,458.23,472.28,61
dia_20_mais,Página14,21.0,,1,465.7,25420,93.92,0.010000000000005116,0.010000000000005116,25390,25450,459.14,472.7,61
dia_20_mais,Página14,21.0,,1,465.9,25421,93.91,0.010000000000005116,0.010000000000005116,25391,25451,459.52,472.91,61
dia_20_mais,Página14,21.0,,1,466.77,25425,93.92,0.010000000000005116,0.010000000000005116,25395,25455,460.34,473.73,61
dia_20_mais,Página14,21.0,,1,466.98,25426,93.91,0.010000000000005116,0.010000000000005116,25396,25456,460.55,473.94,61
dia_20_mais,Página14,21.0,,1,467.64,25429,93.92,0.010000000000005116,0.010000000000005116,25399,25459,461.2,474.57,61
dia_20_mais,Página14,21.0,,1,467.85,25430,93.91,0.010000000000005116,0.010000000000005116,25400,25460,461.41,474.78,61
dia_20_mais,Página14,21.0,,1,468.69,25434,93.92,0.010000000000005116,0.010000000000005116,25404,25464,462.25,475.64,61
dia_20_mais,Página14,21.0,,1,469.1,25436,93.91,0.010000000000005116,0.010000000000005116,25406,25466,462.66,476.05,61
dia_20_mais,Página14,21.0,,1,469.31,25437,93.92,0.010000000000005116,0.010000000000005116,25407,25467,462.87,476.29,61
dia_20_mais,Página14,21.0,,1,469.96,25440,93.91,0.010000000000005116,0.010000000000005116,25410,25470,463.6,476.91,61
dia_20_mais,Página14,21.0,,1,470.58,25443,93.92,0.010000000000005116,0.010000000000005116,25413,25473,464.23,477.56,61
dia_20_mais,Página14,21.0,,1,472.91,25451,93.91,0.010000000000005116,0.010000000000005116,25421,25481,465.9,479.23,61
dia_20_mais,Página14,21.0,,1,473.11,25452,93.92,0.010000000000005116,0.010000000000005116,25422,25482,466.11,479.44,61
dia_20_mais,Página14,21.0,,1,473.94,25456,93.91,0.010000000000005116,0.010000000000005116,25426,25486,466.98,480.28,61
dia_20_mais,Página14,21.0,,1,474.16,25457,93.92,0.010000000000005116,0.010000000000005116,25427,25487,467.19,480.48,61
dia_20_mais,Página14,21.0,,1,474.57,25459,93.91,0.010000000000005116,0.010000000000005116,25429,25489,467.64,480.93,61
dia_20_mais,Página14,21.0,,1,474.78,25460,93.92,0.010000000000005116,0.010000000000005116,25430,25490,467.85,481.13,61
dia_20_mais,Página14,21.0,,1,477.77,25474,93.91,0.010000000000005116,0.010000000000005116,25444,25504,470.98,484.72,61
dia_20_mais,Página14,21.0,,1,477.97,25475,93.92,0.010000000000005116,0.010000000000005116,25445,25505,471.5,484.93,61
dia_20_mais,Página14,21.0,,1,478.18,25476,93.91,0.010000000000005116,0.010000000000005116,25446,25506,471.87,485.16,61
dia_20_mais,Página14,21.0,,1,478.6,25478,93.92,0.010000000000005116,0.010000000000005116,25448,25508,472.28,485.58,61
dia_20_mais,Página14,21.0,,1,480.48,25487,93.91,0.010000000000005116,0.010000000000005116,25457,25517,474.16,487.64,61
dia_20_mais,Página14,21.0,,1,480.93,25489,93.92,0.010000000000005116,0.010000000000005116,25459,25519,474.57,488.05,61
dia_20_mais,Página14,21.0,,1,481.55,25492,93.93,0.010000000000005116,0.010000000000005116,25462,25522,475.22,488.7,61
dia_20_mais,Página14,21.0,,1,481.8,25493,93.92,0.010000000000005116,0.010000000000005116,25463,25523,475.43,488.91,61
dia_20_mais,Página14,21.0,,1,484.1,25501,93.93,0.010000000000005116,0.010000000000005116,25471,25531,477.12,490.61,61
dia_20_mais,Página14,21.0,,1,484.31,25502,93.92,0.010000000000005116,0.010000000000005116,25472,25532,477.35,490.92,61
dia_20_mais,Página14,21.0,,1,484.72,25504,93.91,0.010000000000005116,0.010000000000005116,25474,25534,477.77,491.33,61
dia_20_mais,Página14,21.0,,1,485.37,25507,93.92,0.010000000000005116,0.010000000000005116,25477,25537,478.39,491.99,61
dia_20_mais,Página14,21.0,,1,488.05,25519,93.93,0.010000000000005116,0.010000000000005116,25489,25549,480.93,494.51,61
dia_20_mais,Página14,21.0,,1,488.26,25520,93.92,0.010000000000005116,0.010000000000005116,25490,25550,481.13,494.72,61
dia_20_mais,Página14,21.0,,1,488.7,25522,93.91,0.010000000000005116,0.010000000000005116,25492,25552,481.55,495.16,61
dia_20_mais,Página14,21.0,,1,488.91,25523,93.92,0.010000000000005116,0.010000000000005116,25493,25553,481.8,495.52,61
dia_20_mais,Página14,21.0,,1,489.56,25526,93.91,0.010000000000005116,0.010000000000005116,25496,25556,482.42,496.64,61
dia_20_mais,Página14,21.0,,1,489.77,25527,93.92,0.010000000000005116,0.010000000000005116,25497,25557,482.63,496.85,61
dia_20_mais,Página14,21.0,,1,493.06,25542,93.91,0.010000000000005116,0.010000000000005116,25512,25572,486.6,500.03,61
dia_20_mais,Página14,21.0,,1,493.26,25543,93.92,0.010000000000005116,0.010000000000005116,25513,25573,486.8,500.24,61
dia_20_mais,Página14,21.0,,1,493.9,25546,93.91,0.010000000000005116,0.010000000000005116,25516,25576,487.43,500.87,61
dia_20_mais,Página14,21.0,,1,494.1,25547,93.92,0.010000000000005116,0.010000000000005116,25517,25577,487.64,501.08,61
dia_20_mais,Página14,21.0,,1,496.04,25554,93.91,0.010000000000005116,0.010000000000005116,25524,25584,489.11,502.54,61
dia_20_mais,Página14,21.0,,1,496.44,25555,93.92,0.010000000000005116,0.010000000000005116,25525,25585,489.32,502.75,61
dia_20_mais,Página14,21.0,,1,497.89,25562,93.91,0.010000000000005116,0.010000000000005116,25532,25592,490.92,504.25,61
dia_20_mais,Página14,21.0,,1,498.09,25563,93.92,0.010000000000005116,0.010000000000005116,25533,25593,491.13,504.46,61
dia_20_mais,Página14,21.0,,1,500.24,25573,93.91,0.010000000000005116,0.010000000000005116,25543,25603,493.26,506.55,61
dia_20_mais,Página14,21.0,,1,500.44,25574,93.92,0.010000000000005116,0.010000000000005116,25544,25604,493.47,506.76,61
dia_20_mais,Página14,21.0,,1,501.92,25581,93.91,0.010000000000005116,0.010000000000005116,25551,25611,494.93,508.91,61
dia_20_mais,Página14,21.0,,1,502.99,25586,93.92,0.010000000000005116,0.010000000000005116,25556,25616,496.64,509.96,61
dia_20_mais,Página14,21.0,,1,503.2,25587,93.91,0.010000000000005116,0.010000000000005116,25557,25617,496.85,510.17,61
dia_20_mais,Página14,21.0,,1,503.41,25588,93.92,0.010000000000005116,0.010000000000005116,25558,25618,497.05,510.37,61
dia_20_mais,Página14,21.0,,1,503.61,25589,93.91,0.010000000000005116,0.010000000000005116,25559,25619,497.26,510.58,61
dia_20_mais,Página14,21.0,,1,504.25,25592,93.92,0.010000000000005116,0.010000000000005116,25562,25622,497.89,511.24,61
dia_20_mais,Página14,21.0,,1,504.67,25594,93.91,0.010000000000005116,0.010000000000005116,25564,25624,498.3,511.65,61
dia_20_mais,Página14,21.0,,1,504.87,25595,93.92,0.010000000000005116,0.010000000000005116,25565,25625,498.53,511.88,61
dia_20_mais,Página14,21.0,,1,505.09,25596,93.91,0.010000000000005116,0.010000000000005116,25566,25626,498.74,512.09,61
dia_20_mais,Página14,21.0,,1,505.5,25598,93.92,0.010000000000005116,0.010000000000005116,25568,25628,499.16,512.5,61
dia_20_mais,Página14,21.0,,1,506.12,25601,93.91,0.010000000000005116,0.010000000000005116,25571,25631,499.82,513.13,61
dia_20_mais,Página14,21.0,,1,506.76,25604,93.92,0.010000000000005116,0.010000000000005116,25574,25634,500.44,513.75,61
dia_20_mais,Página14,21.0,,1,506.97,25605,93.91,0.010000000000005116,0.010000000000005116,25575,25635,500.67,513.96,61
dia_20_mais,Página14,21.0,,1,507.17,25606,93.92,0.010000000000005116,0.010000000000005116,25576,25636,500.87,514.2,61
dia_20_mais,Página14,21.0,,1,507.42,25607,93.91,0.010000000000005116,0.010000000000005116,25577,25637,501.08,514.41,61
dia_20_mais,Página14,21.0,,1,508.31,25609,93.92,0.010000000000005116,0.010000000000005116,25579,25639,501.49,514.82,61
dia_20_mais,Página14,21.0,,1,508.7,25610,93.91,0.010000000000005116,0.010000000000005116,25580,25640,501.71,515.02,61
dia_20_mais,Página14,21.0,,1,509.75,25615,93.92,0.010000000000005116,0.010000000000005116,25585,25645,502.75,516.08,61
dia_20_mais,Página14,21.0,,1,509.96,25616,93.91,0.010000000000005116,0.010000000000005116,25586,25646,502.99,516.29,61
dia_20_mais,Página14,21.0,,1,510.17,25617,93.92,0.010000000000005116,0.010000000000005116,25587,25647,503.2,516.5,61
dia_20_mais,Página14,21.0,,1,510.58,25619,93.91,0.010000000000005116,0.010000000000005116,25589,25649,503.61,516.92,61
dia_20_mais,Página14,21.0,,1,511.24,25622,93.92,0.010000000000005116,0.010000000000005116,25592,25652,504.25,517.58,61
dia_20_mais,Página14,21.0,,1,511.45,25623,93.91,0.010000000000005116,0.010000000000005116,25593,25653,504.46,517.88,61
dia_20_mais,Página14,21.0,,1,511.65,25624,93.92,0.010000000000005116,0.010000000000005116,25594,25654,504.67,518.09,61
dia_20_mais,Página14,21.0,,1,512.09,25626,93.91,0.010000000000005116,0.010000000000005116,25596,25656,505.09,518.51,61
dia_20_mais,Página14,21.0,,1,512.71,25629,93.92,0.010000000000005116,0.010000000000005116,25599,25659,505.7,519.13,61
dia_20_mais,Página14,21.0,,1,512.93,25630,93.91,0.010000000000005116,0.010000000000005116,25600,25660,505.91,519.34,61
dia_20_mais,Página14,21.0,,1,513.13,25631,93.92,0.010000000000005116,0.010000000000005116,25601,25661,506.12,519.55,61
dia_20_mais,Página14,21.0,,1,513.34,25632,93.91,0.010000000000005116,0.010000000000005116,25602,25662,506.35,519.95,61
dia_20_mais,Página14,21.0,,1,513.75,25634,93.92,0.010000000000005116,0.010000000000005116,25604,25664,506.76,520.85,61
dia_20_mais,Página14,21.0,,1,515.67,25643,93.91,0.010000000000005116,0.010000000000005116,25613,25673,509.32,522.72,61
dia_20_mais,Página14,21.0,,1,516.29,25646,93.92,0.010000000000005116,0.010000000000005116,25616,25676,509.96,523.36,61
dia_20_mais,Página14,21.0,,1,516.5,25647,93.91,0.010000000000005116,0.010000000000005116,25617,25677,510.17,523.57,61
dia_20_mais,Página14,21.0,,1,516.71,25648,93.92,0.010000000000005116,0.010000000000005116,25618,25678,510.37,523.77,61
dia_20_mais,Página14,21.0,,1,516.92,25649,93.93,0.010000000000005116,0.010000000000005116,25619,25679,510.58,523.98,61
dia_20_mais,Página14,21.0,,1,517.12,25650,93.92,0.010000000000005116,0.010000000000005116,25620,25680,510.83,524.23,61
dia_20_mais,Página14,21.0,,1,517.88,25653,93.91,0.010000000000005116,0.010000000000005116,25623,25683,511.45,524.85,61
dia_20_mais,Página14,21.0,,1,518.3,25655,93.92,0.010000000000005116,0.010000000000005116,25625,25685,511.88,525.31,61
dia_20_mais,Página14,21.0,,1,519.55,25661,93.91,0.010000000000005116,0.010000000000005116,25631,25691,513.13,526.57,61
dia_20_mais,Página14,21.0,,1,519.95,25662,93.92,0.010000000000005116,0.010000000000005116,25632,25692,513.34,526.78,61
dia_20_mais,Página14,21.0,,1,521.26,25666,93.91,0.010000000000005116,0.010000000000005116,25636,25692,514.2,526.78,57
dia_20_mais,Página14,21.0,,1,522.31,25671,93.92,0.010000000000005116,0.010000000000005116,25641,25692,515.25,526.78,52
dia_20_mais,Página14,21.0,,1,522.72,25673,93.91,0.010000000000005116,0.010000000000005116,25643,25692,515.67,526.78,50
dia_20_mais,Página14,21.0,,1,522.94,25674,93.92,0.010000000000005116,0.010000000000005116,25644,25692,515.88,526.78,49
dia_20_mais,Página14,21.0,,1,526.14,25689,93.91,0.010000000000005116,0.010000000000005116,25659,25692,519.13,526.78,34
dia_20_mais,Página14,21.0,,1,526.78,25692,93.92,0.010000000000005116,0.010000000000005116,25662,25692,519.95,526.78,31
dia_20_mais,Página15,21.0,,1,71.74,25694,93.92,0.010000000000005116,0.010000000000005116,25693,25724,71.53,78.71,32
dia_20_mais,Página15,21.0,,1,72.15,25696,93.91,0.010000000000005116,0.010000000000005116,25693,25726,71.53,79.13,34
dia_20_mais,Página15,21.0,,1,74.49,25704,93.92,0.010000000000005116,0.010000000000005116,25693,25734,71.53,80.82,42
dia_20_mais,Página15,21.0,,1,75.32,25708,93.91,0.010000000000005116,0.010000000000005116,25693,25738,71.53,81.77,46
dia_20_mais,Página15,21.0,,1,75.53,25709,93.92,0.010000000000005116,0.010000000000005116,25693,25739,71.53,81.97,47
dia_20_mais,Página15,21.0,,1,75.98,25711,93.91,0.010000000000005116,0.010000000000005116,25693,25741,71.53,82.42,49
dia_20_mais,Página15,21.0,,1,76.6,25714,93.92,0.010000000000005116,0.010000000000005116,25693,25744,71.53,83.04,52
dia_20_mais,Página15,21.0,,1,78.93,25725,93.91,0.010000000000005116,0.010000000000005116,25695,25755,71.94,85.34,61
dia_20_mais,Página15,21.0,,1,81.56,25737,93.92,0.010000000000005116,0.010000000000005116,25707,25767,75.11,88.5,61
dia_20_mais,Página15,21.0,,1,81.77,25738,93.91,0.010000000000005116,0.010000000000005116,25708,25768,75.32,88.7,61
dia_20_mais,Página15,21.0,,1,82.18,25740,93.92,0.010000000000005116,0.010000000000005116,25710,25770,75.77,89.13,61
dia_20_mais,Página15,21.0,,1,82.42,25741,93.91,0.010000000000005116,0.010000000000005116,25711,25771,75.98,89.34,61
dia_20_mais,Página15,21.0,,1,82.63,25742,93.92,0.010000000000005116,0.010000000000005116,25712,25772,76.19,89.55,61
dia_20_mais,Página15,21.0,,1,82.84,25743,93.91,0.010000000000005116,0.010000000000005116,25713,25773,76.39,89.75,61
dia_20_mais,Página15,21.0,,1,83.04,25744,93.92,0.010000000000005116,0.010000000000005116,25714,25774,76.6,89.96,61
dia_20_mais,Página15,21.0,,1,83.25,25745,93.91,0.010000000000005116,0.010000000000005116,25715,25775,76.84,90.2,61
dia_20_mais,Página15,21.0,,1,83.67,25747,93.92,0.010000000000005116,0.010000000000005116,25717,25777,77.25,90.61,61
dia_20_mais,Página15,21.0,,1,84.08,25749,93.91,0.010000000000005116,0.010000000000005116,25719,25779,77.67,91.03,61
dia_20_mais,Página15,21.0,,1,84.29,25750,93.92,0.010000000000005116,0.010000000000005116,25720,25780,77.88,91.27,61
dia_20_mais,Página15,21.0,,1,84.51,25751,93.91,0.010000000000005116,0.010000000000005116,25721,25781,78.09,91.47,61
dia_20_mais,Página15,21.0,,1,84.72,25752,93.92,0.010000000000005116,0.010000000000005116,25722,25782,78.3,91.68,61
dia_20_mais,Página15,21.0,,1,85.13,25754,93.91,0.010000000000005116,0.010000000000005116,25724,25784,78.71,92.09,61
dia_20_mais,Página15,21.0,,1,85.34,25755,93.92,0.010000000000005116,0.010000000000005116,25725,25785,78.93,92.3,61
dia_20_mais,Página15,21.0,,1,85.55,25756,93.91,0.010000000000005116,0.010000000000005116,25726,25786,79.13,92.51,61
dia_20_mais,Página15,21.0,,1,87.25,25761,93.92,0.010000000000005116,0.010000000000005116,25731,25791,80.2,93.56,61
dia_20_mais,Página15,21.0,,1,87.45,25762,93.91,0.010000000000005116,0.010000000000005116,25732,25792,80.41,93.77,61
dia_20_mais,Página15,21.0,,1,90.2,25775,93.92,0.010000000000005116,0.010000000000005116,25745,25805,83.25,96.51,61
dia_20_mais,Página15,21.0,,1,90.41,25776,93.91,0.010000000000005116,0.010000000000005116,25746,25806,83.46,96.72,61
dia_20_mais,Página15,21.0,,1,91.03,25779,93.92,0.010000000000005116,0.010000000000005116,25749,25809,84.08,97.35,61
dia_20_mais,Página15,21.0,,1,91.47,25781,93.91,0.010000000000005116,0.010000000000005116,25751,25811,84.51,97.77,61
dia_20_mais,Página15,21.0,,1,92.72,25787,93.92,0.010000000000005116,0.010000000000005116,25757,25817,85.95,99.67,61
dia_20_mais,Página15,21.0,,1,92.93,25788,93.91,0.010000000000005116,0.010000000000005116,25758,25818,86.47,99.88,61
dia_20_mais,Página15,21.0,,1,94.64,25796,93.92,0.010000000000005116,0.010000000000005116,25766,25826,88.29,101.58,61
dia_20_mais,Página15,21.0,,1,94.84,25797,93.91,0.010000000000005116,0.010000000000005116,25767,25827,88.5,101.78,61
dia_20_mais,Página15,21.0,,1,98.21,25813,93.92,0.010000000000005116,0.010000000000005116,25783,25843,91.89,105.23,61
dia_20_mais,Página15,21.0,,1,98.58,25814,93.91,0.010000000000005116,0.010000000000005116,25784,25844,92.09,105.44,61
dia_20_mais,Página15,21.0,,1,100.71,25822,93.92,0.010000000000005116,0.010000000000005116,25792,25852,93.77,107.14,61
dia_20_mais,Página15,21.0,,1,100.92,25823,93.91,0.010000000000005116,0.010000000000005116,25793,25853,93.98,107.35,61
dia_20_mais,Página15,21.0,,1,102.67,25831,93.92,0.010000000000005116,0.010000000000005116,25801,25861,95.68,109.19,61
dia_20_mais,Página15,21.0,,1,102.87,25832,93.91,0.010000000000005116,0.010000000000005116,25802,25862,95.89,109.4,61
dia_20_mais,Página15,21.0,,1,103.54,25835,93.92,0.010000000000005116,0.010000000000005116,25805,25865,96.51,110.04,61
dia_20_mais,Página15,21.0,,1,103.75,25836,93.91,0.010000000000005116,0.010000000000005116,25806,25866,96.72,110.28,61
dia_20_mais,Página15,21.0,,1,104.17,25838,93.92,0.010000000000005116,0.010000000000005116,25808,25868,97.15,110.7,61
dia_20_mais,Página15,21.0,,1,104.38,25839,93.91,0.010000000000005116,0.010000000000005116,25809,25869,97.35,110.91,61
dia_20_mais,Página15,21.0,,1,104.81,25841,93.92,0.010000000000005116,0.010000000000005116,25811,25871,97.77,111.81,61
dia_20_mais,Página15,21.0,,1,105.02,25842,93.91,0.010000000000005116,0.010000000000005116,25812,25872,98.01,112.17,61
dia_20_mais,Página15,21.0,,1,105.44,25844,93.92,0.010000000000005116,0.010000000000005116,25814,25874,98.58,112.6,61
dia_20_mais,Página15,21.0,,1,105.65,25845,93.91,0.010000000000005116,0.010000000000005116,25815,25875,99.1,112.81,61
dia_20_mais,Página15,21.0,,1,105.86,25846,93.92,0.010000000000005116,0.010000000000005116,25816,25876,99.46,113.01,61
dia_20_mais,Página15,21.0,,1,106.07,25847,93.91,0.010000000000005116,0.010000000000005116,25817,25877,99.67,113.23,61
dia_20_mais,Página15,21.0,,1,106.28,25848,93.92,0.010000000000005116,0.010000000000005116,25818,25878,99.88,113.45,61
dia_20_mais,Página15,21.0,,1,106.93,25851,93.91,0.010000000000005116,0.010000000000005116,25821,25881,100.51,114.08,61
dia_20_mais,Página15,21.0,,1,107.14,25852,93.92,0.010000000000005116,0.010000000000005116,25822,25882,100.71,114.29,61
dia_20_mais,Página15,21.0,,1,107.35,25853,93.91,0.010000000000005116,0.010000000000005116,25823,25883,100.92,114.5,61
dia_20_mais,Página15,21.0,,1,108.54,25858,93.92,0.010000000000005116,0.010000000000005116,25828,25888,102.0,115.58,61
dia_20_mais,Página15,21.0,,1,109.61,25863,93.91,0.010000000000005116,0.010000000000005116,25833,25893,103.08,116.66,61
dia_20_mais,Página15,21.0,,1,109.83,25864,93.92,0.010000000000005116,0.010000000000005116,25834,25894,103.29,116.88,61
dia_20_mais,Página15,21.0,,1,110.49,25867,93.91,0.010000000000005116,0.010000000000005116,25837,25897,103.96,117.5,61
dia_20_mais,Página15,21.0,,1,110.7,25868,93.92,0.010000000000005116,0.010000000000005116,25838,25898,104.17,117.72,61
dia_20_mais,Página15,21.0,,1,111.81,25871,93.91,0.010000000000005116,0.010000000000005116,25841,25901,104.81,118.36,61
dia_20_mais,Página15,21.0,,1,112.17,25872,93.92,0.010000000000005116,0.010000000000005116,25842,25902,105.02,118.57,61
dia_20_mais,Página15,21.0,,1,112.6,25874,93.91,0.010000000000005116,0.010000000000005116,25844,25904,105.44,118.99,61
dia_20_mais,Página15,21.0,,1,112.81,25875,93.92,0.010000000000005116,0.010000000000005116,25845,25905,105.65,119.24,61
dia_20_mais,Página15,21.0,,1,113.45,25878,93.91,0.010000000000005116,0.010000000000005116,25848,25908,106.28,119.87,61
dia_20_mais,Página15,21.0,,1,114.08,25881,93.92,0.010000000000005116,0.010000000000005116,25851,25911,106.93,120.54,61
dia_20_mais,Página15,21.0,,1,114.74,25884,93.91,0.010000000000005116,0.010000000000005116,25854,25914,107.56,121.16,61
dia_20_mais,Página15,21.0,,1,114.95,25885,93.92,0.010000000000005116,0.010000000000005116,25855,25915,107.77,121.38,61
dia_20_mais,Página15,21.0,,1,115.16,25886,93.91,0.010000000000005116,0.010000000000005116,25856,25916,108.02,121.59,61
dia_20_mais,Página15,21.0,,1,115.58,25888,93.92,0.010000000000005116,0.010000000000005116,25858,25918,108.54,122.01,61
dia_20_mais,Página15,21.0,,1,116.03,25890,93.91,0.010000000000005116,0.010000000000005116,25860,25920,108.96,122.44,61
dia_20_mais,Página15,21.0,,1,118.16,25900,93.92,0.010000000000005116,0.010000000000005116,25870,25930,111.28,125.18,61
dia_20_mais,Página15,21.0,,1,118.36,25901,93.91,0.010000000000005116,0.010000000000005116,25871,25931,111.81,125.39,61
dia_20_mais,Página15,21.0,,1,119.24,25905,93.92,0.010000000000005116,0.010000000000005116,25875,25935,112.81,126.25,61
dia_20_mais,Página15,21.0,,1,119.45,25906,93.91,0.010000000000005116,0.010000000000005116,25876,25936,113.01,126.46,61
dia_20_mais,Página15,21.0,,1,120.33,25910,93.92,0.010000000000005116,0.010000000000005116,25880,25940,113.88,127.31,61
dia_20_mais,Página15,21.0,,1,120.54,25911,93.91,0.010000000000005116,0.010000000000005116,25881,25941,114.08,127.52,61
dia_20_mais,Página15,21.0,,1,122.65,25921,93.92,0.010000000000005116,0.010000000000005116,25891,25951,116.24,129.64,61
dia_20_mais,Página15,21.0,,1,122.86,25922,93.91,0.010000000000005116,0.010000000000005116,25892,25952,116.45,129.85,61
dia_20_mais,Página15,21.0,,1,125.84,25933,93.92,0.010000000000005116,0.010000000000005116,25903,25963,118.78,132.2,61
dia_20_mais,Página15,21.0,,1,126.04,25934,93.91,0.010000000000005116,0.010000000000005116,25904,25964,118.99,132.41,61
dia_20_mais,Página15,21.0,,1,126.25,25935,93.92,0.010000000000005116,0.010000000000005116,25905,25965,119.24,132.62,61
dia_20_mais,Página15,21.0,,1,126.67,25937,93.91,0.010000000000005116,0.010000000000005116,25907,25967,119.66,133.04,61
dia_20_mais,Página15,21.0,,1,128.78,25947,93.92,0.010000000000005116,0.010000000000005116,25917,25977,121.8,135.18,61
dia_20_mais,Página15,21.0,,1,129.0,25948,93.91,0.010000000000005116,0.010000000000005116,25918,25978,122.01,135.39,61
dia_20_mais,Página15,21.0,,1,129.64,25951,93.92,0.010000000000005116,0.010000000000005116,25921,25981,122.65,136.17,61
dia_20_mais,Página15,21.0,,1,130.31,25954,93.91,0.010000000000005116,0.010000000000005116,25924,25984,123.28,137.29,61
dia_20_mais,Página15,21.0,,1,130.73,25956,93.92,0.010000000000005116,0.010000000000005116,25926,25986,123.87,137.87,61
dia_20_mais,Página15,21.0,,1,130.93,25957,93.91,0.010000000000005116,0.010000000000005116,25927,25987,124.39,138.1,61
dia_20_mais,Página15,21.0,,1,133.47,25969,93.92,0.010000000000005116,0.010000000000005116,25939,25999,127.1,140.69,61
dia_20_mais,Página15,21.0,,1,133.69,25970,93.91,0.010000000000005116,0.010000000000005116,25940,26000,127.31,140.9,61
dia_20_mais,Página15,21.0,,1,134.52,25974,93.92,0.010000000000005116,0.010000000000005116,25944,26004,128.15,141.78,61
dia_20_mais,Página15,21.0,,1,134.98,25976,93.91,0.010000000000005116,0.010000000000005116,25946,26006,128.57,142.19,61
dia_20_mais,Página15,21.0,,1,135.18,25977,93.92,0.010000000000005116,0.010000000000005116,25947,26007,128.78,142.42,61
dia_20_mais,Página15,21.0,,1,135.6,25979,93.91,0.010000000000005116,0.010000000000005116,25949,26009,129.22,142.83,61
dia_20_mais,Página15,21.0,,1,137.66,25985,93.92,0.010000000000005116,0.010000000000005116,25955,26015,130.52,144.09,61
dia_20_mais,Página15,21.0,,1,137.87,25986,93.91,0.010000000000005116,0.010000000000005116,25956,26016,130.73,144.3,61
dia_20_mais,Página15,21.0,,1,140.02,25996,93.92,0.010000000000005116,0.010000000000005116,25966,26026,132.83,146.45,61
dia_20_mais,Página15,21.0,,1,140.27,25997,93.91,0.010000000000005116,0.010000000000005116,25967,26027,133.04,146.66,61
dia_20_mais,Página15,21.0,,1,143.25,26011,93.92,0.010000000000005116,0.010000000000005116,25981,26041,136.17,150.26,61
dia_20_mais,Página15,21.0,,1,143.47,26012,93.91,0.010000000000005116,0.010000000000005116,25982,26042,136.37,150.47,61
dia_20_mais,Página15,21.0,,1,144.74,26018,93.92,0.010000000000005116,0.010000000000005116,25988,26048,138.31,151.75,61
dia_20_mais,Página15,21.0,,1,144.94,26019,93.91,0.010000000000005116,0.010000000000005116,25989,26049,138.52,151.96,61
dia_20_mais,Página15,21.0,,1,146.87,26028,93.92,0.010000000000005116,0.010000000000005116,25998,26058,140.48,153.87,61
dia_20_mais,Página15,21.0,,1,147.08,26029,93.91,0.010000000000005116,0.010000000000005116,25999,26059,140.69,154.08,61
dia_20_mais,Página15,21.0,,1,148.35,26035,93.92,0.010000000000005116,0.010000000000005116,26005,26065,141.99,155.37,61
dia_20_mais,Página15,21.0,,1,148.56,26036,93.91,0.010000000000005116,0.010000000000005116,26006,26066,142.19,155.57,61
dia_20_mais,Página15,21.0,,1,149.37,26039,93.92,0.010000000000005116,0.010000000000005116,26009,26069,142.83,156.25,61
dia_20_mais,Página15,21.0,,1,149.89,26040,93.91,0.010000000000005116,0.010000000000005116,26010,26070,143.04,156.45,61
dia_20_mais,Página15,21.0,,1,150.89,26044,93.92,0.010000000000005116,0.010000000000005116,26014,26074,143.88,157.34,61
dia_20_mais,Página15,21.0,,1,151.1,26045,93.91,0.010000000000005116,0.010000000000005116,26015,26075,144.09,157.54,61
dia_20_mais,Página15,21.0,,1,151.34,26046,93.92,0.010000000000005116,0.010000000000005116,26016,26076,144.3,157.75,61
dia_20_mais,Página15,21.0,,1,151.55,26047,93.91,0.010000000000005116,0.010000000000005116,26017,26077,144.51,158.0,61
dia_20_mais,Página15,21.0,,1,154.29,26060,93.92,0.010000000000005116,0.010000000000005116,26030,26090,147.29,160.74,61
dia_20_mais,Página15,21.0,,1,154.5,26061,93.91,0.010000000000005116,0.010000000000005116,26031,26091,147.5,160.95,61
dia_20_mais,Página15,21.0,,1,155.16,26064,93.92,0.010000000000005116,0.010000000000005116,26034,26094,148.14,161.58,61
dia_20_mais,Página15,21.0,,1,155.37,26065,93.91,0.010000000000005116,0.010000000000005116,26035,26095,148.35,161.95,61
dia_20_mais,Página15,21.0,,1,156.25,26069,93.92,0.010000000000005116,0.010000000000005116,26039,26099,149.37,163.26,61
dia_20_mais,Página15,21.0,,1,156.45,26070,93.91,0.010000000000005116,0.010000000000005116,26040,26100,149.89,163.5,61
dia_20_mais,Página15,21.0,,1,162.47,26096,93.92,0.010000000000005116,0.010000000000005116,26066,26126,155.57,169.16,61
dia_20_mais,Página15,21.0,,1,162.85,26097,93.91,0.010000000000005116,0.010000000000005116,26067,26127,155.83,169.37,61
dia_20_mais,Página15,21.0,,1,250.48,26487,93.92,0.010000000000005116,0.010000000000005116,26457,26517,243.97,257.53,61
dia_20_mais,Página15,21.0,,1,385.0,27082,93.92,0.010000000000005116,0.010000000000005116,27052,27112,378.63,392.21,61
dia_20_mais,Página15,21.0,,1,385.33,27083,93.91,0.010000000000005116,0.010000000000005116,27053,27113,378.84,392.42,61
dia_20_mais,Página15,21.0,,1,385.54,27084,93.92,0.010000000000005116,0.010000000000005116,27054,27114,379.05,392.63,61
dia_20_mais,Página15,21.0,,1,385.75,27085,93.91,0.010000000000005116,0.010000000000005116,27055,27115,379.25,392.84,61
