linha_original,Coleta,Dia,Vaso,Tempo,Soil,Temp.,Pres.,MQ2,MQ3,MQ7,MQ8,MQ135,MQ138,Classe
640,dia 11 - Soja Heterodera Vaso 6,11.0,6.0,292.33,107.0,38.7,93.54,6994,14470,550,3207,19948,11271,0
641,dia 11 - Soja Heterodera Vaso 6,11.0,6.0,292.64,89.0,38.7,93.54,6992,14436,554,3208,19972,11270,0
642,dia 11 - Soja Heterodera Vaso 6,11.0,6.0,292.88,87.0,38.7,93.54,6991,14411,553,3208,19984,11271,0
643,dia 11 - Soja Heterodera Vaso 6,11.0,6.0,293.13,86.0,38.7,93.54,6997,14488,553,3209,19958,11270,0
644,dia 11 - Soja Heterodera Vaso 6,11.0,6.0,293.38,83.0,38.7,93.55,6997,14464,554,3210,19964,11269,0
645,dia 11 - Soja Heterodera Vaso 6,11.0,6.0,293.63,85.0,38.7,93.54,7005,14456,554,3210,19962,11268,0
646,dia 11 - Soja Heterodera Vaso 6,11.0,6.0,293.88,86.0,38.7,93.54,7003,14455,554,3211,19970,11271,0
647,dia 11 - Soja Heterodera Vaso 6,11.0,6.0,294.13,99.0,38.7,93.55,7007,14475,554,3211,19935,11271,0
648,dia 11 - Soja Heterodera Vaso 6,11.0,6.0,294.38,82.0,38.7,93.54,7009,14485,554,3210,19963,11270,0
649,dia 11 - Soja Heterodera Vaso 6,11.0,6.0,294.62,76.0,38.7,93.53,7002,14486,556,3210,19969,11270,0
650,dia 11 - Soja Heterodera Vaso 6,11.0,6.0,294.93,77.0,38.7,93.53,7003,14481,555,3211,19966,11271,0
651,dia 11 - Soja Heterodera Vaso 6,11.0,6.0,295.18,101.0,38.8,93.54,7001,14470,554,3211,19967,11270,0
652,dia 11 - Soja Heterodera Vaso 6,11.0,6.0,295.42,82.0,38.8,93.55,6998,14466,557,3211,19968,11270,0
653,dia 11 - Soja Heterodera Vaso 6,11.0,6.0,295.67,83.0,38.8,93.55,7003,14478,554,3209,19935,11269,0
654,dia 11 - Soja Heterodera Vaso 6,11.0,6.0,295.93,88.0,38.8,93.54,6995,14477,567,3222,19953,11270,0
655,dia 11 - Soja Heterodera Vaso 6,11.0,6.0,296.18,87.0,38.8,93.54,6998,14516,567,3222,19937,11301,0
656,dia 11 - Soja Heterodera Vaso 6,11.0,6.0,296.43,97.0,38.8,93.54,6994,14474,567,3220,19963,11299,0
657,dia 11 - Soja Heterodera Vaso 6,11.0,6.0,296.67,77.0,38.7,93.54,6995,14482,567,3219,19952,11302,0
658,dia 11 - Soja Heterodera Vaso 6,11.0,6.0,296.93,94.0,38.8,93.54,6995,14505,566,3219,19964,11307,0
659,dia 11 - Soja Heterodera Vaso 6,11.0,6.0,297.19,100.0,38.8,93.54,6993,14451,566,3222,19963,11293,0
660,dia 11 - Soja Heterodera Vaso 6,11.0,6.0,297.44,80.0,38.8,93.54,6991,14438,566,3219,19962,11306,0
661,dia 11 - Soja Heterodera Vaso 6,11.0,6.0,297.69,93.0,38.8,93.54,6989,14339,566,3218,19969,11311,0
662,dia 11 - Soja Heterodera Vaso 6,11.0,6.0,297.94,86.0,38.8,93.54,6984,14439,567,3220,19973,11310,0
663,dia 11 - Soja Heterodera Vaso 6,11.0,6.0,298.24,99.0,38.8,93.54,6991,14417,565,3218,19979,11308,0
664,dia 11 - Soja Heterodera Vaso 6,11.0,6.0,298.49,100.0,38.8,93.54,6999,14485,566,3219,19970,11307,0
665,dia 11 - Soja Heterodera Vaso 6,11.0,6.0,298.74,78.0,38.8,93.54,7000,14492,566,3220,19929,11306,0
666,dia 11 - Soja Heterodera Vaso 6,11.0,6.0,298.98,97.0,38.8,93.54,7000,14487,565,3222,19963,11304,0
667,dia 11 - Soja Heterodera Vaso 6,11.0,6.0,299.23,91.0,38.7,93.54,6995,14457,565,3220,19969,11304,0
668,dia 11 - Soja Heterodera Vaso 6,11.0,6.0,299.48,101.0,38.8,93.54,6996,14452,564,3220,19971,11304,0
669,dia 11 - Soja Heterodera Vaso 6,11.0,6.0,299.73,79.0,38.8,93.54,7003,14474,565,3219,19968,11304,0
670,dia 11 - Soja Heterodera Vaso 6,11.0,6.0,299.98,89.0,38.8,93.04,6979,14433,563,3217,19929,11285,0
671,dia 11 - Soja Heterodera Vaso 6,11.0,6.0,300.23,86.0,38.8,91.56,6979,14465,551,3205,19909,11281,0
672,dia 11 - Soja Heterodera Vaso 6,11.0,6.0,300.5,90.0,38.8,90.19,6999,14419,558,3212,19906,11278,0
673,dia 11 - Soja Heterodera Vaso 6,11.0,6.0,300.75,90.0,38.8,89.13,7003,14420,557,3214,19916,11281,0
674,dia 11 - Soja Heterodera Vaso 6,11.0,6.0,301.0,86.0,38.8,88.18,6987,14280,555,3210,19953,11277,0
675,dia 11 - Soja Heterodera Vaso 6,11.0,6.0,301.25,84.0,38.8,87.34,6999,14395,555,3210,19913,11302,0
676,dia 11 - Soja Heterodera Vaso 6,11.0,6.0,301.55,84.0,38.8,86.38,7008,14425,556,3211,19903,11293,0
677,dia 11 - Soja Heterodera Vaso 6,11.0,6.0,301.8,88.0,38.8,85.66,7006,14444,555,3210,19904,11288,0
678,dia 11 - Soja Heterodera Vaso 6,11.0,6.0,302.04,92.0,38.8,85.0,6926,14300,547,3206,19913,11288,0
679,dia 11 - Soja Heterodera Vaso 6,11.0,6.0,302.46,87.0,38.8,83.98,6973,14413,553,3210,19931,11285,0
680,dia 11 - Soja Heterodera Vaso 6,11.0,6.0,303.02,82.0,38.8,82.71,6945,14487,560,3212,19943,11277,0
681,dia 11 - Soja Heterodera Vaso 6,11.0,6.0,303.43,97.0,38.8,81.88,6923,14526,556,3210,19939,11268,0
682,dia 11 - Soja Heterodera Vaso 6,11.0,6.0,303.74,85.0,38.8,81.31,6960,14850,561,3215,19846,11268,0
683,dia 11 - Soja Heterodera Vaso 6,11.0,6.0,303.98,88.0,38.8,80.87,6940,14875,563,3216,19844,11265,0
684,dia 11 - Soja Heterodera Vaso 6,11.0,6.0,304.23,83.0,38.8,80.44,6930,14835,560,3214,19857,11264,0
685,dia 11 - Soja Heterodera Vaso 6,11.0,6.0,304.48,104.0,38.8,80.05,6911,14670,561,3214,19894,11255,0
686,dia 11 - Soja Heterodera Vaso 6,11.0,6.0,304.73,124.0,38.8,79.66,6896,14643,565,3218,19897,11257,0
687,dia 11 - Soja Heterodera Vaso 6,11.0,6.0,304.98,83.0,38.8,79.29,6889,14558,566,3219,19885,11239,0
688,dia 11 - Soja Heterodera Vaso 6,11.0,6.0,305.23,83.0,38.8,78.93,6909,14669,565,3216,19871,11251,0
689,dia 11 - Soja Heterodera Vaso 6,11.0,6.0,305.48,87.0,38.8,78.59,6901,14676,563,3216,19859,11249,0
690,dia 11 - Soja Heterodera Vaso 6,11.0,6.0,305.73,99.0,38.8,78.26,6884,14684,560,3214,19854,11248,0
691,dia 11 - Soja Heterodera Vaso 6,11.0,6.0,306.0,125.0,38.8,77.91,6872,14692,561,3213,19834,11240,0
692,dia 11 - Soja Heterodera Vaso 6,11.0,6.0,306.24,108.0,38.8,77.61,6869,14677,560,3213,19825,11237,0
693,dia 11 - Soja Heterodera Vaso 6,11.0,6.0,306.49,82.0,38.8,77.33,6873,14670,561,3215,19812,11234,0
694,dia 11 - Soja Heterodera Vaso 6,11.0,6.0,306.74,88.0,38.9,77.05,6855,14631,560,3215,19809,11219,0
695,dia 11 - Soja Heterodera Vaso 6,11.0,6.0,307.04,83.0,38.9,76.71,6863,14594,561,3214,19796,11258,0
696,dia 11 - Soja Heterodera Vaso 6,11.0,6.0,307.29,86.0,38.9,76.46,6860,14612,559,3214,19784,11243,0
697,dia 11 - Soja Heterodera Vaso 6,11.0,6.0,307.54,113.0,38.9,76.22,6857,14595,557,3212,19771,11217,0
698,dia 11 - Soja Heterodera Vaso 6,11.0,6.0,307.79,124.0,38.9,75.98,6851,14591,557,3210,19761,11227,0
699,dia 11 - Soja Heterodera Vaso 6,11.0,6.0,308.03,115.0,38.9,75.75,6834,14545,555,3210,19768,11222,0
700,dia 11 - Soja Heterodera Vaso 6,11.0,6.0,308.28,92.0,38.9,75.54,6807,14474,554,3210,19777,11216,0
701,dia 11 - Soja Heterodera Vaso 6,11.0,6.0,308.53,98.0,38.9,75.33,6810,14486,554,3210,19752,11209,0
702,dia 11 - Soja Heterodera Vaso 6,11.0,6.0,308.78,104.0,38.9,75.13,6806,14477,554,3209,19752,11204,0
703,dia 11 - Soja Heterodera Vaso 6,11.0,6.0,309.04,89.0,38.9,74.93,6798,14492,553,3208,19746,11198,0
704,dia 11 - Soja Heterodera Vaso 6,11.0,6.0,309.3,92.0,38.9,74.73,6788,14465,551,3207,19736,11192,0
705,dia 11 - Soja Heterodera Vaso 6,11.0,6.0,309.54,96.0,38.9,74.55,6780,14483,550,3206,19726,11187,0
706,dia 11 - Soja Heterodera Vaso 6,11.0,6.0,309.79,91.0,38.9,74.38,6774,14492,548,3207,19717,11166,0
707,dia 11 - Soja Heterodera Vaso 6,11.0,6.0,310.04,94.0,38.9,74.22,6767,14507,548,3205,19703,11174,0
708,dia 11 - Soja Heterodera Vaso 6,11.0,6.0,310.34,83.0,38.9,74.02,6745,14503,545,3204,19701,11169,0
709,dia 11 - Soja Heterodera Vaso 6,11.0,6.0,310.59,89.0,38.9,73.86,6741,14518,544,3200,19686,11163,0
710,dia 11 - Soja Heterodera Vaso 6,11.0,6.0,310.84,97.0,38.9,73.71,6740,14503,546,3202,19682,11160,0
711,dia 11 - Soja Heterodera Vaso 6,11.0,6.0,311.08,87.0,38.9,73.57,6749,14534,547,3203,19667,11154,0
712,dia 11 - Soja Heterodera Vaso 6,11.0,6.0,311.43,85.0,38.9,73.37,6755,14470,548,3205,19632,11146,0
713,dia 11 - Soja Heterodera Vaso 6,11.0,6.0,311.68,88.0,38.9,73.25,6752,14453,547,3204,19659,11157,0
714,dia 11 - Soja Heterodera Vaso 6,11.0,6.0,311.93,123.0,38.9,73.12,6748,14433,551,3209,19647,11138,0
715,dia 11 - Soja Heterodera Vaso 6,11.0,6.0,312.18,90.0,38.9,72.99,6743,14403,550,3209,19653,11140,0
716,dia 11 - Soja Heterodera Vaso 6,11.0,6.0,312.43,87.0,38.9,72.87,6739,14385,552,3207,19635,11532,0
717,dia 11 - Soja Heterodera Vaso 6,11.0,6.0,312.68,109.0,38.9,72.75,6724,14331,550,3207,19648,11129,0
718,dia 11 - Soja Heterodera Vaso 6,11.0,6.0,312.93,85.0,38.9,72.64,6726,14344,550,3206,19637,11123,0
719,dia 11 - Soja Heterodera Vaso 6,11.0,6.0,313.18,86.0,38.9,72.54,6716,14330,547,3205,19620,11420,0
720,dia 11 - Soja Heterodera Vaso 6,11.0,6.0,313.42,126.0,38.9,72.43,6716,14295,537,3192,19638,11320,0
721,dia 11 - Soja Heterodera Vaso 6,11.0,6.0,313.72,112.0,38.9,72.31,6711,14303,536,3194,19623,11370,0
722,dia 11 - Soja Heterodera Vaso 6,11.0,6.0,313.98,115.0,38.9,72.19,6706,14254,535,3193,19611,12303,0
723,dia 11 - Soja Heterodera Vaso 6,11.0,6.0,314.22,90.0,38.9,72.11,6692,14301,535,3192,19610,12312,0
724,dia 11 - Soja Heterodera Vaso 6,11.0,6.0,314.47,91.0,38.9,72.02,6699,14292,534,3190,19603,12313,0
725,dia 11 - Soja Heterodera Vaso 6,11.0,6.0,314.73,80.0,39.0,71.93,6701,14263,534,3190,19600,12314,0
726,dia 11 - Soja Heterodera Vaso 6,11.0,6.0,314.98,85.0,39.0,71.85,6698,14274,534,3191,19595,12316,0
727,dia 11 - Soja Heterodera Vaso 6,11.0,6.0,315.22,87.0,38.9,71.76,6689,14236,532,3189,19603,12295,0
728,dia 11 - Soja Heterodera Vaso 6,11.0,6.0,315.47,84.0,39.0,71.68,6687,14240,531,3187,19588,12299,0
729,dia 11 - Soja Heterodera Vaso 6,11.0,6.0,315.72,88.0,39.0,71.6,6683,14222,531,3188,19585,12293,0
730,dia 11 - Soja Heterodera Vaso 6,11.0,6.0,315.98,87.0,39.0,71.54,6682,14199,532,3188,19588,12282,0
731,dia 11 - Soja Heterodera Vaso 6,11.0,6.0,316.23,85.0,39.0,71.45,6674,14191,531,3190,19581,12275,0
732,dia 11 - Soja Heterodera Vaso 6,11.0,6.0,316.46,122.0,39.0,71.39,6667,14181,531,3190,19566,12266,0
733,dia 11 - Soja Heterodera Vaso 6,11.0,6.0,316.69,123.0,39.0,71.33,6661,14183,531,3188,19567,12253,0
734,dia 11 - Soja Heterodera Vaso 6,11.0,6.0,316.92,115.0,39.0,71.27,6656,14168,530,3188,19567,12178,0
735,dia 11 - Soja Heterodera Vaso 6,11.0,6.0,317.16,78.0,39.0,71.21,6650,14149,530,3187,19561,12247,0
736,dia 11 - Soja Heterodera Vaso 6,11.0,6.0,317.39,79.0,39.0,71.15,6642,14108,530,3186,19562,12239,0
737,dia 11 - Soja Heterodera Vaso 6,11.0,6.0,317.78,87.0,39.0,71.06,6630,14072,528,3186,19572,12227,0
738,dia 11 - Soja Heterodera Vaso 6,11.0,6.0,318.32,85.0,39.0,70.94,6619,14061,526,3184,19555,12199,0
739,dia 11 - Soja Heterodera Vaso 6,11.0,6.0,318.71,83.0,39.0,70.85,6614,14070,527,3185,19525,12181,0
740,dia 11 - Soja Heterodera Vaso 6,11.0,6.0,318.94,84.0,39.0,70.81,6611,14077,524,3184,19532,12173,0
741,dia 11 - Soja Heterodera Vaso 6,11.0,6.0,319.17,83.0,39.0,70.76,6595,13972,524,3182,19556,12165,0
742,dia 11 - Soja Heterodera Vaso 6,11.0,6.0,319.41,85.0,39.0,72.72,6614,13900,529,3185,19548,12122,0
743,dia 11 - Soja Heterodera Vaso 6,11.0,6.0,319.65,82.0,39.0,79.17,6685,13974,540,3197,19607,12122,0
744,dia 11 - Soja Heterodera Vaso 6,11.0,6.0,319.88,86.0,39.0,84.02,6829,14076,553,3210,19610,12104,0
745,dia 11 - Soja Heterodera Vaso 6,11.0,6.0,320.11,86.0,39.0,87.73,6806,14139,551,3210,19613,12073,0
746,dia 11 - Soja Heterodera Vaso 6,11.0,6.0,320.34,80.0,39.0,90.44,6833,14122,554,3211,19579,12019,0
747,dia 11 - Soja Heterodera Vaso 6,11.0,6.0,320.58,83.0,39.0,92.23,6816,14137,552,3209,19529,11995,0
748,dia 11 - Soja Heterodera Vaso 6,11.0,6.0,320.81,79.0,39.1,93.18,6844,14110,557,3212,19475,11957,0
749,dia 11 - Soja Heterodera Vaso 6,11.0,6.0,321.04,89.0,39.1,93.47,6827,14069,556,3212,19416,11918,0
750,dia 11 - Soja Heterodera Vaso 6,11.0,6.0,321.27,85.0,39.1,93.52,6808,13990,555,3211,19347,11883,0
751,dia 11 - Soja Heterodera Vaso 6,11.0,6.0,321.5,95.0,39.1,93.52,6798,13980,556,3211,19313,11851,0
752,dia 11 - Soja Heterodera Vaso 6,11.0,6.0,321.74,116.0,39.1,93.52,6789,13976,556,3212,19258,11824,0
753,dia 11 - Soja Heterodera Vaso 6,11.0,6.0,321.97,79.0,39.1,93.52,6787,13994,556,3213,19210,11800,0
754,dia 11 - Soja Heterodera Vaso 6,11.0,6.0,322.2,79.0,39.1,93.53,6778,13958,556,3212,19185,11781,0
755,dia 11 - Soja Heterodera Vaso 6,11.0,6.0,322.43,82.0,39.1,93.52,6771,13964,555,3211,19161,11763,0
756,dia 11 - Soja Heterodera Vaso 6,11.0,6.0,322.66,80.0,39.1,93.52,6763,13927,555,3212,19157,11751,0
757,dia 11 - Soja Heterodera Vaso 6,11.0,6.0,322.95,84.0,39.1,93.53,6754,13907,555,3213,19133,11731,0
758,dia 11 - Soja Heterodera Vaso 6,11.0,6.0,323.18,88.0,39.1,93.53,6736,13870,555,3212,19085,11723,0
759,dia 11 - Soja Heterodera Vaso 6,11.0,6.0,323.41,89.0,39.1,93.53,6743,13886,555,3212,19106,11734,0
760,dia 11 - Soja Heterodera Vaso 6,11.0,6.0,323.64,85.0,39.1,93.53,6728,13868,555,3211,19096,11728,0
761,dia 11 - Soja Heterodera Vaso 6,11.0,6.0,323.88,82.0,39.1,93.53,6733,13854,556,3211,19088,11711,0
762,dia 11 - Soja Heterodera Vaso 6,11.0,6.0,324.12,84.0,39.1,93.52,6731,13849,555,3212,19078,11698,0
763,dia 11 - Soja Heterodera Vaso 6,11.0,6.0,324.35,93.0,39.1,93.53,6728,13819,555,3212,19073,11687,0
764,dia 11 - Soja Heterodera Vaso 6,11.0,6.0,324.58,121.0,39.2,93.53,6723,13812,555,3211,19077,11678,0
765,dia 11 - Soja Heterodera Vaso 6,11.0,6.0,324.81,90.0,39.2,93.53,6725,13829,556,3211,19062,11671,0
766,dia 11 - Soja Heterodera Vaso 6,11.0,6.0,325.05,79.0,39.2,93.53,6724,13827,556,3212,19059,11648,0
767,dia 11 - Soja Heterodera Vaso 6,11.0,6.0,325.28,88.0,39.2,93.53,6712,13818,556,3211,19061,11659,0
768,dia 11 - Soja Heterodera Vaso 6,11.0,6.0,325.51,92.0,39.2,93.53,6720,13802,556,3211,19062,11655,0
769,dia 11 - Soja Heterodera Vaso 6,11.0,6.0,325.74,89.0,39.2,93.53,6720,13808,557,3211,19058,11653,0
770,dia 11 - Soja Heterodera Vaso 6,11.0,6.0,325.97,81.0,39.2,93.53,6719,13808,556,3212,19054,11632,0
771,dia 11 - Soja Heterodera Vaso 6,11.0,6.0,326.2,89.0,39.2,93.53,6710,13803,556,3212,19052,11644,0
772,dia 11 - Soja Heterodera Vaso 6,11.0,6.0,326.44,87.0,39.2,93.53,6719,13799,556,3212,19052,11641,0
773,dia 11 - Soja Heterodera Vaso 6,11.0,6.0,326.67,86.0,39.2,93.52,6720,13799,557,3213,19056,11642,0
774,dia 11 - Soja Heterodera Vaso 6,11.0,6.0,326.9,85.0,39.2,93.53,6719,13793,557,3212,19028,11638,0
775,dia 11 - Soja Heterodera Vaso 6,11.0,6.0,327.13,89.0,39.2,93.53,6718,13787,556,3212,19046,11641,0
776,dia 11 - Soja Heterodera Vaso 6,11.0,6.0,327.42,93.0,39.2,93.54,6718,13777,558,3212,19058,11633,0
777,dia 11 - Soja Heterodera Vaso 6,11.0,6.0,327.65,84.0,39.2,93.53,6717,13780,558,3211,19068,11618,0
778,dia 11 - Soja Heterodera Vaso 6,11.0,6.0,327.88,89.0,39.2,93.53,6715,13773,559,3213,19068,11606,0
779,dia 11 - Soja Heterodera Vaso 6,11.0,6.0,328.11,94.0,39.2,93.53,6714,13763,560,3214,19074,10775,0
2830,dia 11 - Soja Heterodera Vaso 7,11.0,7.0,232.9,61.0,44.6,93.53,6888,13897,758,3606,19756,11587,0
2831,dia 11 - Soja Heterodera Vaso 7,11.0,7.0,233.13,66.0,44.6,93.53,6897,13890,756,3606,19726,11578,0
2832,dia 11 - Soja Heterodera Vaso 7,11.0,7.0,233.36,65.0,44.6,93.53,6893,13884,754,3597,19739,11575,0
2833,dia 11 - Soja Heterodera Vaso 7,11.0,7.0,233.6,63.0,44.6,93.53,6886,13888,767,3615,19746,11575,0
2834,dia 11 - Soja Heterodera Vaso 7,11.0,7.0,233.83,70.0,44.6,93.53,6869,13846,771,3609,19746,11576,0
2835,dia 11 - Soja Heterodera Vaso 7,11.0,7.0,234.12,69.0,44.6,93.53,6873,13883,789,3635,19746,11573,0
2836,dia 11 - Soja Heterodera Vaso 7,11.0,7.0,234.36,61.0,44.6,93.53,6877,13907,791,3639,19734,11571,0
2837,dia 11 - Soja Heterodera Vaso 7,11.0,7.0,234.59,64.0,44.6,93.53,6876,13871,789,3638,19742,11572,0
2838,dia 11 - Soja Heterodera Vaso 7,11.0,7.0,234.83,63.0,44.6,93.52,6876,13885,788,3635,19749,11575,0
2839,dia 11 - Soja Heterodera Vaso 7,11.0,7.0,235.07,68.0,44.6,93.52,6861,13861,786,3635,19753,11572,0
2840,dia 11 - Soja Heterodera Vaso 7,11.0,7.0,235.3,66.0,44.7,93.53,6864,13868,786,3634,19743,11573,0
2841,dia 11 - Soja Heterodera Vaso 7,11.0,7.0,235.54,62.0,44.7,93.53,6874,13865,785,3631,19776,11575,0
2842,dia 11 - Soja Heterodera Vaso 7,11.0,7.0,235.77,59.0,44.7,93.53,6873,13840,785,3630,19758,11577,0
2843,dia 11 - Soja Heterodera Vaso 7,11.0,7.0,236.0,61.0,44.7,93.53,6875,13859,784,3633,19768,11581,0
2844,dia 11 - Soja Heterodera Vaso 7,11.0,7.0,236.24,64.0,44.7,93.53,6873,13899,785,3634,19748,11583,0
2845,dia 11 - Soja Heterodera Vaso 7,11.0,7.0,236.47,63.0,44.7,93.53,6887,13916,785,3635,19746,11586,0
2846,dia 11 - Soja Heterodera Vaso 7,11.0,7.0,236.71,68.0,44.7,93.53,6884,13898,784,3634,19750,11589,0
2847,dia 11 - Soja Heterodera Vaso 7,11.0,7.0,236.94,66.0,44.7,93.53,6874,13865,782,3632,19733,11587,0
2848,dia 11 - Soja Heterodera Vaso 7,11.0,7.0,237.17,66.0,44.7,93.52,6873,13818,781,3631,19754,11590,0
2849,dia 11 - Soja Heterodera Vaso 7,11.0,7.0,237.46,61.0,44.7,93.53,6877,13891,783,3632,19751,11590,0
2850,dia 11 - Soja Heterodera Vaso 7,11.0,7.0,237.7,62.0,44.7,93.53,6879,13841,782,3633,19758,11591,0
2851,dia 11 - Soja Heterodera Vaso 7,11.0,7.0,237.93,57.0,44.7,93.53,6870,13902,775,3624,19754,11594,0
2852,dia 11 - Soja Heterodera Vaso 7,11.0,7.0,238.16,57.0,44.7,93.53,6898,13953,777,3626,19707,11594,0
2853,dia 11 - Soja Heterodera Vaso 7,11.0,7.0,238.41,54.0,44.7,93.52,6915,13933,751,3608,19755,11602,0
2854,dia 11 - Soja Heterodera Vaso 7,11.0,7.0,238.65,59.0,44.7,93.53,6917,13942,744,3601,19742,11599,0
2855,dia 11 - Soja Heterodera Vaso 7,11.0,7.0,238.88,60.0,44.7,93.53,6892,13796,748,3600,19788,11583,0
2856,dia 11 - Soja Heterodera Vaso 7,11.0,7.0,239.11,63.0,44.7,93.53,6906,13907,752,3604,19753,11601,0
2857,dia 11 - Soja Heterodera Vaso 7,11.0,7.0,239.34,69.0,44.7,93.53,6915,13976,755,3607,19735,11604,0
2858,dia 11 - Soja Heterodera Vaso 7,11.0,7.0,239.58,70.0,44.7,93.52,6917,13963,754,3603,19738,11604,0
2859,dia 11 - Soja Heterodera Vaso 7,11.0,7.0,239.82,66.0,44.7,93.53,6898,13838,753,3603,19770,11591,0
2860,dia 11 - Soja Heterodera Vaso 7,11.0,7.0,240.05,61.0,44.7,92.59,6872,13826,762,3610,19744,11587,0
2861,dia 11 - Soja Heterodera Vaso 7,11.0,7.0,240.28,67.0,44.7,91.24,6876,13865,753,3604,19715,11587,0
2862,dia 11 - Soja Heterodera Vaso 7,11.0,7.0,240.51,68.0,44.7,90.07,6881,13870,759,3607,19693,11569,0
2863,dia 11 - Soja Heterodera Vaso 7,11.0,7.0,240.8,57.0,44.7,88.8,6861,13861,752,3604,19705,11576,0
2864,dia 11 - Soja Heterodera Vaso 7,11.0,7.0,241.04,67.0,44.7,87.88,6835,13875,754,3605,19680,11573,0
2865,dia 11 - Soja Heterodera Vaso 7,11.0,7.0,241.43,66.0,44.6,86.49,6851,13864,751,3604,19714,11569,0
2866,dia 11 - Soja Heterodera Vaso 7,11.0,7.0,241.97,57.0,44.7,84.79,6827,13789,754,3606,19757,11563,0
2867,dia 11 - Soja Heterodera Vaso 7,11.0,7.0,242.36,71.0,44.7,83.7,6851,13848,756,3605,19713,11561,0
2868,dia 11 - Soja Heterodera Vaso 7,11.0,7.0,242.6,69.0,44.7,83.1,6818,13833,768,3620,19757,11557,0
2869,dia 11 - Soja Heterodera Vaso 7,11.0,7.0,242.84,69.0,44.7,82.52,6845,13918,771,3621,19734,11559,0
2870,dia 11 - Soja Heterodera Vaso 7,11.0,7.0,243.09,64.0,44.7,81.91,6828,13879,769,3623,19754,11552,0
2871,dia 11 - Soja Heterodera Vaso 7,11.0,7.0,243.32,66.0,44.7,81.39,6849,13888,771,3623,19761,11551,0
2872,dia 11 - Soja Heterodera Vaso 7,11.0,7.0,243.56,60.0,44.7,80.88,6838,13859,772,3625,19783,11550,0
2873,dia 11 - Soja Heterodera Vaso 7,11.0,7.0,243.79,67.0,44.7,80.39,6819,13794,765,3618,19795,11531,0
2874,dia 11 - Soja Heterodera Vaso 7,11.0,7.0,244.03,68.0,44.7,79.92,6829,13816,767,3617,19795,11548,0
2875,dia 11 - Soja Heterodera Vaso 7,11.0,7.0,244.26,62.0,44.7,79.48,6831,13828,768,3617,19775,11546,0
2876,dia 11 - Soja Heterodera Vaso 7,11.0,7.0,244.49,62.0,44.7,79.04,6817,13817,767,3618,19784,11539,0
2877,dia 11 - Soja Heterodera Vaso 7,11.0,7.0,244.73,60.0,44.7,78.63,6803,13760,767,3619,19792,11538,0
2878,dia 11 - Soja Heterodera Vaso 7,11.0,7.0,244.96,65.0,44.7,78.23,6788,13757,766,3616,19771,11532,0
2879,dia 11 - Soja Heterodera Vaso 7,11.0,7.0,245.26,69.0,44.7,77.74,6839,13949,771,3628,19721,11532,0
2880,dia 11 - Soja Heterodera Vaso 7,11.0,7.0,245.49,68.0,44.7,77.37,6830,13941,776,3630,19722,11532,0
2881,dia 11 - Soja Heterodera Vaso 7,11.0,7.0,245.72,71.0,44.7,77.01,6819,13926,775,3625,19713,11526,0
2882,dia 11 - Soja Heterodera Vaso 7,11.0,7.0,245.96,66.0,44.7,76.67,6808,13908,770,3622,19709,11523,0
2883,dia 11 - Soja Heterodera Vaso 7,11.0,7.0,246.29,79.0,44.7,76.2,6792,13946,765,3615,19691,11515,0
2884,dia 11 - Soja Heterodera Vaso 7,11.0,7.0,246.53,71.0,44.7,75.88,6799,13942,767,3618,19697,11515,0
2885,dia 11 - Soja Heterodera Vaso 7,11.0,7.0,246.76,76.0,44.7,75.58,6801,13851,764,3616,19703,11491,0
2886,dia 11 - Soja Heterodera Vaso 7,11.0,7.0,246.99,70.0,44.7,75.29,6785,13891,761,3613,19680,11502,0
2887,dia 11 - Soja Heterodera Vaso 7,11.0,7.0,247.24,69.0,44.7,75.0,6787,13894,756,3608,19677,11498,0
2888,dia 11 - Soja Heterodera Vaso 7,11.0,7.0,247.5,69.0,44.7,74.68,6789,13905,752,3604,19656,11493,0
2889,dia 11 - Soja Heterodera Vaso 7,11.0,7.0,247.73,77.0,44.7,74.42,6784,13916,752,3602,19651,11488,0
2890,dia 11 - Soja Heterodera Vaso 7,11.0,7.0,247.96,67.0,44.7,74.16,6777,13897,749,3603,19658,11487,0
2891,dia 11 - Soja Heterodera Vaso 7,11.0,7.0,248.19,73.0,44.7,73.91,6763,13842,751,3603,19671,11466,0
2892,dia 11 - Soja Heterodera Vaso 7,11.0,7.0,248.43,79.0,44.7,73.67,6758,13830,747,3600,19666,11477,0
2893,dia 11 - Soja Heterodera Vaso 7,11.0,7.0,248.67,73.0,44.7,73.43,6753,13889,749,3603,19645,11474,0
2894,dia 11 - Soja Heterodera Vaso 7,11.0,7.0,248.9,225.0,44.6,73.21,6776,13826,751,3606,19646,11467,0
2895,dia 11 - Soja Heterodera Vaso 7,11.0,7.0,249.14,220.0,44.7,73.0,6767,13810,752,3608,19640,11464,0
2896,dia 11 - Soja Heterodera Vaso 7,11.0,7.0,249.37,224.0,44.7,72.79,6761,13828,750,3605,19632,11460,0
2897,dia 11 - Soja Heterodera Vaso 7,11.0,7.0,249.66,76.0,44.7,72.53,6763,13845,746,3603,19622,11454,0
2898,dia 11 - Soja Heterodera Vaso 7,11.0,7.0,249.9,76.0,44.7,72.33,6758,13863,749,3604,19621,11454,0
2899,dia 11 - Soja Heterodera Vaso 7,11.0,7.0,250.13,74.0,44.7,72.14,6747,13873,754,3607,19615,11449,0
2900,dia 11 - Soja Heterodera Vaso 7,11.0,7.0,250.37,66.0,44.7,71.95,6739,13868,748,3604,19611,11444,0
2901,dia 11 - Soja Heterodera Vaso 7,11.0,7.0,250.61,74.0,44.7,71.77,6719,13841,746,3599,19632,11445,0
2902,dia 11 - Soja Heterodera Vaso 7,11.0,7.0,250.84,69.0,44.7,71.59,6720,13746,743,3596,19653,11440,0
2903,dia 11 - Soja Heterodera Vaso 7,11.0,7.0,251.07,60.0,44.7,71.43,6732,13744,745,3599,19622,11432,0
2904,dia 11 - Soja Heterodera Vaso 7,11.0,7.0,251.31,59.0,44.7,71.27,6735,13801,746,3598,19613,11429,0
2905,dia 11 - Soja Heterodera Vaso 7,11.0,7.0,251.54,57.0,44.7,71.11,6727,13808,747,3600,19598,11422,0
2906,dia 11 - Soja Heterodera Vaso 7,11.0,7.0,251.82,64.0,44.7,70.92,6722,13827,744,3599,19589,11417,0
2907,dia 11 - Soja Heterodera Vaso 7,11.0,7.0,252.06,55.0,44.7,70.78,6726,13898,740,3595,19558,11409,0
2908,dia 11 - Soja Heterodera Vaso 7,11.0,7.0,252.29,54.0,44.7,70.63,6718,13896,745,3597,19549,11388,0
2909,dia 11 - Soja Heterodera Vaso 7,11.0,7.0,252.53,49.0,44.7,70.49,6710,13927,736,3593,19543,11398,0
2910,dia 11 - Soja Heterodera Vaso 7,11.0,7.0,252.77,46.0,44.7,70.94,6734,13828,736,3592,19516,11358,0
2911,dia 11 - Soja Heterodera Vaso 7,11.0,7.0,253.01,52.0,44.7,78.14,6795,13921,751,3607,19563,11363,0
2912,dia 11 - Soja Heterodera Vaso 7,11.0,7.0,253.25,50.0,44.7,83.13,6832,13949,751,3608,19626,11364,0
2913,dia 11 - Soja Heterodera Vaso 7,11.0,7.0,253.48,49.0,44.7,87.06,6858,13962,753,3608,19655,11368,0
2914,dia 11 - Soja Heterodera Vaso 7,11.0,7.0,253.71,48.0,44.7,89.98,6871,13943,753,3606,19610,11362,0
2915,dia 11 - Soja Heterodera Vaso 7,11.0,7.0,253.95,52.0,44.7,92.0,6867,13882,757,3612,19575,11354,0
2916,dia 11 - Soja Heterodera Vaso 7,11.0,7.0,254.18,50.0,44.7,93.08,6857,13868,760,3613,19525,11345,0
2917,dia 11 - Soja Heterodera Vaso 7,11.0,7.0,254.41,47.0,44.7,93.46,6852,13869,764,3617,19462,11333,0
2918,dia 11 - Soja Heterodera Vaso 7,11.0,7.0,254.65,49.0,44.7,93.5,6838,13831,763,3617,19407,11302,0
2919,dia 11 - Soja Heterodera Vaso 7,11.0,7.0,254.88,46.0,44.8,93.52,6818,13822,764,3618,19371,11314,0
2920,dia 11 - Soja Heterodera Vaso 7,11.0,7.0,255.17,52.0,44.8,93.51,6810,13770,762,3615,19299,11291,0
2921,dia 11 - Soja Heterodera Vaso 7,11.0,7.0,255.4,51.0,44.8,93.51,6798,13747,761,3612,19281,11281,0
2922,dia 11 - Soja Heterodera Vaso 7,11.0,7.0,255.63,49.0,44.8,93.51,6788,13728,760,3613,19258,11268,0
2923,dia 11 - Soja Heterodera Vaso 7,11.0,7.0,256.02,48.0,44.8,93.51,6772,13682,764,3613,19242,11255,0
2924,dia 11 - Soja Heterodera Vaso 7,11.0,7.0,256.62,48.0,44.8,93.52,6743,13576,762,3614,19238,11240,0
2925,dia 11 - Soja Heterodera Vaso 7,11.0,7.0,257.02,49.0,44.8,93.51,6712,13384,757,3612,19267,11226,0
2926,dia 11 - Soja Heterodera Vaso 7,11.0,7.0,257.25,49.0,44.8,93.51,6716,13439,757,3608,19238,11221,0
2927,dia 11 - Soja Heterodera Vaso 7,11.0,7.0,257.49,47.0,44.8,93.52,6707,13401,754,3606,19231,11211,0
2928,dia 11 - Soja Heterodera Vaso 7,11.0,7.0,257.72,46.0,44.8,93.52,6701,13381,754,3607,19227,11190,0
2929,dia 11 - Soja Heterodera Vaso 7,11.0,7.0,257.95,48.0,44.8,93.52,6689,13397,760,3613,19213,11200,0
2930,dia 11 - Soja Heterodera Vaso 7,11.0,7.0,258.19,43.0,44.8,93.52,6698,13407,760,3613,19201,11202,0
2931,dia 11 - Soja Heterodera Vaso 7,11.0,7.0,258.46,50.0,44.8,93.52,6696,13400,760,3614,19197,11195,0
2932,dia 11 - Soja Heterodera Vaso 7,11.0,7.0,258.7,45.0,44.8,93.53,6695,13401,761,3614,19194,11197,0
2933,dia 11 - Soja Heterodera Vaso 7,11.0,7.0,258.93,49.0,44.8,93.5,6698,13420,761,3614,19186,11197,0
2934,dia 11 - Soja Heterodera Vaso 7,11.0,7.0,259.16,45.0,44.8,93.53,6716,13520,762,3614,19131,11204,0
2935,dia 11 - Soja Heterodera Vaso 7,11.0,7.0,259.4,51.0,44.8,93.52,6717,13540,762,3615,19147,11202,0
2936,dia 11 - Soja Heterodera Vaso 7,11.0,7.0,259.66,52.0,44.8,93.52,6718,13542,763,3615,19146,11204,0
2937,dia 11 - Soja Heterodera Vaso 7,11.0,7.0,259.89,49.0,44.8,93.52,6709,13548,764,3616,19146,11206,0
2938,dia 11 - Soja Heterodera Vaso 7,11.0,7.0,260.12,44.0,44.8,93.52,6715,13533,763,3615,19149,11205,0
2939,dia 11 - Soja Heterodera Vaso 7,11.0,7.0,260.36,46.0,44.8,93.52,6716,13512,765,3615,19154,11210,0
2940,dia 11 - Soja Heterodera Vaso 7,11.0,7.0,260.59,48.0,44.8,93.53,6715,13521,763,3614,19143,11218,0
2941,dia 11 - Soja Heterodera Vaso 7,11.0,7.0,260.82,45.0,44.8,93.52,6719,13556,763,3616,19146,11216,0
2942,dia 11 - Soja Heterodera Vaso 7,11.0,7.0,261.06,45.0,44.8,93.53,6718,13552,764,3615,19149,11218,0
2943,dia 11 - Soja Heterodera Vaso 7,11.0,7.0,261.29,46.0,44.8,93.52,6717,13543,764,3615,19154,11217,0
2944,dia 11 - Soja Heterodera Vaso 7,11.0,7.0,261.52,42.0,44.8,93.52,6718,13527,763,3616,19158,11216,0
2945,dia 11 - Soja Heterodera Vaso 7,11.0,7.0,261.82,37.0,44.8,93.52,6714,13524,764,3615,19165,11198,0
2946,dia 11 - Soja Heterodera Vaso 7,11.0,7.0,262.05,46.0,44.9,93.52,6687,13492,756,3613,19177,11214,0
2947,dia 11 - Soja Heterodera Vaso 7,11.0,7.0,262.28,42.0,44.8,93.53,6731,13611,766,3619,19140,11215,0
4555,dia 11 - Soja Heterodera Vaso 7,11.0,7.0,665.68,15.0,46.8,93.54,7417,15074,1399,4285,20582,13484,0
4556,dia 11 - Soja Heterodera Vaso 7,11.0,7.0,665.91,13.0,46.8,93.55,7396,15041,1394,4280,20553,13486,0
4557,dia 11 - Soja Heterodera Vaso 7,11.0,7.0,666.14,13.0,46.8,93.55,7404,15054,1396,4280,20541,13474,0
4558,dia 11 - Soja Heterodera Vaso 7,11.0,7.0,666.38,13.0,46.8,93.55,7404,15053,1393,4278,20542,13470,0
4559,dia 11 - Soja Heterodera Vaso 7,11.0,7.0,666.62,11.0,46.8,93.55,7411,15064,1394,4278,20530,13478,0
4560,dia 11 - Soja Heterodera Vaso 7,11.0,7.0,666.85,11.0,46.8,93.55,7417,15072,1395,4281,20586,13490,0
4561,dia 11 - Soja Heterodera Vaso 7,11.0,7.0,667.09,14.0,46.8,93.55,7416,15054,1395,4281,20590,13487,0
4562,dia 11 - Soja Heterodera Vaso 7,11.0,7.0,667.32,11.0,46.8,93.55,7414,15087,1395,4283,20531,13471,0
4563,dia 11 - Soja Heterodera Vaso 7,11.0,7.0,667.56,14.0,46.8,93.55,7397,14884,1388,4278,20583,13462,0
4564,dia 11 - Soja Heterodera Vaso 7,11.0,7.0,667.79,8.0,46.8,93.55,7392,15049,1393,4279,20564,13469,0
4565,dia 11 - Soja Heterodera Vaso 7,11.0,7.0,668.02,15.0,46.8,93.55,7403,15014,1395,4281,20580,13457,0
4566,dia 11 - Soja Heterodera Vaso 7,11.0,7.0,668.26,17.0,46.8,93.55,7404,15027,1397,4282,20557,13453,0
4567,dia 11 - Soja Heterodera Vaso 7,11.0,7.0,668.49,18.0,46.8,93.55,7392,14951,1392,4278,20572,13446,0
4568,dia 11 - Soja Heterodera Vaso 7,11.0,7.0,668.73,12.0,46.8,93.55,7399,15025,1398,4284,20599,13446,0
4569,dia 11 - Soja Heterodera Vaso 7,11.0,7.0,669.02,11.0,46.8,93.55,7398,15009,1398,4283,20560,13444,0
4570,dia 11 - Soja Heterodera Vaso 7,11.0,7.0,669.25,16.0,46.8,93.55,7394,14992,1396,4282,20564,13433,0
4571,dia 11 - Soja Heterodera Vaso 7,11.0,7.0,669.49,15.0,46.8,93.55,7374,14937,1390,4275,20573,13428,0
4572,dia 11 - Soja Heterodera Vaso 7,11.0,7.0,669.72,17.0,46.8,93.55,7385,14919,1391,4276,20566,13420,0
4573,dia 11 - Soja Heterodera Vaso 7,11.0,7.0,669.96,13.0,46.8,93.55,7411,14970,1390,4278,20669,13482,0
4574,dia 11 - Soja Heterodera Vaso 7,11.0,7.0,670.19,9.0,46.8,93.55,7393,14980,1395,4281,20539,13418,0
4575,dia 11 - Soja Heterodera Vaso 7,11.0,7.0,670.43,17.0,46.8,93.55,7376,14870,1390,4275,20579,13423,0
4576,dia 11 - Soja Heterodera Vaso 7,11.0,7.0,670.66,19.0,46.8,93.55,7394,14940,1395,4284,20624,13444,0
4577,dia 11 - Soja Heterodera Vaso 7,11.0,7.0,670.9,15.0,46.8,93.55,7402,14977,1395,4284,20603,13437,0
4578,dia 11 - Soja Heterodera Vaso 7,11.0,7.0,671.17,15.0,46.8,93.55,7402,14970,1392,4281,20641,13445,0
4579,dia 11 - Soja Heterodera Vaso 7,11.0,7.0,671.4,13.0,46.7,93.55,7385,14917,1399,4286,20651,13443,0
4580,dia 11 - Soja Heterodera Vaso 7,11.0,7.0,671.64,12.0,46.8,93.55,7392,14898,1400,4286,20617,13435,0
4581,dia 11 - Soja Heterodera Vaso 7,11.0,7.0,671.87,20.0,46.8,93.55,7390,14918,1401,4286,20611,13431,0
4582,dia 11 - Soja Heterodera Vaso 7,11.0,7.0,672.11,8.0,46.8,93.55,7389,14895,1396,4282,20626,13431,0
4583,dia 11 - Soja Heterodera Vaso 7,11.0,7.0,672.36,12.0,46.8,93.55,7345,14759,1438,4323,20630,13424,0
4584,dia 11 - Soja Heterodera Vaso 7,11.0,7.0,672.6,18.0,46.8,93.55,7377,14895,1454,4336,20608,13419,0
4585,dia 11 - Soja Heterodera Vaso 7,11.0,7.0,672.83,14.0,46.8,93.19,7318,14828,1449,4335,20501,13353,0
4586,dia 11 - Soja Heterodera Vaso 7,11.0,7.0,673.06,12.0,46.8,92.34,7336,14854,1449,4332,20484,13360,0
4587,dia 11 - Soja Heterodera Vaso 7,11.0,7.0,673.3,10.0,46.8,91.83,7328,14836,1458,4339,20505,13351,0
4588,dia 11 - Soja Heterodera Vaso 7,11.0,7.0,673.53,13.0,46.8,91.5,7323,14804,1446,4332,20516,13345,0
5167,dia 12 - Soja Heterodera Vaso 6,12.0,6.0,292.94,159.0,28.0,93.71,6130,14408,251,2575,19103,10960,0
5168,dia 12 - Soja Heterodera Vaso 6,12.0,6.0,293.17,160.0,28.0,93.7,6135,14415,250,2574,19091,10945,0
5169,dia 12 - Soja Heterodera Vaso 6,12.0,6.0,293.41,164.0,28.0,93.7,6134,14417,247,2570,19093,10964,0
5170,dia 12 - Soja Heterodera Vaso 6,12.0,6.0,293.65,163.0,28.0,93.7,6138,14434,238,2561,19171,11007,0
5171,dia 12 - Soja Heterodera Vaso 6,12.0,6.0,293.88,159.0,28.0,93.7,6148,14414,244,2567,19066,10949,0
5172,dia 12 - Soja Heterodera Vaso 6,12.0,6.0,294.11,156.0,28.0,93.71,6124,14395,243,2567,19047,10943,0
5173,dia 12 - Soja Heterodera Vaso 6,12.0,6.0,294.35,159.0,28.0,93.7,6141,14420,242,2565,19102,10993,0
5174,dia 12 - Soja Heterodera Vaso 6,12.0,6.0,294.58,164.0,28.0,93.71,6130,14425,251,2574,19100,10973,0
5175,dia 12 - Soja Heterodera Vaso 6,12.0,6.0,294.82,166.0,28.0,93.71,6146,14426,224,2548,19100,10972,0
5176,dia 12 - Soja Heterodera Vaso 6,12.0,6.0,295.05,157.0,28.0,93.7,6136,14436,248,2566,19116,11005,0
5177,dia 12 - Soja Heterodera Vaso 6,12.0,6.0,295.29,159.0,28.0,93.71,6141,14420,232,2557,19140,10998,0
5178,dia 12 - Soja Heterodera Vaso 6,12.0,6.0,295.52,157.0,28.0,93.7,6154,14437,224,2551,19113,10988,0
5179,dia 12 - Soja Heterodera Vaso 6,12.0,6.0,295.76,153.0,28.0,93.7,6135,14413,237,2564,19097,10984,0
5180,dia 12 - Soja Heterodera Vaso 6,12.0,6.0,296.0,157.0,28.0,93.7,6155,14428,224,2551,19113,10994,0
5181,dia 12 - Soja Heterodera Vaso 6,12.0,6.0,296.24,158.0,28.0,93.71,6135,14430,244,2572,19112,10980,0
5182,dia 12 - Soja Heterodera Vaso 6,12.0,6.0,296.47,160.0,28.0,93.7,6117,14396,242,2567,19071,10973,0
5183,dia 12 - Soja Heterodera Vaso 6,12.0,6.0,296.71,158.0,28.0,93.7,6146,14422,233,2559,19106,10993,0
5184,dia 12 - Soja Heterodera Vaso 6,12.0,6.0,296.95,159.0,28.0,93.69,6164,14446,226,2552,19136,11012,0
5185,dia 12 - Soja Heterodera Vaso 6,12.0,6.0,297.2,158.0,28.0,93.71,6143,14431,241,2567,19128,11006,0
5186,dia 12 - Soja Heterodera Vaso 6,12.0,6.0,297.43,162.0,28.0,93.7,6135,14473,267,2588,19183,11045,0
5187,dia 12 - Soja Heterodera Vaso 6,12.0,6.0,297.66,155.0,28.0,93.7,6127,14415,257,2580,19087,10995,0
5188,dia 12 - Soja Heterodera Vaso 6,12.0,6.0,297.89,158.0,28.0,93.7,6138,14437,252,2575,19098,11011,0
5189,dia 12 - Soja Heterodera Vaso 6,12.0,6.0,298.14,158.0,28.0,93.71,6147,14446,248,2570,19142,11023,0
5190,dia 12 - Soja Heterodera Vaso 6,12.0,6.0,298.38,163.0,28.0,93.7,6142,14442,254,2578,19131,11017,0
5191,dia 12 - Soja Heterodera Vaso 6,12.0,6.0,298.62,159.0,28.0,93.71,6145,14396,236,2558,19101,11028,0
5192,dia 12 - Soja Heterodera Vaso 6,12.0,6.0,298.85,162.0,28.0,93.71,6155,14441,235,2557,19157,11025,0
5193,dia 12 - Soja Heterodera Vaso 6,12.0,6.0,299.08,159.0,28.0,93.7,6148,14383,229,2551,19118,11012,0
5194,dia 12 - Soja Heterodera Vaso 6,12.0,6.0,299.32,165.0,28.0,93.7,6123,14409,271,2589,19099,11007,0
5195,dia 12 - Soja Heterodera Vaso 6,12.0,6.0,299.56,161.0,28.0,93.7,6121,14361,257,2580,19099,11004,0
5196,dia 12 - Soja Heterodera Vaso 6,12.0,6.0,299.79,161.0,28.0,93.7,6120,14333,248,2568,19058,10976,0
5197,dia 12 - Soja Heterodera Vaso 6,12.0,6.0,300.03,157.0,28.0,92.53,6111,14346,241,2564,19015,10970,0
5198,dia 12 - Soja Heterodera Vaso 6,12.0,6.0,300.26,156.0,28.2,91.25,6093,14325,236,2562,19042,10974,0
5199,dia 12 - Soja Heterodera Vaso 6,12.0,6.0,300.51,155.0,28.2,90.11,6099,14281,234,2559,19104,10969,0
5200,dia 12 - Soja Heterodera Vaso 6,12.0,6.0,300.74,161.0,28.2,89.15,6124,14319,233,2556,19039,10972,0
5201,dia 12 - Soja Heterodera Vaso 6,12.0,6.0,300.97,151.0,28.2,88.27,6106,14281,229,2552,19002,10968,0
5202,dia 12 - Soja Heterodera Vaso 6,12.0,6.0,301.2,159.0,28.2,87.48,6129,14343,224,2550,19070,10992,0
5203,dia 12 - Soja Heterodera Vaso 6,12.0,6.0,301.44,159.0,28.2,86.75,6128,14315,210,2537,19183,11010,0
5204,dia 12 - Soja Heterodera Vaso 6,12.0,6.0,301.73,147.0,28.2,85.9,6106,14102,210,2540,19100,10963,0
5205,dia 12 - Soja Heterodera Vaso 6,12.0,6.0,301.97,157.0,28.2,85.26,6107,14093,205,2533,19113,10969,0
5206,dia 12 - Soja Heterodera Vaso 6,12.0,6.0,302.2,159.0,28.2,84.67,6122,14101,203,2531,19155,10998,0
5207,dia 12 - Soja Heterodera Vaso 6,12.0,6.0,302.43,157.0,28.2,84.12,6133,14131,194,2522,19182,10999,0
5208,dia 12 - Soja Heterodera Vaso 6,12.0,6.0,302.67,155.0,28.2,83.6,6135,14177,217,2544,19227,11026,0
5209,dia 12 - Soja Heterodera Vaso 6,12.0,6.0,302.93,154.0,28.2,83.02,6138,14163,207,2535,19199,11010,0
5210,dia 12 - Soja Heterodera Vaso 6,12.0,6.0,303.17,156.0,28.2,82.56,6137,14170,202,2528,19206,11006,0
5211,dia 12 - Soja Heterodera Vaso 6,12.0,6.0,303.4,153.0,28.0,82.11,6152,14167,193,2520,19216,11021,0
5212,dia 12 - Soja Heterodera Vaso 6,12.0,6.0,303.79,164.0,28.2,81.41,6145,14169,207,2529,19247,11025,0
5213,dia 12 - Soja Heterodera Vaso 6,12.0,6.0,304.37,149.0,28.2,80.43,6143,14144,190,2513,19186,11011,0
5214,dia 12 - Soja Heterodera Vaso 6,12.0,6.0,304.76,160.0,28.2,79.83,6112,13988,202,2525,19212,11006,0
5215,dia 12 - Soja Heterodera Vaso 6,12.0,6.0,305.0,157.0,28.2,79.49,6125,14079,195,2520,19147,11000,0
5216,dia 12 - Soja Heterodera Vaso 6,12.0,6.0,305.29,159.0,28.2,79.09,6139,14138,191,2514,19164,11015,0
5217,dia 12 - Soja Heterodera Vaso 6,12.0,6.0,305.52,163.0,28.2,78.78,6134,14119,192,2509,19148,11014,0
5218,dia 12 - Soja Heterodera Vaso 6,12.0,6.0,305.75,159.0,28.0,78.49,6151,14128,187,2512,19120,11002,0
5219,dia 12 - Soja Heterodera Vaso 6,12.0,6.0,305.99,154.0,28.2,78.21,6128,14118,197,2518,19115,11006,0
5220,dia 12 - Soja Heterodera Vaso 6,12.0,6.0,306.23,155.0,28.2,77.93,6137,14127,198,2519,19110,11011,0
5221,dia 12 - Soja Heterodera Vaso 6,12.0,6.0,306.47,154.0,28.2,77.66,6134,14112,190,2516,19108,11006,0
5222,dia 12 - Soja Heterodera Vaso 6,12.0,6.0,306.7,155.0,28.2,77.4,6137,14097,189,2513,19102,11010,0
5223,dia 12 - Soja Heterodera Vaso 6,12.0,6.0,306.93,154.0,28.2,77.16,6132,14103,194,2519,19086,11009,0
5224,dia 12 - Soja Heterodera Vaso 6,12.0,6.0,307.17,153.0,28.2,76.93,6146,14153,188,2516,19104,11035,0
5225,dia 12 - Soja Heterodera Vaso 6,12.0,6.0,307.42,151.0,28.2,76.69,6132,13946,183,2510,19135,11018,0
5226,dia 12 - Soja Heterodera Vaso 6,12.0,6.0,307.66,157.0,28.2,76.47,6135,13820,178,2503,19147,11015,0
5227,dia 12 - Soja Heterodera Vaso 6,12.0,6.0,307.89,156.0,28.2,76.26,6118,13845,177,2502,19143,11024,0
5228,dia 12 - Soja Heterodera Vaso 6,12.0,6.0,308.12,160.0,28.2,76.07,6135,13879,174,2503,19159,11028,0
5229,dia 12 - Soja Heterodera Vaso 6,12.0,6.0,308.35,156.0,28.2,75.88,6113,13848,175,2502,19111,11025,0
5230,dia 12 - Soja Heterodera Vaso 6,12.0,6.0,308.65,151.0,28.2,75.64,6125,13835,174,2501,19124,11050,0
5231,dia 12 - Soja Heterodera Vaso 6,12.0,6.0,308.88,154.0,28.2,75.46,6124,13850,172,2501,19124,11042,0
5232,dia 12 - Soja Heterodera Vaso 6,12.0,6.0,309.12,152.0,28.2,75.3,6112,13821,174,2505,19102,11038,0
5233,dia 12 - Soja Heterodera Vaso 6,12.0,6.0,309.35,158.0,28.2,75.13,6130,13926,178,2505,19088,11033,0
5234,dia 12 - Soja Heterodera Vaso 6,12.0,6.0,309.59,159.0,28.2,74.97,6124,13909,175,2501,19075,11046,0
5235,dia 12 - Soja Heterodera Vaso 6,12.0,6.0,309.83,156.0,28.2,74.81,6131,13894,178,2507,19046,11039,0
5236,dia 12 - Soja Heterodera Vaso 6,12.0,6.0,310.06,159.0,28.0,74.67,6129,13887,182,2508,19024,11029,0
5237,dia 12 - Soja Heterodera Vaso 6,12.0,6.0,310.29,155.0,28.2,74.53,6124,13872,179,2509,19026,11027,0
5238,dia 12 - Soja Heterodera Vaso 6,12.0,6.0,310.53,157.0,28.2,74.39,6116,13670,176,2504,19061,11031,0
5239,dia 12 - Soja Heterodera Vaso 6,12.0,6.0,310.76,151.0,28.2,74.26,6130,13816,177,2506,19024,11033,0
5240,dia 12 - Soja Heterodera Vaso 6,12.0,6.0,311.0,156.0,28.2,74.12,6126,13826,174,2505,18996,11036,0
5241,dia 12 - Soja Heterodera Vaso 6,12.0,6.0,311.23,153.0,28.2,74.0,6120,13816,174,2504,18982,11021,0
5242,dia 12 - Soja Heterodera Vaso 6,12.0,6.0,311.46,161.0,28.2,73.88,6125,13802,173,2504,19018,11033,0
5243,dia 12 - Soja Heterodera Vaso 6,12.0,6.0,311.7,158.0,28.2,73.76,6128,13964,172,2504,18929,11016,0
5244,dia 12 - Soja Heterodera Vaso 6,12.0,6.0,311.99,155.0,28.2,73.63,6126,14025,182,2510,18907,11020,0
5245,dia 12 - Soja Heterodera Vaso 6,12.0,6.0,312.22,150.0,28.2,73.52,6131,14028,173,2503,18863,11016,0
5246,dia 12 - Soja Heterodera Vaso 6,12.0,6.0,312.46,151.0,28.2,73.42,6130,14054,176,2503,18907,11027,0
5247,dia 12 - Soja Heterodera Vaso 6,12.0,6.0,312.69,155.0,28.2,73.32,6136,14059,172,2502,18915,11022,0
5248,dia 12 - Soja Heterodera Vaso 6,12.0,6.0,312.94,163.0,28.2,73.22,6119,14043,185,2516,18892,11003,0
5249,dia 12 - Soja Heterodera Vaso 6,12.0,6.0,313.17,155.0,28.2,73.12,6118,14037,177,2508,18875,11010,0
5250,dia 12 - Soja Heterodera Vaso 6,12.0,6.0,313.4,161.0,28.3,73.03,6117,14029,172,2502,18860,11006,0
5251,dia 12 - Soja Heterodera Vaso 6,12.0,6.0,313.64,158.0,28.3,72.95,6129,14069,178,2506,18916,11039,0
5252,dia 12 - Soja Heterodera Vaso 6,12.0,6.0,313.87,160.0,28.3,72.87,6129,14035,170,2503,18898,11028,0
5253,dia 12 - Soja Heterodera Vaso 6,12.0,6.0,314.11,164.0,28.3,72.78,6114,14020,169,2501,18852,11002,0
5254,dia 12 - Soja Heterodera Vaso 6,12.0,6.0,314.35,153.0,28.3,72.7,6112,14018,170,2500,18854,11011,0
5255,dia 12 - Soja Heterodera Vaso 6,12.0,6.0,314.58,153.0,28.3,72.63,6120,14033,169,2499,18840,11007,0
5256,dia 12 - Soja Heterodera Vaso 6,12.0,6.0,314.81,161.0,28.3,72.56,6120,14050,174,2506,18875,11015,0
5257,dia 12 - Soja Heterodera Vaso 6,12.0,6.0,315.04,161.0,28.3,72.48,6120,14020,168,2497,18833,10991,0
5258,dia 12 - Soja Heterodera Vaso 6,12.0,6.0,315.28,155.0,28.3,72.42,6128,14104,164,2499,18840,11009,0
5259,dia 12 - Soja Heterodera Vaso 6,12.0,6.0,315.52,162.0,28.3,72.35,6111,14099,165,2502,18823,10997,0
5260,dia 12 - Soja Heterodera Vaso 6,12.0,6.0,315.75,156.0,28.3,72.29,6124,14098,166,2504,18834,11008,0
5261,dia 12 - Soja Heterodera Vaso 6,12.0,6.0,315.99,158.0,28.3,72.22,6125,14109,165,2502,18849,11014,0
5262,dia 12 - Soja Heterodera Vaso 6,12.0,6.0,316.22,169.0,28.3,72.17,6116,14088,165,2502,18815,10991,0
5263,dia 12 - Soja Heterodera Vaso 6,12.0,6.0,316.46,161.0,28.3,72.1,6120,14091,162,2499,18821,10999,0
5264,dia 12 - Soja Heterodera Vaso 6,12.0,6.0,316.69,152.0,28.3,72.05,6107,14064,163,2501,18787,10977,0
5265,dia 12 - Soja Heterodera Vaso 6,12.0,6.0,316.92,162.0,28.3,72.0,6109,14082,163,2499,18803,10987,0
5266,dia 12 - Soja Heterodera Vaso 6,12.0,6.0,317.15,159.0,28.3,71.94,6086,14029,162,2499,18717,10976,0
5267,dia 12 - Soja Heterodera Vaso 6,12.0,6.0,317.39,155.0,28.3,71.9,6103,13982,163,2501,18831,10985,0
5268,dia 12 - Soja Heterodera Vaso 6,12.0,6.0,317.63,163.0,28.3,71.84,6069,13954,163,2501,18785,10957,0
5269,dia 12 - Soja Heterodera Vaso 6,12.0,6.0,318.03,157.0,28.3,71.76,6095,13985,160,2497,18804,10969,0
5270,dia 12 - Soja Heterodera Vaso 6,12.0,6.0,318.57,153.0,28.3,71.66,6079,13910,161,2497,18743,10941,0
5271,dia 12 - Soja Heterodera Vaso 6,12.0,6.0,319.02,153.0,28.3,71.57,6114,14007,164,2500,18745,10947,0
5272,dia 12 - Soja Heterodera Vaso 6,12.0,6.0,319.26,159.0,28.3,71.53,6112,13996,167,2503,18726,10931,0
5273,dia 12 - Soja Heterodera Vaso 6,12.0,6.0,319.49,162.0,28.3,71.5,6106,14001,167,2503,18756,10941,0
5274,dia 12 - Soja Heterodera Vaso 6,12.0,6.0,319.72,154.0,28.4,71.46,6095,13983,168,2505,18724,10933,0
5275,dia 12 - Soja Heterodera Vaso 6,12.0,6.0,320.01,157.0,28.3,71.42,6097,13985,169,2503,18691,10924,0
5276,dia 12 - Soja Heterodera Vaso 6,12.0,6.0,320.25,157.0,28.3,71.37,6106,14002,170,2504,18737,10932,0
5277,dia 12 - Soja Heterodera Vaso 6,12.0,6.0,320.48,157.0,28.3,71.34,6097,13978,171,2505,18701,10911,0
5278,dia 12 - Soja Heterodera Vaso 6,12.0,6.0,320.82,161.0,28.3,71.3,6113,14022,173,2505,18754,10922,0
5279,dia 12 - Soja Heterodera Vaso 6,12.0,6.0,321.11,163.0,28.3,71.26,6093,13991,171,2503,18731,10931,0
5280,dia 12 - Soja Heterodera Vaso 6,12.0,6.0,321.35,150.0,28.4,71.22,6105,13983,171,2504,18723,10924,0
5281,dia 12 - Soja Heterodera Vaso 6,12.0,6.0,321.58,156.0,28.4,71.19,6090,13968,171,2502,18671,10893,0
5282,dia 12 - Soja Heterodera Vaso 6,12.0,6.0,321.81,153.0,28.4,71.17,6088,13978,170,2503,18667,10888,0
5283,dia 12 - Soja Heterodera Vaso 6,12.0,6.0,322.04,153.0,28.4,71.14,6089,13969,169,2501,18648,10878,0
5284,dia 12 - Soja Heterodera Vaso 6,12.0,6.0,322.34,161.0,28.4,71.11,6092,13982,170,2502,18649,10885,0
5285,dia 12 - Soja Heterodera Vaso 6,12.0,6.0,322.57,156.0,28.4,71.08,6086,13976,169,2502,18609,10875,0
5286,dia 12 - Soja Heterodera Vaso 6,12.0,6.0,322.8,149.0,28.4,71.06,6094,13999,167,2502,18660,10882,0
5287,dia 12 - Soja Heterodera Vaso 6,12.0,6.0,323.03,155.0,28.4,71.03,6082,13966,167,2499,18606,10855,0
5288,dia 12 - Soja Heterodera Vaso 6,12.0,6.0,323.27,159.0,28.3,71.01,6076,14023,168,2499,18667,10888,0
5289,dia 12 - Soja Heterodera Vaso 6,12.0,6.0,323.53,155.0,28.4,70.99,6088,13995,169,2500,18640,10874,0
5290,dia 12 - Soja Heterodera Vaso 6,12.0,6.0,323.76,155.0,28.4,70.97,6069,13954,167,2498,18585,10848,0
5291,dia 12 - Soja Heterodera Vaso 6,12.0,6.0,324.0,158.0,28.4,70.94,6073,13969,166,2498,18589,10845,0
5292,dia 12 - Soja Heterodera Vaso 6,12.0,6.0,324.23,152.0,28.4,70.93,6077,13972,166,2498,18609,10852,0
5293,dia 12 - Soja Heterodera Vaso 6,12.0,6.0,324.47,149.0,28.4,73.85,6071,13945,167,2497,18564,10800,0
5294,dia 12 - Soja Heterodera Vaso 6,12.0,6.0,324.7,158.0,28.4,79.89,6063,13800,171,2499,18695,10803,0
5295,dia 12 - Soja Heterodera Vaso 6,12.0,6.0,324.93,156.0,28.4,84.58,6111,13984,182,2505,18666,10809,0
5296,dia 12 - Soja Heterodera Vaso 6,12.0,6.0,325.17,156.0,28.4,88.2,6130,14076,190,2510,18684,10839,0
5297,dia 12 - Soja Heterodera Vaso 6,12.0,6.0,325.4,154.0,28.4,90.9,6123,14077,194,2515,18624,10830,0
5298,dia 12 - Soja Heterodera Vaso 6,12.0,6.0,325.65,154.0,28.4,92.62,6107,14024,200,2517,18560,10823,0
5299,dia 12 - Soja Heterodera Vaso 6,12.0,6.0,325.88,153.0,28.4,93.45,6080,14010,217,2531,18495,10815,0
5300,dia 12 - Soja Heterodera Vaso 6,12.0,6.0,326.11,158.0,28.4,93.66,6064,14038,224,2538,18408,10804,0
5301,dia 12 - Soja Heterodera Vaso 6,12.0,6.0,326.35,153.0,28.4,93.68,6031,13969,225,2540,18307,10755,0
5302,dia 12 - Soja Heterodera Vaso 6,12.0,6.0,326.58,164.0,28.4,93.68,6004,13945,227,2541,18261,10755,0
5303,dia 12 - Soja Heterodera Vaso 6,12.0,6.0,326.87,160.0,28.4,93.69,5996,13919,227,2542,18192,10748,0
5304,dia 12 - Soja Heterodera Vaso 6,12.0,6.0,327.11,160.0,28.4,93.68,5991,13912,227,2543,18175,10736,0
5305,dia 12 - Soja Heterodera Vaso 6,12.0,6.0,327.34,161.0,28.5,93.68,5973,13886,226,2541,18122,10717,0
5306,dia 12 - Soja Heterodera Vaso 6,12.0,6.0,327.57,155.0,28.5,93.7,5964,13872,226,2540,18104,10698,0
5307,dia 12 - Soja Heterodera Vaso 6,12.0,6.0,327.81,153.0,28.5,93.69,5923,13863,264,2575,18075,10701,0
5308,dia 12 - Soja Heterodera Vaso 6,12.0,6.0,328.04,156.0,28.5,93.69,5930,13871,260,2569,18054,10693,0
5309,dia 12 - Soja Heterodera Vaso 6,12.0,6.0,328.28,155.0,28.5,93.68,5917,13848,263,2573,18030,10684,0
5310,dia 12 - Soja Heterodera Vaso 6,12.0,6.0,328.51,151.0,28.5,93.69,5920,13853,265,2574,18033,10696,0
5311,dia 12 - Soja Heterodera Vaso 6,12.0,6.0,328.75,156.0,28.5,93.7,5917,13856,264,2572,18019,10693,0
5312,dia 12 - Soja Heterodera Vaso 6,12.0,6.0,328.98,154.0,28.5,93.69,5913,13854,264,2568,18016,10687,0
5313,dia 12 - Soja Heterodera Vaso 6,12.0,6.0,329.22,153.0,28.5,93.69,5911,13841,262,2567,17994,10672,0
5314,dia 12 - Soja Heterodera Vaso 6,12.0,6.0,329.45,161.0,28.5,93.69,5900,13832,260,2565,17991,10681,0
5315,dia 12 - Soja Heterodera Vaso 6,12.0,6.0,329.68,154.0,28.5,93.7,5902,13825,259,2565,17967,10672,0
5316,dia 12 - Soja Heterodera Vaso 6,12.0,6.0,329.92,154.0,28.5,93.68,5905,13814,258,2562,17944,10670,0
5317,dia 12 - Soja Heterodera Vaso 6,12.0,6.0,330.21,149.0,28.5,93.7,5899,13816,256,2564,17949,10670,0
5318,dia 12 - Soja Heterodera Vaso 6,12.0,6.0,330.44,152.0,28.5,93.69,5897,13814,256,2563,17941,10649,0
5319,dia 12 - Soja Heterodera Vaso 6,12.0,6.0,330.68,153.0,28.5,93.7,5898,13813,255,2562,17937,10664,0
5320,dia 12 - Soja Heterodera Vaso 6,12.0,6.0,330.91,150.0,28.5,93.7,5895,13816,254,2562,17937,10662,0
5321,dia 12 - Soja Heterodera Vaso 6,12.0,6.0,331.15,158.0,28.5,93.68,5894,13816,252,2561,17935,10665,0
5322,dia 12 - Soja Heterodera Vaso 6,12.0,6.0,331.42,159.0,28.5,93.7,5897,13818,252,2559,17936,10662,0
5323,dia 12 - Soja Heterodera Vaso 6,12.0,6.0,331.66,158.0,28.5,93.68,5894,13816,253,2559,17933,10655,0
5324,dia 12 - Soja Heterodera Vaso 6,12.0,6.0,331.89,151.0,28.5,93.7,5891,13948,254,2561,17820,10640,0
5325,dia 12 - Soja Heterodera Vaso 6,12.0,6.0,332.28,157.0,28.4,93.7,5892,13973,251,2558,17826,10630,0
5326,dia 12 - Soja Heterodera Vaso 6,12.0,6.0,332.88,158.0,28.5,93.7,5895,13990,250,2554,17845,10635,0
5327,dia 12 - Soja Heterodera Vaso 6,12.0,6.0,333.28,158.0,28.5,93.7,5892,13991,249,2555,17848,10631,0
5328,dia 12 - Soja Heterodera Vaso 6,12.0,6.0,333.52,147.0,28.5,93.69,5891,13989,249,2554,17839,10612,0
5329,dia 12 - Soja Heterodera Vaso 6,12.0,6.0,333.77,144.0,28.5,93.7,5892,13984,249,2554,17844,10629,0
5330,dia 12 - Soja Heterodera Vaso 6,12.0,6.0,334.01,162.0,28.6,93.69,5893,13995,248,2554,17844,10629,0
6885,dia 12 - Soja Heterodera Vaso 6,12.0,6.0,736.77,151.0,32.2,93.71,6860,15509,293,2625,20032,12785,0
6886,dia 12 - Soja Heterodera Vaso 6,12.0,6.0,737.02,155.0,32.2,93.71,6861,15538,293,2626,20024,12805,0
6887,dia 12 - Soja Heterodera Vaso 6,12.0,6.0,737.27,156.0,32.2,93.71,6862,15540,293,2625,20030,12809,0
6888,dia 12 - Soja Heterodera Vaso 6,12.0,6.0,737.52,146.0,32.2,93.71,6862,15540,293,2624,20030,12809,0
6889,dia 12 - Soja Heterodera Vaso 6,12.0,6.0,737.77,154.0,32.2,93.7,6861,15527,293,2625,20037,12814,0
6890,dia 12 - Soja Heterodera Vaso 6,12.0,6.0,738.03,157.0,32.2,93.7,6862,15510,292,2624,20044,12817,0
6891,dia 12 - Soja Heterodera Vaso 6,12.0,6.0,738.29,152.0,32.2,93.7,6863,15516,292,2624,20033,12813,0
6892,dia 12 - Soja Heterodera Vaso 6,12.0,6.0,738.56,154.0,32.2,93.71,6861,15514,294,2625,20040,12816,0
6893,dia 12 - Soja Heterodera Vaso 6,12.0,6.0,738.81,151.0,32.3,93.71,6862,15520,293,2624,20035,12798,0
6894,dia 12 - Soja Heterodera Vaso 6,12.0,6.0,739.06,160.0,32.2,93.7,6861,15517,293,2623,20038,12818,0
6895,dia 12 - Soja Heterodera Vaso 6,12.0,6.0,739.32,160.0,32.2,93.7,6859,15465,294,2625,20051,12821,0
6896,dia 12 - Soja Heterodera Vaso 6,12.0,6.0,739.62,150.0,32.2,93.7,6868,15579,294,2626,20028,12821,0
6897,dia 12 - Soja Heterodera Vaso 6,12.0,6.0,739.88,152.0,32.3,93.7,6865,15529,292,2621,20037,12828,0
6898,dia 12 - Soja Heterodera Vaso 6,12.0,6.0,740.13,156.0,32.3,93.69,6869,15536,292,2623,20047,12829,0
6899,dia 12 - Soja Heterodera Vaso 6,12.0,6.0,740.38,151.0,32.3,93.71,6857,15516,292,2621,20045,12829,0
6900,dia 12 - Soja Heterodera Vaso 6,12.0,6.0,740.66,160.0,32.3,93.71,6866,15504,292,2622,20050,12814,0
6901,dia 12 - Soja Heterodera Vaso 6,12.0,6.0,740.91,150.0,32.3,93.71,6858,15503,302,2631,20047,12832,0
6902,dia 12 - Soja Heterodera Vaso 6,12.0,6.0,741.16,147.0,32.3,93.71,6861,15545,299,2630,20047,12838,0
6903,dia 12 - Soja Heterodera Vaso 6,12.0,6.0,741.41,151.0,32.3,93.71,6862,15521,300,2630,20055,12842,0
6904,dia 12 - Soja Heterodera Vaso 6,12.0,6.0,741.67,148.0,32.3,93.71,6858,15510,300,2632,20050,12851,0
6905,dia 12 - Soja Heterodera Vaso 6,12.0,6.0,741.92,156.0,32.3,93.71,6863,15549,298,2628,20055,12859,0
6906,dia 12 - Soja Heterodera Vaso 6,12.0,6.0,742.18,154.0,32.3,93.69,6872,15556,300,2628,20051,12854,0
6907,dia 12 - Soja Heterodera Vaso 6,12.0,6.0,742.43,157.0,32.3,93.71,6859,15539,300,2631,20041,12853,0
6908,dia 12 - Soja Heterodera Vaso 6,12.0,6.0,742.68,155.0,32.3,93.71,6858,15472,299,2629,20056,12850,0
6909,dia 12 - Soja Heterodera Vaso 6,12.0,6.0,742.98,147.0,32.3,93.71,6855,15459,303,2632,20062,12852,0
6910,dia 12 - Soja Heterodera Vaso 6,12.0,6.0,743.23,154.0,32.3,93.71,6857,15446,298,2629,20038,12852,0
6911,dia 12 - Soja Heterodera Vaso 6,12.0,6.0,743.48,152.0,32.3,93.71,6855,15429,297,2629,20063,12849,0
6912,dia 12 - Soja Heterodera Vaso 6,12.0,6.0,743.73,151.0,32.3,93.71,6857,15431,298,2630,20068,12833,0
6913,dia 12 - Soja Heterodera Vaso 6,12.0,6.0,744.04,159.0,32.3,93.71,6857,15433,298,2627,20074,12839,0
6914,dia 12 - Soja Heterodera Vaso 6,12.0,6.0,744.29,148.0,32.3,93.71,6858,15430,294,2626,20075,12859,0
6915,dia 12 - Soja Heterodera Vaso 6,12.0,6.0,744.54,152.0,32.3,92.98,6812,15341,291,2622,19976,12793,0
6916,dia 12 - Soja Heterodera Vaso 6,12.0,6.0,744.79,148.0,32.3,92.26,6793,15334,290,2619,19971,12789,0
6917,dia 12 - Soja Heterodera Vaso 6,12.0,6.0,745.05,157.0,32.3,91.82,6787,15336,286,2618,19977,12788,0
6918,dia 12 - Soja Heterodera Vaso 6,12.0,6.0,745.46,146.0,32.3,91.45,6790,15464,288,2623,19985,12807,0
6919,dia 12 - Soja Heterodera Vaso 6,12.0,6.0,746.03,153.0,32.3,91.16,6786,15415,288,2617,19938,12773,0
6920,dia 12 - Soja Heterodera Vaso 6,12.0,6.0,746.47,154.0,32.3,91.06,6772,15400,286,2621,19926,12768,0
6921,dia 12 - Soja Heterodera Vaso 6,12.0,6.0,746.72,153.0,32.3,91.01,6768,15370,286,2622,19910,12763,0
6922,dia 12 - Soja Heterodera Vaso 6,12.0,6.0,746.97,141.0,32.3,90.98,6759,15373,291,2624,19903,12762,0
6923,dia 12 - Soja Heterodera Vaso 6,12.0,6.0,747.22,144.0,32.3,90.96,6754,15342,285,2614,19878,12753,0
6924,dia 12 - Soja Heterodera Vaso 6,12.0,6.0,747.48,153.0,32.3,90.93,6745,15316,281,2611,19877,12750,0
6925,dia 12 - Soja Heterodera Vaso 6,12.0,6.0,747.73,150.0,32.3,90.92,6740,15310,281,2613,19834,12743,0
6926,dia 12 - Soja Heterodera Vaso 6,12.0,6.0,747.98,151.0,32.3,90.9,6734,15294,279,2609,19844,12734,0
6927,dia 12 - Soja Heterodera Vaso 6,12.0,6.0,748.23,150.0,32.2,90.91,6728,15278,275,2607,19826,12726,0
6928,dia 12 - Soja Heterodera Vaso 6,12.0,6.0,748.52,146.0,32.3,90.9,6722,15258,275,2605,19804,12716,0
6929,dia 12 - Soja Heterodera Vaso 6,12.0,6.0,748.77,155.0,32.3,90.88,6698,15241,274,2602,19781,12715,0
6930,dia 12 - Soja Heterodera Vaso 6,12.0,6.0,749.02,153.0,32.2,90.87,6697,15220,272,2601,19744,12701,0
6931,dia 12 - Soja Heterodera Vaso 6,12.0,6.0,749.27,148.0,32.2,90.86,6685,15185,273,2599,19707,12690,0
6932,dia 12 - Soja Heterodera Vaso 6,12.0,6.0,749.58,152.0,32.2,90.87,6672,15179,271,2599,19650,12683,0
6933,dia 12 - Soja Heterodera Vaso 6,12.0,6.0,749.83,154.0,32.2,90.86,6659,15151,267,2599,19641,12669,0
6934,dia 12 - Soja Heterodera Vaso 6,12.0,6.0,750.08,150.0,32.2,90.86,6664,15167,268,2599,19610,12650,0
6935,dia 12 - Soja Heterodera Vaso 6,12.0,6.0,750.33,149.0,32.2,90.85,6641,15108,265,2596,19581,12648,0
6936,dia 12 - Soja Heterodera Vaso 6,12.0,6.0,750.62,154.0,32.2,90.87,6630,15085,266,2593,19548,12639,0
6937,dia 12 - Soja Heterodera Vaso 6,12.0,6.0,750.88,148.0,32.2,90.87,6616,15080,269,2595,19515,12629,0
6938,dia 12 - Soja Heterodera Vaso 6,12.0,6.0,751.13,150.0,32.2,90.87,6591,15031,263,2592,19481,12614,0
6939,dia 12 - Soja Heterodera Vaso 6,12.0,6.0,751.38,154.0,32.2,90.86,6589,15006,265,2592,19446,12603,0
6940,dia 12 - Soja Heterodera Vaso 6,12.0,6.0,751.64,145.0,32.2,90.85,6573,14987,263,2586,19418,12593,0
6941,dia 12 - Soja Heterodera Vaso 6,12.0,6.0,751.89,149.0,32.2,90.86,6567,14963,261,2586,19399,12589,0
6942,dia 12 - Soja Heterodera Vaso 6,12.0,6.0,752.14,145.0,32.2,90.87,6553,14940,262,2586,19335,12575,0
6943,dia 12 - Soja Heterodera Vaso 6,12.0,6.0,752.39,145.0,32.2,90.85,6542,14907,260,2584,19312,12566,0
6944,dia 12 - Soja Heterodera Vaso 6,12.0,6.0,752.64,152.0,32.2,90.86,6528,14878,259,2585,19269,12538,0
6945,dia 12 - Soja Heterodera Vaso 6,12.0,6.0,752.93,150.0,32.2,90.84,6516,14850,259,2587,19219,12544,0
6946,dia 12 - Soja Heterodera Vaso 6,12.0,6.0,753.18,152.0,32.2,90.86,6500,14817,256,2585,19185,12530,0
6947,dia 12 - Soja Heterodera Vaso 6,12.0,6.0,753.43,145.0,32.2,90.87,6484,14778,257,2584,19141,12523,0
6948,dia 12 - Soja Heterodera Vaso 6,12.0,6.0,753.68,148.0,32.2,90.87,6468,14736,256,2581,19113,12559,0
6949,dia 12 - Soja Heterodera Vaso 6,12.0,6.0,753.99,150.0,32.2,90.88,6456,14709,255,2579,19066,12498,0
7685,dia 12 - Soja Heterodera Vaso 7,12.0,7.0,292.2,145.0,33.8,93.71,4830,14379,2530,4657,19242,10960,0
7686,dia 12 - Soja Heterodera Vaso 7,12.0,7.0,292.49,142.0,33.8,93.71,4823,14381,2531,4659,19242,10966,0
7687,dia 12 - Soja Heterodera Vaso 7,12.0,7.0,292.72,145.0,33.8,93.71,4831,14381,2533,4664,19245,10970,0
7688,dia 12 - Soja Heterodera Vaso 7,12.0,7.0,292.95,141.0,33.8,93.69,4831,14380,2531,4660,19245,10972,0
7689,dia 12 - Soja Heterodera Vaso 7,12.0,7.0,293.19,139.0,33.8,93.71,4832,14380,2531,4660,19219,10975,0
7690,dia 12 - Soja Heterodera Vaso 7,12.0,7.0,293.43,142.0,33.8,93.71,4831,14380,2532,4656,19246,10978,0
7691,dia 12 - Soja Heterodera Vaso 7,12.0,7.0,293.67,142.0,33.8,93.71,4831,14379,2533,4663,19246,10981,0
7692,dia 12 - Soja Heterodera Vaso 7,12.0,7.0,293.91,148.0,33.8,93.72,4832,14365,2533,4663,19251,10986,0
7693,dia 12 - Soja Heterodera Vaso 7,12.0,7.0,294.14,141.0,33.8,93.71,4831,14378,2533,4660,19249,10990,0
7694,dia 12 - Soja Heterodera Vaso 7,12.0,7.0,294.37,151.0,33.8,93.71,4832,14377,2534,4663,19259,11008,0
7695,dia 12 - Soja Heterodera Vaso 7,12.0,7.0,294.61,142.0,33.8,93.71,4833,14379,2535,4664,19253,10986,0
7696,dia 12 - Soja Heterodera Vaso 7,12.0,7.0,294.85,145.0,33.8,93.71,4832,14382,2533,4664,19250,11007,0
7697,dia 12 - Soja Heterodera Vaso 7,12.0,7.0,295.08,141.0,33.8,93.71,4832,14379,2535,4664,19251,11015,0
7698,dia 12 - Soja Heterodera Vaso 7,12.0,7.0,295.31,146.0,33.8,93.71,4833,14380,2536,4663,19255,11027,0
7699,dia 12 - Soja Heterodera Vaso 7,12.0,7.0,295.55,140.0,33.8,93.71,4832,14361,2536,4664,19252,11027,0
7700,dia 12 - Soja Heterodera Vaso 7,12.0,7.0,295.84,145.0,33.8,93.71,4833,14383,2537,4668,19252,11017,0
7701,dia 12 - Soja Heterodera Vaso 7,12.0,7.0,296.07,143.0,33.8,93.71,4833,14377,2533,4669,19255,11041,0
7702,dia 12 - Soja Heterodera Vaso 7,12.0,7.0,296.31,146.0,33.8,93.72,4831,14367,2537,4668,19259,11050,0
7703,dia 12 - Soja Heterodera Vaso 7,12.0,7.0,296.54,142.0,33.8,93.69,4832,14366,2537,4668,19261,11057,0
7704,dia 12 - Soja Heterodera Vaso 7,12.0,7.0,296.78,152.0,33.8,93.72,4833,14349,2538,4665,19262,11064,0
7705,dia 12 - Soja Heterodera Vaso 7,12.0,7.0,297.17,146.0,33.8,93.71,4832,14366,2539,4666,19263,11059,0
7706,dia 12 - Soja Heterodera Vaso 7,12.0,7.0,297.71,141.0,33.8,93.71,4847,14565,2544,4673,19202,11089,0
7707,dia 12 - Soja Heterodera Vaso 7,12.0,7.0,298.11,144.0,33.8,93.71,4834,14364,2540,4669,19261,11101,0
7708,dia 12 - Soja Heterodera Vaso 7,12.0,7.0,298.34,145.0,33.8,93.71,4834,14387,2542,4667,19263,11107,0
7709,dia 12 - Soja Heterodera Vaso 7,12.0,7.0,298.57,145.0,33.9,93.71,4834,14391,2542,4672,19262,11110,0
7710,dia 12 - Soja Heterodera Vaso 7,12.0,7.0,298.81,143.0,33.9,93.71,4836,14394,2542,4673,19263,11098,0
7711,dia 12 - Soja Heterodera Vaso 7,12.0,7.0,299.04,144.0,33.9,93.71,4836,14386,2540,4670,19264,11120,0
7712,dia 12 - Soja Heterodera Vaso 7,12.0,7.0,299.28,142.0,33.9,93.71,4837,14393,2543,4672,19264,11126,0
7713,dia 12 - Soja Heterodera Vaso 7,12.0,7.0,299.51,147.0,33.8,93.71,4836,14394,2544,4671,19267,11133,0
7714,dia 12 - Soja Heterodera Vaso 7,12.0,7.0,299.75,147.0,33.9,93.71,4837,14373,2544,4672,19247,11120,0
7715,dia 12 - Soja Heterodera Vaso 7,12.0,7.0,299.98,138.0,33.9,92.75,4808,14388,2530,4655,19223,11125,0
7716,dia 12 - Soja Heterodera Vaso 7,12.0,7.0,300.26,142.0,33.9,91.19,4813,14348,2533,4663,19206,11130,0
7717,dia 12 - Soja Heterodera Vaso 7,12.0,7.0,300.49,142.0,33.9,90.09,4794,14372,2524,4653,19205,11137,0
7718,dia 12 - Soja Heterodera Vaso 7,12.0,7.0,300.72,140.0,33.9,89.12,4814,14354,2534,4666,19198,11144,0
7719,dia 12 - Soja Heterodera Vaso 7,12.0,7.0,300.96,142.0,33.9,88.22,4805,14358,2530,4660,19197,11134,0
7720,dia 12 - Soja Heterodera Vaso 7,12.0,7.0,301.2,149.0,33.9,87.43,4808,14350,2527,4658,19197,11156,0
7721,dia 12 - Soja Heterodera Vaso 7,12.0,7.0,301.45,140.0,33.9,86.58,4810,14350,2532,4668,19198,11161,0
7722,dia 12 - Soja Heterodera Vaso 7,12.0,7.0,301.69,143.0,33.9,85.91,4794,14386,2525,4660,19174,11165,0
7723,dia 12 - Soja Heterodera Vaso 7,12.0,7.0,301.92,140.0,33.9,85.28,4818,14358,2537,4668,19207,11173,0
7724,dia 12 - Soja Heterodera Vaso 7,12.0,7.0,302.15,141.0,33.9,84.66,4801,14365,2528,4664,19219,11177,0
7725,dia 12 - Soja Heterodera Vaso 7,12.0,7.0,302.39,152.0,33.9,84.09,4791,14367,2524,4658,19222,11177,0
7726,dia 12 - Soja Heterodera Vaso 7,12.0,7.0,302.62,149.0,33.9,83.54,4811,14350,2538,4672,19219,11187,0
7727,dia 12 - Soja Heterodera Vaso 7,12.0,7.0,302.86,137.0,33.9,83.03,4807,14360,2532,4669,19225,11195,0
7728,dia 12 - Soja Heterodera Vaso 7,12.0,7.0,303.09,141.0,33.9,82.54,4801,14342,2529,4665,19238,11201,0
7729,dia 12 - Soja Heterodera Vaso 7,12.0,7.0,303.32,141.0,33.9,82.09,4792,14349,2526,4666,19215,11206,0
7730,dia 12 - Soja Heterodera Vaso 7,12.0,7.0,303.61,141.0,33.9,81.53,4806,14343,2532,4674,19238,11213,0
7731,dia 12 - Soja Heterodera Vaso 7,12.0,7.0,303.85,142.0,33.9,81.12,4796,14332,2532,4673,19233,11215,0
7732,dia 12 - Soja Heterodera Vaso 7,12.0,7.0,304.08,139.0,33.9,80.71,4798,14331,2529,4676,19230,11217,0
7733,dia 12 - Soja Heterodera Vaso 7,12.0,7.0,304.32,139.0,33.9,80.33,4787,14345,2524,4676,19229,11223,0
7734,dia 12 - Soja Heterodera Vaso 7,12.0,7.0,304.56,140.0,33.9,79.96,4789,14325,2526,4677,19223,11228,0
7735,dia 12 - Soja Heterodera Vaso 7,12.0,7.0,304.79,145.0,33.9,79.6,4787,14329,2525,4674,19215,11233,0
7736,dia 12 - Soja Heterodera Vaso 7,12.0,7.0,305.02,143.0,33.9,79.27,4786,14319,2524,4678,19210,11237,0
7737,dia 12 - Soja Heterodera Vaso 7,12.0,7.0,305.25,141.0,33.9,78.94,4774,14194,2518,4677,19242,11241,0
7738,dia 12 - Soja Heterodera Vaso 7,12.0,7.0,305.49,145.0,33.9,78.63,4758,14197,2514,4676,19238,11244,0
7739,dia 12 - Soja Heterodera Vaso 7,12.0,7.0,305.76,140.0,33.9,78.29,4765,14201,2514,4674,19225,11248,0
7740,dia 12 - Soja Heterodera Vaso 7,12.0,7.0,305.99,134.0,33.9,77.99,4765,14176,2513,4675,19212,11251,0
7741,dia 12 - Soja Heterodera Vaso 7,12.0,7.0,306.23,138.0,33.9,77.72,4774,14203,2519,4678,19206,11257,0
7742,dia 12 - Soja Heterodera Vaso 7,12.0,7.0,306.46,142.0,33.9,77.45,4771,14188,2517,4681,19193,11259,0
7743,dia 12 - Soja Heterodera Vaso 7,12.0,7.0,306.7,145.0,33.9,77.2,4760,14183,2511,4673,19182,11244,0
7744,dia 12 - Soja Heterodera Vaso 7,12.0,7.0,306.96,146.0,33.9,76.91,4756,14175,2510,4677,19166,11264,0
7745,dia 12 - Soja Heterodera Vaso 7,12.0,7.0,307.19,145.0,33.9,76.68,4802,14248,2535,4704,19112,11270,0
7746,dia 12 - Soja Heterodera Vaso 7,12.0,7.0,307.43,140.0,33.9,76.45,4797,14220,2532,4701,19101,11274,0
7747,dia 12 - Soja Heterodera Vaso 7,12.0,7.0,307.66,147.0,33.9,76.22,4802,14235,2534,4706,19083,11277,0
7748,dia 12 - Soja Heterodera Vaso 7,12.0,7.0,307.9,144.0,33.9,76.02,4800,14247,2534,4706,19068,11281,0
7749,dia 12 - Soja Heterodera Vaso 7,12.0,7.0,308.14,143.0,33.9,75.81,4793,14241,2530,4702,19032,11285,0
7750,dia 12 - Soja Heterodera Vaso 7,12.0,7.0,308.47,141.0,33.9,75.54,4781,14233,2520,4696,19047,11292,0
7751,dia 12 - Soja Heterodera Vaso 7,12.0,7.0,308.71,136.0,34.0,75.35,4774,14236,2520,4693,19037,11298,0
7752,dia 12 - Soja Heterodera Vaso 7,12.0,7.0,308.95,137.0,33.9,75.16,4766,14232,2516,4690,19033,11290,0
7753,dia 12 - Soja Heterodera Vaso 7,12.0,7.0,309.19,137.0,34.0,74.99,4761,14228,2510,4688,19020,11311,0
7754,dia 12 - Soja Heterodera Vaso 7,12.0,7.0,309.42,142.0,34.0,74.82,4756,14229,2511,4685,19013,11318,0
7755,dia 12 - Soja Heterodera Vaso 7,12.0,7.0,309.65,146.0,34.0,74.66,4751,14227,2509,4684,19003,11322,0
7756,dia 12 - Soja Heterodera Vaso 7,12.0,7.0,309.88,140.0,34.0,74.5,4741,14146,2504,4670,19010,11326,0
7757,dia 12 - Soja Heterodera Vaso 7,12.0,7.0,310.12,144.0,34.0,74.36,4736,14157,2501,4675,19005,11333,0
7758,dia 12 - Soja Heterodera Vaso 7,12.0,7.0,310.35,143.0,34.0,74.21,4730,14159,2498,4671,18998,11335,0
7759,dia 12 - Soja Heterodera Vaso 7,12.0,7.0,310.59,145.0,34.0,74.08,4726,14171,2496,4668,18987,11324,0
7760,dia 12 - Soja Heterodera Vaso 7,12.0,7.0,310.82,140.0,34.0,73.94,4723,14166,2497,4669,18977,11344,0
7761,dia 12 - Soja Heterodera Vaso 7,12.0,7.0,311.21,138.0,34.0,73.72,4737,14171,2502,4674,18947,11347,0
7762,dia 12 - Soja Heterodera Vaso 7,12.0,7.0,311.76,143.0,34.0,73.44,4739,14198,2504,4674,18914,11347,0
7763,dia 12 - Soja Heterodera Vaso 7,12.0,7.0,312.15,139.0,34.0,73.25,4729,14199,2495,4668,18900,11349,0
7764,dia 12 - Soja Heterodera Vaso 7,12.0,7.0,312.39,146.0,34.0,73.14,4723,14184,2496,4664,18897,11351,0
7765,dia 12 - Soja Heterodera Vaso 7,12.0,7.0,312.62,142.0,34.0,73.03,4738,14174,2504,4673,18886,11351,0
7766,dia 12 - Soja Heterodera Vaso 7,12.0,7.0,312.85,145.0,34.0,72.93,4718,13962,2494,4662,18932,11349,0
7767,dia 12 - Soja Heterodera Vaso 7,12.0,7.0,313.08,140.0,34.0,72.84,4710,13973,2490,4656,18930,11350,0
7768,dia 12 - Soja Heterodera Vaso 7,12.0,7.0,313.32,139.0,34.0,72.75,4717,14124,2494,4663,18873,11352,0
7769,dia 12 - Soja Heterodera Vaso 7,12.0,7.0,313.61,144.0,34.0,72.63,4711,14068,2492,4662,18879,11352,0
7770,dia 12 - Soja Heterodera Vaso 7,12.0,7.0,313.85,143.0,34.0,72.54,4700,14057,2486,4656,18883,11355,0
7771,dia 12 - Soja Heterodera Vaso 7,12.0,7.0,314.08,142.0,34.0,72.46,4697,13996,2484,4657,18875,11355,0
7772,dia 12 - Soja Heterodera Vaso 7,12.0,7.0,314.31,143.0,34.0,72.38,4693,14013,2481,4652,18867,11355,0
7773,dia 12 - Soja Heterodera Vaso 7,12.0,7.0,314.55,138.0,34.0,72.3,4698,14131,2486,4657,18820,11357,0
7774,dia 12 - Soja Heterodera Vaso 7,12.0,7.0,314.78,135.0,34.0,72.21,4695,14043,2485,4657,18833,11342,0
7775,dia 12 - Soja Heterodera Vaso 7,12.0,7.0,315.01,141.0,34.0,72.14,4675,14010,2478,4651,18838,11360,0
7776,dia 12 - Soja Heterodera Vaso 7,12.0,7.0,315.25,139.0,34.0,72.08,4679,14036,2477,4650,18834,11359,0
7777,dia 12 - Soja Heterodera Vaso 7,12.0,7.0,315.48,139.0,34.0,72.01,4679,14027,2476,4649,18813,11358,0
7778,dia 12 - Soja Heterodera Vaso 7,12.0,7.0,315.74,138.0,34.0,71.93,4653,14029,2459,4637,18807,11361,0
7779,dia 12 - Soja Heterodera Vaso 7,12.0,7.0,315.97,139.0,34.0,71.87,4658,14012,2464,4639,18765,11364,0
7780,dia 12 - Soja Heterodera Vaso 7,12.0,7.0,316.2,146.0,34.0,71.8,4665,13996,2468,4639,18787,11365,0
7781,dia 12 - Soja Heterodera Vaso 7,12.0,7.0,316.43,141.0,34.0,71.74,4671,14020,2469,4644,18754,11366,0
7782,dia 12 - Soja Heterodera Vaso 7,12.0,7.0,316.68,133.0,34.0,71.69,4667,14088,2470,4643,18770,11367,0
7783,dia 12 - Soja Heterodera Vaso 7,12.0,7.0,316.94,133.0,34.0,71.63,4672,14067,2472,4649,18725,11364,0
7784,dia 12 - Soja Heterodera Vaso 7,12.0,7.0,317.17,140.0,34.0,71.57,4673,14011,2471,4649,18737,11361,0
7785,dia 12 - Soja Heterodera Vaso 7,12.0,7.0,317.4,138.0,34.0,71.52,4680,13969,2475,4648,18700,11358,0
7786,dia 12 - Soja Heterodera Vaso 7,12.0,7.0,317.63,142.0,34.0,71.47,4680,13979,2471,4652,18707,11355,0
7787,dia 12 - Soja Heterodera Vaso 7,12.0,7.0,317.87,140.0,34.1,71.42,4678,13935,2472,4650,18695,11354,0
7788,dia 12 - Soja Heterodera Vaso 7,12.0,7.0,318.1,141.0,34.1,71.37,4670,13984,2477,4644,18686,11353,0
7789,dia 12 - Soja Heterodera Vaso 7,12.0,7.0,318.34,146.0,34.1,71.32,4674,13975,2475,4651,18700,11351,0
7790,dia 12 - Soja Heterodera Vaso 7,12.0,7.0,318.57,142.0,34.1,71.28,4671,13953,2474,4649,18693,11332,0
7791,dia 12 - Soja Heterodera Vaso 7,12.0,7.0,318.8,140.0,34.1,71.23,4669,14039,2477,4651,18646,11347,0
7792,dia 12 - Soja Heterodera Vaso 7,12.0,7.0,319.1,137.0,34.1,71.18,4667,13982,2469,4643,18624,11348,0
7793,dia 12 - Soja Heterodera Vaso 7,12.0,7.0,319.33,139.0,34.1,71.14,4653,13982,2469,4636,18658,11347,0
7794,dia 12 - Soja Heterodera Vaso 7,12.0,7.0,319.56,136.0,34.1,71.11,4658,13897,2467,4642,18621,11345,0
7795,dia 12 - Soja Heterodera Vaso 7,12.0,7.0,319.79,141.0,34.1,71.07,4661,13999,2469,4645,18620,11345,0
7796,dia 12 - Soja Heterodera Vaso 7,12.0,7.0,320.03,133.0,34.1,71.03,4662,14001,2469,4645,18606,11344,0
7797,dia 12 - Soja Heterodera Vaso 7,12.0,7.0,320.3,139.0,34.1,70.99,4662,13988,2470,4643,18595,11345,0
7798,dia 12 - Soja Heterodera Vaso 7,12.0,7.0,320.53,143.0,34.1,70.95,4662,13963,2470,4643,18603,11344,0
7799,dia 12 - Soja Heterodera Vaso 7,12.0,7.0,320.76,137.0,34.1,70.92,4661,13982,2469,4639,18578,11343,0
7829,dia 12 - Soja Heterodera Vaso 7,12.0,7.0,328.51,146.0,34.2,70.22,4578,13802,2426,4586,18320,11329,0
7830,dia 12 - Soja Heterodera Vaso 7,12.0,7.0,328.74,141.0,34.2,70.2,4574,13670,2422,4586,18363,11329,0
7831,dia 12 - Soja Heterodera Vaso 7,12.0,7.0,328.98,135.0,34.2,70.19,4574,13784,2425,4587,18331,11333,0
7832,dia 12 - Soja Heterodera Vaso 7,12.0,7.0,329.22,141.0,34.2,70.18,4571,13778,2423,4587,18324,11320,0
7833,dia 12 - Soja Heterodera Vaso 7,12.0,7.0,329.45,145.0,34.2,70.16,4563,13781,2422,4587,18318,11336,0
7834,dia 12 - Soja Heterodera Vaso 7,12.0,7.0,329.68,140.0,34.2,70.16,4568,13774,2422,4587,18317,11332,0
7835,dia 12 - Soja Heterodera Vaso 7,12.0,7.0,329.92,145.0,34.2,70.15,4568,13791,2422,4586,18295,11327,0
7836,dia 12 - Soja Heterodera Vaso 7,12.0,7.0,330.18,139.0,34.2,70.14,4566,13788,2417,4584,18286,11325,0
7837,dia 12 - Soja Heterodera Vaso 7,12.0,7.0,330.41,138.0,34.2,70.13,4563,13784,2420,4581,18279,11323,0
7838,dia 12 - Soja Heterodera Vaso 7,12.0,7.0,330.64,144.0,34.1,70.12,4561,13779,2419,4583,18272,11321,0
7839,dia 12 - Soja Heterodera Vaso 7,12.0,7.0,330.88,137.0,34.2,70.11,4560,13756,2418,4581,18269,11319,0
7840,dia 12 - Soja Heterodera Vaso 7,12.0,7.0,331.11,137.0,34.2,70.1,4559,13768,2417,4576,18264,11316,0
7841,dia 12 - Soja Heterodera Vaso 7,12.0,7.0,331.39,142.0,34.2,70.09,4558,13757,2417,4579,18252,11310,0
7842,dia 12 - Soja Heterodera Vaso 7,12.0,7.0,331.62,141.0,34.2,70.08,4544,13596,2409,4569,18308,11307,0
7843,dia 12 - Soja Heterodera Vaso 7,12.0,7.0,331.85,140.0,34.2,70.08,4545,13612,2410,4573,18294,11306,0
7844,dia 12 - Soja Heterodera Vaso 7,12.0,7.0,332.08,140.0,34.2,70.07,4544,13620,2411,4574,18288,11300,0
7845,dia 12 - Soja Heterodera Vaso 7,12.0,7.0,332.32,140.0,34.2,70.06,4543,13696,2407,4567,18247,11299,0
7846,dia 12 - Soja Heterodera Vaso 7,12.0,7.0,332.55,144.0,34.2,70.05,4534,13528,2404,4566,18269,11297,0
7847,dia 12 - Soja Heterodera Vaso 7,12.0,7.0,332.79,141.0,34.2,70.04,4545,13684,2409,4572,18239,11296,0
7848,dia 12 - Soja Heterodera Vaso 7,12.0,7.0,333.02,141.0,34.2,70.03,4542,13701,2410,4574,18200,11295,0
7849,dia 12 - Soja Heterodera Vaso 7,12.0,7.0,333.25,137.0,34.3,70.03,4544,13708,2406,4574,18216,11290,0
7850,dia 12 - Soja Heterodera Vaso 7,12.0,7.0,333.54,139.0,34.2,70.02,4540,13669,2408,4570,18212,11290,0
7851,dia 12 - Soja Heterodera Vaso 7,12.0,7.0,333.77,144.0,34.3,70.02,4539,13687,2407,4565,18206,11288,0
7852,dia 12 - Soja Heterodera Vaso 7,12.0,7.0,334.0,137.0,34.3,70.01,4538,13684,2406,4567,18200,11285,0
7853,dia 12 - Soja Heterodera Vaso 7,12.0,7.0,334.24,142.0,34.3,70.0,4526,13542,2401,4561,18243,11265,0
7854,dia 12 - Soja Heterodera Vaso 7,12.0,7.0,334.48,146.0,34.3,69.99,4525,13523,2399,4559,18241,11282,0
7855,dia 12 - Soja Heterodera Vaso 7,12.0,7.0,334.71,147.0,34.3,69.99,4524,13565,2399,4562,18239,11280,0
7856,dia 12 - Soja Heterodera Vaso 7,12.0,7.0,334.94,140.0,34.3,69.99,4522,13531,2398,4560,18237,11277,0
7857,dia 12 - Soja Heterodera Vaso 7,12.0,7.0,335.18,145.0,34.3,69.98,4527,13484,2401,4559,18231,11275,0
7858,dia 12 - Soja Heterodera Vaso 7,12.0,7.0,335.41,144.0,34.3,69.98,4517,13492,2396,4558,18227,11273,0
7859,dia 12 - Soja Heterodera Vaso 7,12.0,7.0,335.65,137.0,34.3,73.51,4586,13418,2431,4574,18221,11239,0
7860,dia 12 - Soja Heterodera Vaso 7,12.0,7.0,335.88,144.0,34.2,79.48,4615,13613,2445,4595,18257,11247,0
7861,dia 12 - Soja Heterodera Vaso 7,12.0,7.0,336.12,139.0,34.2,84.29,4598,13636,2433,4594,18332,11247,0
7862,dia 12 - Soja Heterodera Vaso 7,12.0,7.0,336.35,137.0,34.2,87.99,4618,13617,2447,4577,18331,11242,0
7863,dia 12 - Soja Heterodera Vaso 7,12.0,7.0,336.58,140.0,34.3,90.71,4636,13665,2459,4584,18275,11235,0
7864,dia 12 - Soja Heterodera Vaso 7,12.0,7.0,336.87,143.0,34.3,92.77,4642,13632,2459,4565,18186,11219,0
7865,dia 12 - Soja Heterodera Vaso 7,12.0,7.0,337.11,138.0,34.3,93.5,4629,13604,2454,4560,18120,11187,0
7866,dia 12 - Soja Heterodera Vaso 7,12.0,7.0,337.34,141.0,34.3,93.68,4623,13566,2447,4561,18052,11190,0
7867,dia 12 - Soja Heterodera Vaso 7,12.0,7.0,337.58,141.0,34.3,93.69,4626,13523,2453,4566,17992,11175,0
7868,dia 12 - Soja Heterodera Vaso 7,12.0,7.0,337.82,144.0,34.3,93.7,4605,13361,2441,4556,17994,11162,0
7869,dia 12 - Soja Heterodera Vaso 7,12.0,7.0,338.05,138.0,34.3,93.69,4586,13310,2435,4549,17960,11148,0
7870,dia 12 - Soja Heterodera Vaso 7,12.0,7.0,338.29,140.0,34.3,93.69,4598,13438,2438,4551,17870,11137,0
7871,dia 12 - Soja Heterodera Vaso 7,12.0,7.0,338.52,140.0,34.3,93.7,4581,13409,2429,4540,17838,11128,0
7872,dia 12 - Soja Heterodera Vaso 7,12.0,7.0,338.75,141.0,34.3,93.7,4572,13392,2425,4539,17785,11120,0
7873,dia 12 - Soja Heterodera Vaso 7,12.0,7.0,339.09,132.0,34.3,93.7,4564,13369,2419,4533,17769,11107,0
7874,dia 12 - Soja Heterodera Vaso 7,12.0,7.0,339.63,139.0,34.3,93.7,4552,13338,2413,4527,17713,11088,0
7875,dia 12 - Soja Heterodera Vaso 7,12.0,7.0,340.19,148.0,34.3,93.7,4543,13317,2408,4524,17651,11086,0
7876,dia 12 - Soja Heterodera Vaso 7,12.0,7.0,340.42,149.0,34.3,93.7,4540,13310,2403,4522,17668,11086,0
7877,dia 12 - Soja Heterodera Vaso 7,12.0,7.0,340.65,145.0,34.3,93.7,4537,13303,2405,4521,17657,11082,0
7878,dia 12 - Soja Heterodera Vaso 7,12.0,7.0,340.88,141.0,34.3,93.7,4536,13300,2404,4520,17654,11082,0
7879,dia 12 - Soja Heterodera Vaso 7,12.0,7.0,341.11,136.0,34.3,93.71,4532,13273,2403,4519,17645,11077,0
7880,dia 12 - Soja Heterodera Vaso 7,12.0,7.0,341.41,142.0,34.4,93.7,4532,13291,2401,4518,17611,11070,0
7881,dia 12 - Soja Heterodera Vaso 7,12.0,7.0,341.65,144.0,34.4,93.7,4528,13282,2396,4518,17634,11070,0
7882,dia 12 - Soja Heterodera Vaso 7,12.0,7.0,341.88,137.0,34.4,93.7,4528,13295,2400,4519,17626,11069,0
7883,dia 12 - Soja Heterodera Vaso 7,12.0,7.0,342.11,138.0,34.4,93.7,4527,13296,2399,4518,17623,11066,0
7884,dia 12 - Soja Heterodera Vaso 7,12.0,7.0,342.35,140.0,34.4,93.71,4525,13309,2399,4517,17618,11065,0
7885,dia 12 - Soja Heterodera Vaso 7,12.0,7.0,342.58,142.0,34.4,93.71,4526,13309,2398,4517,17615,11062,0
7886,dia 12 - Soja Heterodera Vaso 7,12.0,7.0,342.82,146.0,34.4,93.69,4526,13314,2398,4519,17618,11064,0
7887,dia 12 - Soja Heterodera Vaso 7,12.0,7.0,343.06,137.0,34.4,93.7,4525,13298,2397,4517,17617,11063,0
7888,dia 12 - Soja Heterodera Vaso 7,12.0,7.0,343.29,143.0,34.4,93.7,4524,13312,2397,4514,17618,11063,0
7889,dia 12 - Soja Heterodera Vaso 7,12.0,7.0,343.56,135.0,34.4,93.71,4522,13296,2396,4515,17604,11066,0
7890,dia 12 - Soja Heterodera Vaso 7,12.0,7.0,343.8,145.0,34.4,93.7,4510,13173,2386,4509,17678,11067,0
7891,dia 12 - Soja Heterodera Vaso 7,12.0,7.0,344.03,146.0,34.4,93.71,4526,13353,2398,4517,17612,11068,0
7892,dia 12 - Soja Heterodera Vaso 7,12.0,7.0,344.26,143.0,34.3,93.71,4525,13341,2397,4516,17620,11068,0
7893,dia 12 - Soja Heterodera Vaso 7,12.0,7.0,344.5,150.0,34.4,93.71,4522,13291,2396,4515,17637,11072,0
7894,dia 12 - Soja Heterodera Vaso 7,12.0,7.0,344.76,142.0,34.4,93.71,4522,13316,2396,4516,17638,11074,0
7895,dia 12 - Soja Heterodera Vaso 7,12.0,7.0,344.99,142.0,34.4,93.71,4518,13277,2394,4515,17658,11060,0
7896,dia 12 - Soja Heterodera Vaso 7,12.0,7.0,345.22,145.0,34.4,93.71,4515,13317,2396,4516,17649,11078,0
9473,dia 12 - Soja Heterodera Vaso 7,12.0,7.0,748.57,145.0,37.7,93.7,5952,15471,2028,4200,19775,13001,0
9474,dia 12 - Soja Heterodera Vaso 7,12.0,7.0,748.8,146.0,37.7,93.71,5954,15489,2029,4203,19776,13001,0
9475,dia 12 - Soja Heterodera Vaso 7,12.0,7.0,749.04,142.0,37.7,93.71,5951,15490,2029,4202,19775,13002,0
9476,dia 12 - Soja Heterodera Vaso 7,12.0,7.0,749.27,138.0,37.7,93.7,5941,15385,2026,4201,19815,12989,0
9477,dia 12 - Soja Heterodera Vaso 7,12.0,7.0,749.5,136.0,37.7,93.71,5948,15458,2027,4202,19783,13004,0
9478,dia 12 - Soja Heterodera Vaso 7,12.0,7.0,749.79,143.0,37.7,93.71,5949,15443,2031,4201,19785,13005,0
9479,dia 12 - Soja Heterodera Vaso 7,12.0,7.0,750.03,143.0,37.7,93.7,5949,15465,2032,4200,19786,13008,0
9480,dia 12 - Soja Heterodera Vaso 7,12.0,7.0,750.26,150.0,37.7,93.7,5939,15383,2030,4199,19798,13007,0
9481,dia 12 - Soja Heterodera Vaso 7,12.0,7.0,750.5,138.0,37.7,93.7,5949,15479,2033,4204,19781,12989,0
9482,dia 12 - Soja Heterodera Vaso 7,12.0,7.0,750.74,136.0,37.7,93.7,5948,15480,2031,4207,19780,13009,0
9483,dia 12 - Soja Heterodera Vaso 7,12.0,7.0,750.97,137.0,37.7,93.7,5949,15482,2036,4208,19783,13010,0
9484,dia 12 - Soja Heterodera Vaso 7,12.0,7.0,751.21,141.0,37.7,93.7,5948,15481,2037,4209,19785,13008,0
9485,dia 12 - Soja Heterodera Vaso 7,12.0,7.0,751.44,143.0,37.7,93.7,5938,15482,2039,4210,19785,13013,0
9486,dia 12 - Soja Heterodera Vaso 7,12.0,7.0,751.67,137.0,37.7,93.7,5947,15483,2039,4211,19785,13009,0
9487,dia 12 - Soja Heterodera Vaso 7,12.0,7.0,751.96,143.0,37.7,93.7,5946,15484,2038,4211,19785,13014,0
9488,dia 12 - Soja Heterodera Vaso 7,12.0,7.0,752.2,137.0,37.7,93.71,5947,15492,2042,4214,19784,13015,0
9489,dia 12 - Soja Heterodera Vaso 7,12.0,7.0,752.43,141.0,37.7,93.7,5948,15502,2044,4214,19803,13029,0
9490,dia 12 - Soja Heterodera Vaso 7,12.0,7.0,752.66,141.0,37.7,93.71,5950,15498,2045,4215,19775,13016,0
9491,dia 12 - Soja Heterodera Vaso 7,12.0,7.0,752.91,137.0,37.7,93.71,5956,15523,2046,4218,19776,13018,0
9492,dia 12 - Soja Heterodera Vaso 7,12.0,7.0,753.14,145.0,37.7,93.71,5950,15527,2047,4219,19777,13019,0
9493,dia 12 - Soja Heterodera Vaso 7,12.0,7.0,753.38,140.0,37.7,93.71,5951,15507,2049,4219,19777,13018,0
9494,dia 12 - Soja Heterodera Vaso 7,12.0,7.0,753.61,144.0,37.7,93.71,5949,15526,2050,4216,19778,13018,0
9495,dia 12 - Soja Heterodera Vaso 7,12.0,7.0,753.85,145.0,37.7,93.7,5950,15529,2050,4225,19783,13021,0
9496,dia 12 - Soja Heterodera Vaso 7,12.0,7.0,754.1,135.0,37.7,93.7,5940,15529,2051,4224,19781,13020,0
9497,dia 12 - Soja Heterodera Vaso 7,12.0,7.0,754.34,144.0,37.7,93.71,5950,15530,2052,4224,19782,13019,0
9498,dia 12 - Soja Heterodera Vaso 7,12.0,7.0,754.57,135.0,37.7,93.7,5950,15531,2052,4224,19784,13022,0
9499,dia 12 - Soja Heterodera Vaso 7,12.0,7.0,754.8,140.0,37.7,93.7,5951,15535,2054,4226,19765,13022,0
9500,dia 12 - Soja Heterodera Vaso 7,12.0,7.0,755.04,137.0,37.7,93.71,5942,15533,2064,4239,19784,13020,0
9501,dia 12 - Soja Heterodera Vaso 7,12.0,7.0,755.31,144.0,37.7,93.7,5941,15532,2068,4238,19761,13022,0
9502,dia 12 - Soja Heterodera Vaso 7,12.0,7.0,755.55,141.0,37.7,93.7,5912,15460,2055,4228,19689,12958,0
9503,dia 12 - Soja Heterodera Vaso 7,12.0,7.0,755.78,140.0,37.7,92.73,5898,15457,2055,4226,19683,12954,0
9504,dia 12 - Soja Heterodera Vaso 7,12.0,7.0,756.02,137.0,37.7,92.15,5875,15463,2048,4219,19683,12951,0
9505,dia 12 - Soja Heterodera Vaso 7,12.0,7.0,756.25,135.0,37.7,91.78,5853,15467,2041,4212,19691,12943,0
9506,dia 12 - Soja Heterodera Vaso 7,12.0,7.0,756.48,139.0,37.7,91.53,5838,15477,2038,4213,19685,12942,0
9507,dia 12 - Soja Heterodera Vaso 7,12.0,7.0,756.72,140.0,37.7,91.37,5829,15480,2033,4210,19684,12942,0
9508,dia 12 - Soja Heterodera Vaso 7,12.0,7.0,756.95,140.0,37.7,91.23,5807,15484,2028,4210,19682,12923,0
9509,dia 12 - Soja Heterodera Vaso 7,12.0,7.0,757.18,141.0,37.7,91.13,5797,15484,2022,4212,19673,12926,0
9510,dia 12 - Soja Heterodera Vaso 7,12.0,7.0,757.48,139.0,37.7,91.05,5788,15464,2024,4209,19673,12917,0
9511,dia 12 - Soja Heterodera Vaso 7,12.0,7.0,757.72,137.0,37.7,91.0,5781,15466,2023,4209,19666,12704,0
9512,dia 12 - Soja Heterodera Vaso 7,12.0,7.0,757.95,140.0,37.7,90.96,5782,15463,2022,4208,19644,12864,0
9513,dia 12 - Soja Heterodera Vaso 7,12.0,7.0,758.18,136.0,37.7,90.94,5773,15453,2021,4206,19596,12836,0
9514,dia 12 - Soja Heterodera Vaso 7,12.0,7.0,758.42,141.0,37.7,90.92,5766,15432,2020,4203,19613,12807,0
9515,dia 12 - Soja Heterodera Vaso 7,12.0,7.0,758.66,140.0,37.7,90.9,5762,15421,2019,4203,19594,12779,0
9516,dia 12 - Soja Heterodera Vaso 7,12.0,7.0,759.04,140.0,37.7,90.87,5753,15400,2018,4202,19564,12738,0
9517,dia 12 - Soja Heterodera Vaso 7,12.0,7.0,759.59,138.0,37.7,90.85,5742,15366,2015,4198,19521,12662,0
9518,dia 12 - Soja Heterodera Vaso 7,12.0,7.0,759.99,143.0,37.7,90.84,5730,15332,2012,4197,19472,12610,0
9519,dia 12 - Soja Heterodera Vaso 7,12.0,7.0,760.22,144.0,37.7,90.83,5725,15333,2011,4196,19458,12567,0
9520,dia 12 - Soja Heterodera Vaso 7,12.0,7.0,760.45,138.0,37.6,90.83,5709,15289,2009,4194,19409,12540,0
9521,dia 12 - Soja Heterodera Vaso 7,12.0,7.0,760.71,144.0,37.6,90.83,5707,15258,2007,4192,19367,12499,0
9522,dia 12 - Soja Heterodera Vaso 7,12.0,7.0,760.94,139.0,37.7,90.83,5697,15235,2006,4187,19333,12444,0
9523,dia 12 - Soja Heterodera Vaso 7,12.0,7.0,761.17,140.0,37.6,90.82,5686,15210,1998,4180,19305,12426,0
9524,dia 12 - Soja Heterodera Vaso 7,12.0,7.0,761.41,140.0,37.6,90.83,5677,15185,1999,4178,19265,12384,0
9525,dia 12 - Soja Heterodera Vaso 7,12.0,7.0,761.64,139.0,37.6,90.82,5667,15164,1998,4177,19230,12345,0
9526,dia 12 - Soja Heterodera Vaso 7,12.0,7.0,761.92,140.0,37.6,90.81,5654,15129,1995,4178,19185,12287,0
9527,dia 12 - Soja Heterodera Vaso 7,12.0,7.0,762.15,143.0,37.6,90.8,5643,15099,1991,4176,19146,12280,0
9528,dia 12 - Soja Heterodera Vaso 7,12.0,7.0,762.38,129.0,37.6,90.83,5632,15069,1988,4172,19078,12245,0
9529,dia 12 - Soja Heterodera Vaso 7,12.0,7.0,762.62,137.0,37.6,90.83,5619,15037,1985,4168,19058,12207,0
9530,dia 12 - Soja Heterodera Vaso 7,12.0,7.0,762.86,142.0,37.6,90.82,5607,15009,1982,4164,19016,12174,0
9531,dia 12 - Soja Heterodera Vaso 7,12.0,7.0,763.09,137.0,37.6,90.82,5595,14976,1978,4161,18971,12118,0
9532,dia 12 - Soja Heterodera Vaso 7,12.0,7.0,763.32,144.0,37.6,90.81,5577,14945,1974,4157,18929,12100,0
9533,dia 12 - Soja Heterodera Vaso 7,12.0,7.0,763.56,137.0,37.6,90.82,5576,14917,1971,4156,18891,12065,0
9534,dia 12 - Soja Heterodera Vaso 7,12.0,7.0,763.79,146.0,37.6,90.83,5563,14883,1968,4153,18845,12020,0
9535,dia 12 - Soja Heterodera Vaso 7,12.0,7.0,764.08,140.0,37.6,90.83,5549,14847,1964,4150,18796,11978,0
9536,dia 12 - Soja Heterodera Vaso 7,12.0,7.0,764.31,138.0,37.6,90.82,5536,14820,1961,4148,18758,11942,0
9537,dia 12 - Soja Heterodera Vaso 7,12.0,7.0,764.55,140.0,37.6,90.82,5517,14794,1958,4147,18722,11903,0
9538,dia 12 - Soja Heterodera Vaso 7,12.0,7.0,764.78,139.0,37.6,90.83,5518,14771,1957,4145,18688,11864,0
9539,dia 12 - Soja Heterodera Vaso 7,12.0,7.0,765.02,132.0,37.6,90.82,5502,14763,1952,4141,18655,11830,0
10281,dia 12 - Soja Heterodera Vaso 8,12.0,8.0,292.09,150.0,40.7,93.7,5724,15013,1375,3647,18594,9688,0
10282,dia 12 - Soja Heterodera Vaso 8,12.0,8.0,292.32,145.0,40.8,93.68,5725,15012,1375,3647,18595,9690,0
10283,dia 12 - Soja Heterodera Vaso 8,12.0,8.0,292.56,143.0,40.7,93.69,5726,14992,1374,3647,18597,9690,0
10284,dia 12 - Soja Heterodera Vaso 8,12.0,8.0,292.79,141.0,40.8,93.69,5727,15017,1373,3642,18596,9691,0
10285,dia 12 - Soja Heterodera Vaso 8,12.0,8.0,293.04,150.0,40.7,93.69,5728,15018,1372,3644,18599,9692,0
10286,dia 12 - Soja Heterodera Vaso 8,12.0,8.0,293.27,145.0,40.8,93.69,5729,15000,1372,3644,18600,9694,0
10287,dia 12 - Soja Heterodera Vaso 8,12.0,8.0,293.51,143.0,40.8,93.69,5729,15020,1372,3645,18599,9698,0
10288,dia 12 - Soja Heterodera Vaso 8,12.0,8.0,293.75,151.0,40.8,93.69,5730,15021,1372,3645,18601,9699,0
10289,dia 12 - Soja Heterodera Vaso 8,12.0,8.0,293.98,149.0,40.7,93.69,5731,15019,1371,3645,18597,9694,0
10290,dia 12 - Soja Heterodera Vaso 8,12.0,8.0,294.22,148.0,40.8,93.68,5731,15022,1370,3645,18604,9700,0
10291,dia 12 - Soja Heterodera Vaso 8,12.0,8.0,294.45,142.0,40.8,93.69,5733,15022,1370,3645,18604,9700,0
10292,dia 12 - Soja Heterodera Vaso 8,12.0,8.0,294.69,148.0,40.8,93.69,5736,15025,1370,3644,18604,9685,0
10293,dia 12 - Soja Heterodera Vaso 8,12.0,8.0,294.92,147.0,40.8,93.69,5727,15023,1369,3643,18606,9701,0
10294,dia 12 - Soja Heterodera Vaso 8,12.0,8.0,295.33,146.0,40.8,93.69,5736,15005,1369,3643,18607,9702,0
10295,dia 12 - Soja Heterodera Vaso 8,12.0,8.0,295.87,147.0,40.8,93.69,5737,15028,1369,3641,18611,9702,0
10296,dia 12 - Soja Heterodera Vaso 8,12.0,8.0,296.27,144.0,40.8,93.69,5741,15022,1365,3640,18606,9699,0
10297,dia 12 - Soja Heterodera Vaso 8,12.0,8.0,296.56,151.0,40.8,93.69,5733,15034,1365,3640,18615,9700,0
10298,dia 12 - Soja Heterodera Vaso 8,12.0,8.0,296.8,146.0,40.8,93.7,5744,15033,1361,3637,18615,9699,0
10299,dia 12 - Soja Heterodera Vaso 8,12.0,8.0,297.03,144.0,40.8,93.67,5745,15035,1361,3637,18615,9700,0
10300,dia 12 - Soja Heterodera Vaso 8,12.0,8.0,297.27,144.0,40.8,93.69,5745,15014,1360,3637,18618,9703,0
10301,dia 12 - Soja Heterodera Vaso 8,12.0,8.0,297.51,151.0,40.8,93.69,5747,15036,1360,3634,18618,9707,0
10302,dia 12 - Soja Heterodera Vaso 8,12.0,8.0,297.75,147.0,40.8,93.69,5747,15036,1359,3634,18619,9709,0
10303,dia 12 - Soja Heterodera Vaso 8,12.0,8.0,297.98,148.0,40.8,93.69,5748,15039,1359,3636,18593,9711,0
10304,dia 12 - Soja Heterodera Vaso 8,12.0,8.0,298.21,147.0,40.8,93.69,5749,15040,1359,3634,18620,9712,0
10305,dia 12 - Soja Heterodera Vaso 8,12.0,8.0,298.45,146.0,40.8,93.69,5750,15041,1358,3634,18621,9713,0
10306,dia 12 - Soja Heterodera Vaso 8,12.0,8.0,298.75,129.0,40.8,93.69,5750,15044,1357,3634,18623,9717,0
10307,dia 12 - Soja Heterodera Vaso 8,12.0,8.0,298.98,141.0,40.8,93.69,5751,15044,1357,3633,18623,9720,0
10308,dia 12 - Soja Heterodera Vaso 8,12.0,8.0,299.22,146.0,40.8,93.69,5746,15047,1357,3631,18624,9721,0
10309,dia 12 - Soja Heterodera Vaso 8,12.0,8.0,299.45,142.0,40.8,93.69,5753,15045,1356,3632,18626,9723,0
10310,dia 12 - Soja Heterodera Vaso 8,12.0,8.0,299.7,146.0,40.8,93.69,5754,15047,1356,3629,18627,9724,0
10311,dia 12 - Soja Heterodera Vaso 8,12.0,8.0,299.93,144.0,40.8,93.13,5740,14996,1353,3630,18586,9709,0
10312,dia 12 - Soja Heterodera Vaso 8,12.0,8.0,300.17,147.0,40.8,91.69,5735,15001,1349,3626,18573,9707,0
10313,dia 12 - Soja Heterodera Vaso 8,12.0,8.0,300.4,144.0,40.8,90.47,5744,14987,1348,3623,18563,9716,0
10314,dia 12 - Soja Heterodera Vaso 8,12.0,8.0,300.64,144.0,40.8,89.39,5743,14960,1343,3619,18555,9713,0
10315,dia 12 - Soja Heterodera Vaso 8,12.0,8.0,300.9,145.0,40.8,88.31,5726,14971,1332,3609,18571,9713,0
10316,dia 12 - Soja Heterodera Vaso 8,12.0,8.0,301.14,150.0,40.8,87.43,5739,14969,1330,3605,18574,9697,0
10317,dia 12 - Soja Heterodera Vaso 8,12.0,8.0,301.38,143.0,40.8,86.63,5727,14977,1319,3596,18581,9714,0
10318,dia 12 - Soja Heterodera Vaso 8,12.0,8.0,301.61,143.0,40.8,85.89,5742,14984,1300,3579,18590,9712,0
10319,dia 12 - Soja Heterodera Vaso 8,12.0,8.0,301.85,136.0,40.8,85.19,5760,14980,1285,3567,18593,9711,0
10320,dia 12 - Soja Heterodera Vaso 8,12.0,8.0,302.12,144.0,40.8,84.44,5780,14982,1259,3545,18598,9711,0
10321,dia 12 - Soja Heterodera Vaso 8,12.0,8.0,302.35,142.0,40.8,83.82,6258,15010,611,3013,18615,9709,0
10322,dia 12 - Soja Heterodera Vaso 8,12.0,8.0,302.59,144.0,40.8,83.24,6419,15016,342,2731,18594,9708,0
10323,dia 12 - Soja Heterodera Vaso 8,12.0,8.0,302.83,144.0,40.8,82.68,6124,14986,776,3080,18621,9708,0
10324,dia 12 - Soja Heterodera Vaso 8,12.0,8.0,303.06,146.0,40.8,82.15,6060,14881,843,3059,18655,9708,0
10325,dia 12 - Soja Heterodera Vaso 8,12.0,8.0,303.3,145.0,40.8,81.64,6051,14880,849,3152,18645,9702,0
10326,dia 12 - Soja Heterodera Vaso 8,12.0,8.0,303.53,142.0,40.8,81.16,6043,14874,858,3161,18651,9708,0
10327,dia 12 - Soja Heterodera Vaso 8,12.0,8.0,303.77,144.0,40.8,80.71,6039,14862,860,3166,18650,9707,0
10328,dia 12 - Soja Heterodera Vaso 8,12.0,8.0,304.0,146.0,40.8,80.26,6029,14850,867,3168,18647,9710,0
10329,dia 12 - Soja Heterodera Vaso 8,12.0,8.0,304.28,139.0,40.8,79.77,6028,14845,867,3168,18645,9709,0
10330,dia 12 - Soja Heterodera Vaso 8,12.0,8.0,304.52,142.0,40.8,79.36,6037,14831,871,3167,18635,9693,0
10331,dia 12 - Soja Heterodera Vaso 8,12.0,8.0,304.76,140.0,40.8,78.98,6036,14826,865,3164,18627,9709,0
10332,dia 12 - Soja Heterodera Vaso 8,12.0,8.0,304.99,143.0,40.8,78.61,6039,14821,861,3167,18621,9708,0
10333,dia 12 - Soja Heterodera Vaso 8,12.0,8.0,305.24,156.0,40.8,78.26,6035,14813,850,3151,18613,9705,0
10334,dia 12 - Soja Heterodera Vaso 8,12.0,8.0,305.48,142.0,40.8,77.89,6037,14803,854,3160,18607,9707,0
10335,dia 12 - Soja Heterodera Vaso 8,12.0,8.0,305.71,150.0,40.8,77.57,6036,14798,856,3159,18599,9705,0
10336,dia 12 - Soja Heterodera Vaso 8,12.0,8.0,305.95,137.0,40.8,77.25,6035,14831,858,3157,18576,9705,0
10337,dia 12 - Soja Heterodera Vaso 8,12.0,8.0,306.19,141.0,40.8,76.94,6029,14835,843,3144,18573,9706,0
10338,dia 12 - Soja Heterodera Vaso 8,12.0,8.0,306.45,139.0,40.8,76.6,5993,14858,897,3199,18555,9703,0
10339,dia 12 - Soja Heterodera Vaso 8,12.0,8.0,306.69,148.0,40.8,76.33,6000,14832,896,3197,18549,9704,0
10340,dia 12 - Soja Heterodera Vaso 8,12.0,8.0,306.92,143.0,40.8,76.06,5993,14846,895,3193,18539,9705,0
10341,dia 12 - Soja Heterodera Vaso 8,12.0,8.0,307.16,147.0,40.8,75.79,5984,14849,895,3195,18523,9746,0
10342,dia 12 - Soja Heterodera Vaso 8,12.0,8.0,307.4,151.0,40.8,75.54,5975,14833,891,3190,18520,9741,0
10343,dia 12 - Soja Heterodera Vaso 8,12.0,8.0,307.67,146.0,40.8,75.26,5955,14828,904,3206,18507,9733,0
10344,dia 12 - Soja Heterodera Vaso 8,12.0,8.0,307.9,149.0,40.8,75.03,5957,14814,908,3209,18493,9713,0
10345,dia 12 - Soja Heterodera Vaso 8,12.0,8.0,308.14,140.0,40.8,74.8,5962,14809,907,3208,18482,9723,0
10346,dia 12 - Soja Heterodera Vaso 8,12.0,8.0,308.37,145.0,40.8,74.58,5967,14807,895,3196,18471,9718,0
10347,dia 12 - Soja Heterodera Vaso 8,12.0,8.0,308.71,141.0,40.8,74.28,5965,14832,902,3199,18439,9711,0
10348,dia 12 - Soja Heterodera Vaso 8,12.0,8.0,308.95,144.0,40.8,74.07,5956,14825,897,3201,18430,9707,0
10349,dia 12 - Soja Heterodera Vaso 8,12.0,8.0,309.18,145.0,40.8,73.89,5964,14815,896,3193,18422,9702,0
10350,dia 12 - Soja Heterodera Vaso 8,12.0,8.0,309.42,144.0,40.8,73.7,5957,14762,890,3191,18427,9697,0
10351,dia 12 - Soja Heterodera Vaso 8,12.0,8.0,309.67,145.0,40.8,73.53,5958,14740,886,3187,18416,9693,0
10352,dia 12 - Soja Heterodera Vaso 8,12.0,8.0,310.07,145.0,40.8,73.22,5955,14731,883,3183,18395,9684,0
10353,dia 12 - Soja Heterodera Vaso 8,12.0,8.0,310.62,148.0,40.8,72.85,5941,14736,880,3182,18372,9671,0
10354,dia 12 - Soja Heterodera Vaso 8,12.0,8.0,311.01,146.0,40.8,72.6,5934,14729,877,3180,18360,9662,0
10355,dia 12 - Soja Heterodera Vaso 8,12.0,8.0,311.25,145.0,40.8,72.46,5925,14719,879,3182,18351,9656,0
10356,dia 12 - Soja Heterodera Vaso 8,12.0,8.0,311.48,149.0,40.8,72.32,5918,14714,876,3174,18340,9635,0
10357,dia 12 - Soja Heterodera Vaso 8,12.0,8.0,311.72,152.0,40.8,72.19,5910,14718,870,3170,18327,9645,0
10358,dia 12 - Soja Heterodera Vaso 8,12.0,8.0,311.96,147.0,40.8,72.06,5914,14737,872,3175,18309,9640,0
10359,dia 12 - Soja Heterodera Vaso 8,12.0,8.0,312.19,147.0,40.8,71.94,5904,14684,875,3175,18318,9635,0
10360,dia 12 - Soja Heterodera Vaso 8,12.0,8.0,312.43,147.0,40.8,71.82,5894,14681,874,3176,18305,9630,0
10361,dia 12 - Soja Heterodera Vaso 8,12.0,8.0,312.66,143.0,40.8,71.7,5893,14681,870,3171,18296,9622,0
10362,dia 12 - Soja Heterodera Vaso 8,12.0,8.0,312.9,146.0,40.8,71.6,5887,14673,865,3170,18288,9618,0
10363,dia 12 - Soja Heterodera Vaso 8,12.0,8.0,313.19,142.0,40.8,71.47,5898,14709,864,3167,18259,9610,0
10364,dia 12 - Soja Heterodera Vaso 8,12.0,8.0,313.43,144.0,40.8,71.36,5886,14653,861,3164,18269,9589,0
10365,dia 12 - Soja Heterodera Vaso 8,12.0,8.0,313.67,145.0,40.8,71.26,5894,14638,858,3158,18255,9599,0
10366,dia 12 - Soja Heterodera Vaso 8,12.0,8.0,313.91,143.0,40.8,71.16,5905,14630,855,3162,18245,9593,0
10367,dia 12 - Soja Heterodera Vaso 8,12.0,8.0,314.15,152.0,40.8,71.07,5907,14632,844,3146,18235,9574,0
10368,dia 12 - Soja Heterodera Vaso 8,12.0,8.0,314.38,146.0,40.8,70.98,5941,14625,791,3102,18227,9582,0
10369,dia 12 - Soja Heterodera Vaso 8,12.0,8.0,314.62,151.0,40.8,70.9,5988,14623,721,3046,18220,9576,0
10370,dia 12 - Soja Heterodera Vaso 8,12.0,8.0,314.85,146.0,40.8,70.81,6058,14626,655,3000,18210,9570,0
10371,dia 12 - Soja Heterodera Vaso 8,12.0,8.0,315.09,146.0,40.8,70.73,6096,14602,547,2859,18202,9564,0
10372,dia 12 - Soja Heterodera Vaso 8,12.0,8.0,315.35,146.0,40.8,75.54,6136,14620,525,2845,18230,9534,0
10373,dia 12 - Soja Heterodera Vaso 8,12.0,8.0,315.59,146.0,40.8,81.29,6218,14690,483,2802,18265,9534,0
10374,dia 12 - Soja Heterodera Vaso 8,12.0,8.0,315.82,141.0,40.8,85.77,6039,14710,743,3043,18307,9527,0
10375,dia 12 - Soja Heterodera Vaso 8,12.0,8.0,316.06,139.0,40.8,89.15,6006,14704,807,3110,18289,9514,0
10376,dia 12 - Soja Heterodera Vaso 8,12.0,8.0,316.3,147.0,40.8,91.5,6043,14718,752,3059,18245,9484,0
10377,dia 12 - Soja Heterodera Vaso 8,12.0,8.0,316.57,145.0,40.8,93.09,6010,14670,812,3112,18183,9474,0
10378,dia 12 - Soja Heterodera Vaso 8,12.0,8.0,316.8,145.0,40.8,93.59,5985,14614,829,3128,18120,9454,0
10379,dia 12 - Soja Heterodera Vaso 8,12.0,8.0,317.04,148.0,40.8,93.67,5971,14546,819,3123,18071,9435,0
10380,dia 12 - Soja Heterodera Vaso 8,12.0,8.0,317.28,140.0,40.8,93.68,5967,14514,815,3120,18036,9423,0
10381,dia 12 - Soja Heterodera Vaso 8,12.0,8.0,317.52,151.0,40.8,93.68,5877,14478,926,3225,17984,9402,0
10382,dia 12 - Soja Heterodera Vaso 8,12.0,8.0,317.75,139.0,40.8,93.68,5865,14421,922,3224,17942,9383,0
10383,dia 12 - Soja Heterodera Vaso 8,12.0,8.0,317.99,141.0,40.8,93.68,5852,14404,922,3211,17912,9367,0
10384,dia 12 - Soja Heterodera Vaso 8,12.0,8.0,318.22,145.0,40.8,93.68,5846,14383,918,3206,17882,9353,0
10385,dia 12 - Soja Heterodera Vaso 8,12.0,8.0,318.46,148.0,40.8,93.67,5838,14371,918,3212,17826,9339,0
10386,dia 12 - Soja Heterodera Vaso 8,12.0,8.0,318.75,141.0,40.8,93.67,5826,14317,916,3215,17831,9323,0
10387,dia 12 - Soja Heterodera Vaso 8,12.0,8.0,318.99,143.0,40.8,93.68,5809,14289,917,3217,17806,9310,0
10388,dia 12 - Soja Heterodera Vaso 8,12.0,8.0,319.22,142.0,40.8,93.68,5805,14291,926,3225,17778,9301,0
10389,dia 12 - Soja Heterodera Vaso 8,12.0,8.0,319.46,145.0,40.8,93.68,5799,14233,922,3218,17772,9291,0
10390,dia 12 - Soja Heterodera Vaso 8,12.0,8.0,319.7,144.0,40.8,93.68,5800,14215,919,3216,17752,9283,0
10391,dia 12 - Soja Heterodera Vaso 8,12.0,8.0,319.93,141.0,40.8,93.67,5800,14224,909,3210,17736,9277,0
10392,dia 12 - Soja Heterodera Vaso 8,12.0,8.0,320.17,146.0,40.8,93.68,5796,14217,909,3212,17723,9270,0
10393,dia 12 - Soja Heterodera Vaso 8,12.0,8.0,320.4,143.0,40.8,93.68,5793,14213,907,3207,17687,9265,0
10394,dia 12 - Soja Heterodera Vaso 8,12.0,8.0,320.64,144.0,40.8,93.68,5794,14204,908,3203,17705,9261,0
10395,dia 12 - Soja Heterodera Vaso 8,12.0,8.0,320.94,142.0,40.8,93.68,5788,14204,909,3207,17695,9255,0
10396,dia 12 - Soja Heterodera Vaso 8,12.0,8.0,321.17,144.0,40.8,93.68,5790,14202,904,3201,17688,9252,0
10397,dia 12 - Soja Heterodera Vaso 8,12.0,8.0,321.41,142.0,40.8,93.68,5792,14178,895,3202,17695,9248,0
10398,dia 12 - Soja Heterodera Vaso 8,12.0,8.0,321.64,144.0,40.8,93.68,5795,14178,893,3195,17685,9245,0
10399,dia 12 - Soja Heterodera Vaso 8,12.0,8.0,321.88,148.0,40.9,93.69,5797,14194,891,3190,17685,9240,0
10400,dia 12 - Soja Heterodera Vaso 8,12.0,8.0,322.12,139.0,40.8,93.68,5795,14197,892,3190,17684,9241,0
10401,dia 12 - Soja Heterodera Vaso 8,12.0,8.0,322.36,146.0,40.9,93.69,5797,14166,888,3186,17689,9239,0
10402,dia 12 - Soja Heterodera Vaso 8,12.0,8.0,322.59,146.0,40.9,93.69,5830,14224,846,3146,17677,9239,0
10403,dia 12 - Soja Heterodera Vaso 8,12.0,8.0,322.83,146.0,40.8,93.68,5791,14172,895,3193,17701,9239,0
10404,dia 12 - Soja Heterodera Vaso 8,12.0,8.0,323.12,150.0,40.9,93.69,5799,14191,888,3187,17692,9234,0
10405,dia 12 - Soja Heterodera Vaso 8,12.0,8.0,323.36,139.0,40.9,93.69,5796,14183,890,3194,17699,9233,0
10406,dia 12 - Soja Heterodera Vaso 8,12.0,8.0,323.59,144.0,40.9,93.68,5798,14199,876,3177,17698,9232,0
10407,dia 12 - Soja Heterodera Vaso 8,12.0,8.0,323.83,144.0,40.9,93.68,5807,14209,879,3181,17696,9231,0
10408,dia 12 - Soja Heterodera Vaso 8,12.0,8.0,324.07,145.0,40.9,93.67,5813,14240,877,3181,17690,9229,0
11953,dia 12 - Soja Heterodera Vaso 8,12.0,8.0,728.08,146.0,42.5,93.7,6240,15737,1514,3787,19534,11292,0
11954,dia 12 - Soja Heterodera Vaso 8,12.0,8.0,728.34,144.0,42.5,93.69,6242,15763,1515,3789,19535,11291,0
11955,dia 12 - Soja Heterodera Vaso 8,12.0,8.0,728.57,152.0,42.5,93.7,6241,15767,1514,3789,19535,11290,0
11956,dia 12 - Soja Heterodera Vaso 8,12.0,8.0,728.81,141.0,42.5,93.7,6240,15764,1513,3788,19534,11287,0
11957,dia 12 - Soja Heterodera Vaso 8,12.0,8.0,729.04,144.0,42.5,93.7,6238,15762,1512,3790,19535,11288,0
11958,dia 12 - Soja Heterodera Vaso 8,12.0,8.0,729.29,149.0,42.5,93.7,6240,15756,1512,3791,19538,11270,0
11959,dia 12 - Soja Heterodera Vaso 8,12.0,8.0,729.53,144.0,42.5,93.7,6238,15753,1512,3788,19538,11287,0
11960,dia 12 - Soja Heterodera Vaso 8,12.0,8.0,729.77,143.0,42.5,93.7,6240,15760,1512,3790,19538,11284,0
11961,dia 12 - Soja Heterodera Vaso 8,12.0,8.0,730.0,140.0,42.5,93.7,6244,15760,1513,3792,19538,11266,0
11962,dia 12 - Soja Heterodera Vaso 8,12.0,8.0,730.23,143.0,42.5,93.7,6237,15759,1507,3789,19539,11281,0
11963,dia 12 - Soja Heterodera Vaso 8,12.0,8.0,730.48,145.0,42.5,93.7,6234,15761,1509,3789,19540,11281,0
11964,dia 12 - Soja Heterodera Vaso 8,12.0,8.0,730.73,150.0,42.5,93.7,6245,15734,1511,3789,19540,11280,0
11965,dia 12 - Soja Heterodera Vaso 8,12.0,8.0,730.97,155.0,42.5,93.7,6236,15764,1505,3782,19541,11280,0
11966,dia 12 - Soja Heterodera Vaso 8,12.0,8.0,731.2,141.0,42.5,93.7,6245,15762,1506,3784,19539,11280,0
11967,dia 12 - Soja Heterodera Vaso 8,12.0,8.0,731.44,150.0,42.5,93.7,6247,15763,1506,3785,19540,11280,0
11968,dia 12 - Soja Heterodera Vaso 8,12.0,8.0,731.67,149.0,42.5,93.7,6244,15761,1506,3783,19540,11280,0
11969,dia 12 - Soja Heterodera Vaso 8,12.0,8.0,731.97,142.0,42.5,93.7,6236,15762,1506,3785,19541,11280,0
11970,dia 12 - Soja Heterodera Vaso 8,12.0,8.0,732.2,141.0,42.5,93.7,6248,15763,1506,3784,19540,11281,0
11971,dia 12 - Soja Heterodera Vaso 8,12.0,8.0,732.44,139.0,42.5,93.69,6247,15763,1505,3782,19542,11281,0
11972,dia 12 - Soja Heterodera Vaso 8,12.0,8.0,732.67,145.0,42.5,93.7,6247,15755,1504,3782,19539,11280,0
11973,dia 12 - Soja Heterodera Vaso 8,12.0,8.0,732.91,141.0,42.5,93.7,6248,15768,1504,3776,19543,11280,0
11974,dia 12 - Soja Heterodera Vaso 8,12.0,8.0,733.15,147.0,42.5,93.7,6251,15768,1502,3780,19542,11281,0
11975,dia 12 - Soja Heterodera Vaso 8,12.0,8.0,733.38,139.0,42.5,93.7,6253,15770,1504,3781,19513,11280,0
11976,dia 12 - Soja Heterodera Vaso 8,12.0,8.0,733.61,151.0,42.5,93.7,6254,15771,1499,3779,19542,11279,0
11977,dia 12 - Soja Heterodera Vaso 8,12.0,8.0,733.85,147.0,42.5,93.7,6251,15775,1502,3779,19515,11279,0
11978,dia 12 - Soja Heterodera Vaso 8,12.0,8.0,734.14,146.0,42.5,93.7,6261,15770,1498,3778,19542,11280,0
11979,dia 12 - Soja Heterodera Vaso 8,12.0,8.0,734.37,152.0,42.5,93.71,6262,15773,1493,3773,19545,11280,0
11980,dia 12 - Soja Heterodera Vaso 8,12.0,8.0,734.61,145.0,42.5,93.7,6270,15775,1480,3760,19543,11270,0
11981,dia 12 - Soja Heterodera Vaso 8,12.0,8.0,734.85,139.0,42.5,93.7,6285,15777,1457,3734,19547,11276,0
11982,dia 12 - Soja Heterodera Vaso 8,12.0,8.0,735.09,150.0,42.5,93.7,6277,15781,1463,3745,19547,11276,0
11983,dia 12 - Soja Heterodera Vaso 8,12.0,8.0,735.33,144.0,42.5,93.15,6250,15694,1453,3734,19421,11216,0
11984,dia 12 - Soja Heterodera Vaso 8,12.0,8.0,735.56,144.0,42.5,92.36,6260,15694,1414,3700,19447,11212,0
11985,dia 12 - Soja Heterodera Vaso 8,12.0,8.0,735.79,146.0,42.5,91.89,6276,15705,1377,3663,19450,11208,0
11986,dia 12 - Soja Heterodera Vaso 8,12.0,8.0,736.03,145.0,42.5,91.58,6229,15649,1424,3705,19470,11203,0
11987,dia 12 - Soja Heterodera Vaso 8,12.0,8.0,736.27,148.0,42.5,91.38,6364,15668,1168,3415,19463,11187,0
11988,dia 12 - Soja Heterodera Vaso 8,12.0,8.0,736.51,145.0,42.5,91.22,6293,15661,1304,3578,19456,11186,0
11989,dia 12 - Soja Heterodera Vaso 8,12.0,8.0,736.74,144.0,42.5,91.12,6229,15657,1373,3540,19450,11180,0
11990,dia 12 - Soja Heterodera Vaso 8,12.0,8.0,736.98,149.0,42.5,91.04,6221,15598,1351,3630,19451,11173,0
11991,dia 12 - Soja Heterodera Vaso 8,12.0,8.0,737.21,148.0,42.5,90.99,6223,15636,1347,3629,19406,11165,0
11992,dia 12 - Soja Heterodera Vaso 8,12.0,8.0,737.5,145.0,42.5,90.93,6304,15690,1226,3514,19388,11149,0
11993,dia 12 - Soja Heterodera Vaso 8,12.0,8.0,737.74,142.0,42.5,90.87,6296,15673,1225,3508,19378,11137,0
11994,dia 12 - Soja Heterodera Vaso 8,12.0,8.0,737.97,144.0,42.4,90.83,6274,15669,1240,3525,19370,11125,0
11995,dia 12 - Soja Heterodera Vaso 8,12.0,8.0,738.37,142.0,42.5,90.8,6397,15658,699,2752,19355,11101,0
11996,dia 12 - Soja Heterodera Vaso 8,12.0,8.0,738.95,142.0,42.4,90.76,6222,15628,1265,3546,19309,11060,0
11997,dia 12 - Soja Heterodera Vaso 8,12.0,8.0,739.35,145.0,42.4,90.76,6206,15592,1281,3563,19267,11028,0
11998,dia 12 - Soja Heterodera Vaso 8,12.0,8.0,739.59,140.0,42.4,90.77,6191,15575,1295,3573,19245,11011,0
11999,dia 12 - Soja Heterodera Vaso 8,12.0,8.0,739.82,144.0,42.4,90.77,6174,15552,1300,3581,19217,10982,0
12000,dia 12 - Soja Heterodera Vaso 8,12.0,8.0,740.06,146.0,42.4,90.78,6148,15534,1300,3583,19192,10976,0
12001,dia 12 - Soja Heterodera Vaso 8,12.0,8.0,740.29,147.0,42.4,90.77,6152,15511,1303,3584,19161,10959,0
12002,dia 12 - Soja Heterodera Vaso 8,12.0,8.0,740.53,149.0,42.4,90.77,6133,15490,1303,3585,19130,10942,0
12003,dia 12 - Soja Heterodera Vaso 8,12.0,8.0,740.82,147.0,42.4,90.77,6121,15452,1305,3587,19087,10919,0
12004,dia 12 - Soja Heterodera Vaso 8,12.0,8.0,741.05,144.0,42.4,90.76,6100,15426,1305,3587,19049,10880,0
12005,dia 12 - Soja Heterodera Vaso 8,12.0,8.0,741.29,148.0,42.4,90.75,6089,15400,1305,3589,19011,10876,0
12006,dia 12 - Soja Heterodera Vaso 8,12.0,8.0,741.52,142.0,42.4,90.75,6075,15367,1304,3588,18969,10857,0
12007,dia 12 - Soja Heterodera Vaso 8,12.0,8.0,741.76,149.0,42.4,90.74,6062,15335,1305,3586,18929,10836,0
12008,dia 12 - Soja Heterodera Vaso 8,12.0,8.0,742.0,150.0,42.4,90.74,6043,15302,1303,3583,18884,10816,0
12009,dia 12 - Soja Heterodera Vaso 8,12.0,8.0,742.23,142.0,42.4,90.74,6038,15271,1302,3583,18842,10798,0
12010,dia 12 - Soja Heterodera Vaso 8,12.0,8.0,742.47,147.0,42.4,90.74,6024,15242,1301,3583,18800,10778,0
12011,dia 12 - Soja Heterodera Vaso 8,12.0,8.0,742.7,147.0,42.4,90.74,6014,15211,1299,3582,18734,10759,0
12012,dia 12 - Soja Heterodera Vaso 8,12.0,8.0,743.0,146.0,42.4,90.74,5997,15179,1297,3579,18715,10719,0
12013,dia 12 - Soja Heterodera Vaso 8,12.0,8.0,743.23,139.0,42.4,90.75,5978,15150,1295,3577,18678,10715,0
12014,dia 12 - Soja Heterodera Vaso 8,12.0,8.0,743.47,141.0,42.4,90.73,5978,15121,1297,3578,18642,10695,0
12015,dia 12 - Soja Heterodera Vaso 8,12.0,8.0,743.7,144.0,42.4,90.74,5970,15115,1293,3576,18598,10675,0
12016,dia 12 - Soja Heterodera Vaso 8,12.0,8.0,743.95,132.0,42.4,90.76,5914,15064,1355,3635,18560,10653,0
12017,dia 12 - Soja Heterodera Vaso 8,12.0,8.0,744.18,146.0,42.4,90.74,5900,15062,1355,3634,18525,10632,0
12018,dia 12 - Soja Heterodera Vaso 8,12.0,8.0,744.41,143.0,42.4,90.73,5887,15033,1357,3636,18486,10611,0
12746,dia 12 - Soja Heterodera Vaso 9,12.0,9.0,292.26,159.0,38.2,93.7,6376,14301,95,2542,18560,9532,0
12747,dia 12 - Soja Heterodera Vaso 9,12.0,9.0,292.49,162.0,38.2,93.69,6375,14280,97,2541,18560,9532,0
12748,dia 12 - Soja Heterodera Vaso 9,12.0,9.0,292.73,159.0,38.2,93.7,6375,14301,96,2541,18561,9533,0
12749,dia 12 - Soja Heterodera Vaso 9,12.0,9.0,292.96,154.0,38.2,93.69,6377,14303,96,2541,18561,9534,0
12750,dia 12 - Soja Heterodera Vaso 9,12.0,9.0,293.2,160.0,38.2,93.7,6376,14302,96,2542,18562,9522,0
12751,dia 12 - Soja Heterodera Vaso 9,12.0,9.0,293.44,156.0,38.2,93.7,6378,14303,95,2541,18563,9535,0
12752,dia 12 - Soja Heterodera Vaso 9,12.0,9.0,293.67,156.0,38.2,93.7,6379,14302,96,2542,18563,9535,0
12753,dia 12 - Soja Heterodera Vaso 9,12.0,9.0,293.91,163.0,38.2,93.7,6378,14303,94,2543,18563,9521,0
12754,dia 12 - Soja Heterodera Vaso 9,12.0,9.0,294.15,159.0,38.2,93.7,6381,14302,96,2543,18563,9537,0
12755,dia 12 - Soja Heterodera Vaso 9,12.0,9.0,294.38,161.0,38.2,93.7,6381,14302,96,2546,18563,9537,0
12756,dia 12 - Soja Heterodera Vaso 9,12.0,9.0,294.67,155.0,38.2,93.7,6379,14304,95,2544,18565,9538,0
12757,dia 12 - Soja Heterodera Vaso 9,12.0,9.0,294.91,155.0,38.2,93.7,6379,14304,96,2545,18565,9539,0
12758,dia 12 - Soja Heterodera Vaso 9,12.0,9.0,295.14,159.0,38.2,93.7,6379,14305,97,2544,18565,9529,0
12759,dia 12 - Soja Heterodera Vaso 9,12.0,9.0,295.38,156.0,38.2,93.69,6380,14306,97,2544,18562,9538,0
12760,dia 12 - Soja Heterodera Vaso 9,12.0,9.0,295.77,158.0,38.2,93.7,6384,14282,96,2547,18565,9531,0
12761,dia 12 - Soja Heterodera Vaso 9,12.0,9.0,296.31,157.0,38.2,93.69,6385,14305,95,2543,18566,9543,0
12762,dia 12 - Soja Heterodera Vaso 9,12.0,9.0,296.72,158.0,38.2,93.69,6386,14306,96,2544,18568,9545,0
12763,dia 12 - Soja Heterodera Vaso 9,12.0,9.0,296.95,158.0,38.2,93.7,6387,14305,96,2546,18569,9545,0
12764,dia 12 - Soja Heterodera Vaso 9,12.0,9.0,297.19,160.0,38.2,93.7,6388,14306,95,2546,18569,9532,0
12765,dia 12 - Soja Heterodera Vaso 9,12.0,9.0,297.42,158.0,38.2,93.7,6387,14307,97,2545,18570,9546,0
12766,dia 12 - Soja Heterodera Vaso 9,12.0,9.0,297.66,160.0,38.2,93.7,6389,14309,96,2543,18570,9548,0
12767,dia 12 - Soja Heterodera Vaso 9,12.0,9.0,297.92,157.0,38.2,93.7,6390,14307,96,2545,18544,9548,0
12768,dia 12 - Soja Heterodera Vaso 9,12.0,9.0,298.15,157.0,38.3,93.7,6389,14308,97,2546,18570,9549,0
12769,dia 12 - Soja Heterodera Vaso 9,12.0,9.0,298.39,159.0,38.3,93.7,6390,14308,95,2545,18571,9550,0
12770,dia 12 - Soja Heterodera Vaso 9,12.0,9.0,298.62,154.0,38.3,93.7,6390,14309,95,2546,18571,9543,0
12771,dia 12 - Soja Heterodera Vaso 9,12.0,9.0,298.86,153.0,38.2,93.69,6391,14312,96,2546,18571,9549,0
12772,dia 12 - Soja Heterodera Vaso 9,12.0,9.0,299.14,153.0,38.2,93.69,6391,14312,96,2546,18545,9551,0
12773,dia 12 - Soja Heterodera Vaso 9,12.0,9.0,299.38,153.0,38.3,93.69,6392,14312,95,2545,18572,9551,0
12774,dia 12 - Soja Heterodera Vaso 9,12.0,9.0,299.61,156.0,38.3,93.69,6392,14313,96,2546,18573,9551,0
12775,dia 12 - Soja Heterodera Vaso 9,12.0,9.0,299.85,154.0,38.3,93.62,6380,14289,96,2548,18538,9522,0
12776,dia 12 - Soja Heterodera Vaso 9,12.0,9.0,300.09,161.0,38.3,92.16,6358,14282,95,2547,18524,9531,0
12777,dia 12 - Soja Heterodera Vaso 9,12.0,9.0,300.32,164.0,38.3,90.9,6361,14270,96,2544,18510,9529,0
12778,dia 12 - Soja Heterodera Vaso 9,12.0,9.0,300.57,153.0,38.3,89.79,6363,14264,95,2545,18502,9514,0
12779,dia 12 - Soja Heterodera Vaso 9,12.0,9.0,300.8,155.0,38.3,88.82,6363,14260,97,2546,18500,9529,0
12780,dia 12 - Soja Heterodera Vaso 9,12.0,9.0,301.04,158.0,38.3,87.95,6360,14262,97,2545,18498,9528,0
12781,dia 12 - Soja Heterodera Vaso 9,12.0,9.0,301.33,154.0,38.3,86.95,6361,14265,95,2546,18510,9529,0
12782,dia 12 - Soja Heterodera Vaso 9,12.0,9.0,301.57,159.0,38.3,86.21,6360,14269,97,2545,18515,9530,0
12783,dia 12 - Soja Heterodera Vaso 9,12.0,9.0,301.81,153.0,38.3,85.54,6360,14263,96,2546,18511,9530,0
12784,dia 12 - Soja Heterodera Vaso 9,12.0,9.0,302.04,160.0,38.3,84.9,6359,14273,95,2545,18523,9533,0
12785,dia 12 - Soja Heterodera Vaso 9,12.0,9.0,302.29,156.0,38.3,84.3,6360,14276,95,2544,18526,9534,0
12786,dia 12 - Soja Heterodera Vaso 9,12.0,9.0,302.52,155.0,38.3,83.71,6360,14277,95,2546,18504,9536,0
12787,dia 12 - Soja Heterodera Vaso 9,12.0,9.0,302.76,164.0,38.3,83.18,6359,14280,96,2545,18535,9538,0
12788,dia 12 - Soja Heterodera Vaso 9,12.0,9.0,302.99,155.0,38.3,82.67,6359,14282,95,2544,18539,9538,0
12789,dia 12 - Soja Heterodera Vaso 9,12.0,9.0,303.23,156.0,38.3,82.18,6358,14284,97,2543,18542,9524,0
12790,dia 12 - Soja Heterodera Vaso 9,12.0,9.0,303.47,157.0,38.3,81.71,6356,14274,96,2546,18547,9538,0
12791,dia 12 - Soja Heterodera Vaso 9,12.0,9.0,303.7,158.0,38.3,81.28,6362,14270,95,2547,18543,9537,0
12792,dia 12 - Soja Heterodera Vaso 9,12.0,9.0,303.94,156.0,38.3,80.85,6361,14268,95,2546,18541,9535,0
12793,dia 12 - Soja Heterodera Vaso 9,12.0,9.0,304.18,155.0,38.3,80.44,6348,14265,96,2545,18538,9534,0
12794,dia 12 - Soja Heterodera Vaso 9,12.0,9.0,304.41,161.0,38.3,80.05,6357,14261,95,2544,18532,9533,0
12795,dia 12 - Soja Heterodera Vaso 9,12.0,9.0,304.71,156.0,38.3,79.59,6354,14258,94,2543,18524,9532,0
12796,dia 12 - Soja Heterodera Vaso 9,12.0,9.0,304.95,154.0,38.3,79.24,6348,14254,96,2543,18517,9530,0
12797,dia 12 - Soja Heterodera Vaso 9,12.0,9.0,305.18,163.0,38.3,78.89,6337,14252,99,2548,18484,9528,0
12798,dia 12 - Soja Heterodera Vaso 9,12.0,9.0,305.42,158.0,38.3,78.57,6329,14249,97,2548,18501,9526,0
12799,dia 12 - Soja Heterodera Vaso 9,12.0,9.0,305.66,163.0,38.3,78.25,6314,14250,97,2547,18495,9522,0
12800,dia 12 - Soja Heterodera Vaso 9,12.0,9.0,305.9,152.0,38.3,77.95,6300,14253,96,2546,18487,9504,0
12801,dia 12 - Soja Heterodera Vaso 9,12.0,9.0,306.13,160.0,38.3,77.66,6289,14251,95,2547,18478,9514,0
12802,dia 12 - Soja Heterodera Vaso 9,12.0,9.0,306.37,160.0,38.3,77.38,6291,14243,96,2547,18468,9509,0
12803,dia 12 - Soja Heterodera Vaso 9,12.0,9.0,306.6,145.0,38.3,77.12,6322,14218,95,2548,18449,9503,0
12804,dia 12 - Soja Heterodera Vaso 9,12.0,9.0,306.84,160.0,38.3,76.86,6319,14206,97,2546,18440,9497,0
12805,dia 12 - Soja Heterodera Vaso 9,12.0,9.0,307.08,157.0,38.3,76.61,6314,14195,97,2544,18430,9491,0
12806,dia 12 - Soja Heterodera Vaso 9,12.0,9.0,307.31,155.0,38.2,76.37,6305,14194,97,2545,18419,9484,0
12807,dia 12 - Soja Heterodera Vaso 9,12.0,9.0,307.56,151.0,38.3,76.14,6297,14178,97,2546,18411,9478,0
12808,dia 12 - Soja Heterodera Vaso 9,12.0,9.0,307.83,160.0,38.2,75.88,6281,14190,95,2544,18402,9472,0
12809,dia 12 - Soja Heterodera Vaso 9,12.0,9.0,308.1,154.0,38.3,75.63,6269,14184,95,2543,18391,9465,0
12810,dia 12 - Soja Heterodera Vaso 9,12.0,9.0,308.33,159.0,38.3,75.43,6265,14178,95,2545,18379,9459,0
12811,dia 12 - Soja Heterodera Vaso 9,12.0,9.0,308.57,156.0,38.3,75.23,6262,14081,95,2546,18390,9453,0
12812,dia 12 - Soja Heterodera Vaso 9,12.0,9.0,308.91,156.0,38.3,74.95,6265,14083,96,2544,18374,9446,0
12813,dia 12 - Soja Heterodera Vaso 9,12.0,9.0,309.15,153.0,38.3,74.79,6272,14068,95,2543,18361,9440,0
12814,dia 12 - Soja Heterodera Vaso 9,12.0,9.0,309.38,156.0,38.3,74.62,6300,14133,97,2545,18293,9434,0
12815,dia 12 - Soja Heterodera Vaso 9,12.0,9.0,309.62,158.0,38.3,74.45,6289,14046,95,2545,18338,9430,0
12816,dia 12 - Soja Heterodera Vaso 9,12.0,9.0,309.85,152.0,38.3,74.29,6293,14104,96,2545,18321,9425,0
12817,dia 12 - Soja Heterodera Vaso 9,12.0,9.0,310.09,153.0,38.3,74.13,6283,14115,96,2546,18292,9407,0
12818,dia 12 - Soja Heterodera Vaso 9,12.0,9.0,310.38,160.0,38.3,73.95,6280,14120,97,2543,18278,9413,0
12819,dia 12 - Soja Heterodera Vaso 9,12.0,9.0,310.77,154.0,38.3,73.71,6264,14113,96,2546,18264,9406,0
12820,dia 12 - Soja Heterodera Vaso 9,12.0,9.0,311.32,156.0,38.3,73.41,6245,14045,96,2544,18272,9378,0
12821,dia 12 - Soja Heterodera Vaso 9,12.0,9.0,311.72,160.0,38.3,73.2,6235,14100,94,2545,18232,9382,0
12822,dia 12 - Soja Heterodera Vaso 9,12.0,9.0,311.95,162.0,38.3,73.08,6223,14095,96,2546,18225,9378,0
12823,dia 12 - Soja Heterodera Vaso 9,12.0,9.0,312.19,155.0,38.3,72.97,6223,14091,95,2546,18217,9371,0
12824,dia 12 - Soja Heterodera Vaso 9,12.0,9.0,312.43,161.0,38.3,72.86,6221,14085,94,2544,18207,9364,0
12825,dia 12 - Soja Heterodera Vaso 9,12.0,9.0,312.67,159.0,38.3,72.75,6215,14060,96,2545,18199,9358,0
12826,dia 12 - Soja Heterodera Vaso 9,12.0,9.0,312.91,161.0,38.3,72.65,6209,14077,95,2544,18190,9352,0
12827,dia 12 - Soja Heterodera Vaso 9,12.0,9.0,313.14,161.0,38.4,72.55,6205,14074,96,2544,18183,9345,0
12828,dia 12 - Soja Heterodera Vaso 9,12.0,9.0,313.38,162.0,38.3,72.46,6201,14069,95,2544,18148,9339,0
12829,dia 12 - Soja Heterodera Vaso 9,12.0,9.0,313.62,154.0,38.4,72.36,6200,14063,96,2545,18165,9331,0
12830,dia 12 - Soja Heterodera Vaso 9,12.0,9.0,313.85,158.0,38.4,72.27,6199,14057,95,2546,18156,9326,0
12831,dia 12 - Soja Heterodera Vaso 9,12.0,9.0,314.09,160.0,38.4,72.19,6192,14052,95,2545,18123,9319,0
12832,dia 12 - Soja Heterodera Vaso 9,12.0,9.0,314.33,161.0,38.4,72.1,6188,14047,95,2544,18139,9315,0
12833,dia 12 - Soja Heterodera Vaso 9,12.0,9.0,314.57,156.0,38.4,72.02,6193,14032,95,2543,18128,9308,0
12834,dia 12 - Soja Heterodera Vaso 9,12.0,9.0,314.86,158.0,38.3,71.92,6177,14036,95,2544,18119,9302,0
12835,dia 12 - Soja Heterodera Vaso 9,12.0,9.0,315.1,158.0,38.3,71.84,6173,14032,95,2543,18110,9296,0
12836,dia 12 - Soja Heterodera Vaso 9,12.0,9.0,315.33,155.0,38.4,71.77,6164,13938,97,2544,18126,9291,0
12837,dia 12 - Soja Heterodera Vaso 9,12.0,9.0,315.56,153.0,38.4,71.7,6163,13955,97,2544,18087,9286,0
12838,dia 12 - Soja Heterodera Vaso 9,12.0,9.0,315.81,155.0,38.4,71.63,6171,13939,95,2545,18108,9281,0
12839,dia 12 - Soja Heterodera Vaso 9,12.0,9.0,316.04,150.0,38.4,71.57,6180,13986,96,2544,18071,9274,0
12840,dia 12 - Soja Heterodera Vaso 9,12.0,9.0,316.28,150.0,38.4,71.5,6168,13919,95,2544,18092,9268,0
12841,dia 12 - Soja Heterodera Vaso 9,12.0,9.0,316.52,153.0,38.4,71.44,6166,13925,95,2543,18064,9263,0
12842,dia 12 - Soja Heterodera Vaso 9,12.0,9.0,316.75,155.0,38.4,71.38,6161,13914,95,2544,18046,9248,0
12843,dia 12 - Soja Heterodera Vaso 9,12.0,9.0,317.02,160.0,38.4,71.32,6160,13901,96,2545,18063,9250,0
12844,dia 12 - Soja Heterodera Vaso 9,12.0,9.0,317.25,155.0,38.4,71.26,6159,13898,95,2546,18042,9231,0
12845,dia 12 - Soja Heterodera Vaso 9,12.0,9.0,317.49,158.0,38.4,71.2,6146,13893,94,2545,18043,9239,0
12846,dia 12 - Soja Heterodera Vaso 9,12.0,9.0,317.72,160.0,38.4,71.15,6155,13897,95,2546,18030,9234,0
12847,dia 12 - Soja Heterodera Vaso 9,12.0,9.0,317.97,159.0,38.4,71.1,6157,13921,94,2544,18016,9228,0
12848,dia 12 - Soja Heterodera Vaso 9,12.0,9.0,318.22,156.0,38.4,71.04,6146,13873,95,2542,18015,9222,0
12849,dia 12 - Soja Heterodera Vaso 9,12.0,9.0,318.45,153.0,38.4,71.0,6145,13876,95,2544,18002,9216,0
12850,dia 12 - Soja Heterodera Vaso 9,12.0,9.0,318.69,154.0,38.4,70.95,6142,13893,94,2544,17981,9206,0
12851,dia 12 - Soja Heterodera Vaso 9,12.0,9.0,318.92,156.0,38.4,70.9,6133,13917,95,2545,17980,9205,0
12852,dia 12 - Soja Heterodera Vaso 9,12.0,9.0,319.16,158.0,38.4,73.29,6121,13902,93,2543,17977,9178,0
12853,dia 12 - Soja Heterodera Vaso 9,12.0,9.0,319.4,154.0,38.4,79.54,6150,14012,95,2541,18072,9188,0
12854,dia 12 - Soja Heterodera Vaso 9,12.0,9.0,319.63,154.0,38.4,84.36,6187,14053,95,2542,18121,9177,0
12855,dia 12 - Soja Heterodera Vaso 9,12.0,9.0,319.87,154.0,38.4,88.15,6213,14061,96,2545,18136,9154,0
12856,dia 12 - Soja Heterodera Vaso 9,12.0,9.0,320.11,154.0,38.4,90.82,6223,14056,96,2547,18107,9122,0
12857,dia 12 - Soja Heterodera Vaso 9,12.0,9.0,320.4,157.0,38.4,92.86,6225,14026,96,2546,18070,9081,0
12858,dia 12 - Soja Heterodera Vaso 9,12.0,9.0,320.64,157.0,38.4,93.52,6220,13987,96,2548,18011,9035,0
12859,dia 12 - Soja Heterodera Vaso 9,12.0,9.0,320.87,159.0,38.4,93.66,6211,13946,96,2549,17950,9016,0
12860,dia 12 - Soja Heterodera Vaso 9,12.0,9.0,321.11,153.0,38.5,93.68,6203,13907,98,2549,17892,8985,0
12861,dia 12 - Soja Heterodera Vaso 9,12.0,9.0,321.35,152.0,38.5,93.68,6193,13868,97,2548,17838,8952,0
12862,dia 12 - Soja Heterodera Vaso 9,12.0,9.0,321.58,154.0,38.5,93.68,6174,13835,95,2547,17790,8935,0
12863,dia 12 - Soja Heterodera Vaso 9,12.0,9.0,321.82,153.0,38.5,93.68,6177,13809,96,2550,17755,8915,0
12864,dia 12 - Soja Heterodera Vaso 9,12.0,9.0,322.06,154.0,38.5,93.68,6169,13789,96,2549,17724,8897,0
12865,dia 12 - Soja Heterodera Vaso 9,12.0,9.0,322.29,160.0,38.5,93.68,6161,13749,95,2548,17697,8881,0
12866,dia 12 - Soja Heterodera Vaso 9,12.0,9.0,322.56,151.0,38.5,93.68,6155,13748,97,2548,17668,8866,0
12867,dia 12 - Soja Heterodera Vaso 9,12.0,9.0,322.8,156.0,38.5,93.68,6150,13732,96,2547,17619,8855,0
12868,dia 12 - Soja Heterodera Vaso 9,12.0,9.0,323.03,155.0,38.5,93.68,6146,13717,94,2547,17623,8844,0
12869,dia 12 - Soja Heterodera Vaso 9,12.0,9.0,323.27,159.0,38.5,93.68,6142,13703,95,2548,17606,8835,0
12870,dia 12 - Soja Heterodera Vaso 9,12.0,9.0,323.51,160.0,38.5,93.68,6139,13691,95,2548,17587,8827,0
12871,dia 12 - Soja Heterodera Vaso 9,12.0,9.0,323.78,154.0,38.5,93.69,6135,13679,96,2546,17573,8822,0
12872,dia 12 - Soja Heterodera Vaso 9,12.0,9.0,324.01,154.0,38.5,93.69,6133,13671,95,2546,17562,8804,0
12873,dia 12 - Soja Heterodera Vaso 9,12.0,9.0,324.25,153.0,38.5,93.68,6121,13663,97,2546,17551,8814,0
12874,dia 12 - Soja Heterodera Vaso 9,12.0,9.0,324.48,155.0,38.5,93.69,6128,13658,95,2547,17543,8812,0
12875,dia 12 - Soja Heterodera Vaso 9,12.0,9.0,324.73,157.0,38.5,93.69,6127,13653,95,2548,17536,8812,0
12876,dia 12 - Soja Heterodera Vaso 9,12.0,9.0,324.96,156.0,38.5,93.69,6115,13648,96,2548,17528,8812,0
12877,dia 12 - Soja Heterodera Vaso 9,12.0,9.0,325.35,155.0,38.5,93.69,6123,13642,94,2547,17510,8811,0
12878,dia 12 - Soja Heterodera Vaso 9,12.0,9.0,325.9,147.0,38.5,93.69,6121,13635,94,2546,17513,8815,0
12879,dia 12 - Soja Heterodera Vaso 9,12.0,9.0,326.3,160.0,38.5,93.69,6120,13633,96,2546,17510,8819,0
12880,dia 12 - Soja Heterodera Vaso 9,12.0,9.0,326.54,154.0,38.5,93.69,6119,13632,95,2548,17509,8821,0
12881,dia 12 - Soja Heterodera Vaso 9,12.0,9.0,326.77,155.0,38.5,93.69,6120,13635,96,2549,17514,8821,0
12882,dia 12 - Soja Heterodera Vaso 9,12.0,9.0,327.02,156.0,38.5,93.69,6112,13574,96,2548,17532,8826,0
12883,dia 12 - Soja Heterodera Vaso 9,12.0,9.0,327.26,158.0,38.5,93.69,6111,13569,96,2548,17534,8828,0
12884,dia 12 - Soja Heterodera Vaso 9,12.0,9.0,327.49,156.0,38.5,93.69,6121,13639,95,2547,17509,8818,0
12885,dia 12 - Soja Heterodera Vaso 9,12.0,9.0,327.73,158.0,38.6,93.69,6108,13634,96,2546,17508,8833,0
12886,dia 12 - Soja Heterodera Vaso 9,12.0,9.0,327.98,160.0,38.5,93.69,6111,13563,96,2546,17542,8834,0
12887,dia 12 - Soja Heterodera Vaso 9,12.0,9.0,328.24,158.0,38.6,93.69,6104,13572,96,2547,17541,8837,0
12888,dia 12 - Soja Heterodera Vaso 9,12.0,9.0,328.48,156.0,38.5,93.69,6121,13635,94,2547,17519,8839,0
12889,dia 12 - Soja Heterodera Vaso 9,12.0,9.0,328.71,156.0,38.6,93.7,6115,13579,95,2546,17544,8840,0
14481,dia 12 - Soja Heterodera Vaso 9,12.0,9.0,731.39,202.0,40.9,93.7,6836,14988,103,2616,19189,11664,0
14482,dia 12 - Soja Heterodera Vaso 9,12.0,9.0,731.63,188.0,41.0,93.71,6836,15004,101,2615,19187,11662,0
14483,dia 12 - Soja Heterodera Vaso 9,12.0,9.0,731.87,190.0,41.0,93.7,6836,15004,102,2615,19188,11669,0
14484,dia 12 - Soja Heterodera Vaso 9,12.0,9.0,732.1,188.0,41.0,93.7,6829,15007,102,2616,19189,11675,0
14485,dia 12 - Soja Heterodera Vaso 9,12.0,9.0,732.34,188.0,41.0,93.7,6838,15006,101,2615,19190,11673,0
14486,dia 12 - Soja Heterodera Vaso 9,12.0,9.0,732.57,192.0,40.9,93.7,6837,15004,102,2614,19190,11678,0
14487,dia 12 - Soja Heterodera Vaso 9,12.0,9.0,732.86,178.0,40.9,93.7,6839,15006,101,2613,19191,11684,0
14488,dia 12 - Soja Heterodera Vaso 9,12.0,9.0,733.1,181.0,41.0,93.71,6840,15006,104,2613,19191,11694,0
14489,dia 12 - Soja Heterodera Vaso 9,12.0,9.0,733.33,179.0,41.0,93.7,6835,15003,101,2609,19191,11703,0
14490,dia 12 - Soja Heterodera Vaso 9,12.0,9.0,733.56,179.0,41.0,93.7,6839,15007,103,2613,19182,11720,0
14491,dia 12 - Soja Heterodera Vaso 9,12.0,9.0,733.8,179.0,41.0,93.7,6837,15007,103,2608,19193,11714,0
14492,dia 12 - Soja Heterodera Vaso 9,12.0,9.0,734.03,182.0,41.0,93.7,6840,15008,103,2613,19166,11719,0
14493,dia 12 - Soja Heterodera Vaso 9,12.0,9.0,734.27,182.0,41.0,93.7,6842,15012,102,2613,19197,11720,0
14494,dia 12 - Soja Heterodera Vaso 9,12.0,9.0,734.5,182.0,41.0,93.7,6841,15013,103,2615,19195,11722,0
14495,dia 12 - Soja Heterodera Vaso 9,12.0,9.0,734.74,184.0,41.0,93.7,6841,15010,102,2613,19184,11714,0
14496,dia 12 - Soja Heterodera Vaso 9,12.0,9.0,735.04,174.0,41.0,93.7,6841,15011,103,2616,19196,11728,0
14497,dia 12 - Soja Heterodera Vaso 9,12.0,9.0,735.27,178.0,41.0,93.7,6842,14993,103,2616,19198,11738,0
14498,dia 12 - Soja Heterodera Vaso 9,12.0,9.0,735.5,171.0,41.0,93.7,6842,15012,101,2616,19195,11742,0
14499,dia 12 - Soja Heterodera Vaso 9,12.0,9.0,735.74,178.0,41.0,93.7,6845,15013,102,2617,19196,11763,0
14500,dia 12 - Soja Heterodera Vaso 9,12.0,9.0,735.98,180.0,41.0,93.7,6842,14999,102,2615,19197,11774,0
14501,dia 12 - Soja Heterodera Vaso 9,12.0,9.0,736.22,176.0,41.0,93.7,6842,15012,103,2616,19194,11784,0
14502,dia 12 - Soja Heterodera Vaso 9,12.0,9.0,736.45,175.0,41.0,93.7,6842,15013,102,2617,19195,11797,0
14503,dia 12 - Soja Heterodera Vaso 9,12.0,9.0,736.85,174.0,41.0,93.71,6842,15014,101,2614,19196,11815,0
14504,dia 12 - Soja Heterodera Vaso 9,12.0,9.0,737.39,169.0,41.0,93.7,6842,15015,101,2615,19197,11831,0
14505,dia 12 - Soja Heterodera Vaso 9,12.0,9.0,737.79,176.0,41.0,93.7,6843,15015,102,2616,19199,11838,0
14506,dia 12 - Soja Heterodera Vaso 9,12.0,9.0,738.02,176.0,41.0,93.7,6841,15015,101,2616,19195,11824,0
14507,dia 12 - Soja Heterodera Vaso 9,12.0,9.0,738.26,170.0,41.0,93.7,6843,15014,101,2613,19201,11841,0
14508,dia 12 - Soja Heterodera Vaso 9,12.0,9.0,738.49,173.0,41.0,93.71,6844,15016,100,2613,19204,11843,0
14509,dia 12 - Soja Heterodera Vaso 9,12.0,9.0,738.73,175.0,41.0,93.7,6837,14967,102,2614,19220,11837,0
14510,dia 12 - Soja Heterodera Vaso 9,12.0,9.0,738.97,175.0,41.0,93.7,6828,14965,102,2614,19220,11838,0
14511,dia 12 - Soja Heterodera Vaso 9,12.0,9.0,739.2,176.0,41.0,93.57,6797,14933,103,2615,19120,11787,0
14512,dia 12 - Soja Heterodera Vaso 9,12.0,9.0,739.49,172.0,41.0,92.44,6774,14921,101,2613,19113,11786,0
14513,dia 12 - Soja Heterodera Vaso 9,12.0,9.0,739.73,170.0,41.0,91.96,6769,14924,101,2614,19116,11784,0
14514,dia 12 - Soja Heterodera Vaso 9,12.0,9.0,739.96,166.0,41.0,91.64,6770,14933,100,2606,19108,11760,0
14515,dia 12 - Soja Heterodera Vaso 9,12.0,9.0,740.2,171.0,41.0,91.43,6765,14931,101,2611,19094,11766,0
14516,dia 12 - Soja Heterodera Vaso 9,12.0,9.0,740.43,173.0,41.0,91.28,6779,14919,101,2612,19084,11770,0
14517,dia 12 - Soja Heterodera Vaso 9,12.0,9.0,740.67,172.0,41.0,91.17,6780,14913,101,2614,19081,11773,0
14518,dia 12 - Soja Heterodera Vaso 9,12.0,9.0,740.9,167.0,41.0,91.09,6780,14882,101,2615,19072,11766,0
14519,dia 12 - Soja Heterodera Vaso 9,12.0,9.0,741.14,164.0,41.0,91.03,6780,14889,101,2615,19056,11755,0
14520,dia 12 - Soja Heterodera Vaso 9,12.0,9.0,741.37,166.0,41.0,90.98,6781,14866,100,2614,19031,11736,0
14521,dia 12 - Soja Heterodera Vaso 9,12.0,9.0,741.66,164.0,41.0,90.93,6782,14861,101,2611,19021,11711,0
14522,dia 12 - Soja Heterodera Vaso 9,12.0,9.0,741.9,165.0,41.0,90.89,6779,14854,100,2613,19010,11691,0
14523,dia 12 - Soja Heterodera Vaso 9,12.0,9.0,742.13,163.0,41.0,90.88,6778,14826,100,2612,19001,11666,0
14524,dia 12 - Soja Heterodera Vaso 9,12.0,9.0,742.37,163.0,41.0,90.86,6774,14841,100,2614,18993,11638,0
14525,dia 12 - Soja Heterodera Vaso 9,12.0,9.0,742.6,161.0,41.0,90.85,6772,14839,100,2614,18978,11602,0
14526,dia 12 - Soja Heterodera Vaso 9,12.0,9.0,742.99,164.0,41.0,90.81,6761,14820,99,2613,18965,11533,0
14527,dia 12 - Soja Heterodera Vaso 9,12.0,9.0,743.22,157.0,41.0,90.81,6753,14807,99,2612,18945,11555,0
14528,dia 12 - Soja Heterodera Vaso 9,12.0,9.0,743.46,158.0,41.0,90.79,6746,14792,101,2612,18896,11522,0
14529,dia 12 - Soja Heterodera Vaso 9,12.0,9.0,743.69,159.0,41.0,90.79,6738,14775,99,2612,18896,11486,0
14530,dia 12 - Soja Heterodera Vaso 9,12.0,9.0,743.93,160.0,41.0,90.78,6723,14753,100,2608,18869,11451,0
14531,dia 12 - Soja Heterodera Vaso 9,12.0,9.0,744.16,160.0,41.0,90.79,6719,14733,100,2609,18837,11397,0
14532,dia 12 - Soja Heterodera Vaso 9,12.0,9.0,744.4,160.0,41.0,90.78,6710,14711,99,2610,18806,11377,0
14533,dia 12 - Soja Heterodera Vaso 9,12.0,9.0,744.63,158.0,41.0,90.79,6700,14686,99,2610,18771,11338,0
14534,dia 12 - Soja Heterodera Vaso 9,12.0,9.0,744.87,158.0,41.0,90.8,6692,14668,99,2609,18738,11297,0
14535,dia 12 - Soja Heterodera Vaso 9,12.0,9.0,745.16,163.0,41.0,90.78,6676,14632,100,2609,18691,11254,0
14536,dia 12 - Soja Heterodera Vaso 9,12.0,9.0,745.39,160.0,41.0,90.79,6664,14607,99,2609,18653,11203,0
14537,dia 12 - Soja Heterodera Vaso 9,12.0,9.0,745.63,161.0,41.0,90.79,6653,14582,100,2608,18620,11167,0
14538,dia 12 - Soja Heterodera Vaso 9,12.0,9.0,745.87,160.0,40.9,90.79,6640,14556,98,2608,18581,11138,0
14539,dia 12 - Soja Heterodera Vaso 9,12.0,9.0,746.11,165.0,41.0,90.79,6628,14529,98,2609,18543,11090,0
14540,dia 12 - Soja Heterodera Vaso 9,12.0,9.0,746.34,159.0,40.9,90.8,6617,14503,98,2607,18507,11069,0
14541,dia 12 - Soja Heterodera Vaso 9,12.0,9.0,746.58,159.0,40.9,90.8,6605,14475,97,2607,18467,11028,0
14542,dia 12 - Soja Heterodera Vaso 9,12.0,9.0,746.81,158.0,40.9,90.8,6594,14448,98,2605,18427,10985,0
14543,dia 12 - Soja Heterodera Vaso 9,12.0,9.0,747.04,154.0,40.9,90.8,6581,14400,97,2606,18390,10946,0
14544,dia 12 - Soja Heterodera Vaso 9,12.0,9.0,747.28,151.0,40.9,90.79,6568,14389,97,2607,18351,10906,0
14545,dia 12 - Soja Heterodera Vaso 9,12.0,9.0,747.52,151.0,40.9,90.79,6557,14368,97,2608,18313,10868,0
14546,dia 12 - Soja Heterodera Vaso 9,12.0,9.0,747.75,160.0,40.9,90.79,6546,14342,98,2606,18250,10830,0
14547,dia 12 - Soja Heterodera Vaso 9,12.0,9.0,747.99,150.0,40.9,90.79,6533,14317,96,2606,18238,10791,0
15282,dia 12 - Soja Heterodera Vaso 1,12.0,1.0,292.18,155.0,40.6,93.69,6357,14096,73,2508,18157,9655,0
15283,dia 12 - Soja Heterodera Vaso 1,12.0,1.0,292.41,158.0,40.6,93.69,6367,14094,73,2506,18155,9654,0
15284,dia 12 - Soja Heterodera Vaso 1,12.0,1.0,292.65,152.0,40.6,93.68,6367,14095,75,2506,18154,9658,0
15285,dia 12 - Soja Heterodera Vaso 1,12.0,1.0,292.88,150.0,40.6,93.69,6367,14096,73,2507,18131,9655,0
15286,dia 12 - Soja Heterodera Vaso 1,12.0,1.0,293.18,158.0,40.6,93.69,6368,14097,75,2507,18157,9641,0
15287,dia 12 - Soja Heterodera Vaso 1,12.0,1.0,293.41,155.0,40.6,93.69,6363,14097,74,2504,18157,9653,0
15288,dia 12 - Soja Heterodera Vaso 1,12.0,1.0,293.65,155.0,40.6,93.69,6369,14098,73,2506,18158,9651,0
15289,dia 12 - Soja Heterodera Vaso 1,12.0,1.0,293.88,153.0,40.6,93.69,6369,14099,74,2507,18160,9650,0
15290,dia 12 - Soja Heterodera Vaso 1,12.0,1.0,294.13,161.0,40.6,93.69,6360,14100,74,2507,18159,9651,0
15291,dia 12 - Soja Heterodera Vaso 1,12.0,1.0,294.36,149.0,40.6,93.69,6370,14102,74,2507,18160,9649,0
15292,dia 12 - Soja Heterodera Vaso 1,12.0,1.0,294.6,158.0,40.6,93.68,6370,14102,73,2507,18162,9649,0
15293,dia 12 - Soja Heterodera Vaso 1,12.0,1.0,294.83,158.0,40.6,93.68,6371,14083,73,2507,18163,9649,0
15294,dia 12 - Soja Heterodera Vaso 1,12.0,1.0,295.07,158.0,40.6,93.69,6373,14107,74,2506,18161,9649,0
15295,dia 12 - Soja Heterodera Vaso 1,12.0,1.0,295.36,152.0,40.6,93.69,6372,14105,72,2507,18165,9647,0
15296,dia 12 - Soja Heterodera Vaso 1,12.0,1.0,295.75,154.0,40.6,93.69,6373,14086,73,2508,18167,9647,0
15297,dia 12 - Soja Heterodera Vaso 1,12.0,1.0,296.31,150.0,40.6,93.69,6372,14107,74,2505,18168,9649,0
15298,dia 12 - Soja Heterodera Vaso 1,12.0,1.0,296.71,160.0,40.6,93.69,6374,14111,74,2506,18172,9653,0
15299,dia 12 - Soja Heterodera Vaso 1,12.0,1.0,296.94,151.0,40.6,93.69,6376,14111,74,2508,18173,9653,0
15300,dia 12 - Soja Heterodera Vaso 1,12.0,1.0,297.18,158.0,40.6,93.69,6376,14111,75,2506,18159,9652,0
15301,dia 12 - Soja Heterodera Vaso 1,12.0,1.0,297.42,143.0,40.6,93.69,6376,14112,72,2505,18174,9656,0
15302,dia 12 - Soja Heterodera Vaso 1,12.0,1.0,297.65,152.0,40.6,93.69,6376,14113,74,2508,18175,9653,0
15303,dia 12 - Soja Heterodera Vaso 1,12.0,1.0,297.89,158.0,40.7,93.69,6377,14115,73,2506,18175,9640,0
15304,dia 12 - Soja Heterodera Vaso 1,12.0,1.0,298.13,155.0,40.7,93.69,6378,14114,74,2507,18176,9653,0
15305,dia 12 - Soja Heterodera Vaso 1,12.0,1.0,298.36,145.0,40.7,93.69,6370,14057,73,2506,18201,9652,0
15306,dia 12 - Soja Heterodera Vaso 1,12.0,1.0,298.66,155.0,40.7,93.69,6380,14125,74,2508,18175,9656,0
15307,dia 12 - Soja Heterodera Vaso 1,12.0,1.0,298.89,154.0,40.7,93.69,6380,14125,74,2506,18176,9656,0
15308,dia 12 - Soja Heterodera Vaso 1,12.0,1.0,299.13,153.0,40.7,93.69,6380,14126,73,2506,18151,9659,0
15309,dia 12 - Soja Heterodera Vaso 1,12.0,1.0,299.36,156.0,40.7,93.69,6381,14125,74,2505,18177,9660,0
15310,dia 12 - Soja Heterodera Vaso 1,12.0,1.0,299.61,153.0,40.7,93.69,6381,14128,74,2507,18178,9661,0
15311,dia 12 - Soja Heterodera Vaso 1,12.0,1.0,299.85,159.0,40.7,93.69,6370,14106,74,2507,18131,9645,0
15312,dia 12 - Soja Heterodera Vaso 1,12.0,1.0,300.08,148.0,40.7,92.5,6365,14093,73,2506,18130,9643,0
15313,dia 12 - Soja Heterodera Vaso 1,12.0,1.0,300.32,151.0,40.7,91.18,6335,14094,74,2505,18121,9642,0
15314,dia 12 - Soja Heterodera Vaso 1,12.0,1.0,300.55,152.0,40.7,90.06,6353,14077,73,2505,18111,9629,0
15315,dia 12 - Soja Heterodera Vaso 1,12.0,1.0,300.81,155.0,40.7,88.98,6354,14073,75,2506,18106,9642,0
15316,dia 12 - Soja Heterodera Vaso 1,12.0,1.0,301.04,151.0,40.7,88.1,6352,14071,73,2507,18106,9643,0
15317,dia 12 - Soja Heterodera Vaso 1,12.0,1.0,301.28,157.0,40.7,87.27,6352,14053,74,2507,18113,9647,0
15318,dia 12 - Soja Heterodera Vaso 1,12.0,1.0,301.52,152.0,40.7,86.53,6351,14076,75,2507,18117,9650,0
15319,dia 12 - Soja Heterodera Vaso 1,12.0,1.0,301.76,148.0,40.7,85.84,6340,14080,72,2508,18126,9656,0
15320,dia 12 - Soja Heterodera Vaso 1,12.0,1.0,302.03,155.0,40.7,85.06,6323,14043,73,2505,18153,9656,0
15321,dia 12 - Soja Heterodera Vaso 1,12.0,1.0,302.27,149.0,40.7,84.46,6338,14050,74,2507,18151,9659,0
15322,dia 12 - Soja Heterodera Vaso 1,12.0,1.0,302.51,149.0,40.7,83.89,6317,14068,72,2507,18134,9660,0
15323,dia 12 - Soja Heterodera Vaso 1,12.0,1.0,302.74,150.0,40.7,83.35,6257,14111,72,2506,18170,9666,0
15324,dia 12 - Soja Heterodera Vaso 1,12.0,1.0,302.98,160.0,40.7,82.84,6316,14099,74,2507,18168,9665,0
15325,dia 12 - Soja Heterodera Vaso 1,12.0,1.0,303.22,146.0,40.7,82.33,6286,14118,73,2507,18171,9659,0
15326,dia 12 - Soja Heterodera Vaso 1,12.0,1.0,303.45,152.0,40.7,81.87,6297,14117,74,2508,18179,9668,0
15327,dia 12 - Soja Heterodera Vaso 1,12.0,1.0,303.69,155.0,40.7,81.43,6292,14121,73,2509,18181,9666,0
15328,dia 12 - Soja Heterodera Vaso 1,12.0,1.0,303.92,151.0,40.7,81.0,6317,14107,75,2509,18177,9666,0
15329,dia 12 - Soja Heterodera Vaso 1,12.0,1.0,304.22,151.0,40.7,80.49,6312,14112,75,2509,18177,9663,0
15330,dia 12 - Soja Heterodera Vaso 1,12.0,1.0,304.46,155.0,40.7,80.11,6286,14101,73,2509,18178,9661,0
15331,dia 12 - Soja Heterodera Vaso 1,12.0,1.0,304.69,153.0,40.7,79.75,6285,14116,73,2509,18174,9662,0
15332,dia 12 - Soja Heterodera Vaso 1,12.0,1.0,304.93,158.0,40.7,79.4,6304,14101,73,2509,18165,9660,0
15333,dia 12 - Soja Heterodera Vaso 1,12.0,1.0,305.17,149.0,40.7,79.07,6299,14103,72,2510,18134,9657,0
15334,dia 12 - Soja Heterodera Vaso 1,12.0,1.0,305.41,152.0,40.7,78.73,6284,14104,72,2511,18158,9655,0
15335,dia 12 - Soja Heterodera Vaso 1,12.0,1.0,305.64,153.0,40.7,78.42,6265,14109,73,2510,18152,9651,0
15336,dia 12 - Soja Heterodera Vaso 1,12.0,1.0,305.88,151.0,40.7,78.13,6258,14105,72,2510,18148,9634,0
15337,dia 12 - Soja Heterodera Vaso 1,12.0,1.0,306.11,162.0,40.7,77.84,6257,14090,71,2509,18143,9638,0
15338,dia 12 - Soja Heterodera Vaso 1,12.0,1.0,306.41,157.0,40.7,77.5,6270,14056,74,2511,18130,9638,0
15339,dia 12 - Soja Heterodera Vaso 1,12.0,1.0,306.65,153.0,40.7,77.24,6276,14069,74,2512,18120,9632,0
15340,dia 12 - Soja Heterodera Vaso 1,12.0,1.0,306.88,151.0,40.7,76.97,6266,14068,73,2513,18114,9628,0
15341,dia 12 - Soja Heterodera Vaso 1,12.0,1.0,307.12,149.0,40.7,76.73,6270,14041,73,2513,18105,9623,0
15342,dia 12 - Soja Heterodera Vaso 1,12.0,1.0,307.37,159.0,40.7,76.5,6258,14061,74,2513,18101,9622,0
15343,dia 12 - Soja Heterodera Vaso 1,12.0,1.0,307.6,152.0,40.7,76.25,6265,14049,73,2513,18091,9616,0
15344,dia 12 - Soja Heterodera Vaso 1,12.0,1.0,307.83,151.0,40.7,76.04,6278,14016,73,2514,18079,9612,0
15345,dia 12 - Soja Heterodera Vaso 1,12.0,1.0,308.07,153.0,40.7,75.84,6272,14036,73,2514,18074,9609,0
15346,dia 12 - Soja Heterodera Vaso 1,12.0,1.0,308.31,155.0,40.7,75.64,6264,14034,73,2514,18069,9603,0
15347,dia 12 - Soja Heterodera Vaso 1,12.0,1.0,308.58,152.0,40.7,75.42,6275,14015,74,2512,18055,9597,0
15348,dia 12 - Soja Heterodera Vaso 1,12.0,1.0,308.81,155.0,40.7,75.23,6272,14018,72,2513,18053,9593,0
15349,dia 12 - Soja Heterodera Vaso 1,12.0,1.0,309.05,155.0,40.7,75.05,6274,14012,74,2514,18049,9573,0
15350,dia 12 - Soja Heterodera Vaso 1,12.0,1.0,309.28,150.0,40.7,74.88,6278,14003,73,2514,18041,9584,0
15351,dia 12 - Soja Heterodera Vaso 1,12.0,1.0,309.53,162.0,40.7,74.72,6278,13998,74,2514,18034,9579,0
15352,dia 12 - Soja Heterodera Vaso 1,12.0,1.0,309.78,158.0,40.7,74.54,6276,13974,73,2514,18029,9574,0
15353,dia 12 - Soja Heterodera Vaso 1,12.0,1.0,310.02,152.0,40.7,74.39,6273,13991,73,2511,18023,9569,0
15354,dia 12 - Soja Heterodera Vaso 1,12.0,1.0,310.41,146.0,40.7,74.14,6254,13989,73,2512,18015,9568,0
15355,dia 12 - Soja Heterodera Vaso 1,12.0,1.0,310.95,154.0,40.7,73.83,6248,13987,73,2513,18005,9557,0
15356,dia 12 - Soja Heterodera Vaso 1,12.0,1.0,311.35,148.0,40.7,73.61,6254,13977,72,2514,17995,9547,0
15357,dia 12 - Soja Heterodera Vaso 1,12.0,1.0,311.59,155.0,40.7,73.5,6253,13973,74,2515,17989,9543,0
15358,dia 12 - Soja Heterodera Vaso 1,12.0,1.0,311.83,149.0,40.7,73.38,6257,13967,74,2514,17957,9535,0
15359,dia 12 - Soja Heterodera Vaso 1,12.0,1.0,312.06,149.0,40.7,73.26,6258,13961,71,2512,17976,9532,0
15360,dia 12 - Soja Heterodera Vaso 1,12.0,1.0,312.3,150.0,40.7,73.15,6259,13957,74,2514,17970,9528,0
15361,dia 12 - Soja Heterodera Vaso 1,12.0,1.0,312.54,150.0,40.7,73.05,6257,13954,73,2514,17953,9523,0
15362,dia 12 - Soja Heterodera Vaso 1,12.0,1.0,312.77,155.0,40.7,72.95,6256,13952,73,2516,17959,9520,0
15363,dia 12 - Soja Heterodera Vaso 1,12.0,1.0,313.07,156.0,40.7,72.83,6238,13949,72,2514,17953,9513,0
15364,dia 12 - Soja Heterodera Vaso 1,12.0,1.0,313.3,155.0,40.7,72.73,6246,13947,73,2515,17946,9507,0
15365,dia 12 - Soja Heterodera Vaso 1,12.0,1.0,313.54,154.0,40.7,72.63,6238,13945,73,2516,17942,9504,0
15366,dia 12 - Soja Heterodera Vaso 1,12.0,1.0,313.88,150.0,40.7,72.52,6234,13926,73,2513,17930,9499,0
15367,dia 12 - Soja Heterodera Vaso 1,12.0,1.0,314.18,152.0,40.7,72.41,6228,13927,74,2513,17926,9490,0
15368,dia 12 - Soja Heterodera Vaso 1,12.0,1.0,314.44,150.0,40.7,72.32,6221,13934,72,2512,17917,9479,0
15369,dia 12 - Soja Heterodera Vaso 1,12.0,1.0,314.69,152.0,40.7,72.24,6214,13929,71,2509,17885,9478,0
15370,dia 12 - Soja Heterodera Vaso 1,12.0,1.0,314.95,151.0,40.7,72.16,6210,13928,73,2508,17904,9474,0
15371,dia 12 - Soja Heterodera Vaso 1,12.0,1.0,315.26,148.0,40.7,72.07,6206,13921,74,2509,17895,9472,0
15372,dia 12 - Soja Heterodera Vaso 1,12.0,1.0,315.51,150.0,40.7,71.99,6205,13916,73,2506,17862,9466,0
15373,dia 12 - Soja Heterodera Vaso 1,12.0,1.0,315.76,156.0,40.7,71.92,6202,13910,73,2502,17879,9464,0
15374,dia 12 - Soja Heterodera Vaso 1,12.0,1.0,316.02,148.0,40.7,71.85,6206,13903,73,2505,17870,9451,0
15375,dia 12 - Soja Heterodera Vaso 1,12.0,1.0,316.27,155.0,40.7,71.78,6227,13882,72,2506,17857,9464,0
15376,dia 12 - Soja Heterodera Vaso 1,12.0,1.0,316.53,156.0,40.7,71.71,6225,13879,73,2504,17831,9463,0
15377,dia 12 - Soja Heterodera Vaso 1,12.0,1.0,316.78,151.0,40.7,71.65,6222,13877,72,2506,17845,9461,0
15378,dia 12 - Soja Heterodera Vaso 1,12.0,1.0,317.04,149.0,40.7,71.59,6218,13857,72,2504,17844,9455,0
15379,dia 12 - Soja Heterodera Vaso 1,12.0,1.0,317.29,152.0,40.7,71.54,6217,13868,73,2503,17832,9457,0
15380,dia 12 - Soja Heterodera Vaso 1,12.0,1.0,317.58,150.0,40.7,71.47,6213,13862,71,2503,17825,9450,0
15381,dia 12 - Soja Heterodera Vaso 1,12.0,1.0,317.84,154.0,40.7,71.42,6210,13856,72,2504,17817,9442,0
15382,dia 12 - Soja Heterodera Vaso 1,12.0,1.0,318.09,153.0,40.7,71.37,6208,13851,72,2503,17811,9440,0
15383,dia 12 - Soja Heterodera Vaso 1,12.0,1.0,318.35,154.0,40.7,71.32,6198,13808,73,2505,17820,9439,0
15384,dia 12 - Soja Heterodera Vaso 1,12.0,1.0,318.66,153.0,40.8,71.25,6191,13811,74,2505,17808,9436,0
15385,dia 12 - Soja Heterodera Vaso 1,12.0,1.0,318.91,150.0,40.7,71.21,6186,13807,74,2507,17802,9435,0
15386,dia 12 - Soja Heterodera Vaso 1,12.0,1.0,319.17,152.0,40.7,71.17,6181,13804,72,2507,17795,9430,0
15387,dia 12 - Soja Heterodera Vaso 1,12.0,1.0,319.42,156.0,40.8,71.13,6165,13805,73,2506,17789,9430,0
15388,dia 12 - Soja Heterodera Vaso 1,12.0,1.0,319.72,150.0,40.8,71.08,6172,13782,73,2507,17781,9426,0
15389,dia 12 - Soja Heterodera Vaso 1,12.0,1.0,319.97,151.0,40.8,71.04,6171,13799,72,2507,17773,9416,0
15390,dia 12 - Soja Heterodera Vaso 1,12.0,1.0,320.22,154.0,40.8,71.0,6166,13785,74,2506,17743,9415,0
15391,dia 12 - Soja Heterodera Vaso 1,12.0,1.0,320.48,156.0,40.8,70.96,6164,13782,72,2505,17760,9415,0
15392,dia 12 - Soja Heterodera Vaso 1,12.0,1.0,320.74,153.0,40.8,74.15,6177,13776,73,2504,17751,9398,0
15393,dia 12 - Soja Heterodera Vaso 1,12.0,1.0,320.99,153.0,40.7,80.65,6207,13868,72,2502,17862,9410,0
15394,dia 12 - Soja Heterodera Vaso 1,12.0,1.0,321.24,149.0,40.7,85.57,6226,13904,73,2501,17886,9405,0
15395,dia 12 - Soja Heterodera Vaso 1,12.0,1.0,321.49,152.0,40.8,89.22,6238,13928,75,2501,17900,9391,0
15396,dia 12 - Soja Heterodera Vaso 1,12.0,1.0,321.75,152.0,40.8,91.71,6249,13937,74,2500,17866,9355,0
15397,dia 12 - Soja Heterodera Vaso 1,12.0,1.0,322.03,153.0,40.9,93.2,6247,13903,73,2499,17812,9337,0
15398,dia 12 - Soja Heterodera Vaso 1,12.0,1.0,322.29,149.0,40.9,93.62,6230,13867,74,2499,17759,9310,0
15399,dia 12 - Soja Heterodera Vaso 1,12.0,1.0,322.54,152.0,40.9,93.67,6234,13828,74,2497,17703,9283,0
15400,dia 12 - Soja Heterodera Vaso 1,12.0,1.0,322.79,156.0,40.9,93.68,6218,13784,74,2494,17651,9258,0
15401,dia 12 - Soja Heterodera Vaso 1,12.0,1.0,323.1,151.0,40.9,93.68,6202,13764,73,2495,17599,9225,0
15402,dia 12 - Soja Heterodera Vaso 1,12.0,1.0,323.35,152.0,40.9,93.68,6202,13741,73,2494,17559,9208,0
15403,dia 12 - Soja Heterodera Vaso 1,12.0,1.0,323.61,151.0,40.8,93.67,6192,13706,73,2494,17529,9194,0
15404,dia 12 - Soja Heterodera Vaso 1,12.0,1.0,323.86,149.0,40.8,93.68,6168,13710,73,2492,17504,9182,0
15405,dia 12 - Soja Heterodera Vaso 1,12.0,1.0,324.17,150.0,40.8,93.68,6161,13690,73,2492,17473,9169,0
15406,dia 12 - Soja Heterodera Vaso 1,12.0,1.0,324.43,154.0,40.8,93.68,6154,13654,73,2491,17452,9160,0
15407,dia 12 - Soja Heterodera Vaso 1,12.0,1.0,324.68,153.0,40.8,93.68,6158,13659,73,2491,17431,9153,0
15408,dia 12 - Soja Heterodera Vaso 1,12.0,1.0,324.93,150.0,40.8,93.68,6152,13647,74,2492,17389,9094,0
15409,dia 12 - Soja Heterodera Vaso 1,12.0,1.0,325.19,145.0,40.9,93.69,6142,13639,72,2492,17402,9144,0
15410,dia 12 - Soja Heterodera Vaso 1,12.0,1.0,325.44,151.0,40.8,93.68,6147,13625,74,2491,17373,9142,0
15411,dia 12 - Soja Heterodera Vaso 1,12.0,1.0,325.69,149.0,40.9,93.68,6140,13619,72,2490,17379,9138,0
15412,dia 12 - Soja Heterodera Vaso 1,12.0,1.0,325.95,149.0,40.9,93.68,6148,13606,72,2489,17366,9124,0
15413,dia 12 - Soja Heterodera Vaso 1,12.0,1.0,326.36,145.0,40.8,93.69,6132,13601,72,2489,17345,9134,0
15414,dia 12 - Soja Heterodera Vaso 1,12.0,1.0,326.92,154.0,40.9,93.69,6133,13597,73,2487,17341,9136,0
15415,dia 12 - Soja Heterodera Vaso 1,12.0,1.0,327.35,150.0,40.9,93.68,6146,13587,72,2486,17333,9139,0
15416,dia 12 - Soja Heterodera Vaso 1,12.0,1.0,327.6,153.0,40.9,93.69,6143,13562,73,2488,17328,9141,0
15417,dia 12 - Soja Heterodera Vaso 1,12.0,1.0,327.86,151.0,40.9,93.69,6143,13580,73,2486,17325,9148,0
15418,dia 12 - Soja Heterodera Vaso 1,12.0,1.0,328.11,145.0,40.9,93.69,6140,13579,72,2485,17299,9154,0
15419,dia 12 - Soja Heterodera Vaso 1,12.0,1.0,328.36,154.0,40.9,93.69,6135,13581,74,2485,17324,9160,0
15420,dia 12 - Soja Heterodera Vaso 1,12.0,1.0,328.67,151.0,40.9,93.68,6135,13580,73,2486,17323,9167,0
15421,dia 12 - Soja Heterodera Vaso 1,12.0,1.0,328.92,151.0,40.9,93.68,6133,13580,72,2485,17299,9171,0
15422,dia 12 - Soja Heterodera Vaso 1,12.0,1.0,329.18,155.0,40.9,93.69,6133,13581,74,2484,17323,9175,0
15423,dia 12 - Soja Heterodera Vaso 1,12.0,1.0,329.43,151.0,40.9,93.69,6134,13580,74,2485,17323,9165,0
15424,dia 12 - Soja Heterodera Vaso 1,12.0,1.0,329.74,151.0,40.9,93.69,6144,13580,73,2486,17325,9167,0
15425,dia 12 - Soja Heterodera Vaso 1,12.0,1.0,329.99,151.0,40.9,93.69,6140,13576,73,2486,17330,9183,0
15426,dia 12 - Soja Heterodera Vaso 1,12.0,1.0,330.24,153.0,40.9,93.69,6137,13575,73,2485,17329,9184,0
15427,dia 12 - Soja Heterodera Vaso 1,12.0,1.0,330.5,151.0,40.9,93.69,6134,13578,72,2485,17331,9186,0
15428,dia 12 - Soja Heterodera Vaso 1,12.0,1.0,330.79,151.0,40.9,93.69,6137,13582,73,2484,17333,9188,0
16984,dia 12 - Soja Heterodera Vaso 1,12.0,1.0,733.68,159.0,43.1,93.71,6965,15053,84,2508,19179,10901,0
16985,dia 12 - Soja Heterodera Vaso 1,12.0,1.0,733.91,153.0,43.2,93.7,6965,15055,84,2507,19178,10894,0
16986,dia 12 - Soja Heterodera Vaso 1,12.0,1.0,734.14,157.0,43.1,93.71,6966,15055,84,2507,19180,10899,0
16987,dia 12 - Soja Heterodera Vaso 1,12.0,1.0,734.38,153.0,43.2,93.71,6966,15057,83,2508,19182,10903,0
16988,dia 12 - Soja Heterodera Vaso 1,12.0,1.0,734.62,155.0,43.2,93.71,6967,15056,83,2507,19181,10896,0
16989,dia 12 - Soja Heterodera Vaso 1,12.0,1.0,734.86,154.0,43.2,93.7,6956,15056,81,2506,19183,10904,0
16990,dia 12 - Soja Heterodera Vaso 1,12.0,1.0,735.09,156.0,43.2,93.71,6967,15055,84,2507,19185,10905,0
16991,dia 12 - Soja Heterodera Vaso 1,12.0,1.0,735.33,154.0,43.2,93.7,6959,15063,82,2505,19195,10907,0
16992,dia 12 - Soja Heterodera Vaso 1,12.0,1.0,735.62,147.0,43.2,93.71,6969,15058,83,2505,19186,10905,0
16993,dia 12 - Soja Heterodera Vaso 1,12.0,1.0,735.86,153.0,43.2,93.7,6968,15058,84,2505,19186,10890,0
16994,dia 12 - Soja Heterodera Vaso 1,12.0,1.0,736.09,151.0,43.2,93.7,6968,15057,83,2504,19187,10905,0
16995,dia 12 - Soja Heterodera Vaso 1,12.0,1.0,736.32,150.0,43.2,93.7,6968,15057,84,2505,19187,10906,0
16996,dia 12 - Soja Heterodera Vaso 1,12.0,1.0,736.57,154.0,43.1,93.7,6971,15063,82,2506,19192,10901,0
16997,dia 12 - Soja Heterodera Vaso 1,12.0,1.0,736.81,151.0,43.2,93.7,6969,15058,81,2508,19188,10906,0
16998,dia 12 - Soja Heterodera Vaso 1,12.0,1.0,737.05,160.0,43.2,93.7,6969,15058,82,2509,19188,10906,0
16999,dia 12 - Soja Heterodera Vaso 1,12.0,1.0,737.28,152.0,43.2,93.7,6969,15059,84,2508,19189,10907,0
17000,dia 12 - Soja Heterodera Vaso 1,12.0,1.0,737.52,156.0,43.2,93.71,6959,15061,82,2507,19189,10907,0
17001,dia 12 - Soja Heterodera Vaso 1,12.0,1.0,737.76,154.0,43.2,93.71,6969,15061,84,2505,19189,10907,0
17002,dia 12 - Soja Heterodera Vaso 1,12.0,1.0,737.99,155.0,43.2,93.71,6970,15062,83,2506,19190,10907,0
17003,dia 12 - Soja Heterodera Vaso 1,12.0,1.0,738.23,157.0,43.2,93.71,6970,15041,82,2507,19190,10907,0
17004,dia 12 - Soja Heterodera Vaso 1,12.0,1.0,738.46,155.0,43.2,93.7,6970,15063,83,2506,19191,10908,0
17005,dia 12 - Soja Heterodera Vaso 1,12.0,1.0,738.7,152.0,43.2,93.7,6971,15064,82,2508,19192,10908,0
17006,dia 12 - Soja Heterodera Vaso 1,12.0,1.0,738.98,155.0,43.2,93.71,6971,15067,82,2508,19191,10908,0
17007,dia 12 - Soja Heterodera Vaso 1,12.0,1.0,739.22,152.0,43.2,93.7,6971,15069,81,2507,19190,10909,0
17008,dia 12 - Soja Heterodera Vaso 1,12.0,1.0,739.45,157.0,43.2,93.7,6972,15051,82,2507,19191,10909,0
17009,dia 12 - Soja Heterodera Vaso 1,12.0,1.0,739.69,157.0,43.2,93.71,6973,15076,83,2507,19189,10908,0
17010,dia 12 - Soja Heterodera Vaso 1,12.0,1.0,739.92,154.0,43.2,93.7,6973,15075,83,2505,19193,10909,0
17011,dia 12 - Soja Heterodera Vaso 1,12.0,1.0,740.16,150.0,43.2,93.7,6973,15075,83,2509,19173,10911,0
17012,dia 12 - Soja Heterodera Vaso 1,12.0,1.0,740.39,149.0,43.2,93.7,6973,15076,82,2509,19193,10911,0
17013,dia 12 - Soja Heterodera Vaso 1,12.0,1.0,740.63,157.0,43.2,93.7,6940,15006,81,2507,19105,10860,0
17014,dia 12 - Soja Heterodera Vaso 1,12.0,1.0,740.86,154.0,43.2,92.76,6920,14998,81,2506,19096,10855,0
17015,dia 12 - Soja Heterodera Vaso 1,12.0,1.0,741.16,151.0,43.2,92.04,6912,15004,82,2505,19095,10853,0
17016,dia 12 - Soja Heterodera Vaso 1,12.0,1.0,741.39,152.0,43.2,91.7,6902,15006,82,2505,19071,10851,0
17017,dia 12 - Soja Heterodera Vaso 1,12.0,1.0,741.63,150.0,43.2,91.47,6918,14995,83,2505,19092,10847,0
17018,dia 12 - Soja Heterodera Vaso 1,12.0,1.0,741.86,153.0,43.2,91.31,6910,14987,82,2505,19081,10841,0
17019,dia 12 - Soja Heterodera Vaso 1,12.0,1.0,742.1,151.0,43.2,91.19,6901,14985,82,2507,19079,10820,0
17020,dia 12 - Soja Heterodera Vaso 1,12.0,1.0,742.34,154.0,43.2,91.1,6893,14983,81,2506,19075,10828,0
17021,dia 12 - Soja Heterodera Vaso 1,12.0,1.0,742.57,149.0,43.2,91.03,6883,14979,82,2507,19069,10822,0
17022,dia 12 - Soja Heterodera Vaso 1,12.0,1.0,742.8,155.0,43.1,90.99,6875,14973,81,2507,19060,10811,0
17023,dia 12 - Soja Heterodera Vaso 1,12.0,1.0,743.04,146.0,43.2,90.95,6868,14949,83,2508,19052,10798,0
17024,dia 12 - Soja Heterodera Vaso 1,12.0,1.0,743.31,150.0,43.2,90.9,6862,14964,80,2508,19046,10782,0
17025,dia 12 - Soja Heterodera Vaso 1,12.0,1.0,743.55,156.0,43.2,90.89,6856,14949,81,2509,19030,10761,0
17026,dia 12 - Soja Heterodera Vaso 1,12.0,1.0,743.78,155.0,43.2,90.86,6848,14950,82,2505,19027,10740,0
17027,dia 12 - Soja Heterodera Vaso 1,12.0,1.0,744.02,153.0,43.2,90.86,6842,14941,81,2508,19015,10714,0
17028,dia 12 - Soja Heterodera Vaso 1,12.0,1.0,744.26,150.0,43.2,90.86,6833,14925,80,2506,18964,10687,0
17029,dia 12 - Soja Heterodera Vaso 1,12.0,1.0,744.5,153.0,43.2,90.83,6822,14904,80,2509,18964,10661,0
17030,dia 12 - Soja Heterodera Vaso 1,12.0,1.0,744.74,153.0,43.1,90.83,6813,14888,81,2508,18940,10637,0
17031,dia 12 - Soja Heterodera Vaso 1,12.0,1.0,744.97,148.0,43.1,90.83,6806,14869,79,2508,18886,10612,0
17032,dia 12 - Soja Heterodera Vaso 1,12.0,1.0,745.21,152.0,43.1,90.84,6797,14846,81,2508,18885,10583,0
17033,dia 12 - Soja Heterodera Vaso 1,12.0,1.0,745.44,158.0,43.1,90.83,6787,14822,80,2508,18847,10552,0
17034,dia 12 - Soja Heterodera Vaso 1,12.0,1.0,745.83,155.0,43.1,90.82,6771,14779,81,2509,18784,10500,0
17035,dia 12 - Soja Heterodera Vaso 1,12.0,1.0,746.37,155.0,43.1,90.84,6749,14711,80,2507,18691,10422,0
17036,dia 12 - Soja Heterodera Vaso 1,12.0,1.0,746.83,155.0,43.1,90.82,6717,14657,80,2508,18610,10366,0
17037,dia 12 - Soja Heterodera Vaso 1,12.0,1.0,747.07,148.0,43.1,90.82,6716,14627,81,2509,18568,10336,0
17038,dia 12 - Soja Heterodera Vaso 1,12.0,1.0,747.3,154.0,43.1,90.82,6703,14599,79,2509,18528,10307,0
17039,dia 12 - Soja Heterodera Vaso 1,12.0,1.0,747.54,147.0,43.1,90.81,6689,14571,79,2508,18463,10279,0
17040,dia 12 - Soja Heterodera Vaso 1,12.0,1.0,747.81,150.0,43.1,90.81,6674,14536,80,2506,18439,10245,0
17041,dia 12 - Soja Heterodera Vaso 1,12.0,1.0,748.05,147.0,43.1,90.8,6660,14504,81,2509,18383,10219,0
17042,dia 12 - Soja Heterodera Vaso 1,12.0,1.0,748.29,152.0,43.1,90.79,6650,14478,80,2505,18357,10186,0
17043,dia 12 - Soja Heterodera Vaso 1,12.0,1.0,748.53,159.0,43.1,90.8,6636,14445,78,2507,18313,10155,0
17044,dia 12 - Soja Heterodera Vaso 1,12.0,1.0,748.76,165.0,43.1,90.8,6624,14418,81,2507,18247,10126,0
17045,dia 12 - Soja Heterodera Vaso 1,12.0,1.0,749.0,154.0,43.1,90.81,6612,14386,80,2504,18228,10094,0
17046,dia 12 - Soja Heterodera Vaso 1,12.0,1.0,749.23,154.0,43.1,90.8,6598,14354,78,2505,18183,10059,0
17047,dia 12 - Soja Heterodera Vaso 1,12.0,1.0,749.47,154.0,43.1,90.81,6586,14326,79,2506,18144,10023,0
17048,dia 12 - Soja Heterodera Vaso 1,12.0,1.0,749.7,152.0,43.1,90.82,6566,14297,79,2506,18102,9984,0
17049,dia 12 - Soja Heterodera Vaso 1,12.0,1.0,749.98,150.0,43.1,90.82,6559,14260,79,2507,18050,9931,0
17303,dia 18 - Soja Heterodera Vaso 6,18.0,6.0,113.51,2862.0,37.1,93.55,11904,18649,338,3470,21295,9291,0
17304,dia 18 - Soja Heterodera Vaso 6,18.0,6.0,113.74,2866.0,37.1,93.55,11900,18644,337,3470,21296,9202,0
17305,dia 18 - Soja Heterodera Vaso 6,18.0,6.0,113.98,2859.0,37.1,93.55,11904,18655,335,3472,21288,9278,0
17306,dia 18 - Soja Heterodera Vaso 6,18.0,6.0,114.23,2863.0,37.1,93.55,11903,18651,338,3471,21301,9289,0
17307,dia 18 - Soja Heterodera Vaso 6,18.0,6.0,114.46,2861.0,37.1,93.55,11904,18652,338,3473,21179,9288,0
17308,dia 18 - Soja Heterodera Vaso 6,18.0,6.0,114.69,2869.0,37.1,93.55,11754,18650,338,3473,21299,9282,0
17309,dia 18 - Soja Heterodera Vaso 6,18.0,6.0,114.92,2908.0,37.1,93.55,11901,18647,338,3473,21301,9286,0
17310,dia 18 - Soja Heterodera Vaso 6,18.0,6.0,115.16,2862.0,37.1,93.56,11889,18651,338,3471,21303,9284,0
17311,dia 18 - Soja Heterodera Vaso 6,18.0,6.0,115.4,2846.0,37.1,93.55,11825,18652,338,3474,21261,9284,0
17312,dia 18 - Soja Heterodera Vaso 6,18.0,6.0,115.64,2871.0,37.1,93.55,11897,18623,338,3470,21298,9282,0
17313,dia 18 - Soja Heterodera Vaso 6,18.0,6.0,115.88,2837.0,37.1,93.55,11903,18647,338,3469,21305,9281,0
17314,dia 18 - Soja Heterodera Vaso 6,18.0,6.0,116.11,2838.0,37.2,93.56,11905,18526,339,3475,21304,9279,0
17315,dia 18 - Soja Heterodera Vaso 6,18.0,6.0,116.36,2885.0,37.2,93.56,11897,18624,338,3475,21279,9271,0
17316,dia 18 - Soja Heterodera Vaso 6,18.0,6.0,116.6,2872.0,37.2,93.55,11906,18653,339,3477,21304,9281,0
17317,dia 18 - Soja Heterodera Vaso 6,18.0,6.0,116.83,2856.0,37.2,93.55,11919,18545,339,3476,21301,9260,0
17318,dia 18 - Soja Heterodera Vaso 6,18.0,6.0,117.08,2860.0,37.2,93.55,11906,18655,338,3478,21306,9279,0
17319,dia 18 - Soja Heterodera Vaso 6,18.0,6.0,117.31,2836.0,37.2,93.55,11905,18652,338,3477,21307,9281,0
17320,dia 18 - Soja Heterodera Vaso 6,18.0,6.0,117.55,2836.0,37.2,93.55,11907,18522,338,3476,21242,9278,0
17321,dia 18 - Soja Heterodera Vaso 6,18.0,6.0,117.78,2861.0,37.2,93.55,11907,18623,338,3471,21306,9278,0
17322,dia 18 - Soja Heterodera Vaso 6,18.0,6.0,118.02,2854.0,37.2,93.55,11904,18649,339,3477,21305,9275,0
17323,dia 18 - Soja Heterodera Vaso 6,18.0,6.0,118.25,2881.0,37.2,93.55,11904,18649,338,3478,21267,9253,0
17324,dia 18 - Soja Heterodera Vaso 6,18.0,6.0,118.48,2858.0,37.2,93.55,11874,18633,336,3480,21283,9267,0
17325,dia 18 - Soja Heterodera Vaso 6,18.0,6.0,118.71,2864.0,37.2,93.55,11906,18655,339,3479,21306,9276,0
17326,dia 18 - Soja Heterodera Vaso 6,18.0,6.0,118.94,2864.0,37.2,93.55,11921,18677,338,3480,21330,9286,0
17327,dia 18 - Soja Heterodera Vaso 6,18.0,6.0,119.18,2850.0,37.2,93.55,11908,18651,338,3479,21170,9274,0
17328,dia 18 - Soja Heterodera Vaso 6,18.0,6.0,119.41,2859.0,37.2,93.55,11909,18652,336,3481,21307,9275,0
17329,dia 18 - Soja Heterodera Vaso 6,18.0,6.0,119.64,2864.0,37.2,93.55,11906,18650,338,3480,21307,9272,0
17330,dia 18 - Soja Heterodera Vaso 6,18.0,6.0,119.88,2843.0,37.2,93.55,11886,18656,338,3480,21300,9273,0
17331,dia 18 - Soja Heterodera Vaso 6,18.0,6.0,120.11,2854.0,37.2,93.55,11866,18650,340,3482,21305,9246,0
17332,dia 18 - Soja Heterodera Vaso 6,18.0,6.0,120.34,2819.0,37.2,93.55,11905,18595,339,3483,21189,9206,0
17333,dia 18 - Soja Heterodera Vaso 6,18.0,6.0,120.58,2841.0,37.2,92.55,11821,18509,336,3475,21140,9194,0
17334,dia 18 - Soja Heterodera Vaso 6,18.0,6.0,120.82,2839.0,37.2,91.36,11822,18409,336,3469,21169,9200,0
17335,dia 18 - Soja Heterodera Vaso 6,18.0,6.0,121.05,2862.0,37.2,90.4,11798,18508,335,3458,21141,9183,0
17336,dia 18 - Soja Heterodera Vaso 6,18.0,6.0,121.29,2832.0,37.3,89.55,11791,18504,334,3459,21130,9179,0
17337,dia 18 - Soja Heterodera Vaso 6,18.0,6.0,121.52,2835.0,37.2,88.78,11792,18501,334,3454,21133,9173,0
17338,dia 18 - Soja Heterodera Vaso 6,18.0,6.0,121.75,2847.0,37.2,88.07,11690,18499,333,3450,21123,9175,0
17339,dia 18 - Soja Heterodera Vaso 6,18.0,6.0,121.98,2824.0,37.2,87.43,11789,18500,334,3445,21129,9171,0
17340,dia 18 - Soja Heterodera Vaso 6,18.0,6.0,122.21,2844.0,37.3,86.8,11781,18429,333,3440,21111,9158,0
17341,dia 18 - Soja Heterodera Vaso 6,18.0,6.0,122.45,2832.0,37.3,86.18,11769,18470,332,3418,20940,9155,0
17342,dia 18 - Soja Heterodera Vaso 6,18.0,6.0,122.68,2836.0,37.3,85.62,11789,18498,330,3408,21113,9153,0
17343,dia 18 - Soja Heterodera Vaso 6,18.0,6.0,122.92,2842.0,37.3,85.06,11786,18501,331,3399,21113,9149,0
17344,dia 18 - Soja Heterodera Vaso 6,18.0,6.0,123.16,2836.0,37.3,84.47,11801,18505,332,3397,21120,9149,0
17345,dia 18 - Soja Heterodera Vaso 6,18.0,6.0,123.4,2823.0,37.3,83.89,11805,18503,329,3401,21108,9139,0
17346,dia 18 - Soja Heterodera Vaso 6,18.0,6.0,123.63,2843.0,37.3,83.36,11803,18482,331,3403,21111,9140,0
17347,dia 18 - Soja Heterodera Vaso 6,18.0,6.0,123.86,2826.0,37.3,82.83,11793,18506,331,3399,21119,9135,0
17348,dia 18 - Soja Heterodera Vaso 6,18.0,6.0,124.08,2849.0,37.3,82.3,11799,18489,330,3397,20967,9121,0
17349,dia 18 - Soja Heterodera Vaso 6,18.0,6.0,124.33,2881.0,37.3,81.78,11811,18499,330,3388,21103,9124,0
17350,dia 18 - Soja Heterodera Vaso 6,18.0,6.0,124.56,2867.0,37.3,81.29,11828,18524,331,3384,21133,9134,0
17351,dia 18 - Soja Heterodera Vaso 6,18.0,6.0,124.89,2818.0,37.3,80.58,11818,18506,330,3385,21109,9121,0
17352,dia 18 - Soja Heterodera Vaso 6,18.0,6.0,125.13,2860.0,37.3,80.09,11803,18468,331,3380,21101,9119,0
17353,dia 18 - Soja Heterodera Vaso 6,18.0,6.0,125.36,2825.0,37.3,79.64,11825,18504,330,3359,21106,9115,0
17354,dia 18 - Soja Heterodera Vaso 6,18.0,6.0,125.59,2831.0,37.3,79.17,11825,18505,330,3348,21104,9103,0
17355,dia 18 - Soja Heterodera Vaso 6,18.0,6.0,125.82,2874.0,37.3,78.71,11828,18495,329,3344,21100,9065,0
17356,dia 18 - Soja Heterodera Vaso 6,18.0,6.0,126.08,2846.0,37.4,78.19,11818,18464,329,3338,21060,9096,0
17357,dia 18 - Soja Heterodera Vaso 6,18.0,6.0,126.32,2834.0,37.4,77.73,11823,18488,328,3332,21088,9107,0
17358,dia 18 - Soja Heterodera Vaso 6,18.0,6.0,126.56,2864.0,37.4,77.28,11822,18383,328,3329,21081,9106,0
17359,dia 18 - Soja Heterodera Vaso 6,18.0,6.0,126.8,2843.0,37.4,76.82,11820,18483,328,3324,21079,9105,0
17360,dia 18 - Soja Heterodera Vaso 6,18.0,6.0,127.03,2853.0,37.4,76.36,11821,18485,327,3319,21073,9108,0
17361,dia 18 - Soja Heterodera Vaso 6,18.0,6.0,127.26,2871.0,37.4,75.93,11824,18490,328,3316,20950,9105,0
17362,dia 18 - Soja Heterodera Vaso 6,18.0,6.0,127.5,2852.0,37.4,75.49,11830,18477,325,3313,21067,9102,0
17363,dia 18 - Soja Heterodera Vaso 6,18.0,6.0,127.73,2860.0,37.4,75.04,11830,18474,327,3311,21070,9092,0
17364,dia 18 - Soja Heterodera Vaso 6,18.0,6.0,127.97,2854.0,37.4,74.62,11828,18496,326,3305,21098,9105,0
17365,dia 18 - Soja Heterodera Vaso 6,18.0,6.0,128.2,2877.0,37.4,74.2,11747,18496,327,3302,21098,9107,0
17366,dia 18 - Soja Heterodera Vaso 6,18.0,6.0,128.44,2854.0,37.4,73.78,11823,18501,327,3296,21098,9091,0
17367,dia 18 - Soja Heterodera Vaso 6,18.0,6.0,128.67,2867.0,37.4,73.34,11828,18495,326,3293,21099,9111,0
17368,dia 18 - Soja Heterodera Vaso 6,18.0,6.0,128.9,2878.0,37.4,72.92,11826,18498,327,3285,21020,9111,0
17369,dia 18 - Soja Heterodera Vaso 6,18.0,6.0,129.13,2848.0,37.4,72.52,11824,18496,324,3279,21089,9119,0
17370,dia 18 - Soja Heterodera Vaso 6,18.0,6.0,129.36,2839.0,37.4,72.1,11816,18497,325,3275,21097,9116,0
17371,dia 18 - Soja Heterodera Vaso 6,18.0,6.0,129.59,2854.0,37.4,71.7,11804,18470,324,3273,21068,9106,0
17372,dia 18 - Soja Heterodera Vaso 6,18.0,6.0,129.83,2856.0,37.4,71.29,11818,18494,323,3271,20952,9118,0
17373,dia 18 - Soja Heterodera Vaso 6,18.0,6.0,130.06,2841.0,37.4,70.89,11811,18477,321,3269,21082,9115,0
17374,dia 18 - Soja Heterodera Vaso 6,18.0,6.0,130.3,2859.0,37.4,70.47,11815,18490,324,3265,21092,9123,0
17375,dia 18 - Soja Heterodera Vaso 6,18.0,6.0,130.53,2854.0,37.4,70.07,11813,18494,323,3261,21091,9119,0
17376,dia 18 - Soja Heterodera Vaso 6,18.0,6.0,130.76,2886.0,37.4,69.67,11739,18491,323,3254,21084,9121,0
17377,dia 18 - Soja Heterodera Vaso 6,18.0,6.0,130.99,2854.0,37.4,69.28,11809,18486,323,3250,21077,9120,0
17378,dia 18 - Soja Heterodera Vaso 6,18.0,6.0,131.23,2843.0,37.4,68.87,11809,18485,323,3244,21088,9108,0
17379,dia 18 - Soja Heterodera Vaso 6,18.0,6.0,131.46,2862.0,37.4,68.47,11794,18464,322,3235,20926,9110,0
17380,dia 18 - Soja Heterodera Vaso 6,18.0,6.0,131.72,2846.0,37.4,68.04,11809,18488,322,3237,21094,9117,0
17381,dia 18 - Soja Heterodera Vaso 6,18.0,6.0,131.96,2843.0,37.4,67.67,11809,18485,321,3235,21102,9103,0
17382,dia 18 - Soja Heterodera Vaso 6,18.0,6.0,132.19,2784.0,37.4,71.41,11669,18124,318,3233,20833,8992,0
17383,dia 18 - Soja Heterodera Vaso 6,18.0,6.0,132.43,2810.0,37.4,77.51,11686,18241,317,3261,20823,8972,0
17384,dia 18 - Soja Heterodera Vaso 6,18.0,6.0,132.66,2799.0,37.4,82.65,11729,18281,321,3288,20876,8983,0
17385,dia 18 - Soja Heterodera Vaso 6,18.0,6.0,132.9,2788.0,37.4,86.7,11768,18321,323,3299,20769,8988,0
17386,dia 18 - Soja Heterodera Vaso 6,18.0,6.0,133.13,2815.0,37.4,89.8,11790,18333,325,3325,20930,8979,0
17387,dia 18 - Soja Heterodera Vaso 6,18.0,6.0,133.37,2801.0,37.4,91.95,11802,18299,326,3348,20928,8964,0
17388,dia 18 - Soja Heterodera Vaso 6,18.0,6.0,133.62,2796.0,37.4,93.12,11792,18193,328,3361,20908,8941,0
17389,dia 18 - Soja Heterodera Vaso 6,18.0,6.0,133.86,2807.0,37.4,93.48,11796,18325,327,3369,20922,8935,0
17390,dia 18 - Soja Heterodera Vaso 6,18.0,6.0,134.1,2809.0,37.5,93.53,11781,18312,326,3368,20902,8912,0
17391,dia 18 - Soja Heterodera Vaso 6,18.0,6.0,134.33,2822.0,37.5,93.54,11774,18313,327,3378,20770,8902,0
17392,dia 18 - Soja Heterodera Vaso 6,18.0,6.0,134.57,2768.0,37.5,93.54,11766,18314,326,3378,20879,8883,0
17393,dia 18 - Soja Heterodera Vaso 6,18.0,6.0,134.81,2804.0,37.5,93.55,11753,18305,326,3382,20898,8879,0
17394,dia 18 - Soja Heterodera Vaso 6,18.0,6.0,135.04,2793.0,37.5,93.54,11744,18298,327,3388,20892,8811,0
17395,dia 18 - Soja Heterodera Vaso 6,18.0,6.0,135.27,2812.0,37.5,93.54,11647,18280,327,3390,20865,8852,0
17396,dia 18 - Soja Heterodera Vaso 6,18.0,6.0,135.51,2772.0,37.5,93.54,11731,18301,326,3393,20890,8855,0
17397,dia 18 - Soja Heterodera Vaso 6,18.0,6.0,135.75,2789.0,37.5,93.55,11728,18297,327,3396,20878,8847,0
17398,dia 18 - Soja Heterodera Vaso 6,18.0,6.0,135.98,2833.0,37.5,93.54,11721,18189,327,3396,20878,8841,0
17399,dia 18 - Soja Heterodera Vaso 6,18.0,6.0,136.22,2842.0,37.5,93.54,11714,18213,326,3394,20844,8821,0
17400,dia 18 - Soja Heterodera Vaso 6,18.0,6.0,136.47,2787.0,37.5,93.55,11714,18290,326,3397,20867,8830,0
17401,dia 18 - Soja Heterodera Vaso 6,18.0,6.0,136.7,2800.0,37.5,93.55,11676,18289,327,3399,20857,8820,0
17402,dia 18 - Soja Heterodera Vaso 6,18.0,6.0,136.94,2781.0,37.5,93.55,11712,18291,327,3395,20861,8819,0
17403,dia 18 - Soja Heterodera Vaso 6,18.0,6.0,137.18,2812.0,37.5,93.54,11697,18270,325,3399,20860,8811,0
17404,dia 18 - Soja Heterodera Vaso 6,18.0,6.0,137.41,2820.0,37.5,93.54,11712,18170,327,3398,20857,8817,0
17405,dia 18 - Soja Heterodera Vaso 6,18.0,6.0,137.65,2807.0,37.5,93.54,11698,18282,327,3398,20850,8813,0
17406,dia 18 - Soja Heterodera Vaso 6,18.0,6.0,137.89,2798.0,37.5,93.56,11694,18291,326,3404,20853,8813,0
17407,dia 18 - Soja Heterodera Vaso 6,18.0,6.0,138.13,2840.0,37.5,93.54,11652,18175,325,3405,20851,8810,0
17408,dia 18 - Soja Heterodera Vaso 6,18.0,6.0,138.37,2799.0,37.5,93.54,11678,18291,326,3406,20841,8805,0
17409,dia 18 - Soja Heterodera Vaso 6,18.0,6.0,138.61,2835.0,37.5,93.55,11710,18260,327,3408,20846,8807,0
17410,dia 18 - Soja Heterodera Vaso 6,18.0,6.0,138.84,2800.0,37.5,93.55,11716,18286,327,3408,20706,8807,0
17411,dia 18 - Soja Heterodera Vaso 6,18.0,6.0,139.17,2759.0,37.5,93.55,11703,18271,328,3401,20818,8804,0
17412,dia 18 - Soja Heterodera Vaso 6,18.0,6.0,139.41,2795.0,37.5,93.55,11721,18293,328,3409,20841,8809,0
17413,dia 18 - Soja Heterodera Vaso 6,18.0,6.0,139.65,2776.0,37.5,93.54,11722,18290,327,3406,20841,8751,0
17414,dia 18 - Soja Heterodera Vaso 6,18.0,6.0,139.88,2826.0,37.5,93.54,11658,18297,327,3408,20808,8808,0
17415,dia 18 - Soja Heterodera Vaso 6,18.0,6.0,140.12,2807.0,37.5,93.55,11727,18297,326,3412,20838,8807,0
17416,dia 18 - Soja Heterodera Vaso 6,18.0,6.0,140.36,2807.0,37.5,93.55,11676,18295,328,3411,20781,8809,0
17417,dia 18 - Soja Heterodera Vaso 6,18.0,6.0,140.59,2799.0,37.5,93.55,11728,18185,327,3411,20840,8811,0
17418,dia 18 - Soja Heterodera Vaso 6,18.0,6.0,140.82,2816.0,37.5,93.55,11709,18227,328,3409,20742,8798,0
17419,dia 18 - Soja Heterodera Vaso 6,18.0,6.0,141.09,2791.0,37.5,93.55,11736,18303,327,3412,20704,8811,0
19035,dia 18 - Soja Heterodera Vaso 7,18.0,7.0,113.07,2892.0,38.4,93.53,11684,18623,303,3173,21219,8991,0
19036,dia 18 - Soja Heterodera Vaso 7,18.0,7.0,113.31,2883.0,38.4,93.53,11699,18646,303,3172,21231,8993,0
19037,dia 18 - Soja Heterodera Vaso 7,18.0,7.0,113.54,2888.0,38.4,93.53,11694,18643,303,3170,21225,8931,0
19038,dia 18 - Soja Heterodera Vaso 7,18.0,7.0,113.78,2868.0,38.4,93.53,11615,18644,304,3167,21224,8991,0
19039,dia 18 - Soja Heterodera Vaso 7,18.0,7.0,114.01,2923.0,38.4,93.54,11697,18643,303,3170,21231,8988,0
19040,dia 18 - Soja Heterodera Vaso 7,18.0,7.0,114.24,2906.0,38.4,93.53,11695,18646,304,3173,21228,8988,0
19041,dia 18 - Soja Heterodera Vaso 7,18.0,7.0,114.49,2850.0,38.4,93.53,11619,18646,304,3176,21229,8988,0
19042,dia 18 - Soja Heterodera Vaso 7,18.0,7.0,114.72,2881.0,38.4,93.53,11685,18623,303,3177,21206,8977,0
19043,dia 18 - Soja Heterodera Vaso 7,18.0,7.0,114.97,2890.0,38.4,93.54,11699,18649,304,3177,21230,8939,0
19044,dia 18 - Soja Heterodera Vaso 7,18.0,7.0,115.19,2861.0,38.4,93.53,11701,18526,304,3180,21255,8998,0
19045,dia 18 - Soja Heterodera Vaso 7,18.0,7.0,115.42,2873.0,38.4,93.54,11698,18646,304,3170,21228,8984,0
19046,dia 18 - Soja Heterodera Vaso 7,18.0,7.0,115.65,2863.0,38.4,93.53,11696,18651,303,3179,21229,8984,0
19047,dia 18 - Soja Heterodera Vaso 7,18.0,7.0,115.89,2870.0,38.4,93.53,11697,18648,304,3180,21233,8971,0
19048,dia 18 - Soja Heterodera Vaso 7,18.0,7.0,116.12,2895.0,38.4,93.53,11703,18515,303,3181,21231,8987,0
19049,dia 18 - Soja Heterodera Vaso 7,18.0,7.0,116.35,2890.0,38.4,93.53,11695,18645,305,3176,21227,8983,0
19050,dia 18 - Soja Heterodera Vaso 7,18.0,7.0,116.59,2863.0,38.4,93.53,11687,18631,304,3178,21234,8973,0
19051,dia 18 - Soja Heterodera Vaso 7,18.0,7.0,116.81,2881.0,38.4,93.53,11701,18647,304,3178,21233,8924,0
19052,dia 18 - Soja Heterodera Vaso 7,18.0,7.0,117.05,2891.0,38.4,93.53,11568,18606,304,3179,21213,8982,0
19053,dia 18 - Soja Heterodera Vaso 7,18.0,7.0,117.28,2879.0,38.4,93.53,11701,18646,303,3171,21231,8981,0
19054,dia 18 - Soja Heterodera Vaso 7,18.0,7.0,117.52,2857.0,38.4,93.53,11701,18646,303,3175,21230,8972,0
19055,dia 18 - Soja Heterodera Vaso 7,18.0,7.0,117.75,2887.0,38.4,93.53,11700,18648,304,3180,21085,8980,0
19056,dia 18 - Soja Heterodera Vaso 7,18.0,7.0,117.98,2846.0,38.4,93.53,11700,18650,303,3174,21235,8965,0
19057,dia 18 - Soja Heterodera Vaso 7,18.0,7.0,118.21,2857.0,38.4,93.54,11701,18636,304,3178,21233,8977,0
19058,dia 18 - Soja Heterodera Vaso 7,18.0,7.0,118.44,2903.0,38.4,93.53,11686,18629,303,3182,21207,8966,0
19059,dia 18 - Soja Heterodera Vaso 7,18.0,7.0,118.69,2864.0,38.4,93.53,11702,18651,301,3179,21233,8979,0
19060,dia 18 - Soja Heterodera Vaso 7,18.0,7.0,118.93,2864.0,38.4,93.53,11698,18562,304,3182,21211,8962,0
19061,dia 18 - Soja Heterodera Vaso 7,18.0,7.0,119.17,2919.0,38.5,93.54,11702,18652,304,3184,21231,8973,0
19062,dia 18 - Soja Heterodera Vaso 7,18.0,7.0,119.4,2877.0,38.4,93.54,11616,18652,303,3182,21198,8972,0
19063,dia 18 - Soja Heterodera Vaso 7,18.0,7.0,119.63,2869.0,38.5,93.54,11700,18646,303,3183,21231,8972,0
19064,dia 18 - Soja Heterodera Vaso 7,18.0,7.0,119.86,2862.0,38.5,93.54,11701,18647,303,3183,21228,8971,0
19065,dia 18 - Soja Heterodera Vaso 7,18.0,7.0,120.09,2869.0,38.5,92.99,11622,18507,302,3174,21083,8845,0
19066,dia 18 - Soja Heterodera Vaso 7,18.0,7.0,120.34,2861.0,38.5,91.59,11623,18536,301,3175,21102,8912,0
19067,dia 18 - Soja Heterodera Vaso 7,18.0,7.0,120.58,2883.0,38.5,90.54,11602,18506,300,3170,21070,8894,0
19068,dia 18 - Soja Heterodera Vaso 7,18.0,7.0,120.81,2850.0,38.5,89.68,11590,18496,299,3165,21059,8832,0
19069,dia 18 - Soja Heterodera Vaso 7,18.0,7.0,121.04,2866.0,38.5,88.89,11507,18496,299,3161,21054,8884,0
19070,dia 18 - Soja Heterodera Vaso 7,18.0,7.0,121.28,2859.0,38.5,88.17,11582,18502,300,3156,21059,8884,0
19071,dia 18 - Soja Heterodera Vaso 7,18.0,7.0,121.51,2884.0,38.5,87.48,11580,18494,299,3154,21042,8880,0
19072,dia 18 - Soja Heterodera Vaso 7,18.0,7.0,121.74,2855.0,38.5,86.82,11580,18496,299,3148,20902,8877,0
19073,dia 18 - Soja Heterodera Vaso 7,18.0,7.0,121.97,2854.0,38.5,86.18,11585,18497,296,3150,21049,8877,0
19074,dia 18 - Soja Heterodera Vaso 7,18.0,7.0,122.21,2877.0,38.5,85.56,11573,18476,299,3143,21021,8860,0
19075,dia 18 - Soja Heterodera Vaso 7,18.0,7.0,122.45,2858.0,38.5,84.95,11592,18501,299,3136,20909,8868,0
19076,dia 18 - Soja Heterodera Vaso 7,18.0,7.0,122.68,2871.0,38.5,84.38,11595,18504,296,3131,21064,8876,0
19077,dia 18 - Soja Heterodera Vaso 7,18.0,7.0,122.92,2855.0,38.5,83.82,11560,18498,299,3133,21043,8863,0
19078,dia 18 - Soja Heterodera Vaso 7,18.0,7.0,123.15,2850.0,38.5,83.26,11601,18501,299,3129,21045,8861,0
19079,dia 18 - Soja Heterodera Vaso 7,18.0,7.0,123.38,2896.0,38.5,82.71,11599,18505,298,3124,20896,8858,0
19080,dia 18 - Soja Heterodera Vaso 7,18.0,7.0,123.61,2851.0,38.5,82.17,11603,18493,296,3120,21040,8855,0
19081,dia 18 - Soja Heterodera Vaso 7,18.0,7.0,123.95,2826.0,38.5,81.42,11605,18499,299,3114,21037,8850,0
19082,dia 18 - Soja Heterodera Vaso 7,18.0,7.0,124.19,2846.0,38.5,80.91,11605,18491,298,3114,21033,8845,0
19083,dia 18 - Soja Heterodera Vaso 7,18.0,7.0,124.43,2864.0,38.6,80.38,11592,18475,297,3105,21033,8834,0
19084,dia 18 - Soja Heterodera Vaso 7,18.0,7.0,124.66,2857.0,38.5,79.89,11600,18497,297,3102,21029,8844,0
19085,dia 18 - Soja Heterodera Vaso 7,18.0,7.0,124.9,2871.0,38.6,79.4,11606,18489,297,3103,21021,8841,0
19086,dia 18 - Soja Heterodera Vaso 7,18.0,7.0,125.13,2866.0,38.6,78.9,11606,18417,298,3101,21024,8838,0
19087,dia 18 - Soja Heterodera Vaso 7,18.0,7.0,125.37,2843.0,38.6,78.39,11591,18489,298,3100,21022,8839,0
19088,dia 18 - Soja Heterodera Vaso 7,18.0,7.0,125.6,2847.0,38.6,77.92,11611,18487,297,3096,21025,8842,0
19089,dia 18 - Soja Heterodera Vaso 7,18.0,7.0,125.83,2878.0,38.6,77.45,11607,18484,297,3093,20871,8839,0
19090,dia 18 - Soja Heterodera Vaso 7,18.0,7.0,126.06,2877.0,38.6,77.0,11580,18467,296,3091,20994,8829,0
19091,dia 18 - Soja Heterodera Vaso 7,18.0,7.0,126.31,2863.0,38.6,76.53,11610,18491,296,3075,21021,8840,0
19092,dia 18 - Soja Heterodera Vaso 7,18.0,7.0,126.55,2875.0,38.6,76.09,11614,18445,295,3070,20927,8793,0
19093,dia 18 - Soja Heterodera Vaso 7,18.0,7.0,126.78,2880.0,38.6,75.64,11575,18483,296,3078,21018,8833,0
19094,dia 18 - Soja Heterodera Vaso 7,18.0,7.0,127.02,2871.0,38.6,75.17,11606,18476,296,3071,21020,8836,0
19095,dia 18 - Soja Heterodera Vaso 7,18.0,7.0,127.25,2896.0,38.6,74.73,11606,18480,295,3073,21015,8835,0
19096,dia 18 - Soja Heterodera Vaso 7,18.0,7.0,127.48,2896.0,38.6,74.32,11603,18357,295,3069,21015,8840,0
19097,dia 18 - Soja Heterodera Vaso 7,18.0,7.0,127.71,2881.0,38.6,73.89,11590,18466,294,3063,21012,8831,0
19098,dia 18 - Soja Heterodera Vaso 7,18.0,7.0,127.96,2854.0,38.6,73.41,11602,18485,294,3055,21015,8846,0
19099,dia 18 - Soja Heterodera Vaso 7,18.0,7.0,128.19,2868.0,38.6,72.99,11600,18481,294,3060,20864,8845,0
19100,dia 18 - Soja Heterodera Vaso 7,18.0,7.0,128.42,2871.0,38.6,72.57,11580,18463,290,3057,21003,8847,0
19101,dia 18 - Soja Heterodera Vaso 7,18.0,7.0,128.67,2864.0,38.6,72.13,11594,18477,294,3053,20999,8847,0
19102,dia 18 - Soja Heterodera Vaso 7,18.0,7.0,128.9,2894.0,38.6,71.7,11588,18473,293,3048,20995,8785,0
19103,dia 18 - Soja Heterodera Vaso 7,18.0,7.0,129.13,2885.0,38.6,71.29,11507,18465,293,3046,20998,8847,0
19104,dia 18 - Soja Heterodera Vaso 7,18.0,7.0,129.36,2853.0,38.6,70.87,11556,18473,293,3042,20994,8848,0
19105,dia 18 - Soja Heterodera Vaso 7,18.0,7.0,129.59,2852.0,38.6,70.45,11572,18458,292,3042,21004,8838,0
19106,dia 18 - Soja Heterodera Vaso 7,18.0,7.0,129.82,2876.0,38.7,70.05,11584,18476,292,3040,21000,8788,0
19107,dia 18 - Soja Heterodera Vaso 7,18.0,7.0,130.05,2821.0,38.6,69.64,11503,18451,291,3039,20989,8808,0
19108,dia 18 - Soja Heterodera Vaso 7,18.0,7.0,130.29,2820.0,38.6,74.49,11460,18254,288,3036,20758,8739,0
19109,dia 18 - Soja Heterodera Vaso 7,18.0,7.0,130.53,2803.0,38.6,80.08,11487,18274,290,3052,20782,8737,0
19110,dia 18 - Soja Heterodera Vaso 7,18.0,7.0,130.76,2820.0,38.6,84.73,11440,18298,291,3070,20802,8729,0
19111,dia 18 - Soja Heterodera Vaso 7,18.0,7.0,131.0,2806.0,38.6,88.4,11534,18297,292,3088,20808,8719,0
19112,dia 18 - Soja Heterodera Vaso 7,18.0,7.0,131.23,2836.0,38.6,90.96,11539,18294,293,3104,20807,8700,0
19113,dia 18 - Soja Heterodera Vaso 7,18.0,7.0,131.49,2816.0,38.6,92.71,11562,18319,291,3115,20828,8694,0
19114,dia 18 - Soja Heterodera Vaso 7,18.0,7.0,131.73,2823.0,38.6,93.37,11562,18313,295,3122,20826,8681,0
19115,dia 18 - Soja Heterodera Vaso 7,18.0,7.0,131.96,2896.0,38.6,93.5,11552,18301,295,3126,20811,8659,0
19116,dia 18 - Soja Heterodera Vaso 7,18.0,7.0,132.2,2827.0,38.6,93.51,11456,18293,295,3130,20796,8641,0
19117,dia 18 - Soja Heterodera Vaso 7,18.0,7.0,132.43,2859.0,38.6,93.52,11532,18285,295,3126,20768,8625,0
19118,dia 18 - Soja Heterodera Vaso 7,18.0,7.0,132.65,2797.0,38.6,93.52,11524,18281,295,3133,20789,8617,0
19119,dia 18 - Soja Heterodera Vaso 7,18.0,7.0,132.88,2849.0,38.6,93.52,11516,18262,294,3134,20758,8569,0
19120,dia 18 - Soja Heterodera Vaso 7,18.0,7.0,133.14,2817.0,38.6,93.53,11488,18251,291,3131,20764,8590,0
19121,dia 18 - Soja Heterodera Vaso 7,18.0,7.0,133.37,2846.0,38.6,93.53,11495,18273,294,3133,20775,8581,0
19122,dia 18 - Soja Heterodera Vaso 7,18.0,7.0,133.61,2830.0,38.6,93.53,11485,18235,293,3134,20719,8496,0
19123,dia 18 - Soja Heterodera Vaso 7,18.0,7.0,133.84,2825.0,38.6,93.53,11401,18258,294,3137,20755,8563,0
19124,dia 18 - Soja Heterodera Vaso 7,18.0,7.0,134.08,2857.0,38.6,93.53,11477,18248,293,3135,20754,8555,0
19125,dia 18 - Soja Heterodera Vaso 7,18.0,7.0,134.31,2825.0,38.6,93.53,11474,18255,293,3122,20743,8547,0
19126,dia 18 - Soja Heterodera Vaso 7,18.0,7.0,134.54,2810.0,38.7,93.53,11463,18116,293,3122,20727,8541,0
19127,dia 18 - Soja Heterodera Vaso 7,18.0,7.0,134.77,2793.0,38.6,93.53,11435,18216,291,3133,20674,8509,0
19128,dia 18 - Soja Heterodera Vaso 7,18.0,7.0,135.01,2831.0,38.6,93.52,11451,18223,293,3134,20703,8520,0
19129,dia 18 - Soja Heterodera Vaso 7,18.0,7.0,135.24,2794.0,38.7,93.53,11465,18243,294,3136,20726,8527,0
19130,dia 18 - Soja Heterodera Vaso 7,18.0,7.0,135.47,2804.0,38.7,93.53,11366,18221,292,3135,20684,8497,0
19131,dia 18 - Soja Heterodera Vaso 7,18.0,7.0,135.7,2826.0,38.7,93.53,11448,18215,292,3135,20690,8505,0
19132,dia 18 - Soja Heterodera Vaso 7,18.0,7.0,135.93,2814.0,38.7,93.53,11453,18224,293,3136,20696,8506,0
19133,dia 18 - Soja Heterodera Vaso 7,18.0,7.0,136.16,2828.0,38.7,93.53,11451,18217,294,3138,20700,8504,0
19134,dia 18 - Soja Heterodera Vaso 7,18.0,7.0,136.39,2821.0,38.7,93.52,11376,18209,293,3139,20692,8501,0
19135,dia 18 - Soja Heterodera Vaso 7,18.0,7.0,136.63,2804.0,38.7,93.53,11449,18229,293,3134,20702,8506,0
19136,dia 18 - Soja Heterodera Vaso 7,18.0,7.0,136.86,2820.0,38.7,93.53,11465,18231,294,3141,20703,8506,0
19137,dia 18 - Soja Heterodera Vaso 7,18.0,7.0,137.09,2820.0,38.7,93.53,11465,18220,293,3142,20696,8448,0
19138,dia 18 - Soja Heterodera Vaso 7,18.0,7.0,137.33,2849.0,38.7,93.53,11390,18231,294,3139,20698,8506,0
19139,dia 18 - Soja Heterodera Vaso 7,18.0,7.0,137.56,2837.0,38.7,93.53,11475,18239,295,3142,20705,8507,0
19140,dia 18 - Soja Heterodera Vaso 7,18.0,7.0,137.79,2843.0,38.7,93.53,11479,18240,295,3145,20701,8506,0
19141,dia 18 - Soja Heterodera Vaso 7,18.0,7.0,138.03,2833.0,38.7,93.53,11481,18111,295,3144,20700,8507,0
19142,dia 18 - Soja Heterodera Vaso 7,18.0,7.0,138.26,2810.0,38.7,93.54,11474,18224,295,3140,20678,8500,0
19143,dia 18 - Soja Heterodera Vaso 7,18.0,7.0,138.5,2817.0,38.7,93.53,11492,18249,296,3146,20705,8510,0
19144,dia 18 - Soja Heterodera Vaso 7,18.0,7.0,138.74,2804.0,38.7,93.53,11496,18257,295,3146,20576,8502,0
19145,dia 18 - Soja Heterodera Vaso 7,18.0,7.0,138.97,2843.0,38.7,93.53,11501,18247,292,3147,20702,8513,0
26050,dia 19 - Soja Heterodera Vaso 7,19.0,7.0,113.54,2840.0,30.8,93.69,10398,17678,154,3464,19933,7998,0
26051,dia 19 - Soja Heterodera Vaso 7,19.0,7.0,113.8,2856.0,30.8,93.68,10388,17654,154,3465,19911,7936,0
26052,dia 19 - Soja Heterodera Vaso 7,19.0,7.0,114.11,2854.0,30.8,93.69,10387,17655,155,3464,19907,7961,0
26053,dia 19 - Soja Heterodera Vaso 7,19.0,7.0,114.4,2889.0,30.8,93.69,10390,17677,155,3465,19915,7985,0
26054,dia 19 - Soja Heterodera Vaso 7,19.0,7.0,114.69,2856.0,30.8,93.69,10388,17654,155,3465,19914,7983,0
26055,dia 19 - Soja Heterodera Vaso 7,19.0,7.0,114.99,2852.0,30.8,93.69,10386,17655,155,3464,19915,7982,0
26056,dia 19 - Soja Heterodera Vaso 7,19.0,7.0,115.24,2849.0,30.9,93.7,10399,17676,154,3466,19939,7939,0
26057,dia 19 - Soja Heterodera Vaso 7,19.0,7.0,115.49,2834.0,30.8,93.69,10398,17681,154,3463,19933,7982,0
26058,dia 19 - Soja Heterodera Vaso 7,19.0,7.0,115.73,2864.0,30.8,93.69,10398,17672,154,3470,19936,7989,0
26059,dia 19 - Soja Heterodera Vaso 7,19.0,7.0,115.98,2842.0,30.9,93.69,10398,17673,154,3473,19936,7987,0
26060,dia 19 - Soja Heterodera Vaso 7,19.0,7.0,116.22,2827.0,30.8,93.69,10398,17673,155,3471,19937,7986,0
26061,dia 19 - Soja Heterodera Vaso 7,19.0,7.0,116.57,2906.0,30.9,93.69,10398,17679,155,3472,19949,7923,0
26062,dia 19 - Soja Heterodera Vaso 7,19.0,7.0,116.86,2841.0,30.9,93.68,10387,17655,155,3470,19919,7975,0
26063,dia 19 - Soja Heterodera Vaso 7,19.0,7.0,117.16,2871.0,30.9,93.69,10386,17656,154,3470,19919,7973,0
26064,dia 19 - Soja Heterodera Vaso 7,19.0,7.0,117.44,2819.0,30.9,93.69,10387,17655,154,3470,19920,7973,0
26065,dia 19 - Soja Heterodera Vaso 7,19.0,7.0,117.72,2828.0,30.9,93.69,10389,17665,153,3473,19918,7972,0
26066,dia 19 - Soja Heterodera Vaso 7,19.0,7.0,118.06,2855.0,30.9,93.68,10400,17689,155,3470,19942,7980,0
26067,dia 19 - Soja Heterodera Vaso 7,19.0,7.0,118.32,2868.0,30.9,93.68,10401,17689,155,3473,19810,7979,0
26068,dia 19 - Soja Heterodera Vaso 7,19.0,7.0,118.58,2831.0,30.9,93.69,10402,17690,155,3472,19941,7979,0
26069,dia 19 - Soja Heterodera Vaso 7,19.0,7.0,118.84,2837.0,30.9,93.68,10385,17567,155,3471,19943,7969,0
26070,dia 19 - Soja Heterodera Vaso 7,19.0,7.0,119.11,2886.0,30.9,93.68,10401,17690,155,3474,19948,7977,0
26071,dia 19 - Soja Heterodera Vaso 7,19.0,7.0,119.37,2844.0,30.9,93.69,10345,17687,155,3473,19942,7976,0
26072,dia 19 - Soja Heterodera Vaso 7,19.0,7.0,119.64,2840.0,30.9,93.69,10385,17684,155,3475,19946,7975,0
26073,dia 19 - Soja Heterodera Vaso 7,19.0,7.0,119.91,2850.0,30.9,93.69,10389,17665,154,3475,19923,7965,0
26074,dia 19 - Soja Heterodera Vaso 7,19.0,7.0,120.2,2840.0,30.9,93.69,10388,17665,155,3476,19923,7963,0
26075,dia 19 - Soja Heterodera Vaso 7,19.0,7.0,120.51,2882.0,30.9,93.69,10393,17689,155,3474,19930,7962,0
26076,dia 19 - Soja Heterodera Vaso 7,19.0,7.0,120.8,2856.0,30.9,93.69,10389,17665,154,3474,19924,7961,0
26077,dia 19 - Soja Heterodera Vaso 7,19.0,7.0,121.1,2845.0,30.9,93.69,10389,17668,154,3475,19926,7960,0
26078,dia 19 - Soja Heterodera Vaso 7,19.0,7.0,121.36,2862.0,31.0,93.68,10402,17687,155,3476,19950,7969,0
26079,dia 19 - Soja Heterodera Vaso 7,19.0,7.0,121.63,2809.0,30.9,93.62,10332,17568,154,3465,19816,7914,0
26080,dia 19 - Soja Heterodera Vaso 7,19.0,7.0,121.88,2796.0,31.0,92.85,10315,17548,153,3463,19793,7899,0
26081,dia 19 - Soja Heterodera Vaso 7,19.0,7.0,122.13,2759.0,31.0,92.32,10315,17554,153,3461,19801,7897,0
26082,dia 19 - Soja Heterodera Vaso 7,19.0,7.0,122.39,2790.0,31.0,91.9,10312,17554,153,3459,19802,7893,0
26083,dia 19 - Soja Heterodera Vaso 7,19.0,7.0,122.64,2835.0,31.0,91.59,10317,17554,152,3458,19791,7885,0
26084,dia 19 - Soja Heterodera Vaso 7,19.0,7.0,122.93,2865.0,31.0,91.29,10301,17543,153,3454,19703,7883,0
26085,dia 19 - Soja Heterodera Vaso 7,19.0,7.0,123.22,2842.0,31.0,91.05,10301,17545,153,3446,19792,7849,0
26086,dia 19 - Soja Heterodera Vaso 7,19.0,7.0,123.5,2879.0,31.0,90.84,10302,17547,153,3442,19796,7882,0
26087,dia 19 - Soja Heterodera Vaso 7,19.0,7.0,123.79,2830.0,31.0,90.65,10305,17551,153,3441,19796,7882,0
26088,dia 19 - Soja Heterodera Vaso 7,19.0,7.0,124.1,2843.0,31.0,90.49,10320,17577,153,3435,19822,7891,0
26089,dia 19 - Soja Heterodera Vaso 7,19.0,7.0,124.36,2833.0,31.0,90.37,10323,17580,153,3438,19689,7891,0
26090,dia 19 - Soja Heterodera Vaso 7,19.0,7.0,124.62,2875.0,31.0,90.26,10327,17583,153,3436,19825,7889,0
26091,dia 19 - Soja Heterodera Vaso 7,19.0,7.0,124.89,2884.0,31.0,90.18,10329,17437,153,3435,19826,7884,0
26092,dia 19 - Soja Heterodera Vaso 7,19.0,7.0,125.15,2863.0,31.0,90.07,10335,17585,153,3436,19795,7884,0
26093,dia 19 - Soja Heterodera Vaso 7,19.0,7.0,125.42,2867.0,31.0,89.99,10339,17587,153,3428,19825,7882,0
26094,dia 19 - Soja Heterodera Vaso 7,19.0,7.0,125.68,2842.0,31.0,89.9,10341,17584,153,3433,19831,7879,0
26095,dia 19 - Soja Heterodera Vaso 7,19.0,7.0,125.94,2861.0,31.0,89.82,10333,17568,153,3432,19805,7870,0
26096,dia 19 - Soja Heterodera Vaso 7,19.0,7.0,126.24,2828.0,31.0,89.74,10337,17568,153,3422,19803,7867,0
26097,dia 19 - Soja Heterodera Vaso 7,19.0,7.0,126.54,2853.0,31.0,89.68,10340,17569,152,3419,19819,7871,0
26098,dia 19 - Soja Heterodera Vaso 7,19.0,7.0,126.83,2821.0,31.0,89.63,10342,17452,152,3425,19804,7863,0
26099,dia 19 - Soja Heterodera Vaso 7,19.0,7.0,127.15,2900.0,31.0,89.57,10345,17567,153,3416,19804,7860,0
26100,dia 19 - Soja Heterodera Vaso 7,19.0,7.0,127.41,2877.0,31.0,89.52,10362,17587,152,3422,19828,7868,0
26101,dia 19 - Soja Heterodera Vaso 7,19.0,7.0,127.67,2856.0,31.0,89.47,10361,17584,152,3415,19824,7865,0
26102,dia 19 - Soja Heterodera Vaso 7,19.0,7.0,127.92,2830.0,31.0,89.42,10364,17583,152,3423,19824,7864,0
26103,dia 19 - Soja Heterodera Vaso 7,19.0,7.0,128.18,2824.0,31.0,89.38,10367,17584,153,3416,19822,7863,0
26104,dia 19 - Soja Heterodera Vaso 7,19.0,7.0,128.43,2831.0,31.0,89.35,10368,17583,153,3421,19823,7861,0
26105,dia 19 - Soja Heterodera Vaso 7,19.0,7.0,128.68,2869.0,31.0,89.31,10369,17569,152,3419,19804,7852,0
26106,dia 19 - Soja Heterodera Vaso 7,19.0,7.0,128.97,2880.0,31.0,89.27,10362,17445,152,3418,19805,7850,0
26107,dia 19 - Soja Heterodera Vaso 7,19.0,7.0,129.26,2884.0,31.0,89.23,10364,17564,153,3420,19802,7848,0
26108,dia 19 - Soja Heterodera Vaso 7,19.0,7.0,129.54,2860.0,31.0,89.2,10366,17563,153,3418,19803,7847,0
26109,dia 19 - Soja Heterodera Vaso 7,19.0,7.0,129.83,2888.0,31.0,89.17,10367,17564,153,3415,19802,7845,0
26110,dia 19 - Soja Heterodera Vaso 7,19.0,7.0,130.14,2811.0,31.0,89.13,10379,17582,152,3413,19826,7853,0
26111,dia 19 - Soja Heterodera Vaso 7,19.0,7.0,130.4,2837.0,31.0,89.11,10379,17580,152,3412,19729,7854,0
26112,dia 19 - Soja Heterodera Vaso 7,19.0,7.0,130.66,2847.0,31.0,89.08,10380,17579,153,3413,19825,7851,0
26113,dia 19 - Soja Heterodera Vaso 7,19.0,7.0,130.93,2846.0,31.0,89.06,10375,17462,152,3413,19821,7849,0
26114,dia 19 - Soja Heterodera Vaso 7,19.0,7.0,131.19,2829.0,31.0,89.04,10376,17567,152,3411,19823,7848,0
26115,dia 19 - Soja Heterodera Vaso 7,19.0,7.0,131.45,2848.0,31.0,89.01,10286,17496,152,3409,19850,7844,0
26116,dia 19 - Soja Heterodera Vaso 7,19.0,7.0,131.71,2845.0,31.0,89.0,10374,17508,153,3410,19835,7845,0
26117,dia 19 - Soja Heterodera Vaso 7,19.0,7.0,131.97,2855.0,31.0,88.98,10362,17508,153,3403,19809,7834,0
26118,dia 19 - Soja Heterodera Vaso 7,19.0,7.0,132.37,2839.0,31.0,88.95,10359,17504,152,3398,19806,7830,0
26119,dia 19 - Soja Heterodera Vaso 7,19.0,7.0,132.66,2848.0,31.0,88.93,10286,17506,152,3404,19818,7835,0
26120,dia 19 - Soja Heterodera Vaso 7,19.0,7.0,132.96,2882.0,31.0,88.91,10356,17505,152,3403,19682,7827,0
26121,dia 19 - Soja Heterodera Vaso 7,19.0,7.0,133.28,2853.0,31.2,88.89,10354,17386,152,3401,19796,7824,0
26122,dia 19 - Soja Heterodera Vaso 7,19.0,7.0,133.54,2870.0,31.2,88.88,10365,17522,152,3401,19821,7831,0
26123,dia 19 - Soja Heterodera Vaso 7,19.0,7.0,133.8,2864.0,31.2,88.87,10307,17507,152,3399,19817,7828,0
26124,dia 19 - Soja Heterodera Vaso 7,19.0,7.0,134.05,2830.0,31.2,88.85,10359,17499,152,3401,19811,7824,0
26125,dia 19 - Soja Heterodera Vaso 7,19.0,7.0,134.3,2837.0,31.2,88.85,10269,17467,152,3393,19787,7812,0
26126,dia 19 - Soja Heterodera Vaso 7,19.0,7.0,134.56,2846.0,31.2,88.84,10340,17466,152,3400,19788,7810,0
26127,dia 19 - Soja Heterodera Vaso 7,19.0,7.0,134.82,2848.0,31.2,88.85,16661,12228,7802,6134,10881,7805,0
26128,dia 19 - Soja Heterodera Vaso 7,19.0,7.0,135.11,2869.0,31.2,88.82,16768,12202,7795,5177,10770,7798,0
26129,dia 19 - Soja Heterodera Vaso 7,19.0,7.0,135.43,2840.0,31.2,88.82,16460,12109,7708,5172,10764,7726,0
26130,dia 19 - Soja Heterodera Vaso 7,19.0,7.0,135.72,2841.0,31.2,88.81,16629,12151,7741,5695,10702,7745,0
26131,dia 19 - Soja Heterodera Vaso 7,19.0,7.0,136.02,2854.0,31.2,88.81,16545,12102,7723,5896,10723,7703,0
26132,dia 19 - Soja Heterodera Vaso 7,19.0,7.0,136.31,2839.0,31.2,88.97,16220,12393,6972,6984,10731,7224,0
26133,dia 19 - Soja Heterodera Vaso 7,19.0,7.0,136.58,2820.0,31.2,89.03,10334,17424,927,8167,19750,7786,0
26134,dia 19 - Soja Heterodera Vaso 7,19.0,7.0,136.84,2908.0,31.2,88.86,10350,17515,152,3387,19857,7805,0
26135,dia 19 - Soja Heterodera Vaso 7,19.0,7.0,137.1,2890.0,31.2,88.62,10376,17550,152,3396,19882,7819,0
26136,dia 19 - Soja Heterodera Vaso 7,19.0,7.0,137.36,2869.0,31.2,88.46,10384,17557,152,3400,19792,7831,0
26137,dia 19 - Soja Heterodera Vaso 7,19.0,7.0,137.62,2865.0,31.2,88.24,10380,17553,153,3402,19896,7834,0
26138,dia 19 - Soja Heterodera Vaso 7,19.0,7.0,137.9,2871.0,31.2,87.94,10393,17549,152,3397,19895,7842,0
26139,dia 19 - Soja Heterodera Vaso 7,19.0,7.0,138.2,2861.0,31.3,87.71,10349,17560,153,3406,19900,7848,0
26140,dia 19 - Soja Heterodera Vaso 7,19.0,7.0,138.53,2846.0,31.2,87.33,10405,17557,152,3402,19903,7853,0
26141,dia 19 - Soja Heterodera Vaso 7,19.0,7.0,138.84,2872.0,31.2,87.03,10410,17562,152,3401,19909,7863,0
26142,dia 19 - Soja Heterodera Vaso 7,19.0,7.0,139.14,2868.0,31.2,86.75,10411,17567,152,3397,19939,7880,0
26143,dia 19 - Soja Heterodera Vaso 7,19.0,7.0,139.41,2879.0,31.3,86.55,10421,17582,152,3402,19935,7832,0
26144,dia 19 - Soja Heterodera Vaso 7,19.0,7.0,139.66,2866.0,31.3,86.33,10420,17581,151,3398,19934,7887,0
26145,dia 19 - Soja Heterodera Vaso 7,19.0,7.0,139.91,2871.0,31.3,86.16,10420,17582,152,3400,19935,7840,0
26146,dia 19 - Soja Heterodera Vaso 7,19.0,7.0,140.18,2855.0,31.3,86.1,10418,17581,152,3401,19936,7894,0
26147,dia 19 - Soja Heterodera Vaso 7,19.0,7.0,140.43,2874.0,31.3,85.99,10413,17576,151,3400,19927,7870,0
26148,dia 19 - Soja Heterodera Vaso 7,19.0,7.0,140.68,2882.0,31.3,85.75,10404,17563,151,3399,19918,7892,0
26149,dia 19 - Soja Heterodera Vaso 7,19.0,7.0,140.98,2851.0,31.3,85.56,10404,17561,152,3386,19919,7895,0
26150,dia 19 - Soja Heterodera Vaso 7,19.0,7.0,141.28,2895.0,31.3,85.32,10403,17567,150,3387,19938,7906,0
26151,dia 19 - Soja Heterodera Vaso 7,19.0,7.0,141.57,2879.0,31.3,85.07,10403,17446,151,3385,19932,7904,0
26152,dia 19 - Soja Heterodera Vaso 7,19.0,7.0,141.85,2846.0,31.3,84.87,10403,17568,151,3381,19936,7908,0
26153,dia 19 - Soja Heterodera Vaso 7,19.0,7.0,142.13,2886.0,31.3,84.76,10415,17591,151,3377,19961,7920,0
26154,dia 19 - Soja Heterodera Vaso 7,19.0,7.0,142.39,2873.0,31.3,84.63,10424,17607,152,3378,19843,7916,0
26155,dia 19 - Soja Heterodera Vaso 7,19.0,7.0,142.65,2873.0,31.3,84.52,10408,17587,151,3372,19957,7921,0
26156,dia 19 - Soja Heterodera Vaso 7,19.0,7.0,142.91,2892.0,31.3,84.42,10336,17582,151,3370,19902,7921,0
26157,dia 19 - Soja Heterodera Vaso 7,19.0,7.0,143.18,2881.0,31.3,84.32,10407,17583,151,3369,19964,7925,0
26158,dia 19 - Soja Heterodera Vaso 7,19.0,7.0,143.44,2846.0,31.3,84.2,10407,17585,150,3362,19954,7926,0
26159,dia 19 - Soja Heterodera Vaso 7,19.0,7.0,143.69,2881.0,31.3,84.09,10402,17595,151,3367,19968,7922,0
26160,dia 19 - Soja Heterodera Vaso 7,19.0,7.0,143.98,2847.0,31.3,83.97,10392,17571,150,3363,19950,7922,0
26161,dia 19 - Soja Heterodera Vaso 7,19.0,7.0,144.28,2887.0,31.3,83.86,10393,17575,150,3361,19954,7924,0
26162,dia 19 - Soja Heterodera Vaso 7,19.0,7.0,144.57,2875.0,31.3,83.75,10392,17575,150,3352,19958,7926,0
26163,dia 19 - Soja Heterodera Vaso 7,19.0,7.0,144.86,2888.0,31.3,83.68,10327,17574,149,3356,19958,7925,0
26164,dia 19 - Soja Heterodera Vaso 7,19.0,7.0,145.18,2881.0,31.3,83.57,10398,17594,148,3354,19982,7935,0
26165,dia 19 - Soja Heterodera Vaso 7,19.0,7.0,145.43,2886.0,31.3,83.48,10396,17593,150,3354,19985,7935,0
26166,dia 19 - Soja Heterodera Vaso 7,19.0,7.0,145.69,2860.0,31.3,83.4,10391,17586,150,3349,19978,7933,0
26167,dia 19 - Soja Heterodera Vaso 7,19.0,7.0,145.95,2893.0,31.3,83.31,10387,17584,149,3354,19977,7933,0
26168,dia 19 - Soja Heterodera Vaso 7,19.0,7.0,146.3,2886.0,31.3,83.2,10385,17582,149,3342,19979,7933,0
26169,dia 19 - Soja Heterodera Vaso 7,19.0,7.0,146.56,2864.0,31.3,83.11,10384,17584,150,3337,19982,7932,0
26170,dia 19 - Soja Heterodera Vaso 7,19.0,7.0,146.82,2860.0,31.3,83.03,10370,17574,149,3337,19974,7925,0
26171,dia 19 - Soja Heterodera Vaso 7,19.0,7.0,147.12,2874.0,31.3,82.94,10372,17567,149,3336,19970,7926,0
26172,dia 19 - Soja Heterodera Vaso 7,19.0,7.0,147.43,2890.0,31.3,82.85,10368,17563,149,3336,19984,7929,0
26173,dia 19 - Soja Heterodera Vaso 7,19.0,7.0,147.73,2896.0,31.3,82.77,10365,17561,148,3338,19970,7922,0
26174,dia 19 - Soja Heterodera Vaso 7,19.0,7.0,148.06,2870.0,31.3,82.68,10362,17564,150,3337,19975,7922,0
26175,dia 19 - Soja Heterodera Vaso 7,19.0,7.0,148.32,2875.0,31.3,82.6,10373,17587,149,3337,19872,7930,0
26176,dia 19 - Soja Heterodera Vaso 7,19.0,7.0,148.59,2810.0,31.3,82.54,10263,17389,148,3337,19781,7833,0
26177,dia 19 - Soja Heterodera Vaso 7,19.0,7.0,148.85,2836.0,31.3,83.27,10179,17395,147,3330,19751,7832,0
26178,dia 19 - Soja Heterodera Vaso 7,19.0,7.0,149.11,2786.0,31.3,84.01,10242,17388,148,3333,19780,7825,0
26179,dia 19 - Soja Heterodera Vaso 7,19.0,7.0,149.37,2828.0,31.3,84.61,10166,17384,147,3336,19779,7813,0
26180,dia 19 - Soja Heterodera Vaso 7,19.0,7.0,149.64,2829.0,31.4,85.03,10228,17380,148,3330,19774,7800,0
26181,dia 19 - Soja Heterodera Vaso 7,19.0,7.0,149.91,2830.0,31.4,85.5,10191,17334,147,3326,19725,7772,0
26182,dia 19 - Soja Heterodera Vaso 7,19.0,7.0,150.21,2844.0,31.4,86.26,10166,17279,148,3324,19642,7723,0
26183,dia 19 - Soja Heterodera Vaso 7,19.0,7.0,150.52,2798.0,31.4,87.15,10153,17296,147,3329,19685,7729,0
26184,dia 19 - Soja Heterodera Vaso 7,19.0,7.0,150.83,2822.0,31.3,88.07,10146,17294,147,3336,19680,7714,0
26185,dia 19 - Soja Heterodera Vaso 7,19.0,7.0,151.13,2826.0,31.4,88.91,10147,17309,147,3342,19709,7715,0
26186,dia 19 - Soja Heterodera Vaso 7,19.0,7.0,151.39,2839.0,31.4,89.59,10156,17336,148,3351,19721,7655,0
26187,dia 19 - Soja Heterodera Vaso 7,19.0,7.0,151.65,2828.0,31.4,90.23,10151,17332,148,3360,19716,7694,0
26188,dia 19 - Soja Heterodera Vaso 7,19.0,7.0,151.91,2831.0,31.4,90.79,10147,17215,148,3366,19717,7685,0
26189,dia 19 - Soja Heterodera Vaso 7,19.0,7.0,152.16,2837.0,31.4,91.29,10145,17338,148,3370,19717,7677,0
26190,dia 19 - Soja Heterodera Vaso 7,19.0,7.0,152.41,2822.0,31.4,91.73,10142,17336,149,3376,19585,7669,0
26191,dia 19 - Soja Heterodera Vaso 7,19.0,7.0,152.67,2804.0,31.4,92.12,10138,17323,148,3382,19689,7653,0
26192,dia 19 - Soja Heterodera Vaso 7,19.0,7.0,152.95,2823.0,31.4,92.49,10124,17324,148,3385,19682,7642,0
26193,dia 19 - Soja Heterodera Vaso 7,19.0,7.0,153.23,2836.0,31.4,92.79,10116,17309,149,3389,19550,7633,0
26194,dia 19 - Soja Heterodera Vaso 7,19.0,7.0,153.53,2849.0,31.4,93.05,10115,17309,149,3393,19680,7590,0
26195,dia 19 - Soja Heterodera Vaso 7,19.0,7.0,153.84,2831.0,31.4,93.24,10116,17315,149,3398,19681,7572,0
26196,dia 19 - Soja Heterodera Vaso 7,19.0,7.0,154.13,2818.0,31.4,93.37,10113,17301,149,3400,19670,7608,0
26197,dia 19 - Soja Heterodera Vaso 7,19.0,7.0,154.38,2824.0,31.4,93.46,10115,17313,148,3405,19697,7614,0
26198,dia 19 - Soja Heterodera Vaso 7,19.0,7.0,154.65,2788.0,31.4,93.52,10116,17307,149,3406,19667,7599,0
26199,dia 19 - Soja Heterodera Vaso 7,19.0,7.0,154.91,2856.0,31.4,93.57,10108,17294,149,3402,19656,7589,0
26200,dia 19 - Soja Heterodera Vaso 7,19.0,7.0,155.19,2841.0,31.4,93.6,10107,17296,149,3411,19524,7581,0
26201,dia 19 - Soja Heterodera Vaso 7,19.0,7.0,155.45,2809.0,31.4,93.62,10107,17296,149,3413,19649,7577,0
26202,dia 19 - Soja Heterodera Vaso 7,19.0,7.0,155.71,2837.0,31.4,93.63,10061,17283,150,3414,19649,7574,0
26203,dia 19 - Soja Heterodera Vaso 7,19.0,7.0,155.98,2820.0,31.4,93.64,10107,17301,150,3417,19644,7572,0
26204,dia 19 - Soja Heterodera Vaso 7,19.0,7.0,156.24,2806.0,31.5,93.65,10096,17283,149,3413,19623,7562,0
26205,dia 19 - Soja Heterodera Vaso 7,19.0,7.0,156.54,2802.0,31.4,93.65,10098,17282,149,3412,19622,7560,0
26206,dia 19 - Soja Heterodera Vaso 7,19.0,7.0,156.85,2814.0,31.4,93.66,10097,17278,150,3414,19624,7557,0
26207,dia 19 - Soja Heterodera Vaso 7,19.0,7.0,157.17,2833.0,31.5,93.67,10098,17280,150,3420,19620,7555,0
26208,dia 19 - Soja Heterodera Vaso 7,19.0,7.0,157.47,2828.0,31.4,93.67,10101,17284,149,3414,19644,7563,0
26209,dia 19 - Soja Heterodera Vaso 7,19.0,7.0,157.73,2835.0,31.5,93.67,10115,17299,150,3425,19645,7548,0
26210,dia 19 - Soja Heterodera Vaso 7,19.0,7.0,157.99,2816.0,31.5,93.67,10113,17296,151,3425,19638,7559,0
26211,dia 19 - Soja Heterodera Vaso 7,19.0,7.0,158.24,2825.0,31.5,93.68,10115,17294,149,3427,19639,7508,0
26212,dia 19 - Soja Heterodera Vaso 7,19.0,7.0,158.5,2841.0,31.5,93.68,10117,17293,149,3430,19638,7557,0
26213,dia 19 - Soja Heterodera Vaso 7,19.0,7.0,158.75,2814.0,31.5,93.68,10119,17277,149,3432,19645,7530,0
26214,dia 19 - Soja Heterodera Vaso 7,19.0,7.0,159.01,2825.0,31.5,93.68,10113,17285,151,3432,19627,7550,0
26215,dia 19 - Soja Heterodera Vaso 7,19.0,7.0,159.31,2845.0,31.5,93.68,10117,17262,149,3425,19627,7550,0
26216,dia 19 - Soja Heterodera Vaso 7,19.0,7.0,159.61,2844.0,31.5,93.68,10120,17268,149,3431,19628,7549,0
26217,dia 19 - Soja Heterodera Vaso 7,19.0,7.0,159.89,2832.0,31.5,93.68,10124,17192,151,3431,19632,7551,0
26218,dia 19 - Soja Heterodera Vaso 7,19.0,7.0,160.18,2857.0,31.5,93.68,10127,17274,151,3431,19629,7501,0
26219,dia 19 - Soja Heterodera Vaso 7,19.0,7.0,160.48,2829.0,31.5,93.68,10145,17297,151,3434,19654,7561,0
26220,dia 19 - Soja Heterodera Vaso 7,19.0,7.0,160.74,2840.0,31.5,93.68,10160,17318,151,3434,19675,7570,0
26221,dia 19 - Soja Heterodera Vaso 7,19.0,7.0,161.01,2830.0,31.5,93.68,10153,17304,151,3436,19655,7560,0
26222,dia 19 - Soja Heterodera Vaso 7,19.0,7.0,161.27,2825.0,31.5,93.68,10156,17309,151,3436,19650,7564,0
26223,dia 19 - Soja Heterodera Vaso 7,19.0,7.0,161.54,2793.0,31.5,93.68,10159,17313,151,3437,19528,7567,0
26224,dia 19 - Soja Heterodera Vaso 7,19.0,7.0,161.8,2830.0,31.5,93.68,10169,17316,151,3439,19660,7558,0
26225,dia 19 - Soja Heterodera Vaso 7,19.0,7.0,162.06,2846.0,31.5,93.68,10091,17317,150,3439,19656,7567,0
26226,dia 19 - Soja Heterodera Vaso 7,19.0,7.0,162.32,2777.0,31.5,93.68,10166,17303,151,3441,19636,7563,0
27537,dia 19 - Soja Heterodera Vaso 8,19.0,8.0,107.16,2844.0,32.8,88.8,16264,11510,7677,3712,10217,7636,0
27538,dia 19 - Soja Heterodera Vaso 8,19.0,8.0,107.42,2846.0,32.8,88.8,16259,11503,7669,3654,10206,7674,0
27539,dia 19 - Soja Heterodera Vaso 8,19.0,8.0,107.68,2865.0,32.8,88.8,16252,11501,7666,3714,10204,7629,0
27540,dia 19 - Soja Heterodera Vaso 8,19.0,8.0,107.93,2795.0,32.8,88.8,16250,11497,7664,3719,10199,7665,0
27541,dia 19 - Soja Heterodera Vaso 8,19.0,8.0,108.17,2839.0,32.8,88.8,16238,11485,7660,3735,10193,7664,0
27542,dia 19 - Soja Heterodera Vaso 8,19.0,8.0,108.43,2819.0,32.8,88.8,16214,11479,7652,3705,10185,7652,0
27543,dia 19 - Soja Heterodera Vaso 8,19.0,8.0,108.72,2852.0,32.8,88.8,16145,11472,7647,3725,10184,7648,0
27544,dia 19 - Soja Heterodera Vaso 8,19.0,8.0,109.02,2829.0,32.8,88.79,16208,11405,7643,3756,10185,7644,0
27545,dia 19 - Soja Heterodera Vaso 8,19.0,8.0,109.31,2841.0,32.8,88.79,16203,11469,7640,3726,10180,7594,0
27546,dia 19 - Soja Heterodera Vaso 8,19.0,8.0,109.61,2845.0,32.8,88.78,16197,11466,7636,3726,10179,7637,0
27547,dia 19 - Soja Heterodera Vaso 8,19.0,8.0,109.92,2813.0,32.8,88.78,16212,11482,7641,3717,10186,7642,0
27548,dia 19 - Soja Heterodera Vaso 8,19.0,8.0,110.17,2855.0,32.8,88.78,16206,11473,7593,3703,10184,7647,0
27549,dia 19 - Soja Heterodera Vaso 8,19.0,8.0,110.42,2828.0,32.8,88.79,16201,11468,7634,3709,10173,7634,0
27550,dia 19 - Soja Heterodera Vaso 8,19.0,8.0,110.67,2850.0,32.8,88.79,16085,11465,7632,3752,10165,7628,0
27551,dia 19 - Soja Heterodera Vaso 8,19.0,8.0,110.92,2843.0,32.8,88.79,16181,11454,7623,3759,10161,7617,0
27552,dia 19 - Soja Heterodera Vaso 8,19.0,8.0,111.18,2828.0,32.8,88.79,16073,11444,7620,3733,10157,7619,0
27553,dia 19 - Soja Heterodera Vaso 8,19.0,8.0,111.43,2830.0,32.8,88.79,16166,11458,7616,3667,10159,7615,0
27554,dia 19 - Soja Heterodera Vaso 8,19.0,8.0,111.68,2847.0,32.9,88.78,16159,11379,7609,3785,10144,7602,0
27555,dia 19 - Soja Heterodera Vaso 8,19.0,8.0,111.96,2861.0,32.9,88.77,16136,11435,7597,3732,10144,7599,0
27556,dia 19 - Soja Heterodera Vaso 8,19.0,8.0,112.27,2809.0,32.9,88.77,16131,11437,7594,3708,10145,7595,0
27557,dia 19 - Soja Heterodera Vaso 8,19.0,8.0,112.56,2836.0,32.9,88.77,16125,11436,7590,3670,10142,7591,0
27558,dia 19 - Soja Heterodera Vaso 8,19.0,8.0,112.85,2854.0,32.9,88.77,16121,11432,7587,3718,10140,7587,0
27559,dia 19 - Soja Heterodera Vaso 8,19.0,8.0,113.16,2833.0,32.9,88.78,16105,11420,7578,3736,10145,7587,0
27560,dia 19 - Soja Heterodera Vaso 8,19.0,8.0,113.41,2831.0,32.9,88.77,16113,11426,7579,3793,10132,7537,0
27561,dia 19 - Soja Heterodera Vaso 8,19.0,8.0,113.66,2811.0,32.9,88.79,16111,11425,7577,3801,10132,7578,0
27562,dia 19 - Soja Heterodera Vaso 8,19.0,8.0,113.9,2825.0,32.9,88.79,16108,11387,7574,3911,10129,7575,0
27563,dia 19 - Soja Heterodera Vaso 8,19.0,8.0,114.14,2826.0,32.9,88.78,16087,11311,7562,3819,10110,7558,0
27564,dia 19 - Soja Heterodera Vaso 8,19.0,8.0,114.38,2826.0,32.9,88.78,16045,11340,7535,4880,10092,7543,0
27565,dia 19 - Soja Heterodera Vaso 8,19.0,8.0,114.63,2826.0,32.9,88.79,16043,11331,7465,5156,10074,7495,0
27566,dia 19 - Soja Heterodera Vaso 8,19.0,8.0,114.92,2821.0,32.9,88.82,15991,11397,7053,5693,10092,7191,0
27567,dia 19 - Soja Heterodera Vaso 8,19.0,8.0,115.22,2831.0,32.9,88.94,9886,17321,132,2966,19639,7540,0
27568,dia 19 - Soja Heterodera Vaso 8,19.0,8.0,115.51,2830.0,32.9,89.01,9878,17311,133,2968,19626,7534,0
27569,dia 19 - Soja Heterodera Vaso 8,19.0,8.0,115.81,2858.0,32.9,88.93,9874,17308,132,2966,19624,7533,0
27570,dia 19 - Soja Heterodera Vaso 8,19.0,8.0,116.1,2849.0,32.9,88.67,9879,17322,133,2973,19637,7532,0
27571,dia 19 - Soja Heterodera Vaso 8,19.0,8.0,116.36,2832.0,32.9,88.36,9882,17328,132,2975,19647,7535,0
27572,dia 19 - Soja Heterodera Vaso 8,19.0,8.0,116.74,2827.0,32.9,88.0,9881,17331,133,2973,19650,7535,0
27573,dia 19 - Soja Heterodera Vaso 8,19.0,8.0,117.0,2840.0,32.9,87.69,9879,17308,132,2975,19522,7537,0
27574,dia 19 - Soja Heterodera Vaso 8,19.0,8.0,117.27,2848.0,32.9,87.37,9883,17315,132,2971,19653,7538,0
27575,dia 19 - Soja Heterodera Vaso 8,19.0,8.0,117.53,2833.0,32.9,87.17,9823,17340,133,2972,19657,7539,0
27576,dia 19 - Soja Heterodera Vaso 8,19.0,8.0,117.79,2827.0,32.9,86.9,9881,17341,131,2975,19663,7541,0
27577,dia 19 - Soja Heterodera Vaso 8,19.0,8.0,118.06,2843.0,32.9,86.7,9869,17325,132,2973,19643,7534,0
27578,dia 19 - Soja Heterodera Vaso 8,19.0,8.0,118.37,2849.0,32.9,86.42,9867,17323,132,2971,19640,7535,0
27579,dia 19 - Soja Heterodera Vaso 8,19.0,8.0,118.7,2840.0,32.9,86.17,9866,17331,132,2962,19663,7545,0
27580,dia 19 - Soja Heterodera Vaso 8,19.0,8.0,119.0,2859.0,32.9,85.98,9865,17317,132,2965,19656,7541,0
27581,dia 19 - Soja Heterodera Vaso 8,19.0,8.0,119.32,2899.0,32.9,85.8,9861,17318,131,2962,19657,7541,0
27582,dia 19 - Soja Heterodera Vaso 8,19.0,8.0,119.58,2844.0,32.9,85.69,9806,17335,132,2956,19676,7549,0
27583,dia 19 - Soja Heterodera Vaso 8,19.0,8.0,119.84,2838.0,32.9,85.7,9874,17346,132,2959,19689,7554,0
27584,dia 19 - Soja Heterodera Vaso 8,19.0,8.0,120.09,2835.0,32.9,85.57,9859,17323,130,2959,19661,7545,0
27585,dia 19 - Soja Heterodera Vaso 8,19.0,8.0,120.34,2844.0,32.9,85.36,9861,17333,131,2957,19674,7549,0
27586,dia 19 - Soja Heterodera Vaso 8,19.0,8.0,120.6,2833.0,32.9,85.14,9861,17335,130,2956,19677,7550,0
27587,dia 19 - Soja Heterodera Vaso 8,19.0,8.0,120.86,2846.0,32.9,84.96,9861,17338,131,2955,19679,7551,0
27588,dia 19 - Soja Heterodera Vaso 8,19.0,8.0,121.11,2883.0,32.9,84.84,9789,17327,131,2953,19664,7547,0
27589,dia 19 - Soja Heterodera Vaso 8,19.0,8.0,121.41,2841.0,32.9,84.66,9854,17223,131,2947,19670,7550,0
27590,dia 19 - Soja Heterodera Vaso 8,19.0,8.0,121.71,2852.0,32.9,84.55,9853,17302,130,2945,19655,7551,0
27591,dia 19 - Soja Heterodera Vaso 8,19.0,8.0,122.0,2838.0,32.9,84.36,9853,17335,130,2943,19675,7552,0
27592,dia 19 - Soja Heterodera Vaso 8,19.0,8.0,122.31,2834.0,32.9,84.2,9850,17335,130,2942,19675,7542,0
27593,dia 19 - Soja Heterodera Vaso 8,19.0,8.0,122.63,2826.0,32.9,84.05,9862,17358,131,2935,19700,7515,0
27594,dia 19 - Soja Heterodera Vaso 8,19.0,8.0,122.89,2820.0,32.9,83.92,9862,17370,130,2937,19724,7572,0
27595,dia 19 - Soja Heterodera Vaso 8,19.0,8.0,123.15,2880.0,32.9,83.8,9857,17260,131,2935,19706,7565,0
27596,dia 19 - Soja Heterodera Vaso 8,19.0,8.0,123.41,2837.0,32.9,83.71,9859,17360,130,2931,19706,7564,0
27597,dia 19 - Soja Heterodera Vaso 8,19.0,8.0,123.67,2831.0,32.9,83.59,9836,17350,129,2932,19709,7567,0
27598,dia 19 - Soja Heterodera Vaso 8,19.0,8.0,123.94,2828.0,32.9,83.5,9860,17369,130,2931,19715,7569,0
27599,dia 19 - Soja Heterodera Vaso 8,19.0,8.0,124.2,2814.0,32.9,83.43,9856,17360,130,2926,19693,7561,0
27600,dia 19 - Soja Heterodera Vaso 8,19.0,8.0,124.48,2804.0,32.9,83.34,9850,17251,129,2926,19700,7563,0
27601,dia 19 - Soja Heterodera Vaso 8,19.0,8.0,124.79,2826.0,32.9,83.25,9850,17250,130,2924,19716,7564,0
27602,dia 19 - Soja Heterodera Vaso 8,19.0,8.0,125.05,2831.0,32.9,83.16,9850,17360,130,2923,19707,7566,0
27603,dia 19 - Soja Heterodera Vaso 8,19.0,8.0,125.33,2835.0,32.9,83.09,9851,17363,129,2920,19709,7566,0
27604,dia 19 - Soja Heterodera Vaso 8,19.0,8.0,125.65,2846.0,32.9,83.02,9849,17363,129,2917,19727,7576,0
27605,dia 19 - Soja Heterodera Vaso 8,19.0,8.0,125.91,2856.0,32.9,82.98,9862,17386,129,2918,19617,7577,0
27606,dia 19 - Soja Heterodera Vaso 8,19.0,8.0,126.17,2781.0,32.9,83.21,9751,17199,128,2911,19526,7492,0
27607,dia 19 - Soja Heterodera Vaso 8,19.0,8.0,126.43,2785.0,32.9,83.94,9743,17090,128,2912,19526,7482,0
27608,dia 19 - Soja Heterodera Vaso 8,19.0,8.0,126.68,2808.0,32.9,84.54,9736,17195,128,2914,19522,7471,0
27609,dia 19 - Soja Heterodera Vaso 8,19.0,8.0,126.93,2779.0,32.9,85.0,9724,17187,128,2916,19443,7460,0
27610,dia 19 - Soja Heterodera Vaso 8,19.0,8.0,127.19,2780.0,32.9,85.38,15366,12219,6408,7219,10089,6743,0
27611,dia 19 - Soja Heterodera Vaso 8,19.0,8.0,127.48,2776.0,32.9,86.02,15880,11303,7412,4083,10029,7406,0
27612,dia 19 - Soja Heterodera Vaso 8,19.0,8.0,127.78,2801.0,32.9,86.96,15888,11292,7355,3778,10040,7403,0
27613,dia 19 - Soja Heterodera Vaso 8,19.0,8.0,128.04,2792.0,32.9,87.75,15887,11292,7394,3704,10042,7394,0
27614,dia 19 - Soja Heterodera Vaso 8,19.0,8.0,128.35,2810.0,32.9,88.62,15899,11312,7390,3721,10064,7391,0
27615,dia 19 - Soja Heterodera Vaso 8,19.0,8.0,128.65,2793.0,32.9,89.4,15903,11347,7382,3742,10105,7392,0
27616,dia 19 - Soja Heterodera Vaso 8,19.0,8.0,128.91,2799.0,32.9,90.04,15932,11368,7388,3671,10110,7388,0
27617,dia 19 - Soja Heterodera Vaso 8,19.0,8.0,129.17,2795.0,32.9,90.63,15915,11357,7381,3697,10113,7375,0
27618,dia 19 - Soja Heterodera Vaso 8,19.0,8.0,129.44,2789.0,32.9,91.17,15915,11403,7370,3669,10147,7369,0
27619,dia 19 - Soja Heterodera Vaso 8,19.0,8.0,129.7,2806.0,32.9,91.65,15911,11375,7360,3586,10113,7362,0
27620,dia 19 - Soja Heterodera Vaso 8,19.0,8.0,129.96,2758.0,32.9,92.07,15909,11368,7353,3539,10150,7354,0
27621,dia 19 - Soja Heterodera Vaso 8,19.0,8.0,130.23,2792.0,32.9,92.44,15873,11399,7346,3554,10195,7349,0
27622,dia 19 - Soja Heterodera Vaso 8,19.0,8.0,130.49,2789.0,32.9,92.73,15910,11439,7341,3573,10207,7341,0
27623,dia 19 - Soja Heterodera Vaso 8,19.0,8.0,130.75,2788.0,32.9,92.97,15886,11421,7307,3578,10200,7326,0
27624,dia 19 - Soja Heterodera Vaso 8,19.0,8.0,131.04,2788.0,32.9,93.18,15778,11436,7319,3564,10211,7319,0
27625,dia 19 - Soja Heterodera Vaso 8,19.0,8.0,131.34,2781.0,32.9,93.32,15877,11403,7312,6068,10242,7311,0
27626,dia 19 - Soja Heterodera Vaso 8,19.0,8.0,131.63,2797.0,32.9,93.45,15876,11464,7275,3907,10244,7258,0
27627,dia 19 - Soja Heterodera Vaso 8,19.0,8.0,132.04,2788.0,32.9,93.56,15872,11616,7296,4647,10425,7220,0
27628,dia 19 - Soja Heterodera Vaso 8,19.0,8.0,132.36,2788.0,32.9,93.6,15043,11582,7048,5200,10507,7214,0
27629,dia 19 - Soja Heterodera Vaso 8,19.0,8.0,132.62,2802.0,32.9,93.63,15896,11581,7295,5142,10473,7226,0
27630,dia 19 - Soja Heterodera Vaso 8,19.0,8.0,132.87,2785.0,33.0,93.64,15805,11602,7291,3980,10354,7245,0
27631,dia 19 - Soja Heterodera Vaso 8,19.0,8.0,133.12,2771.0,32.9,93.66,15896,11622,7288,4978,10497,7259,0
27632,dia 19 - Soja Heterodera Vaso 8,19.0,8.0,133.38,2782.0,32.9,93.67,15898,11600,7286,4898,10420,7247,0
27633,dia 19 - Soja Heterodera Vaso 8,19.0,8.0,133.63,2766.0,33.0,93.67,15800,11629,7283,4582,10447,7221,0
27634,dia 19 - Soja Heterodera Vaso 8,19.0,8.0,133.9,2775.0,32.9,93.68,15893,11603,7274,4326,10360,7263,0
27635,dia 19 - Soja Heterodera Vaso 8,19.0,8.0,134.19,2798.0,32.9,93.68,15900,11525,7272,4502,10314,7227,0
27636,dia 19 - Soja Heterodera Vaso 8,19.0,8.0,134.52,2783.0,32.9,93.69,15876,11514,7270,5113,10372,7271,0
27637,dia 19 - Soja Heterodera Vaso 8,19.0,8.0,134.8,2758.0,33.0,93.69,15912,11587,7268,6236,10379,7226,0
27638,dia 19 - Soja Heterodera Vaso 8,19.0,8.0,135.1,2804.0,32.9,93.69,15919,11547,7267,4127,10376,7268,0
27639,dia 19 - Soja Heterodera Vaso 8,19.0,8.0,135.41,2787.0,33.0,93.69,15937,11561,7276,5742,10312,7275,0
27640,dia 19 - Soja Heterodera Vaso 8,19.0,8.0,135.67,2798.0,33.0,93.69,15962,11580,7280,4228,10377,7281,0
27641,dia 19 - Soja Heterodera Vaso 8,19.0,8.0,135.93,2835.0,32.9,93.7,15950,11596,7273,6436,10391,7269,0
27642,dia 19 - Soja Heterodera Vaso 8,19.0,8.0,136.19,2767.0,33.0,93.7,15954,11599,7273,4669,10385,7272,0
27643,dia 19 - Soja Heterodera Vaso 8,19.0,8.0,136.45,2781.0,33.0,93.7,15959,11544,7272,4590,10353,7228,0
27644,dia 19 - Soja Heterodera Vaso 8,19.0,8.0,136.72,2776.0,33.0,93.7,15964,11582,7269,5368,10338,7271,0
27645,dia 19 - Soja Heterodera Vaso 8,19.0,8.0,136.98,2801.0,33.0,93.7,15968,11557,7272,6572,10431,7272,0
27646,dia 19 - Soja Heterodera Vaso 8,19.0,8.0,137.25,2867.0,33.0,93.7,15954,11644,7263,5596,10463,7159,0
27647,dia 19 - Soja Heterodera Vaso 8,19.0,8.0,137.53,2780.0,33.0,93.71,15958,11630,7264,6112,10437,7244,0
27648,dia 19 - Soja Heterodera Vaso 8,19.0,8.0,137.84,2780.0,33.0,93.7,15966,11590,7264,4940,10371,7265,0
27649,dia 19 - Soja Heterodera Vaso 8,19.0,8.0,138.13,2775.0,33.0,93.7,15972,11583,7265,4887,10363,7265,0
27650,dia 19 - Soja Heterodera Vaso 8,19.0,8.0,138.42,2812.0,33.0,93.7,15875,11587,7266,4921,10388,7266,0
27651,dia 19 - Soja Heterodera Vaso 8,19.0,8.0,138.71,2794.0,33.0,93.7,16001,11664,7275,4122,10456,7227,0
27652,dia 19 - Soja Heterodera Vaso 8,19.0,8.0,138.97,2821.0,33.0,93.7,16009,11613,7276,4344,10416,7278,0
27653,dia 19 - Soja Heterodera Vaso 8,19.0,8.0,139.23,2839.0,33.0,93.7,15908,11645,7275,4390,10463,7276,0
27654,dia 19 - Soja Heterodera Vaso 8,19.0,8.0,139.49,2798.0,33.0,93.7,16013,13044,7276,7692,10611,7185,0
27655,dia 19 - Soja Heterodera Vaso 8,19.0,8.0,139.74,2786.0,33.0,93.7,16019,11593,7277,5398,10501,7224,0
27656,dia 19 - Soja Heterodera Vaso 8,19.0,8.0,139.99,2796.0,33.0,93.7,16021,11698,7278,4586,10555,7203,0
27657,dia 19 - Soja Heterodera Vaso 8,19.0,8.0,140.25,2827.0,33.0,93.7,16012,11600,7272,4962,10508,7210,0
29050,dia 19 - Soja Heterodera Vaso 9,19.0,9.0,107.16,2844.0,32.8,88.8,16264,11510,7677,3712,10217,7636,0
29051,dia 19 - Soja Heterodera Vaso 9,19.0,9.0,107.42,2846.0,32.8,88.8,16259,11503,7669,3654,10206,7674,0
29052,dia 19 - Soja Heterodera Vaso 9,19.0,9.0,107.68,2865.0,32.8,88.8,16252,11501,7666,3714,10204,7629,0
29053,dia 19 - Soja Heterodera Vaso 9,19.0,9.0,107.93,2795.0,32.8,88.8,16250,11497,7664,3719,10199,7665,0
29054,dia 19 - Soja Heterodera Vaso 9,19.0,9.0,108.17,2839.0,32.8,88.8,16238,11485,7660,3735,10193,7664,0
29055,dia 19 - Soja Heterodera Vaso 9,19.0,9.0,108.43,2819.0,32.8,88.8,16214,11479,7652,3705,10185,7652,0
29056,dia 19 - Soja Heterodera Vaso 9,19.0,9.0,108.72,2852.0,32.8,88.8,16145,11472,7647,3725,10184,7648,0
29057,dia 19 - Soja Heterodera Vaso 9,19.0,9.0,109.02,2829.0,32.8,88.79,16208,11405,7643,3756,10185,7644,0
29058,dia 19 - Soja Heterodera Vaso 9,19.0,9.0,109.31,2841.0,32.8,88.79,16203,11469,7640,3726,10180,7594,0
29059,dia 19 - Soja Heterodera Vaso 9,19.0,9.0,109.61,2845.0,32.8,88.78,16197,11466,7636,3726,10179,7637,0
29060,dia 19 - Soja Heterodera Vaso 9,19.0,9.0,109.92,2813.0,32.8,88.78,16212,11482,7641,3717,10186,7642,0
29061,dia 19 - Soja Heterodera Vaso 9,19.0,9.0,110.17,2855.0,32.8,88.78,16206,11473,7593,3703,10184,7647,0
29062,dia 19 - Soja Heterodera Vaso 9,19.0,9.0,110.42,2828.0,32.8,88.79,16201,11468,7634,3709,10173,7634,0
29063,dia 19 - Soja Heterodera Vaso 9,19.0,9.0,110.67,2850.0,32.8,88.79,16085,11465,7632,3752,10165,7628,0
29064,dia 19 - Soja Heterodera Vaso 9,19.0,9.0,110.92,2843.0,32.8,88.79,16181,11454,7623,3759,10161,7617,0
29065,dia 19 - Soja Heterodera Vaso 9,19.0,9.0,111.18,2828.0,32.8,88.79,16073,11444,7620,3733,10157,7619,0
29066,dia 19 - Soja Heterodera Vaso 9,19.0,9.0,111.43,2830.0,32.8,88.79,16166,11458,7616,3667,10159,7615,0
29067,dia 19 - Soja Heterodera Vaso 9,19.0,9.0,111.68,2847.0,32.9,88.78,16159,11379,7609,3785,10144,7602,0
29068,dia 19 - Soja Heterodera Vaso 9,19.0,9.0,111.96,2861.0,32.9,88.77,16136,11435,7597,3732,10144,7599,0
29069,dia 19 - Soja Heterodera Vaso 9,19.0,9.0,112.27,2809.0,32.9,88.77,16131,11437,7594,3708,10145,7595,0
29070,dia 19 - Soja Heterodera Vaso 9,19.0,9.0,112.56,2836.0,32.9,88.77,16125,11436,7590,3670,10142,7591,0
29071,dia 19 - Soja Heterodera Vaso 9,19.0,9.0,112.85,2854.0,32.9,88.77,16121,11432,7587,3718,10140,7587,0
29072,dia 19 - Soja Heterodera Vaso 9,19.0,9.0,113.16,2833.0,32.9,88.78,16105,11420,7578,3736,10145,7587,0
29073,dia 19 - Soja Heterodera Vaso 9,19.0,9.0,113.41,2831.0,32.9,88.77,16113,11426,7579,3793,10132,7537,0
29074,dia 19 - Soja Heterodera Vaso 9,19.0,9.0,113.66,2811.0,32.9,88.79,16111,11425,7577,3801,10132,7578,0
29075,dia 19 - Soja Heterodera Vaso 9,19.0,9.0,113.9,2825.0,32.9,88.79,16108,11387,7574,3911,10129,7575,0
29076,dia 19 - Soja Heterodera Vaso 9,19.0,9.0,114.14,2826.0,32.9,88.78,16087,11311,7562,3819,10110,7558,0
29077,dia 19 - Soja Heterodera Vaso 9,19.0,9.0,114.38,2826.0,32.9,88.78,16045,11340,7535,4880,10092,7543,0
29078,dia 19 - Soja Heterodera Vaso 9,19.0,9.0,114.63,2826.0,32.9,88.79,16043,11331,7465,5156,10074,7495,0
29079,dia 19 - Soja Heterodera Vaso 9,19.0,9.0,114.92,2821.0,32.9,88.82,15991,11397,7053,5693,10092,7191,0
29080,dia 19 - Soja Heterodera Vaso 9,19.0,9.0,115.22,2831.0,32.9,88.94,9886,17321,132,2966,19639,7540,0
29081,dia 19 - Soja Heterodera Vaso 9,19.0,9.0,115.51,2830.0,32.9,89.01,9878,17311,133,2968,19626,7534,0
29082,dia 19 - Soja Heterodera Vaso 9,19.0,9.0,115.81,2858.0,32.9,88.93,9874,17308,132,2966,19624,7533,0
29083,dia 19 - Soja Heterodera Vaso 9,19.0,9.0,116.1,2849.0,32.9,88.67,9879,17322,133,2973,19637,7532,0
29084,dia 19 - Soja Heterodera Vaso 9,19.0,9.0,116.36,2832.0,32.9,88.36,9882,17328,132,2975,19647,7535,0
29085,dia 19 - Soja Heterodera Vaso 9,19.0,9.0,116.74,2827.0,32.9,88.0,9881,17331,133,2973,19650,7535,0
29086,dia 19 - Soja Heterodera Vaso 9,19.0,9.0,117.0,2840.0,32.9,87.69,9879,17308,132,2975,19522,7537,0
29087,dia 19 - Soja Heterodera Vaso 9,19.0,9.0,117.27,2848.0,32.9,87.37,9883,17315,132,2971,19653,7538,0
29088,dia 19 - Soja Heterodera Vaso 9,19.0,9.0,117.53,2833.0,32.9,87.17,9823,17340,133,2972,19657,7539,0
29089,dia 19 - Soja Heterodera Vaso 9,19.0,9.0,117.79,2827.0,32.9,86.9,9881,17341,131,2975,19663,7541,0
29090,dia 19 - Soja Heterodera Vaso 9,19.0,9.0,118.06,2843.0,32.9,86.7,9869,17325,132,2973,19643,7534,0
29091,dia 19 - Soja Heterodera Vaso 9,19.0,9.0,118.37,2849.0,32.9,86.42,9867,17323,132,2971,19640,7535,0
29092,dia 19 - Soja Heterodera Vaso 9,19.0,9.0,118.7,2840.0,32.9,86.17,9866,17331,132,2962,19663,7545,0
29093,dia 19 - Soja Heterodera Vaso 9,19.0,9.0,119.0,2859.0,32.9,85.98,9865,17317,132,2965,19656,7541,0
29094,dia 19 - Soja Heterodera Vaso 9,19.0,9.0,119.32,2899.0,32.9,85.8,9861,17318,131,2962,19657,7541,0
29095,dia 19 - Soja Heterodera Vaso 9,19.0,9.0,119.58,2844.0,32.9,85.69,9806,17335,132,2956,19676,7549,0
29096,dia 19 - Soja Heterodera Vaso 9,19.0,9.0,119.84,2838.0,32.9,85.7,9874,17346,132,2959,19689,7554,0
29097,dia 19 - Soja Heterodera Vaso 9,19.0,9.0,120.09,2835.0,32.9,85.57,9859,17323,130,2959,19661,7545,0
29098,dia 19 - Soja Heterodera Vaso 9,19.0,9.0,120.34,2844.0,32.9,85.36,9861,17333,131,2957,19674,7549,0
29099,dia 19 - Soja Heterodera Vaso 9,19.0,9.0,120.6,2833.0,32.9,85.14,9861,17335,130,2956,19677,7550,0
29100,dia 19 - Soja Heterodera Vaso 9,19.0,9.0,120.86,2846.0,32.9,84.96,9861,17338,131,2955,19679,7551,0
29101,dia 19 - Soja Heterodera Vaso 9,19.0,9.0,121.11,2883.0,32.9,84.84,9789,17327,131,2953,19664,7547,0
29102,dia 19 - Soja Heterodera Vaso 9,19.0,9.0,121.41,2841.0,32.9,84.66,9854,17223,131,2947,19670,7550,0
29103,dia 19 - Soja Heterodera Vaso 9,19.0,9.0,121.71,2852.0,32.9,84.55,9853,17302,130,2945,19655,7551,0
29104,dia 19 - Soja Heterodera Vaso 9,19.0,9.0,122.0,2838.0,32.9,84.36,9853,17335,130,2943,19675,7552,0
29105,dia 19 - Soja Heterodera Vaso 9,19.0,9.0,122.31,2834.0,32.9,84.2,9850,17335,130,2942,19675,7542,0
29106,dia 19 - Soja Heterodera Vaso 9,19.0,9.0,122.63,2826.0,32.9,84.05,9862,17358,131,2935,19700,7515,0
29107,dia 19 - Soja Heterodera Vaso 9,19.0,9.0,122.89,2820.0,32.9,83.92,9862,17370,130,2937,19724,7572,0
29108,dia 19 - Soja Heterodera Vaso 9,19.0,9.0,123.15,2880.0,32.9,83.8,9857,17260,131,2935,19706,7565,0
29109,dia 19 - Soja Heterodera Vaso 9,19.0,9.0,123.41,2837.0,32.9,83.71,9859,17360,130,2931,19706,7564,0
29110,dia 19 - Soja Heterodera Vaso 9,19.0,9.0,123.67,2831.0,32.9,83.59,9836,17350,129,2932,19709,7567,0
29111,dia 19 - Soja Heterodera Vaso 9,19.0,9.0,123.94,2828.0,32.9,83.5,9860,17369,130,2931,19715,7569,0
29112,dia 19 - Soja Heterodera Vaso 9,19.0,9.0,124.2,2814.0,32.9,83.43,9856,17360,130,2926,19693,7561,0
29113,dia 19 - Soja Heterodera Vaso 9,19.0,9.0,124.48,2804.0,32.9,83.34,9850,17251,129,2926,19700,7563,0
29114,dia 19 - Soja Heterodera Vaso 9,19.0,9.0,124.79,2826.0,32.9,83.25,9850,17250,130,2924,19716,7564,0
29115,dia 19 - Soja Heterodera Vaso 9,19.0,9.0,125.05,2831.0,32.9,83.16,9850,17360,130,2923,19707,7566,0
29116,dia 19 - Soja Heterodera Vaso 9,19.0,9.0,125.33,2835.0,32.9,83.09,9851,17363,129,2920,19709,7566,0
29117,dia 19 - Soja Heterodera Vaso 9,19.0,9.0,125.65,2846.0,32.9,83.02,9849,17363,129,2917,19727,7576,0
29118,dia 19 - Soja Heterodera Vaso 9,19.0,9.0,125.91,2856.0,32.9,82.98,9862,17386,129,2918,19617,7577,0
29119,dia 19 - Soja Heterodera Vaso 9,19.0,9.0,126.17,2781.0,32.9,83.21,9751,17199,128,2911,19526,7492,0
29120,dia 19 - Soja Heterodera Vaso 9,19.0,9.0,126.43,2785.0,32.9,83.94,9743,17090,128,2912,19526,7482,0
29121,dia 19 - Soja Heterodera Vaso 9,19.0,9.0,126.68,2808.0,32.9,84.54,9736,17195,128,2914,19522,7471,0
29122,dia 19 - Soja Heterodera Vaso 9,19.0,9.0,126.93,2779.0,32.9,85.0,9724,17187,128,2916,19443,7460,0
29123,dia 19 - Soja Heterodera Vaso 9,19.0,9.0,127.19,2780.0,32.9,85.38,15366,12219,6408,7219,10089,6743,0
29124,dia 19 - Soja Heterodera Vaso 9,19.0,9.0,127.48,2776.0,32.9,86.02,15880,11303,7412,4083,10029,7406,0
29125,dia 19 - Soja Heterodera Vaso 9,19.0,9.0,127.78,2801.0,32.9,86.96,15888,11292,7355,3778,10040,7403,0
29126,dia 19 - Soja Heterodera Vaso 9,19.0,9.0,128.04,2792.0,32.9,87.75,15887,11292,7394,3704,10042,7394,0
29127,dia 19 - Soja Heterodera Vaso 9,19.0,9.0,128.35,2810.0,32.9,88.62,15899,11312,7390,3721,10064,7391,0
29128,dia 19 - Soja Heterodera Vaso 9,19.0,9.0,128.65,2793.0,32.9,89.4,15903,11347,7382,3742,10105,7392,0
29129,dia 19 - Soja Heterodera Vaso 9,19.0,9.0,128.91,2799.0,32.9,90.04,15932,11368,7388,3671,10110,7388,0
29130,dia 19 - Soja Heterodera Vaso 9,19.0,9.0,129.17,2795.0,32.9,90.63,15915,11357,7381,3697,10113,7375,0
29131,dia 19 - Soja Heterodera Vaso 9,19.0,9.0,129.44,2789.0,32.9,91.17,15915,11403,7370,3669,10147,7369,0
29132,dia 19 - Soja Heterodera Vaso 9,19.0,9.0,129.7,2806.0,32.9,91.65,15911,11375,7360,3586,10113,7362,0
29133,dia 19 - Soja Heterodera Vaso 9,19.0,9.0,129.96,2758.0,32.9,92.07,15909,11368,7353,3539,10150,7354,0
29134,dia 19 - Soja Heterodera Vaso 9,19.0,9.0,130.23,2792.0,32.9,92.44,15873,11399,7346,3554,10195,7349,0
29135,dia 19 - Soja Heterodera Vaso 9,19.0,9.0,130.49,2789.0,32.9,92.73,15910,11439,7341,3573,10207,7341,0
29136,dia 19 - Soja Heterodera Vaso 9,19.0,9.0,130.75,2788.0,32.9,92.97,15886,11421,7307,3578,10200,7326,0
29137,dia 19 - Soja Heterodera Vaso 9,19.0,9.0,131.04,2788.0,32.9,93.18,15778,11436,7319,3564,10211,7319,0
29138,dia 19 - Soja Heterodera Vaso 9,19.0,9.0,131.34,2781.0,32.9,93.32,15877,11403,7312,6068,10242,7311,0
29139,dia 19 - Soja Heterodera Vaso 9,19.0,9.0,131.63,2797.0,32.9,93.45,15876,11464,7275,3907,10244,7258,0
29140,dia 19 - Soja Heterodera Vaso 9,19.0,9.0,132.04,2788.0,32.9,93.56,15872,11616,7296,4647,10425,7220,0
29141,dia 19 - Soja Heterodera Vaso 9,19.0,9.0,132.36,2788.0,32.9,93.6,15043,11582,7048,5200,10507,7214,0
29142,dia 19 - Soja Heterodera Vaso 9,19.0,9.0,132.62,2802.0,32.9,93.63,15896,11581,7295,5142,10473,7226,0
29143,dia 19 - Soja Heterodera Vaso 9,19.0,9.0,132.87,2785.0,33.0,93.64,15805,11602,7291,3980,10354,7245,0
29144,dia 19 - Soja Heterodera Vaso 9,19.0,9.0,133.12,2771.0,32.9,93.66,15896,11622,7288,4978,10497,7259,0
29145,dia 19 - Soja Heterodera Vaso 9,19.0,9.0,133.38,2782.0,32.9,93.67,15898,11600,7286,4898,10420,7247,0
29146,dia 19 - Soja Heterodera Vaso 9,19.0,9.0,133.63,2766.0,33.0,93.67,15800,11629,7283,4582,10447,7221,0
29147,dia 19 - Soja Heterodera Vaso 9,19.0,9.0,133.9,2775.0,32.9,93.68,15893,11603,7274,4326,10360,7263,0
29148,dia 19 - Soja Heterodera Vaso 9,19.0,9.0,134.19,2798.0,32.9,93.68,15900,11525,7272,4502,10314,7227,0
29149,dia 19 - Soja Heterodera Vaso 9,19.0,9.0,134.52,2783.0,32.9,93.69,15876,11514,7270,5113,10372,7271,0
29150,dia 19 - Soja Heterodera Vaso 9,19.0,9.0,134.8,2758.0,33.0,93.69,15912,11587,7268,6236,10379,7226,0
29151,dia 19 - Soja Heterodera Vaso 9,19.0,9.0,135.1,2804.0,32.9,93.69,15919,11547,7267,4127,10376,7268,0
29152,dia 19 - Soja Heterodera Vaso 9,19.0,9.0,135.41,2787.0,33.0,93.69,15937,11561,7276,5742,10312,7275,0
29153,dia 19 - Soja Heterodera Vaso 9,19.0,9.0,135.67,2798.0,33.0,93.69,15962,11580,7280,4228,10377,7281,0
29154,dia 19 - Soja Heterodera Vaso 9,19.0,9.0,135.93,2835.0,32.9,93.7,15950,11596,7273,6436,10391,7269,0
29155,dia 19 - Soja Heterodera Vaso 9,19.0,9.0,136.19,2767.0,33.0,93.7,15954,11599,7273,4669,10385,7272,0
29156,dia 19 - Soja Heterodera Vaso 9,19.0,9.0,136.45,2781.0,33.0,93.7,15959,11544,7272,4590,10353,7228,0
29157,dia 19 - Soja Heterodera Vaso 9,19.0,9.0,136.72,2776.0,33.0,93.7,15964,11582,7269,5368,10338,7271,0
29158,dia 19 - Soja Heterodera Vaso 9,19.0,9.0,136.98,2801.0,33.0,93.7,15968,11557,7272,6572,10431,7272,0
29159,dia 19 - Soja Heterodera Vaso 9,19.0,9.0,137.25,2867.0,33.0,93.7,15954,11644,7263,5596,10463,7159,0
29160,dia 19 - Soja Heterodera Vaso 9,19.0,9.0,137.53,2780.0,33.0,93.71,15958,11630,7264,6112,10437,7244,0
29161,dia 19 - Soja Heterodera Vaso 9,19.0,9.0,137.84,2780.0,33.0,93.7,15966,11590,7264,4940,10371,7265,0
29162,dia 19 - Soja Heterodera Vaso 9,19.0,9.0,138.13,2775.0,33.0,93.7,15972,11583,7265,4887,10363,7265,0
29163,dia 19 - Soja Heterodera Vaso 9,19.0,9.0,138.42,2812.0,33.0,93.7,15875,11587,7266,4921,10388,7266,0
29164,dia 19 - Soja Heterodera Vaso 9,19.0,9.0,138.71,2794.0,33.0,93.7,16001,11664,7275,4122,10456,7227,0
29165,dia 19 - Soja Heterodera Vaso 9,19.0,9.0,138.97,2821.0,33.0,93.7,16009,11613,7276,4344,10416,7278,0
29166,dia 19 - Soja Heterodera Vaso 9,19.0,9.0,139.23,2839.0,33.0,93.7,15908,11645,7275,4390,10463,7276,0
29167,dia 19 - Soja Heterodera Vaso 9,19.0,9.0,139.49,2798.0,33.0,93.7,16013,13044,7276,7692,10611,7185,0
29168,dia 19 - Soja Heterodera Vaso 9,19.0,9.0,139.74,2786.0,33.0,93.7,16019,11593,7277,5398,10501,7224,0
29169,dia 19 - Soja Heterodera Vaso 9,19.0,9.0,139.99,2796.0,33.0,93.7,16021,11698,7278,4586,10555,7203,0
29170,dia 19 - Soja Heterodera Vaso 9,19.0,9.0,140.25,2827.0,33.0,93.7,16012,11600,7272,4962,10508,7210,0
30493,dia 19 - Soja Heterodera Vaso 1,19.0,1.0,82.36,2398.0,33.9,84.51,9884,17239,104,2633,19594,7570,0
30494,dia 19 - Soja Heterodera Vaso 1,19.0,1.0,82.62,2412.0,33.9,84.39,9972,17286,105,2636,19645,7577,0
30495,dia 19 - Soja Heterodera Vaso 1,19.0,1.0,82.89,2437.0,33.9,84.13,9976,17301,104,2633,19671,7567,0
30496,dia 19 - Soja Heterodera Vaso 1,19.0,1.0,83.16,2382.0,33.9,83.84,9976,17308,104,2633,19539,7572,0
30497,dia 19 - Soja Heterodera Vaso 1,19.0,1.0,84.56,2408.0,33.9,82.67,9963,17308,105,2616,19662,7548,0
30498,dia 19 - Soja Heterodera Vaso 1,19.0,1.0,84.88,2414.0,33.9,82.43,9962,17310,104,2615,19662,7545,0
30499,dia 19 - Soja Heterodera Vaso 1,19.0,1.0,85.22,2401.0,33.9,82.18,9900,17309,105,2614,19660,7541,0
30500,dia 19 - Soja Heterodera Vaso 1,19.0,1.0,85.52,2379.0,33.9,81.96,9918,17315,105,2611,19666,7541,0
30501,dia 19 - Soja Heterodera Vaso 1,19.0,1.0,85.82,2415.0,33.9,81.75,9971,17204,104,2613,19669,7541,0
30502,dia 19 - Soja Heterodera Vaso 1,19.0,1.0,86.15,2430.0,33.9,81.57,9963,17311,103,2611,19661,7536,0
30503,dia 19 - Soja Heterodera Vaso 1,19.0,1.0,86.44,2380.0,33.9,81.58,9967,17196,104,2609,19657,7530,0
30504,dia 19 - Soja Heterodera Vaso 1,19.0,1.0,86.7,2340.0,33.9,81.47,9843,17101,103,2606,19418,7437,0
30505,dia 19 - Soja Heterodera Vaso 1,19.0,1.0,86.96,2324.0,33.9,82.14,9829,17091,101,2604,19405,7421,0
30506,dia 19 - Soja Heterodera Vaso 1,19.0,1.0,87.22,2336.0,33.9,82.81,9827,17101,102,2603,19416,7413,0
30507,dia 19 - Soja Heterodera Vaso 1,19.0,1.0,87.48,2372.0,33.9,83.42,9829,17113,102,2602,19428,7405,0
30508,dia 19 - Soja Heterodera Vaso 1,19.0,1.0,87.74,2340.0,33.9,83.99,9833,17119,103,2601,19445,7398,0
30509,dia 19 - Soja Heterodera Vaso 1,19.0,1.0,88.04,2318.0,33.9,84.61,9817,17108,103,2603,19418,7382,0
30510,dia 19 - Soja Heterodera Vaso 1,19.0,1.0,88.37,2327.0,33.9,85.34,9821,17117,101,2605,19287,7374,0
30511,dia 19 - Soja Heterodera Vaso 1,19.0,1.0,88.7,2340.0,33.9,85.96,9821,17120,101,2603,19426,7366,0
30512,dia 19 - Soja Heterodera Vaso 1,19.0,1.0,89.01,2324.0,33.9,86.32,9759,17139,102,2608,19452,7371,0
30513,dia 19 - Soja Heterodera Vaso 1,19.0,1.0,89.33,2307.0,33.9,86.74,9783,17058,102,2602,19355,7328,0
30514,dia 19 - Soja Heterodera Vaso 1,19.0,1.0,89.66,2308.0,33.9,87.57,16195,10794,1400,2606,9766,7328,0
30515,dia 19 - Soja Heterodera Vaso 1,19.0,1.0,89.93,2337.0,33.9,88.32,16172,10951,7355,3067,9844,7359,0
30516,dia 19 - Soja Heterodera Vaso 1,19.0,1.0,90.19,2308.0,33.9,89.02,16330,10977,7370,3002,9841,7373,0
30517,dia 19 - Soja Heterodera Vaso 1,19.0,1.0,90.47,2326.0,33.9,89.7,16344,11021,7376,3038,9878,7378,0
30518,dia 19 - Soja Heterodera Vaso 1,19.0,1.0,90.74,2332.0,34.0,90.32,16356,11010,7376,3016,9834,7378,0
30519,dia 19 - Soja Heterodera Vaso 1,19.0,1.0,91.0,2310.0,34.0,90.89,16361,11012,7379,2967,9929,7380,0
30520,dia 19 - Soja Heterodera Vaso 1,19.0,1.0,91.27,2317.0,34.0,91.41,16366,11083,7325,2953,10007,7379,0
30521,dia 19 - Soja Heterodera Vaso 1,19.0,1.0,91.54,2324.0,34.0,91.88,16345,11088,7366,2932,9953,7369,0
30522,dia 19 - Soja Heterodera Vaso 1,19.0,1.0,91.86,2329.0,34.0,92.33,16349,11022,7366,3018,9957,7367,0
30523,dia 19 - Soja Heterodera Vaso 1,19.0,1.0,92.2,2339.0,34.0,92.73,16353,11097,7365,3021,9971,7365,0
30524,dia 19 - Soja Heterodera Vaso 1,19.0,1.0,92.5,2323.0,34.0,92.99,16346,11102,7361,2980,9982,7359,0
30525,dia 19 - Soja Heterodera Vaso 1,19.0,1.0,92.8,2344.0,34.0,93.2,16347,11111,7303,3027,9992,7357,0
30526,dia 19 - Soja Heterodera Vaso 1,19.0,1.0,93.13,2312.0,34.0,93.36,16340,11115,7350,3033,10006,7351,0
30527,dia 19 - Soja Heterodera Vaso 1,19.0,1.0,93.41,2358.0,34.0,93.46,16251,11131,7354,3058,10016,7354,0
30528,dia 19 - Soja Heterodera Vaso 1,19.0,1.0,93.68,2327.0,34.0,93.54,16369,11154,7358,3023,10027,7358,0
30529,dia 19 - Soja Heterodera Vaso 1,19.0,1.0,93.94,2366.0,34.0,93.58,16342,11132,7343,2973,10024,7343,0
30530,dia 19 - Soja Heterodera Vaso 1,19.0,1.0,94.2,2328.0,34.0,93.62,16339,11139,7337,2981,10025,7287,0
30531,dia 19 - Soja Heterodera Vaso 1,19.0,1.0,94.46,2344.0,34.0,93.64,16340,11133,7335,2986,10032,7336,0
30532,dia 19 - Soja Heterodera Vaso 1,19.0,1.0,94.82,2392.0,34.0,93.67,16349,11152,7332,3053,9978,7325,0
30533,dia 19 - Soja Heterodera Vaso 1,19.0,1.0,95.11,2335.0,34.0,93.68,16335,11152,7322,3036,10032,7323,0
30534,dia 19 - Soja Heterodera Vaso 1,19.0,1.0,95.44,2318.0,34.0,93.69,16338,11199,7320,3033,10031,7322,0
30535,dia 19 - Soja Heterodera Vaso 1,19.0,1.0,95.77,2327.0,34.0,93.69,16342,11156,7265,3021,10047,7317,0
30536,dia 19 - Soja Heterodera Vaso 1,19.0,1.0,96.07,2328.0,34.0,93.7,16231,11161,7315,3051,10049,7317,0
30537,dia 19 - Soja Heterodera Vaso 1,19.0,1.0,96.38,2355.0,34.0,93.7,16241,11178,7316,3039,10059,7317,0
30538,dia 19 - Soja Heterodera Vaso 1,19.0,1.0,96.73,2322.0,34.0,93.7,16366,11235,7316,3009,10113,7327,0
30539,dia 19 - Soja Heterodera Vaso 1,19.0,1.0,96.99,2347.0,34.0,93.71,16359,11197,7325,3010,10078,7327,0
30540,dia 19 - Soja Heterodera Vaso 1,19.0,1.0,97.26,2310.0,34.0,93.71,16396,11186,7326,3036,10066,7314,0
30541,dia 19 - Soja Heterodera Vaso 1,19.0,1.0,97.53,2329.0,34.0,93.71,16398,11202,7326,3045,10092,7327,0
30542,dia 19 - Soja Heterodera Vaso 1,19.0,1.0,97.8,2345.0,34.0,93.71,16405,11217,7302,3065,10029,7316,0
30543,dia 19 - Soja Heterodera Vaso 1,19.0,1.0,98.06,2314.0,34.0,93.71,16416,11206,7327,3062,10089,7329,0
30544,dia 19 - Soja Heterodera Vaso 1,19.0,1.0,98.34,2344.0,34.0,93.71,16401,11241,7319,3018,10082,7321,0
30545,dia 19 - Soja Heterodera Vaso 1,19.0,1.0,98.65,2307.0,34.0,93.71,16408,11209,7320,2981,10092,7321,0
30546,dia 19 - Soja Heterodera Vaso 1,19.0,1.0,98.97,2321.0,34.0,93.72,16413,11264,7321,3016,10132,7322,0
30547,dia 19 - Soja Heterodera Vaso 1,19.0,1.0,99.28,2332.0,34.0,93.72,9990,17259,103,2645,19487,2776,0
30548,dia 19 - Soja Heterodera Vaso 1,19.0,1.0,99.59,2318.0,34.0,93.71,11115,17267,7324,12679,19486,4982,0
30549,dia 19 - Soja Heterodera Vaso 1,19.0,1.0,99.92,2327.0,34.0,93.72,16428,11263,7324,5016,10266,7003,0
30550,dia 19 - Soja Heterodera Vaso 1,19.0,1.0,100.2,2347.0,34.0,93.72,11053,17278,1132,5272,19449,2833,0
30551,dia 19 - Soja Heterodera Vaso 1,19.0,1.0,100.47,2341.0,34.0,93.72,12529,17010,7346,5363,17586,3424,0
30552,dia 19 - Soja Heterodera Vaso 1,19.0,1.0,100.73,2339.0,34.0,93.71,16461,11307,7338,3089,10176,7338,0
30553,dia 19 - Soja Heterodera Vaso 1,19.0,1.0,100.99,2335.0,34.1,93.71,16465,11316,7289,10597,10183,7340,0
30554,dia 19 - Soja Heterodera Vaso 1,19.0,1.0,101.25,2346.0,34.1,93.72,16469,11265,7340,3103,10134,7342,0
30555,dia 19 - Soja Heterodera Vaso 1,19.0,1.0,101.51,2346.0,34.0,93.72,16474,11264,7343,3730,10256,6029,0
30556,dia 19 - Soja Heterodera Vaso 1,19.0,1.0,101.81,2298.0,34.1,93.72,10013,17284,497,2893,19486,3773,0
32944,dia 18 - Soja Saudavel Vaso 1,18.0,1.0,294.77,2877.0,26.9,93.5,13446,19358,1205,9932,23004,12212,1
32945,dia 18 - Soja Saudavel Vaso 1,18.0,1.0,294.95,2864.0,26.9,93.51,13516,19362,1203,9934,23007,12151,1
32946,dia 18 - Soja Saudavel Vaso 1,18.0,1.0,295.13,2861.0,26.9,93.5,13523,19365,1203,9942,23006,12219,1
32947,dia 18 - Soja Saudavel Vaso 1,18.0,1.0,295.32,2875.0,26.9,93.51,13527,19365,1203,9936,23001,12218,1
32948,dia 18 - Soja Saudavel Vaso 1,18.0,1.0,295.5,2891.0,26.9,93.51,13519,19365,1203,9918,23013,12208,1
32949,dia 18 - Soja Saudavel Vaso 1,18.0,1.0,295.68,2871.0,26.9,93.51,13522,19251,1204,9939,23005,12210,1
32950,dia 18 - Soja Saudavel Vaso 1,18.0,1.0,295.87,2878.0,26.9,93.51,13523,19363,1203,9934,23005,12161,1
32951,dia 18 - Soja Saudavel Vaso 1,18.0,1.0,296.05,2876.0,26.9,93.5,13519,19367,1202,9939,23006,12212,1
32952,dia 18 - Soja Saudavel Vaso 1,18.0,1.0,296.23,2875.0,26.9,93.51,13521,19363,1202,9939,23002,12209,1
32953,dia 18 - Soja Saudavel Vaso 1,18.0,1.0,296.4,2887.0,26.9,93.5,13519,19361,1199,9941,23008,12209,1
32954,dia 18 - Soja Saudavel Vaso 1,18.0,1.0,296.58,2876.0,26.9,93.51,13519,19359,1203,9944,23002,12140,1
32955,dia 18 - Soja Saudavel Vaso 1,18.0,1.0,296.76,2869.0,26.9,93.5,13519,19362,1203,9944,23005,12209,1
32956,dia 18 - Soja Saudavel Vaso 1,18.0,1.0,296.93,2900.0,26.9,93.5,13521,19367,1204,9925,23009,12209,1
32957,dia 18 - Soja Saudavel Vaso 1,18.0,1.0,297.11,2884.0,26.9,93.5,13520,19249,1206,9944,23003,12208,1
32958,dia 18 - Soja Saudavel Vaso 1,18.0,1.0,297.31,2892.0,26.9,93.5,13522,19375,1205,9942,22878,12209,1
32959,dia 18 - Soja Saudavel Vaso 1,18.0,1.0,297.5,2876.0,26.9,93.5,13524,19426,1208,9946,22990,12208,1
32960,dia 18 - Soja Saudavel Vaso 1,18.0,1.0,297.68,2860.0,26.9,93.51,13524,19429,1206,9945,22987,12210,1
32961,dia 18 - Soja Saudavel Vaso 1,18.0,1.0,297.86,2875.0,26.9,93.51,13527,19433,1204,9945,22971,12209,1
32962,dia 18 - Soja Saudavel Vaso 1,18.0,1.0,298.05,2889.0,26.9,93.51,13443,19428,1204,9945,22991,12207,1
32963,dia 18 - Soja Saudavel Vaso 1,18.0,1.0,298.23,2871.0,26.9,93.51,13523,19431,1204,9946,22851,12207,1
32964,dia 18 - Soja Saudavel Vaso 1,18.0,1.0,298.41,2863.0,26.9,93.5,13523,19432,1205,9950,22988,12204,1
32965,dia 18 - Soja Saudavel Vaso 1,18.0,1.0,298.59,2864.0,26.9,93.51,13525,19430,1205,9950,22984,12206,1
32966,dia 18 - Soja Saudavel Vaso 1,18.0,1.0,298.77,2874.0,26.9,93.51,13520,19435,1204,9939,22992,12208,1
32967,dia 18 - Soja Saudavel Vaso 1,18.0,1.0,298.95,2888.0,26.9,93.51,13521,19432,1204,9953,22859,12205,1
32968,dia 18 - Soja Saudavel Vaso 1,18.0,1.0,299.14,2904.0,26.9,93.5,13521,19432,1204,9954,22990,12204,1
32969,dia 18 - Soja Saudavel Vaso 1,18.0,1.0,299.32,2877.0,26.9,93.5,13522,19432,1205,9957,22991,12203,1
32970,dia 18 - Soja Saudavel Vaso 1,18.0,1.0,299.5,2852.0,26.9,93.51,13507,19410,1205,9959,22984,12201,1
32971,dia 18 - Soja Saudavel Vaso 1,18.0,1.0,299.67,2869.0,26.9,93.51,13439,19431,1204,9963,22987,12209,1
32972,dia 18 - Soja Saudavel Vaso 1,18.0,1.0,299.85,2874.0,26.9,93.5,13519,19430,1205,9963,22988,12209,1
32973,dia 18 - Soja Saudavel Vaso 1,18.0,1.0,300.02,2845.0,26.9,93.5,13514,19357,1204,9964,22877,12149,1
32974,dia 18 - Soja Saudavel Vaso 1,18.0,1.0,300.2,2904.0,27.0,92.9,13450,19334,1196,9956,22878,12139,1
32975,dia 18 - Soja Saudavel Vaso 1,18.0,1.0,300.37,2880.0,27.0,92.06,13445,19332,1200,9974,22873,12088,1
32976,dia 18 - Soja Saudavel Vaso 1,18.0,1.0,300.55,2902.0,26.9,91.38,13426,19325,1199,9960,22866,12115,1
32977,dia 18 - Soja Saudavel Vaso 1,18.0,1.0,300.74,2871.0,27.0,90.77,13438,19328,1199,9960,22873,12118,1
32978,dia 18 - Soja Saudavel Vaso 1,18.0,1.0,300.92,2842.0,27.0,90.23,13434,19323,1193,9971,22866,12118,1
32979,dia 18 - Soja Saudavel Vaso 1,18.0,1.0,301.11,2884.0,27.0,89.75,13427,19207,1198,9979,22858,12109,1
32980,dia 18 - Soja Saudavel Vaso 1,18.0,1.0,301.29,2881.0,27.0,89.32,13426,19315,1197,9970,22855,12103,1
32981,dia 18 - Soja Saudavel Vaso 1,18.0,1.0,301.48,2882.0,27.0,88.86,13427,19313,1194,9967,22849,12101,1
32982,dia 18 - Soja Saudavel Vaso 1,18.0,1.0,301.66,2864.0,27.0,88.48,13398,19311,1195,9968,22828,12089,1
32983,dia 18 - Soja Saudavel Vaso 1,18.0,1.0,301.84,2869.0,27.0,88.11,13392,19268,1190,9974,22829,12084,1
32984,dia 18 - Soja Saudavel Vaso 1,18.0,1.0,302.02,2883.0,27.0,87.78,13409,19297,1193,9990,22823,12069,1
32985,dia 18 - Soja Saudavel Vaso 1,18.0,1.0,302.2,2867.0,27.0,87.45,13406,19295,1192,9972,22795,12066,1
32986,dia 18 - Soja Saudavel Vaso 1,18.0,1.0,302.38,2880.0,27.0,87.14,13407,19294,1191,9960,22816,12069,1
32987,dia 18 - Soja Saudavel Vaso 1,18.0,1.0,302.56,2892.0,27.0,86.82,13403,19303,1189,9940,22820,12067,1
32988,dia 18 - Soja Saudavel Vaso 1,18.0,1.0,302.74,2876.0,27.0,86.54,13404,19300,1189,9967,22720,12062,1
32989,dia 18 - Soja Saudavel Vaso 1,18.0,1.0,303.01,2830.0,27.0,86.1,13398,19286,1189,9972,22807,12048,1
32990,dia 18 - Soja Saudavel Vaso 1,18.0,1.0,303.19,2886.0,27.0,85.82,13399,19288,1187,9985,22805,12038,1
32991,dia 18 - Soja Saudavel Vaso 1,18.0,1.0,303.36,2864.0,27.0,85.56,13321,19284,1186,9980,22806,12033,1
32992,dia 18 - Soja Saudavel Vaso 1,18.0,1.0,303.54,2843.0,27.0,85.31,13398,19281,1185,9972,22805,12022,1
32993,dia 18 - Soja Saudavel Vaso 1,18.0,1.0,303.71,2858.0,27.0,85.05,13401,19277,1183,9967,22804,12013,1
32994,dia 18 - Soja Saudavel Vaso 1,18.0,1.0,303.9,2857.0,27.0,84.74,13402,19287,1183,9953,22808,12005,1
32995,dia 18 - Soja Saudavel Vaso 1,18.0,1.0,304.08,2884.0,27.0,84.41,13351,19266,1183,9967,22800,11996,1
32996,dia 18 - Soja Saudavel Vaso 1,18.0,1.0,304.27,2903.0,27.0,84.1,13393,19269,1183,9978,22658,11988,1
32997,dia 18 - Soja Saudavel Vaso 1,18.0,1.0,304.45,2854.0,27.0,83.85,13394,19278,1180,9982,22801,11977,1
32998,dia 18 - Soja Saudavel Vaso 1,18.0,1.0,304.63,2829.0,27.0,83.62,13391,19266,1180,9982,22786,11973,1
32999,dia 18 - Soja Saudavel Vaso 1,18.0,1.0,304.81,2854.0,27.0,83.33,13387,19241,1174,9966,22791,11963,1
33000,dia 18 - Soja Saudavel Vaso 1,18.0,1.0,305.0,2887.0,27.0,83.04,13390,19142,1177,9962,22784,11950,1
33001,dia 18 - Soja Saudavel Vaso 1,18.0,1.0,305.18,2869.0,27.0,82.75,13389,19272,1176,9963,22799,11940,1
33002,dia 18 - Soja Saudavel Vaso 1,18.0,1.0,305.36,2844.0,27.0,82.46,13378,19253,1174,9955,22780,11903,1
33003,dia 18 - Soja Saudavel Vaso 1,18.0,1.0,305.55,2839.0,27.0,82.15,13378,19266,1172,9962,22787,11896,1
33004,dia 18 - Soja Saudavel Vaso 1,18.0,1.0,305.73,2873.0,27.0,81.85,13373,19257,1170,9970,22784,11904,1
33005,dia 18 - Soja Saudavel Vaso 1,18.0,1.0,305.92,2857.0,27.0,81.59,13370,19253,1170,9975,22669,11893,1
33006,dia 18 - Soja Saudavel Vaso 1,18.0,1.0,306.1,2887.0,27.0,81.33,13369,19247,1171,9958,22775,11876,1
33007,dia 18 - Soja Saudavel Vaso 1,18.0,1.0,306.28,2933.0,27.0,81.08,13361,19248,1169,9949,22774,11871,1
33008,dia 18 - Soja Saudavel Vaso 1,18.0,1.0,306.46,2872.0,27.0,80.82,13356,19246,1166,9926,22772,11862,1
33009,dia 18 - Soja Saudavel Vaso 1,18.0,1.0,306.64,2883.0,27.0,80.54,13272,19237,1165,9945,22755,11867,1
33010,dia 18 - Soja Saudavel Vaso 1,18.0,1.0,306.83,2864.0,27.0,80.28,13345,19226,1163,9947,22614,11876,1
33011,dia 18 - Soja Saudavel Vaso 1,18.0,1.0,307.01,2864.0,27.0,80.02,13337,19226,1161,9957,22749,11888,1
33012,dia 18 - Soja Saudavel Vaso 1,18.0,1.0,307.2,2934.0,27.0,79.77,13340,19224,1160,9958,22748,11902,1
33013,dia 18 - Soja Saudavel Vaso 1,18.0,1.0,307.38,2889.0,27.0,79.49,13337,19223,1158,9946,22749,11915,1
33014,dia 18 - Soja Saudavel Vaso 1,18.0,1.0,307.56,2885.0,27.0,79.24,13251,19217,1156,9944,22743,11926,1
33015,dia 18 - Soja Saudavel Vaso 1,18.0,1.0,307.73,2907.0,27.0,79.0,13326,19211,1154,9936,22737,11931,1
33016,dia 18 - Soja Saudavel Vaso 1,18.0,1.0,307.91,2881.0,27.2,78.74,13324,19208,1153,9928,22734,11939,1
33017,dia 18 - Soja Saudavel Vaso 1,18.0,1.0,308.08,2872.0,27.2,78.47,13320,19207,1145,9925,22736,11947,1
33018,dia 18 - Soja Saudavel Vaso 1,18.0,1.0,308.26,2870.0,27.2,78.25,13317,19204,1148,9924,22594,11950,1
33019,dia 18 - Soja Saudavel Vaso 1,18.0,1.0,308.43,2835.0,27.2,78.02,13313,19202,1147,9930,22729,11953,1
33020,dia 18 - Soja Saudavel Vaso 1,18.0,1.0,308.61,2877.0,27.2,77.8,13311,19203,1145,9920,22735,11958,1
33021,dia 18 - Soja Saudavel Vaso 1,18.0,1.0,308.8,2865.0,27.2,77.55,13307,19199,1140,9929,22733,11962,1
33022,dia 18 - Soja Saudavel Vaso 1,18.0,1.0,308.99,2880.0,27.2,77.34,13318,19216,1144,9943,22580,11946,1
33023,dia 18 - Soja Saudavel Vaso 1,18.0,1.0,309.18,2842.0,27.3,77.12,13298,19190,1140,9912,22719,11927,1
33024,dia 18 - Soja Saudavel Vaso 1,18.0,1.0,309.36,2882.0,27.3,76.89,13294,19193,1139,9900,22722,11960,1
33025,dia 18 - Soja Saudavel Vaso 1,18.0,1.0,309.54,2880.0,27.3,76.67,13292,19191,1137,9891,22722,11962,1
33026,dia 18 - Soja Saudavel Vaso 1,18.0,1.0,309.73,2846.0,27.3,76.44,13286,19184,1131,9889,22728,11963,1
33027,dia 18 - Soja Saudavel Vaso 1,18.0,1.0,309.91,2905.0,27.3,76.22,13281,19180,1133,9887,22591,11960,1
33028,dia 18 - Soja Saudavel Vaso 1,18.0,1.0,310.09,2871.0,27.3,76.01,13271,19176,1132,9888,22714,11957,1
33029,dia 18 - Soja Saudavel Vaso 1,18.0,1.0,310.27,2860.0,27.4,75.79,13272,19173,1132,9889,22718,11955,1
33030,dia 18 - Soja Saudavel Vaso 1,18.0,1.0,310.46,2863.0,27.4,75.57,13270,19179,1130,9872,22720,11951,1
33031,dia 18 - Soja Saudavel Vaso 1,18.0,1.0,310.64,2846.0,27.4,75.36,13180,19151,1128,9893,22692,11953,1
33032,dia 18 - Soja Saudavel Vaso 1,18.0,1.0,310.83,2864.0,27.4,75.14,13259,19170,1126,9868,22574,11948,1
33033,dia 18 - Soja Saudavel Vaso 1,18.0,1.0,311.01,2860.0,27.4,74.93,13270,19190,1125,9852,22735,11959,1
33034,dia 18 - Soja Saudavel Vaso 1,18.0,1.0,311.18,2871.0,27.4,74.71,13254,19169,1123,9845,22710,11942,1
33035,dia 18 - Soja Saudavel Vaso 1,18.0,1.0,311.36,2871.0,27.4,74.51,13248,19167,1117,9838,22713,11940,1
33036,dia 18 - Soja Saudavel Vaso 1,18.0,1.0,311.54,2846.0,27.4,74.3,13244,19165,1122,9834,22576,11936,1
33037,dia 18 - Soja Saudavel Vaso 1,18.0,1.0,311.71,2860.0,27.4,74.11,13241,19165,1118,9834,22711,11931,1
33038,dia 18 - Soja Saudavel Vaso 1,18.0,1.0,311.89,2867.0,27.4,73.91,13240,19166,1116,9829,22715,11928,1
33039,dia 18 - Soja Saudavel Vaso 1,18.0,1.0,312.06,2845.0,27.4,73.71,13232,19049,1115,9832,22711,11923,1
33040,dia 18 - Soja Saudavel Vaso 1,18.0,1.0,312.25,2871.0,27.4,73.51,13230,19162,1113,9829,22716,11922,1
33041,dia 18 - Soja Saudavel Vaso 1,18.0,1.0,312.44,2850.0,27.5,73.3,13227,19161,1112,9833,22713,11914,1
33042,dia 18 - Soja Saudavel Vaso 1,18.0,1.0,312.62,2922.0,27.5,73.08,13225,19158,1112,9839,22713,11908,1
33043,dia 18 - Soja Saudavel Vaso 1,18.0,1.0,312.81,2923.0,27.5,72.85,13218,19159,1107,9795,22711,11905,1
33044,dia 18 - Soja Saudavel Vaso 1,18.0,1.0,312.99,2874.0,27.5,72.63,13213,19030,1107,9798,22707,11896,1
33045,dia 18 - Soja Saudavel Vaso 1,18.0,1.0,313.42,2839.0,27.5,72.16,13198,19139,1108,9746,22699,11879,1
33046,dia 18 - Soja Saudavel Vaso 1,18.0,1.0,313.6,2890.0,27.5,71.96,13118,19138,1104,9772,22692,11874,1
33047,dia 18 - Soja Saudavel Vaso 1,18.0,1.0,313.79,2857.0,27.5,71.78,13192,19130,1103,9777,22692,11866,1
33048,dia 18 - Soja Saudavel Vaso 1,18.0,1.0,313.97,2873.0,27.5,71.58,13191,19109,1101,9782,22690,11860,1
33049,dia 18 - Soja Saudavel Vaso 1,18.0,1.0,314.15,2865.0,27.6,71.37,13191,19132,1101,9783,22688,11841,1
33050,dia 18 - Soja Saudavel Vaso 1,18.0,1.0,314.34,2895.0,27.6,71.17,13186,19134,1098,9778,22695,11853,1
33051,dia 18 - Soja Saudavel Vaso 1,18.0,1.0,314.52,2859.0,27.6,70.97,13182,19012,1097,9789,22677,11856,1
33052,dia 18 - Soja Saudavel Vaso 1,18.0,1.0,314.7,2882.0,27.6,70.77,13177,19124,1096,9765,22689,11835,1
33053,dia 18 - Soja Saudavel Vaso 1,18.0,1.0,314.87,2878.0,27.6,70.58,13177,19122,1093,9749,22690,11830,1
33054,dia 18 - Soja Saudavel Vaso 1,18.0,1.0,315.05,2861.0,27.6,70.41,13174,19121,1087,9739,22692,11826,1
33055,dia 18 - Soja Saudavel Vaso 1,18.0,1.0,315.22,2880.0,27.6,70.22,13173,19119,1091,9738,22573,11819,1
33056,dia 18 - Soja Saudavel Vaso 1,18.0,1.0,315.4,2870.0,27.6,70.04,13169,19116,1090,9740,22685,11812,1
33057,dia 18 - Soja Saudavel Vaso 1,18.0,1.0,315.57,2864.0,27.6,69.84,13166,19122,1088,9724,22692,11807,1
33058,dia 18 - Soja Saudavel Vaso 1,18.0,1.0,315.76,2889.0,27.7,69.64,13158,19046,1087,9720,22691,11807,1
33059,dia 18 - Soja Saudavel Vaso 1,18.0,1.0,315.94,2894.0,27.7,69.45,13157,19114,1085,9722,22686,11725,1
33060,dia 18 - Soja Saudavel Vaso 1,18.0,1.0,316.13,2826.0,27.7,69.25,13012,18906,1074,9692,22449,11668,1
33061,dia 18 - Soja Saudavel Vaso 1,18.0,1.0,316.31,2812.0,27.6,74.07,12999,18868,1074,9626,22399,11638,1
33062,dia 18 - Soja Saudavel Vaso 1,18.0,1.0,316.5,2810.0,27.6,78.69,13048,18889,1080,9572,22386,11643,1
33063,dia 18 - Soja Saudavel Vaso 1,18.0,1.0,316.69,2824.0,27.6,82.62,12998,18905,1085,9549,22434,11642,1
33064,dia 18 - Soja Saudavel Vaso 1,18.0,1.0,316.87,2844.0,27.6,85.9,13082,18909,1091,9541,22324,11616,1
33065,dia 18 - Soja Saudavel Vaso 1,18.0,1.0,317.07,2835.0,27.6,88.86,13078,18909,1098,9495,22434,11549,1
33066,dia 18 - Soja Saudavel Vaso 1,18.0,1.0,317.25,2824.0,27.6,90.88,13088,18904,1102,9496,22429,11598,1
33067,dia 18 - Soja Saudavel Vaso 1,18.0,1.0,317.43,2819.0,27.7,92.28,13083,18898,1107,9510,22423,11578,1
33068,dia 18 - Soja Saudavel Vaso 1,18.0,1.0,317.62,2832.0,27.6,93.08,13068,18889,1104,9504,22419,11560,1
33069,dia 18 - Soja Saudavel Vaso 1,18.0,1.0,317.81,2844.0,27.7,93.41,13012,18855,1111,9487,22401,11533,1
33070,dia 18 - Soja Saudavel Vaso 1,18.0,1.0,317.98,2828.0,27.6,93.47,13030,18868,1111,9476,22394,11512,1
33071,dia 18 - Soja Saudavel Vaso 1,18.0,1.0,318.16,2803.0,27.6,93.49,13006,18854,1111,9461,22375,11486,1
33072,dia 18 - Soja Saudavel Vaso 1,18.0,1.0,318.33,2835.0,27.6,93.49,12990,18847,1111,9429,22369,11466,1
33073,dia 18 - Soja Saudavel Vaso 1,18.0,1.0,318.5,2830.0,27.6,93.5,12970,18842,1111,9428,22236,11448,1
33074,dia 18 - Soja Saudavel Vaso 1,18.0,1.0,318.68,2839.0,27.6,93.49,12952,18835,1110,9410,22348,11431,1
33075,dia 18 - Soja Saudavel Vaso 1,18.0,1.0,318.86,2844.0,27.6,93.5,12940,18818,1110,9400,22335,11415,1
33076,dia 18 - Soja Saudavel Vaso 1,18.0,1.0,319.05,2832.0,27.6,93.5,12926,18827,1104,9359,22344,11401,1
33077,dia 18 - Soja Saudavel Vaso 1,18.0,1.0,319.23,2838.0,27.6,93.5,12916,18705,1110,9351,22334,11385,1
33078,dia 18 - Soja Saudavel Vaso 1,18.0,1.0,319.42,2814.0,27.6,93.5,12920,18837,1110,9361,22350,11383,1
33079,dia 18 - Soja Saudavel Vaso 1,18.0,1.0,319.59,2836.0,27.6,93.5,12898,18814,1107,9342,22315,11360,1
33080,dia 18 - Soja Saudavel Vaso 1,18.0,1.0,319.78,2839.0,27.6,93.5,12899,18816,1107,9338,22317,11348,1
33081,dia 18 - Soja Saudavel Vaso 1,18.0,1.0,319.96,2814.0,27.6,93.5,12864,18808,1107,9335,22260,11334,1
33082,dia 18 - Soja Saudavel Vaso 1,18.0,1.0,320.15,2817.0,27.6,93.51,12892,18811,1111,9344,22170,11334,1
33083,dia 18 - Soja Saudavel Vaso 1,18.0,1.0,320.33,2829.0,27.6,93.5,12889,18813,1110,9327,22301,11325,1
33084,dia 18 - Soja Saudavel Vaso 1,18.0,1.0,320.51,2810.0,27.6,93.5,12895,18806,1110,9332,22300,11317,1
33085,dia 18 - Soja Saudavel Vaso 1,18.0,1.0,320.69,2811.0,27.6,93.5,12888,18818,1105,9343,22299,11315,1
33086,dia 18 - Soja Saudavel Vaso 1,18.0,1.0,320.87,2851.0,27.6,93.5,12888,18815,1109,9317,22172,11306,1
33087,dia 18 - Soja Saudavel Vaso 1,18.0,1.0,321.05,2829.0,27.6,93.5,12890,18819,1108,9314,22291,11301,1
33088,dia 18 - Soja Saudavel Vaso 1,18.0,1.0,321.23,2844.0,27.6,93.5,12888,18789,1108,9314,22287,11295,1
33089,dia 18 - Soja Saudavel Vaso 1,18.0,1.0,321.4,2822.0,27.6,93.5,12887,18819,1107,9298,22285,11293,1
33090,dia 18 - Soja Saudavel Vaso 1,18.0,1.0,321.57,2819.0,27.6,93.5,12889,18818,1107,9313,22284,11219,1
33091,dia 18 - Soja Saudavel Vaso 1,18.0,1.0,321.75,2833.0,27.6,93.5,12888,18821,1107,9312,22280,11284,1
33092,dia 18 - Soja Saudavel Vaso 1,18.0,1.0,321.92,2790.0,27.6,93.5,12893,18824,1109,9310,22285,11280,1
33093,dia 18 - Soja Saudavel Vaso 1,18.0,1.0,322.09,2832.0,27.6,93.5,12891,18713,1111,9311,22280,11278,1
33094,dia 18 - Soja Saudavel Vaso 1,18.0,1.0,322.27,2810.0,27.6,93.5,12894,18827,1109,9302,22279,11277,1
33095,dia 18 - Soja Saudavel Vaso 1,18.0,1.0,322.46,2818.0,27.6,93.5,12897,18831,1109,9307,22277,11274,1
33096,dia 18 - Soja Saudavel Vaso 1,18.0,1.0,322.65,2828.0,27.6,93.5,12898,18839,1109,9280,22282,11271,1
33097,dia 18 - Soja Saudavel Vaso 1,18.0,1.0,322.83,2824.0,27.6,93.51,12902,18835,1106,9299,22278,11272,1
33098,dia 18 - Soja Saudavel Vaso 1,18.0,1.0,323.01,2814.0,27.6,93.5,12905,18838,1110,9297,22276,11207,1
33099,dia 18 - Soja Saudavel Vaso 1,18.0,1.0,323.19,2838.0,27.6,93.5,12909,18840,1111,9298,22275,11272,1
34238,dia 18 - Soja Saudavel Vaso 2,18.0,2.0,114.05,2847.0,29.0,93.54,11307,18000,451,4925,20632,9467,1
34239,dia 18 - Soja Saudavel Vaso 2,18.0,2.0,114.25,2849.0,29.0,93.54,11301,17985,451,4934,20638,9469,1
34240,dia 18 - Soja Saudavel Vaso 2,18.0,2.0,114.45,2847.0,29.0,93.54,11309,17892,452,4943,20786,9471,1
34241,dia 18 - Soja Saudavel Vaso 2,18.0,2.0,114.65,2848.0,29.0,93.54,11310,17999,451,4913,20650,9465,1
34242,dia 18 - Soja Saudavel Vaso 2,18.0,2.0,114.85,2843.0,29.0,93.54,11309,17998,452,4923,20758,9436,1
34243,dia 18 - Soja Saudavel Vaso 2,18.0,2.0,115.05,2845.0,29.0,93.54,11298,17981,452,4926,20766,9459,1
34244,dia 18 - Soja Saudavel Vaso 2,18.0,2.0,115.26,2854.0,29.0,93.54,11316,18006,453,4936,20791,9401,1
34245,dia 18 - Soja Saudavel Vaso 2,18.0,2.0,115.47,2858.0,29.0,93.54,11319,17994,452,4932,20707,9421,1
34246,dia 18 - Soja Saudavel Vaso 2,18.0,2.0,115.67,2851.0,29.0,93.54,11314,17992,452,4938,20500,9230,1
34247,dia 18 - Soja Saudavel Vaso 2,18.0,2.0,115.87,2843.0,29.0,93.54,11315,17999,451,4927,20772,9457,1
34248,dia 18 - Soja Saudavel Vaso 2,18.0,2.0,116.09,2839.0,29.0,93.54,11313,18000,451,4926,20781,9396,1
34249,dia 18 - Soja Saudavel Vaso 2,18.0,2.0,116.29,2857.0,29.0,93.53,11317,18001,452,4929,20790,9407,1
34250,dia 18 - Soja Saudavel Vaso 2,18.0,2.0,116.5,2869.0,29.0,93.54,11317,17981,454,4967,20707,9460,1
34251,dia 18 - Soja Saudavel Vaso 2,18.0,2.0,116.7,2858.0,29.0,93.54,11311,18015,452,4953,20769,9387,1
34252,dia 18 - Soja Saudavel Vaso 2,18.0,2.0,116.92,2843.0,29.0,93.54,11326,18015,452,4938,20681,9467,1
34253,dia 18 - Soja Saudavel Vaso 2,18.0,2.0,117.12,2853.0,29.0,93.54,11286,17861,452,4937,20586,9441,1
34254,dia 18 - Soja Saudavel Vaso 2,18.0,2.0,117.32,2846.0,29.0,93.54,11323,18009,452,4931,20639,9464,1
34255,dia 18 - Soja Saudavel Vaso 2,18.0,2.0,117.52,2835.0,29.0,93.54,11325,18009,453,4950,20638,9462,1
34256,dia 18 - Soja Saudavel Vaso 2,18.0,2.0,117.72,2843.0,29.0,93.54,11326,18012,451,4932,20791,9393,1
34257,dia 18 - Soja Saudavel Vaso 2,18.0,2.0,117.92,2843.0,29.0,93.54,11328,18013,453,4949,20793,9462,1
34258,dia 18 - Soja Saudavel Vaso 2,18.0,2.0,118.11,2850.0,29.0,93.54,11329,18014,453,4959,20793,9462,1
34259,dia 18 - Soja Saudavel Vaso 2,18.0,2.0,118.31,2837.0,29.0,93.54,11324,18015,453,4953,20772,9458,1
34260,dia 18 - Soja Saudavel Vaso 2,18.0,2.0,118.52,2824.0,29.0,93.54,11333,18019,454,4951,20799,9464,1
34261,dia 18 - Soja Saudavel Vaso 2,18.0,2.0,118.73,2824.0,29.0,93.54,11348,18042,455,4955,20825,9474,1
34262,dia 18 - Soja Saudavel Vaso 2,18.0,2.0,118.94,2857.0,29.0,93.54,11326,18018,454,4949,20792,9457,1
34263,dia 18 - Soja Saudavel Vaso 2,18.0,2.0,119.14,2860.0,29.0,93.53,11330,18010,453,4946,20786,9455,1
34264,dia 18 - Soja Saudavel Vaso 2,18.0,2.0,119.35,2864.0,29.2,93.54,11331,18003,454,4956,20790,9458,1
34265,dia 18 - Soja Saudavel Vaso 2,18.0,2.0,119.55,2843.0,29.0,93.54,11335,18015,454,4957,20801,9458,1
34266,dia 18 - Soja Saudavel Vaso 2,18.0,2.0,119.76,2870.0,29.0,93.54,11330,18017,453,4957,20784,9455,1
34267,dia 18 - Soja Saudavel Vaso 2,18.0,2.0,119.96,2847.0,29.2,93.54,11332,18015,454,4955,20782,9417,1
34268,dia 18 - Soja Saudavel Vaso 2,18.0,2.0,120.19,2820.0,29.2,92.73,11225,17780,449,4933,20588,9364,1
34269,dia 18 - Soja Saudavel Vaso 2,18.0,2.0,120.41,2817.0,29.2,91.66,11137,17854,449,4926,20607,9358,1
34270,dia 18 - Soja Saudavel Vaso 2,18.0,2.0,120.61,2840.0,29.2,90.86,11139,17855,448,4922,20607,9352,1
34271,dia 18 - Soja Saudavel Vaso 2,18.0,2.0,120.81,2832.0,29.2,90.18,11221,17722,450,4921,20612,9350,1
34272,dia 18 - Soja Saudavel Vaso 2,18.0,2.0,121.0,2830.0,29.2,89.58,11222,17861,450,4924,20461,9351,1
34273,dia 18 - Soja Saudavel Vaso 2,18.0,2.0,121.2,2866.0,29.2,89.0,11223,17866,449,4918,20619,9280,1
34274,dia 18 - Soja Saudavel Vaso 2,18.0,2.0,121.4,2869.0,29.2,88.48,11224,17867,448,4911,20619,9349,1
34275,dia 18 - Soja Saudavel Vaso 2,18.0,2.0,121.6,2850.0,29.2,87.98,11227,17881,448,4889,20608,9334,1
34276,dia 18 - Soja Saudavel Vaso 2,18.0,2.0,121.8,2839.0,29.2,87.5,11231,17881,448,4886,20627,9351,1
34277,dia 18 - Soja Saudavel Vaso 2,18.0,2.0,122.02,2845.0,29.2,87.03,11238,17886,449,4892,20627,9350,1
34278,dia 18 - Soja Saudavel Vaso 2,18.0,2.0,122.22,2838.0,29.2,86.58,11240,17882,449,4885,20610,9309,1
34279,dia 18 - Soja Saudavel Vaso 2,18.0,2.0,122.43,2879.0,29.2,86.12,11244,17884,449,4881,20608,9313,1
34280,dia 18 - Soja Saudavel Vaso 2,18.0,2.0,122.63,2833.0,29.2,85.69,11251,17893,445,4846,20617,9348,1
34281,dia 18 - Soja Saudavel Vaso 2,18.0,2.0,122.84,2803.0,29.2,85.27,11253,17892,446,4826,20620,9346,1
34282,dia 18 - Soja Saudavel Vaso 2,18.0,2.0,123.05,2835.0,29.2,84.83,11248,17885,444,4823,20607,9267,1
34283,dia 18 - Soja Saudavel Vaso 2,18.0,2.0,123.25,2827.0,29.2,84.43,11249,17868,444,4813,20613,9317,1
34284,dia 18 - Soja Saudavel Vaso 2,18.0,2.0,123.45,2853.0,29.2,84.04,11270,17901,444,4808,20624,9282,1
34285,dia 18 - Soja Saudavel Vaso 2,18.0,2.0,123.67,2835.0,29.3,83.64,11272,17903,445,4807,20473,9348,1
34286,dia 18 - Soja Saudavel Vaso 2,18.0,2.0,123.86,2834.0,29.3,83.26,11271,17900,445,4809,20559,9327,1
34287,dia 18 - Soja Saudavel Vaso 2,18.0,2.0,124.06,2884.0,29.3,82.88,11271,17900,444,4795,20615,9275,1
34288,dia 18 - Soja Saudavel Vaso 2,18.0,2.0,124.26,2839.0,29.3,82.51,11271,17902,444,4797,20615,9344,1
34289,dia 18 - Soja Saudavel Vaso 2,18.0,2.0,124.46,2865.0,29.3,82.14,11272,17901,444,4790,20614,9342,1
34290,dia 18 - Soja Saudavel Vaso 2,18.0,2.0,124.66,2829.0,29.3,81.79,11272,17899,442,4791,20611,9339,1
34291,dia 18 - Soja Saudavel Vaso 2,18.0,2.0,124.96,2831.0,29.3,81.27,11261,17889,442,4753,20603,9326,1
34292,dia 18 - Soja Saudavel Vaso 2,18.0,2.0,125.17,2829.0,29.3,80.9,11274,17898,443,4749,20607,9335,1
34293,dia 18 - Soja Saudavel Vaso 2,18.0,2.0,125.38,2832.0,29.4,80.54,11269,17889,442,4745,20606,9316,1
34294,dia 18 - Soja Saudavel Vaso 2,18.0,2.0,125.59,2871.0,29.4,80.18,11270,17890,441,4746,20560,9323,1
34295,dia 18 - Soja Saudavel Vaso 2,18.0,2.0,125.8,2832.0,29.4,79.84,11271,17825,441,4736,20593,9326,1
34296,dia 18 - Soja Saudavel Vaso 2,18.0,2.0,126.01,2835.0,29.4,79.47,11237,17866,439,4725,20566,9314,1
34297,dia 18 - Soja Saudavel Vaso 2,18.0,2.0,126.22,2804.0,29.4,79.11,11242,17839,439,4720,20538,9229,1
34298,dia 18 - Soja Saudavel Vaso 2,18.0,2.0,126.42,2852.0,29.4,78.78,11216,17769,439,4709,20497,9205,1
34299,dia 18 - Soja Saudavel Vaso 2,18.0,2.0,126.62,2791.0,29.4,78.44,11157,17731,438,4706,20522,9218,1
34300,dia 18 - Soja Saudavel Vaso 2,18.0,2.0,126.84,2847.0,29.4,78.11,11243,17833,438,4694,20531,9217,1
34301,dia 18 - Soja Saudavel Vaso 2,18.0,2.0,127.05,2822.0,29.4,77.77,11248,17839,439,4690,20540,9236,1
34302,dia 18 - Soja Saudavel Vaso 2,18.0,2.0,127.25,2863.0,29.4,77.44,11247,17697,439,4685,20532,9285,1
34303,dia 18 - Soja Saudavel Vaso 2,18.0,2.0,127.45,2830.0,29.5,77.14,11250,17836,437,4682,20378,9282,1
34304,dia 18 - Soja Saudavel Vaso 2,18.0,2.0,127.65,2831.0,29.5,76.84,11252,17836,438,4677,20535,9211,1
34305,dia 18 - Soja Saudavel Vaso 2,18.0,2.0,127.84,2860.0,29.5,76.54,11255,17838,437,4674,20535,9281,1
34306,dia 18 - Soja Saudavel Vaso 2,18.0,2.0,128.04,2840.0,29.5,76.23,11258,17840,437,4668,20538,9280,1
34307,dia 18 - Soja Saudavel Vaso 2,18.0,2.0,128.24,2823.0,29.5,75.96,11220,17841,437,4659,20544,9278,1
34308,dia 18 - Soja Saudavel Vaso 2,18.0,2.0,128.46,2844.0,29.5,75.64,11263,17846,436,4648,20545,9284,1
34309,dia 18 - Soja Saudavel Vaso 2,18.0,2.0,128.68,2842.0,29.5,75.32,11265,17846,436,4640,20544,9210,1
34310,dia 18 - Soja Saudavel Vaso 2,18.0,2.0,128.88,2805.0,29.5,75.03,11281,17869,436,4638,20571,9254,1
34311,dia 18 - Soja Saudavel Vaso 2,18.0,2.0,129.08,2865.0,29.5,74.74,11240,17843,435,4626,20486,9271,1
34312,dia 18 - Soja Saudavel Vaso 2,18.0,2.0,129.29,2829.0,29.6,74.43,11261,17840,434,4622,20492,9259,1
34313,dia 18 - Soja Saudavel Vaso 2,18.0,2.0,129.5,2836.0,29.6,74.14,11261,17844,434,4616,20543,9204,1
34314,dia 18 - Soja Saudavel Vaso 2,18.0,2.0,129.71,2837.0,29.6,73.84,11240,17771,433,4610,20428,9122,1
34315,dia 18 - Soja Saudavel Vaso 2,18.0,2.0,129.91,2818.0,29.6,73.55,11254,17824,433,4606,20521,9196,1
34316,dia 18 - Soja Saudavel Vaso 2,18.0,2.0,130.12,2834.0,29.6,73.23,11253,17835,433,4599,20376,9272,1
34317,dia 18 - Soja Saudavel Vaso 2,18.0,2.0,130.33,2833.0,29.6,72.96,11256,17839,433,4593,20381,9272,1
34318,dia 18 - Soja Saudavel Vaso 2,18.0,2.0,130.54,2831.0,29.6,72.65,11255,17703,432,4585,20537,9273,1
34319,dia 18 - Soja Saudavel Vaso 2,18.0,2.0,130.74,2808.0,29.6,72.36,11253,17705,432,4581,20532,9271,1
34320,dia 18 - Soja Saudavel Vaso 2,18.0,2.0,130.93,2839.0,29.6,72.1,11251,17836,431,4577,20384,9271,1
34321,dia 18 - Soja Saudavel Vaso 2,18.0,2.0,131.13,2820.0,29.6,71.84,11251,17838,431,4573,20533,9204,1
34322,dia 18 - Soja Saudavel Vaso 2,18.0,2.0,131.33,2821.0,29.6,71.57,11251,17838,431,4568,20533,9272,1
34323,dia 18 - Soja Saudavel Vaso 2,18.0,2.0,131.53,2831.0,29.6,71.29,11251,17839,431,4561,20536,9271,1
34324,dia 18 - Soja Saudavel Vaso 2,18.0,2.0,131.73,2840.0,29.7,71.01,11244,17841,430,4555,20530,9269,1
34325,dia 18 - Soja Saudavel Vaso 2,18.0,2.0,131.93,2825.0,29.6,70.74,11255,17848,429,4548,20545,9276,1
34326,dia 18 - Soja Saudavel Vaso 2,18.0,2.0,132.14,2879.0,29.6,70.45,11254,17847,429,4540,20543,9275,1
34327,dia 18 - Soja Saudavel Vaso 2,18.0,2.0,132.35,2784.0,29.7,70.19,11148,17633,428,4538,20524,9273,1
34328,dia 18 - Soja Saudavel Vaso 2,18.0,2.0,132.55,2855.0,29.6,69.91,11246,17829,428,4528,20521,9272,1
34329,dia 18 - Soja Saudavel Vaso 2,18.0,2.0,132.76,2854.0,29.6,69.64,11252,17850,428,4520,20533,9272,1
34330,dia 18 - Soja Saudavel Vaso 2,18.0,2.0,132.97,2862.0,29.6,69.36,11249,17843,427,4516,20542,9266,1
34331,dia 18 - Soja Saudavel Vaso 2,18.0,2.0,133.18,2845.0,29.6,69.1,11252,17844,427,4511,20544,9271,1
34332,dia 18 - Soja Saudavel Vaso 2,18.0,2.0,133.39,2838.0,29.6,68.83,11240,17851,424,4501,20532,9244,1
34333,dia 18 - Soja Saudavel Vaso 2,18.0,2.0,133.58,2844.0,29.7,68.56,11224,17788,426,4500,20505,9214,1
34334,dia 18 - Soja Saudavel Vaso 2,18.0,2.0,133.79,2840.0,29.6,68.31,11252,17851,426,4496,20545,9253,1
34335,dia 18 - Soja Saudavel Vaso 2,18.0,2.0,133.99,2869.0,29.6,68.06,11253,17855,425,4489,20544,9269,1
34336,dia 18 - Soja Saudavel Vaso 2,18.0,2.0,134.19,2804.0,29.7,67.81,11094,17601,419,4471,20261,9139,1
34337,dia 18 - Soja Saudavel Vaso 2,18.0,2.0,134.39,2771.0,29.6,73.47,11102,17592,419,4501,20251,9076,1
34338,dia 18 - Soja Saudavel Vaso 2,18.0,2.0,134.59,2786.0,29.6,78.43,11151,17646,423,4542,20312,9140,1
34339,dia 18 - Soja Saudavel Vaso 2,18.0,2.0,134.79,2782.0,29.6,82.58,11162,17635,423,4578,20303,9123,1
34340,dia 18 - Soja Saudavel Vaso 2,18.0,2.0,134.98,2742.0,29.6,86.07,11175,17639,426,4615,20308,9113,1
34341,dia 18 - Soja Saudavel Vaso 2,18.0,2.0,135.18,2796.0,29.6,88.9,11185,17651,427,4649,20321,9105,1
34342,dia 18 - Soja Saudavel Vaso 2,18.0,2.0,135.39,2788.0,29.6,91.1,11202,17653,430,4673,20327,9092,1
34343,dia 18 - Soja Saudavel Vaso 2,18.0,2.0,135.61,2775.0,29.6,92.63,11202,17648,432,4704,20326,9076,1
34344,dia 18 - Soja Saudavel Vaso 2,18.0,2.0,135.81,2803.0,29.6,93.29,11183,17643,433,4718,20313,9023,1
34345,dia 18 - Soja Saudavel Vaso 2,18.0,2.0,136.01,2763.0,29.6,93.48,11193,17593,433,4726,20310,9036,1
34346,dia 18 - Soja Saudavel Vaso 2,18.0,2.0,136.22,2770.0,29.7,93.52,11184,17617,434,4736,20295,9018,1
34347,dia 18 - Soja Saudavel Vaso 2,18.0,2.0,136.42,2796.0,29.7,93.53,11159,17601,433,4743,20291,8994,1
34348,dia 18 - Soja Saudavel Vaso 2,18.0,2.0,136.63,2810.0,29.7,93.53,11165,17605,433,4748,20280,8989,1
34349,dia 18 - Soja Saudavel Vaso 2,18.0,2.0,136.94,2793.0,29.7,93.54,11144,17594,433,4736,20246,8963,1
34350,dia 18 - Soja Saudavel Vaso 2,18.0,2.0,137.15,2790.0,29.7,93.53,11143,17602,433,4747,20269,8956,1
34351,dia 18 - Soja Saudavel Vaso 2,18.0,2.0,137.35,2781.0,29.7,93.53,10950,17576,427,4728,20210,8937,1
34352,dia 18 - Soja Saudavel Vaso 2,18.0,2.0,137.55,2782.0,29.7,93.53,11119,17583,433,4760,20244,8926,1
34353,dia 18 - Soja Saudavel Vaso 2,18.0,2.0,137.75,2769.0,29.7,93.54,11118,17588,432,4763,20245,8921,1
34354,dia 18 - Soja Saudavel Vaso 2,18.0,2.0,137.94,2802.0,29.7,93.54,11116,17588,434,4768,20244,8915,1
34355,dia 18 - Soja Saudavel Vaso 2,18.0,2.0,138.14,2766.0,29.7,93.54,11114,17590,433,4759,20243,8910,1
34356,dia 18 - Soja Saudavel Vaso 2,18.0,2.0,138.35,2809.0,29.7,93.54,11112,17590,433,4769,20240,8905,1
34357,dia 18 - Soja Saudavel Vaso 2,18.0,2.0,138.55,2818.0,29.7,93.53,11115,17574,433,4763,20218,8903,1
34358,dia 18 - Soja Saudavel Vaso 2,18.0,2.0,138.76,2844.0,29.7,93.54,11115,17598,433,4774,20241,8900,1
34359,dia 18 - Soja Saudavel Vaso 2,18.0,2.0,138.97,2758.0,29.7,93.54,11112,17601,434,4775,20223,8890,1
34360,dia 18 - Soja Saudavel Vaso 2,18.0,2.0,139.18,2783.0,29.7,93.54,11110,17586,433,4773,20234,8892,1
34361,dia 18 - Soja Saudavel Vaso 2,18.0,2.0,139.39,2796.0,29.7,93.54,11107,17593,433,4768,20233,8888,1
34362,dia 18 - Soja Saudavel Vaso 2,18.0,2.0,139.59,2788.0,29.7,93.54,11111,17594,433,4767,20215,8887,1
34363,dia 18 - Soja Saudavel Vaso 2,18.0,2.0,139.81,2774.0,29.7,93.54,11115,17600,433,4766,20224,8880,1
34364,dia 18 - Soja Saudavel Vaso 2,18.0,2.0,140.01,2808.0,29.7,93.54,11115,17589,434,4766,20212,8881,1
34365,dia 18 - Soja Saudavel Vaso 2,18.0,2.0,140.21,2852.0,29.7,93.54,11109,17606,433,4770,20199,8878,1
34366,dia 18 - Soja Saudavel Vaso 2,18.0,2.0,140.42,2798.0,29.7,93.54,11123,17610,435,4791,20225,8886,1
34367,dia 18 - Soja Saudavel Vaso 2,18.0,2.0,140.62,2806.0,29.7,93.53,11121,17608,435,4791,20218,8884,1
34368,dia 18 - Soja Saudavel Vaso 2,18.0,2.0,140.81,2784.0,29.7,93.53,11124,17610,434,4795,20218,8884,1
34369,dia 18 - Soja Saudavel Vaso 2,18.0,2.0,141.01,2823.0,29.7,93.54,11126,17611,435,4790,20215,8884,1
34370,dia 18 - Soja Saudavel Vaso 2,18.0,2.0,141.22,2808.0,29.7,93.54,11128,17614,434,4789,20215,8884,1
34371,dia 18 - Soja Saudavel Vaso 2,18.0,2.0,141.41,2764.0,29.7,93.53,11131,17617,434,4785,20214,8884,1
34372,dia 18 - Soja Saudavel Vaso 2,18.0,2.0,141.62,2819.0,29.7,93.54,11133,17616,431,4796,20181,8855,1
34373,dia 18 - Soja Saudavel Vaso 2,18.0,2.0,141.85,2805.0,29.7,93.54,11140,17625,435,4792,20217,8889,1
34374,dia 18 - Soja Saudavel Vaso 2,18.0,2.0,142.06,2833.0,29.7,93.53,11144,17626,435,4790,20215,8890,1
34375,dia 18 - Soja Saudavel Vaso 2,18.0,2.0,142.26,2743.0,29.7,93.54,10946,17561,434,4786,19832,8624,1
36141,dia 18 - Soja Saudavel Vaso 4,18.0,4.0,114.05,2812.0,33.7,93.54,11514,18340,402,3655,20917,8926,1
36142,dia 18 - Soja Saudavel Vaso 4,18.0,4.0,114.26,2843.0,33.7,93.54,11513,18347,403,3664,20913,8923,1
36143,dia 18 - Soja Saudavel Vaso 4,18.0,4.0,114.47,2832.0,33.7,93.54,11493,18331,402,3656,20909,8919,1
36144,dia 18 - Soja Saudavel Vaso 4,18.0,4.0,114.77,2860.0,33.7,93.54,11488,18343,402,3658,20908,8921,1
36145,dia 18 - Soja Saudavel Vaso 4,18.0,4.0,114.98,2834.0,33.7,93.54,11509,18337,403,3661,20914,8919,1
36146,dia 18 - Soja Saudavel Vaso 4,18.0,4.0,115.19,2817.0,33.7,93.54,11513,18342,402,3664,20910,8920,1
36147,dia 18 - Soja Saudavel Vaso 4,18.0,4.0,115.4,2809.0,33.7,93.54,11511,18346,403,3663,20908,8920,1
36148,dia 18 - Soja Saudavel Vaso 4,18.0,4.0,115.6,2810.0,33.7,93.54,11512,18340,402,3666,20913,8919,1
36149,dia 18 - Soja Saudavel Vaso 4,18.0,4.0,115.8,2825.0,33.7,93.54,11510,18314,402,3666,20905,8917,1
36150,dia 18 - Soja Saudavel Vaso 4,18.0,4.0,116.01,2850.0,33.7,93.54,11514,18347,403,3665,20916,8918,1
36151,dia 18 - Soja Saudavel Vaso 4,18.0,4.0,116.22,2831.0,33.8,93.54,11515,18348,402,3666,20916,8917,1
36152,dia 18 - Soja Saudavel Vaso 4,18.0,4.0,116.43,2837.0,33.8,93.53,11512,18341,402,3663,20910,8914,1
36153,dia 18 - Soja Saudavel Vaso 4,18.0,4.0,116.64,2828.0,33.7,93.54,11514,18346,402,3666,20913,8915,1
36154,dia 18 - Soja Saudavel Vaso 4,18.0,4.0,116.85,2836.0,33.8,93.54,11477,18348,402,3667,20915,8913,1
36155,dia 18 - Soja Saudavel Vaso 4,18.0,4.0,117.06,2839.0,33.8,93.54,11515,18342,403,3664,20916,8913,1
36156,dia 18 - Soja Saudavel Vaso 4,18.0,4.0,117.26,2821.0,33.8,93.54,11514,18346,402,3667,20908,8912,1
36157,dia 18 - Soja Saudavel Vaso 4,18.0,4.0,117.47,2847.0,33.8,93.54,11407,18310,399,3670,20915,8909,1
36158,dia 18 - Soja Saudavel Vaso 4,18.0,4.0,117.67,2862.0,33.8,93.54,11514,18346,402,3669,20907,8910,1
36159,dia 18 - Soja Saudavel Vaso 4,18.0,4.0,117.88,2823.0,33.8,93.54,11512,18342,403,3669,20910,8909,1
36160,dia 18 - Soja Saudavel Vaso 4,18.0,4.0,118.09,2828.0,33.8,93.54,11517,18349,403,3668,20917,8911,1
36161,dia 18 - Soja Saudavel Vaso 4,18.0,4.0,118.3,2824.0,33.8,93.54,11516,18351,402,3669,20917,8911,1
36162,dia 18 - Soja Saudavel Vaso 4,18.0,4.0,118.51,2825.0,33.8,93.55,11514,18288,402,3665,20919,8908,1
36163,dia 18 - Soja Saudavel Vaso 4,18.0,4.0,118.72,2836.0,33.8,93.54,11511,18342,403,3668,20876,8845,1
36164,dia 18 - Soja Saudavel Vaso 4,18.0,4.0,118.92,2831.0,33.8,93.54,11516,18310,403,3670,20916,8865,1
36165,dia 18 - Soja Saudavel Vaso 4,18.0,4.0,119.12,2841.0,33.8,93.54,11512,18313,403,3672,20915,8903,1
36166,dia 18 - Soja Saudavel Vaso 4,18.0,4.0,119.33,2820.0,33.8,93.54,11513,18347,403,3668,20786,8841,1
36167,dia 18 - Soja Saudavel Vaso 4,18.0,4.0,119.54,2830.0,33.8,93.54,11515,18316,403,3671,20877,8837,1
36168,dia 18 - Soja Saudavel Vaso 4,18.0,4.0,119.74,2816.0,33.8,93.54,11502,18327,402,3667,20893,8841,1
36169,dia 18 - Soja Saudavel Vaso 4,18.0,4.0,119.94,2827.0,33.8,93.54,11518,18351,403,3670,20919,8906,1
36170,dia 18 - Soja Saudavel Vaso 4,18.0,4.0,120.14,2823.0,33.8,93.55,11518,18352,403,3673,20932,8916,1
36171,dia 18 - Soja Saudavel Vaso 4,18.0,4.0,120.35,2828.0,33.8,93.36,11391,18190,398,3660,20737,8821,1
36172,dia 18 - Soja Saudavel Vaso 4,18.0,4.0,120.56,2819.0,33.8,92.16,11410,18190,397,3661,20663,8802,1
36173,dia 18 - Soja Saudavel Vaso 4,18.0,4.0,120.77,2777.0,33.8,91.16,11343,18197,398,3657,20747,8746,1
36174,dia 18 - Soja Saudavel Vaso 4,18.0,4.0,120.98,2838.0,33.8,90.35,11412,18204,399,3654,20606,8815,1
36175,dia 18 - Soja Saudavel Vaso 4,18.0,4.0,121.18,2807.0,33.8,89.65,11409,18204,398,3651,20592,8814,1
36176,dia 18 - Soja Saudavel Vaso 4,18.0,4.0,121.39,2828.0,33.8,89.01,11403,18201,398,3643,20752,8741,1
36177,dia 18 - Soja Saudavel Vaso 4,18.0,4.0,121.59,2834.0,33.8,88.42,11405,18207,398,3644,20590,8813,1
36178,dia 18 - Soja Saudavel Vaso 4,18.0,4.0,121.8,2828.0,33.8,87.85,11410,18075,398,3642,20757,8815,1
36179,dia 18 - Soja Saudavel Vaso 4,18.0,4.0,122.01,2835.0,33.8,87.32,11415,18103,399,3638,20758,8814,1
36180,dia 18 - Soja Saudavel Vaso 4,18.0,4.0,122.22,2824.0,33.8,86.8,11327,18218,396,3635,20752,8765,1
36181,dia 18 - Soja Saudavel Vaso 4,18.0,4.0,122.42,2846.0,33.8,86.33,11412,18156,399,3631,20752,8809,1
36182,dia 18 - Soja Saudavel Vaso 4,18.0,4.0,122.63,2816.0,33.8,85.87,11396,18181,398,3620,20716,8795,1
36183,dia 18 - Soja Saudavel Vaso 4,18.0,4.0,122.83,2833.0,33.9,85.4,11426,18087,397,3620,20742,8806,1
36184,dia 18 - Soja Saudavel Vaso 4,18.0,4.0,123.04,2878.0,33.9,84.94,11424,18070,397,3619,20732,8798,1
36185,dia 18 - Soja Saudavel Vaso 4,18.0,4.0,123.24,2793.0,33.9,84.48,11427,18096,396,3615,20713,8772,1
36186,dia 18 - Soja Saudavel Vaso 4,18.0,4.0,123.45,2801.0,33.9,84.01,11331,18180,396,3612,20708,8782,1
36187,dia 18 - Soja Saudavel Vaso 4,18.0,4.0,123.66,2813.0,33.9,83.58,11325,18153,395,3606,20653,8768,1
36188,dia 18 - Soja Saudavel Vaso 4,18.0,4.0,123.87,2808.0,33.9,83.15,11422,18172,393,3603,20688,8776,1
36189,dia 18 - Soja Saudavel Vaso 4,18.0,4.0,124.07,2815.0,33.9,82.75,11368,18166,397,3602,20721,8789,1
36190,dia 18 - Soja Saudavel Vaso 4,18.0,4.0,124.28,2840.0,34.0,82.34,11353,18196,397,3597,20714,8737,1
36191,dia 18 - Soja Saudavel Vaso 4,18.0,4.0,124.48,2837.0,34.0,81.93,11446,18200,394,3593,20718,8788,1
36192,dia 18 - Soja Saudavel Vaso 4,18.0,4.0,124.69,2809.0,34.0,81.53,11452,18204,393,3591,20718,8789,1
36193,dia 18 - Soja Saudavel Vaso 4,18.0,4.0,124.9,2816.0,34.0,81.11,11456,18209,397,3581,20722,8788,1
36194,dia 18 - Soja Saudavel Vaso 4,18.0,4.0,125.11,2835.0,34.0,80.71,11458,18211,392,3584,20723,8789,1
36195,dia 18 - Soja Saudavel Vaso 4,18.0,4.0,125.31,2806.0,34.0,80.31,11465,18211,395,3577,20717,8775,1
36196,dia 18 - Soja Saudavel Vaso 4,18.0,4.0,125.52,2872.0,34.0,79.91,11463,18201,395,3574,20726,8792,1
36197,dia 18 - Soja Saudavel Vaso 4,18.0,4.0,125.72,2862.0,34.0,79.54,11470,18216,396,3566,20725,8795,1
36198,dia 18 - Soja Saudavel Vaso 4,18.0,4.0,125.93,2818.0,34.1,79.17,11471,18216,396,3565,20722,8795,1
36199,dia 18 - Soja Saudavel Vaso 4,18.0,4.0,126.13,2775.0,34.1,78.78,11472,18210,395,3561,20722,8776,1
36200,dia 18 - Soja Saudavel Vaso 4,18.0,4.0,126.35,2803.0,34.1,78.4,11474,18212,396,3561,20689,8796,1
36201,dia 18 - Soja Saudavel Vaso 4,18.0,4.0,126.66,2832.0,34.1,77.86,11452,18209,395,3553,20717,8795,1
36202,dia 18 - Soja Saudavel Vaso 4,18.0,4.0,126.86,2819.0,34.1,77.49,11467,18208,394,3552,20720,8794,1
36203,dia 18 - Soja Saudavel Vaso 4,18.0,4.0,127.07,2800.0,34.1,77.12,11470,18208,393,3549,20715,8792,1
36204,dia 18 - Soja Saudavel Vaso 4,18.0,4.0,127.27,2832.0,34.1,76.79,11475,18203,394,3545,20719,8791,1
36205,dia 18 - Soja Saudavel Vaso 4,18.0,4.0,127.47,2824.0,34.1,76.46,11462,18206,393,3543,20706,8780,1
36206,dia 18 - Soja Saudavel Vaso 4,18.0,4.0,127.69,2848.0,34.1,76.11,11478,18202,393,3539,20720,8792,1
36207,dia 18 - Soja Saudavel Vaso 4,18.0,4.0,127.89,2823.0,34.1,75.77,11475,18203,392,3534,20716,8792,1
36208,dia 18 - Soja Saudavel Vaso 4,18.0,4.0,128.1,2829.0,34.1,75.47,11471,18199,393,3532,20716,8789,1
36209,dia 18 - Soja Saudavel Vaso 4,18.0,4.0,128.31,2829.0,34.2,75.14,11470,18200,392,3528,20711,8787,1
36210,dia 18 - Soja Saudavel Vaso 4,18.0,4.0,128.51,2818.0,34.2,74.79,11451,18018,390,3515,20530,8777,1
36211,dia 18 - Soja Saudavel Vaso 4,18.0,4.0,128.72,2792.0,34.2,74.47,11468,18202,392,3520,20705,8790,1
36212,dia 18 - Soja Saudavel Vaso 4,18.0,4.0,128.92,2837.0,34.2,74.15,11461,18193,392,3514,20702,8793,1
36213,dia 18 - Soja Saudavel Vaso 4,18.0,4.0,129.13,2812.0,34.2,73.82,11454,18205,392,3512,20685,8785,1
36214,dia 18 - Soja Saudavel Vaso 4,18.0,4.0,129.35,2811.0,34.2,73.48,11468,18205,391,3509,20712,8800,1
36215,dia 18 - Soja Saudavel Vaso 4,18.0,4.0,129.55,2838.0,34.2,73.15,11483,18231,391,3507,20740,8813,1
36216,dia 18 - Soja Saudavel Vaso 4,18.0,4.0,129.75,2788.0,34.2,72.83,11462,18203,391,3499,20715,8802,1
36217,dia 18 - Soja Saudavel Vaso 4,18.0,4.0,129.96,2825.0,34.2,72.49,11463,18205,391,3500,20713,8798,1
36218,dia 18 - Soja Saudavel Vaso 4,18.0,4.0,130.16,2790.0,34.2,72.18,11463,18218,391,3494,20716,8808,1
36219,dia 18 - Soja Saudavel Vaso 4,18.0,4.0,130.37,2857.0,34.2,71.84,11467,18206,390,3494,20712,8812,1
36220,dia 18 - Soja Saudavel Vaso 4,18.0,4.0,130.58,2816.0,34.2,71.51,11468,18208,389,3490,20707,8813,1
36221,dia 18 - Soja Saudavel Vaso 4,18.0,4.0,130.78,2822.0,34.2,71.21,11470,18197,389,3488,20713,8806,1
36222,dia 18 - Soja Saudavel Vaso 4,18.0,4.0,131.0,2784.0,34.2,70.89,11469,18212,391,3483,20725,8755,1
36223,dia 18 - Soja Saudavel Vaso 4,18.0,4.0,131.21,2845.0,34.2,70.59,11470,18215,390,3482,20727,8759,1
36224,dia 18 - Soja Saudavel Vaso 4,18.0,4.0,131.41,2825.0,34.2,70.3,11465,18213,389,3480,20726,8821,1
36225,dia 18 - Soja Saudavel Vaso 4,18.0,4.0,131.61,2825.0,34.2,69.99,11425,18211,389,3473,20727,8823,1
36226,dia 18 - Soja Saudavel Vaso 4,18.0,4.0,131.81,2819.0,34.2,69.69,11465,18212,389,3474,20693,8822,1
36227,dia 18 - Soja Saudavel Vaso 4,18.0,4.0,132.02,2823.0,34.2,69.39,11462,18213,390,3470,20726,8823,1
36228,dia 18 - Soja Saudavel Vaso 4,18.0,4.0,132.23,2819.0,34.2,69.09,11463,18217,388,3466,20717,8823,1
36229,dia 18 - Soja Saudavel Vaso 4,18.0,4.0,132.43,2824.0,34.2,68.79,11463,18218,388,3465,20723,8824,1
36230,dia 18 - Soja Saudavel Vaso 4,18.0,4.0,132.63,2839.0,34.2,68.51,11459,18207,387,3462,20699,8818,1
36231,dia 18 - Soja Saudavel Vaso 4,18.0,4.0,132.85,2824.0,34.2,68.21,11461,18217,389,3459,20727,8765,1
36232,dia 18 - Soja Saudavel Vaso 4,18.0,4.0,133.05,2840.0,34.2,67.92,11475,18240,388,3452,20756,8780,1
36233,dia 18 - Soja Saudavel Vaso 4,18.0,4.0,133.26,2860.0,34.2,67.64,11457,18205,387,3452,20724,8757,1
36234,dia 18 - Soja Saudavel Vaso 4,18.0,4.0,133.47,2820.0,34.2,67.36,11459,18212,386,3447,20689,8795,1
36235,dia 18 - Soja Saudavel Vaso 4,18.0,4.0,133.68,2833.0,34.2,67.08,11455,18214,387,3444,20501,8816,1
36236,dia 18 - Soja Saudavel Vaso 4,18.0,4.0,133.88,2794.0,34.2,66.82,11457,18208,387,3440,20583,8821,1
36237,dia 18 - Soja Saudavel Vaso 4,18.0,4.0,134.09,2821.0,34.2,66.54,11456,18210,386,3437,20583,8815,1
36238,dia 18 - Soja Saudavel Vaso 4,18.0,4.0,134.29,2833.0,34.2,66.28,11460,18175,386,3434,20579,8800,1
36239,dia 18 - Soja Saudavel Vaso 4,18.0,4.0,134.49,2835.0,34.2,66.01,11448,18210,386,3432,20561,8804,1
36240,dia 18 - Soja Saudavel Vaso 4,18.0,4.0,134.71,2817.0,34.2,65.74,11428,18188,386,3430,20738,8814,1
36241,dia 18 - Soja Saudavel Vaso 4,18.0,4.0,134.91,2826.0,34.2,65.49,11474,18027,387,3428,20725,8721,1
36242,dia 18 - Soja Saudavel Vaso 4,18.0,4.0,135.12,2813.0,34.2,65.23,11460,18033,386,3427,20739,8808,1
36243,dia 18 - Soja Saudavel Vaso 4,18.0,4.0,135.33,2845.0,34.2,64.97,11457,18065,386,3423,20741,8806,1
36244,dia 18 - Soja Saudavel Vaso 4,18.0,4.0,135.53,2820.0,34.2,64.72,11383,18152,385,3420,20664,8755,1
36245,dia 18 - Soja Saudavel Vaso 4,18.0,4.0,135.74,2835.0,34.2,64.46,11445,18068,386,3410,20749,8800,1
36246,dia 18 - Soja Saudavel Vaso 4,18.0,4.0,135.94,2856.0,34.2,64.21,11440,18070,384,3410,20745,8803,1
36247,dia 18 - Soja Saudavel Vaso 4,18.0,4.0,136.15,2868.0,34.2,63.95,11375,18205,385,3404,20724,8801,1
36248,dia 18 - Soja Saudavel Vaso 4,18.0,4.0,136.37,2833.0,34.2,63.67,11466,18208,385,3393,20748,8800,1
36249,dia 18 - Soja Saudavel Vaso 4,18.0,4.0,136.59,2796.0,34.2,63.42,11466,18205,385,3390,20748,8796,1
36250,dia 18 - Soja Saudavel Vaso 4,18.0,4.0,136.79,2807.0,34.2,63.17,11450,18185,383,3387,20735,8792,1
36251,dia 18 - Soja Saudavel Vaso 4,18.0,4.0,136.99,2815.0,34.2,62.93,11469,18201,384,3388,20739,8790,1
36252,dia 18 - Soja Saudavel Vaso 4,18.0,4.0,137.19,2808.0,34.2,62.69,11470,18188,383,3371,20743,8782,1
36253,dia 18 - Soja Saudavel Vaso 4,18.0,4.0,137.4,2802.0,34.2,62.45,11472,18201,383,3381,20742,8784,1
36254,dia 18 - Soja Saudavel Vaso 4,18.0,4.0,137.62,2797.0,34.2,62.2,11471,18193,382,3380,20737,8777,1
36255,dia 18 - Soja Saudavel Vaso 4,18.0,4.0,137.82,2820.0,34.2,61.96,11465,18197,383,3376,20749,8779,1
36256,dia 18 - Soja Saudavel Vaso 4,18.0,4.0,138.02,2824.0,34.2,61.73,11461,18172,381,3374,20724,8767,1
36257,dia 18 - Soja Saudavel Vaso 4,18.0,4.0,138.23,2829.0,34.2,61.5,11475,18197,383,3374,20753,8775,1
36258,dia 18 - Soja Saudavel Vaso 4,18.0,4.0,138.44,2830.0,34.2,61.26,11474,18194,383,3373,20753,8765,1
36259,dia 18 - Soja Saudavel Vaso 4,18.0,4.0,138.74,2798.0,34.2,60.91,11476,18185,383,3371,20752,8768,1
36260,dia 18 - Soja Saudavel Vaso 4,18.0,4.0,138.95,2828.0,34.2,60.68,11477,18190,382,3363,20715,8765,1
36261,dia 18 - Soja Saudavel Vaso 4,18.0,4.0,139.16,2821.0,34.2,60.43,11477,18190,382,3363,20748,8765,1
36262,dia 18 - Soja Saudavel Vaso 4,18.0,4.0,139.37,2831.0,34.2,60.2,11475,18188,382,3359,20748,8761,1
36263,dia 18 - Soja Saudavel Vaso 4,18.0,4.0,139.57,2850.0,34.2,59.97,11480,18186,381,3358,20752,8759,1
36264,dia 18 - Soja Saudavel Vaso 4,18.0,4.0,139.78,2805.0,34.2,59.73,11480,18189,381,3356,20756,8758,1
36265,dia 18 - Soja Saudavel Vaso 4,18.0,4.0,139.98,2852.0,34.2,59.5,11464,18163,381,3351,20730,8758,1
36266,dia 18 - Soja Saudavel Vaso 4,18.0,4.0,140.19,2828.0,34.2,59.28,11479,18185,380,3354,20754,8755,1
36267,dia 18 - Soja Saudavel Vaso 4,18.0,4.0,140.4,2847.0,34.2,59.04,11494,18206,382,3352,20780,8765,1
36268,dia 18 - Soja Saudavel Vaso 4,18.0,4.0,140.6,2830.0,34.2,58.82,11463,18186,380,3349,20757,8754,1
36269,dia 18 - Soja Saudavel Vaso 4,18.0,4.0,140.81,2861.0,34.2,58.61,11478,18186,379,3347,20758,8749,1
36270,dia 18 - Soja Saudavel Vaso 4,18.0,4.0,141.01,2865.0,34.2,58.38,11481,18188,379,3343,20759,8748,1
36271,dia 18 - Soja Saudavel Vaso 4,18.0,4.0,141.22,2834.0,34.2,58.17,11473,18185,378,3339,20754,8750,1
36272,dia 18 - Soja Saudavel Vaso 4,18.0,4.0,141.43,2767.0,34.2,57.96,11479,18189,380,3337,20728,8747,1
36273,dia 18 - Soja Saudavel Vaso 4,18.0,4.0,141.63,2818.0,34.2,57.74,11482,18192,379,3336,20761,8747,1
36274,dia 18 - Soja Saudavel Vaso 4,18.0,4.0,141.83,2847.0,34.2,57.52,11485,18193,379,3331,20762,8748,1
36275,dia 18 - Soja Saudavel Vaso 4,18.0,4.0,142.04,2873.0,34.2,57.32,11489,18198,379,3329,20771,8748,1
36276,dia 18 - Soja Saudavel Vaso 4,18.0,4.0,142.25,2849.0,34.2,57.1,11492,18199,379,3328,20777,8749,1
36277,dia 18 - Soja Saudavel Vaso 4,18.0,4.0,142.46,2830.0,34.2,56.9,11492,18198,379,3327,20777,8748,1
36278,dia 18 - Soja Saudavel Vaso 4,18.0,4.0,142.66,2827.0,34.2,56.69,11493,18108,376,3321,20783,8747,1
36279,dia 18 - Soja Saudavel Vaso 4,18.0,4.0,142.87,2888.0,34.2,56.48,11495,18202,378,3328,20783,8748,1
36280,dia 18 - Soja Saudavel Vaso 4,18.0,4.0,143.08,2840.0,34.2,56.27,11498,18210,379,3325,20783,8748,1
36281,dia 18 - Soja Saudavel Vaso 4,18.0,4.0,143.29,2833.0,34.2,56.08,11503,18210,379,3324,20797,8747,1
36282,dia 18 - Soja Saudavel Vaso 4,18.0,4.0,143.5,2876.0,34.2,55.87,11507,18206,379,3322,20793,8716,1
36283,dia 18 - Soja Saudavel Vaso 4,18.0,4.0,143.7,2826.0,34.2,55.68,11508,18181,378,3321,20795,8685,1
36284,dia 18 - Soja Saudavel Vaso 4,18.0,4.0,143.9,2822.0,34.3,55.49,11494,18221,378,3321,20805,8742,1
36285,dia 18 - Soja Saudavel Vaso 4,18.0,4.0,144.12,2876.0,34.2,55.29,11517,18222,379,3317,20662,8753,1
36286,dia 18 - Soja Saudavel Vaso 4,18.0,4.0,144.33,2885.0,34.2,55.09,11521,18221,378,3316,20665,8756,1
36287,dia 18 - Soja Saudavel Vaso 4,18.0,4.0,144.54,2860.0,34.2,54.9,11517,18023,378,3312,20730,8754,1
36288,dia 18 - Soja Saudavel Vaso 4,18.0,4.0,144.75,2801.0,34.3,54.71,11521,18086,379,3310,20811,8750,1
36289,dia 18 - Soja Saudavel Vaso 4,18.0,4.0,144.95,2858.0,34.2,54.53,11524,18093,378,3309,20822,8756,1
36290,dia 18 - Soja Saudavel Vaso 4,18.0,4.0,145.16,2835.0,34.3,54.34,11530,18095,377,3309,20814,8754,1
36291,dia 18 - Soja Saudavel Vaso 4,18.0,4.0,145.37,2821.0,34.3,54.16,11449,18237,378,3308,20829,8749,1
36292,dia 18 - Soja Saudavel Vaso 4,18.0,4.0,145.57,2829.0,34.3,53.98,11455,18237,378,3312,20832,8755,1
36293,dia 18 - Soja Saudavel Vaso 4,18.0,4.0,145.78,2835.0,34.3,53.8,11454,18238,378,3308,20825,8756,1
36294,dia 18 - Soja Saudavel Vaso 4,18.0,4.0,145.99,2839.0,34.3,53.62,11528,18227,374,3307,20843,8752,1
36295,dia 18 - Soja Saudavel Vaso 4,18.0,4.0,146.19,2827.0,34.3,53.44,11541,18248,374,3306,20849,8761,1
36296,dia 18 - Soja Saudavel Vaso 4,18.0,4.0,146.4,2824.0,34.3,53.27,11540,18243,374,3301,20852,8759,1
36297,dia 18 - Soja Saudavel Vaso 4,18.0,4.0,146.6,2842.0,34.3,53.1,11551,18247,374,3308,20852,8762,1
36298,dia 18 - Soja Saudavel Vaso 4,18.0,4.0,146.81,2801.0,34.3,52.93,11548,18253,374,3304,20855,8763,1
36299,dia 18 - Soja Saudavel Vaso 4,18.0,4.0,147.02,2827.0,34.3,52.76,11552,18257,376,3301,20850,8762,1
36300,dia 18 - Soja Saudavel Vaso 4,18.0,4.0,147.22,2798.0,34.3,52.6,11551,18254,374,3303,20858,8766,1
36301,dia 18 - Soja Saudavel Vaso 4,18.0,4.0,147.43,2785.0,34.3,52.43,11543,18252,376,3291,20861,8764,1
36302,dia 18 - Soja Saudavel Vaso 4,18.0,4.0,147.64,2823.0,34.3,52.26,11554,18268,377,3299,20864,8765,1
36303,dia 18 - Soja Saudavel Vaso 4,18.0,4.0,147.84,2843.0,34.3,52.1,11546,18274,375,3294,20854,8757,1
36304,dia 18 - Soja Saudavel Vaso 4,18.0,4.0,148.05,2832.0,34.3,51.93,11561,18277,376,3297,20885,8770,1
36305,dia 18 - Soja Saudavel Vaso 4,18.0,4.0,148.26,2847.0,34.3,51.78,11554,18281,376,3297,20882,8768,1
36306,dia 18 - Soja Saudavel Vaso 4,18.0,4.0,148.47,2840.0,34.3,51.61,11557,18273,376,3291,20882,8771,1
36307,dia 18 - Soja Saudavel Vaso 4,18.0,4.0,148.68,2835.0,34.3,51.45,11564,18282,376,3296,20895,8771,1
36308,dia 18 - Soja Saudavel Vaso 4,18.0,4.0,148.89,2857.0,34.3,51.29,11560,18279,376,3295,20887,8769,1
36309,dia 18 - Soja Saudavel Vaso 4,18.0,4.0,149.09,2838.0,34.3,51.13,11537,18261,376,3294,20899,8775,1
36310,dia 18 - Soja Saudavel Vaso 4,18.0,4.0,149.3,2816.0,34.3,50.98,11556,18294,376,3296,20905,8758,1
36311,dia 18 - Soja Saudavel Vaso 4,18.0,4.0,149.5,2820.0,34.3,50.83,11557,18299,376,3294,20905,8776,1
36312,dia 18 - Soja Saudavel Vaso 4,18.0,4.0,149.7,2829.0,34.3,50.68,11550,18296,375,3293,20911,8766,1
36313,dia 18 - Soja Saudavel Vaso 4,18.0,4.0,149.92,2807.0,34.3,50.52,11565,18306,376,3290,20926,8779,1
36314,dia 18 - Soja Saudavel Vaso 4,18.0,4.0,150.13,2820.0,34.3,50.37,11561,18304,375,3290,20927,8783,1
36315,dia 18 - Soja Saudavel Vaso 4,18.0,4.0,150.33,2830.0,34.3,50.23,11565,18310,375,3289,20933,8765,1
36316,dia 18 - Soja Saudavel Vaso 4,18.0,4.0,150.64,2858.0,34.3,50.01,11561,18309,375,3282,20935,8777,1
36317,dia 18 - Soja Saudavel Vaso 4,18.0,4.0,150.84,2796.0,34.3,49.86,11562,18318,376,3287,20944,8780,1
36318,dia 18 - Soja Saudavel Vaso 4,18.0,4.0,151.04,2861.0,34.3,49.73,11566,18317,376,3286,20945,8782,1
36319,dia 18 - Soja Saudavel Vaso 4,18.0,4.0,151.24,2831.0,34.3,49.59,11559,18315,374,3283,20948,8775,1
36320,dia 18 - Soja Saudavel Vaso 4,18.0,4.0,151.45,2829.0,34.3,49.45,11575,18328,375,3283,20961,8788,1
36321,dia 18 - Soja Saudavel Vaso 4,18.0,4.0,151.66,2837.0,34.3,49.31,11575,18325,374,3280,20964,8789,1
36322,dia 18 - Soja Saudavel Vaso 4,18.0,4.0,151.87,2839.0,34.3,49.17,11579,18334,375,3271,20928,8790,1
36323,dia 18 - Soja Saudavel Vaso 4,18.0,4.0,152.08,2844.0,34.3,49.03,11578,18329,375,3275,20975,8790,1
36324,dia 18 - Soja Saudavel Vaso 4,18.0,4.0,152.29,2833.0,34.3,48.9,11582,18336,374,3278,20975,8792,1
36325,dia 18 - Soja Saudavel Vaso 4,18.0,4.0,152.49,2829.0,34.3,48.76,11586,18348,374,3271,20981,8792,1
36326,dia 18 - Soja Saudavel Vaso 4,18.0,4.0,152.7,2804.0,34.3,48.63,11566,18351,374,3274,20982,8779,1
36327,dia 18 - Soja Saudavel Vaso 4,18.0,4.0,152.9,2784.0,34.3,48.51,11589,18344,374,3270,20985,8794,1
36328,dia 18 - Soja Saudavel Vaso 4,18.0,4.0,153.11,2867.0,34.3,48.36,11587,18341,374,3260,20966,8793,1
36329,dia 18 - Soja Saudavel Vaso 4,18.0,4.0,153.32,2816.0,34.3,48.24,11595,18353,374,3255,21003,8801,1
36330,dia 18 - Soja Saudavel Vaso 4,18.0,4.0,153.53,2826.0,34.3,48.12,11596,18347,373,3258,21003,8800,1
36331,dia 18 - Soja Saudavel Vaso 4,18.0,4.0,153.73,2836.0,34.3,47.99,11559,18353,373,3260,20939,8801,1
36332,dia 18 - Soja Saudavel Vaso 4,18.0,4.0,153.94,2837.0,34.3,47.86,11583,18324,374,3257,20974,8804,1
36333,dia 18 - Soja Saudavel Vaso 4,18.0,4.0,154.15,2839.0,34.3,47.74,11604,18362,373,3255,21021,8761,1
36334,dia 18 - Soja Saudavel Vaso 4,18.0,4.0,154.36,2817.0,34.3,47.62,11611,18369,373,3254,21026,8746,1
36335,dia 18 - Soja Saudavel Vaso 4,18.0,4.0,154.57,2837.0,34.3,47.49,11611,18373,373,3252,20872,8810,1
36336,dia 18 - Soja Saudavel Vaso 4,18.0,4.0,154.77,2818.0,34.3,47.38,11619,18371,373,3242,20883,8798,1
36337,dia 18 - Soja Saudavel Vaso 4,18.0,4.0,154.98,2812.0,34.3,47.26,11621,18383,373,3249,20886,8816,1
36338,dia 18 - Soja Saudavel Vaso 4,18.0,4.0,155.2,2825.0,34.3,47.14,11544,18387,373,3245,21052,8820,1
36339,dia 18 - Soja Saudavel Vaso 4,18.0,4.0,155.41,2839.0,34.3,47.02,11630,18390,370,3246,21057,8821,1
36340,dia 18 - Soja Saudavel Vaso 4,18.0,4.0,155.61,2835.0,34.3,46.9,11619,18388,372,3245,21067,8823,1
36341,dia 18 - Soja Saudavel Vaso 4,18.0,4.0,155.82,2830.0,34.3,46.79,11636,18391,373,3232,21063,8824,1
36342,dia 18 - Soja Saudavel Vaso 4,18.0,4.0,156.03,2836.0,34.3,46.68,11639,18399,372,3245,21064,8829,1
36343,dia 18 - Soja Saudavel Vaso 4,18.0,4.0,156.23,2831.0,34.3,46.57,11641,18396,371,3241,21074,8826,1
36344,dia 18 - Soja Saudavel Vaso 4,18.0,4.0,156.44,2858.0,34.3,46.46,11644,18406,372,3240,21077,8832,1
36345,dia 18 - Soja Saudavel Vaso 4,18.0,4.0,156.65,2844.0,34.3,46.35,11651,18408,373,3236,21086,8833,1
36346,dia 18 - Soja Saudavel Vaso 4,18.0,4.0,156.85,2807.0,34.3,46.25,11652,18412,372,3236,21087,8835,1
36347,dia 18 - Soja Saudavel Vaso 4,18.0,4.0,157.07,2856.0,34.3,46.13,11659,18421,373,3238,21096,8840,1
36348,dia 18 - Soja Saudavel Vaso 4,18.0,4.0,157.29,2793.0,34.3,46.02,11663,18425,373,3238,21100,8841,1
36349,dia 18 - Soja Saudavel Vaso 4,18.0,4.0,157.5,2812.0,34.3,45.92,11664,18420,374,3234,21103,8841,1
36350,dia 18 - Soja Saudavel Vaso 4,18.0,4.0,157.7,2800.0,34.3,45.81,11669,18424,372,3233,21108,8844,1
36351,dia 18 - Soja Saudavel Vaso 4,18.0,4.0,157.91,2812.0,34.3,45.71,11669,18434,374,3233,21112,8847,1
36352,dia 18 - Soja Saudavel Vaso 4,18.0,4.0,158.12,2828.0,34.3,45.61,11674,18438,374,3233,21111,8850,1
36353,dia 18 - Soja Saudavel Vaso 4,18.0,4.0,158.32,2826.0,34.3,45.5,11685,18443,373,3232,21122,8852,1
36354,dia 18 - Soja Saudavel Vaso 4,18.0,4.0,158.53,2805.0,34.3,45.41,11687,18447,373,3232,21131,8856,1
36355,dia 18 - Soja Saudavel Vaso 4,18.0,4.0,158.74,2818.0,34.3,45.3,11688,18451,373,3230,21133,8858,1
36356,dia 18 - Soja Saudavel Vaso 4,18.0,4.0,158.94,2828.0,34.3,45.21,11683,18434,373,3227,21144,8849,1
36357,dia 18 - Soja Saudavel Vaso 4,18.0,4.0,159.15,2844.0,34.3,45.11,11703,18461,374,3228,21146,8864,1
36358,dia 18 - Soja Saudavel Vaso 4,18.0,4.0,159.35,2825.0,34.3,45.01,11722,18486,374,3228,21177,8877,1
36359,dia 18 - Soja Saudavel Vaso 4,18.0,4.0,159.56,2791.0,34.3,44.92,11710,18470,371,3227,21154,8869,1
36360,dia 18 - Soja Saudavel Vaso 4,18.0,4.0,159.77,2840.0,34.3,44.83,11714,18473,374,3223,21160,8869,1
36361,dia 18 - Soja Saudavel Vaso 4,18.0,4.0,159.97,2865.0,34.3,44.73,11714,18478,373,3225,21166,8875,1
36362,dia 18 - Soja Saudavel Vaso 4,18.0,4.0,160.18,2840.0,34.3,44.64,11727,18477,374,3225,21150,8873,1
36363,dia 18 - Soja Saudavel Vaso 4,18.0,4.0,160.39,2862.0,34.3,44.55,11734,18486,373,3225,21178,8879,1
36364,dia 18 - Soja Saudavel Vaso 4,18.0,4.0,160.59,2831.0,34.3,44.46,11737,18491,374,3223,21182,8884,1
36365,dia 18 - Soja Saudavel Vaso 4,18.0,4.0,160.8,2817.0,34.3,44.37,11722,18470,374,3223,21187,8885,1
36366,dia 18 - Soja Saudavel Vaso 4,18.0,4.0,161.0,2875.0,34.3,44.29,11734,18484,374,3222,21194,8878,1
36367,dia 18 - Soja Saudavel Vaso 4,18.0,4.0,161.21,2871.0,34.3,44.2,11754,18502,374,3222,21199,8826,1
36368,dia 18 - Soja Saudavel Vaso 4,18.0,4.0,161.43,2808.0,34.3,44.12,11772,18529,375,3222,21063,8886,1
36369,dia 18 - Soja Saudavel Vaso 4,18.0,4.0,161.63,2831.0,34.3,44.03,11759,18513,374,3220,21014,8897,1
36370,dia 18 - Soja Saudavel Vaso 4,18.0,4.0,161.84,2805.0,34.3,43.95,11747,18479,374,3217,21048,8899,1
36371,dia 18 - Soja Saudavel Vaso 4,18.0,4.0,162.04,2827.0,34.3,43.87,11749,18521,373,3220,21055,8897,1
36372,dia 18 - Soja Saudavel Vaso 4,18.0,4.0,162.24,2828.0,34.3,43.8,11775,18523,374,3219,21061,8904,1
36373,dia 18 - Soja Saudavel Vaso 4,18.0,4.0,162.55,2860.0,34.3,43.68,11761,18531,372,3217,21078,8906,1
36374,dia 18 - Soja Saudavel Vaso 4,18.0,4.0,162.76,2821.0,34.3,43.6,11790,18539,374,3209,21074,8908,1
36375,dia 18 - Soja Saudavel Vaso 4,18.0,4.0,162.97,2816.0,34.3,43.53,11797,18386,374,3215,21208,8909,1
36376,dia 18 - Soja Saudavel Vaso 4,18.0,4.0,163.18,2822.0,34.3,43.45,11803,18410,375,3214,21244,8916,1
36377,dia 18 - Soja Saudavel Vaso 4,18.0,4.0,163.38,2778.0,34.3,43.38,11822,18432,376,3215,21195,8901,1
36378,dia 18 - Soja Saudavel Vaso 4,18.0,4.0,163.58,2766.0,34.3,47.32,11663,18298,369,3211,20862,8796,1
36379,dia 18 - Soja Saudavel Vaso 4,18.0,4.0,163.79,2754.0,34.3,54.48,11709,18323,371,3227,20878,8801,1
36380,dia 18 - Soja Saudavel Vaso 4,18.0,4.0,163.99,2779.0,34.3,61.04,11746,18355,372,3247,20901,8801,1
36381,dia 18 - Soja Saudavel Vaso 4,18.0,4.0,164.19,2768.0,34.3,66.89,11762,18349,375,3268,20853,8788,1
36382,dia 18 - Soja Saudavel Vaso 4,18.0,4.0,164.4,2761.0,34.3,72.51,11749,18222,376,3293,21008,8753,1
36383,dia 18 - Soja Saudavel Vaso 4,18.0,4.0,164.6,2810.0,34.3,77.37,11773,18344,378,3320,20854,8746,1
36384,dia 18 - Soja Saudavel Vaso 4,18.0,4.0,164.81,2770.0,34.3,81.64,11765,18224,384,3350,21001,8726,1
36385,dia 18 - Soja Saudavel Vaso 4,18.0,4.0,165.01,2774.0,34.3,85.27,11756,18322,387,3379,20832,8705,1
36386,dia 18 - Soja Saudavel Vaso 4,18.0,4.0,165.22,2781.0,34.3,88.37,11743,18170,388,3401,20978,8679,1
36387,dia 18 - Soja Saudavel Vaso 4,18.0,4.0,165.43,2769.0,34.3,90.65,11728,18149,390,3411,20962,8655,1
36388,dia 18 - Soja Saudavel Vaso 4,18.0,4.0,165.64,2752.0,34.3,92.22,11706,18093,393,3435,20945,8627,1
36389,dia 18 - Soja Saudavel Vaso 4,18.0,4.0,165.85,2768.0,34.3,93.12,11593,18251,393,3447,20920,8598,1
36390,dia 18 - Soja Saudavel Vaso 4,18.0,4.0,166.05,2775.0,34.3,93.44,11550,18200,391,3453,20860,8572,1
36391,dia 18 - Soja Saudavel Vaso 4,18.0,4.0,166.26,2761.0,34.3,93.5,11544,18208,391,3462,20872,8548,1
36392,dia 18 - Soja Saudavel Vaso 4,18.0,4.0,166.47,2769.0,34.3,93.52,11518,18195,392,3467,20856,8524,1
36393,dia 18 - Soja Saudavel Vaso 4,18.0,4.0,166.67,2761.0,34.3,93.52,11489,18180,392,3469,20836,8501,1
36394,dia 18 - Soja Saudavel Vaso 4,18.0,4.0,166.87,2749.0,34.3,93.53,11456,18148,391,3473,20822,8474,1
36395,dia 18 - Soja Saudavel Vaso 4,18.0,4.0,167.08,2846.0,34.3,93.53,11529,18146,387,3473,20803,8464,1
36396,dia 18 - Soja Saudavel Vaso 4,18.0,4.0,167.28,2778.0,34.3,93.52,11417,18126,391,3477,20708,8440,1
36397,dia 18 - Soja Saudavel Vaso 4,18.0,4.0,167.49,2767.0,34.3,93.53,11394,18120,390,3476,20764,8431,1
36398,dia 18 - Soja Saudavel Vaso 4,18.0,4.0,167.69,2782.0,34.3,93.53,11376,18106,389,3479,20752,8414,1
36399,dia 18 - Soja Saudavel Vaso 4,18.0,4.0,167.9,2764.0,34.3,93.53,11450,18091,387,3479,20740,8403,1
36400,dia 18 - Soja Saudavel Vaso 4,18.0,4.0,168.1,2767.0,34.3,93.53,11347,18090,389,3481,20721,8392,1
36401,dia 18 - Soja Saudavel Vaso 4,18.0,4.0,168.31,2769.0,34.3,93.53,11406,18070,387,3480,20708,8375,1
36402,dia 18 - Soja Saudavel Vaso 4,18.0,4.0,168.52,2774.0,34.3,93.53,11407,18030,384,3480,20699,8371,1
36403,dia 18 - Soja Saudavel Vaso 4,18.0,4.0,168.72,2769.0,34.3,93.53,11394,18060,385,3477,20682,8361,1
36404,dia 18 - Soja Saudavel Vaso 4,18.0,4.0,168.92,2782.0,34.3,93.53,11299,18058,388,3473,20676,8356,1
36405,dia 18 - Soja Saudavel Vaso 4,18.0,4.0,169.13,2768.0,34.3,93.53,11379,18050,384,3478,20662,8349,1
36406,dia 18 - Soja Saudavel Vaso 4,18.0,4.0,169.33,2784.0,34.3,93.54,11333,18040,384,3476,20633,8338,1
36407,dia 18 - Soja Saudavel Vaso 4,18.0,4.0,169.53,2790.0,34.3,93.54,11274,18039,387,3463,20605,8334,1
36408,dia 18 - Soja Saudavel Vaso 4,18.0,4.0,169.74,2782.0,34.3,93.53,11354,17886,388,3476,20624,8331,1
36409,dia 18 - Soja Saudavel Vaso 4,18.0,4.0,169.95,2768.0,34.3,93.53,11336,18025,385,3470,20620,8326,1
36410,dia 18 - Soja Saudavel Vaso 4,18.0,4.0,170.15,2778.0,34.3,93.54,11334,18013,386,3477,20615,8322,1
36411,dia 18 - Soja Saudavel Vaso 4,18.0,4.0,170.36,2782.0,34.3,93.54,11344,18020,384,3479,20600,8313,1
36412,dia 18 - Soja Saudavel Vaso 4,18.0,4.0,170.57,2779.0,34.3,93.53,11254,18015,388,3479,20599,8316,1
36413,dia 18 - Soja Saudavel Vaso 4,18.0,4.0,170.76,2759.0,34.3,93.53,11336,18011,385,3479,20565,8302,1
36414,dia 18 - Soja Saudavel Vaso 4,18.0,4.0,170.99,2781.0,34.3,93.53,11331,18008,388,3473,20581,8309,1
36415,dia 18 - Soja Saudavel Vaso 4,18.0,4.0,171.2,2775.0,34.3,93.54,11331,18005,388,3479,20577,8311,1
36416,dia 18 - Soja Saudavel Vaso 4,18.0,4.0,171.41,2812.0,34.3,93.53,11326,17998,389,3484,20526,8302,1
36417,dia 18 - Soja Saudavel Vaso 4,18.0,4.0,171.61,2776.0,34.3,93.53,11325,17996,389,3484,20559,8299,1
36418,dia 18 - Soja Saudavel Vaso 4,18.0,4.0,171.81,2786.0,34.3,93.54,11319,17995,388,3485,20515,8302,1
36419,dia 18 - Soja Saudavel Vaso 4,18.0,4.0,172.02,2773.0,34.3,93.54,11321,17963,388,3485,20550,8298,1
36420,dia 18 - Soja Saudavel Vaso 4,18.0,4.0,172.22,2774.0,34.3,93.54,11312,17991,388,3485,20548,8299,1
38177,dia 18 - Soja Saudavel Vaso 5,18.0,5.0,113.84,2874.0,34.9,93.54,11394,18279,375,3541,20969,8879,1
38178,dia 18 - Soja Saudavel Vaso 5,18.0,5.0,114.04,2861.0,34.9,93.54,11393,18266,375,3540,20940,8869,1
38179,dia 18 - Soja Saudavel Vaso 5,18.0,5.0,114.25,2845.0,34.9,93.54,11392,18273,376,3539,20944,8868,1
38180,dia 18 - Soja Saudavel Vaso 5,18.0,5.0,114.55,2860.0,34.9,93.54,11394,18266,375,3539,20940,8866,1
38181,dia 18 - Soja Saudavel Vaso 5,18.0,5.0,114.76,2906.0,34.9,93.54,11395,18273,376,3538,20944,8864,1
38182,dia 18 - Soja Saudavel Vaso 5,18.0,5.0,114.97,2895.0,34.9,93.54,11394,18234,375,3541,20928,8863,1
38183,dia 18 - Soja Saudavel Vaso 5,18.0,5.0,115.18,2876.0,34.9,93.54,11394,18274,375,3539,20945,8862,1
38184,dia 18 - Soja Saudavel Vaso 5,18.0,5.0,115.38,2875.0,34.9,93.54,11381,18276,376,3542,20953,8853,1
38185,dia 18 - Soja Saudavel Vaso 5,18.0,5.0,115.58,2839.0,34.9,93.54,11395,18275,376,3544,20947,8864,1
38186,dia 18 - Soja Saudavel Vaso 5,18.0,5.0,115.79,2854.0,35.0,93.54,11395,18274,375,3530,20947,8863,1
38187,dia 18 - Soja Saudavel Vaso 5,18.0,5.0,116.0,2858.0,34.9,93.54,11394,18272,376,3542,20940,8860,1
38188,dia 18 - Soja Saudavel Vaso 5,18.0,5.0,116.2,2861.0,35.0,93.54,11396,18275,375,3540,20945,8862,1
38189,dia 18 - Soja Saudavel Vaso 5,18.0,5.0,116.41,2867.0,35.0,93.55,11397,18275,376,3540,20948,8862,1
38190,dia 18 - Soja Saudavel Vaso 5,18.0,5.0,116.62,2882.0,35.0,93.54,11395,18273,375,3545,20943,8862,1
38191,dia 18 - Soja Saudavel Vaso 5,18.0,5.0,116.83,2869.0,35.0,93.54,11397,18278,376,3545,20949,8860,1
38192,dia 18 - Soja Saudavel Vaso 5,18.0,5.0,117.03,2883.0,35.0,93.54,11397,18279,376,3545,20943,8859,1
38193,dia 18 - Soja Saudavel Vaso 5,18.0,5.0,117.24,2895.0,35.0,93.54,11395,18272,376,3546,20950,8860,1
38194,dia 18 - Soja Saudavel Vaso 5,18.0,5.0,117.44,2868.0,35.0,93.54,11394,18275,375,3545,20948,8860,1
38195,dia 18 - Soja Saudavel Vaso 5,18.0,5.0,117.66,2856.0,35.0,93.53,11398,18277,375,3544,20950,8860,1
38196,dia 18 - Soja Saudavel Vaso 5,18.0,5.0,117.88,2847.0,35.0,93.54,11398,18278,376,3546,20950,8798,1
38197,dia 18 - Soja Saudavel Vaso 5,18.0,5.0,118.08,2859.0,35.0,93.54,11396,18281,375,3544,20955,8794,1
38198,dia 18 - Soja Saudavel Vaso 5,18.0,5.0,118.29,2869.0,35.0,93.54,11399,18278,376,3542,20950,8792,1
38199,dia 18 - Soja Saudavel Vaso 5,18.0,5.0,118.49,2893.0,35.0,93.54,11397,18278,375,3546,20946,8793,1
38200,dia 18 - Soja Saudavel Vaso 5,18.0,5.0,118.7,2872.0,35.0,93.54,11399,18277,375,3547,20947,8794,1
38201,dia 18 - Soja Saudavel Vaso 5,18.0,5.0,118.9,2850.0,35.0,93.54,11398,18279,375,3548,20949,8790,1
38202,dia 18 - Soja Saudavel Vaso 5,18.0,5.0,119.12,2871.0,35.0,93.54,11379,18279,376,3545,20801,8854,1
38203,dia 18 - Soja Saudavel Vaso 5,18.0,5.0,119.32,2892.0,35.0,93.54,11400,18281,375,3547,20796,8852,1
38204,dia 18 - Soja Saudavel Vaso 5,18.0,5.0,119.54,2878.0,35.0,93.54,11398,18148,375,3544,20952,8853,1
38205,dia 18 - Soja Saudavel Vaso 5,18.0,5.0,119.75,2819.0,35.0,93.54,11384,18282,374,3550,20952,8853,1
38206,dia 18 - Soja Saudavel Vaso 5,18.0,5.0,119.95,2849.0,35.0,93.54,11305,18290,376,3552,20948,8833,1
38207,dia 18 - Soja Saudavel Vaso 5,18.0,5.0,120.16,2867.0,35.0,92.89,11240,18164,373,3540,20811,8793,1
38208,dia 18 - Soja Saudavel Vaso 5,18.0,5.0,120.36,2848.0,35.0,91.8,11217,18138,372,3541,20751,8764,1
38209,dia 18 - Soja Saudavel Vaso 5,18.0,5.0,120.57,2876.0,35.0,90.87,11300,18137,369,3534,20792,8772,1
38210,dia 18 - Soja Saudavel Vaso 5,18.0,5.0,120.78,2873.0,35.0,90.1,11298,18144,369,3533,20787,8770,1
38211,dia 18 - Soja Saudavel Vaso 5,18.0,5.0,120.98,2847.0,35.0,89.41,11299,18146,367,3529,20785,8768,1
38212,dia 18 - Soja Saudavel Vaso 5,18.0,5.0,121.19,2855.0,35.0,88.78,11297,18154,368,3529,20790,8768,1
38213,dia 18 - Soja Saudavel Vaso 5,18.0,5.0,121.39,2868.0,35.0,88.19,11283,18145,369,3528,20790,8763,1
38214,dia 18 - Soja Saudavel Vaso 5,18.0,5.0,121.6,2879.0,35.0,87.63,11300,18170,368,3520,20796,8771,1
38215,dia 18 - Soja Saudavel Vaso 5,18.0,5.0,121.81,2856.0,35.0,87.08,11299,18169,368,3515,20789,8768,1
38216,dia 18 - Soja Saudavel Vaso 5,18.0,5.0,122.02,2821.0,35.0,86.54,11303,18176,370,3513,20789,8764,1
38217,dia 18 - Soja Saudavel Vaso 5,18.0,5.0,122.23,2841.0,35.1,86.05,11302,18174,370,3509,20793,8764,1
38218,dia 18 - Soja Saudavel Vaso 5,18.0,5.0,122.44,2860.0,35.1,85.56,11305,18168,370,3504,20776,8760,1
38219,dia 18 - Soja Saudavel Vaso 5,18.0,5.0,122.64,2860.0,35.1,85.07,11302,18159,371,3500,20778,8754,1
38220,dia 18 - Soja Saudavel Vaso 5,18.0,5.0,122.85,2852.0,35.1,84.6,11299,18157,370,3497,20764,8748,1
38221,dia 18 - Soja Saudavel Vaso 5,18.0,5.0,123.05,2868.0,35.1,84.14,11298,18151,369,3490,20758,8744,1
38222,dia 18 - Soja Saudavel Vaso 5,18.0,5.0,123.26,2858.0,35.1,83.68,11298,18147,370,3486,20753,8739,1
38223,dia 18 - Soja Saudavel Vaso 5,18.0,5.0,123.46,2850.0,35.1,83.23,11300,18131,369,3474,20727,8728,1
38224,dia 18 - Soja Saudavel Vaso 5,18.0,5.0,123.67,2917.0,35.1,82.78,11302,18150,368,3475,20752,8734,1
38225,dia 18 - Soja Saudavel Vaso 5,18.0,5.0,123.88,2853.0,35.1,82.34,11314,18169,370,3473,20774,8742,1
38226,dia 18 - Soja Saudavel Vaso 5,18.0,5.0,124.09,2853.0,35.1,81.89,11303,18149,369,3464,20674,8730,1
38227,dia 18 - Soja Saudavel Vaso 5,18.0,5.0,124.29,2868.0,35.1,81.48,11305,18147,369,3464,20738,8727,1
38228,dia 18 - Soja Saudavel Vaso 5,18.0,5.0,124.5,2858.0,35.1,81.07,11305,18144,368,3463,20738,8723,1
38229,dia 18 - Soja Saudavel Vaso 5,18.0,5.0,124.71,2835.0,35.1,80.64,11311,18145,369,3460,20741,8718,1
38230,dia 18 - Soja Saudavel Vaso 5,18.0,5.0,124.92,2857.0,35.2,80.24,11310,18138,368,3458,20735,8717,1
38231,dia 18 - Soja Saudavel Vaso 5,18.0,5.0,125.13,2881.0,35.2,79.85,11310,18117,368,3453,20732,8717,1
38232,dia 18 - Soja Saudavel Vaso 5,18.0,5.0,125.33,2861.0,35.2,79.46,11315,18134,367,3450,20722,8715,1
38233,dia 18 - Soja Saudavel Vaso 5,18.0,5.0,125.53,2873.0,35.2,79.08,11305,18106,368,3447,20700,8712,1
38234,dia 18 - Soja Saudavel Vaso 5,18.0,5.0,125.74,2832.0,35.2,78.67,11317,18130,367,3440,20723,8711,1
38235,dia 18 - Soja Saudavel Vaso 5,18.0,5.0,125.94,2872.0,35.2,78.28,11330,18153,367,3442,20748,8721,1
38236,dia 18 - Soja Saudavel Vaso 5,18.0,5.0,126.15,2845.0,35.2,77.89,11315,18129,367,3438,20722,8710,1
38237,dia 18 - Soja Saudavel Vaso 5,18.0,5.0,126.46,2850.0,35.2,77.33,11314,18117,366,3430,20714,8703,1
38238,dia 18 - Soja Saudavel Vaso 5,18.0,5.0,126.67,2850.0,35.2,76.95,11313,18118,365,3415,20716,8704,1
38239,dia 18 - Soja Saudavel Vaso 5,18.0,5.0,126.87,2880.0,35.3,76.57,11313,18119,366,3423,20718,8704,1
38240,dia 18 - Soja Saudavel Vaso 5,18.0,5.0,127.08,2881.0,35.2,76.19,11315,18123,366,3421,20720,8703,1
38241,dia 18 - Soja Saudavel Vaso 5,18.0,5.0,127.29,2854.0,35.3,75.81,11294,18125,365,3417,20720,8702,1
38242,dia 18 - Soja Saudavel Vaso 5,18.0,5.0,127.49,2909.0,35.3,75.44,11311,18129,365,3404,20717,8701,1
38243,dia 18 - Soja Saudavel Vaso 5,18.0,5.0,127.7,2840.0,35.3,75.06,11304,18127,364,3410,20692,8693,1
38244,dia 18 - Soja Saudavel Vaso 5,18.0,5.0,127.91,2882.0,35.3,74.7,11311,18127,365,3403,20717,8637,1
38245,dia 18 - Soja Saudavel Vaso 5,18.0,5.0,128.12,2860.0,35.3,74.36,11307,18121,364,3402,20714,8658,1
38246,dia 18 - Soja Saudavel Vaso 5,18.0,5.0,128.32,2857.0,35.3,74.01,11307,18126,364,3400,20713,8636,1
38247,dia 18 - Soja Saudavel Vaso 5,18.0,5.0,128.53,2879.0,35.3,73.68,11311,18126,363,3397,20716,8685,1
38248,dia 18 - Soja Saudavel Vaso 5,18.0,5.0,128.74,2852.0,35.3,73.33,11306,18119,363,3394,20677,8637,1
38249,dia 18 - Soja Saudavel Vaso 5,18.0,5.0,128.94,2870.0,35.3,72.97,11307,18120,364,3386,20571,8703,1
38250,dia 18 - Soja Saudavel Vaso 5,18.0,5.0,129.15,2900.0,35.3,72.63,11307,18125,363,3383,20606,8707,1
38251,dia 18 - Soja Saudavel Vaso 5,18.0,5.0,129.35,2879.0,35.3,72.28,11309,18127,362,3381,20563,8707,1
38252,dia 18 - Soja Saudavel Vaso 5,18.0,5.0,129.56,2914.0,35.3,71.93,11308,18129,362,3378,20555,8709,1
38253,dia 18 - Soja Saudavel Vaso 5,18.0,5.0,129.77,2900.0,35.3,71.58,11311,18108,362,3377,20541,8714,1
38254,dia 18 - Soja Saudavel Vaso 5,18.0,5.0,129.98,2881.0,35.3,71.22,11310,18003,362,3375,20719,8717,1
38255,dia 18 - Soja Saudavel Vaso 5,18.0,5.0,130.18,2907.0,35.3,70.9,11306,18002,362,3373,20725,8718,1
38256,dia 18 - Soja Saudavel Vaso 5,18.0,5.0,130.4,2891.0,35.3,70.53,11224,18133,362,3371,20720,8721,1
38257,dia 18 - Soja Saudavel Vaso 5,18.0,5.0,130.61,2878.0,35.3,70.18,11222,18128,361,3365,20717,8724,1
38258,dia 18 - Soja Saudavel Vaso 5,18.0,5.0,130.82,2893.0,35.3,69.84,11304,18128,357,3366,20715,8719,1
38259,dia 18 - Soja Saudavel Vaso 5,18.0,5.0,131.02,2838.0,35.3,69.5,11304,18130,359,3365,20717,8720,1
38260,dia 18 - Soja Saudavel Vaso 5,18.0,5.0,131.23,2857.0,35.3,69.17,11302,18119,358,3363,20718,8721,1
38261,dia 18 - Soja Saudavel Vaso 5,18.0,5.0,131.43,2861.0,35.3,68.83,11297,18124,357,3358,20719,8701,1
38262,dia 18 - Soja Saudavel Vaso 5,18.0,5.0,131.63,2864.0,35.3,68.5,11289,18101,357,3355,20691,8720,1
38263,dia 18 - Soja Saudavel Vaso 5,18.0,5.0,131.85,2895.0,35.3,68.17,11296,18124,359,3351,20716,8719,1
38264,dia 18 - Soja Saudavel Vaso 5,18.0,5.0,132.05,2775.0,35.3,67.84,11282,17953,359,3349,20465,8608,1
38265,dia 18 - Soja Saudavel Vaso 5,18.0,5.0,132.26,2797.0,35.3,72.58,11151,17875,353,3340,20436,8587,1
38266,dia 18 - Soja Saudavel Vaso 5,18.0,5.0,132.47,2805.0,35.3,77.83,11184,17908,354,3351,20473,8593,1
38267,dia 18 - Soja Saudavel Vaso 5,18.0,5.0,132.67,2812.0,35.3,82.26,11212,17931,356,3362,20508,8590,1
38268,dia 18 - Soja Saudavel Vaso 5,18.0,5.0,132.88,2807.0,35.2,85.99,11235,17951,357,3388,20518,8589,1
38269,dia 18 - Soja Saudavel Vaso 5,18.0,5.0,133.08,2801.0,35.3,88.95,11251,17954,359,3405,20539,8580,1
38270,dia 18 - Soja Saudavel Vaso 5,18.0,5.0,133.3,2857.0,35.3,91.17,11273,17980,361,3421,20562,8577,1
38271,dia 18 - Soja Saudavel Vaso 5,18.0,5.0,133.5,2836.0,35.3,92.59,11280,17986,361,3433,20560,8567,1
38272,dia 18 - Soja Saudavel Vaso 5,18.0,5.0,133.7,2825.0,35.3,93.27,11276,17977,362,3442,20541,8549,1
38273,dia 18 - Soja Saudavel Vaso 5,18.0,5.0,133.91,2800.0,35.3,93.49,11277,17981,362,3449,20564,8540,1
38274,dia 18 - Soja Saudavel Vaso 5,18.0,5.0,134.12,2860.0,35.3,93.52,11268,17966,362,3457,20548,8527,1
38275,dia 18 - Soja Saudavel Vaso 5,18.0,5.0,134.32,2815.0,35.3,93.52,11258,17961,362,3459,20548,8512,1
38276,dia 18 - Soja Saudavel Vaso 5,18.0,5.0,134.53,2839.0,35.3,93.53,11248,17957,362,3462,20472,8498,1
38277,dia 18 - Soja Saudavel Vaso 5,18.0,5.0,134.74,2800.0,35.3,93.53,11217,17954,362,3463,20529,8484,1
38278,dia 18 - Soja Saudavel Vaso 5,18.0,5.0,134.94,2861.0,35.3,93.53,11229,17948,362,3466,20525,8478,1
38279,dia 18 - Soja Saudavel Vaso 5,18.0,5.0,135.15,2801.0,35.3,93.53,11217,17942,362,3467,20513,8466,1
38280,dia 18 - Soja Saudavel Vaso 5,18.0,5.0,135.35,2825.0,35.3,93.54,11213,17939,361,3469,20510,8456,1
38281,dia 18 - Soja Saudavel Vaso 5,18.0,5.0,135.55,2786.0,35.3,93.54,11185,17933,361,3471,20507,8447,1
38282,dia 18 - Soja Saudavel Vaso 5,18.0,5.0,135.75,2802.0,35.3,93.53,11186,17910,362,3473,20501,8434,1
38283,dia 18 - Soja Saudavel Vaso 5,18.0,5.0,135.97,2820.0,35.3,93.54,11195,17929,362,3473,20498,8435,1
38284,dia 18 - Soja Saudavel Vaso 5,18.0,5.0,136.18,2808.0,35.3,93.54,11188,17921,361,3474,20491,8426,1
38285,dia 18 - Soja Saudavel Vaso 5,18.0,5.0,136.39,2789.0,35.3,93.53,11187,17924,362,3474,20487,8423,1
38286,dia 18 - Soja Saudavel Vaso 5,18.0,5.0,136.59,2802.0,35.3,93.54,11185,17919,361,3478,20486,8418,1
38287,dia 18 - Soja Saudavel Vaso 5,18.0,5.0,136.81,2788.0,35.3,93.53,11186,17921,361,3475,20480,8414,1
38288,dia 18 - Soja Saudavel Vaso 5,18.0,5.0,137.01,2822.0,35.3,93.54,11183,17913,361,3478,20471,8410,1
38289,dia 18 - Soja Saudavel Vaso 5,18.0,5.0,137.21,2804.0,35.3,93.53,11180,17920,361,3479,20472,8403,1
38290,dia 18 - Soja Saudavel Vaso 5,18.0,5.0,137.43,2856.0,35.3,93.53,11180,17913,361,3478,20467,8401,1
38291,dia 18 - Soja Saudavel Vaso 5,18.0,5.0,137.63,2817.0,35.3,93.54,11157,17900,361,3474,20459,8374,1
38292,dia 18 - Soja Saudavel Vaso 5,18.0,5.0,137.84,2808.0,35.3,93.53,11163,17903,360,3478,20426,8384,1
38293,dia 18 - Soja Saudavel Vaso 5,18.0,5.0,138.05,2827.0,35.3,93.54,11173,17902,361,3483,20447,8331,1
38294,dia 18 - Soja Saudavel Vaso 5,18.0,5.0,138.25,2828.0,35.3,93.53,11172,17902,361,3484,20456,8391,1
38295,dia 18 - Soja Saudavel Vaso 5,18.0,5.0,138.56,2807.0,35.3,93.53,11176,17904,361,3482,20443,8327,1
38296,dia 18 - Soja Saudavel Vaso 5,18.0,5.0,138.77,2808.0,35.3,93.54,11180,17903,361,3485,20449,8328,1
38297,dia 18 - Soja Saudavel Vaso 5,18.0,5.0,138.99,2817.0,35.3,93.54,11178,17909,361,3485,20304,8386,1
38298,dia 18 - Soja Saudavel Vaso 5,18.0,5.0,139.19,2836.0,35.3,93.54,11182,17835,362,3418,20446,8386,1
38299,dia 18 - Soja Saudavel Vaso 5,18.0,5.0,139.4,2820.0,35.3,93.54,11183,17783,362,3486,20447,8388,1
38300,dia 18 - Soja Saudavel Vaso 5,18.0,5.0,139.6,2806.0,35.3,93.54,11183,17842,362,3487,20447,8389,1
38301,dia 18 - Soja Saudavel Vaso 5,18.0,5.0,139.8,2802.0,35.3,93.54,11178,17779,362,3484,20452,8377,1
38302,dia 18 - Soja Saudavel Vaso 5,18.0,5.0,140.01,2808.0,35.3,93.54,11194,17791,362,3489,20449,8390,1
38303,dia 18 - Soja Saudavel Vaso 5,18.0,5.0,140.22,2805.0,35.3,93.54,11186,17803,361,3491,20439,8385,1
40474,dia 11 - Soja Saudavel Vaso 1,11.0,1.0,293.25,305.0,34.1,93.87,8903,19013,1683,4453,20657,13067,1
40475,dia 11 - Soja Saudavel Vaso 1,11.0,1.0,293.5,301.0,34.1,93.87,8920,19025,1683,4456,20654,13068,1
40476,dia 11 - Soja Saudavel Vaso 1,11.0,1.0,293.74,309.0,34.1,93.87,8921,19025,1682,4454,20657,13069,1
40477,dia 11 - Soja Saudavel Vaso 1,11.0,1.0,293.99,310.0,34.1,93.87,8926,19003,1684,4455,20657,13070,1
40478,dia 11 - Soja Saudavel Vaso 1,11.0,1.0,294.23,307.0,34.1,93.86,8914,19039,1684,4455,20625,13073,1
40479,dia 11 - Soja Saudavel Vaso 1,11.0,1.0,294.48,308.0,34.1,93.87,8902,19062,1685,4457,20658,13080,1
40480,dia 11 - Soja Saudavel Vaso 1,11.0,1.0,294.73,302.0,34.1,93.87,8927,19061,1685,4460,20655,13058,1
40481,dia 11 - Soja Saudavel Vaso 1,11.0,1.0,294.97,310.0,34.1,93.86,8925,19065,1684,4457,20651,13078,1
40482,dia 11 - Soja Saudavel Vaso 1,11.0,1.0,295.22,302.0,34.1,93.87,8930,19067,1689,4455,20648,13086,1
40483,dia 11 - Soja Saudavel Vaso 1,11.0,1.0,295.46,305.0,34.1,93.86,8936,19049,1685,4459,20650,13092,1
40484,dia 11 - Soja Saudavel Vaso 1,11.0,1.0,295.71,304.0,34.1,93.87,8898,19075,1685,4463,20653,13098,1
40485,dia 11 - Soja Saudavel Vaso 1,11.0,1.0,295.95,303.0,34.1,93.86,8938,19084,1686,4460,20652,13092,1
40486,dia 11 - Soja Saudavel Vaso 1,11.0,1.0,296.2,305.0,34.1,93.87,8929,19076,1686,4456,20654,13109,1
40487,dia 11 - Soja Saudavel Vaso 1,11.0,1.0,296.44,304.0,34.1,93.87,8935,19081,1686,4460,20653,13113,1
40488,dia 11 - Soja Saudavel Vaso 1,11.0,1.0,296.68,305.0,34.1,93.87,8936,19077,1686,4457,20628,13115,1
40489,dia 11 - Soja Saudavel Vaso 1,11.0,1.0,296.93,304.0,34.2,93.87,8930,19077,1685,4460,20658,13117,1
40490,dia 11 - Soja Saudavel Vaso 1,11.0,1.0,297.17,303.0,34.2,93.84,8938,19075,1685,4461,20659,13117,1
40491,dia 11 - Soja Saudavel Vaso 1,11.0,1.0,297.42,306.0,34.2,93.86,8921,19083,1681,4458,20651,13118,1
40492,dia 11 - Soja Saudavel Vaso 1,11.0,1.0,297.71,307.0,34.2,93.87,8931,19083,1685,4461,20662,13099,1
40493,dia 11 - Soja Saudavel Vaso 1,11.0,1.0,297.95,306.0,34.2,93.87,8930,19085,1684,4457,20665,13119,1
40494,dia 11 - Soja Saudavel Vaso 1,11.0,1.0,298.2,299.0,34.2,93.87,8932,19090,1685,4458,20662,13118,1
40495,dia 11 - Soja Saudavel Vaso 1,11.0,1.0,298.44,307.0,34.2,93.87,8917,19081,1685,4461,20668,13117,1
40496,dia 11 - Soja Saudavel Vaso 1,11.0,1.0,298.68,307.0,34.2,93.87,8928,19071,1684,4456,20671,13117,1
40497,dia 11 - Soja Saudavel Vaso 1,11.0,1.0,298.93,306.0,34.2,93.87,8927,19078,1684,4460,20665,13099,1
40498,dia 11 - Soja Saudavel Vaso 1,11.0,1.0,299.17,301.0,34.2,93.86,8921,19077,1684,4458,20671,13116,1
40499,dia 11 - Soja Saudavel Vaso 1,11.0,1.0,299.47,312.0,34.2,93.87,8921,19082,1680,4461,20752,13250,1
40500,dia 11 - Soja Saudavel Vaso 1,11.0,1.0,299.72,303.0,34.2,93.87,9022,19273,1698,4472,20888,13127,1
40501,dia 11 - Soja Saudavel Vaso 1,11.0,1.0,299.96,307.0,34.2,93.86,8932,19066,1685,4461,20647,12915,1
40502,dia 11 - Soja Saudavel Vaso 1,11.0,1.0,300.2,304.0,34.2,93.87,8924,19047,1683,4457,20669,12958,1
40503,dia 11 - Soja Saudavel Vaso 1,11.0,1.0,300.45,301.0,34.2,93.86,8898,19004,1677,4453,20622,12967,1
40504,dia 11 - Soja Saudavel Vaso 1,11.0,1.0,300.75,304.0,34.2,92.09,8907,18991,1677,4449,20622,13017,1
40505,dia 11 - Soja Saudavel Vaso 1,11.0,1.0,301.15,298.0,34.2,90.06,8921,18973,1657,4426,20622,13057,1
40506,dia 11 - Soja Saudavel Vaso 1,11.0,1.0,301.7,299.0,34.2,87.82,8934,18953,1630,4400,20634,13099,1
40507,dia 11 - Soja Saudavel Vaso 1,11.0,1.0,302.11,302.0,34.2,86.43,8887,18927,1642,4403,20658,13119,1
40508,dia 11 - Soja Saudavel Vaso 1,11.0,1.0,302.36,299.0,34.2,85.67,8856,18947,1645,4409,20674,13129,1
40509,dia 11 - Soja Saudavel Vaso 1,11.0,1.0,302.6,300.0,34.1,84.97,8850,18965,1650,4409,20680,13136,1
40510,dia 11 - Soja Saudavel Vaso 1,11.0,1.0,302.85,307.0,34.2,84.3,8849,19013,1650,4408,20680,13120,1
40511,dia 11 - Soja Saudavel Vaso 1,11.0,1.0,303.09,306.0,34.2,83.68,8841,19038,1649,4406,20684,13141,1
40512,dia 11 - Soja Saudavel Vaso 1,11.0,1.0,303.34,304.0,34.2,83.07,8837,19060,1644,4400,20664,13132,1
40513,dia 11 - Soja Saudavel Vaso 1,11.0,1.0,303.64,309.0,34.2,82.37,8815,19062,1642,4395,20696,13137,1
40514,dia 11 - Soja Saudavel Vaso 1,11.0,1.0,303.88,300.0,34.2,81.83,8863,19057,1645,4382,20688,13133,1
40515,dia 11 - Soja Saudavel Vaso 1,11.0,1.0,304.13,300.0,34.2,81.32,8818,18948,1632,4382,20718,13128,1
40516,dia 11 - Soja Saudavel Vaso 1,11.0,1.0,304.37,303.0,34.2,80.83,8816,18957,1636,4381,20694,13122,1
40517,dia 11 - Soja Saudavel Vaso 1,11.0,1.0,304.61,302.0,34.2,80.35,8805,18966,1626,4367,20710,13116,1
40518,dia 11 - Soja Saudavel Vaso 1,11.0,1.0,304.86,304.0,34.2,79.9,8806,18963,1622,4362,20709,13109,1
40519,dia 11 - Soja Saudavel Vaso 1,11.0,1.0,305.11,302.0,34.2,79.46,8786,18884,1633,4372,20727,13104,1
40520,dia 11 - Soja Saudavel Vaso 1,11.0,1.0,305.36,301.0,34.1,79.02,8984,18832,1662,4390,20670,13090,1
40521,dia 11 - Soja Saudavel Vaso 1,11.0,1.0,305.61,303.0,34.2,78.62,9013,18813,1664,4399,20667,13074,1
40522,dia 11 - Soja Saudavel Vaso 1,11.0,1.0,305.85,303.0,34.2,78.24,8944,18823,2033,4798,20679,13067,1
40523,dia 11 - Soja Saudavel Vaso 1,11.0,1.0,306.1,301.0,34.2,77.87,9000,18859,1642,4386,20629,13054,1
40524,dia 11 - Soja Saudavel Vaso 1,11.0,1.0,306.34,303.0,34.2,77.52,9010,18819,1646,4374,20634,13041,1
40525,dia 11 - Soja Saudavel Vaso 1,11.0,1.0,306.58,303.0,34.2,77.18,8998,18833,1625,4364,20644,13027,1
40526,dia 11 - Soja Saudavel Vaso 1,11.0,1.0,306.83,302.0,34.2,76.84,8438,18732,2174,4367,20607,13012,1
40527,dia 11 - Soja Saudavel Vaso 1,11.0,1.0,307.07,305.0,34.2,76.53,8966,18808,1622,4349,20637,12997,1
40528,dia 11 - Soja Saudavel Vaso 1,11.0,1.0,307.42,304.0,34.2,76.09,8959,18801,1615,4338,20625,12974,1
40529,dia 11 - Soja Saudavel Vaso 1,11.0,1.0,307.66,303.0,34.2,75.8,8952,18788,1611,4315,20623,12959,1
40530,dia 11 - Soja Saudavel Vaso 1,11.0,1.0,307.9,305.0,34.2,75.52,8953,18761,1584,4314,20616,12943,1
40531,dia 11 - Soja Saudavel Vaso 1,11.0,1.0,308.15,304.0,34.2,75.24,8917,18755,1606,4329,20574,12928,1
40532,dia 11 - Soja Saudavel Vaso 1,11.0,1.0,308.39,298.0,34.2,74.98,8927,18905,1616,4339,20560,12909,1
40533,dia 11 - Soja Saudavel Vaso 1,11.0,1.0,308.64,306.0,34.2,74.72,8866,18898,1768,4476,20536,12893,1
40534,dia 11 - Soja Saudavel Vaso 1,11.0,1.0,308.91,302.0,34.2,74.45,8662,18912,1975,4749,20531,12874,1
40535,dia 11 - Soja Saudavel Vaso 1,11.0,1.0,309.15,305.0,34.2,74.21,8941,18902,1598,4316,20529,12854,1
40536,dia 11 - Soja Saudavel Vaso 1,11.0,1.0,309.4,308.0,34.2,73.98,8915,18908,1593,4312,20515,12830,1
40537,dia 11 - Soja Saudavel Vaso 1,11.0,1.0,309.64,305.0,34.2,73.76,8840,18928,1611,4330,20516,12815,1
40538,dia 11 - Soja Saudavel Vaso 1,11.0,1.0,309.88,309.0,34.2,73.54,8852,18925,1616,4333,20476,12804,1
40539,dia 11 - Soja Saudavel Vaso 1,11.0,1.0,310.13,312.0,34.2,73.33,8848,18930,1612,4333,20502,12801,1
40540,dia 11 - Soja Saudavel Vaso 1,11.0,1.0,310.38,305.0,34.2,73.12,8840,18928,1612,4329,20497,12791,1
40541,dia 11 - Soja Saudavel Vaso 1,11.0,1.0,310.62,307.0,34.2,72.94,8816,18926,1606,4322,20490,12779,1
40542,dia 11 - Soja Saudavel Vaso 1,11.0,1.0,310.86,302.0,34.2,72.75,8817,18924,1599,4314,20484,12769,1
40543,dia 11 - Soja Saudavel Vaso 1,11.0,1.0,311.11,298.0,34.2,72.56,8812,18991,1591,4308,20461,12760,1
40544,dia 11 - Soja Saudavel Vaso 1,11.0,1.0,311.35,304.0,34.2,72.39,8256,18939,2653,5061,20424,12751,1
40545,dia 11 - Soja Saudavel Vaso 1,11.0,1.0,311.59,305.0,34.2,72.22,8783,18994,1578,4298,20447,12742,1
40546,dia 11 - Soja Saudavel Vaso 1,11.0,1.0,311.84,305.0,34.2,72.05,8533,19052,1551,4268,20493,12712,1
40547,dia 11 - Soja Saudavel Vaso 1,11.0,1.0,312.1,297.0,34.2,71.88,8732,18981,1564,4281,20437,12714,1
40548,dia 11 - Soja Saudavel Vaso 1,11.0,1.0,312.36,305.0,34.2,71.71,8841,18936,1577,4294,20403,12701,1
40549,dia 11 - Soja Saudavel Vaso 1,11.0,1.0,312.58,303.0,34.3,71.57,8827,18934,1569,4289,20399,12689,1
40550,dia 11 - Soja Saudavel Vaso 1,11.0,1.0,312.81,302.0,34.2,71.43,8779,19019,1565,4284,20398,12677,1
40551,dia 11 - Soja Saudavel Vaso 1,11.0,1.0,313.04,304.0,34.2,71.3,8766,19012,1560,4277,20382,12668,1
40552,dia 11 - Soja Saudavel Vaso 1,11.0,1.0,313.27,304.0,34.3,71.18,8769,19032,1558,4270,20341,12643,1
40553,dia 11 - Soja Saudavel Vaso 1,11.0,1.0,313.5,306.0,34.3,71.05,8764,18996,1552,4264,20358,12641,1
40554,dia 11 - Soja Saudavel Vaso 1,11.0,1.0,313.73,305.0,34.3,70.93,8765,19020,1551,4260,20348,12635,1
40555,dia 11 - Soja Saudavel Vaso 1,11.0,1.0,313.96,305.0,34.3,70.81,8757,19004,1550,4260,20343,12624,1
40556,dia 11 - Soja Saudavel Vaso 1,11.0,1.0,314.19,306.0,34.3,70.69,8755,19029,1546,4257,20328,12594,1
40557,dia 11 - Soja Saudavel Vaso 1,11.0,1.0,314.42,304.0,34.3,70.58,8748,19022,1542,4248,20321,12599,1
40558,dia 11 - Soja Saudavel Vaso 1,11.0,1.0,314.65,313.0,34.3,70.47,8718,19035,1538,4246,20315,12571,1
40559,dia 11 - Soja Saudavel Vaso 1,11.0,1.0,314.92,304.0,34.3,70.34,8686,19036,1552,4261,20306,12578,1
40560,dia 11 - Soja Saudavel Vaso 1,11.0,1.0,315.15,307.0,34.3,70.24,8692,19031,1547,4255,20300,12566,1
40561,dia 11 - Soja Saudavel Vaso 1,11.0,1.0,315.54,307.0,34.3,70.07,8692,19058,1543,4249,20247,12546,1
40562,dia 11 - Soja Saudavel Vaso 1,11.0,1.0,316.08,298.0,34.3,69.86,8675,19042,1536,4243,20261,12519,1
40563,dia 11 - Soja Saudavel Vaso 1,11.0,1.0,316.48,306.0,34.3,69.7,8653,19004,1524,4235,20258,12500,1
40564,dia 11 - Soja Saudavel Vaso 1,11.0,1.0,316.7,303.0,34.3,69.62,8638,18998,1522,4230,20254,12489,1
40565,dia 11 - Soja Saudavel Vaso 1,11.0,1.0,316.93,307.0,34.3,69.53,8620,18986,1517,4226,20251,12481,1
40566,dia 11 - Soja Saudavel Vaso 1,11.0,1.0,317.17,307.0,34.3,69.46,8613,18988,1514,4224,20244,12462,1
40567,dia 11 - Soja Saudavel Vaso 1,11.0,1.0,317.39,311.0,34.3,69.37,8598,18976,1510,4221,20239,12456,1
40568,dia 11 - Soja Saudavel Vaso 1,11.0,1.0,317.63,303.0,34.3,69.3,8572,18968,1508,4215,20241,12444,1
40569,dia 11 - Soja Saudavel Vaso 1,11.0,1.0,317.86,308.0,34.3,69.22,8517,18967,1501,4207,20245,12434,1
40570,dia 11 - Soja Saudavel Vaso 1,11.0,1.0,318.08,307.0,34.3,69.16,8340,18995,1482,4190,20213,12423,1
40571,dia 11 - Soja Saudavel Vaso 1,11.0,1.0,318.31,299.0,34.3,69.09,8441,18979,1492,4197,20241,12412,1
40572,dia 11 - Soja Saudavel Vaso 1,11.0,1.0,318.54,305.0,34.3,69.01,8417,18957,1487,4196,20236,12398,1
40573,dia 11 - Soja Saudavel Vaso 1,11.0,1.0,318.77,306.0,34.3,68.94,8399,18907,1499,4204,20216,12388,1
40574,dia 11 - Soja Saudavel Vaso 1,11.0,1.0,319.0,300.0,34.3,68.88,8345,18967,1492,4219,20231,12377,1
40575,dia 11 - Soja Saudavel Vaso 1,11.0,1.0,319.23,301.0,34.3,68.82,8318,18930,1497,4199,20231,12367,1
40576,dia 11 - Soja Saudavel Vaso 1,11.0,1.0,319.46,304.0,34.3,68.75,8297,18915,1499,4203,20235,12338,1
40577,dia 11 - Soja Saudavel Vaso 1,11.0,1.0,319.69,308.0,34.3,68.7,8400,18923,1503,4208,20205,12350,1
40578,dia 11 - Soja Saudavel Vaso 1,11.0,1.0,319.92,301.0,34.3,71.24,8333,18902,1455,4166,20172,12304,1
40579,dia 11 - Soja Saudavel Vaso 1,11.0,1.0,320.15,298.0,34.3,77.6,8502,18893,1498,4211,20141,12314,1
40580,dia 11 - Soja Saudavel Vaso 1,11.0,1.0,320.37,309.0,34.3,82.65,8583,18795,1524,4243,20078,12288,1
40581,dia 11 - Soja Saudavel Vaso 1,11.0,1.0,320.6,304.0,34.3,86.64,9027,18664,1570,4286,19973,12236,1
40582,dia 11 - Soja Saudavel Vaso 1,11.0,1.0,320.83,299.0,34.3,89.75,9167,18552,1590,4309,19885,12174,1
40583,dia 11 - Soja Saudavel Vaso 1,11.0,1.0,321.06,304.0,34.3,91.9,9202,18486,1615,4337,19794,12109,1
40584,dia 11 - Soja Saudavel Vaso 1,11.0,1.0,321.29,303.0,34.3,93.17,9152,18403,1603,4326,19702,12049,1
40585,dia 11 - Soja Saudavel Vaso 1,11.0,1.0,321.57,301.0,34.4,93.78,9222,18251,1633,4358,19599,11979,1
40586,dia 11 - Soja Saudavel Vaso 1,11.0,1.0,321.8,303.0,34.4,93.84,9198,18203,1643,4359,19553,11926,1
40587,dia 11 - Soja Saudavel Vaso 1,11.0,1.0,322.03,306.0,34.4,93.85,9169,18155,1656,4382,19519,11877,1
40588,dia 11 - Soja Saudavel Vaso 1,11.0,1.0,322.26,310.0,34.4,93.83,9154,18099,1665,4392,19480,11832,1
40589,dia 11 - Soja Saudavel Vaso 1,11.0,1.0,322.49,300.0,34.4,93.84,9135,18083,1672,4400,19420,11791,1
40590,dia 11 - Soja Saudavel Vaso 1,11.0,1.0,322.77,308.0,34.4,93.84,9123,18042,1678,4408,19414,11749,1
40591,dia 11 - Soja Saudavel Vaso 1,11.0,1.0,323.0,304.0,34.4,93.85,9104,17998,1676,4405,19397,11718,1
40592,dia 11 - Soja Saudavel Vaso 1,11.0,1.0,323.23,307.0,34.4,93.85,9102,17987,1672,4409,19370,11690,1
40593,dia 11 - Soja Saudavel Vaso 1,11.0,1.0,323.46,302.0,34.4,93.85,9070,17897,1670,4406,19369,11664,1
40594,dia 11 - Soja Saudavel Vaso 1,11.0,1.0,323.68,302.0,34.4,93.84,9053,17892,1670,4404,19353,11608,1
40595,dia 11 - Soja Saudavel Vaso 1,11.0,1.0,323.91,306.0,34.4,93.86,9002,17897,1691,4427,19323,11567,1
40596,dia 11 - Soja Saudavel Vaso 1,11.0,1.0,324.15,305.0,34.4,93.86,9005,17887,1692,4428,19299,11570,1
40597,dia 11 - Soja Saudavel Vaso 1,11.0,1.0,324.39,304.0,34.4,93.86,9014,17870,1691,4428,19285,11557,1
40598,dia 11 - Soja Saudavel Vaso 1,11.0,1.0,324.62,305.0,34.4,93.85,9015,17888,1691,4427,19262,11551,1
40599,dia 11 - Soja Saudavel Vaso 1,11.0,1.0,324.85,300.0,34.4,93.86,9019,17856,1691,4430,19246,11545,1
40600,dia 11 - Soja Saudavel Vaso 1,11.0,1.0,325.07,303.0,34.4,93.86,9023,17856,1686,4430,19251,11541,1
40601,dia 11 - Soja Saudavel Vaso 1,11.0,1.0,325.3,303.0,34.4,93.85,9003,17792,1683,4421,19259,11540,1
40602,dia 11 - Soja Saudavel Vaso 1,11.0,1.0,325.56,301.0,34.4,93.86,8988,17799,1681,4425,19241,11540,1
40603,dia 11 - Soja Saudavel Vaso 1,11.0,1.0,325.8,298.0,34.4,93.86,8995,17771,1681,4424,19274,11539,1
40604,dia 11 - Soja Saudavel Vaso 1,11.0,1.0,326.02,306.0,34.4,93.85,9004,17771,1682,4423,19271,11537,1
40605,dia 11 - Soja Saudavel Vaso 1,11.0,1.0,326.25,300.0,34.4,93.85,8981,17696,1675,4420,19298,11537,1
40606,dia 11 - Soja Saudavel Vaso 1,11.0,1.0,326.48,299.0,34.4,93.86,8983,17711,1675,4423,19266,11539,1
40607,dia 11 - Soja Saudavel Vaso 1,11.0,1.0,326.76,295.0,34.3,93.85,8990,17711,1675,4423,19297,11543,1
40608,dia 11 - Soja Saudavel Vaso 1,11.0,1.0,326.99,300.0,34.4,93.85,8992,17705,1674,4422,19271,11545,1
40609,dia 11 - Soja Saudavel Vaso 1,11.0,1.0,327.22,307.0,34.4,93.85,8991,17696,1668,4429,19302,11551,1
40610,dia 11 - Soja Saudavel Vaso 1,11.0,1.0,327.45,301.0,34.4,93.86,8996,17697,1671,4431,19303,11560,1
40611,dia 11 - Soja Saudavel Vaso 1,11.0,1.0,327.69,302.0,34.4,93.86,8998,17711,1670,4433,19310,11567,1
40612,dia 11 - Soja Saudavel Vaso 1,11.0,1.0,327.93,301.0,34.4,93.86,8996,17748,1667,4431,19303,11569,1
40613,dia 11 - Soja Saudavel Vaso 1,11.0,1.0,328.16,299.0,34.4,93.86,8963,17705,1664,4430,19323,11571,1
40614,dia 11 - Soja Saudavel Vaso 1,11.0,1.0,328.39,300.0,34.4,93.86,8987,17732,1667,4433,19318,11573,1
40615,dia 11 - Soja Saudavel Vaso 1,11.0,1.0,328.62,308.0,34.4,93.86,8995,17744,1669,4432,19318,11557,1
42229,dia 11 - Soja Saudavel Vaso 1,11.0,1.0,731.87,313.0,37.6,93.87,9245,16777,1557,4551,22083,14046,1
42230,dia 11 - Soja Saudavel Vaso 1,11.0,1.0,732.28,320.0,37.5,93.87,9189,16254,1558,4552,22097,14031,1
42231,dia 11 - Soja Saudavel Vaso 1,11.0,1.0,732.83,303.0,37.6,93.87,9320,16720,1598,4588,21978,14034,1
42232,dia 11 - Soja Saudavel Vaso 1,11.0,1.0,733.23,318.0,37.5,93.87,9304,16672,1595,4585,21999,14030,1
42233,dia 11 - Soja Saudavel Vaso 1,11.0,1.0,733.48,295.0,37.6,93.87,9307,16686,1599,4590,21990,14027,1
42234,dia 11 - Soja Saudavel Vaso 1,11.0,1.0,733.72,312.0,37.6,93.87,9185,16249,1572,4564,22075,14024,1
42235,dia 11 - Soja Saudavel Vaso 1,11.0,1.0,734.0,288.0,37.6,93.86,9289,16618,1594,4587,22016,14021,1
42236,dia 11 - Soja Saudavel Vaso 1,11.0,1.0,734.25,316.0,37.6,93.87,9268,16637,1594,4584,22033,14020,1
42237,dia 11 - Soja Saudavel Vaso 1,11.0,1.0,734.49,318.0,37.6,93.87,9291,16637,1596,4588,22004,14018,1
42238,dia 11 - Soja Saudavel Vaso 1,11.0,1.0,734.74,310.0,37.6,93.88,9281,16591,1594,4585,22016,13996,1
42239,dia 11 - Soja Saudavel Vaso 1,11.0,1.0,735.01,297.0,37.6,93.88,9275,16563,1593,4583,22025,14015,1
42240,dia 11 - Soja Saudavel Vaso 1,11.0,1.0,735.25,303.0,37.6,93.87,9276,16564,1593,4585,22002,14013,1
42241,dia 11 - Soja Saudavel Vaso 1,11.0,1.0,735.5,299.0,37.6,93.87,9279,16576,1593,4580,22023,14011,1
42242,dia 11 - Soja Saudavel Vaso 1,11.0,1.0,735.84,316.0,37.6,93.87,9286,16600,1595,4588,22013,14006,1
42243,dia 11 - Soja Saudavel Vaso 1,11.0,1.0,736.09,304.0,37.6,93.87,9287,16588,1596,4588,22010,14007,1
42244,dia 11 - Soja Saudavel Vaso 1,11.0,1.0,736.33,295.0,37.6,93.87,9290,16618,1596,4589,22009,14013,1
42245,dia 11 - Soja Saudavel Vaso 1,11.0,1.0,736.58,298.0,37.6,93.87,9294,16629,1597,4587,22012,13997,1
42246,dia 11 - Soja Saudavel Vaso 1,11.0,1.0,736.82,308.0,37.6,93.87,9295,16631,1594,4590,22011,14015,1
42247,dia 11 - Soja Saudavel Vaso 1,11.0,1.0,737.07,313.0,37.6,93.87,9296,16636,1597,4590,22011,14012,1
42248,dia 11 - Soja Saudavel Vaso 1,11.0,1.0,737.36,284.0,37.6,93.87,9297,16639,1598,4592,22010,14010,1
42249,dia 11 - Soja Saudavel Vaso 1,11.0,1.0,737.6,315.0,37.6,93.87,9298,16643,1599,4591,22010,13988,1
42250,dia 11 - Soja Saudavel Vaso 1,11.0,1.0,737.84,310.0,37.6,93.87,9299,16645,1596,4589,22009,14007,1
42251,dia 11 - Soja Saudavel Vaso 1,11.0,1.0,738.09,320.0,37.6,93.87,9299,16648,1599,4590,22008,14006,1
42252,dia 11 - Soja Saudavel Vaso 1,11.0,1.0,738.36,301.0,37.6,93.87,9299,16648,1598,4585,22009,14008,1
42253,dia 11 - Soja Saudavel Vaso 1,11.0,1.0,738.61,311.0,37.6,93.87,8998,16769,1598,4589,21997,14008,1
42254,dia 11 - Soja Saudavel Vaso 1,11.0,1.0,738.86,286.0,37.6,93.87,9271,16315,1581,4577,22139,14008,1
42255,dia 11 - Soja Saudavel Vaso 1,11.0,1.0,739.1,320.0,37.6,93.87,9251,16275,1578,4575,22012,14010,1
42256,dia 11 - Soja Saudavel Vaso 1,11.0,1.0,739.36,294.0,37.6,93.87,9365,16476,1611,4584,22011,14010,1
42257,dia 11 - Soja Saudavel Vaso 1,11.0,1.0,739.61,294.0,37.6,93.87,9196,16594,1575,4574,22069,14011,1
42258,dia 11 - Soja Saudavel Vaso 1,11.0,1.0,739.85,295.0,37.6,93.85,9166,16456,1577,4572,21940,13929,1
42259,dia 11 - Soja Saudavel Vaso 1,11.0,1.0,740.1,306.0,37.6,92.84,9154,16460,1568,4565,21916,13946,1
42260,dia 11 - Soja Saudavel Vaso 1,11.0,1.0,740.34,299.0,37.6,92.25,9097,16337,1552,4555,21991,13938,1
42261,dia 11 - Soja Saudavel Vaso 1,11.0,1.0,740.64,298.0,37.6,91.83,9076,16533,1568,4564,21911,13934,1
42262,dia 11 - Soja Saudavel Vaso 1,11.0,1.0,740.88,299.0,37.6,91.61,9107,16612,1552,4548,21908,13905,1
42263,dia 11 - Soja Saudavel Vaso 1,11.0,1.0,741.13,303.0,37.6,91.43,9047,16617,1559,4562,21922,13917,1
42264,dia 11 - Soja Saudavel Vaso 1,11.0,1.0,741.37,304.0,37.6,91.32,9005,16186,1552,4542,21963,13898,1
42265,dia 11 - Soja Saudavel Vaso 1,11.0,1.0,741.62,307.0,37.6,91.24,9096,16432,1562,4553,21942,13875,1
42266,dia 11 - Soja Saudavel Vaso 1,11.0,1.0,741.87,303.0,37.6,91.17,9023,16670,1555,4547,21906,13844,1
42267,dia 11 - Soja Saudavel Vaso 1,11.0,1.0,742.11,301.0,37.6,91.12,9095,16239,1552,4557,21859,13808,1
42268,dia 11 - Soja Saudavel Vaso 1,11.0,1.0,742.36,301.0,37.6,91.09,9086,16233,1553,4546,21881,13772,1
42269,dia 11 - Soja Saudavel Vaso 1,11.0,1.0,742.61,303.0,37.6,91.07,9041,16335,1564,4549,21900,13742,1
42270,dia 11 - Soja Saudavel Vaso 1,11.0,1.0,742.87,298.0,37.6,91.05,9064,16277,1569,4544,21817,13693,1
42271,dia 11 - Soja Saudavel Vaso 1,11.0,1.0,743.12,304.0,37.6,91.04,9158,16406,1558,4541,21885,13648,1
42272,dia 11 - Soja Saudavel Vaso 1,11.0,1.0,743.36,300.0,37.6,91.02,8989,16204,1548,4557,21821,13601,1
42273,dia 11 - Soja Saudavel Vaso 1,11.0,1.0,743.61,309.0,37.6,91.01,9084,16334,1576,4547,21870,13548,1
42274,dia 11 - Soja Saudavel Vaso 1,11.0,1.0,743.9,292.0,37.6,90.99,8973,16334,1540,4542,21852,13497,1
42275,dia 11 - Soja Saudavel Vaso 1,11.0,1.0,744.15,309.0,37.6,91.0,8960,16148,1539,4528,21831,13446,1
42276,dia 11 - Soja Saudavel Vaso 1,11.0,1.0,744.39,300.0,37.6,91.01,8997,16135,1542,4523,21809,13400,1
42277,dia 11 - Soja Saudavel Vaso 1,11.0,1.0,744.64,294.0,37.6,90.99,8976,16276,1559,4542,21701,13357,1
42278,dia 11 - Soja Saudavel Vaso 1,11.0,1.0,744.89,298.0,37.6,90.98,9021,16477,1554,4543,21623,13314,1
42279,dia 11 - Soja Saudavel Vaso 1,11.0,1.0,745.13,307.0,37.6,90.96,8966,15979,1527,4510,21716,13274,1
42280,dia 11 - Soja Saudavel Vaso 1,11.0,1.0,745.38,307.0,37.5,90.95,8924,16181,1533,4500,21651,13232,1
42281,dia 11 - Soja Saudavel Vaso 1,11.0,1.0,745.62,301.0,37.6,90.96,8809,15836,1509,4500,21709,13188,1
42282,dia 11 - Soja Saudavel Vaso 1,11.0,1.0,745.87,299.0,37.5,90.96,8967,16103,1541,4509,21621,13141,1
42283,dia 11 - Soja Saudavel Vaso 1,11.0,1.0,746.16,302.0,37.5,90.98,8935,16342,1537,4523,21489,13086,1
42284,dia 11 - Soja Saudavel Vaso 1,11.0,1.0,746.41,300.0,37.5,90.96,8929,16293,1535,4523,21459,13027,1
42285,dia 11 - Soja Saudavel Vaso 1,11.0,1.0,746.65,299.0,37.5,90.96,8794,15735,1509,4483,21581,12996,1
42286,dia 11 - Soja Saudavel Vaso 1,11.0,1.0,747.06,306.0,37.5,90.98,8983,15840,1535,4520,21386,12919,1
42287,dia 11 - Soja Saudavel Vaso 1,11.0,1.0,747.63,297.0,37.5,90.97,8849,16205,1500,4473,21304,12797,1
42288,dia 11 - Soja Saudavel Vaso 1,11.0,1.0,748.03,307.0,37.5,90.96,8762,15768,1491,4476,21264,12713,1
42289,dia 11 - Soja Saudavel Vaso 1,11.0,1.0,748.28,296.0,37.5,90.97,8707,15749,1486,4471,21300,12668,1
42290,dia 11 - Soja Saudavel Vaso 1,11.0,1.0,748.51,297.0,37.5,90.98,8805,15722,1486,4478,21286,12626,1
42291,dia 11 - Soja Saudavel Vaso 1,11.0,1.0,748.74,307.0,37.5,90.97,8796,16060,1502,4483,21157,12587,1
42292,dia 11 - Soja Saudavel Vaso 1,11.0,1.0,748.96,300.0,37.5,90.96,8690,15692,1498,4484,21228,12544,1
42293,dia 11 - Soja Saudavel Vaso 1,11.0,1.0,749.19,300.0,37.5,90.96,8664,15643,1472,4460,21193,12497,1
42294,dia 11 - Soja Saudavel Vaso 1,11.0,1.0,749.43,303.0,37.5,90.95,8586,15459,1471,4463,21221,12451,1
43486,dia 11 - Soja Saudavel Vaso 2,11.0,2.0,293.01,282.0,37.3,93.85,8275,15188,1162,4075,21224,10821,1
43487,dia 11 - Soja Saudavel Vaso 2,11.0,2.0,293.23,281.0,37.3,93.85,8295,15305,1166,4079,21202,10820,1
43488,dia 11 - Soja Saudavel Vaso 2,11.0,2.0,293.46,287.0,37.3,93.86,8270,15189,1159,4080,21239,10822,1
43489,dia 11 - Soja Saudavel Vaso 2,11.0,2.0,293.7,321.0,37.2,93.86,8295,15304,1166,4082,21204,10823,1
43490,dia 11 - Soja Saudavel Vaso 2,11.0,2.0,293.97,336.0,37.3,93.86,8257,15176,1159,4076,21242,10824,1
43491,dia 11 - Soja Saudavel Vaso 2,11.0,2.0,294.19,333.0,37.3,93.86,8297,15310,1166,4083,21204,10824,1
43492,dia 11 - Soja Saudavel Vaso 2,11.0,2.0,294.42,334.0,37.3,93.86,8266,15178,1160,4074,21238,10813,1
43493,dia 11 - Soja Saudavel Vaso 2,11.0,2.0,294.65,332.0,37.3,93.86,8270,15274,1160,4077,21226,10827,1
43494,dia 11 - Soja Saudavel Vaso 2,11.0,2.0,294.89,258.0,37.3,93.86,8297,15308,1166,4083,21207,10828,1
43495,dia 11 - Soja Saudavel Vaso 2,11.0,2.0,295.11,266.0,37.3,93.86,8264,15183,1160,4083,21249,10828,1
43496,dia 11 - Soja Saudavel Vaso 2,11.0,2.0,295.34,263.0,37.3,93.86,8279,15222,1163,4081,21239,10813,1
43497,dia 11 - Soja Saudavel Vaso 2,11.0,2.0,295.57,260.0,37.3,93.86,8261,15234,1163,4077,21231,10830,1
43498,dia 11 - Soja Saudavel Vaso 2,11.0,2.0,295.8,266.0,37.3,93.86,8283,15321,1163,4079,21205,10831,1
43499,dia 11 - Soja Saudavel Vaso 2,11.0,2.0,296.04,262.0,37.3,93.86,8267,15173,1163,4081,21240,10833,1
43500,dia 11 - Soja Saudavel Vaso 2,11.0,2.0,296.26,265.0,37.3,93.85,8295,15291,1165,4085,21217,10817,1
43501,dia 11 - Soja Saudavel Vaso 2,11.0,2.0,296.49,262.0,37.3,93.85,8282,15282,1165,4082,21225,10833,1
43502,dia 11 - Soja Saudavel Vaso 2,11.0,2.0,296.72,268.0,37.3,93.85,8243,15098,1157,4074,21275,10834,1
43503,dia 11 - Soja Saudavel Vaso 2,11.0,2.0,296.95,263.0,37.3,93.86,8243,15100,1155,4074,21283,10834,1
43504,dia 11 - Soja Saudavel Vaso 2,11.0,2.0,297.24,262.0,37.3,93.86,8294,15282,1165,4081,21224,10837,1
43505,dia 11 - Soja Saudavel Vaso 2,11.0,2.0,297.47,261.0,37.3,93.86,8287,15264,1164,4082,21230,10838,1
43506,dia 11 - Soja Saudavel Vaso 2,11.0,2.0,297.69,267.0,37.3,93.86,8291,15270,1164,4084,21229,10824,1
43507,dia 11 - Soja Saudavel Vaso 2,11.0,2.0,297.92,268.0,37.3,93.85,8290,15247,1164,4080,21230,10841,1
43508,dia 11 - Soja Saudavel Vaso 2,11.0,2.0,298.16,266.0,37.3,93.86,8291,15271,1164,4080,21231,10843,1
43509,dia 11 - Soja Saudavel Vaso 2,11.0,2.0,298.4,336.0,37.3,93.85,8292,15275,1165,4082,21230,10843,1
43510,dia 11 - Soja Saudavel Vaso 2,11.0,2.0,298.63,336.0,37.3,93.85,8292,15251,1165,4084,21232,10844,1
43511,dia 11 - Soja Saudavel Vaso 2,11.0,2.0,298.86,334.0,37.3,93.86,8291,15272,1162,4086,21233,10846,1
43512,dia 11 - Soja Saudavel Vaso 2,11.0,2.0,299.09,320.0,37.3,93.85,8290,15270,1165,4082,21235,10846,1
43513,dia 11 - Soja Saudavel Vaso 2,11.0,2.0,299.33,268.0,37.3,93.85,8291,15272,1165,4081,21236,10847,1
43514,dia 11 - Soja Saudavel Vaso 2,11.0,2.0,299.55,265.0,37.3,93.85,8288,15243,1165,4082,21238,10848,1
43515,dia 11 - Soja Saudavel Vaso 2,11.0,2.0,299.78,269.0,37.3,93.85,8284,15252,1164,4081,21244,10850,1
43516,dia 11 - Soja Saudavel Vaso 2,11.0,2.0,300.01,270.0,37.3,93.16,8267,15156,1154,4078,21229,10831,1
43517,dia 11 - Soja Saudavel Vaso 2,11.0,2.0,300.24,273.0,37.3,91.78,8253,15214,1133,4055,21200,10831,1
43518,dia 11 - Soja Saudavel Vaso 2,11.0,2.0,300.48,272.0,37.4,90.59,8243,15228,1127,4048,21167,10832,1
43519,dia 11 - Soja Saudavel Vaso 2,11.0,2.0,300.7,273.0,37.4,89.57,8210,15171,1146,4060,21212,10834,1
43520,dia 11 - Soja Saudavel Vaso 2,11.0,2.0,300.93,276.0,37.4,88.65,8201,15181,1154,4072,21211,10837,1
43521,dia 11 - Soja Saudavel Vaso 2,11.0,2.0,301.16,277.0,37.4,87.81,8199,15185,1151,4072,21215,10840,1
43522,dia 11 - Soja Saudavel Vaso 2,11.0,2.0,301.39,333.0,37.4,87.02,8200,15215,1148,4065,21182,10844,1
43523,dia 11 - Soja Saudavel Vaso 2,11.0,2.0,301.66,338.0,37.4,86.16,8195,15238,1148,4069,21214,10847,1
43524,dia 11 - Soja Saudavel Vaso 2,11.0,2.0,302.05,333.0,37.4,85.04,8168,15253,1138,4055,21233,10852,1
43525,dia 11 - Soja Saudavel Vaso 2,11.0,2.0,302.6,263.0,37.4,83.66,8159,15323,1125,4038,21238,10859,1
43526,dia 11 - Soja Saudavel Vaso 2,11.0,2.0,303.01,265.0,37.3,82.68,8174,15108,1136,4051,21281,10864,1
43527,dia 11 - Soja Saudavel Vaso 2,11.0,2.0,303.24,271.0,37.3,82.19,8025,14798,1104,4018,21106,10797,1
43528,dia 11 - Soja Saudavel Vaso 2,11.0,2.0,303.47,268.0,37.4,81.72,8035,14808,1091,4004,21112,10918,1
43529,dia 11 - Soja Saudavel Vaso 2,11.0,2.0,303.71,268.0,37.4,81.26,8022,14782,1086,4000,21127,11076,1
43530,dia 11 - Soja Saudavel Vaso 2,11.0,2.0,303.95,262.0,37.4,80.78,7867,14808,1081,3994,21108,11279,1
43531,dia 11 - Soja Saudavel Vaso 2,11.0,2.0,304.19,274.0,37.4,80.36,7971,14780,1080,3994,21145,11530,1
43532,dia 11 - Soja Saudavel Vaso 2,11.0,2.0,304.42,271.0,37.4,79.95,7964,14783,1106,4022,21144,11867,1
43533,dia 11 - Soja Saudavel Vaso 2,11.0,2.0,304.64,271.0,37.4,79.56,7986,14930,1114,4029,21101,12282,1
43534,dia 11 - Soja Saudavel Vaso 2,11.0,2.0,304.88,277.0,37.4,79.18,7948,14870,1101,4016,21113,12664,1
43535,dia 11 - Soja Saudavel Vaso 2,11.0,2.0,305.11,331.0,37.4,78.82,7969,14950,1103,4014,21117,12999,1
43536,dia 11 - Soja Saudavel Vaso 2,11.0,2.0,305.34,334.0,37.4,78.47,7971,14965,1095,4008,21136,12955,1
43537,dia 11 - Soja Saudavel Vaso 2,11.0,2.0,305.67,340.0,37.4,77.97,7957,14934,1090,3994,21131,13361,1
43538,dia 11 - Soja Saudavel Vaso 2,11.0,2.0,305.91,333.0,37.4,77.66,7963,14814,1086,3990,21150,13624,1
43539,dia 11 - Soja Saudavel Vaso 2,11.0,2.0,306.18,269.0,37.4,77.3,7941,14949,1088,3999,21118,13918,1
43540,dia 11 - Soja Saudavel Vaso 2,11.0,2.0,306.41,265.0,37.4,77.0,7908,14952,1095,4005,21115,14147,1
43541,dia 11 - Soja Saudavel Vaso 2,11.0,2.0,306.63,260.0,37.4,76.72,7914,14965,1091,4002,21104,14344,1
43542,dia 11 - Soja Saudavel Vaso 2,11.0,2.0,306.86,270.0,37.4,76.45,7883,14821,1087,4004,21143,14515,1
43543,dia 11 - Soja Saudavel Vaso 2,11.0,2.0,307.1,266.0,37.4,76.18,7890,14844,1073,3989,21113,14655,1
43544,dia 11 - Soja Saudavel Vaso 2,11.0,2.0,307.33,273.0,37.4,75.92,7891,14782,1067,3982,21146,14737,1
43545,dia 11 - Soja Saudavel Vaso 2,11.0,2.0,307.56,262.0,37.4,75.66,7892,15017,1054,3970,21074,14860,1
43546,dia 11 - Soja Saudavel Vaso 2,11.0,2.0,307.79,263.0,37.4,75.43,7895,15055,1044,3957,21062,14951,1
43547,dia 11 - Soja Saudavel Vaso 2,11.0,2.0,308.02,269.0,37.4,75.2,7903,14983,1058,3971,21070,15028,1
43548,dia 11 - Soja Saudavel Vaso 2,11.0,2.0,308.28,270.0,37.4,74.95,7890,14945,1050,3969,21080,15127,1
43549,dia 11 - Soja Saudavel Vaso 2,11.0,2.0,308.51,263.0,37.4,74.73,7887,14944,1045,3960,21102,15211,1
43550,dia 11 - Soja Saudavel Vaso 2,11.0,2.0,308.74,268.0,37.4,74.52,7839,14776,1031,3945,21123,15290,1
43551,dia 11 - Soja Saudavel Vaso 2,11.0,2.0,308.97,270.0,37.4,74.32,7825,14777,1034,3949,21090,15374,1
43552,dia 11 - Soja Saudavel Vaso 2,11.0,2.0,309.2,275.0,37.4,74.12,7789,14774,1031,3953,21122,15428,1
43553,dia 11 - Soja Saudavel Vaso 2,11.0,2.0,309.47,266.0,37.4,73.9,7772,14761,1034,3951,21122,15441,1
43554,dia 11 - Soja Saudavel Vaso 2,11.0,2.0,309.7,267.0,37.4,73.71,7758,14928,1032,3952,21059,15469,1
43555,dia 11 - Soja Saudavel Vaso 2,11.0,2.0,309.93,269.0,37.4,73.54,7799,15015,1041,3959,21039,15456,1
43556,dia 11 - Soja Saudavel Vaso 2,11.0,2.0,310.16,266.0,37.4,73.37,7776,14979,1049,3967,21057,15425,1
43557,dia 11 - Soja Saudavel Vaso 2,11.0,2.0,310.39,271.0,37.4,73.19,7774,14958,1046,3963,21043,15352,1
43558,dia 11 - Soja Saudavel Vaso 2,11.0,2.0,310.63,266.0,37.4,73.03,7764,14975,1044,3961,21032,15311,1
43559,dia 11 - Soja Saudavel Vaso 2,11.0,2.0,310.86,268.0,37.4,72.87,7760,14929,1038,3956,21047,15235,1
43560,dia 11 - Soja Saudavel Vaso 2,11.0,2.0,311.09,269.0,37.4,72.72,7743,14912,1033,3949,21084,15149,1
43561,dia 11 - Soja Saudavel Vaso 2,11.0,2.0,311.32,267.0,37.4,72.57,7725,14863,1025,3945,21050,15035,1
43562,dia 11 - Soja Saudavel Vaso 2,11.0,2.0,311.55,268.0,37.4,72.42,7704,14835,1018,3939,21054,14953,1
43563,dia 11 - Soja Saudavel Vaso 2,11.0,2.0,311.78,267.0,37.4,72.29,7540,14751,1012,3935,21137,14844,1
43564,dia 11 - Soja Saudavel Vaso 2,11.0,2.0,312.01,270.0,37.4,72.15,7677,14601,1003,3925,21102,14730,1
43565,dia 11 - Soja Saudavel Vaso 2,11.0,2.0,312.24,267.0,37.4,72.01,7698,14810,1005,3926,21044,14592,1
43566,dia 11 - Soja Saudavel Vaso 2,11.0,2.0,312.48,266.0,37.4,71.88,7691,14804,998,3921,21039,14490,1
43567,dia 11 - Soja Saudavel Vaso 2,11.0,2.0,312.75,269.0,37.4,71.73,7658,14690,989,3909,21038,14344,1
43568,dia 11 - Soja Saudavel Vaso 2,11.0,2.0,312.98,269.0,37.4,71.61,7613,14732,987,3910,21062,14218,1
43569,dia 11 - Soja Saudavel Vaso 2,11.0,2.0,313.21,263.0,37.4,71.49,7674,14676,991,3914,21047,14089,1
43570,dia 11 - Soja Saudavel Vaso 2,11.0,2.0,313.44,269.0,37.4,71.38,7645,14691,988,3909,21045,13960,1
43571,dia 11 - Soja Saudavel Vaso 2,11.0,2.0,313.68,268.0,37.4,71.27,7440,14790,987,3906,21067,13810,1
43572,dia 11 - Soja Saudavel Vaso 2,11.0,2.0,313.93,267.0,37.4,71.15,7449,14748,996,3919,21033,13683,1
43573,dia 11 - Soja Saudavel Vaso 2,11.0,2.0,314.16,269.0,37.4,71.04,7656,14680,1005,3924,21014,13553,1
43574,dia 11 - Soja Saudavel Vaso 2,11.0,2.0,314.39,269.0,37.4,70.93,7618,14736,1013,3931,20998,13406,1
43575,dia 11 - Soja Saudavel Vaso 2,11.0,2.0,314.62,268.0,37.4,70.85,7610,14717,1013,3933,20997,13296,1
43576,dia 11 - Soja Saudavel Vaso 2,11.0,2.0,314.85,273.0,37.4,70.74,7603,14666,1008,3932,20998,13167,1
43577,dia 11 - Soja Saudavel Vaso 2,11.0,2.0,315.08,272.0,37.4,70.64,7600,14663,1005,3927,21001,13038,1
43578,dia 11 - Soja Saudavel Vaso 2,11.0,2.0,315.31,270.0,37.4,70.56,7405,14747,990,3924,21025,12919,1
43579,dia 11 - Soja Saudavel Vaso 2,11.0,2.0,315.54,271.0,37.4,70.47,7555,14612,1002,3920,21008,12799,1
43580,dia 11 - Soja Saudavel Vaso 2,11.0,2.0,315.93,290.0,37.4,70.33,7563,14637,996,3915,20957,12601,1
43581,dia 11 - Soja Saudavel Vaso 2,11.0,2.0,316.47,282.0,37.4,70.14,7528,14637,997,3919,20974,12346,1
43582,dia 11 - Soja Saudavel Vaso 2,11.0,2.0,316.86,336.0,37.4,70.01,7553,14657,993,3914,20924,12177,1
43583,dia 11 - Soja Saudavel Vaso 2,11.0,2.0,317.09,346.0,37.4,69.93,7508,14677,990,3913,20951,12086,1
43584,dia 11 - Soja Saudavel Vaso 2,11.0,2.0,317.32,330.0,37.4,69.87,7534,14629,989,3912,20948,11997,1
43585,dia 11 - Soja Saudavel Vaso 2,11.0,2.0,317.55,334.0,37.4,69.8,7526,14635,987,3912,20938,11911,1
43586,dia 11 - Soja Saudavel Vaso 2,11.0,2.0,317.77,330.0,37.4,69.73,7515,14624,985,3908,20911,11828,1
43587,dia 11 - Soja Saudavel Vaso 2,11.0,2.0,318.01,283.0,37.4,69.67,7514,14614,981,3907,20929,11746,1
43588,dia 11 - Soja Saudavel Vaso 2,11.0,2.0,318.27,270.0,37.4,69.59,7513,14605,980,3904,20920,11659,1
43589,dia 11 - Soja Saudavel Vaso 2,11.0,2.0,318.5,275.0,37.4,69.53,7406,14606,978,3907,20922,11583,1
43590,dia 11 - Soja Saudavel Vaso 2,11.0,2.0,318.73,281.0,37.4,69.47,7486,14643,976,3902,20898,11509,1
43591,dia 11 - Soja Saudavel Vaso 2,11.0,2.0,318.96,281.0,37.4,69.41,7484,14637,974,3899,20892,11440,1
43592,dia 11 - Soja Saudavel Vaso 2,11.0,2.0,319.19,289.0,37.4,69.35,7480,14633,970,3898,20886,11371,1
43593,dia 11 - Soja Saudavel Vaso 2,11.0,2.0,319.46,281.0,37.4,69.28,7473,14624,967,3893,20879,11294,1
43594,dia 11 - Soja Saudavel Vaso 2,11.0,2.0,319.68,336.0,37.5,69.23,7297,14643,952,3892,20921,11233,1
43595,dia 11 - Soja Saudavel Vaso 2,11.0,2.0,319.92,338.0,37.5,69.18,7417,14572,963,3893,20889,11154,1
43596,dia 11 - Soja Saudavel Vaso 2,11.0,2.0,320.15,338.0,37.5,69.13,7404,14558,960,3891,20884,11111,1
43597,dia 11 - Soja Saudavel Vaso 2,11.0,2.0,320.38,328.0,37.5,69.07,7419,14569,956,3886,20871,11054,1
43598,dia 11 - Soja Saudavel Vaso 2,11.0,2.0,320.61,331.0,37.5,69.03,7416,14570,954,3883,20864,11003,1
43599,dia 11 - Soja Saudavel Vaso 2,11.0,2.0,320.84,334.0,37.5,68.98,7414,14568,952,3883,20857,10933,1
43600,dia 11 - Soja Saudavel Vaso 2,11.0,2.0,321.07,335.0,37.5,68.93,7430,14537,951,3885,20848,10898,1
43601,dia 11 - Soja Saudavel Vaso 2,11.0,2.0,321.29,332.0,37.5,68.88,7450,14556,948,3879,20832,10852,1
43602,dia 11 - Soja Saudavel Vaso 2,11.0,2.0,321.53,340.0,37.4,72.92,7522,14512,1023,3942,20799,10780,1
43603,dia 11 - Soja Saudavel Vaso 2,11.0,2.0,321.76,325.0,37.4,78.88,7762,14472,1048,3963,20796,10719,1
43604,dia 11 - Soja Saudavel Vaso 2,11.0,2.0,321.99,330.0,37.4,83.69,7875,14357,1095,4006,20766,10652,1
43605,dia 11 - Soja Saudavel Vaso 2,11.0,2.0,322.22,330.0,37.5,87.46,7933,14340,1105,4017,20702,10577,1
43606,dia 11 - Soja Saudavel Vaso 2,11.0,2.0,322.44,262.0,37.5,90.31,7950,14311,1105,4016,20636,10501,1
43607,dia 11 - Soja Saudavel Vaso 2,11.0,2.0,322.73,263.0,37.5,92.6,7898,14236,1099,4009,20563,10400,1
43608,dia 11 - Soja Saudavel Vaso 2,11.0,2.0,322.96,267.0,37.5,93.51,7867,14189,1088,4053,20492,10350,1
43609,dia 11 - Soja Saudavel Vaso 2,11.0,2.0,323.19,267.0,37.6,93.79,7822,14142,1085,4052,20425,10285,1
43610,dia 11 - Soja Saudavel Vaso 2,11.0,2.0,323.42,261.0,37.6,93.82,7802,14145,1085,4057,20348,10241,1
43611,dia 11 - Soja Saudavel Vaso 2,11.0,2.0,323.66,260.0,37.6,93.83,7787,14113,1086,4053,20295,10179,1
43612,dia 11 - Soja Saudavel Vaso 2,11.0,2.0,323.89,264.0,37.6,93.83,7772,14093,1086,4055,20249,10118,1
43613,dia 11 - Soja Saudavel Vaso 2,11.0,2.0,324.12,272.0,37.6,93.83,7750,14051,1089,4061,20228,10050,1
43614,dia 11 - Soja Saudavel Vaso 2,11.0,2.0,324.35,260.0,37.6,93.83,7727,14023,1092,4063,20198,10016,1
43615,dia 11 - Soja Saudavel Vaso 2,11.0,2.0,324.57,267.0,37.6,93.83,7720,13981,1095,4062,20181,9973,1
43616,dia 11 - Soja Saudavel Vaso 2,11.0,2.0,324.81,269.0,37.6,93.83,7698,13933,1092,4061,20176,9932,1
43617,dia 11 - Soja Saudavel Vaso 2,11.0,2.0,325.04,265.0,37.6,93.83,7691,13931,1092,4063,20151,9880,1
43618,dia 11 - Soja Saudavel Vaso 2,11.0,2.0,325.26,269.0,37.6,93.84,7661,13887,1090,4064,20147,9863,1
43619,dia 11 - Soja Saudavel Vaso 2,11.0,2.0,325.49,272.0,37.6,93.83,7692,13973,1095,4065,20093,9832,1
43620,dia 11 - Soja Saudavel Vaso 2,11.0,2.0,325.72,268.0,37.6,93.83,7680,13951,1096,4068,20087,9804,1
43621,dia 11 - Soja Saudavel Vaso 2,11.0,2.0,325.99,263.0,37.6,93.84,7660,13953,1094,4068,20070,9792,1
43622,dia 11 - Soja Saudavel Vaso 2,11.0,2.0,326.21,272.0,37.6,93.84,7658,13880,1089,4053,20066,9767,1
43623,dia 11 - Soja Saudavel Vaso 2,11.0,2.0,326.45,270.0,37.6,93.83,7665,13948,1097,4069,20053,9744,1
43624,dia 11 - Soja Saudavel Vaso 2,11.0,2.0,326.68,268.0,37.6,93.84,7653,13915,1094,4064,20058,9708,1
43625,dia 11 - Soja Saudavel Vaso 2,11.0,2.0,326.91,263.0,37.6,93.84,7610,13893,1088,4067,20059,9702,1
43626,dia 11 - Soja Saudavel Vaso 2,11.0,2.0,327.17,271.0,37.6,93.84,7641,13893,1094,4068,20059,9682,1
43627,dia 11 - Soja Saudavel Vaso 2,11.0,2.0,327.39,265.0,37.6,93.83,7633,13875,1093,4065,20058,9652,1
43628,dia 11 - Soja Saudavel Vaso 2,11.0,2.0,327.62,269.0,37.6,93.83,7625,13892,1095,4067,20053,9805,1
43629,dia 11 - Soja Saudavel Vaso 2,11.0,2.0,327.85,273.0,37.6,93.84,7636,13887,1094,4069,20055,9789,1
43630,dia 11 - Soja Saudavel Vaso 2,11.0,2.0,328.09,329.0,37.6,93.84,7627,13857,1094,4068,20071,9775,1
43631,dia 11 - Soja Saudavel Vaso 2,11.0,2.0,328.32,332.0,37.6,93.84,7628,13877,1094,4069,20070,9747,1
43632,dia 11 - Soja Saudavel Vaso 2,11.0,2.0,328.55,335.0,37.6,93.84,7615,13879,1095,4066,20060,9753,1
43633,dia 11 - Soja Saudavel Vaso 2,11.0,2.0,328.77,334.0,37.6,93.83,7625,13873,1094,4066,20064,9850,1
43634,dia 11 - Soja Saudavel Vaso 2,11.0,2.0,329.0,335.0,37.6,93.84,7624,13873,1096,4071,20066,9830,1
43635,dia 11 - Soja Saudavel Vaso 2,11.0,2.0,329.24,334.0,37.6,93.84,7622,13868,1094,4070,20070,9801,1
43636,dia 11 - Soja Saudavel Vaso 2,11.0,2.0,329.46,275.0,37.6,93.84,7608,13885,1096,4069,20067,9811,1
43637,dia 11 - Soja Saudavel Vaso 2,11.0,2.0,329.85,265.0,37.6,93.84,7625,13899,1097,4072,20067,10840,1
43638,dia 11 - Soja Saudavel Vaso 2,11.0,2.0,330.39,262.0,37.6,93.85,7612,13907,1099,4074,20072,11013,1
43639,dia 11 - Soja Saudavel Vaso 2,11.0,2.0,330.77,270.0,37.6,93.84,7622,13898,1099,4074,20082,9777,1
44988,dia 11 - Soja Saudavel Vaso 2,11.0,2.0,674.0,393.0,40.0,93.85,8571,15437,1190,4286,21638,13659,1
44989,dia 11 - Soja Saudavel Vaso 2,11.0,2.0,674.24,393.0,40.0,93.85,8575,15431,1190,4287,21634,13664,1
44990,dia 11 - Soja Saudavel Vaso 2,11.0,2.0,674.49,398.0,40.0,93.85,8562,15399,1189,4282,21650,13667,1
44991,dia 11 - Soja Saudavel Vaso 2,11.0,2.0,674.73,398.0,40.0,93.85,8569,15431,1190,4285,21641,13668,1
44992,dia 11 - Soja Saudavel Vaso 2,11.0,2.0,674.98,406.0,40.0,93.85,8577,15449,1188,4287,21635,13675,1
44993,dia 11 - Soja Saudavel Vaso 2,11.0,2.0,675.22,394.0,40.0,93.84,8569,15396,1191,4287,21651,13679,1
44994,dia 11 - Soja Saudavel Vaso 2,11.0,2.0,675.47,394.0,40.0,93.84,8579,15436,1191,4286,21634,13680,1
44995,dia 11 - Soja Saudavel Vaso 2,11.0,2.0,675.71,395.0,40.0,93.84,8579,15456,1192,4290,21642,13680,1
44996,dia 11 - Soja Saudavel Vaso 2,11.0,2.0,675.96,407.0,40.0,93.84,8566,15417,1189,4287,21648,13661,1
44997,dia 11 - Soja Saudavel Vaso 2,11.0,2.0,676.25,392.0,40.0,93.85,8563,15390,1189,4285,21651,13677,1
44998,dia 11 - Soja Saudavel Vaso 2,11.0,2.0,676.49,391.0,40.0,93.83,8574,15456,1192,4291,21634,13673,1
44999,dia 11 - Soja Saudavel Vaso 2,11.0,2.0,676.74,371.0,40.0,93.84,8588,15462,1194,4291,21635,13670,1
45000,dia 11 - Soja Saudavel Vaso 2,11.0,2.0,676.98,372.0,40.0,93.84,8569,15414,1190,4286,21652,13658,1
45001,dia 11 - Soja Saudavel Vaso 2,11.0,2.0,677.26,357.0,40.0,93.85,8579,15458,1191,4289,21637,13664,1
45002,dia 11 - Soja Saudavel Vaso 2,11.0,2.0,677.5,356.0,40.0,93.85,8575,15440,1192,4286,21643,13654,1
45003,dia 11 - Soja Saudavel Vaso 2,11.0,2.0,677.75,351.0,40.0,93.84,8566,15406,1190,4285,21653,13658,1
45004,dia 11 - Soja Saudavel Vaso 2,11.0,2.0,677.99,362.0,40.0,93.85,8572,15426,1191,4290,21647,13654,1
45005,dia 11 - Soja Saudavel Vaso 2,11.0,2.0,678.25,367.0,40.0,93.84,8563,15441,1192,4290,21644,13653,1
45006,dia 11 - Soja Saudavel Vaso 2,11.0,2.0,678.49,353.0,40.0,93.85,8576,15441,1192,4290,21644,13649,1
45007,dia 11 - Soja Saudavel Vaso 2,11.0,2.0,678.84,361.0,40.0,93.84,8577,15450,1192,4287,21641,13625,1
45008,dia 11 - Soja Saudavel Vaso 2,11.0,2.0,679.08,369.0,40.0,93.84,8582,15462,1193,4288,21639,13644,1
45009,dia 11 - Soja Saudavel Vaso 2,11.0,2.0,679.33,361.0,40.0,93.84,8586,15461,1193,4293,21644,13640,1
45010,dia 11 - Soja Saudavel Vaso 2,11.0,2.0,679.61,370.0,40.0,93.84,8578,15444,1191,4291,21647,13634,1
45011,dia 11 - Soja Saudavel Vaso 2,11.0,2.0,679.86,395.0,40.0,93.84,8582,15457,1192,4290,21643,13629,1
45012,dia 11 - Soja Saudavel Vaso 2,11.0,2.0,680.1,377.0,40.0,93.84,8577,15439,1192,4286,21650,13625,1
45013,dia 11 - Soja Saudavel Vaso 2,11.0,2.0,680.35,363.0,40.0,93.84,8594,15497,1194,4290,21635,13621,1
45014,dia 11 - Soja Saudavel Vaso 2,11.0,2.0,680.6,352.0,40.0,93.85,8605,15517,1196,4295,21628,13619,1
45015,dia 11 - Soja Saudavel Vaso 2,11.0,2.0,680.84,358.0,40.0,93.84,8619,15595,1198,4298,21611,13610,1
45016,dia 11 - Soja Saudavel Vaso 2,11.0,2.0,681.09,361.0,40.0,93.84,8661,15760,1208,4304,21564,13588,1
45017,dia 11 - Soja Saudavel Vaso 2,11.0,2.0,681.33,359.0,40.0,93.84,8678,15828,1211,4308,21544,13601,1
45018,dia 11 - Soja Saudavel Vaso 2,11.0,2.0,681.58,354.0,40.0,93.14,8628,15746,1196,4294,21437,13530,1
45019,dia 11 - Soja Saudavel Vaso 2,11.0,2.0,681.85,352.0,40.0,92.35,8637,15780,1185,4283,21425,13526,1
45020,dia 11 - Soja Saudavel Vaso 2,11.0,2.0,682.09,350.0,40.0,91.94,8648,15822,1177,4278,21420,13521,1
45021,dia 11 - Soja Saudavel Vaso 2,11.0,2.0,682.34,351.0,40.0,91.67,8638,15764,1170,4266,21422,13515,1
45022,dia 11 - Soja Saudavel Vaso 2,11.0,2.0,682.58,346.0,40.0,91.48,8627,15785,1175,4275,21417,13510,1
45023,dia 11 - Soja Saudavel Vaso 2,11.0,2.0,682.88,354.0,40.0,91.32,8615,15777,1182,4280,21412,13496,1
45024,dia 11 - Soja Saudavel Vaso 2,11.0,2.0,683.12,354.0,40.0,91.23,8608,15783,1183,4281,21400,13484,1
45025,dia 11 - Soja Saudavel Vaso 2,11.0,2.0,683.37,350.0,40.0,91.16,8602,15767,1184,4282,21389,13467,1
45026,dia 11 - Soja Saudavel Vaso 2,11.0,2.0,683.61,345.0,40.0,91.12,8599,15750,1182,4282,21375,13439,1
45027,dia 11 - Soja Saudavel Vaso 2,11.0,2.0,683.86,347.0,40.0,91.08,8584,15697,1181,4281,21356,13415,1
45028,dia 11 - Soja Saudavel Vaso 2,11.0,2.0,684.11,353.0,40.0,91.05,8575,15713,1181,4280,21343,13395,1
45029,dia 11 - Soja Saudavel Vaso 2,11.0,2.0,684.35,352.0,40.0,91.04,8569,15695,1179,4276,21335,13368,1
45030,dia 11 - Soja Saudavel Vaso 2,11.0,2.0,684.59,347.0,40.0,91.02,8542,15673,1182,4283,21323,13334,1
45031,dia 11 - Soja Saudavel Vaso 2,11.0,2.0,684.84,385.0,40.0,91.0,8554,15690,1179,4278,21299,13297,1
45032,dia 11 - Soja Saudavel Vaso 2,11.0,2.0,685.13,397.0,40.0,90.98,8505,15524,1171,4273,21321,13252,1
45033,dia 11 - Soja Saudavel Vaso 2,11.0,2.0,685.37,401.0,39.9,90.97,8498,15527,1170,4269,21295,13212,1
45034,dia 11 - Soja Saudavel Vaso 2,11.0,2.0,685.62,402.0,40.0,90.96,8474,15523,1168,4268,21268,13176,1
45035,dia 11 - Soja Saudavel Vaso 2,11.0,2.0,685.86,393.0,40.0,90.96,8480,15521,1167,4267,21231,13138,1
45036,dia 11 - Soja Saudavel Vaso 2,11.0,2.0,686.11,399.0,39.9,90.95,8469,15506,1165,4266,21202,13089,1
45037,dia 11 - Soja Saudavel Vaso 2,11.0,2.0,686.35,395.0,40.0,90.96,8468,15541,1165,4263,21159,13065,1
45038,dia 11 - Soja Saudavel Vaso 2,11.0,2.0,686.59,402.0,39.9,90.95,8456,15538,1163,4266,21134,13030,1
45039,dia 11 - Soja Saudavel Vaso 2,11.0,2.0,686.84,400.0,39.9,90.95,8421,15420,1158,4256,21123,12993,1
45040,dia 11 - Soja Saudavel Vaso 2,11.0,2.0,687.24,404.0,39.9,90.94,8398,15402,1154,4256,21062,12929,1
45041,dia 11 - Soja Saudavel Vaso 2,11.0,2.0,687.79,403.0,39.9,90.95,8354,15339,1147,4248,21013,12836,1
45042,dia 11 - Soja Saudavel Vaso 2,11.0,2.0,688.2,406.0,39.9,90.97,8327,15202,1135,4243,20914,12758,1
45043,dia 11 - Soja Saudavel Vaso 2,11.0,2.0,688.47,403.0,39.9,90.97,8303,15251,1141,4241,20870,12716,1
45044,dia 11 - Soja Saudavel Vaso 2,11.0,2.0,688.71,405.0,39.9,90.95,8184,14889,1122,4226,20945,12681,1
45045,dia 11 - Soja Saudavel Vaso 2,11.0,2.0,688.96,401.0,39.9,90.93,8192,14919,1120,4222,20896,12655,1
45046,dia 11 - Soja Saudavel Vaso 2,11.0,2.0,689.2,399.0,39.9,90.95,8182,14980,1120,4222,20827,12623,1
45047,dia 11 - Soja Saudavel Vaso 2,11.0,2.0,689.5,406.0,39.9,90.94,8180,14960,1120,4223,20777,12573,1
45048,dia 11 - Soja Saudavel Vaso 2,11.0,2.0,689.74,403.0,39.9,90.94,8165,14963,1118,4221,20742,12529,1
45049,dia 11 - Soja Saudavel Vaso 2,11.0,2.0,689.98,403.0,39.9,90.94,8151,14949,1116,4218,20704,12488,1
45050,dia 11 - Soja Saudavel Vaso 2,11.0,2.0,690.23,409.0,39.9,90.94,8103,14875,1113,4216,20683,12448,1
45051,dia 11 - Soja Saudavel Vaso 2,11.0,2.0,690.47,399.0,39.9,90.94,8109,14861,1110,4213,20643,12412,1
45052,dia 11 - Soja Saudavel Vaso 2,11.0,2.0,690.71,403.0,39.9,90.94,8061,14699,1101,4207,20644,12357,1
45053,dia 11 - Soja Saudavel Vaso 2,11.0,2.0,690.94,410.0,39.9,90.95,7998,14529,1093,4195,20657,12336,1
45758,dia 11 - Soja Saudavel Vaso 3,11.0,3.0,291.79,315.0,39.9,93.81,7953,15988,1096,4263,20632,12970,1
45759,dia 11 - Soja Saudavel Vaso 3,11.0,3.0,292.07,315.0,40.0,93.81,7933,15911,1094,4261,20631,11258,1
45760,dia 11 - Soja Saudavel Vaso 3,11.0,3.0,292.31,315.0,40.0,93.81,7935,15918,1095,4258,20657,11229,1
45761,dia 11 - Soja Saudavel Vaso 3,11.0,3.0,292.55,317.0,40.0,93.8,7930,15889,1095,4259,20667,11197,1
45762,dia 11 - Soja Saudavel Vaso 3,11.0,3.0,292.81,320.0,40.0,93.81,7943,15930,1094,4259,20655,11251,1
45763,dia 11 - Soja Saudavel Vaso 3,11.0,3.0,293.1,322.0,40.0,93.81,7937,15948,1096,4260,20652,12193,1
45764,dia 11 - Soja Saudavel Vaso 3,11.0,3.0,293.35,315.0,40.0,93.81,7938,15899,1095,4261,20670,11188,1
45765,dia 11 - Soja Saudavel Vaso 3,11.0,3.0,293.59,315.0,40.0,93.81,7942,15921,1096,4259,20661,11159,1
45766,dia 11 - Soja Saudavel Vaso 3,11.0,3.0,293.84,317.0,40.0,93.81,7965,16019,1100,4261,20631,11171,1
45767,dia 11 - Soja Saudavel Vaso 3,11.0,3.0,294.09,317.0,40.0,93.81,7941,15909,1095,4261,20666,11173,1
45768,dia 11 - Soja Saudavel Vaso 3,11.0,3.0,294.36,315.0,40.0,93.81,7923,15845,1093,4259,20685,11169,1
45769,dia 11 - Soja Saudavel Vaso 3,11.0,3.0,294.6,315.0,39.9,93.81,7954,15971,1097,4261,20651,11168,1
45770,dia 11 - Soja Saudavel Vaso 3,11.0,3.0,294.85,313.0,40.0,93.81,7919,15859,1094,4260,20684,11166,1
45771,dia 11 - Soja Saudavel Vaso 3,11.0,3.0,295.09,313.0,40.0,93.81,7925,15817,1091,4258,20698,11158,1
45772,dia 11 - Soja Saudavel Vaso 3,11.0,3.0,295.39,314.0,40.0,93.81,7926,15831,1091,4258,20695,11165,1
45773,dia 11 - Soja Saudavel Vaso 3,11.0,3.0,295.64,314.0,40.0,93.81,7947,15914,1095,4258,20670,11157,1
45774,dia 11 - Soja Saudavel Vaso 3,11.0,3.0,295.88,317.0,40.0,93.81,7928,15832,1094,4259,20698,11185,1
45775,dia 11 - Soja Saudavel Vaso 3,11.0,3.0,296.13,312.0,40.0,93.81,7925,15817,1091,4259,20703,11171,1
45776,dia 11 - Soja Saudavel Vaso 3,11.0,3.0,296.38,312.0,40.0,93.81,7947,15895,1095,4261,20685,11170,1
45777,dia 11 - Soja Saudavel Vaso 3,11.0,3.0,296.62,318.0,40.0,93.81,7929,15835,1092,4258,20699,11171,1
45778,dia 11 - Soja Saudavel Vaso 3,11.0,3.0,296.87,308.0,40.0,93.81,7928,15827,1091,4260,20703,11157,1
45779,dia 11 - Soja Saudavel Vaso 3,11.0,3.0,297.11,314.0,40.0,93.81,7929,15825,1091,4261,20704,11175,1
45780,dia 11 - Soja Saudavel Vaso 3,11.0,3.0,297.51,324.0,40.0,93.81,7926,15817,1091,4259,20709,11178,1
45781,dia 11 - Soja Saudavel Vaso 3,11.0,3.0,298.06,317.0,40.0,93.81,7945,15926,1094,4261,20678,11182,1
45782,dia 11 - Soja Saudavel Vaso 3,11.0,3.0,298.47,318.0,40.0,93.81,7923,15852,1093,4262,20706,11185,1
45783,dia 11 - Soja Saudavel Vaso 3,11.0,3.0,298.75,321.0,40.0,93.81,7944,15944,1096,4261,20693,11234,1
45784,dia 11 - Soja Saudavel Vaso 3,11.0,3.0,299.0,321.0,40.0,93.81,7925,15910,1094,4263,20676,11236,1
45785,dia 11 - Soja Saudavel Vaso 3,11.0,3.0,299.24,315.0,40.0,93.81,7947,15931,1097,4263,20680,11229,1
45786,dia 11 - Soja Saudavel Vaso 3,11.0,3.0,299.48,320.0,40.0,93.81,7915,15833,1093,4261,20717,11224,1
45787,dia 11 - Soja Saudavel Vaso 3,11.0,3.0,299.77,319.0,40.0,93.82,7921,15842,1091,4261,20715,11219,1
45788,dia 11 - Soja Saudavel Vaso 3,11.0,3.0,300.01,316.0,40.0,93.17,7904,15817,1080,4251,20675,11193,1
45789,dia 11 - Soja Saudavel Vaso 3,11.0,3.0,300.26,317.0,40.0,91.7,7885,15812,1073,4243,20640,11188,1
45790,dia 11 - Soja Saudavel Vaso 3,11.0,3.0,300.5,314.0,40.0,90.46,7854,15782,1076,4245,20652,11177,1
45791,dia 11 - Soja Saudavel Vaso 3,11.0,3.0,300.76,314.0,40.1,89.38,7875,15884,1077,4245,20608,11230,1
45792,dia 11 - Soja Saudavel Vaso 3,11.0,3.0,301.01,318.0,40.0,88.35,7872,15774,1071,4240,20629,11324,1
45793,dia 11 - Soja Saudavel Vaso 3,11.0,3.0,301.26,310.0,40.0,87.47,7884,15755,1081,4246,20627,11429,1
45794,dia 11 - Soja Saudavel Vaso 3,11.0,3.0,301.51,313.0,40.0,86.67,7934,15751,1075,4249,20625,11501,1
45795,dia 11 - Soja Saudavel Vaso 3,11.0,3.0,301.75,314.0,40.1,85.94,7952,15748,1078,4247,20640,11558,1
45796,dia 11 - Soja Saudavel Vaso 3,11.0,3.0,302.05,312.0,40.0,85.09,7999,15719,1076,4245,20633,11606,1
45797,dia 11 - Soja Saudavel Vaso 3,11.0,3.0,302.3,313.0,40.0,84.45,7990,15736,1075,4244,20643,11653,1
45798,dia 11 - Soja Saudavel Vaso 3,11.0,3.0,302.54,317.0,40.1,83.84,8004,15738,1075,4242,20648,11676,1
45799,dia 11 - Soja Saudavel Vaso 3,11.0,3.0,302.79,308.0,40.0,83.28,7997,15750,1074,4241,20659,11673,1
45800,dia 11 - Soja Saudavel Vaso 3,11.0,3.0,303.04,318.0,40.0,82.73,7980,15741,1087,4255,20668,11659,1
45801,dia 11 - Soja Saudavel Vaso 3,11.0,3.0,303.29,315.0,40.0,82.2,7965,15770,1081,4249,20677,11638,1
45802,dia 11 - Soja Saudavel Vaso 3,11.0,3.0,303.53,314.0,40.0,81.72,7950,15783,1071,4242,20657,11610,1
45803,dia 11 - Soja Saudavel Vaso 3,11.0,3.0,303.78,316.0,40.0,81.24,7965,15813,1064,4235,20685,11576,1
45804,dia 11 - Soja Saudavel Vaso 3,11.0,3.0,304.02,321.0,40.0,80.77,7978,15885,1063,4232,20679,11529,1
45805,dia 11 - Soja Saudavel Vaso 3,11.0,3.0,304.32,312.0,40.0,80.27,7858,15817,1071,4239,20699,11482,1
45806,dia 11 - Soja Saudavel Vaso 3,11.0,3.0,304.57,310.0,40.0,79.86,7838,15800,1061,4232,20700,11439,1
45807,dia 11 - Soja Saudavel Vaso 3,11.0,3.0,304.81,316.0,40.0,79.47,7848,15824,1056,4226,20706,11389,1
45808,dia 11 - Soja Saudavel Vaso 3,11.0,3.0,305.06,319.0,40.0,79.09,7811,15841,1058,4225,20692,11338,1
45809,dia 11 - Soja Saudavel Vaso 3,11.0,3.0,305.31,316.0,40.0,78.74,7831,15839,1062,4226,20682,11285,1
45810,dia 11 - Soja Saudavel Vaso 3,11.0,3.0,305.56,315.0,40.0,78.38,7757,15871,1058,4228,20675,11232,1
45811,dia 11 - Soja Saudavel Vaso 3,11.0,3.0,305.8,316.0,40.0,78.05,7812,15862,1044,4215,20649,11176,1
45812,dia 11 - Soja Saudavel Vaso 3,11.0,3.0,306.05,308.0,40.0,77.74,7682,15923,1024,4198,20696,11122,1
45813,dia 11 - Soja Saudavel Vaso 3,11.0,3.0,306.29,316.0,40.0,77.43,7707,15893,1019,4191,20680,11066,1
45814,dia 11 - Soja Saudavel Vaso 3,11.0,3.0,306.54,311.0,40.0,77.14,7722,15893,1017,4186,20676,11025,1
45815,dia 11 - Soja Saudavel Vaso 3,11.0,3.0,306.8,316.0,40.1,76.83,7731,15884,1027,4206,20657,10951,1
45816,dia 11 - Soja Saudavel Vaso 3,11.0,3.0,307.04,322.0,40.1,76.56,7720,15856,1022,4196,20657,10913,1
45817,dia 11 - Soja Saudavel Vaso 3,11.0,3.0,307.29,316.0,40.1,76.29,7760,15912,1030,4196,20669,10863,1
45818,dia 11 - Soja Saudavel Vaso 3,11.0,3.0,307.53,311.0,40.1,76.04,7690,15838,1021,4193,20666,10813,1
45819,dia 11 - Soja Saudavel Vaso 3,11.0,3.0,307.78,318.0,40.1,75.79,7723,15871,1005,4180,20662,10771,1
45820,dia 11 - Soja Saudavel Vaso 3,11.0,3.0,308.02,317.0,40.1,75.55,7653,15911,997,4174,20647,10733,1
45821,dia 11 - Soja Saudavel Vaso 3,11.0,3.0,308.27,314.0,40.1,75.32,7685,15872,1006,4176,20655,10741,1
45822,dia 11 - Soja Saudavel Vaso 3,11.0,3.0,308.52,311.0,40.1,75.1,7677,15889,1016,4183,20650,10778,1
45823,dia 11 - Soja Saudavel Vaso 3,11.0,3.0,308.76,318.0,40.1,74.88,7674,15989,1019,4193,20613,10697,1
45824,dia 11 - Soja Saudavel Vaso 3,11.0,3.0,309.11,315.0,40.0,74.59,7690,15863,1018,4192,20641,10774,1
45825,dia 11 - Soja Saudavel Vaso 3,11.0,3.0,309.36,314.0,40.1,74.4,7638,15876,1011,4183,20656,10718,1
45826,dia 11 - Soja Saudavel Vaso 3,11.0,3.0,309.6,313.0,40.1,74.21,7573,15860,1002,4180,20637,10737,1
45827,dia 11 - Soja Saudavel Vaso 3,11.0,3.0,309.85,320.0,40.1,74.03,7613,15867,997,4181,20651,10689,1
45828,dia 11 - Soja Saudavel Vaso 3,11.0,3.0,310.1,318.0,40.1,73.85,7656,15882,1000,4167,20646,10654,1
45829,dia 11 - Soja Saudavel Vaso 3,11.0,3.0,310.37,315.0,40.1,73.65,7586,15881,990,4165,20636,10613,1
45830,dia 11 - Soja Saudavel Vaso 3,11.0,3.0,310.61,321.0,40.1,73.49,7592,15831,985,4161,20642,10719,1
45831,dia 11 - Soja Saudavel Vaso 3,11.0,3.0,310.86,313.0,40.1,73.33,7602,15955,983,4158,20615,11194,1
45832,dia 11 - Soja Saudavel Vaso 3,11.0,3.0,311.1,313.0,40.1,73.18,7570,15855,980,4155,20632,11149,1
45833,dia 11 - Soja Saudavel Vaso 3,11.0,3.0,311.41,311.0,40.1,72.99,7574,15860,982,4155,20628,11128,1
45834,dia 11 - Soja Saudavel Vaso 3,11.0,3.0,311.65,315.0,40.1,72.85,7542,15847,999,4168,20624,11102,1
45835,dia 11 - Soja Saudavel Vaso 3,11.0,3.0,311.9,317.0,40.1,72.71,7553,15851,994,4168,20624,11063,1
45836,dia 11 - Soja Saudavel Vaso 3,11.0,3.0,312.31,316.0,40.1,72.49,7562,15816,992,4164,20610,11014,1
45837,dia 11 - Soja Saudavel Vaso 3,11.0,3.0,312.89,315.0,40.1,72.19,7534,15843,994,4161,20600,10957,1
45838,dia 11 - Soja Saudavel Vaso 3,11.0,3.0,313.29,313.0,40.1,72.01,7582,15824,989,4159,20580,10922,1
45839,dia 11 - Soja Saudavel Vaso 3,11.0,3.0,313.54,319.0,40.1,71.89,7560,15892,982,4155,20559,10899,1
45840,dia 11 - Soja Saudavel Vaso 3,11.0,3.0,313.78,319.0,40.1,71.79,7572,15810,983,4154,20583,10879,1
45841,dia 11 - Soja Saudavel Vaso 3,11.0,3.0,314.03,315.0,40.1,71.68,7564,15830,979,4149,20576,10857,1
45842,dia 11 - Soja Saudavel Vaso 3,11.0,3.0,314.27,317.0,40.1,71.58,7572,15831,978,4144,20573,10838,1
45843,dia 11 - Soja Saudavel Vaso 3,11.0,3.0,314.53,314.0,40.1,71.48,7532,15826,970,4128,20573,10820,1
45844,dia 11 - Soja Saudavel Vaso 3,11.0,3.0,314.79,316.0,40.1,71.37,7553,15803,969,4077,20576,10798,1
45845,dia 11 - Soja Saudavel Vaso 3,11.0,3.0,315.02,315.0,40.1,71.29,7522,15814,972,4084,20571,10784,1
45846,dia 11 - Soja Saudavel Vaso 3,11.0,3.0,315.24,316.0,40.1,71.2,7646,15743,988,4102,20540,10768,1
45847,dia 11 - Soja Saudavel Vaso 3,11.0,3.0,315.47,320.0,40.1,71.13,7627,15740,1004,4118,20532,10749,1
45848,dia 11 - Soja Saudavel Vaso 3,11.0,3.0,315.71,310.0,40.1,71.05,7681,15729,1012,4121,20525,10712,1
45849,dia 11 - Soja Saudavel Vaso 3,11.0,3.0,315.94,317.0,40.1,70.97,7712,15675,1016,4123,20511,10703,1
45850,dia 11 - Soja Saudavel Vaso 3,11.0,3.0,316.17,317.0,40.1,70.9,7710,15681,1012,4123,20508,10685,1
45851,dia 11 - Soja Saudavel Vaso 3,11.0,3.0,316.4,316.0,40.1,70.82,7718,15704,1011,4120,20500,10668,1
45852,dia 11 - Soja Saudavel Vaso 3,11.0,3.0,316.63,323.0,40.1,70.75,7690,15691,1008,4116,20491,10651,1
45853,dia 11 - Soja Saudavel Vaso 3,11.0,3.0,316.86,321.0,40.1,70.69,7699,15683,1010,4113,20491,10634,1
45854,dia 11 - Soja Saudavel Vaso 3,11.0,3.0,317.09,325.0,40.1,70.61,7645,15693,1007,4110,20486,10623,1
45855,dia 11 - Soja Saudavel Vaso 3,11.0,3.0,317.32,326.0,40.1,70.55,7712,15662,998,4098,20483,10606,1
45856,dia 11 - Soja Saudavel Vaso 3,11.0,3.0,317.55,375.0,40.1,70.49,7688,15717,995,4097,20466,10588,1
45857,dia 11 - Soja Saudavel Vaso 3,11.0,3.0,317.77,370.0,40.1,70.43,7692,15659,992,4086,20462,10571,1
45858,dia 11 - Soja Saudavel Vaso 3,11.0,3.0,318.07,338.0,40.1,70.36,7631,15654,990,4091,20466,10539,1
45859,dia 11 - Soja Saudavel Vaso 3,11.0,3.0,318.3,313.0,40.1,70.3,7667,15680,989,4084,20452,10538,1
45860,dia 11 - Soja Saudavel Vaso 3,11.0,3.0,318.52,311.0,40.1,70.25,7688,15692,988,4081,20449,10525,1
45861,dia 11 - Soja Saudavel Vaso 3,11.0,3.0,318.75,306.0,40.1,70.19,7692,15673,987,4076,20439,10511,1
45862,dia 11 - Soja Saudavel Vaso 3,11.0,3.0,318.99,310.0,40.1,70.15,7690,15648,989,4073,20441,10481,1
45863,dia 11 - Soja Saudavel Vaso 3,11.0,3.0,319.22,303.0,40.1,70.09,7666,15646,980,4073,20437,10483,1
45864,dia 11 - Soja Saudavel Vaso 3,11.0,3.0,319.45,304.0,40.1,70.04,7642,15655,977,4070,20428,10468,1
45865,dia 11 - Soja Saudavel Vaso 3,11.0,3.0,319.68,307.0,40.1,70.0,7607,15636,990,4083,20426,10451,1
45866,dia 11 - Soja Saudavel Vaso 3,11.0,3.0,319.91,311.0,40.1,69.95,7614,15620,997,4090,20413,10422,1
45867,dia 11 - Soja Saudavel Vaso 3,11.0,3.0,320.14,312.0,40.1,69.91,7614,15619,996,4086,20424,10424,1
45868,dia 11 - Soja Saudavel Vaso 3,11.0,3.0,320.37,306.0,40.1,69.87,7592,15613,1012,4097,20412,10413,1
45869,dia 11 - Soja Saudavel Vaso 3,11.0,3.0,320.6,304.0,40.1,69.82,7632,15610,1012,4101,20408,10399,1
45870,dia 11 - Soja Saudavel Vaso 3,11.0,3.0,320.83,311.0,40.1,69.78,7628,15606,1012,4099,20404,10372,1
45871,dia 11 - Soja Saudavel Vaso 3,11.0,3.0,321.06,308.0,40.1,69.74,7604,15547,1009,4100,20399,10374,1
45872,dia 11 - Soja Saudavel Vaso 3,11.0,3.0,321.29,301.0,40.1,69.7,7620,15595,1008,4099,20393,10361,1
45873,dia 11 - Soja Saudavel Vaso 3,11.0,3.0,321.52,305.0,40.1,69.67,7609,15532,1012,4096,20390,10349,1
45874,dia 11 - Soja Saudavel Vaso 3,11.0,3.0,321.75,307.0,40.1,69.63,7607,15559,1010,4097,20387,10337,1
45875,dia 11 - Soja Saudavel Vaso 3,11.0,3.0,321.98,309.0,40.1,69.59,7599,15574,1011,4098,20376,10325,1
45876,dia 11 - Soja Saudavel Vaso 3,11.0,3.0,322.21,304.0,40.1,69.56,7604,15571,1011,4097,20371,10309,1
45877,dia 11 - Soja Saudavel Vaso 3,11.0,3.0,322.46,311.0,40.1,69.52,7593,15555,1011,4098,20371,10289,1
45878,dia 11 - Soja Saudavel Vaso 3,11.0,3.0,322.69,307.0,40.1,69.49,7585,15541,1010,4098,20361,10287,1
45879,dia 11 - Soja Saudavel Vaso 3,11.0,3.0,322.93,304.0,40.1,69.46,7581,15565,1009,4097,20356,10274,1
45880,dia 11 - Soja Saudavel Vaso 3,11.0,3.0,323.16,310.0,40.2,69.43,7566,15573,1008,4091,20352,10261,1
45881,dia 11 - Soja Saudavel Vaso 3,11.0,3.0,323.39,307.0,40.1,69.39,7552,15557,1003,4092,20355,10252,1
45882,dia 11 - Soja Saudavel Vaso 3,11.0,3.0,323.66,303.0,40.2,69.37,7583,15538,1004,4098,20340,10245,1
45883,dia 11 - Soja Saudavel Vaso 3,11.0,3.0,323.89,309.0,40.1,69.34,7611,15517,1008,4096,20336,10227,1
45884,dia 11 - Soja Saudavel Vaso 3,11.0,3.0,324.12,319.0,40.2,69.31,7577,15505,1005,4095,20318,10215,1
45885,dia 11 - Soja Saudavel Vaso 3,11.0,3.0,324.35,326.0,40.2,69.28,7585,15499,1001,4092,20326,10203,1
45886,dia 11 - Soja Saudavel Vaso 3,11.0,3.0,324.59,388.0,40.1,69.26,7590,15491,1005,4089,20316,10185,1
45887,dia 11 - Soja Saudavel Vaso 3,11.0,3.0,324.81,334.0,40.1,69.23,7589,15484,1006,4101,20313,10181,1
45888,dia 11 - Soja Saudavel Vaso 3,11.0,3.0,325.04,346.0,40.2,69.21,7553,15487,1004,4091,20300,10171,1
45889,dia 11 - Soja Saudavel Vaso 3,11.0,3.0,325.27,339.0,40.2,69.18,7623,15471,1005,4093,20292,10161,1
45890,dia 11 - Soja Saudavel Vaso 3,11.0,3.0,325.5,362.0,40.2,69.16,7627,15473,1003,4092,20286,10151,1
45891,dia 11 - Soja Saudavel Vaso 3,11.0,3.0,325.74,394.0,40.1,69.14,7628,15463,1004,4091,20279,10140,1
45892,dia 11 - Soja Saudavel Vaso 3,11.0,3.0,325.96,313.0,40.2,69.11,7637,15467,996,4092,20263,10127,1
45893,dia 11 - Soja Saudavel Vaso 3,11.0,3.0,326.35,381.0,40.2,69.08,7611,15461,1000,4085,20266,10104,1
45894,dia 11 - Soja Saudavel Vaso 3,11.0,3.0,326.89,340.0,40.2,69.03,7488,14831,975,4065,20451,10082,1
45895,dia 11 - Soja Saudavel Vaso 3,11.0,3.0,327.28,310.0,40.2,69.01,7443,14656,964,4061,20502,10046,1
45896,dia 11 - Soja Saudavel Vaso 3,11.0,3.0,327.51,374.0,40.2,68.99,7487,14667,970,4061,20470,10052,1
45897,dia 11 - Soja Saudavel Vaso 3,11.0,3.0,327.74,351.0,40.2,68.97,7469,15105,982,4070,20324,10041,1
45898,dia 11 - Soja Saudavel Vaso 3,11.0,3.0,327.99,335.0,40.1,73.79,7573,15001,1013,4113,20349,10011,1
45899,dia 11 - Soja Saudavel Vaso 3,11.0,3.0,328.22,331.0,40.1,79.58,7742,15035,1049,4156,20412,10003,1
45900,dia 11 - Soja Saudavel Vaso 3,11.0,3.0,328.45,328.0,40.1,84.34,7788,15052,1057,4164,20302,9972,1
45901,dia 11 - Soja Saudavel Vaso 3,11.0,3.0,328.68,325.0,40.2,88.0,7773,15054,1051,4231,20235,9927,1
45902,dia 11 - Soja Saudavel Vaso 3,11.0,3.0,328.91,323.0,40.2,90.71,7758,15002,1052,4215,20190,9877,1
45903,dia 11 - Soja Saudavel Vaso 3,11.0,3.0,329.18,315.0,40.2,92.75,7761,14957,1037,4213,20109,9815,1
45904,dia 11 - Soja Saudavel Vaso 3,11.0,3.0,329.41,322.0,40.2,93.55,7737,14973,1028,4207,20021,9764,1
45905,dia 11 - Soja Saudavel Vaso 3,11.0,3.0,329.64,318.0,40.2,93.76,7629,14526,1016,4192,20093,9702,1
45906,dia 11 - Soja Saudavel Vaso 3,11.0,3.0,329.87,317.0,40.2,93.79,7683,14851,1033,4207,19905,9675,1
45907,dia 11 - Soja Saudavel Vaso 3,11.0,3.0,330.11,318.0,40.2,93.79,7584,14420,1016,4192,20000,9632,1
45908,dia 11 - Soja Saudavel Vaso 3,11.0,3.0,330.34,316.0,40.2,93.77,7571,14328,1013,4190,19977,9598,1
45909,dia 11 - Soja Saudavel Vaso 3,11.0,3.0,330.56,314.0,40.2,93.78,7580,14267,1012,4189,19921,9566,1
45910,dia 11 - Soja Saudavel Vaso 3,11.0,3.0,330.79,317.0,40.2,93.78,7595,14308,1011,4190,19891,9541,1
45911,dia 11 - Soja Saudavel Vaso 3,11.0,3.0,331.02,321.0,40.2,93.79,7580,14270,1014,4192,19888,9518,1
45912,dia 11 - Soja Saudavel Vaso 3,11.0,3.0,331.26,318.0,40.2,93.79,7557,14246,1011,4191,19864,9496,1
45913,dia 11 - Soja Saudavel Vaso 3,11.0,3.0,331.49,317.0,40.2,93.79,7552,14220,1010,4188,19816,9477,1
45914,dia 11 - Soja Saudavel Vaso 3,11.0,3.0,331.72,313.0,40.2,93.8,7542,14220,1008,4187,19824,9461,1
45915,dia 11 - Soja Saudavel Vaso 3,11.0,3.0,331.94,321.0,40.3,93.79,7536,14210,1009,4189,19807,9446,1
45916,dia 11 - Soja Saudavel Vaso 3,11.0,3.0,332.17,315.0,40.2,93.8,7534,14200,1010,4190,19794,9436,1
45917,dia 11 - Soja Saudavel Vaso 3,11.0,3.0,332.46,316.0,40.3,93.79,7556,14170,1013,4190,19773,9419,1
45918,dia 11 - Soja Saudavel Vaso 3,11.0,3.0,332.68,320.0,40.3,93.8,7528,14156,1010,4188,19774,9411,1
45919,dia 11 - Soja Saudavel Vaso 3,11.0,3.0,332.91,317.0,40.3,93.8,7527,14153,1011,4190,19765,9390,1
45920,dia 11 - Soja Saudavel Vaso 3,11.0,3.0,333.14,310.0,40.3,93.8,7528,14132,1010,4191,19757,9402,1
45921,dia 11 - Soja Saudavel Vaso 3,11.0,3.0,333.37,317.0,40.3,93.8,7531,14134,1011,4190,19751,9398,1
45922,dia 11 - Soja Saudavel Vaso 3,11.0,3.0,333.64,305.0,40.3,93.8,7539,14175,1013,4192,19716,9396,1
45923,dia 11 - Soja Saudavel Vaso 3,11.0,3.0,333.87,312.0,40.3,93.8,7564,14272,1017,4196,19689,9394,1
45924,dia 11 - Soja Saudavel Vaso 3,11.0,3.0,334.1,306.0,40.3,93.8,7560,14237,1017,4195,19700,9394,1
45925,dia 11 - Soja Saudavel Vaso 3,11.0,3.0,334.33,303.0,40.3,93.8,7554,14262,1017,4197,19691,9394,1
45926,dia 11 - Soja Saudavel Vaso 3,11.0,3.0,334.56,307.0,40.3,93.8,7560,14269,1019,4198,19656,9396,1
45927,dia 11 - Soja Saudavel Vaso 3,11.0,3.0,334.79,303.0,40.3,93.8,7559,14259,1016,4198,19691,9395,1
45928,dia 11 - Soja Saudavel Vaso 3,11.0,3.0,335.02,300.0,40.3,93.79,7557,14262,1019,4199,19689,9397,1
45929,dia 11 - Soja Saudavel Vaso 3,11.0,3.0,335.25,313.0,40.3,93.8,7560,14260,1020,4197,19690,9399,1
45930,dia 11 - Soja Saudavel Vaso 3,11.0,3.0,335.48,306.0,40.3,93.8,7557,14261,1020,4199,19693,9385,1
45931,dia 11 - Soja Saudavel Vaso 3,11.0,3.0,335.73,303.0,40.3,93.8,7561,14278,1021,4200,19689,9401,1
45932,dia 11 - Soja Saudavel Vaso 3,11.0,3.0,335.95,311.0,40.3,93.8,7565,14275,1021,4202,19692,9404,1
45933,dia 11 - Soja Saudavel Vaso 3,11.0,3.0,336.18,309.0,40.3,93.8,7569,14280,1023,4201,19691,9406,1
45934,dia 11 - Soja Saudavel Vaso 3,11.0,3.0,336.41,308.0,40.3,93.8,7557,14272,1022,4201,19693,9408,1
45935,dia 11 - Soja Saudavel Vaso 3,11.0,3.0,336.64,307.0,40.3,93.8,7567,14291,1022,4200,19694,9407,1
47520,dia 11 - Soja Saudavel Vaso 3,11.0,3.0,740.0,264.0,42.9,93.82,8657,16431,1213,4476,21470,13509,1
47521,dia 11 - Soja Saudavel Vaso 3,11.0,3.0,740.3,263.0,42.9,93.82,8905,16300,1232,4503,21438,13509,1
47522,dia 11 - Soja Saudavel Vaso 3,11.0,3.0,740.7,263.0,42.9,93.82,8933,16296,1226,4500,21433,13509,1
47523,dia 11 - Soja Saudavel Vaso 3,11.0,3.0,741.26,267.0,42.9,93.82,8931,16287,1227,4498,21438,13511,1
47524,dia 11 - Soja Saudavel Vaso 3,11.0,3.0,741.66,269.0,42.9,93.82,8933,16288,1227,4501,21438,13511,1
47525,dia 11 - Soja Saudavel Vaso 3,11.0,3.0,741.91,266.0,43.0,93.82,8937,16301,1227,4499,21405,13513,1
47526,dia 11 - Soja Saudavel Vaso 3,11.0,3.0,742.15,265.0,43.0,93.82,8933,16297,1226,4501,21438,13514,1
47527,dia 11 - Soja Saudavel Vaso 3,11.0,3.0,742.39,263.0,43.0,93.81,8932,16299,1226,4500,21438,13515,1
47528,dia 11 - Soja Saudavel Vaso 3,11.0,3.0,742.64,263.0,43.0,93.82,8832,16357,1223,4496,21475,13517,1
47529,dia 11 - Soja Saudavel Vaso 3,11.0,3.0,742.88,262.0,43.0,93.82,8893,16231,1225,4500,21464,13516,1
47530,dia 11 - Soja Saudavel Vaso 3,11.0,3.0,743.13,266.0,43.0,93.82,8900,16227,1223,4497,21465,13499,1
47531,dia 11 - Soja Saudavel Vaso 3,11.0,3.0,743.37,266.0,43.0,93.82,8903,16228,1222,4497,21467,13520,1
47532,dia 11 - Soja Saudavel Vaso 3,11.0,3.0,743.66,271.0,43.0,93.82,8898,16228,1223,4499,21466,13522,1
47533,dia 11 - Soja Saudavel Vaso 3,11.0,3.0,743.91,270.0,43.0,93.82,8851,16257,1219,4491,21474,13523,1
47534,dia 11 - Soja Saudavel Vaso 3,11.0,3.0,744.15,269.0,43.0,93.82,8834,16263,1218,4493,21477,13506,1
47535,dia 11 - Soja Saudavel Vaso 3,11.0,3.0,744.39,270.0,43.0,93.82,8904,16229,1224,4499,21467,13526,1
47536,dia 11 - Soja Saudavel Vaso 3,11.0,3.0,744.65,270.0,43.0,93.8,8914,16226,1224,4500,21466,13527,1
47537,dia 11 - Soja Saudavel Vaso 3,11.0,3.0,744.89,268.0,43.0,93.82,8908,16236,1224,4500,21463,13529,1
47538,dia 11 - Soja Saudavel Vaso 3,11.0,3.0,745.24,268.0,43.0,93.82,8924,16236,1224,4499,21465,13530,1
47539,dia 11 - Soja Saudavel Vaso 3,11.0,3.0,745.46,271.0,43.0,93.81,8929,16247,1224,4502,21461,13532,1
47540,dia 11 - Soja Saudavel Vaso 3,11.0,3.0,745.7,263.0,42.9,93.82,8929,16241,1224,4500,21434,13533,1
47541,dia 11 - Soja Saudavel Vaso 3,11.0,3.0,745.94,267.0,43.0,93.82,8928,16236,1224,4501,21465,13534,1
47542,dia 11 - Soja Saudavel Vaso 3,11.0,3.0,746.17,269.0,43.0,93.82,8930,16235,1223,4499,21465,13536,1
47543,dia 11 - Soja Saudavel Vaso 3,11.0,3.0,746.4,262.0,43.0,93.81,8931,16236,1224,4500,21465,13517,1
47544,dia 11 - Soja Saudavel Vaso 3,11.0,3.0,746.63,256.0,43.0,93.82,8929,16227,1224,4502,21466,13532,1
47545,dia 11 - Soja Saudavel Vaso 3,11.0,3.0,746.87,259.0,43.0,93.82,8932,16228,1224,4498,21468,13538,1
47546,dia 11 - Soja Saudavel Vaso 3,11.0,3.0,747.1,270.0,43.0,93.82,8936,16242,1225,4502,21464,13540,1
47547,dia 11 - Soja Saudavel Vaso 3,11.0,3.0,747.33,266.0,43.0,93.82,8936,16242,1225,4502,21465,13521,1
47548,dia 11 - Soja Saudavel Vaso 3,11.0,3.0,747.55,279.0,43.0,93.82,8923,16240,1224,4500,21466,13543,1
47549,dia 11 - Soja Saudavel Vaso 3,11.0,3.0,747.78,265.0,43.0,93.81,8938,16240,1224,4501,21392,13479,1
47550,dia 11 - Soja Saudavel Vaso 3,11.0,3.0,748.02,263.0,43.0,93.1,8891,16161,1221,4499,21361,13479,1
47551,dia 11 - Soja Saudavel Vaso 3,11.0,3.0,748.28,264.0,43.0,92.33,8874,16162,1223,4502,21361,13476,1
47552,dia 11 - Soja Saudavel Vaso 3,11.0,3.0,748.51,267.0,43.0,91.96,8868,16165,1229,4503,21364,13474,1
47553,dia 11 - Soja Saudavel Vaso 3,11.0,3.0,748.73,263.0,43.0,91.7,8861,16160,1235,4509,21361,13472,1
47554,dia 11 - Soja Saudavel Vaso 3,11.0,3.0,748.96,268.0,43.0,91.52,8851,16156,1235,4509,21361,13452,1
47555,dia 11 - Soja Saudavel Vaso 3,11.0,3.0,749.19,272.0,43.0,91.39,8828,16149,1231,4503,21355,13464,1
47556,dia 11 - Soja Saudavel Vaso 3,11.0,3.0,749.42,263.0,43.0,91.28,8834,16133,1228,4498,21354,13455,1
47557,dia 11 - Soja Saudavel Vaso 3,11.0,3.0,749.65,263.0,43.0,91.2,8826,16141,1226,4497,21345,13436,1
47558,dia 11 - Soja Saudavel Vaso 3,11.0,3.0,749.88,264.0,43.0,91.15,8817,16131,1223,4496,21330,13407,1
47559,dia 11 - Soja Saudavel Vaso 3,11.0,3.0,750.1,262.0,43.0,91.11,8799,16114,1221,4491,21305,13379,1
47560,dia 11 - Soja Saudavel Vaso 3,11.0,3.0,750.33,262.0,43.0,91.07,8802,16107,1219,4487,21296,13345,1
47561,dia 11 - Soja Saudavel Vaso 3,11.0,3.0,750.56,268.0,43.0,91.05,8793,16092,1216,4489,21283,13309,1
47562,dia 11 - Soja Saudavel Vaso 3,11.0,3.0,750.79,263.0,43.0,91.01,8785,16077,1215,4484,21267,13275,1
47563,dia 11 - Soja Saudavel Vaso 3,11.0,3.0,751.02,259.0,43.0,91.01,8783,16080,1214,4484,21233,13234,1
47564,dia 11 - Soja Saudavel Vaso 3,11.0,3.0,751.25,253.0,43.0,91.01,8776,16065,1211,4484,21232,13192,1
47565,dia 11 - Soja Saudavel Vaso 3,11.0,3.0,751.48,264.0,43.0,91.01,8769,16050,1211,4482,21210,13141,1
47566,dia 11 - Soja Saudavel Vaso 3,11.0,3.0,751.7,263.0,43.0,91.01,8759,16034,1210,4478,21188,13092,1
47567,dia 11 - Soja Saudavel Vaso 3,11.0,3.0,751.93,262.0,43.0,91.02,8748,16014,1207,4479,21164,13030,1
47568,dia 11 - Soja Saudavel Vaso 3,11.0,3.0,752.16,266.0,43.0,91.0,8736,15971,1205,4474,21138,13000,1
47569,dia 11 - Soja Saudavel Vaso 3,11.0,3.0,752.38,266.0,43.0,90.99,8722,15978,1203,4468,21089,12948,1
47570,dia 11 - Soja Saudavel Vaso 3,11.0,3.0,752.68,257.0,43.0,90.99,8688,15930,1199,4468,21074,12901,1
47571,dia 11 - Soja Saudavel Vaso 3,11.0,3.0,752.91,267.0,43.0,90.99,8689,15909,1196,4465,21041,12857,1
47572,dia 11 - Soja Saudavel Vaso 3,11.0,3.0,753.13,267.0,43.0,90.97,8675,15885,1194,4463,21010,12813,1
47573,dia 11 - Soja Saudavel Vaso 3,11.0,3.0,753.36,266.0,43.0,90.98,8658,15854,1191,4463,20984,12763,1
47574,dia 11 - Soja Saudavel Vaso 3,11.0,3.0,753.59,266.0,42.9,90.99,8643,15810,1189,4458,20957,12719,1
47575,dia 11 - Soja Saudavel Vaso 3,11.0,3.0,753.87,263.0,42.9,90.98,8624,15806,1186,4454,20919,12666,1
47576,dia 11 - Soja Saudavel Vaso 3,11.0,3.0,754.09,260.0,42.9,90.97,8611,15785,1183,4454,20858,12626,1
47577,dia 11 - Soja Saudavel Vaso 3,11.0,3.0,754.32,266.0,42.9,90.97,8596,15763,1178,4450,20854,12581,1
47578,dia 11 - Soja Saudavel Vaso 3,11.0,3.0,754.72,263.0,42.9,90.97,8568,15725,1176,4447,20769,12507,1
47579,dia 11 - Soja Saudavel Vaso 3,11.0,3.0,755.25,257.0,42.9,90.97,8523,15656,1168,4439,20712,12404,1
47580,dia 11 - Soja Saudavel Vaso 3,11.0,3.0,755.64,265.0,42.9,90.97,8478,15613,1163,4436,20645,12331,1
47581,dia 11 - Soja Saudavel Vaso 3,11.0,3.0,755.87,268.0,42.9,90.96,8474,15596,1160,4433,20605,12288,1
47582,dia 11 - Soja Saudavel Vaso 3,11.0,3.0,756.1,264.0,42.9,90.96,8460,15577,1157,4429,20573,12244,1
47583,dia 11 - Soja Saudavel Vaso 3,11.0,3.0,756.33,268.0,42.9,90.97,8444,15555,1155,4429,20539,12199,1
47584,dia 11 - Soja Saudavel Vaso 3,11.0,3.0,756.55,264.0,42.9,90.98,8417,15474,1151,4427,20521,12155,1
47585,dia 11 - Soja Saudavel Vaso 3,11.0,3.0,756.79,258.0,42.9,90.98,8412,15514,1150,4423,20469,12111,1
47586,dia 11 - Soja Saudavel Vaso 3,11.0,3.0,757.06,262.0,42.9,90.97,8391,15486,1147,4422,20430,12049,1
48749,dia 11 - Soja Saudavel Vaso 4,11.0,4.0,292.7,281.0,40.7,93.79,7920,14133,991,4411,20953,12638,1
48750,dia 11 - Soja Saudavel Vaso 4,11.0,4.0,292.93,284.0,40.7,93.77,7925,14137,991,4420,20960,12637,1
48751,dia 11 - Soja Saudavel Vaso 4,11.0,4.0,293.32,287.0,40.7,93.79,7943,14198,995,4422,20946,12637,1
48752,dia 11 - Soja Saudavel Vaso 4,11.0,4.0,293.85,286.0,40.7,93.79,7885,13987,982,4411,21009,12637,1
48753,dia 11 - Soja Saudavel Vaso 4,11.0,4.0,294.24,287.0,40.7,93.79,7891,14007,986,4413,21006,12633,1
48754,dia 11 - Soja Saudavel Vaso 4,11.0,4.0,294.47,292.0,40.7,93.78,7899,14036,986,4413,20995,12638,1
48755,dia 11 - Soja Saudavel Vaso 4,11.0,4.0,294.7,287.0,40.7,93.79,7886,13982,984,4413,20984,12638,1
48756,dia 11 - Soja Saudavel Vaso 4,11.0,4.0,294.93,292.0,40.7,93.79,7888,13983,982,4413,21012,12637,1
48757,dia 11 - Soja Saudavel Vaso 4,11.0,4.0,295.15,292.0,40.7,93.78,7897,14020,986,4414,21003,12637,1
48758,dia 11 - Soja Saudavel Vaso 4,11.0,4.0,295.39,288.0,40.7,93.79,7892,14000,985,4413,21009,12636,1
48759,dia 11 - Soja Saudavel Vaso 4,11.0,4.0,295.62,289.0,40.7,93.79,7893,14006,985,4413,21008,12618,1
48760,dia 11 - Soja Saudavel Vaso 4,11.0,4.0,295.85,286.0,40.7,93.79,7883,13991,984,4416,21015,12636,1
48761,dia 11 - Soja Saudavel Vaso 4,11.0,4.0,296.07,288.0,40.7,93.79,7867,13905,983,4414,21043,12637,1
48762,dia 11 - Soja Saudavel Vaso 4,11.0,4.0,296.3,286.0,40.7,93.79,7899,14020,986,4414,21006,12638,1
48763,dia 11 - Soja Saudavel Vaso 4,11.0,4.0,296.53,284.0,40.7,93.79,7890,14043,986,4417,20996,12619,1
48764,dia 11 - Soja Saudavel Vaso 4,11.0,4.0,296.76,285.0,40.7,93.79,7880,13993,984,4417,21014,12638,1
48765,dia 11 - Soja Saudavel Vaso 4,11.0,4.0,296.99,275.0,40.7,93.79,7903,14028,984,4416,21011,12635,1
48766,dia 11 - Soja Saudavel Vaso 4,11.0,4.0,297.22,284.0,40.7,93.79,7903,14004,986,4415,21010,12633,1
48767,dia 11 - Soja Saudavel Vaso 4,11.0,4.0,297.45,267.0,40.7,93.79,7907,14011,987,4416,20992,12636,1
48768,dia 11 - Soja Saudavel Vaso 4,11.0,4.0,297.68,261.0,40.7,93.79,7903,13980,985,4417,21010,12633,1
48769,dia 11 - Soja Saudavel Vaso 4,11.0,4.0,297.91,262.0,40.7,93.79,7913,14034,987,4419,21001,12632,1
48770,dia 11 - Soja Saudavel Vaso 4,11.0,4.0,298.14,268.0,40.7,93.79,7881,13917,982,4413,21041,12614,1
48771,dia 11 - Soja Saudavel Vaso 4,11.0,4.0,298.37,269.0,40.7,93.79,7913,14021,986,4416,21006,12598,1
48772,dia 11 - Soja Saudavel Vaso 4,11.0,4.0,298.6,271.0,40.7,93.79,7899,13949,984,4415,21021,12596,1
48773,dia 11 - Soja Saudavel Vaso 4,11.0,4.0,298.84,264.0,40.7,93.79,7912,14012,985,4418,21005,12598,1
48774,dia 11 - Soja Saudavel Vaso 4,11.0,4.0,299.07,275.0,40.7,93.79,7918,14044,991,4420,20999,12593,1
48775,dia 11 - Soja Saudavel Vaso 4,11.0,4.0,299.3,264.0,40.7,93.79,7906,14006,991,4422,21011,12576,1
48776,dia 11 - Soja Saudavel Vaso 4,11.0,4.0,299.52,267.0,40.7,93.79,7914,14020,993,4423,21005,12593,1
48777,dia 11 - Soja Saudavel Vaso 4,11.0,4.0,299.75,266.0,40.7,93.79,7893,13960,990,4418,21023,12594,1
48778,dia 11 - Soja Saudavel Vaso 4,11.0,4.0,299.99,260.0,40.7,93.79,7878,13910,990,4419,21004,12573,1
48779,dia 11 - Soja Saudavel Vaso 4,11.0,4.0,300.32,257.0,40.7,92.13,7897,13946,990,4421,20966,12569,1
48780,dia 11 - Soja Saudavel Vaso 4,11.0,4.0,300.56,253.0,40.8,90.83,7913,14039,996,4430,20930,12565,1
48781,dia 11 - Soja Saudavel Vaso 4,11.0,4.0,300.81,229.0,40.8,89.72,7909,14081,1001,4429,20917,12563,1
48782,dia 11 - Soja Saudavel Vaso 4,11.0,4.0,301.06,228.0,40.8,88.73,7925,14041,996,4424,20925,12561,1
48783,dia 11 - Soja Saudavel Vaso 4,11.0,4.0,301.3,225.0,40.8,87.81,7929,14052,1000,4429,20937,12561,1
48784,dia 11 - Soja Saudavel Vaso 4,11.0,4.0,301.55,229.0,40.8,87.0,7918,14063,995,4425,20954,12557,1
48785,dia 11 - Soja Saudavel Vaso 4,11.0,4.0,301.79,228.0,40.8,86.25,7907,14021,978,4411,20998,12558,1
48786,dia 11 - Soja Saudavel Vaso 4,11.0,4.0,302.03,228.0,40.8,85.55,7900,14038,989,4415,20976,12556,1
48787,dia 11 - Soja Saudavel Vaso 4,11.0,4.0,302.34,223.0,40.8,84.74,7904,14057,987,4416,20992,12557,1
48788,dia 11 - Soja Saudavel Vaso 4,11.0,4.0,302.58,225.0,40.8,84.14,7911,14066,981,4412,21005,12550,1
48789,dia 11 - Soja Saudavel Vaso 4,11.0,4.0,302.82,229.0,40.8,83.56,7839,13781,959,4387,21105,12560,1
48790,dia 11 - Soja Saudavel Vaso 4,11.0,4.0,303.07,236.0,40.8,83.01,7850,13721,956,4386,21132,12559,1
48791,dia 11 - Soja Saudavel Vaso 4,11.0,4.0,303.35,227.0,40.8,82.41,7845,13707,969,4400,21129,12558,1
48792,dia 11 - Soja Saudavel Vaso 4,11.0,4.0,303.59,227.0,40.8,81.91,7844,13688,970,4402,21137,12555,1
48793,dia 11 - Soja Saudavel Vaso 4,11.0,4.0,303.84,227.0,40.8,81.45,7838,13693,965,4396,21143,12544,1
48794,dia 11 - Soja Saudavel Vaso 4,11.0,4.0,304.08,226.0,40.8,80.99,7837,13696,964,4394,21136,12541,1
48795,dia 11 - Soja Saudavel Vaso 4,11.0,4.0,304.34,225.0,40.8,80.56,7833,13684,960,4392,21133,12555,1
48796,dia 11 - Soja Saudavel Vaso 4,11.0,4.0,304.58,224.0,40.8,80.13,7851,13791,955,4388,21102,12568,1
48797,dia 11 - Soja Saudavel Vaso 4,11.0,4.0,304.83,222.0,40.8,79.74,7885,13959,951,4383,21047,12559,1
48798,dia 11 - Soja Saudavel Vaso 4,11.0,4.0,305.07,226.0,40.8,79.36,7864,13923,960,4391,21056,12585,1
48799,dia 11 - Soja Saudavel Vaso 4,11.0,4.0,305.31,229.0,40.8,78.99,7844,13890,958,4391,21044,12589,1
48800,dia 11 - Soja Saudavel Vaso 4,11.0,4.0,305.62,229.0,40.8,78.57,7839,13932,953,4383,21048,12595,1
48801,dia 11 - Soja Saudavel Vaso 4,11.0,4.0,305.86,230.0,40.8,78.23,7832,13939,945,4378,21015,12595,1
48802,dia 11 - Soja Saudavel Vaso 4,11.0,4.0,306.11,223.0,40.8,77.9,7823,13926,935,4368,21042,12538,1
48803,dia 11 - Soja Saudavel Vaso 4,11.0,4.0,306.35,228.0,40.8,77.6,7791,13921,925,4357,21048,12536,1
48804,dia 11 - Soja Saudavel Vaso 4,11.0,4.0,306.62,225.0,40.8,77.28,7818,13946,941,4371,21027,12533,1
48805,dia 11 - Soja Saudavel Vaso 4,11.0,4.0,306.86,223.0,40.8,76.98,7784,13970,941,4373,21040,12527,1
48806,dia 11 - Soja Saudavel Vaso 4,11.0,4.0,307.11,230.0,40.8,76.71,7733,13936,933,4364,21042,12520,1
48807,dia 11 - Soja Saudavel Vaso 4,11.0,4.0,307.35,222.0,40.8,76.45,7719,13926,926,4358,21049,12512,1
48808,dia 11 - Soja Saudavel Vaso 4,11.0,4.0,307.76,228.0,40.8,76.02,7705,13960,921,4354,21038,12495,1
48809,dia 11 - Soja Saudavel Vaso 4,11.0,4.0,308.31,237.0,40.8,75.49,7695,13997,911,4347,21034,12452,1
48810,dia 11 - Soja Saudavel Vaso 4,11.0,4.0,308.72,247.0,40.8,75.12,7663,13953,900,4333,21035,12431,1
48811,dia 11 - Soja Saudavel Vaso 4,11.0,4.0,308.97,238.0,40.8,74.9,7648,13922,895,4328,21046,12434,1
48812,dia 11 - Soja Saudavel Vaso 4,11.0,4.0,309.22,240.0,40.8,74.68,7651,13949,902,4336,21020,12421,1
48813,dia 11 - Soja Saudavel Vaso 4,11.0,4.0,309.46,234.0,40.8,74.5,7624,13932,899,4334,21030,12409,1
48814,dia 11 - Soja Saudavel Vaso 4,11.0,4.0,309.7,241.0,40.8,74.31,7627,13917,898,4328,21032,12395,1
48815,dia 11 - Soja Saudavel Vaso 4,11.0,4.0,310.01,240.0,40.8,74.08,7615,13842,895,4329,21055,12377,1
48816,dia 11 - Soja Saudavel Vaso 4,11.0,4.0,310.25,237.0,40.8,73.91,7620,13860,899,4333,21033,12364,1
48817,dia 11 - Soja Saudavel Vaso 4,11.0,4.0,310.49,239.0,40.8,73.74,7619,13905,901,4338,21014,12349,1
48818,dia 11 - Soja Saudavel Vaso 4,11.0,4.0,310.74,234.0,40.8,73.57,7606,13884,901,4334,21021,12335,1
48819,dia 11 - Soja Saudavel Vaso 4,11.0,4.0,310.99,242.0,40.8,73.42,7585,13840,899,4331,21006,12321,1
48820,dia 11 - Soja Saudavel Vaso 4,11.0,4.0,311.23,234.0,40.8,73.26,7563,13916,897,4334,21005,12308,1
48821,dia 11 - Soja Saudavel Vaso 4,11.0,4.0,311.47,234.0,40.8,73.11,7649,14048,907,4340,20956,12293,1
48822,dia 11 - Soja Saudavel Vaso 4,11.0,4.0,311.72,237.0,40.8,72.96,7665,13986,908,4342,20962,12280,1
48823,dia 11 - Soja Saudavel Vaso 4,11.0,4.0,311.97,240.0,40.8,72.82,7675,13956,910,4345,20956,12266,1
48824,dia 11 - Soja Saudavel Vaso 4,11.0,4.0,312.25,236.0,40.8,72.66,7683,13936,911,4343,20950,12251,1
48825,dia 11 - Soja Saudavel Vaso 4,11.0,4.0,312.5,233.0,40.8,72.53,7679,13980,908,4343,20944,12236,1
48826,dia 11 - Soja Saudavel Vaso 4,11.0,4.0,312.74,238.0,40.8,72.4,7632,13861,908,4344,20968,12222,1
48827,dia 11 - Soja Saudavel Vaso 4,11.0,4.0,312.99,237.0,40.8,72.28,7696,13900,911,4343,20937,12207,1
48828,dia 11 - Soja Saudavel Vaso 4,11.0,4.0,313.27,229.0,40.8,72.15,7679,13844,907,4339,20949,12192,1
48829,dia 11 - Soja Saudavel Vaso 4,11.0,4.0,313.51,239.0,40.8,72.03,7687,13912,907,4343,20923,12177,1
48830,dia 11 - Soja Saudavel Vaso 4,11.0,4.0,313.76,235.0,40.8,71.93,7680,13944,907,4342,20908,12162,1
48831,dia 11 - Soja Saudavel Vaso 4,11.0,4.0,314.0,236.0,40.8,71.81,7674,13953,904,4337,20904,12148,1
48832,dia 11 - Soja Saudavel Vaso 4,11.0,4.0,314.25,234.0,40.8,71.72,7660,13930,902,4334,20908,12118,1
48833,dia 11 - Soja Saudavel Vaso 4,11.0,4.0,314.5,230.0,40.8,71.61,7658,13936,905,4338,20898,12117,1
48834,dia 11 - Soja Saudavel Vaso 4,11.0,4.0,314.74,238.0,40.9,71.51,7637,13897,903,4339,20904,12104,1
48835,dia 11 - Soja Saudavel Vaso 4,11.0,4.0,314.99,233.0,40.9,71.42,7631,13890,903,4336,20892,12090,1
48836,dia 11 - Soja Saudavel Vaso 4,11.0,4.0,315.23,234.0,40.9,71.33,7622,13934,904,4336,20885,12076,1
48837,dia 11 - Soja Saudavel Vaso 4,11.0,4.0,315.53,237.0,40.9,71.22,7626,13987,903,4338,20865,12060,1
48838,dia 11 - Soja Saudavel Vaso 4,11.0,4.0,315.78,233.0,40.8,71.14,7617,13980,902,4338,20865,12043,1
48839,dia 11 - Soja Saudavel Vaso 4,11.0,4.0,316.02,230.0,40.9,71.05,7602,13972,900,4334,20860,12032,1
48840,dia 11 - Soja Saudavel Vaso 4,11.0,4.0,316.26,231.0,40.9,70.97,7601,13957,901,4334,20857,12018,1
48841,dia 11 - Soja Saudavel Vaso 4,11.0,4.0,316.51,235.0,40.9,70.89,7600,13989,898,4333,20817,12001,1
48842,dia 11 - Soja Saudavel Vaso 4,11.0,4.0,316.76,235.0,40.9,70.81,7597,13980,898,4333,20838,11992,1
48843,dia 11 - Soja Saudavel Vaso 4,11.0,4.0,317.0,235.0,40.8,70.74,7556,13830,890,4326,20875,11977,1
48844,dia 11 - Soja Saudavel Vaso 4,11.0,4.0,317.25,237.0,40.9,70.67,7550,13890,891,4327,20855,11968,1
48845,dia 11 - Soja Saudavel Vaso 4,11.0,4.0,317.49,237.0,40.9,70.6,7547,13867,889,4327,20843,11953,1
48846,dia 11 - Soja Saudavel Vaso 4,11.0,4.0,317.79,239.0,40.9,70.52,7550,13885,888,4325,20846,11941,1
48847,dia 11 - Soja Saudavel Vaso 4,11.0,4.0,318.03,238.0,40.9,70.45,7555,13936,887,4322,20825,11931,1
48848,dia 11 - Soja Saudavel Vaso 4,11.0,4.0,318.28,237.0,40.9,70.39,7546,13908,884,4323,20830,11919,1
48849,dia 11 - Soja Saudavel Vaso 4,11.0,4.0,318.52,230.0,40.9,70.33,7537,13886,884,4320,20830,11906,1
48850,dia 11 - Soja Saudavel Vaso 4,11.0,4.0,318.77,228.0,40.9,70.27,7524,13855,881,4316,20807,11896,1
48851,dia 11 - Soja Saudavel Vaso 4,11.0,4.0,319.06,219.0,40.9,70.19,7517,13829,878,4316,20835,11866,1
48852,dia 11 - Soja Saudavel Vaso 4,11.0,4.0,319.3,224.0,40.9,70.14,7493,13759,873,4311,20854,11870,1
48853,dia 11 - Soja Saudavel Vaso 4,11.0,4.0,319.55,228.0,40.9,70.08,7471,13669,869,4304,20876,11858,1
48854,dia 11 - Soja Saudavel Vaso 4,11.0,4.0,319.79,229.0,40.9,70.03,7401,13635,860,4298,20886,11847,1
48855,dia 11 - Soja Saudavel Vaso 4,11.0,4.0,320.08,214.0,40.9,69.97,7391,13616,860,4296,20897,11818,1
48856,dia 11 - Soja Saudavel Vaso 4,11.0,4.0,320.33,223.0,40.9,69.92,7385,13557,856,4296,20898,11823,1
48857,dia 11 - Soja Saudavel Vaso 4,11.0,4.0,320.57,225.0,40.9,69.87,7384,13607,857,4294,20889,11811,1
48858,dia 11 - Soja Saudavel Vaso 4,11.0,4.0,320.82,221.0,40.9,69.82,7383,13608,856,4292,20877,11801,1
48859,dia 11 - Soja Saudavel Vaso 4,11.0,4.0,321.07,223.0,40.9,69.77,7384,13658,854,4289,20868,11788,1
48860,dia 11 - Soja Saudavel Vaso 4,11.0,4.0,321.31,233.0,40.9,69.73,7371,13600,852,4289,20874,11762,1
48861,dia 11 - Soja Saudavel Vaso 4,11.0,4.0,321.56,225.0,40.9,69.69,7368,13574,851,4291,20868,11769,1
48862,dia 11 - Soja Saudavel Vaso 4,11.0,4.0,321.8,222.0,40.9,69.64,7366,13604,849,4287,20860,11758,1
48863,dia 11 - Soja Saudavel Vaso 4,11.0,4.0,322.05,222.0,40.9,69.61,7361,13590,846,4286,20850,11749,1
48864,dia 11 - Soja Saudavel Vaso 4,11.0,4.0,322.35,227.0,40.9,69.55,7358,13594,846,4285,20822,11736,1
48865,dia 11 - Soja Saudavel Vaso 4,11.0,4.0,322.75,223.0,40.9,69.49,7361,13635,846,4282,20824,11702,1
48866,dia 11 - Soja Saudavel Vaso 4,11.0,4.0,323.3,225.0,40.9,69.41,7369,13712,845,4282,20786,11695,1
48867,dia 11 - Soja Saudavel Vaso 4,11.0,4.0,323.71,222.0,40.9,69.35,7362,13719,843,4280,20776,11679,1
48868,dia 11 - Soja Saudavel Vaso 4,11.0,4.0,323.95,225.0,40.9,69.32,7357,13703,840,4281,20782,11670,1
48869,dia 11 - Soja Saudavel Vaso 4,11.0,4.0,324.2,225.0,40.9,69.29,7351,13661,838,4278,20771,11661,1
48870,dia 11 - Soja Saudavel Vaso 4,11.0,4.0,324.5,223.0,40.9,69.25,7348,13695,837,4277,20735,11650,1
48871,dia 11 - Soja Saudavel Vaso 4,11.0,4.0,324.74,221.0,40.9,69.22,7336,13656,834,4275,20768,11641,1
48872,dia 11 - Soja Saudavel Vaso 4,11.0,4.0,324.99,228.0,40.9,69.19,7338,13708,832,4275,20756,11631,1
48873,dia 11 - Soja Saudavel Vaso 4,11.0,4.0,325.23,224.0,40.9,69.17,7304,13731,827,4267,20743,11621,1
48874,dia 11 - Soja Saudavel Vaso 4,11.0,4.0,325.48,233.0,40.9,69.13,7292,13743,827,4266,20749,11614,1
48875,dia 11 - Soja Saudavel Vaso 4,11.0,4.0,325.73,260.0,40.9,69.1,7236,13799,836,4275,20708,11604,1
48876,dia 11 - Soja Saudavel Vaso 4,11.0,4.0,325.97,220.0,40.9,69.07,7307,13801,845,4287,20705,11596,1
48877,dia 11 - Soja Saudavel Vaso 4,11.0,4.0,326.22,219.0,41.0,69.05,7304,13773,845,4287,20709,11587,1
48878,dia 11 - Soja Saudavel Vaso 4,11.0,4.0,326.46,222.0,40.9,69.02,7300,13785,847,4288,20692,11578,1
48879,dia 11 - Soja Saudavel Vaso 4,11.0,4.0,326.76,223.0,41.0,68.99,7305,13711,846,4287,20703,11567,1
48880,dia 11 - Soja Saudavel Vaso 4,11.0,4.0,327.01,223.0,41.0,68.97,7305,13744,845,4288,20695,11559,1
48881,dia 11 - Soja Saudavel Vaso 4,11.0,4.0,327.25,223.0,41.0,68.95,7308,14279,847,4286,20542,11534,1
48882,dia 11 - Soja Saudavel Vaso 4,11.0,4.0,327.5,216.0,41.0,68.92,7359,14091,857,4300,20572,11543,1
48883,dia 11 - Soja Saudavel Vaso 4,11.0,4.0,327.76,218.0,40.9,73.15,7449,13868,881,4317,20617,11510,1
48884,dia 11 - Soja Saudavel Vaso 4,11.0,4.0,328.01,223.0,40.9,79.4,7493,13047,890,4329,20863,11508,1
48885,dia 11 - Soja Saudavel Vaso 4,11.0,4.0,328.25,222.0,40.9,84.39,7542,13086,906,4340,20837,11489,1
48886,dia 11 - Soja Saudavel Vaso 4,11.0,4.0,328.5,233.0,41.0,88.28,7547,13148,922,4356,20738,11452,1
48887,dia 11 - Soja Saudavel Vaso 4,11.0,4.0,328.74,228.0,41.0,91.02,7548,13158,934,4371,20677,11408,1
48888,dia 11 - Soja Saudavel Vaso 4,11.0,4.0,329.03,230.0,41.0,92.97,7542,13176,933,4368,20571,11356,1
48889,dia 11 - Soja Saudavel Vaso 4,11.0,4.0,329.27,230.0,41.0,93.64,7595,13056,939,4374,20513,11311,1
48890,dia 11 - Soja Saudavel Vaso 4,11.0,4.0,329.51,226.0,41.0,93.75,7502,13150,931,4367,20433,11269,1
48891,dia 11 - Soja Saudavel Vaso 4,11.0,4.0,329.76,230.0,41.0,93.77,7544,13042,935,4367,20349,11233,1
48892,dia 11 - Soja Saudavel Vaso 4,11.0,4.0,330.03,225.0,41.0,93.77,7534,13019,935,4369,20292,11195,1
48893,dia 11 - Soja Saudavel Vaso 4,11.0,4.0,330.28,222.0,41.0,93.77,7526,12983,933,4365,20268,11166,1
48894,dia 11 - Soja Saudavel Vaso 4,11.0,4.0,330.52,222.0,41.0,93.77,7515,12935,930,4363,20231,11139,1
48895,dia 11 - Soja Saudavel Vaso 4,11.0,4.0,330.77,231.0,41.0,93.77,7521,12993,931,4367,20177,11116,1
48896,dia 11 - Soja Saudavel Vaso 4,11.0,4.0,331.02,230.0,41.0,93.77,7510,12986,931,4363,20149,11095,1
48897,dia 11 - Soja Saudavel Vaso 4,11.0,4.0,331.26,221.0,41.0,93.77,7497,12956,929,4361,20125,11077,1
48898,dia 11 - Soja Saudavel Vaso 4,11.0,4.0,331.5,228.0,41.0,93.78,7487,12947,928,4360,20112,11063,1
48899,dia 11 - Soja Saudavel Vaso 4,11.0,4.0,331.75,209.0,41.0,93.77,7465,12952,926,4359,20092,11050,1
48900,dia 11 - Soja Saudavel Vaso 4,11.0,4.0,332.0,224.0,41.0,93.77,7450,12905,922,4357,20088,11037,1
48901,dia 11 - Soja Saudavel Vaso 4,11.0,4.0,332.29,224.0,41.0,93.77,7433,12936,922,4357,20059,11027,1
48902,dia 11 - Soja Saudavel Vaso 4,11.0,4.0,332.64,219.0,41.0,93.77,7426,12892,923,4357,20045,11017,1
48903,dia 11 - Soja Saudavel Vaso 4,11.0,4.0,332.87,212.0,41.0,93.77,7463,13037,934,4368,20036,11011,1
48904,dia 11 - Soja Saudavel Vaso 4,11.0,4.0,333.1,213.0,41.0,93.77,7441,13000,928,4361,20010,10985,1
48905,dia 11 - Soja Saudavel Vaso 4,11.0,4.0,333.37,225.0,41.1,93.78,7449,13010,930,4361,20003,11002,1
48906,dia 11 - Soja Saudavel Vaso 4,11.0,4.0,333.6,223.0,41.0,93.78,7424,12963,928,4361,20011,10984,1
48907,dia 11 - Soja Saudavel Vaso 4,11.0,4.0,333.83,215.0,41.0,93.78,7425,12979,929,4364,19996,10998,1
48908,dia 11 - Soja Saudavel Vaso 4,11.0,4.0,334.06,210.0,41.1,93.77,7429,12950,931,4361,20002,11003,1
48909,dia 11 - Soja Saudavel Vaso 4,11.0,4.0,334.3,239.0,41.1,93.77,7436,12985,932,4364,19991,11011,1
48910,dia 11 - Soja Saudavel Vaso 4,11.0,4.0,334.54,218.0,41.1,93.78,7442,13018,932,4362,19982,11010,1
48911,dia 11 - Soja Saudavel Vaso 4,11.0,4.0,334.77,218.0,41.1,93.77,7441,13011,933,4363,19987,11008,1
48912,dia 11 - Soja Saudavel Vaso 4,11.0,4.0,335.0,220.0,41.1,93.77,7435,13006,934,4369,19988,11008,1
48913,dia 11 - Soja Saudavel Vaso 4,11.0,4.0,335.23,224.0,41.0,93.78,7432,12985,931,4368,19990,11008,1
48914,dia 11 - Soja Saudavel Vaso 4,11.0,4.0,335.46,233.0,41.1,93.78,7382,13002,931,4361,20000,11007,1
48915,dia 11 - Soja Saudavel Vaso 4,11.0,4.0,335.7,214.0,41.1,93.78,7417,12991,935,4368,19996,11008,1
48916,dia 11 - Soja Saudavel Vaso 4,11.0,4.0,335.92,240.0,41.1,93.78,7422,12979,938,4367,20009,11008,1
48917,dia 11 - Soja Saudavel Vaso 4,11.0,4.0,336.15,226.0,41.0,93.77,7421,13003,933,4367,20002,11009,1
48918,dia 11 - Soja Saudavel Vaso 4,11.0,4.0,336.38,235.0,41.1,93.78,7409,12941,934,4370,19987,11010,1
48919,dia 11 - Soja Saudavel Vaso 4,11.0,4.0,336.63,221.0,41.1,93.77,7420,12990,935,4369,20015,11010,1
48920,dia 11 - Soja Saudavel Vaso 4,11.0,4.0,336.86,239.0,41.1,93.78,7424,12955,936,4367,20000,11011,1
50513,dia 11 - Soja Saudavel Vaso 4,11.0,4.0,740.86,170.0,44.2,93.78,8486,15222,1111,4713,21369,13165,1
50514,dia 11 - Soja Saudavel Vaso 4,11.0,4.0,741.09,189.0,44.2,93.77,8485,15231,1109,4716,21371,13166,1
50515,dia 11 - Soja Saudavel Vaso 4,11.0,4.0,741.32,168.0,44.2,93.78,8486,15232,1111,4714,21371,13166,1
50516,dia 11 - Soja Saudavel Vaso 4,11.0,4.0,741.55,177.0,44.3,93.77,8486,15234,1111,4716,21371,13167,1
50517,dia 11 - Soja Saudavel Vaso 4,11.0,4.0,741.78,183.0,44.2,93.77,8486,15233,1111,4713,21343,13168,1
50518,dia 11 - Soja Saudavel Vaso 4,11.0,4.0,742.0,164.0,44.2,93.77,8486,15235,1110,4717,21371,13169,1
50519,dia 11 - Soja Saudavel Vaso 4,11.0,4.0,742.23,169.0,44.3,93.77,8486,15236,1112,4716,21370,13169,1
50520,dia 11 - Soja Saudavel Vaso 4,11.0,4.0,742.46,185.0,44.2,93.78,8481,15235,1112,4714,21377,13175,1
50521,dia 11 - Soja Saudavel Vaso 4,11.0,4.0,742.69,185.0,44.3,93.77,8484,15234,1112,4715,21372,13155,1
50522,dia 11 - Soja Saudavel Vaso 4,11.0,4.0,742.92,192.0,44.3,93.78,8472,15233,1112,4717,21374,13173,1
50523,dia 11 - Soja Saudavel Vaso 4,11.0,4.0,743.15,171.0,44.3,93.78,8474,15191,1110,4715,21387,13173,1
50524,dia 11 - Soja Saudavel Vaso 4,11.0,4.0,743.38,178.0,44.3,93.77,8490,15259,1114,4716,21362,13174,1
50525,dia 11 - Soja Saudavel Vaso 4,11.0,4.0,743.61,184.0,44.3,93.77,8497,15276,1115,4720,21368,13180,1
50526,dia 11 - Soja Saudavel Vaso 4,11.0,4.0,743.84,173.0,44.3,93.77,8493,15269,1115,4719,21364,13177,1
50527,dia 11 - Soja Saudavel Vaso 4,11.0,4.0,744.08,180.0,44.3,93.77,8496,15271,1115,4720,21364,13178,1
50528,dia 11 - Soja Saudavel Vaso 4,11.0,4.0,744.31,169.0,44.3,93.78,8495,15268,1115,4718,21366,13179,1
50529,dia 11 - Soja Saudavel Vaso 4,11.0,4.0,744.54,163.0,44.3,93.77,8497,15273,1115,4721,21347,13180,1
50530,dia 11 - Soja Saudavel Vaso 4,11.0,4.0,744.77,164.0,44.3,93.77,8496,15265,1113,4721,21360,13180,1
50531,dia 11 - Soja Saudavel Vaso 4,11.0,4.0,745.0,173.0,44.3,93.77,8494,15261,1115,4719,21370,13181,1
50532,dia 11 - Soja Saudavel Vaso 4,11.0,4.0,745.23,163.0,44.3,93.78,8494,15262,1114,4719,21369,13182,1
50533,dia 11 - Soja Saudavel Vaso 4,11.0,4.0,745.46,173.0,44.3,93.77,8495,15263,1115,4719,21369,13164,1
50534,dia 11 - Soja Saudavel Vaso 4,11.0,4.0,745.69,192.0,44.3,93.78,8477,15240,1115,4721,21378,13183,1
50535,dia 11 - Soja Saudavel Vaso 4,11.0,4.0,745.91,180.0,44.3,93.77,8481,15237,1115,4718,21369,13185,1
50536,dia 11 - Soja Saudavel Vaso 4,11.0,4.0,746.15,178.0,44.3,93.78,8487,15234,1115,4716,21378,13185,1
50537,dia 11 - Soja Saudavel Vaso 4,11.0,4.0,746.38,177.0,44.3,93.77,8475,15184,1112,4714,21396,13169,1
50538,dia 11 - Soja Saudavel Vaso 4,11.0,4.0,746.6,194.0,44.3,93.77,8467,15185,1112,4717,21393,13186,1
50539,dia 11 - Soja Saudavel Vaso 4,11.0,4.0,746.83,193.0,44.3,93.78,8484,15193,1113,4716,21390,13187,1
50540,dia 11 - Soja Saudavel Vaso 4,11.0,4.0,747.06,178.0,44.3,93.77,8496,15256,1117,4718,21370,13189,1
50541,dia 11 - Soja Saudavel Vaso 4,11.0,4.0,747.35,180.0,44.3,93.78,8504,15265,1116,4720,21371,13190,1
50542,dia 11 - Soja Saudavel Vaso 4,11.0,4.0,747.58,169.0,44.3,93.77,8506,15266,1117,4719,21370,13191,1
50543,dia 11 - Soja Saudavel Vaso 4,11.0,4.0,747.8,174.0,44.3,93.31,8468,15180,1111,4716,21266,13126,1
50544,dia 11 - Soja Saudavel Vaso 4,11.0,4.0,748.04,180.0,44.3,92.51,8465,15159,1111,4717,21262,13123,1
50545,dia 11 - Soja Saudavel Vaso 4,11.0,4.0,748.27,183.0,44.3,92.06,8462,15179,1111,4713,21263,13121,1
50546,dia 11 - Soja Saudavel Vaso 4,11.0,4.0,748.5,175.0,44.3,91.76,8452,15152,1108,4714,21269,13116,1
50547,dia 11 - Soja Saudavel Vaso 4,11.0,4.0,748.73,174.0,44.3,91.56,8443,15149,1107,4711,21262,13112,1
50548,dia 11 - Soja Saudavel Vaso 4,11.0,4.0,748.95,173.0,44.3,91.41,8436,15127,1104,4711,21256,13105,1
50549,dia 11 - Soja Saudavel Vaso 4,11.0,4.0,749.18,179.0,44.3,91.3,8443,15158,1105,4708,21247,13099,1
50550,dia 11 - Soja Saudavel Vaso 4,11.0,4.0,749.41,178.0,44.3,91.21,8437,15160,1103,4708,21236,13084,1
50551,dia 11 - Soja Saudavel Vaso 4,11.0,4.0,749.8,181.0,44.3,91.11,8423,15137,1100,4705,21219,13056,1
50552,dia 11 - Soja Saudavel Vaso 4,11.0,4.0,750.33,178.0,44.3,91.05,8419,15147,1099,4706,21157,13001,1
50553,dia 11 - Soja Saudavel Vaso 4,11.0,4.0,750.78,184.0,44.3,91.03,8402,15115,1096,4704,21136,12932,1
50554,dia 11 - Soja Saudavel Vaso 4,11.0,4.0,751.01,180.0,44.3,91.01,8379,15095,1094,4701,21124,12923,1
50555,dia 11 - Soja Saudavel Vaso 4,11.0,4.0,751.24,180.0,44.2,91.01,8383,15093,1093,4701,21102,12890,1
50556,dia 11 - Soja Saudavel Vaso 4,11.0,4.0,751.46,180.0,44.3,91.0,8364,15055,1091,4697,21085,12858,1
50557,dia 11 - Soja Saudavel Vaso 4,11.0,4.0,751.75,181.0,44.2,90.99,8353,15047,1088,4694,21061,12817,1
50558,dia 11 - Soja Saudavel Vaso 4,11.0,4.0,751.98,176.0,44.3,90.99,8341,15032,1087,4692,21034,12786,1
50559,dia 11 - Soja Saudavel Vaso 4,11.0,4.0,752.2,173.0,44.2,90.97,8321,14997,1082,4691,21005,12755,1
50560,dia 11 - Soja Saudavel Vaso 4,11.0,4.0,752.43,179.0,44.3,90.98,8321,15023,1082,4691,20957,12722,1
50561,dia 11 - Soja Saudavel Vaso 4,11.0,4.0,752.67,183.0,44.2,90.97,8291,14942,1075,4684,20971,12689,1
50562,dia 11 - Soja Saudavel Vaso 4,11.0,4.0,752.91,182.0,44.2,90.97,8283,14943,1076,4683,20937,12654,1
50563,dia 11 - Soja Saudavel Vaso 4,11.0,4.0,753.14,182.0,44.2,90.96,8270,14934,1075,4684,20908,12603,1
50564,dia 11 - Soja Saudavel Vaso 4,11.0,4.0,753.36,180.0,44.2,90.96,8247,14930,1070,4679,20876,12586,1
50565,dia 11 - Soja Saudavel Vaso 4,11.0,4.0,753.59,182.0,44.2,90.96,8247,14909,1067,4673,20848,12550,1
50566,dia 11 - Soja Saudavel Vaso 4,11.0,4.0,753.83,183.0,44.2,90.97,8234,14902,1062,4670,20818,12514,1
50567,dia 11 - Soja Saudavel Vaso 4,11.0,4.0,754.06,182.0,44.2,90.98,8221,14893,1062,4669,20791,12462,1
50568,dia 11 - Soja Saudavel Vaso 4,11.0,4.0,754.28,184.0,44.2,90.97,8206,14859,1060,4668,20772,12445,1
50569,dia 11 - Soja Saudavel Vaso 4,11.0,4.0,754.51,183.0,44.2,90.97,8193,14864,1058,4662,20746,12411,1
50570,dia 11 - Soja Saudavel Vaso 4,11.0,4.0,754.74,190.0,44.2,90.97,8177,14846,1054,4663,20721,12379,1
50571,dia 11 - Soja Saudavel Vaso 4,11.0,4.0,754.97,209.0,44.2,90.96,8161,14823,1052,4661,20696,12346,1
50572,dia 11 - Soja Saudavel Vaso 4,11.0,4.0,755.2,209.0,44.2,90.96,8147,14789,1050,4658,20669,12313,1
50573,dia 11 - Soja Saudavel Vaso 4,11.0,4.0,755.43,208.0,44.2,90.95,8134,14797,1047,4653,20641,12279,1
50574,dia 11 - Soja Saudavel Vaso 4,11.0,4.0,755.65,209.0,44.2,90.96,8120,14780,1046,4654,20612,12245,1
50575,dia 11 - Soja Saudavel Vaso 4,11.0,4.0,755.88,199.0,44.2,90.96,8105,14738,1043,4651,20582,12213,1
50576,dia 11 - Soja Saudavel Vaso 4,11.0,4.0,756.17,210.0,44.2,90.95,8082,14727,1040,4649,20544,12175,1
50577,dia 11 - Soja Saudavel Vaso 4,11.0,4.0,756.4,206.0,44.2,90.94,8064,14704,1037,4643,20511,12144,1
50578,dia 11 - Soja Saudavel Vaso 4,11.0,4.0,756.62,208.0,44.2,90.96,8047,14683,1035,4641,20457,12115,1
50579,dia 11 - Soja Saudavel Vaso 4,11.0,4.0,756.85,205.0,44.2,90.97,8031,14659,1030,4640,20442,12083,1
51331,dia 11 - Soja Saudavel Vaso 5,11.0,5.0,292.84,221.0,38.0,93.74,7663,14700,901,4238,20794,12236,1
51332,dia 11 - Soja Saudavel Vaso 5,11.0,5.0,293.07,212.0,38.0,93.75,7661,14694,901,4240,20794,12215,1
51333,dia 11 - Soja Saudavel Vaso 5,11.0,5.0,293.3,202.0,38.0,93.75,7656,14701,899,4239,20789,12232,1
51334,dia 11 - Soja Saudavel Vaso 5,11.0,5.0,293.54,216.0,38.1,93.74,7656,14699,898,4238,20792,12231,1
51335,dia 11 - Soja Saudavel Vaso 5,11.0,5.0,293.77,216.0,38.0,93.74,7655,14705,900,4239,20791,12230,1
51336,dia 11 - Soja Saudavel Vaso 5,11.0,5.0,293.99,200.0,38.0,93.74,7662,14737,901,4239,20781,12211,1
51337,dia 11 - Soja Saudavel Vaso 5,11.0,5.0,294.22,204.0,38.1,93.74,7661,14726,901,4242,20781,12229,1
51338,dia 11 - Soja Saudavel Vaso 5,11.0,5.0,294.45,205.0,38.1,93.74,7667,14745,901,4239,20780,12230,1
51339,dia 11 - Soja Saudavel Vaso 5,11.0,5.0,294.69,211.0,38.1,93.75,7669,14751,902,4242,20776,12229,1
51340,dia 11 - Soja Saudavel Vaso 5,11.0,5.0,294.91,214.0,38.1,93.74,7669,14755,901,4242,20776,12213,1
51341,dia 11 - Soja Saudavel Vaso 5,11.0,5.0,295.14,210.0,38.1,93.74,7658,14757,902,4241,20775,12230,1
51342,dia 11 - Soja Saudavel Vaso 5,11.0,5.0,295.37,202.0,38.1,93.74,7671,14754,902,4242,20776,12230,1
51343,dia 11 - Soja Saudavel Vaso 5,11.0,5.0,295.6,221.0,38.1,93.74,7671,14755,903,4244,20772,12228,1
51344,dia 11 - Soja Saudavel Vaso 5,11.0,5.0,295.89,207.0,38.1,93.74,7668,14740,900,4243,20782,12225,1
51345,dia 11 - Soja Saudavel Vaso 5,11.0,5.0,296.12,202.0,38.1,93.74,7669,14741,901,4242,20781,12231,1
51346,dia 11 - Soja Saudavel Vaso 5,11.0,5.0,296.35,215.0,38.1,93.75,7671,14746,902,4242,20778,12232,1
51347,dia 11 - Soja Saudavel Vaso 5,11.0,5.0,296.57,204.0,38.1,93.75,7662,14686,900,4243,20790,12233,1
51348,dia 11 - Soja Saudavel Vaso 5,11.0,5.0,296.81,212.0,38.1,93.75,7666,14718,900,4241,20788,12233,1
51349,dia 11 - Soja Saudavel Vaso 5,11.0,5.0,297.06,204.0,38.1,93.74,7664,14716,900,4240,20786,12234,1
51350,dia 11 - Soja Saudavel Vaso 5,11.0,5.0,297.29,210.0,38.1,93.74,7666,14701,901,4243,20784,12236,1
51351,dia 11 - Soja Saudavel Vaso 5,11.0,5.0,297.52,197.0,38.1,93.74,7666,14721,900,4241,20785,12237,1
51352,dia 11 - Soja Saudavel Vaso 5,11.0,5.0,297.75,204.0,38.1,93.75,7667,14721,901,4241,20786,12239,1
51353,dia 11 - Soja Saudavel Vaso 5,11.0,5.0,297.98,216.0,38.1,93.74,7668,14716,900,4241,20786,12239,1
51354,dia 11 - Soja Saudavel Vaso 5,11.0,5.0,298.21,205.0,38.1,93.74,7666,14691,901,4242,20789,12239,1
51355,dia 11 - Soja Saudavel Vaso 5,11.0,5.0,298.44,204.0,38.1,93.74,7670,14730,900,4243,20784,12240,1
51356,dia 11 - Soja Saudavel Vaso 5,11.0,5.0,298.67,206.0,38.1,93.74,7669,14725,900,4245,20786,12239,1
51357,dia 11 - Soja Saudavel Vaso 5,11.0,5.0,299.01,202.0,38.1,93.74,7670,14729,902,4244,20784,12238,1
51358,dia 11 - Soja Saudavel Vaso 5,11.0,5.0,299.27,204.0,38.1,93.74,7659,14702,900,4245,20754,12221,1
51359,dia 11 - Soja Saudavel Vaso 5,11.0,5.0,299.5,207.0,38.1,93.74,7671,14727,900,4243,20786,12278,1
51360,dia 11 - Soja Saudavel Vaso 5,11.0,5.0,299.72,199.0,38.1,93.75,7673,14733,901,4245,20785,12274,1
51361,dia 11 - Soja Saudavel Vaso 5,11.0,5.0,299.95,201.0,38.1,93.51,7660,14682,897,4243,20746,12246,1
51362,dia 11 - Soja Saudavel Vaso 5,11.0,5.0,300.19,206.0,38.1,92.08,7574,14415,882,4228,20810,12236,1
51363,dia 11 - Soja Saudavel Vaso 5,11.0,5.0,300.43,204.0,38.1,90.79,7616,14531,891,4234,20775,12228,1
51364,dia 11 - Soja Saudavel Vaso 5,11.0,5.0,300.66,210.0,38.2,89.76,7591,14371,890,4235,20777,12220,1
51365,dia 11 - Soja Saudavel Vaso 5,11.0,5.0,300.89,209.0,38.1,88.83,7590,14421,887,4233,20790,12216,1
51366,dia 11 - Soja Saudavel Vaso 5,11.0,5.0,301.12,215.0,38.2,87.98,7624,14650,893,4236,20740,12213,1
51367,dia 11 - Soja Saudavel Vaso 5,11.0,5.0,301.35,217.0,38.1,87.18,7628,14688,895,4238,20731,12209,1
51368,dia 11 - Soja Saudavel Vaso 5,11.0,5.0,301.58,210.0,38.1,86.46,7630,14756,895,4238,20697,12206,1
51369,dia 11 - Soja Saudavel Vaso 5,11.0,5.0,301.81,217.0,38.2,85.79,7606,14546,894,4239,20768,12203,1
51370,dia 11 - Soja Saudavel Vaso 5,11.0,5.0,302.04,212.0,38.2,85.15,7612,14632,893,4238,20763,12201,1
51371,dia 11 - Soja Saudavel Vaso 5,11.0,5.0,302.27,205.0,38.2,84.54,7637,14722,898,4241,20741,12197,1
51372,dia 11 - Soja Saudavel Vaso 5,11.0,5.0,302.56,205.0,38.2,83.84,7632,14734,896,4233,20748,12193,1
51373,dia 11 - Soja Saudavel Vaso 5,11.0,5.0,302.79,202.0,38.2,83.3,7624,14723,894,4240,20756,12190,1
51374,dia 11 - Soja Saudavel Vaso 5,11.0,5.0,303.02,216.0,38.2,82.8,7621,14670,893,4237,20738,12187,1
51375,dia 11 - Soja Saudavel Vaso 5,11.0,5.0,303.25,211.0,38.2,82.3,7634,14750,894,4238,20758,12184,1
51376,dia 11 - Soja Saudavel Vaso 5,11.0,5.0,303.49,206.0,38.2,81.84,7623,14747,894,4236,20766,12181,1
51377,dia 11 - Soja Saudavel Vaso 5,11.0,5.0,303.88,208.0,38.2,81.08,7630,14636,897,4241,20803,12177,1
51378,dia 11 - Soja Saudavel Vaso 5,11.0,5.0,304.41,196.0,38.2,80.14,7607,14679,891,4236,20776,12172,1
51379,dia 11 - Soja Saudavel Vaso 5,11.0,5.0,304.8,206.0,38.2,79.52,7498,14866,887,4234,20753,12166,1
51380,dia 11 - Soja Saudavel Vaso 5,11.0,5.0,305.03,209.0,38.2,79.17,7523,14795,892,4234,20744,12167,1
51381,dia 11 - Soja Saudavel Vaso 5,11.0,5.0,305.26,207.0,38.2,78.83,7566,14792,888,4234,20740,12163,1
51382,dia 11 - Soja Saudavel Vaso 5,11.0,5.0,305.49,204.0,38.2,78.5,7565,14809,888,4235,20727,12158,1
51383,dia 11 - Soja Saudavel Vaso 5,11.0,5.0,305.72,199.0,38.2,78.19,7556,14796,885,4229,20728,12152,1
51384,dia 11 - Soja Saudavel Vaso 5,11.0,5.0,305.95,206.0,38.2,77.88,7547,14791,882,4228,20720,12145,1
51385,dia 11 - Soja Saudavel Vaso 5,11.0,5.0,306.18,193.0,38.2,77.59,7535,14786,878,4224,20716,12128,1
51386,dia 11 - Soja Saudavel Vaso 5,11.0,5.0,306.41,192.0,38.2,77.31,7508,14692,868,4217,20724,12135,1
51387,dia 11 - Soja Saudavel Vaso 5,11.0,5.0,306.63,195.0,38.2,77.03,7535,14759,875,4221,20697,12130,1
51388,dia 11 - Soja Saudavel Vaso 5,11.0,5.0,306.87,200.0,38.2,76.77,7530,14734,874,4222,20701,12123,1
51389,dia 11 - Soja Saudavel Vaso 5,11.0,5.0,307.1,195.0,38.2,76.51,7501,14705,869,4216,20710,12118,1
51390,dia 11 - Soja Saudavel Vaso 5,11.0,5.0,307.32,202.0,38.2,76.26,7465,14724,864,4213,20703,12111,1
51391,dia 11 - Soja Saudavel Vaso 5,11.0,5.0,307.56,201.0,38.2,76.03,7455,14738,859,4206,20699,12102,1
51392,dia 11 - Soja Saudavel Vaso 5,11.0,5.0,307.78,216.0,38.2,75.8,7426,14751,854,4201,20719,12095,1
51393,dia 11 - Soja Saudavel Vaso 5,11.0,5.0,308.07,203.0,38.2,75.53,7410,14730,850,4197,20678,12088,1
51394,dia 11 - Soja Saudavel Vaso 5,11.0,5.0,308.3,193.0,38.2,75.32,7424,14733,855,4203,20666,12083,1
51395,dia 11 - Soja Saudavel Vaso 5,11.0,5.0,308.52,214.0,38.2,75.11,7405,14720,855,4204,20663,12078,1
51396,dia 11 - Soja Saudavel Vaso 5,11.0,5.0,308.75,196.0,38.2,74.91,7410,14670,853,4203,20637,12072,1
51397,dia 11 - Soja Saudavel Vaso 5,11.0,5.0,308.99,215.0,38.2,74.72,7397,14638,849,4195,20668,12067,1
51398,dia 11 - Soja Saudavel Vaso 5,11.0,5.0,309.26,204.0,38.2,74.49,7346,14653,839,4193,20670,12049,1
51399,dia 11 - Soja Saudavel Vaso 5,11.0,5.0,309.49,206.0,38.2,74.31,7357,14660,842,4193,20653,12054,1
51400,dia 11 - Soja Saudavel Vaso 5,11.0,5.0,309.71,207.0,38.2,74.14,7369,14654,844,4193,20644,12047,1
51401,dia 11 - Soja Saudavel Vaso 5,11.0,5.0,309.94,202.0,38.2,73.97,7375,14639,844,4194,20637,12040,1
51402,dia 11 - Soja Saudavel Vaso 5,11.0,5.0,310.18,225.0,38.2,73.81,7386,14618,846,4197,20628,12018,1
51403,dia 11 - Soja Saudavel Vaso 5,11.0,5.0,310.44,211.0,38.2,73.62,7382,14574,845,4197,20633,12029,1
51404,dia 11 - Soja Saudavel Vaso 5,11.0,5.0,310.67,192.0,38.2,73.47,7371,14605,844,4193,20619,12022,1
51405,dia 11 - Soja Saudavel Vaso 5,11.0,5.0,310.9,194.0,38.2,73.32,7353,14602,842,4191,20614,12009,1
51406,dia 11 - Soja Saudavel Vaso 5,11.0,5.0,311.12,195.0,38.2,73.18,7341,14513,841,4190,20629,12009,1
51407,dia 11 - Soja Saudavel Vaso 5,11.0,5.0,311.36,203.0,38.2,73.04,7344,14484,844,4194,20628,12004,1
51408,dia 11 - Soja Saudavel Vaso 5,11.0,5.0,311.62,209.0,38.2,72.89,7280,14506,842,4193,20604,11997,1
51409,dia 11 - Soja Saudavel Vaso 5,11.0,5.0,311.85,210.0,38.3,72.75,7253,14450,842,4191,20641,11990,1
51410,dia 11 - Soja Saudavel Vaso 5,11.0,5.0,312.07,217.0,38.2,72.63,7265,14496,839,4190,20614,11984,1
51411,dia 11 - Soja Saudavel Vaso 5,11.0,5.0,312.3,212.0,38.3,72.5,7270,14576,844,4194,20596,11979,1
51412,dia 11 - Soja Saudavel Vaso 5,11.0,5.0,312.54,222.0,38.2,72.38,7260,14522,842,4191,20571,11972,1
51413,dia 11 - Soja Saudavel Vaso 5,11.0,5.0,312.77,212.0,38.3,72.26,7260,14517,839,4192,20586,11958,1
51414,dia 11 - Soja Saudavel Vaso 5,11.0,5.0,313.0,219.0,38.3,72.15,7308,14473,840,4187,20570,11953,1
51415,dia 11 - Soja Saudavel Vaso 5,11.0,5.0,313.23,209.0,38.3,72.04,7305,14309,838,4190,20591,11947,1
51416,dia 11 - Soja Saudavel Vaso 5,11.0,5.0,313.45,213.0,38.3,71.94,7255,14292,830,4183,20589,11924,1
51417,dia 11 - Soja Saudavel Vaso 5,11.0,5.0,313.68,212.0,38.3,71.84,7203,14238,826,4178,20597,11934,1
51418,dia 11 - Soja Saudavel Vaso 5,11.0,5.0,313.91,208.0,38.3,71.73,7226,14264,825,4176,20612,11927,1
51419,dia 11 - Soja Saudavel Vaso 5,11.0,5.0,314.14,198.0,38.3,71.64,7219,14334,820,4174,20586,11919,1
51420,dia 11 - Soja Saudavel Vaso 5,11.0,5.0,314.37,195.0,38.3,71.55,7220,14298,822,4178,20591,11911,1
51421,dia 11 - Soja Saudavel Vaso 5,11.0,5.0,314.6,197.0,38.3,71.46,7198,14151,817,4170,20622,11906,1
51422,dia 11 - Soja Saudavel Vaso 5,11.0,5.0,314.83,224.0,38.3,71.37,7206,14114,821,4172,20634,11898,1
51423,dia 11 - Soja Saudavel Vaso 5,11.0,5.0,315.05,216.0,38.3,71.29,7198,14176,821,4176,20612,11892,1
51424,dia 11 - Soja Saudavel Vaso 5,11.0,5.0,315.28,213.0,38.3,71.2,7201,14171,826,4181,20592,11885,1
51425,dia 11 - Soja Saudavel Vaso 5,11.0,5.0,315.51,207.0,38.3,71.12,7189,14125,826,4178,20568,11878,1
51426,dia 11 - Soja Saudavel Vaso 5,11.0,5.0,315.74,212.0,38.3,71.05,7180,14106,822,4179,20601,11873,1
51427,dia 11 - Soja Saudavel Vaso 5,11.0,5.0,315.97,200.0,38.3,70.97,7171,13981,824,4179,20636,11866,1
51428,dia 11 - Soja Saudavel Vaso 5,11.0,5.0,316.2,202.0,38.3,70.89,7167,14061,822,4180,20591,11859,1
51429,dia 11 - Soja Saudavel Vaso 5,11.0,5.0,316.43,195.0,38.3,70.83,7157,14021,818,4176,20574,11852,1
51430,dia 11 - Soja Saudavel Vaso 5,11.0,5.0,316.66,208.0,38.3,70.76,7148,13981,819,4174,20596,11847,1
51431,dia 11 - Soja Saudavel Vaso 5,11.0,5.0,316.88,214.0,38.3,70.69,7150,14033,820,4178,20581,11840,1
51432,dia 11 - Soja Saudavel Vaso 5,11.0,5.0,317.12,204.0,38.3,70.62,7099,14065,812,4171,20573,11834,1
51433,dia 11 - Soja Saudavel Vaso 5,11.0,5.0,317.35,210.0,38.3,70.55,7112,14061,813,4172,20532,11827,1
51434,dia 11 - Soja Saudavel Vaso 5,11.0,5.0,317.74,198.0,38.3,70.45,7147,14057,816,4174,20539,11815,1
51435,dia 11 - Soja Saudavel Vaso 5,11.0,5.0,318.28,206.0,38.3,70.31,7160,14025,820,4179,20514,11800,1
51436,dia 11 - Soja Saudavel Vaso 5,11.0,5.0,318.67,203.0,38.3,70.21,7148,13950,815,4176,20536,11790,1
51437,dia 11 - Soja Saudavel Vaso 5,11.0,5.0,318.9,207.0,38.3,70.16,7140,13882,810,4173,20548,11783,1
51438,dia 11 - Soja Saudavel Vaso 5,11.0,5.0,319.13,205.0,38.3,70.11,7159,13936,814,4176,20518,11776,1
51439,dia 11 - Soja Saudavel Vaso 5,11.0,5.0,319.36,209.0,38.3,70.06,7117,13820,811,4174,20523,11772,1
51440,dia 11 - Soja Saudavel Vaso 5,11.0,5.0,319.61,193.0,38.4,70.01,7120,13860,811,4172,20500,11763,1
51441,dia 11 - Soja Saudavel Vaso 5,11.0,5.0,319.84,201.0,38.3,69.96,7005,13911,806,4167,20543,11756,1
51442,dia 11 - Soja Saudavel Vaso 5,11.0,5.0,320.07,198.0,38.4,69.91,6993,13913,807,4169,20536,11750,1
51443,dia 11 - Soja Saudavel Vaso 5,11.0,5.0,320.3,201.0,38.4,69.86,6988,13901,805,4171,20532,11744,1
51444,dia 11 - Soja Saudavel Vaso 5,11.0,5.0,320.54,192.0,38.4,69.82,6974,13851,804,4168,20543,11735,1
51445,dia 11 - Soja Saudavel Vaso 5,11.0,5.0,320.76,222.0,38.4,69.78,6969,13843,803,4165,20536,11730,1
51446,dia 11 - Soja Saudavel Vaso 5,11.0,5.0,320.99,225.0,38.4,69.74,6967,13873,803,4167,20523,11723,1
51447,dia 11 - Soja Saudavel Vaso 5,11.0,5.0,321.22,210.0,38.4,69.69,6956,13806,801,4166,20531,11717,1
51448,dia 11 - Soja Saudavel Vaso 5,11.0,5.0,321.45,221.0,38.4,69.65,7083,13793,805,4170,20461,11710,1
51449,dia 11 - Soja Saudavel Vaso 5,11.0,5.0,321.69,214.0,38.4,69.61,7073,13730,799,4166,20500,11703,1
51450,dia 11 - Soja Saudavel Vaso 5,11.0,5.0,321.92,215.0,38.4,69.57,7070,13752,800,4165,20485,11696,1
51451,dia 11 - Soja Saudavel Vaso 5,11.0,5.0,322.14,211.0,38.4,69.54,7055,13802,797,4162,20472,11688,1
51452,dia 11 - Soja Saudavel Vaso 5,11.0,5.0,322.37,214.0,38.4,69.5,7053,13645,797,4161,20478,11681,1
51453,dia 11 - Soja Saudavel Vaso 5,11.0,5.0,322.6,200.0,38.4,69.47,7053,13747,797,4158,20462,11673,1
51454,dia 11 - Soja Saudavel Vaso 5,11.0,5.0,322.83,205.0,38.4,69.43,7057,13659,794,4160,20472,11667,1
51455,dia 11 - Soja Saudavel Vaso 5,11.0,5.0,323.06,199.0,38.4,69.4,7024,13712,792,4158,20467,11660,1
51456,dia 11 - Soja Saudavel Vaso 5,11.0,5.0,323.29,190.0,38.4,69.37,7054,13677,800,4164,20459,11636,1
51457,dia 11 - Soja Saudavel Vaso 5,11.0,5.0,323.52,199.0,38.4,69.33,7057,13660,802,4168,20453,11647,1
51458,dia 11 - Soja Saudavel Vaso 5,11.0,5.0,323.75,200.0,38.4,69.3,7074,13750,808,4174,20415,11639,1
51459,dia 11 - Soja Saudavel Vaso 5,11.0,5.0,323.99,221.0,38.4,69.27,7066,13723,811,4175,20413,11633,1
51460,dia 11 - Soja Saudavel Vaso 5,11.0,5.0,324.21,224.0,38.4,69.25,7053,13704,810,4177,20387,11619,1
51461,dia 11 - Soja Saudavel Vaso 5,11.0,5.0,324.44,219.0,38.4,69.22,6928,13536,800,4170,20487,11613,1
51462,dia 11 - Soja Saudavel Vaso 5,11.0,5.0,324.67,221.0,38.4,69.19,7021,13641,809,4174,20419,11605,1
51463,dia 11 - Soja Saudavel Vaso 5,11.0,5.0,324.9,219.0,38.4,69.17,7002,13576,807,4171,20441,11595,1
51464,dia 11 - Soja Saudavel Vaso 5,11.0,5.0,325.13,223.0,38.4,69.14,6974,13366,802,4167,20470,11584,1
51465,dia 11 - Soja Saudavel Vaso 5,11.0,5.0,325.36,223.0,38.4,69.12,6972,13369,800,4167,20481,11586,1
51466,dia 11 - Soja Saudavel Vaso 5,11.0,5.0,325.6,218.0,38.4,69.09,6966,13344,800,4167,20482,11580,1
51467,dia 11 - Soja Saudavel Vaso 5,11.0,5.0,325.82,214.0,38.4,69.07,6957,13331,799,4165,20476,11574,1
51468,dia 11 - Soja Saudavel Vaso 5,11.0,5.0,326.05,216.0,38.4,69.04,6957,13331,797,4163,20462,11557,1
51469,dia 11 - Soja Saudavel Vaso 5,11.0,5.0,326.29,221.0,38.4,69.02,6950,13260,796,4161,20488,11560,1
51470,dia 11 - Soja Saudavel Vaso 5,11.0,5.0,326.52,217.0,38.4,69.0,6932,13234,793,4160,20478,11553,1
51471,dia 11 - Soja Saudavel Vaso 5,11.0,5.0,326.75,202.0,38.4,68.98,6924,13239,794,4160,20502,11547,1
51472,dia 11 - Soja Saudavel Vaso 5,11.0,5.0,326.98,198.0,38.4,68.95,6928,13268,792,4162,20471,11542,1
51473,dia 11 - Soja Saudavel Vaso 5,11.0,5.0,327.2,190.0,38.4,68.93,6935,13193,790,4158,20462,11509,1
51474,dia 11 - Soja Saudavel Vaso 5,11.0,5.0,327.49,190.0,38.4,75.54,7086,13041,826,4189,20494,11506,1
51475,dia 11 - Soja Saudavel Vaso 5,11.0,5.0,327.72,225.0,38.4,80.92,7092,13021,824,4187,20590,11495,1
51476,dia 11 - Soja Saudavel Vaso 5,11.0,5.0,327.95,225.0,38.4,85.26,7135,13015,832,4198,20577,11471,1
51477,dia 11 - Soja Saudavel Vaso 5,11.0,5.0,328.18,212.0,38.5,88.67,7158,12957,827,4192,20574,11438,1
51478,dia 11 - Soja Saudavel Vaso 5,11.0,5.0,328.4,210.0,38.5,91.12,7111,12865,818,4181,20556,11403,1
51479,dia 11 - Soja Saudavel Vaso 5,11.0,5.0,328.69,218.0,38.5,92.96,7108,12860,816,4180,20457,11355,1
51480,dia 11 - Soja Saudavel Vaso 5,11.0,5.0,329.02,209.0,38.5,93.66,7112,12914,818,4179,20332,11287,1
51481,dia 11 - Soja Saudavel Vaso 5,11.0,5.0,329.25,233.0,38.5,93.71,7088,12884,815,4175,20274,11272,1
51482,dia 11 - Soja Saudavel Vaso 5,11.0,5.0,329.48,211.0,38.5,93.72,7010,12468,797,4156,20354,11240,1
51483,dia 11 - Soja Saudavel Vaso 5,11.0,5.0,329.71,208.0,38.5,93.72,6992,12398,793,4153,20331,11211,1
51484,dia 11 - Soja Saudavel Vaso 5,11.0,5.0,329.94,225.0,38.6,93.73,6949,12281,787,4147,20313,11170,1
51485,dia 11 - Soja Saudavel Vaso 5,11.0,5.0,330.17,227.0,38.6,93.72,6949,12260,785,4143,20287,11164,1
51486,dia 11 - Soja Saudavel Vaso 5,11.0,5.0,330.39,224.0,38.6,93.72,6950,12272,784,4140,20278,11146,1
51487,dia 11 - Soja Saudavel Vaso 5,11.0,5.0,330.62,217.0,38.6,93.72,6929,12241,784,4140,20242,11124,1
51488,dia 11 - Soja Saudavel Vaso 5,11.0,5.0,330.86,217.0,38.5,93.72,6935,12245,782,4136,20216,10997,1
51489,dia 11 - Soja Saudavel Vaso 5,11.0,5.0,331.08,212.0,38.6,93.73,6906,12139,777,4134,20210,10990,1
51490,dia 11 - Soja Saudavel Vaso 5,11.0,5.0,331.31,211.0,38.6,93.73,6916,12207,778,4130,20197,10964,1
51491,dia 11 - Soja Saudavel Vaso 5,11.0,5.0,331.7,205.0,38.6,93.73,6907,12039,775,4129,20237,10398,1
51492,dia 11 - Soja Saudavel Vaso 5,11.0,5.0,332.23,234.0,38.6,93.73,6892,12131,772,4122,20170,10375,1
51493,dia 11 - Soja Saudavel Vaso 5,11.0,5.0,332.62,208.0,38.6,93.73,6836,12187,766,4122,20126,10364,1
51494,dia 11 - Soja Saudavel Vaso 5,11.0,5.0,332.85,232.0,38.6,93.73,6863,12013,764,4115,20181,10359,1
51495,dia 11 - Soja Saudavel Vaso 5,11.0,5.0,333.09,213.0,38.6,93.73,6885,12120,768,4120,20139,10355,1
51496,dia 11 - Soja Saudavel Vaso 5,11.0,5.0,333.31,221.0,38.6,93.73,6887,12127,768,4119,20134,10342,1
51497,dia 11 - Soja Saudavel Vaso 5,11.0,5.0,333.54,232.0,38.6,93.73,6884,12112,768,4122,20121,10345,1
51498,dia 11 - Soja Saudavel Vaso 5,11.0,5.0,333.77,230.0,38.6,93.73,6861,12012,764,4115,20161,10343,1
51499,dia 11 - Soja Saudavel Vaso 5,11.0,5.0,334.0,225.0,38.6,93.73,6871,12066,765,4117,20144,10340,1
51500,dia 11 - Soja Saudavel Vaso 5,11.0,5.0,334.23,211.0,38.6,93.74,6882,12130,765,4119,20115,10335,1
51501,dia 11 - Soja Saudavel Vaso 5,11.0,5.0,334.45,232.0,38.6,93.73,6877,12113,764,4118,20093,10339,1
51502,dia 11 - Soja Saudavel Vaso 5,11.0,5.0,334.68,233.0,38.6,93.74,6872,12066,760,4114,20139,10334,1
51503,dia 11 - Soja Saudavel Vaso 5,11.0,5.0,334.91,207.0,38.6,93.73,6887,12147,765,4119,20107,10444,1
51504,dia 11 - Soja Saudavel Vaso 5,11.0,5.0,335.14,202.0,38.6,93.73,6882,12124,762,4118,20115,10378,1
51505,dia 11 - Soja Saudavel Vaso 5,11.0,5.0,335.38,215.0,38.6,93.73,6840,11911,757,4111,20190,11202,1
51506,dia 11 - Soja Saudavel Vaso 5,11.0,5.0,335.61,204.0,38.6,93.73,6888,12152,764,4118,20104,10522,1
51507,dia 11 - Soja Saudavel Vaso 5,11.0,5.0,335.84,233.0,38.6,93.74,6889,12154,763,4119,20109,10462,1
51508,dia 11 - Soja Saudavel Vaso 5,11.0,5.0,336.06,197.0,38.6,93.74,6877,12128,762,4115,20118,10494,1
51509,dia 11 - Soja Saudavel Vaso 5,11.0,5.0,336.29,232.0,38.6,93.73,6879,12115,761,4117,20126,10387,1
51510,dia 11 - Soja Saudavel Vaso 5,11.0,5.0,336.58,218.0,38.6,93.73,6888,12155,763,4118,20112,10346,1
53129,dia 11 - Soja Saudavel Vaso 5,11.0,5.0,739.93,164.0,42.3,93.74,7951,14624,996,4502,20867,12526,1
53130,dia 11 - Soja Saudavel Vaso 5,11.0,5.0,740.17,159.0,42.3,93.74,7812,14786,990,4497,20844,12524,1
53131,dia 11 - Soja Saudavel Vaso 5,11.0,5.0,740.44,166.0,42.3,93.73,7829,14769,991,4499,20868,12526,1
53132,dia 11 - Soja Saudavel Vaso 5,11.0,5.0,740.67,167.0,42.3,93.74,7875,14723,996,4502,20828,12529,1
53133,dia 11 - Soja Saudavel Vaso 5,11.0,5.0,740.9,156.0,42.3,93.74,7884,14701,995,4503,20840,12521,1
53134,dia 11 - Soja Saudavel Vaso 5,11.0,5.0,741.13,175.0,42.3,93.74,7896,14722,993,4506,20843,12522,1
53135,dia 11 - Soja Saudavel Vaso 5,11.0,5.0,741.37,168.0,42.3,93.74,7903,14725,999,4506,20835,12539,1
53136,dia 11 - Soja Saudavel Vaso 5,11.0,5.0,741.61,160.0,42.3,93.74,7890,14716,998,4505,20835,12525,1
53137,dia 11 - Soja Saudavel Vaso 5,11.0,5.0,741.83,175.0,42.3,93.74,7912,14699,999,4503,20834,12530,1
53138,dia 11 - Soja Saudavel Vaso 5,11.0,5.0,742.06,178.0,42.3,93.74,7990,14676,1004,4513,20839,12538,1
53139,dia 11 - Soja Saudavel Vaso 5,11.0,5.0,742.29,175.0,42.3,93.74,7995,14683,1004,4512,20819,12529,1
53140,dia 11 - Soja Saudavel Vaso 5,11.0,5.0,742.53,168.0,42.3,93.74,7997,14622,1003,4509,20864,12539,1
53141,dia 11 - Soja Saudavel Vaso 5,11.0,5.0,742.91,154.0,42.3,93.74,8023,14696,1006,4514,20855,12550,1
53142,dia 11 - Soja Saudavel Vaso 5,11.0,5.0,743.44,159.0,42.3,93.74,8032,14735,1007,4514,20801,12541,1
53143,dia 11 - Soja Saudavel Vaso 5,11.0,5.0,743.83,170.0,42.3,93.74,8019,14683,1005,4512,20812,12545,1
53144,dia 11 - Soja Saudavel Vaso 5,11.0,5.0,744.06,185.0,42.3,93.74,8022,14644,1005,4513,20809,12536,1
53145,dia 11 - Soja Saudavel Vaso 5,11.0,5.0,744.29,181.0,42.3,93.74,8035,14703,1006,4510,20828,12543,1
53146,dia 11 - Soja Saudavel Vaso 5,11.0,5.0,744.51,165.0,42.3,93.74,7974,14712,1001,4509,20818,12543,1
53147,dia 11 - Soja Saudavel Vaso 5,11.0,5.0,744.75,159.0,42.3,93.72,8023,14678,1006,4513,20816,12545,1
53148,dia 11 - Soja Saudavel Vaso 5,11.0,5.0,744.98,174.0,42.3,93.74,8020,14636,1004,4511,20816,12544,1
53149,dia 11 - Soja Saudavel Vaso 5,11.0,5.0,745.21,172.0,42.4,93.74,7979,14735,1002,4508,20915,12547,1
53150,dia 11 - Soja Saudavel Vaso 5,11.0,5.0,745.44,175.0,42.4,93.74,7939,14674,1000,4505,20827,12554,1
53151,dia 11 - Soja Saudavel Vaso 5,11.0,5.0,745.67,178.0,42.4,93.73,7946,14799,1001,4512,20828,12564,1
53152,dia 11 - Soja Saudavel Vaso 5,11.0,5.0,745.9,173.0,42.4,93.74,7970,14670,1007,4514,20802,12567,1
53153,dia 11 - Soja Saudavel Vaso 5,11.0,5.0,746.12,153.0,42.4,93.74,7974,14766,1006,4516,20827,12566,1
53154,dia 11 - Soja Saudavel Vaso 5,11.0,5.0,746.35,154.0,42.4,93.74,8016,14733,1011,4516,20858,12577,1
53155,dia 11 - Soja Saudavel Vaso 5,11.0,5.0,746.58,159.0,42.4,93.74,7953,14746,1006,4514,20843,12568,1
53156,dia 11 - Soja Saudavel Vaso 5,11.0,5.0,746.81,152.0,42.4,93.73,8004,14687,1010,4516,20839,12556,1
53157,dia 11 - Soja Saudavel Vaso 5,11.0,5.0,747.1,169.0,42.4,93.73,7991,14647,1004,4509,20852,12585,1
53158,dia 11 - Soja Saudavel Vaso 5,11.0,5.0,747.33,160.0,42.4,93.71,7957,14605,1001,4508,20699,12510,1
53159,dia 11 - Soja Saudavel Vaso 5,11.0,5.0,747.56,165.0,42.4,92.75,7944,14616,999,4507,20739,12515,1
53160,dia 11 - Soja Saudavel Vaso 5,11.0,5.0,747.79,174.0,42.4,92.19,7945,14628,999,4509,20715,12521,1
53161,dia 11 - Soja Saudavel Vaso 5,11.0,5.0,748.03,172.0,42.4,91.84,7977,14595,1000,4506,20745,12513,1
53162,dia 11 - Soja Saudavel Vaso 5,11.0,5.0,748.26,159.0,42.4,91.58,7981,14661,1000,4506,20704,12503,1
53163,dia 11 - Soja Saudavel Vaso 5,11.0,5.0,748.49,169.0,42.4,91.42,7990,14693,998,4504,20678,12502,1
53164,dia 11 - Soja Saudavel Vaso 5,11.0,5.0,748.72,168.0,42.4,91.28,7926,14654,991,4494,20695,12488,1
53165,dia 11 - Soja Saudavel Vaso 5,11.0,5.0,748.95,165.0,42.4,91.18,7900,14688,988,4497,20698,12489,1
53166,dia 11 - Soja Saudavel Vaso 5,11.0,5.0,749.18,162.0,42.4,91.12,7867,14666,986,4495,20698,12480,1
53167,dia 11 - Soja Saudavel Vaso 5,11.0,5.0,749.41,168.0,42.4,91.06,7710,14716,975,4482,20699,12470,1
53168,dia 11 - Soja Saudavel Vaso 5,11.0,5.0,749.64,172.0,42.4,91.02,7697,14709,973,4481,20683,12463,1
53169,dia 11 - Soja Saudavel Vaso 5,11.0,5.0,749.87,161.0,42.4,90.99,7690,14706,972,4480,20648,12433,1
53170,dia 11 - Soja Saudavel Vaso 5,11.0,5.0,750.1,175.0,42.4,90.98,7823,14501,979,4488,20647,12438,1
53171,dia 11 - Soja Saudavel Vaso 5,11.0,5.0,750.37,161.0,42.4,90.96,7773,14521,971,4486,20634,12412,1
53172,dia 11 - Soja Saudavel Vaso 5,11.0,5.0,750.6,165.0,42.4,90.94,7800,14558,976,4485,20621,12381,1
53173,dia 11 - Soja Saudavel Vaso 5,11.0,5.0,750.83,158.0,42.4,90.94,7779,14486,972,4482,20655,12387,1
53174,dia 11 - Soja Saudavel Vaso 5,11.0,5.0,751.05,167.0,42.4,90.92,7761,14445,971,4477,20680,12381,1
53175,dia 11 - Soja Saudavel Vaso 5,11.0,5.0,751.29,172.0,42.4,90.92,7763,14556,973,4481,20591,12356,1
53176,dia 11 - Soja Saudavel Vaso 5,11.0,5.0,751.55,164.0,42.3,90.92,7760,14569,972,4482,20557,12317,1
53177,dia 11 - Soja Saudavel Vaso 5,11.0,5.0,751.77,171.0,42.3,90.91,7756,14546,971,4478,20562,12309,1
53178,dia 11 - Soja Saudavel Vaso 5,11.0,5.0,752.0,167.0,42.4,90.91,7728,14459,966,4473,20572,12291,1
53179,dia 11 - Soja Saudavel Vaso 5,11.0,5.0,752.23,164.0,42.3,90.92,7721,14468,966,4475,20591,12290,1
53180,dia 11 - Soja Saudavel Vaso 5,11.0,5.0,752.46,170.0,42.3,90.9,7689,14435,965,4473,20524,12256,1
53181,dia 11 - Soja Saudavel Vaso 5,11.0,5.0,752.69,169.0,42.3,90.9,7646,14439,960,4468,20503,12233,1
53182,dia 11 - Soja Saudavel Vaso 5,11.0,5.0,752.92,166.0,42.3,90.92,7639,14416,960,4467,20457,12207,1
53183,dia 11 - Soja Saudavel Vaso 5,11.0,5.0,753.15,162.0,42.3,90.91,7524,14454,951,4459,20461,12200,1
53184,dia 11 - Soja Saudavel Vaso 5,11.0,5.0,753.38,165.0,42.3,90.9,7518,14442,953,4460,20460,12196,1
53185,dia 11 - Soja Saudavel Vaso 5,11.0,5.0,753.64,178.0,42.3,90.91,7498,14451,951,4458,20414,12173,1
53186,dia 11 - Soja Saudavel Vaso 5,11.0,5.0,753.86,170.0,42.3,90.91,7588,14323,955,4464,20354,12140,1
53187,dia 11 - Soja Saudavel Vaso 5,11.0,5.0,754.09,168.0,42.3,90.91,7565,14295,951,4461,20328,12122,1
53188,dia 11 - Soja Saudavel Vaso 5,11.0,5.0,754.32,172.0,42.3,90.9,7546,14294,947,4456,20281,12094,1
53189,dia 11 - Soja Saudavel Vaso 5,11.0,5.0,754.55,170.0,42.3,90.9,7488,14294,943,4451,20300,12101,1
53190,dia 11 - Soja Saudavel Vaso 5,11.0,5.0,754.83,170.0,42.3,90.89,7520,14273,947,4458,20263,12076,1
53191,dia 11 - Soja Saudavel Vaso 5,11.0,5.0,755.05,166.0,42.3,90.89,7505,14309,946,4455,20239,12053,1
53192,dia 11 - Soja Saudavel Vaso 5,11.0,5.0,755.28,163.0,42.3,90.88,7383,14256,933,4438,20189,12028,1
53193,dia 11 - Soja Saudavel Vaso 5,11.0,5.0,755.51,170.0,42.3,90.89,7465,14183,940,4450,20154,11990,1
53194,dia 11 - Soja Saudavel Vaso 5,11.0,5.0,755.84,157.0,42.3,90.89,7330,14183,928,4440,20109,11979,1
53927,dia 12 - Soja Saudavel Vaso 2,12.0,2.0,292.21,192.0,37.9,93.71,6404,14374,67,2324,18682,10551,1
53928,dia 12 - Soja Saudavel Vaso 2,12.0,2.0,292.48,190.0,37.9,93.71,6385,14209,67,2326,18735,10525,1
53929,dia 12 - Soja Saudavel Vaso 2,12.0,2.0,292.71,187.0,37.9,93.71,6386,14210,67,2324,18733,10557,1
53930,dia 12 - Soja Saudavel Vaso 2,12.0,2.0,292.95,186.0,37.9,93.71,6387,14213,66,2325,18705,10527,1
53931,dia 12 - Soja Saudavel Vaso 2,12.0,2.0,293.18,188.0,37.9,93.71,6384,14211,66,2325,18734,10546,1
53932,dia 12 - Soja Saudavel Vaso 2,12.0,2.0,293.42,198.0,37.9,93.71,6387,14216,66,2325,18733,10533,1
53933,dia 12 - Soja Saudavel Vaso 2,12.0,2.0,293.65,187.0,37.9,93.7,6386,14214,67,2324,18731,10376,1
53934,dia 12 - Soja Saudavel Vaso 2,12.0,2.0,293.89,189.0,37.9,93.71,6395,14348,67,2322,18707,10535,1
53935,dia 12 - Soja Saudavel Vaso 2,12.0,2.0,294.13,183.0,37.9,93.71,6386,14212,66,2322,18694,10403,1
53936,dia 12 - Soja Saudavel Vaso 2,12.0,2.0,294.36,198.0,37.9,93.71,6387,14213,66,2324,18735,10461,1
53937,dia 12 - Soja Saudavel Vaso 2,12.0,2.0,294.66,187.0,37.9,93.71,6396,14213,67,2321,18735,10458,1
53938,dia 12 - Soja Saudavel Vaso 2,12.0,2.0,294.89,192.0,37.9,93.71,6386,14214,66,2322,18709,10517,1
53939,dia 12 - Soja Saudavel Vaso 2,12.0,2.0,295.13,183.0,37.9,93.7,6387,14214,68,2324,18736,10514,1
53940,dia 12 - Soja Saudavel Vaso 2,12.0,2.0,295.36,186.0,37.9,93.71,6388,14214,66,2325,18733,10377,1
53941,dia 12 - Soja Saudavel Vaso 2,12.0,2.0,295.61,181.0,37.9,93.71,6388,14216,66,2323,18729,10508,1
53942,dia 12 - Soja Saudavel Vaso 2,12.0,2.0,295.84,192.0,37.9,93.71,6388,14218,66,2323,18736,10466,1
53943,dia 12 - Soja Saudavel Vaso 2,12.0,2.0,296.07,187.0,37.9,93.71,6387,14216,68,2323,18737,10467,1
53944,dia 12 - Soja Saudavel Vaso 2,12.0,2.0,296.31,187.0,37.9,93.71,6404,14358,66,2323,18703,10445,1
53945,dia 12 - Soja Saudavel Vaso 2,12.0,2.0,296.55,185.0,37.9,93.71,6393,14258,67,2325,18738,10472,1
53946,dia 12 - Soja Saudavel Vaso 2,12.0,2.0,296.84,180.0,37.9,93.71,6390,14221,67,2323,18708,10482,1
53947,dia 12 - Soja Saudavel Vaso 2,12.0,2.0,297.08,194.0,37.9,93.71,6391,14229,67,2322,18734,10474,1
53948,dia 12 - Soja Saudavel Vaso 2,12.0,2.0,297.31,185.0,37.9,93.71,6388,14219,66,2325,18738,10485,1
53949,dia 12 - Soja Saudavel Vaso 2,12.0,2.0,297.55,191.0,37.9,93.71,6389,14225,67,2324,18737,10482,1
53950,dia 12 - Soja Saudavel Vaso 2,12.0,2.0,297.79,189.0,37.9,93.71,6390,14225,66,2321,18736,10331,1
53951,dia 12 - Soja Saudavel Vaso 2,12.0,2.0,298.02,190.0,37.9,93.71,6389,14228,66,2322,18698,10476,1
53952,dia 12 - Soja Saudavel Vaso 2,12.0,2.0,298.26,186.0,37.9,93.71,6389,14220,65,2322,18739,10485,1
53953,dia 12 - Soja Saudavel Vaso 2,12.0,2.0,298.49,189.0,37.9,93.71,6383,14230,66,2323,18735,10303,1
53954,dia 12 - Soja Saudavel Vaso 2,12.0,2.0,298.73,188.0,37.9,93.7,6391,14216,67,2322,18738,10499,1
53955,dia 12 - Soja Saudavel Vaso 2,12.0,2.0,299.02,190.0,37.9,93.71,6392,14219,67,2323,18739,10464,1
53956,dia 12 - Soja Saudavel Vaso 2,12.0,2.0,299.42,181.0,37.9,93.71,6380,14219,67,2324,18739,10338,1
53957,dia 12 - Soja Saudavel Vaso 2,12.0,2.0,299.97,182.0,37.9,93.44,6378,14194,68,2321,18703,10425,1
53958,dia 12 - Soja Saudavel Vaso 2,12.0,2.0,300.37,189.0,38.0,91.1,6370,14174,67,2320,18678,10434,1
53959,dia 12 - Soja Saudavel Vaso 2,12.0,2.0,300.6,184.0,38.0,90.01,6368,14169,67,2322,18670,10440,1
53960,dia 12 - Soja Saudavel Vaso 2,12.0,2.0,300.84,189.0,38.0,89.04,6366,14146,66,2321,18669,10466,1
53961,dia 12 - Soja Saudavel Vaso 2,12.0,2.0,301.08,187.0,38.0,88.17,6382,14317,67,2323,18620,10464,1
53962,dia 12 - Soja Saudavel Vaso 2,12.0,2.0,301.32,188.0,38.0,87.37,6366,14161,67,2321,18669,10411,1
53963,dia 12 - Soja Saudavel Vaso 2,12.0,2.0,301.56,185.0,38.0,86.63,6377,14174,66,2320,18685,10403,1
53964,dia 12 - Soja Saudavel Vaso 2,12.0,2.0,301.79,190.0,38.0,85.96,6374,14271,66,2321,18640,10455,1
53965,dia 12 - Soja Saudavel Vaso 2,12.0,2.0,302.03,184.0,38.0,85.32,6358,14118,66,2321,18690,10329,1
53966,dia 12 - Soja Saudavel Vaso 2,12.0,2.0,302.32,189.0,38.0,84.58,6357,14119,66,2319,18695,10457,1
53967,dia 12 - Soja Saudavel Vaso 2,12.0,2.0,302.56,191.0,38.0,84.02,6358,14007,66,2320,18737,10359,1
53968,dia 12 - Soja Saudavel Vaso 2,12.0,2.0,302.79,189.0,38.0,83.5,6336,14055,67,2320,18681,10455,1
53969,dia 12 - Soja Saudavel Vaso 2,12.0,2.0,303.03,182.0,38.0,83.0,6346,14023,65,2319,18739,10469,1
53970,dia 12 - Soja Saudavel Vaso 2,12.0,2.0,303.27,191.0,38.0,82.52,6361,14167,66,2319,18700,10406,1
53971,dia 12 - Soja Saudavel Vaso 2,12.0,2.0,303.51,186.0,38.0,82.06,6334,14025,66,2320,18748,10448,1
53972,dia 12 - Soja Saudavel Vaso 2,12.0,2.0,303.75,195.0,38.0,81.62,6343,14032,66,2319,18721,10437,1
53973,dia 12 - Soja Saudavel Vaso 2,12.0,2.0,303.98,190.0,38.0,81.21,6342,14031,65,2319,18751,10333,1
53974,dia 12 - Soja Saudavel Vaso 2,12.0,2.0,304.22,190.0,38.0,80.83,6342,14011,66,2318,18749,10383,1
53975,dia 12 - Soja Saudavel Vaso 2,12.0,2.0,304.51,178.0,38.0,80.36,6339,14032,66,2318,18739,10384,1
53976,dia 12 - Soja Saudavel Vaso 2,12.0,2.0,304.75,191.0,38.0,80.0,6337,14135,65,2317,18701,10382,1
53977,dia 12 - Soja Saudavel Vaso 2,12.0,2.0,304.99,188.0,38.0,79.66,6336,14036,66,2318,18703,10392,1
53978,dia 12 - Soja Saudavel Vaso 2,12.0,2.0,305.22,184.0,38.0,79.33,6333,14030,65,2317,18737,10367,1
53979,dia 12 - Soja Saudavel Vaso 2,12.0,2.0,305.47,187.0,38.0,79.02,6331,14024,65,2319,18733,10380,1
53980,dia 12 - Soja Saudavel Vaso 2,12.0,2.0,305.71,184.0,38.0,78.71,6334,14183,66,2319,18671,10390,1
53981,dia 12 - Soja Saudavel Vaso 2,12.0,2.0,305.94,187.0,38.0,78.42,6330,14031,66,2318,18671,10375,1
53982,dia 12 - Soja Saudavel Vaso 2,12.0,2.0,306.18,185.0,38.0,78.14,6327,14017,66,2317,18715,10388,1
53983,dia 12 - Soja Saudavel Vaso 2,12.0,2.0,306.42,188.0,38.0,77.88,6325,14021,66,2315,18702,10396,1
53984,dia 12 - Soja Saudavel Vaso 2,12.0,2.0,306.68,190.0,38.0,77.58,6312,14009,66,2315,18701,10364,1
53985,dia 12 - Soja Saudavel Vaso 2,12.0,2.0,306.92,192.0,38.0,77.33,6328,14138,65,2314,18652,10343,1
53986,dia 12 - Soja Saudavel Vaso 2,12.0,2.0,307.16,187.0,38.0,77.1,6318,14002,66,2314,18683,10430,1
53987,dia 12 - Soja Saudavel Vaso 2,12.0,2.0,307.39,182.0,38.0,76.87,6318,13976,66,2314,18675,10396,1
53988,dia 12 - Soja Saudavel Vaso 2,12.0,2.0,307.64,190.0,38.0,76.66,6312,13993,66,2315,18667,10379,1
53989,dia 12 - Soja Saudavel Vaso 2,12.0,2.0,307.89,190.0,38.0,76.42,6312,13998,66,2316,18653,10356,1
53990,dia 12 - Soja Saudavel Vaso 2,12.0,2.0,308.13,186.0,38.0,76.22,6312,14113,65,2316,18608,10364,1
53991,dia 12 - Soja Saudavel Vaso 2,12.0,2.0,308.36,185.0,38.0,76.03,6301,13980,66,2316,18639,10362,1
53992,dia 12 - Soja Saudavel Vaso 2,12.0,2.0,308.6,187.0,38.0,75.83,6297,13977,66,2314,18629,10424,1
53993,dia 12 - Soja Saudavel Vaso 2,12.0,2.0,308.85,190.0,38.1,75.65,6295,13967,65,2314,18618,10395,1
53994,dia 12 - Soja Saudavel Vaso 2,12.0,2.0,309.08,192.0,38.1,75.47,6293,13966,66,2313,18609,10343,1
53995,dia 12 - Soja Saudavel Vaso 2,12.0,2.0,309.32,181.0,38.1,75.31,6287,13961,65,2312,18601,10295,1
53996,dia 12 - Soja Saudavel Vaso 2,12.0,2.0,309.55,184.0,38.1,75.15,6292,14070,66,2314,18586,10358,1
53997,dia 12 - Soja Saudavel Vaso 2,12.0,2.0,309.79,194.0,38.1,75.0,6292,13947,65,2314,18583,10315,1
53998,dia 12 - Soja Saudavel Vaso 2,12.0,2.0,310.07,190.0,38.1,74.81,6286,13968,65,2312,18572,10322,1
53999,dia 12 - Soja Saudavel Vaso 2,12.0,2.0,310.31,184.0,38.1,74.67,6293,14076,66,2312,18522,10300,1
54000,dia 12 - Soja Saudavel Vaso 2,12.0,2.0,310.55,181.0,38.1,74.53,6286,13935,66,2312,18554,10327,1
54001,dia 12 - Soja Saudavel Vaso 2,12.0,2.0,310.78,193.0,38.1,74.39,6279,14056,66,2312,18502,10260,1
54002,dia 12 - Soja Saudavel Vaso 2,12.0,2.0,311.02,192.0,38.1,74.26,6271,13918,65,2312,18537,10241,1
54003,dia 12 - Soja Saudavel Vaso 2,12.0,2.0,311.25,184.0,38.1,74.14,6267,13911,65,2314,18531,10229,1
54004,dia 12 - Soja Saudavel Vaso 2,12.0,2.0,311.49,185.0,38.1,74.02,6264,13887,67,2313,18521,10230,1
54005,dia 12 - Soja Saudavel Vaso 2,12.0,2.0,311.83,190.0,38.1,73.86,6261,13904,65,2312,18506,10308,1
54006,dia 12 - Soja Saudavel Vaso 2,12.0,2.0,312.09,190.0,38.1,73.74,6258,13896,65,2311,18499,10262,1
54007,dia 12 - Soja Saudavel Vaso 2,12.0,2.0,312.34,180.0,38.1,73.62,6256,13895,65,2313,18488,10247,1
54008,dia 12 - Soja Saudavel Vaso 2,12.0,2.0,312.6,191.0,38.1,73.52,6252,13890,66,2311,18481,10225,1
54009,dia 12 - Soja Saudavel Vaso 2,12.0,2.0,312.85,192.0,38.1,73.41,6255,13886,65,2312,18472,10290,1
54010,dia 12 - Soja Saudavel Vaso 2,12.0,2.0,313.11,185.0,38.1,73.32,6246,13877,66,2312,18465,10120,1
54011,dia 12 - Soja Saudavel Vaso 2,12.0,2.0,313.4,186.0,38.1,73.2,6256,14004,66,2311,18408,10186,1
54012,dia 12 - Soja Saudavel Vaso 2,12.0,2.0,313.65,192.0,38.1,73.11,6247,14002,64,2311,18437,10183,1
54013,dia 12 - Soja Saudavel Vaso 2,12.0,2.0,314.06,191.0,38.1,72.96,6228,13859,66,2310,18433,10177,1
54014,dia 12 - Soja Saudavel Vaso 2,12.0,2.0,314.62,183.0,38.1,72.79,6246,13891,66,2310,18411,10107,1
54015,dia 12 - Soja Saudavel Vaso 2,12.0,2.0,315.04,184.0,38.1,72.64,6227,13852,66,2311,18400,10223,1
54016,dia 12 - Soja Saudavel Vaso 2,12.0,2.0,315.3,190.0,38.1,72.58,6228,13850,66,2310,18391,10038,1
54017,dia 12 - Soja Saudavel Vaso 2,12.0,2.0,315.6,193.0,38.2,72.5,6215,13854,66,2309,18347,10203,1
54018,dia 12 - Soja Saudavel Vaso 2,12.0,2.0,315.85,184.0,38.2,72.44,6218,13842,65,2310,18377,10218,1
54019,dia 12 - Soja Saudavel Vaso 2,12.0,2.0,316.1,194.0,38.2,72.37,6220,13931,65,2311,18349,10195,1
54020,dia 12 - Soja Saudavel Vaso 2,12.0,2.0,316.36,183.0,38.2,72.31,6214,13866,66,2312,18358,10172,1
54021,dia 12 - Soja Saudavel Vaso 2,12.0,2.0,316.67,184.0,38.2,72.23,6212,13828,65,2311,18347,10203,1
54022,dia 12 - Soja Saudavel Vaso 2,12.0,2.0,316.92,188.0,38.2,72.17,6209,13806,65,2311,18336,10187,1
54023,dia 12 - Soja Saudavel Vaso 2,12.0,2.0,317.17,181.0,38.2,72.12,6206,13819,65,2311,18332,10162,1
54024,dia 12 - Soja Saudavel Vaso 2,12.0,2.0,317.43,188.0,38.2,72.07,6203,13796,65,2309,18324,10173,1
54025,dia 12 - Soja Saudavel Vaso 2,12.0,2.0,317.71,196.0,38.2,72.01,6200,13811,64,2309,18317,10175,1
54026,dia 12 - Soja Saudavel Vaso 2,12.0,2.0,317.96,188.0,38.2,71.96,6199,13807,66,2310,18308,10145,1
54027,dia 12 - Soja Saudavel Vaso 2,12.0,2.0,318.22,191.0,38.2,71.91,6196,13806,65,2311,18299,10140,1
54028,dia 12 - Soja Saudavel Vaso 2,12.0,2.0,318.47,188.0,38.2,71.86,6196,13802,66,2310,18291,10045,1
54029,dia 12 - Soja Saudavel Vaso 2,12.0,2.0,318.73,187.0,38.2,71.81,6192,13798,65,2308,18285,10157,1
54030,dia 12 - Soja Saudavel Vaso 2,12.0,2.0,318.99,197.0,38.2,71.78,6190,13795,67,2312,18277,10144,1
54031,dia 12 - Soja Saudavel Vaso 2,12.0,2.0,319.24,190.0,38.2,71.73,6190,13791,65,2312,18269,10012,1
54032,dia 12 - Soja Saudavel Vaso 2,12.0,2.0,319.49,187.0,38.2,71.7,6186,13787,65,2311,18261,10075,1
54033,dia 12 - Soja Saudavel Vaso 2,12.0,2.0,319.75,185.0,38.2,71.66,6185,13783,65,2310,18255,10125,1
54034,dia 12 - Soja Saudavel Vaso 2,12.0,2.0,320.03,192.0,38.2,71.62,6182,13778,65,2310,18245,10092,1
54035,dia 12 - Soja Saudavel Vaso 2,12.0,2.0,320.29,183.0,38.2,71.58,6180,13773,64,2310,18212,10142,1
54036,dia 12 - Soja Saudavel Vaso 2,12.0,2.0,320.54,184.0,38.2,71.55,6177,13769,65,2310,18230,10132,1
54037,dia 12 - Soja Saudavel Vaso 2,12.0,2.0,320.8,182.0,38.2,71.51,6176,13765,65,2310,18202,10114,1
54038,dia 12 - Soja Saudavel Vaso 2,12.0,2.0,321.1,181.0,38.3,71.47,6173,13763,65,2311,18213,10030,1
54039,dia 12 - Soja Saudavel Vaso 2,12.0,2.0,321.35,181.0,38.3,71.45,6171,13760,64,2311,18205,10076,1
54040,dia 12 - Soja Saudavel Vaso 2,12.0,2.0,321.61,179.0,38.3,71.42,6170,13755,65,2307,18200,10009,1
54041,dia 12 - Soja Saudavel Vaso 2,12.0,2.0,321.86,185.0,38.3,71.39,6166,13748,66,2307,18177,10084,1
54042,dia 12 - Soja Saudavel Vaso 2,12.0,2.0,322.17,188.0,38.3,71.36,6168,13793,66,2310,18184,9994,1
54043,dia 12 - Soja Saudavel Vaso 2,12.0,2.0,322.42,188.0,38.3,71.33,6163,13739,66,2309,18178,10098,1
54044,dia 12 - Soja Saudavel Vaso 2,12.0,2.0,322.68,189.0,38.3,71.31,6161,13734,66,2310,18170,10085,1
54045,dia 12 - Soja Saudavel Vaso 2,12.0,2.0,322.93,182.0,38.2,71.28,6160,13733,65,2311,18165,9930,1
54046,dia 12 - Soja Saudavel Vaso 2,12.0,2.0,323.2,188.0,38.3,71.25,6158,13727,66,2310,18157,10071,1
54047,dia 12 - Soja Saudavel Vaso 2,12.0,2.0,323.46,193.0,38.3,71.23,6159,13727,64,2309,18148,9996,1
54048,dia 12 - Soja Saudavel Vaso 2,12.0,2.0,323.71,184.0,38.3,71.21,6155,13719,66,2308,18142,9948,1
54049,dia 12 - Soja Saudavel Vaso 2,12.0,2.0,323.96,185.0,38.3,71.19,6152,13715,64,2310,18134,9926,1
54050,dia 12 - Soja Saudavel Vaso 2,12.0,2.0,324.23,190.0,38.3,71.17,6150,13711,66,2307,18129,9945,1
54051,dia 12 - Soja Saudavel Vaso 2,12.0,2.0,324.5,181.0,38.3,71.14,6148,13697,64,2308,18120,9893,1
54052,dia 12 - Soja Saudavel Vaso 2,12.0,2.0,324.75,186.0,38.3,71.12,6147,13705,64,2309,18117,9936,1
54053,dia 12 - Soja Saudavel Vaso 2,12.0,2.0,325.0,180.0,38.3,71.11,6145,13678,64,2309,18107,9957,1
54054,dia 12 - Soja Saudavel Vaso 2,12.0,2.0,325.25,185.0,38.3,71.09,6143,13691,64,2309,18083,9963,1
54055,dia 12 - Soja Saudavel Vaso 2,12.0,2.0,325.57,173.0,38.3,71.06,6141,13687,64,2310,18089,9965,1
54056,dia 12 - Soja Saudavel Vaso 2,12.0,2.0,325.82,186.0,38.3,71.05,6139,13683,66,2311,18057,9965,1
54057,dia 12 - Soja Saudavel Vaso 2,12.0,2.0,326.07,186.0,38.4,71.03,6137,13679,66,2310,18076,9966,1
54058,dia 12 - Soja Saudavel Vaso 2,12.0,2.0,326.33,182.0,38.3,71.02,6134,13674,65,2310,18052,9964,1
54059,dia 12 - Soja Saudavel Vaso 2,12.0,2.0,326.6,179.0,38.4,71.0,6133,13669,65,2311,18060,9960,1
54060,dia 12 - Soja Saudavel Vaso 2,12.0,2.0,326.85,189.0,38.4,70.98,6131,13646,64,2311,18054,9957,1
54061,dia 12 - Soja Saudavel Vaso 2,12.0,2.0,327.1,185.0,38.4,70.97,6129,13661,65,2310,18048,9977,1
54062,dia 12 - Soja Saudavel Vaso 2,12.0,2.0,327.36,185.0,38.4,70.96,6126,13658,65,2309,18014,9972,1
54063,dia 12 - Soja Saudavel Vaso 2,12.0,2.0,327.62,184.0,38.4,72.54,6113,13642,65,2309,18029,9882,1
54064,dia 12 - Soja Saudavel Vaso 2,12.0,2.0,327.87,181.0,38.4,77.3,6146,13688,65,2309,18109,9980,1
54065,dia 12 - Soja Saudavel Vaso 2,12.0,2.0,328.13,185.0,38.4,78.59,6160,13727,65,2310,18134,9955,1
54066,dia 12 - Soja Saudavel Vaso 2,12.0,2.0,328.38,183.0,38.4,79.9,6169,13737,66,2312,18116,9934,1
54067,dia 12 - Soja Saudavel Vaso 2,12.0,2.0,328.63,179.0,38.4,81.15,6172,13741,64,2309,18147,9891,1
54068,dia 12 - Soja Saudavel Vaso 2,12.0,2.0,328.94,191.0,38.4,82.59,6175,13744,66,2310,18143,9871,1
54069,dia 12 - Soja Saudavel Vaso 2,12.0,2.0,329.19,186.0,38.4,83.72,6174,13746,65,2312,18135,9936,1
54070,dia 12 - Soja Saudavel Vaso 2,12.0,2.0,329.44,180.0,38.4,84.77,6176,13742,64,2312,18125,9928,1
54071,dia 12 - Soja Saudavel Vaso 2,12.0,2.0,329.7,182.0,38.4,85.75,6177,13739,65,2312,18112,9823,1
54072,dia 12 - Soja Saudavel Vaso 2,12.0,2.0,330.16,180.0,38.4,87.4,6174,13731,64,2310,18082,9884,1
54073,dia 12 - Soja Saudavel Vaso 2,12.0,2.0,330.72,185.0,38.5,89.08,6174,13713,65,2309,18040,9814,1
54074,dia 12 - Soja Saudavel Vaso 2,12.0,2.0,331.15,183.0,38.5,90.15,6174,13697,65,2309,17993,9838,1
54075,dia 12 - Soja Saudavel Vaso 2,12.0,2.0,331.4,191.0,38.5,90.7,6173,13687,66,2309,17989,9820,1
54076,dia 12 - Soja Saudavel Vaso 2,12.0,2.0,331.65,185.0,38.5,91.2,6174,13679,66,2307,17955,9814,1
54077,dia 12 - Soja Saudavel Vaso 2,12.0,2.0,331.9,187.0,38.5,91.65,6171,13672,65,2307,17953,9795,1
54078,dia 12 - Soja Saudavel Vaso 2,12.0,2.0,332.21,184.0,38.5,92.12,6171,13660,65,2304,17928,9650,1
54079,dia 12 - Soja Saudavel Vaso 2,12.0,2.0,332.47,192.0,38.5,92.44,6168,13647,64,2304,17912,9749,1
54080,dia 12 - Soja Saudavel Vaso 2,12.0,2.0,332.72,189.0,38.5,92.73,6164,13640,65,2304,17893,9779,1
54081,dia 12 - Soja Saudavel Vaso 2,12.0,2.0,332.97,183.0,38.5,92.96,6165,13630,66,2305,17876,9755,1
54082,dia 12 - Soja Saudavel Vaso 2,12.0,2.0,333.25,186.0,38.5,93.16,6163,13622,66,2304,17857,9769,1
54083,dia 12 - Soja Saudavel Vaso 2,12.0,2.0,333.5,188.0,38.5,93.31,6165,13609,64,2304,17833,9701,1
54084,dia 12 - Soja Saudavel Vaso 2,12.0,2.0,333.75,183.0,38.5,93.43,6166,13606,65,2305,17826,9758,1
54085,dia 12 - Soja Saudavel Vaso 2,12.0,2.0,334.01,174.0,38.5,93.51,6168,13600,66,2306,17786,9647,1
54086,dia 12 - Soja Saudavel Vaso 2,12.0,2.0,334.27,192.0,38.5,93.57,6170,13593,65,2303,17798,9716,1
54087,dia 12 - Soja Saudavel Vaso 2,12.0,2.0,334.53,186.0,38.5,93.62,6172,13568,64,2304,17787,9770,1
54088,dia 12 - Soja Saudavel Vaso 2,12.0,2.0,334.78,184.0,38.5,93.64,6175,13584,64,2303,17777,9764,1
54089,dia 12 - Soja Saudavel Vaso 2,12.0,2.0,335.03,178.0,38.5,93.67,6178,13581,65,2302,17742,9569,1
54090,dia 12 - Soja Saudavel Vaso 2,12.0,2.0,335.28,189.0,38.5,93.67,6180,13579,64,2302,17760,9698,1
54091,dia 12 - Soja Saudavel Vaso 2,12.0,2.0,335.59,182.0,38.5,93.68,6183,13574,65,2305,17751,9743,1
54092,dia 12 - Soja Saudavel Vaso 2,12.0,2.0,335.84,184.0,38.5,93.69,6185,13571,64,2303,17744,9665,1
54093,dia 12 - Soja Saudavel Vaso 2,12.0,2.0,336.1,183.0,38.5,93.69,6185,13570,64,2301,17738,9751,1
54094,dia 12 - Soja Saudavel Vaso 2,12.0,2.0,336.36,193.0,38.6,93.69,6187,13570,66,2304,17736,9758,1
54095,dia 12 - Soja Saudavel Vaso 2,12.0,2.0,336.67,182.0,38.6,93.7,6188,13571,65,2300,17732,9723,1
54096,dia 12 - Soja Saudavel Vaso 2,12.0,2.0,336.92,186.0,38.6,93.7,6188,13570,65,2301,17730,9765,1
54097,dia 12 - Soja Saudavel Vaso 2,12.0,2.0,337.17,187.0,38.5,93.7,6189,13572,65,2302,17729,9648,1
54098,dia 12 - Soja Saudavel Vaso 2,12.0,2.0,337.42,183.0,38.6,93.7,6189,13574,64,2301,17731,9713,1
54099,dia 12 - Soja Saudavel Vaso 2,12.0,2.0,337.68,190.0,38.6,93.7,6190,13576,66,2299,17732,9797,1
54100,dia 12 - Soja Saudavel Vaso 2,12.0,2.0,337.93,189.0,38.6,93.7,6191,13580,65,2296,17736,9798,1
54101,dia 12 - Soja Saudavel Vaso 2,12.0,2.0,338.19,178.0,38.6,93.7,6191,13584,64,2298,17739,9791,1
54102,dia 12 - Soja Saudavel Vaso 2,12.0,2.0,338.44,182.0,38.6,93.7,6192,13586,64,2299,17742,9681,1
54103,dia 12 - Soja Saudavel Vaso 2,12.0,2.0,338.7,181.0,38.6,93.7,6193,13590,64,2298,17747,9778,1
54104,dia 12 - Soja Saudavel Vaso 2,12.0,2.0,338.98,183.0,38.6,93.7,6195,13594,65,2298,17752,9814,1
54105,dia 12 - Soja Saudavel Vaso 2,12.0,2.0,339.23,189.0,38.6,93.7,6195,13597,64,2295,17731,9816,1
54106,dia 12 - Soja Saudavel Vaso 2,12.0,2.0,339.49,188.0,38.6,93.7,6195,13602,65,2294,17760,9816,1
54107,dia 12 - Soja Saudavel Vaso 2,12.0,2.0,339.74,187.0,38.6,93.71,6195,13605,64,2296,17763,9799,1
54108,dia 12 - Soja Saudavel Vaso 2,12.0,2.0,340.05,185.0,38.6,93.7,6197,13609,66,2295,17757,9614,1
54109,dia 12 - Soja Saudavel Vaso 2,12.0,2.0,340.3,184.0,38.6,93.71,6199,13610,65,2296,17771,9640,1
54110,dia 12 - Soja Saudavel Vaso 2,12.0,2.0,340.55,182.0,38.6,93.7,6199,13614,64,2297,17774,9641,1
54111,dia 12 - Soja Saudavel Vaso 2,12.0,2.0,340.81,186.0,38.6,93.7,6201,13609,64,2297,17778,9673,1
54112,dia 12 - Soja Saudavel Vaso 2,12.0,2.0,341.12,188.0,38.6,93.71,6202,13617,65,2295,17780,9836,1
54113,dia 12 - Soja Saudavel Vaso 2,12.0,2.0,341.37,182.0,38.6,93.7,6204,13621,64,2296,17784,9826,1
54114,dia 12 - Soja Saudavel Vaso 2,12.0,2.0,341.63,185.0,38.6,93.7,6200,13625,64,2294,17786,9842,1
56489,dia 13 - Soja Saudavel Vaso 1,13.0,1.0,291.85,434.0,37.5,93.57,20344,7225,20343,8336,6467,20345,1
56490,dia 13 - Soja Saudavel Vaso 1,13.0,1.0,292.1,436.0,37.6,93.57,20345,7213,20345,8335,6457,20344,1
56491,dia 13 - Soja Saudavel Vaso 1,13.0,1.0,292.35,436.0,37.5,93.57,20318,7199,20340,8336,6457,20342,1
56492,dia 13 - Soja Saudavel Vaso 1,13.0,1.0,292.59,440.0,37.6,93.57,20340,7199,20336,8334,6457,20341,1
56493,dia 13 - Soja Saudavel Vaso 1,13.0,1.0,292.9,442.0,37.6,93.57,20341,7213,20339,8337,6457,20340,1
56494,dia 13 - Soja Saudavel Vaso 1,13.0,1.0,293.14,470.0,37.6,93.57,20343,7199,20343,8318,6437,20342,1
56495,dia 13 - Soja Saudavel Vaso 1,13.0,1.0,293.39,482.0,37.6,93.57,20342,7199,20341,8337,6448,20342,1
56496,dia 13 - Soja Saudavel Vaso 1,13.0,1.0,293.64,476.0,37.6,93.57,20339,7212,20339,8340,6457,20350,1
56497,dia 13 - Soja Saudavel Vaso 1,13.0,1.0,293.89,486.0,37.6,93.57,20337,7200,20337,8319,6458,20337,1
56498,dia 13 - Soja Saudavel Vaso 1,13.0,1.0,294.14,482.0,37.6,93.58,20337,7204,20338,8340,6425,20338,1
56499,dia 13 - Soja Saudavel Vaso 1,13.0,1.0,294.39,686.0,37.6,93.57,20336,7199,20336,8339,6457,20336,1
56500,dia 13 - Soja Saudavel Vaso 1,13.0,1.0,294.63,781.0,37.6,93.57,20344,7200,20343,8337,6457,20345,1
56501,dia 13 - Soja Saudavel Vaso 1,13.0,1.0,294.88,785.0,37.6,93.57,20345,7199,20344,8337,6487,20316,1
56502,dia 13 - Soja Saudavel Vaso 1,13.0,1.0,295.32,682.0,37.6,93.58,20344,7216,20314,8330,6435,20346,1
56503,dia 13 - Soja Saudavel Vaso 1,13.0,1.0,295.88,740.0,37.6,93.57,20341,7221,20341,8335,6468,20341,1
56504,dia 13 - Soja Saudavel Vaso 1,13.0,1.0,296.32,778.0,37.6,93.57,20340,7216,20340,8335,6457,20341,1
56505,dia 13 - Soja Saudavel Vaso 1,13.0,1.0,296.57,810.0,37.6,93.58,20341,7205,20339,8337,6457,20339,1
56506,dia 13 - Soja Saudavel Vaso 1,13.0,1.0,296.82,790.0,37.6,93.57,20339,7214,20339,8342,6457,20339,1
56507,dia 13 - Soja Saudavel Vaso 1,13.0,1.0,297.07,608.0,37.6,93.58,20341,7225,20310,8343,6468,20340,1
56508,dia 13 - Soja Saudavel Vaso 1,13.0,1.0,297.36,494.0,37.6,93.57,20310,7213,20338,8341,6458,20339,1
56509,dia 13 - Soja Saudavel Vaso 1,13.0,1.0,297.61,495.0,37.6,93.57,20340,7213,20339,8344,6468,20340,1
56510,dia 13 - Soja Saudavel Vaso 1,13.0,1.0,297.86,491.0,37.6,93.57,20340,7215,20340,8345,6437,20340,1
56511,dia 13 - Soja Saudavel Vaso 1,13.0,1.0,298.1,494.0,37.6,93.57,20340,7200,20334,8370,6468,20340,1
56512,dia 13 - Soja Saudavel Vaso 1,13.0,1.0,298.39,493.0,37.6,93.57,20306,7205,20336,8357,6458,20337,1
56513,dia 13 - Soja Saudavel Vaso 1,13.0,1.0,298.63,494.0,37.6,93.57,20336,7214,20336,8354,6457,20337,1
56514,dia 13 - Soja Saudavel Vaso 1,13.0,1.0,298.88,489.0,37.6,93.57,20338,7224,20339,8353,6447,20339,1
56515,dia 13 - Soja Saudavel Vaso 1,13.0,1.0,299.12,485.0,37.6,93.57,20340,7216,20339,8351,6458,20340,1
56516,dia 13 - Soja Saudavel Vaso 1,13.0,1.0,299.38,476.0,37.6,93.57,20340,7199,20340,8352,6476,20311,1
56517,dia 13 - Soja Saudavel Vaso 1,13.0,1.0,299.63,463.0,37.7,93.57,20342,7223,20342,8332,6457,20342,1
56518,dia 13 - Soja Saudavel Vaso 1,13.0,1.0,299.88,465.0,37.6,93.56,20309,7201,20310,8337,6456,20308,1
56519,dia 13 - Soja Saudavel Vaso 1,13.0,1.0,300.12,465.0,37.7,92.43,13937,6598,13862,13912,6373,17398,1
56520,dia 13 - Soja Saudavel Vaso 1,13.0,1.0,300.37,459.0,37.7,91.33,13780,6618,13638,14234,6454,17455,1
56521,dia 13 - Soja Saudavel Vaso 1,13.0,1.0,300.67,455.0,37.7,90.13,13460,6618,13714,13760,6376,17006,1
56522,dia 13 - Soja Saudavel Vaso 1,13.0,1.0,300.92,462.0,37.7,89.23,13579,6618,13741,13728,6368,17334,1
56523,dia 13 - Soja Saudavel Vaso 1,13.0,1.0,301.17,463.0,37.7,88.38,13443,6605,13650,13591,6356,17487,1
56524,dia 13 - Soja Saudavel Vaso 1,13.0,1.0,301.41,456.0,37.7,87.58,13390,6607,13505,13873,6364,17243,1
56525,dia 13 - Soja Saudavel Vaso 1,13.0,1.0,301.67,459.0,37.7,86.81,13538,6606,13684,13810,6346,17291,1
56526,dia 13 - Soja Saudavel Vaso 1,13.0,1.0,301.91,462.0,37.7,86.1,13407,6598,13601,13729,6354,17457,1
56527,dia 13 - Soja Saudavel Vaso 1,13.0,1.0,302.16,461.0,37.7,85.42,13399,6587,13596,13670,6350,17443,1
56528,dia 13 - Soja Saudavel Vaso 1,13.0,1.0,302.4,455.0,37.7,84.77,13415,6597,13506,13624,6356,17424,1
56529,dia 13 - Soja Saudavel Vaso 1,13.0,1.0,302.66,454.0,37.7,84.14,12030,6546,13434,13734,6365,17518,1
56530,dia 13 - Soja Saudavel Vaso 1,13.0,1.0,302.94,460.0,37.7,83.44,13366,6562,13270,13553,6334,17115,1
56531,dia 13 - Soja Saudavel Vaso 1,13.0,1.0,303.18,461.0,37.7,82.86,13322,6565,13307,13626,6320,17467,1
56532,dia 13 - Soja Saudavel Vaso 1,13.0,1.0,303.43,458.0,37.7,82.31,13185,6545,13354,13505,6327,17217,1
56533,dia 13 - Soja Saudavel Vaso 1,13.0,1.0,303.69,463.0,37.7,81.76,13450,6524,13531,13660,6320,17356,1
56534,dia 13 - Soja Saudavel Vaso 1,13.0,1.0,303.99,451.0,37.7,81.12,13286,6555,13249,13620,6322,17626,1
56535,dia 13 - Soja Saudavel Vaso 1,13.0,1.0,304.24,448.0,37.7,80.63,13298,6523,13277,13511,6307,17728,1
56536,dia 13 - Soja Saudavel Vaso 1,13.0,1.0,304.48,445.0,37.7,80.15,13148,6517,13304,13517,6305,17717,1
56537,dia 13 - Soja Saudavel Vaso 1,13.0,1.0,304.73,444.0,37.7,79.68,13056,6528,13209,13628,6304,17422,1
56538,dia 13 - Soja Saudavel Vaso 1,13.0,1.0,304.98,417.0,37.7,79.23,13737,6545,11963,11627,6330,17726,1
56539,dia 13 - Soja Saudavel Vaso 1,13.0,1.0,305.23,416.0,37.7,78.79,13260,6525,13371,13536,6320,17636,1
56540,dia 13 - Soja Saudavel Vaso 1,13.0,1.0,305.48,413.0,37.7,78.36,13174,6510,13314,13544,6300,17953,1
56541,dia 13 - Soja Saudavel Vaso 1,13.0,1.0,305.72,417.0,37.7,77.96,13036,6554,13271,13495,6319,17456,1
56542,dia 13 - Soja Saudavel Vaso 1,13.0,1.0,305.98,417.0,37.7,77.56,11842,6519,11780,13443,6353,16918,1
56543,dia 13 - Soja Saudavel Vaso 1,13.0,1.0,306.25,520.0,37.7,77.12,12908,6555,13122,13534,6317,17536,1
56544,dia 13 - Soja Saudavel Vaso 1,13.0,1.0,306.49,542.0,37.7,76.75,12996,6521,13267,13287,6302,17837,1
56545,dia 13 - Soja Saudavel Vaso 1,13.0,1.0,306.74,526.0,37.7,76.4,13250,6496,13098,13644,6309,18193,1
56546,dia 13 - Soja Saudavel Vaso 1,13.0,1.0,306.99,548.0,37.7,76.04,12990,6542,13241,13486,6304,17778,1
56547,dia 13 - Soja Saudavel Vaso 1,13.0,1.0,307.29,587.0,37.7,78.18,13133,6324,13272,13399,6285,18008,1
56548,dia 13 - Soja Saudavel Vaso 1,13.0,1.0,307.54,592.0,37.7,80.19,13067,6508,13274,13338,6297,17598,1
56549,dia 13 - Soja Saudavel Vaso 1,13.0,1.0,307.78,491.0,37.7,81.97,13368,6519,13281,13650,6323,18139,1
56550,dia 13 - Soja Saudavel Vaso 1,13.0,1.0,308.03,482.0,37.7,83.59,13214,6568,13381,13539,6321,17784,1
56551,dia 13 - Soja Saudavel Vaso 1,13.0,1.0,308.28,447.0,37.7,85.1,13304,6484,13718,11836,6285,17971,1
56552,dia 13 - Soja Saudavel Vaso 1,13.0,1.0,308.53,437.0,37.7,86.45,13303,6512,13292,13489,6290,17568,1
56553,dia 13 - Soja Saudavel Vaso 1,13.0,1.0,308.77,482.0,37.7,87.65,13370,6508,13525,13623,6291,17974,1
56554,dia 13 - Soja Saudavel Vaso 1,13.0,1.0,309.02,437.0,37.7,88.69,13306,6516,13325,13581,6288,17806,1
56555,dia 13 - Soja Saudavel Vaso 1,13.0,1.0,309.27,425.0,37.7,89.64,13063,6508,13268,13316,6311,17893,1
56556,dia 13 - Soja Saudavel Vaso 1,13.0,1.0,309.56,429.0,37.7,90.65,13337,6527,13413,13546,6292,17822,1
56557,dia 13 - Soja Saudavel Vaso 1,13.0,1.0,309.81,403.0,37.8,91.34,13244,6516,13356,13634,6292,17417,1
56558,dia 13 - Soja Saudavel Vaso 1,13.0,1.0,310.21,418.0,37.8,92.23,13135,6567,13344,13506,6299,17263,1
56559,dia 13 - Soja Saudavel Vaso 1,13.0,1.0,310.77,459.0,37.8,93.02,13432,6562,13375,13681,6306,17137,1
56560,dia 13 - Soja Saudavel Vaso 1,13.0,1.0,311.18,461.0,37.8,93.33,13319,6550,13516,13654,6307,17468,1
56561,dia 13 - Soja Saudavel Vaso 1,13.0,1.0,311.42,459.0,37.8,93.43,13354,6593,13613,13706,6318,17708,1
56562,dia 13 - Soja Saudavel Vaso 1,13.0,1.0,311.73,461.0,37.8,93.48,13402,6584,13383,13693,6306,17550,1
56563,dia 13 - Soja Saudavel Vaso 1,13.0,1.0,311.97,482.0,37.8,93.51,13371,6519,13442,13442,6317,17585,1
56564,dia 13 - Soja Saudavel Vaso 1,13.0,1.0,312.22,459.0,37.8,93.53,13242,6549,13305,13594,6305,17125,1
56565,dia 13 - Soja Saudavel Vaso 1,13.0,1.0,312.47,460.0,37.8,93.54,13485,6574,13355,13436,6315,17427,1
56566,dia 13 - Soja Saudavel Vaso 1,13.0,1.0,312.72,458.0,37.8,93.54,13443,6591,13845,11797,6306,17367,1
56567,dia 13 - Soja Saudavel Vaso 1,13.0,1.0,312.96,445.0,37.8,93.55,13338,6564,13435,13533,6310,17176,1
56568,dia 13 - Soja Saudavel Vaso 1,13.0,1.0,313.21,449.0,37.8,93.55,13182,6562,13378,13741,6321,17358,1
56569,dia 13 - Soja Saudavel Vaso 1,13.0,1.0,313.45,448.0,37.8,93.56,13289,6556,13203,13528,6304,16981,1
56570,dia 13 - Soja Saudavel Vaso 1,13.0,1.0,313.7,448.0,37.8,93.55,13269,6555,13468,13512,6352,16578,1
56571,dia 13 - Soja Saudavel Vaso 1,13.0,1.0,313.99,445.0,37.8,93.56,13215,6553,13431,13543,6307,16903,1
56572,dia 13 - Soja Saudavel Vaso 1,13.0,1.0,314.24,446.0,37.8,93.56,13231,6556,13308,13467,6304,16762,1
56573,dia 13 - Soja Saudavel Vaso 1,13.0,1.0,314.48,446.0,37.8,93.56,13330,6582,13261,13426,6326,17198,1
56574,dia 13 - Soja Saudavel Vaso 1,13.0,1.0,314.73,447.0,37.8,93.56,13359,6554,13353,13493,6324,16980,1
56575,dia 13 - Soja Saudavel Vaso 1,13.0,1.0,315.03,443.0,37.8,93.57,13195,6563,13425,13538,6307,17256,1
56576,dia 13 - Soja Saudavel Vaso 1,13.0,1.0,315.28,442.0,37.9,93.56,13276,6556,13277,13451,6321,16959,1
56577,dia 13 - Soja Saudavel Vaso 1,13.0,1.0,315.52,443.0,37.9,93.56,13366,6585,13339,13502,6336,17288,1
56578,dia 13 - Soja Saudavel Vaso 1,13.0,1.0,315.77,442.0,37.9,93.56,13348,6605,13307,13464,6350,17270,1
56579,dia 13 - Soja Saudavel Vaso 1,13.0,1.0,316.02,441.0,37.9,93.56,13229,6583,13394,13510,6327,17222,1
56580,dia 13 - Soja Saudavel Vaso 1,13.0,1.0,316.27,431.0,37.9,93.56,13168,6563,13214,13258,6325,17322,1
56581,dia 13 - Soja Saudavel Vaso 1,13.0,1.0,316.52,439.0,37.9,93.56,13261,6577,13109,13423,6332,16949,1
56582,dia 13 - Soja Saudavel Vaso 1,13.0,1.0,316.76,440.0,37.9,93.56,13140,6571,13335,13314,6334,17300,1
56583,dia 13 - Soja Saudavel Vaso 1,13.0,1.0,317.01,433.0,37.9,93.56,13204,6594,13225,13382,6342,16399,1
56584,dia 13 - Soja Saudavel Vaso 1,13.0,1.0,317.3,439.0,37.9,93.56,13207,6583,13351,13519,6334,17103,1
56585,dia 13 - Soja Saudavel Vaso 1,13.0,1.0,317.54,431.0,37.9,93.56,13266,6571,12994,13294,6310,17081,1
56586,dia 13 - Soja Saudavel Vaso 1,13.0,1.0,317.79,441.0,37.9,93.56,13151,6559,13269,13220,6313,16888,1
56587,dia 13 - Soja Saudavel Vaso 1,13.0,1.0,318.04,441.0,37.9,93.56,13211,6585,13318,13212,6333,16992,1
56588,dia 13 - Soja Saudavel Vaso 1,13.0,1.0,318.35,437.0,37.9,93.56,13174,6573,13177,13150,6317,17042,1
56589,dia 13 - Soja Saudavel Vaso 1,13.0,1.0,318.59,437.0,37.9,93.56,12939,6606,13122,13327,6342,17095,1
56590,dia 13 - Soja Saudavel Vaso 1,13.0,1.0,318.84,441.0,37.9,93.56,13179,6571,13289,13334,6332,17136,1
56591,dia 13 - Soja Saudavel Vaso 1,13.0,1.0,319.08,430.0,37.9,93.56,13064,6575,13018,13392,6317,16921,1
58677,dia 13 - Soja Saudavel Vaso 3,13.0,3.0,291.98,572.0,22.9,93.55,21380,11631,21380,7384,10968,21381,1
58678,dia 13 - Soja Saudavel Vaso 3,13.0,3.0,292.25,573.0,22.9,93.55,21380,11633,21380,7384,10976,21380,1
58679,dia 13 - Soja Saudavel Vaso 3,13.0,3.0,292.51,574.0,22.9,93.55,21379,11632,21379,7384,10961,21379,1
58680,dia 13 - Soja Saudavel Vaso 3,13.0,3.0,292.79,575.0,22.9,93.55,21378,11619,21378,7384,11096,21379,1
58681,dia 13 - Soja Saudavel Vaso 3,13.0,3.0,293.08,573.0,22.9,93.55,21375,11638,21374,7385,10998,21375,1
58682,dia 13 - Soja Saudavel Vaso 3,13.0,3.0,293.35,574.0,22.9,93.56,21334,11632,21370,7388,10993,21368,1
58683,dia 13 - Soja Saudavel Vaso 3,13.0,3.0,293.61,577.0,22.9,93.55,21377,11634,21377,7386,11006,21378,1
58684,dia 13 - Soja Saudavel Vaso 3,13.0,3.0,293.89,577.0,22.9,93.55,21375,11624,21376,7387,11053,21376,1
58685,dia 13 - Soja Saudavel Vaso 3,13.0,3.0,294.28,575.0,22.9,93.56,21377,11644,21377,7373,10993,21378,1
58686,dia 13 - Soja Saudavel Vaso 3,13.0,3.0,294.53,577.0,22.9,93.55,21378,11638,21378,7386,10993,21380,1
58687,dia 13 - Soja Saudavel Vaso 3,13.0,3.0,294.77,577.0,23.0,93.55,21378,11615,21378,7386,10971,21378,1
58688,dia 13 - Soja Saudavel Vaso 3,13.0,3.0,295.03,578.0,22.9,93.55,21373,11628,21372,7387,11104,21362,1
58689,dia 13 - Soja Saudavel Vaso 3,13.0,3.0,295.28,581.0,23.0,93.55,21354,11631,21355,7392,10969,21354,1
58690,dia 13 - Soja Saudavel Vaso 3,13.0,3.0,295.52,577.0,22.9,93.55,21352,11624,21338,7392,10976,21356,1
58691,dia 13 - Soja Saudavel Vaso 3,13.0,3.0,295.77,581.0,23.0,93.55,21356,11626,21355,7392,10974,21357,1
58692,dia 13 - Soja Saudavel Vaso 3,13.0,3.0,296.02,581.0,23.0,93.55,21358,11630,21325,7393,11002,21358,1
58693,dia 13 - Soja Saudavel Vaso 3,13.0,3.0,296.32,585.0,23.0,93.55,21363,11635,21331,7391,10981,21365,1
58694,dia 13 - Soja Saudavel Vaso 3,13.0,3.0,296.57,616.0,23.0,93.56,21367,11625,21366,7391,10975,21366,1
58695,dia 13 - Soja Saudavel Vaso 3,13.0,3.0,296.82,578.0,23.0,93.55,21367,11621,21366,7392,10979,21369,1
58696,dia 13 - Soja Saudavel Vaso 3,13.0,3.0,297.06,581.0,23.0,93.56,21366,11638,21357,7391,10982,21366,1
58697,dia 13 - Soja Saudavel Vaso 3,13.0,3.0,297.31,586.0,23.0,93.55,21367,11634,21365,7393,11000,21332,1
58698,dia 13 - Soja Saudavel Vaso 3,13.0,3.0,297.56,586.0,23.0,93.55,21364,11617,21364,7380,11017,21365,1
58699,dia 13 - Soja Saudavel Vaso 3,13.0,3.0,297.81,588.0,23.0,93.55,21364,11753,21364,7394,11166,21364,1
58700,dia 13 - Soja Saudavel Vaso 3,13.0,3.0,298.06,587.0,23.0,93.55,21329,11679,21363,7393,11110,21364,1
58701,dia 13 - Soja Saudavel Vaso 3,13.0,3.0,298.31,588.0,23.0,93.56,21363,11678,21363,7394,11243,21363,1
58702,dia 13 - Soja Saudavel Vaso 3,13.0,3.0,298.57,592.0,23.0,93.55,21360,11683,21331,7395,11070,21360,1
58703,dia 13 - Soja Saudavel Vaso 3,13.0,3.0,298.82,592.0,23.0,93.55,21360,11692,21361,7395,11102,21361,1
58704,dia 13 - Soja Saudavel Vaso 3,13.0,3.0,299.07,591.0,23.0,93.55,21360,11700,21360,7395,11099,21360,1
58705,dia 13 - Soja Saudavel Vaso 3,13.0,3.0,299.31,594.0,23.0,93.55,21360,11710,21360,7396,11111,21357,1
58706,dia 13 - Soja Saudavel Vaso 3,13.0,3.0,299.62,598.0,23.0,93.55,21362,11701,21363,7395,11098,21362,1
58707,dia 13 - Soja Saudavel Vaso 3,13.0,3.0,299.87,598.0,23.0,93.39,21327,11693,21327,7382,11089,21326,1
58708,dia 13 - Soja Saudavel Vaso 3,13.0,3.0,300.11,602.0,23.0,92.07,21317,11667,21284,7376,11131,21319,1
58709,dia 13 - Soja Saudavel Vaso 3,13.0,3.0,300.36,599.0,23.0,90.95,21315,11688,21316,7372,11080,21316,1
58710,dia 13 - Soja Saudavel Vaso 3,13.0,3.0,300.61,594.0,23.0,89.97,21315,11605,21316,7369,11172,21317,1
58711,dia 13 - Soja Saudavel Vaso 3,13.0,3.0,300.86,595.0,23.0,89.07,21315,11678,21316,7367,11072,21315,1
58712,dia 13 - Soja Saudavel Vaso 3,13.0,3.0,301.26,596.0,23.0,87.85,21317,11614,21317,7366,10993,21319,1
58713,dia 13 - Soja Saudavel Vaso 3,13.0,3.0,301.82,594.0,23.0,86.42,21325,11746,21325,7364,11157,21290,1
58714,dia 13 - Soja Saudavel Vaso 3,13.0,3.0,302.22,596.0,23.0,85.52,21361,11710,21360,7360,11067,21351,1
58715,dia 13 - Soja Saudavel Vaso 3,13.0,3.0,302.47,596.0,23.0,85.02,21327,11690,21295,7370,11116,21324,1
58716,dia 13 - Soja Saudavel Vaso 3,13.0,3.0,302.72,596.0,23.0,84.55,21345,11685,21336,7370,11111,21345,1
58717,dia 13 - Soja Saudavel Vaso 3,13.0,3.0,303.02,598.0,23.0,84.01,21350,11696,21349,7374,11120,21349,1
58718,dia 13 - Soja Saudavel Vaso 3,13.0,3.0,303.27,596.0,23.0,83.61,21357,11668,21357,7377,11088,21357,1
58719,dia 13 - Soja Saudavel Vaso 3,13.0,3.0,303.52,596.0,23.0,83.23,21337,11683,21337,7386,11071,21339,1
58720,dia 13 - Soja Saudavel Vaso 3,13.0,3.0,303.76,600.0,23.0,82.86,21370,11676,21370,7382,11094,21350,1
58721,dia 13 - Soja Saudavel Vaso 3,13.0,3.0,304.04,596.0,23.0,82.48,21383,11696,21382,7387,11083,21384,1
58722,dia 13 - Soja Saudavel Vaso 3,13.0,3.0,304.28,597.0,23.0,82.15,21362,11689,21363,7396,11075,21367,1
58723,dia 13 - Soja Saudavel Vaso 3,13.0,3.0,304.53,603.0,23.0,81.86,21401,11687,21401,7391,11069,21404,1
58724,dia 13 - Soja Saudavel Vaso 3,13.0,3.0,304.78,600.0,23.0,81.57,21415,11681,21415,7398,11065,21417,1
58725,dia 13 - Soja Saudavel Vaso 3,13.0,3.0,305.04,598.0,23.0,81.29,21426,11684,21391,7403,11175,21428,1
58726,dia 13 - Soja Saudavel Vaso 3,13.0,3.0,305.28,599.0,23.0,81.02,21436,11705,21436,7408,11121,21437,1
58727,dia 13 - Soja Saudavel Vaso 3,13.0,3.0,305.53,602.0,23.0,80.77,21446,11690,21450,7412,11104,21452,1
58728,dia 13 - Soja Saudavel Vaso 3,13.0,3.0,305.77,600.0,23.0,80.54,21468,11706,21466,7416,11129,21469,1
58729,dia 13 - Soja Saudavel Vaso 3,13.0,3.0,306.02,600.0,23.0,80.32,21477,11719,21483,7421,11118,21453,1
58730,dia 13 - Soja Saudavel Vaso 3,13.0,3.0,306.33,607.0,23.0,80.06,21498,11732,21497,7425,11157,21470,1
58731,dia 13 - Soja Saudavel Vaso 3,13.0,3.0,306.57,606.0,23.0,79.86,21514,11740,21512,7418,11163,21516,1
58732,dia 13 - Soja Saudavel Vaso 3,13.0,3.0,306.82,609.0,23.2,79.67,21527,11723,21527,7433,11121,21529,1
58733,dia 13 - Soja Saudavel Vaso 3,13.0,3.0,307.07,607.0,23.2,79.49,21512,11732,21543,7436,11138,21547,1
58734,dia 13 - Soja Saudavel Vaso 3,13.0,3.0,307.32,608.0,23.2,79.32,21559,11740,21557,7439,11168,21561,1
58735,dia 13 - Soja Saudavel Vaso 3,13.0,3.0,307.57,607.0,23.0,79.15,21575,11730,21574,7445,11130,21578,1
58736,dia 13 - Soja Saudavel Vaso 3,13.0,3.0,307.81,608.0,23.2,79.0,21637,11752,21644,7435,11173,21646,1
58737,dia 13 - Soja Saudavel Vaso 3,13.0,3.0,308.06,610.0,23.2,78.85,21620,11747,21620,7448,11165,21625,1
58738,dia 13 - Soja Saudavel Vaso 3,13.0,3.0,308.32,611.0,23.2,78.71,21625,11741,21592,7456,11256,21613,1
58739,dia 13 - Soja Saudavel Vaso 3,13.0,3.0,308.58,614.0,23.2,78.56,21625,11754,21625,7468,11166,21592,1
58740,dia 13 - Soja Saudavel Vaso 3,13.0,3.0,308.83,613.0,23.2,78.43,21642,11754,21641,7458,11175,21644,1
58741,dia 13 - Soja Saudavel Vaso 3,13.0,3.0,309.07,608.0,23.2,78.32,21650,11751,21649,7475,11124,21652,1
58742,dia 13 - Soja Saudavel Vaso 3,13.0,3.0,309.32,611.0,23.2,78.2,21647,11754,21669,7477,11128,21674,1
58743,dia 13 - Soja Saudavel Vaso 3,13.0,3.0,309.62,615.0,23.2,78.06,21692,11758,21697,7479,11149,21700,1
58744,dia 13 - Soja Saudavel Vaso 3,13.0,3.0,309.87,611.0,23.2,77.96,21710,11760,21708,7483,11148,21706,1
58745,dia 13 - Soja Saudavel Vaso 3,13.0,3.0,310.12,613.0,23.2,77.86,21714,11761,21713,7487,11112,21681,1
58746,dia 13 - Soja Saudavel Vaso 3,13.0,3.0,310.37,617.0,23.2,77.76,21698,11735,21706,7482,11128,21716,1
58747,dia 13 - Soja Saudavel Vaso 3,13.0,3.0,310.61,616.0,23.2,77.67,21722,11756,21722,7498,11171,21721,1
58748,dia 13 - Soja Saudavel Vaso 3,13.0,3.0,310.86,619.0,23.2,77.59,21718,11781,21725,7501,11183,21733,1
58749,dia 13 - Soja Saudavel Vaso 3,13.0,3.0,311.11,611.0,23.2,77.5,21740,11797,21739,7504,11211,21740,1
58750,dia 13 - Soja Saudavel Vaso 3,13.0,3.0,311.35,612.0,23.2,77.42,21748,11801,21747,7508,11147,21748,1
58751,dia 13 - Soja Saudavel Vaso 3,13.0,3.0,311.62,611.0,23.2,77.35,21754,11771,21752,7516,11279,21755,1
58752,dia 13 - Soja Saudavel Vaso 3,13.0,3.0,311.89,610.0,23.2,77.26,21761,11800,21749,7515,11192,21766,1
58753,dia 13 - Soja Saudavel Vaso 3,13.0,3.0,312.14,617.0,23.2,77.19,21776,11804,21777,7517,11200,21779,1
58754,dia 13 - Soja Saudavel Vaso 3,13.0,3.0,312.38,616.0,23.3,77.13,21785,11775,21785,7519,11141,21786,1
58755,dia 13 - Soja Saudavel Vaso 3,13.0,3.0,312.63,623.0,23.3,77.07,21791,11802,21792,7523,11208,21792,1
58756,dia 13 - Soja Saudavel Vaso 3,13.0,3.0,312.93,625.0,23.3,77.0,21783,11834,21783,7533,11228,21786,1
58757,dia 13 - Soja Saudavel Vaso 3,13.0,3.0,313.18,632.0,23.2,76.94,21804,11826,21804,7532,11232,21805,1
58758,dia 13 - Soja Saudavel Vaso 3,13.0,3.0,313.43,628.0,23.2,76.88,21814,11815,21779,7534,11198,21814,1
58759,dia 13 - Soja Saudavel Vaso 3,13.0,3.0,313.68,628.0,23.3,76.83,21819,11809,21820,7537,11186,21823,1
58760,dia 13 - Soja Saudavel Vaso 3,13.0,3.0,313.92,627.0,23.3,77.73,21764,11769,21763,7522,11150,21767,1
58761,dia 13 - Soja Saudavel Vaso 3,13.0,3.0,314.17,626.0,23.3,79.49,21789,11772,21776,7563,11130,21795,1
58762,dia 13 - Soja Saudavel Vaso 3,13.0,3.0,314.42,636.0,23.3,80.98,21819,11771,21818,7598,11137,21785,1
58763,dia 13 - Soja Saudavel Vaso 3,13.0,3.0,314.66,630.0,23.3,82.35,21802,11771,21803,7605,11143,21799,1
58764,dia 13 - Soja Saudavel Vaso 3,13.0,3.0,314.91,634.0,23.3,83.64,21768,11753,21769,7630,11221,21765,1
58765,dia 13 - Soja Saudavel Vaso 3,13.0,3.0,315.2,654.0,23.3,85.07,21731,11732,21731,7637,11076,21728,1
58766,dia 13 - Soja Saudavel Vaso 3,13.0,3.0,315.6,668.0,23.3,86.82,21683,11706,21684,7631,11075,21680,1
58767,dia 13 - Soja Saudavel Vaso 3,13.0,3.0,316.16,1034.0,23.3,88.85,21594,11745,21595,7609,11075,21580,1
58768,dia 13 - Soja Saudavel Vaso 3,13.0,3.0,316.57,569.0,23.3,90.05,21524,11681,21525,7586,11048,21466,1
58769,dia 13 - Soja Saudavel Vaso 3,13.0,3.0,316.81,1065.0,23.3,90.68,21476,11678,21476,7566,11049,21473,1
58770,dia 13 - Soja Saudavel Vaso 3,13.0,3.0,317.06,952.0,23.3,91.24,21442,11663,21448,7566,11039,21444,1
58771,dia 13 - Soja Saudavel Vaso 3,13.0,3.0,317.37,969.0,23.3,91.83,21409,11657,21409,7554,11029,21406,1
58772,dia 13 - Soja Saudavel Vaso 3,13.0,3.0,317.61,895.0,23.3,92.23,21384,11637,21387,7542,11011,21386,1
58773,dia 13 - Soja Saudavel Vaso 3,13.0,3.0,317.86,973.0,23.4,92.58,21367,11650,21368,7533,11018,21367,1
58774,dia 13 - Soja Saudavel Vaso 3,13.0,3.0,318.11,981.0,23.4,92.84,21348,11637,21348,7527,11041,21314,1
58775,dia 13 - Soja Saudavel Vaso 3,13.0,3.0,318.36,888.0,23.4,93.05,21347,11633,21350,7515,11005,21348,1
58776,dia 13 - Soja Saudavel Vaso 3,13.0,3.0,318.6,979.0,23.4,93.2,21337,11627,21338,7507,11018,21336,1
58777,dia 13 - Soja Saudavel Vaso 3,13.0,3.0,318.85,1005.0,23.4,93.31,21298,11622,21406,7499,10987,21319,1
58778,dia 13 - Soja Saudavel Vaso 3,13.0,3.0,319.09,997.0,23.4,93.38,21312,11611,21312,7492,10987,21311,1
58779,dia 13 - Soja Saudavel Vaso 3,13.0,3.0,319.35,986.0,23.4,93.44,21309,11611,21309,7489,11021,21311,1
58780,dia 13 - Soja Saudavel Vaso 3,13.0,3.0,319.62,916.0,23.4,93.48,21282,11617,21282,7486,10991,21304,1
58781,dia 13 - Soja Saudavel Vaso 3,13.0,3.0,319.87,978.0,23.4,93.5,21265,11608,21270,7477,10976,21317,1
58782,dia 13 - Soja Saudavel Vaso 3,13.0,3.0,320.12,942.0,23.4,93.51,21303,11604,21318,7466,10963,21276,1
58783,dia 13 - Soja Saudavel Vaso 3,13.0,3.0,320.36,955.0,23.4,93.53,21236,11596,21235,7474,10948,21243,1
58784,dia 13 - Soja Saudavel Vaso 3,13.0,3.0,320.67,961.0,23.4,93.53,21231,11590,21230,7466,10953,21195,1
58785,dia 13 - Soja Saudavel Vaso 3,13.0,3.0,320.91,960.0,23.4,93.54,21222,11580,21222,7445,10950,21223,1
58786,dia 13 - Soja Saudavel Vaso 3,13.0,3.0,321.16,967.0,23.4,93.54,21194,11579,21195,7441,10947,21195,1
58787,dia 13 - Soja Saudavel Vaso 3,13.0,3.0,321.41,494.0,23.4,93.54,21157,11593,21191,7435,10952,21193,1
58788,dia 13 - Soja Saudavel Vaso 3,13.0,3.0,321.66,681.0,23.5,93.54,21195,11584,21192,7430,10957,21195,1
58789,dia 13 - Soja Saudavel Vaso 3,13.0,3.0,321.9,711.0,23.4,93.54,21193,11596,21193,7426,10953,21192,1
58790,dia 13 - Soja Saudavel Vaso 3,13.0,3.0,322.15,707.0,23.5,93.55,21185,11596,21185,7420,10961,21184,1
58791,dia 13 - Soja Saudavel Vaso 3,13.0,3.0,322.4,822.0,23.5,93.54,21184,11611,21182,7418,10982,21182,1
58792,dia 13 - Soja Saudavel Vaso 3,13.0,3.0,322.65,709.0,23.5,93.55,21202,11614,21274,7373,11020,21192,1
58793,dia 13 - Soja Saudavel Vaso 3,13.0,3.0,322.94,719.0,23.5,93.55,21165,11621,21196,7411,10989,21196,1
58794,dia 13 - Soja Saudavel Vaso 3,13.0,3.0,323.19,696.0,23.5,93.55,21194,11622,21195,7411,10991,21194,1
58795,dia 13 - Soja Saudavel Vaso 3,13.0,3.0,323.44,705.0,23.5,93.54,21194,11629,21194,7411,10986,21195,1
58796,dia 13 - Soja Saudavel Vaso 3,13.0,3.0,323.68,703.0,23.5,93.55,21279,11633,21203,7411,10995,21380,1
58797,dia 13 - Soja Saudavel Vaso 3,13.0,3.0,323.99,704.0,23.5,93.55,21207,11646,21206,7408,11011,21207,1
58798,dia 13 - Soja Saudavel Vaso 3,13.0,3.0,324.24,701.0,23.5,93.55,21204,11638,21205,7408,11010,21204,1
58799,dia 13 - Soja Saudavel Vaso 3,13.0,3.0,324.49,700.0,23.5,93.54,21216,11640,21182,7405,11017,21215,1
58800,dia 13 - Soja Saudavel Vaso 3,13.0,3.0,324.74,700.0,23.5,93.54,21404,11644,21400,7363,11035,21212,1
58801,dia 13 - Soja Saudavel Vaso 3,13.0,3.0,324.98,697.0,23.5,93.54,21238,11631,21237,7401,11010,21237,1
58802,dia 13 - Soja Saudavel Vaso 3,13.0,3.0,325.23,711.0,23.5,93.55,21223,11649,21222,7405,11023,21226,1
58803,dia 13 - Soja Saudavel Vaso 3,13.0,3.0,325.47,702.0,23.5,93.55,21233,11637,21233,7403,10997,21198,1
58804,dia 13 - Soja Saudavel Vaso 3,13.0,3.0,325.72,704.0,23.5,93.55,21245,11637,21245,7387,11010,21246,1
58805,dia 13 - Soja Saudavel Vaso 3,13.0,3.0,325.97,715.0,23.5,93.55,21241,11635,21241,7400,11061,21384,1
58806,dia 13 - Soja Saudavel Vaso 3,13.0,3.0,326.25,712.0,23.5,93.55,21200,11636,21201,7410,11001,21199,1
58807,dia 13 - Soja Saudavel Vaso 3,13.0,3.0,326.5,714.0,23.5,93.54,21206,11624,21206,7407,10985,21175,1
60297,dia 13 - Soja Saudavel Vaso 3,13.0,3.0,726.28,398.0,28.8,93.55,21210,11065,21211,7820,10455,21213,1
60298,dia 13 - Soja Saudavel Vaso 3,13.0,3.0,726.52,401.0,28.8,93.55,21214,11051,21215,7829,10458,21250,1
60299,dia 13 - Soja Saudavel Vaso 3,13.0,3.0,726.78,417.0,28.8,93.55,21208,11024,21209,7831,10518,21205,1
60300,dia 13 - Soja Saudavel Vaso 3,13.0,3.0,727.02,777.0,28.8,93.55,21208,11042,21187,7830,10456,21209,1
60301,dia 13 - Soja Saudavel Vaso 3,13.0,3.0,727.27,799.0,28.9,93.55,21202,11044,21202,7833,10474,21203,1
60302,dia 13 - Soja Saudavel Vaso 3,13.0,3.0,727.52,965.0,28.8,93.54,21208,11020,21208,7830,10451,21209,1
60303,dia 13 - Soja Saudavel Vaso 3,13.0,3.0,727.76,997.0,28.9,93.54,21213,11040,21210,7827,10477,21214,1
60304,dia 13 - Soja Saudavel Vaso 3,13.0,3.0,728.07,1011.0,28.8,93.54,21209,11048,21211,7830,10456,21211,1
60305,dia 13 - Soja Saudavel Vaso 3,13.0,3.0,728.31,1016.0,28.9,93.54,21209,11037,21209,7830,10470,21210,1
60306,dia 13 - Soja Saudavel Vaso 3,13.0,3.0,728.56,1017.0,28.9,93.55,21212,11040,21180,7829,10477,21212,1
60307,dia 13 - Soja Saudavel Vaso 3,13.0,3.0,728.8,1001.0,28.9,93.55,21229,11042,21230,7825,10458,21231,1
60308,dia 13 - Soja Saudavel Vaso 3,13.0,3.0,729.09,1002.0,28.9,93.55,21207,11045,21208,7831,10457,21208,1
60309,dia 13 - Soja Saudavel Vaso 3,13.0,3.0,729.33,1009.0,28.9,93.55,21205,11038,21205,7830,10449,21204,1
60310,dia 13 - Soja Saudavel Vaso 3,13.0,3.0,729.58,1006.0,28.9,93.55,21207,11041,21171,7830,10452,21206,1
60311,dia 13 - Soja Saudavel Vaso 3,13.0,3.0,729.82,1001.0,28.9,93.55,21209,11044,21208,7830,10480,21208,1
60312,dia 13 - Soja Saudavel Vaso 3,13.0,3.0,730.08,1007.0,28.9,93.55,21179,11030,21178,7838,10536,21178,1
60313,dia 13 - Soja Saudavel Vaso 3,13.0,3.0,730.32,1009.0,28.9,93.55,21176,11044,21177,7838,10455,21176,1
60314,dia 13 - Soja Saudavel Vaso 3,13.0,3.0,730.57,1015.0,28.9,93.54,21176,11042,21176,7840,10453,21142,1
60315,dia 13 - Soja Saudavel Vaso 3,13.0,3.0,730.82,1013.0,28.9,93.55,21199,11042,21199,7821,10458,21199,1
60316,dia 13 - Soja Saudavel Vaso 3,13.0,3.0,731.07,1011.0,28.9,93.55,21200,11033,21201,7834,10471,21200,1
60317,dia 13 - Soja Saudavel Vaso 3,13.0,3.0,731.37,1008.0,28.9,93.55,21199,11051,21199,7834,10469,21200,1
60318,dia 13 - Soja Saudavel Vaso 3,13.0,3.0,731.61,1015.0,28.9,93.55,21200,11030,21200,7834,10492,21200,1
60319,dia 13 - Soja Saudavel Vaso 3,13.0,3.0,731.86,1022.0,28.9,93.55,21199,11042,21199,7834,10460,21199,1
60320,dia 13 - Soja Saudavel Vaso 3,13.0,3.0,732.11,1019.0,28.9,93.55,21200,11044,21200,7834,10472,21170,1
60321,dia 13 - Soja Saudavel Vaso 3,13.0,3.0,732.4,1022.0,28.9,93.55,21199,11049,21199,7838,10485,21200,1
60322,dia 13 - Soja Saudavel Vaso 3,13.0,3.0,732.65,1022.0,28.9,93.55,21164,11045,21198,7838,10475,21199,1
60323,dia 13 - Soja Saudavel Vaso 3,13.0,3.0,732.89,1029.0,28.9,93.55,21197,11038,21197,7838,10464,21198,1
60324,dia 13 - Soja Saudavel Vaso 3,13.0,3.0,733.14,1007.0,28.9,93.55,21195,11043,21195,7839,10453,21197,1
60325,dia 13 - Soja Saudavel Vaso 3,13.0,3.0,733.39,272.0,28.9,93.55,21176,11043,21176,7845,10468,21172,1
60326,dia 13 - Soja Saudavel Vaso 3,13.0,3.0,733.63,763.0,28.9,93.55,21169,11040,21169,7847,10477,21169,1
60327,dia 13 - Soja Saudavel Vaso 3,13.0,3.0,733.88,812.0,28.9,93.37,21091,10989,21058,7799,10419,21089,1
60328,dia 13 - Soja Saudavel Vaso 3,13.0,3.0,734.13,942.0,28.9,92.59,21086,10984,21086,7792,10415,21087,1
60329,dia 13 - Soja Saudavel Vaso 3,13.0,3.0,734.37,943.0,28.9,92.17,21084,10983,21086,7788,10422,21088,1
60330,dia 13 - Soja Saudavel Vaso 3,13.0,3.0,734.67,444.0,28.9,91.86,21087,10976,21088,7786,10425,21083,1
60331,dia 13 - Soja Saudavel Vaso 3,13.0,3.0,734.91,578.0,28.9,91.7,21083,10960,21084,7769,10385,21083,1
60332,dia 13 - Soja Saudavel Vaso 3,13.0,3.0,735.16,828.0,28.9,91.59,21069,10946,21068,7775,10413,21067,1
60333,dia 13 - Soja Saudavel Vaso 3,13.0,3.0,735.41,418.0,28.9,91.52,21043,10935,21079,7764,10390,21078,1
60334,dia 13 - Soja Saudavel Vaso 3,13.0,3.0,735.69,399.0,28.9,91.46,21075,10926,21075,7755,10365,21066,1
60335,dia 13 - Soja Saudavel Vaso 3,13.0,3.0,735.94,396.0,28.9,91.4,21065,10918,21064,7748,10359,21065,1
60336,dia 13 - Soja Saudavel Vaso 3,13.0,3.0,736.19,385.0,28.9,91.38,21054,10916,21055,7739,10346,21054,1
60337,dia 13 - Soja Saudavel Vaso 3,13.0,3.0,736.43,384.0,28.9,91.36,21014,10904,21047,7731,10362,21046,1
60338,dia 13 - Soja Saudavel Vaso 3,13.0,3.0,736.69,379.0,28.9,91.34,21038,10882,21038,7719,10396,21038,1
60339,dia 13 - Soja Saudavel Vaso 3,13.0,3.0,736.93,383.0,28.9,91.33,21025,10870,21025,7708,10339,21024,1
60340,dia 13 - Soja Saudavel Vaso 3,13.0,3.0,737.18,378.0,28.9,91.32,20988,10867,20988,7704,10299,20987,1
60341,dia 13 - Soja Saudavel Vaso 3,13.0,3.0,737.42,374.0,28.9,91.31,20994,10844,20995,7689,10313,20993,1
60342,dia 13 - Soja Saudavel Vaso 3,13.0,3.0,737.67,375.0,28.9,91.3,20971,10826,20946,7682,10294,20968,1
60343,dia 13 - Soja Saudavel Vaso 3,13.0,3.0,737.98,367.0,28.9,91.29,20947,10812,20913,7672,10262,20944,1
60344,dia 13 - Soja Saudavel Vaso 3,13.0,3.0,738.22,370.0,28.9,91.29,20925,10805,20925,7664,10248,20922,1
60345,dia 13 - Soja Saudavel Vaso 3,13.0,3.0,738.47,374.0,28.9,91.28,20904,10773,20905,7658,10270,20902,1
60346,dia 13 - Soja Saudavel Vaso 3,13.0,3.0,738.71,373.0,28.9,91.28,20884,10784,20885,7650,10237,20882,1
60347,dia 13 - Soja Saudavel Vaso 3,13.0,3.0,738.97,368.0,28.9,91.28,20902,10749,20904,7641,10287,20868,1
60348,dia 13 - Soja Saudavel Vaso 3,13.0,3.0,739.21,366.0,28.9,91.28,20878,10757,20879,7610,10212,20875,1
60349,dia 13 - Soja Saudavel Vaso 3,13.0,3.0,739.62,373.0,28.9,91.27,20839,10731,20808,7610,10189,20836,1
60350,dia 13 - Soja Saudavel Vaso 3,13.0,3.0,740.17,212.0,28.9,91.28,20793,10708,20794,7594,10165,20791,1
60351,dia 13 - Soja Saudavel Vaso 3,13.0,3.0,740.58,211.0,28.9,91.28,20761,10676,20762,7585,10126,20760,1
60352,dia 13 - Soja Saudavel Vaso 3,13.0,3.0,740.82,218.0,28.9,91.27,20744,10648,20745,7579,10113,20743,1
60353,dia 13 - Soja Saudavel Vaso 3,13.0,3.0,741.07,225.0,28.9,91.28,20709,10623,20710,7576,10095,20709,1
60354,dia 13 - Soja Saudavel Vaso 3,13.0,3.0,741.37,226.0,28.9,91.28,20693,10604,20693,7562,10060,20692,1
60355,dia 13 - Soja Saudavel Vaso 3,13.0,3.0,741.61,228.0,28.9,91.27,20692,10590,20692,7556,10071,20691,1
60356,dia 13 - Soja Saudavel Vaso 3,13.0,3.0,741.86,223.0,28.9,91.28,20657,10569,20690,7543,10043,20693,1
60357,dia 13 - Soja Saudavel Vaso 3,13.0,3.0,742.11,258.0,28.9,91.28,20680,10554,20680,7536,10041,20677,1
60358,dia 13 - Soja Saudavel Vaso 3,13.0,3.0,742.39,244.0,28.9,91.28,20648,10530,20648,7528,10021,20646,1
60359,dia 13 - Soja Saudavel Vaso 3,13.0,3.0,742.64,245.0,28.9,91.29,20625,10503,20626,7516,9978,20622,1
60360,dia 13 - Soja Saudavel Vaso 3,13.0,3.0,742.88,238.0,28.9,91.29,20570,10496,20605,7507,9970,20604,1
60361,dia 13 - Soja Saudavel Vaso 3,13.0,3.0,743.13,258.0,28.9,91.29,20582,10475,20583,7498,9973,20573,1
60362,dia 13 - Soja Saudavel Vaso 3,13.0,3.0,743.39,314.0,28.9,91.28,20552,10429,20553,7491,10009,20550,1
60537,dia 13 - Soja Saudavel Vaso 4,13.0,4.0,111.75,670.0,28.9,93.55,20472,8212,20508,7882,7433,20505,1
60538,dia 13 - Soja Saudavel Vaso 4,13.0,4.0,112.05,653.0,28.9,93.56,20472,8222,20504,7882,7430,20505,1
60539,dia 13 - Soja Saudavel Vaso 4,13.0,4.0,112.3,652.0,28.9,93.55,20504,8222,20502,7882,7440,20504,1
60540,dia 13 - Soja Saudavel Vaso 4,13.0,4.0,112.54,685.0,28.9,93.55,20505,8218,20506,7881,7444,20471,1
60541,dia 13 - Soja Saudavel Vaso 4,13.0,4.0,112.79,653.0,28.9,93.55,20505,8214,20506,7869,7431,20505,1
60542,dia 13 - Soja Saudavel Vaso 4,13.0,4.0,113.03,651.0,28.9,93.56,20506,8215,20505,7881,7419,20505,1
60543,dia 13 - Soja Saudavel Vaso 4,13.0,4.0,113.28,654.0,28.9,93.56,20474,8222,20506,7881,7432,20506,1
60544,dia 13 - Soja Saudavel Vaso 4,13.0,4.0,113.52,654.0,28.9,93.56,20507,8229,20506,7881,7441,20506,1
60545,dia 13 - Soja Saudavel Vaso 4,13.0,4.0,113.77,654.0,28.9,93.56,20507,8230,20507,7880,7440,20477,1
60546,dia 13 - Soja Saudavel Vaso 4,13.0,4.0,114.02,654.0,28.9,93.56,20507,8227,20509,7868,7449,20509,1
60547,dia 13 - Soja Saudavel Vaso 4,13.0,4.0,114.31,659.0,29.0,93.55,20482,8236,20507,7880,7456,20508,1
60548,dia 13 - Soja Saudavel Vaso 4,13.0,4.0,114.55,661.0,29.0,93.55,20507,8234,20507,7881,7442,20509,1
60549,dia 13 - Soja Saudavel Vaso 4,13.0,4.0,114.8,658.0,29.0,93.56,20507,8228,20507,7880,7435,20506,1
60550,dia 13 - Soja Saudavel Vaso 4,13.0,4.0,115.04,659.0,29.0,93.55,20508,8225,20508,7876,7467,20503,1
60551,dia 13 - Soja Saudavel Vaso 4,13.0,4.0,115.33,660.0,29.0,93.55,20504,8231,20506,7882,7455,20507,1
60552,dia 13 - Soja Saudavel Vaso 4,13.0,4.0,115.57,897.0,29.0,93.56,20507,8243,20507,7886,7446,20506,1
60553,dia 13 - Soja Saudavel Vaso 4,13.0,4.0,115.82,719.0,29.0,93.55,20506,8239,20506,7885,7487,20477,1
60554,dia 13 - Soja Saudavel Vaso 4,13.0,4.0,116.06,665.0,29.0,93.56,20481,8239,20505,7885,7467,20506,1
60555,dia 13 - Soja Saudavel Vaso 4,13.0,4.0,116.31,666.0,29.0,93.56,20507,8235,20506,7884,7587,20509,1
60556,dia 13 - Soja Saudavel Vaso 4,13.0,4.0,116.58,863.0,29.0,93.55,20509,8255,20507,7880,7483,20508,1
60557,dia 13 - Soja Saudavel Vaso 4,13.0,4.0,116.83,664.0,29.0,93.56,20507,8240,20508,7884,7461,20509,1
60558,dia 13 - Soja Saudavel Vaso 4,13.0,4.0,117.07,656.0,29.0,93.56,20510,8232,20510,7887,7468,20510,1
60559,dia 13 - Soja Saudavel Vaso 4,13.0,4.0,117.32,652.0,29.0,93.56,20509,8251,20509,7886,7500,20498,1
60560,dia 13 - Soja Saudavel Vaso 4,13.0,4.0,117.72,654.0,29.0,93.56,20509,8260,20510,7887,7476,20510,1
60561,dia 13 - Soja Saudavel Vaso 4,13.0,4.0,118.27,658.0,29.0,93.56,20509,8271,20509,7887,7504,20510,1
60562,dia 13 - Soja Saudavel Vaso 4,13.0,4.0,118.68,658.0,29.0,93.56,20511,8263,20510,7888,7542,20511,1
60563,dia 13 - Soja Saudavel Vaso 4,13.0,4.0,118.94,660.0,29.0,93.56,20511,8248,20511,7889,7475,20510,1
60564,dia 13 - Soja Saudavel Vaso 4,13.0,4.0,119.18,660.0,29.0,93.56,20509,8249,20512,7887,7470,20510,1
60565,dia 13 - Soja Saudavel Vaso 4,13.0,4.0,119.42,829.0,29.0,93.56,20477,8246,20511,7888,7462,20510,1
60566,dia 13 - Soja Saudavel Vaso 4,13.0,4.0,119.67,662.0,29.0,93.56,20508,8242,20509,7885,7494,20509,1
60567,dia 13 - Soja Saudavel Vaso 4,13.0,4.0,119.93,650.0,29.0,93.23,20473,8245,20472,7873,7468,20473,1
60568,dia 13 - Soja Saudavel Vaso 4,13.0,4.0,120.17,644.0,29.0,91.93,20462,8245,20461,7865,7470,20460,1
60569,dia 13 - Soja Saudavel Vaso 4,13.0,4.0,120.42,657.0,29.0,90.83,20457,8245,20455,7859,7467,20456,1
60570,dia 13 - Soja Saudavel Vaso 4,13.0,4.0,120.66,655.0,29.0,89.89,20455,8235,20423,7855,7548,20454,1
60571,dia 13 - Soja Saudavel Vaso 4,13.0,4.0,120.91,655.0,29.0,89.03,20534,8287,20460,7853,7582,20544,1
60572,dia 13 - Soja Saudavel Vaso 4,13.0,4.0,121.17,792.0,29.0,88.19,20500,8273,20473,7827,7560,20501,1
60573,dia 13 - Soja Saudavel Vaso 4,13.0,4.0,121.42,662.0,29.0,87.48,20501,8262,20501,7825,7568,20503,1
60574,dia 13 - Soja Saudavel Vaso 4,13.0,4.0,121.67,641.0,29.0,86.82,20504,8257,20506,7822,7562,20507,1
60575,dia 13 - Soja Saudavel Vaso 4,13.0,4.0,121.91,643.0,29.0,86.21,20511,8265,20511,7817,7534,20511,1
60576,dia 13 - Soja Saudavel Vaso 4,13.0,4.0,122.16,876.0,29.0,85.65,20520,8277,20519,7826,7551,20506,1
60577,dia 13 - Soja Saudavel Vaso 4,13.0,4.0,122.46,652.0,29.0,85.0,20520,8262,20518,7822,7519,20521,1
60578,dia 13 - Soja Saudavel Vaso 4,13.0,4.0,122.71,774.0,29.0,84.51,20529,8260,20495,7827,7496,20531,1
60579,dia 13 - Soja Saudavel Vaso 4,13.0,4.0,122.95,657.0,29.0,84.04,20538,8257,20538,7830,7559,20539,1
60580,dia 13 - Soja Saudavel Vaso 4,13.0,4.0,123.2,641.0,29.0,83.61,20546,8240,20545,7836,7509,20548,1
60581,dia 13 - Soja Saudavel Vaso 4,13.0,4.0,123.45,640.0,29.0,83.19,20558,8280,20552,7839,7536,20558,1
60582,dia 13 - Soja Saudavel Vaso 4,13.0,4.0,123.69,627.0,29.0,82.8,20571,8266,20571,7841,7529,20570,1
60583,dia 13 - Soja Saudavel Vaso 4,13.0,4.0,123.94,627.0,29.0,82.43,20548,8261,20580,7845,7535,20583,1
60584,dia 13 - Soja Saudavel Vaso 4,13.0,4.0,124.18,626.0,29.0,82.08,20596,8255,20597,7848,7517,20599,1
60585,dia 13 - Soja Saudavel Vaso 4,13.0,4.0,124.43,626.0,29.0,81.74,20611,8250,20611,7849,7580,20580,1
60586,dia 13 - Soja Saudavel Vaso 4,13.0,4.0,124.71,640.0,29.0,81.37,20633,8274,20634,7831,7520,20635,1
60587,dia 13 - Soja Saudavel Vaso 4,13.0,4.0,124.97,642.0,29.0,81.06,20649,8255,20615,7831,7520,20649,1
60588,dia 13 - Soja Saudavel Vaso 4,13.0,4.0,125.21,645.0,29.0,80.77,20665,8232,20664,7837,7481,20666,1
60589,dia 13 - Soja Saudavel Vaso 4,13.0,4.0,125.46,644.0,29.0,80.5,20682,8229,20682,7845,7491,20687,1
60590,dia 13 - Soja Saudavel Vaso 4,13.0,4.0,125.71,641.0,29.0,80.23,20696,8224,20695,7882,7472,20698,1
60591,dia 13 - Soja Saudavel Vaso 4,13.0,4.0,125.96,641.0,29.0,79.99,20713,8250,20713,7891,7484,20684,1
60592,dia 13 - Soja Saudavel Vaso 4,13.0,4.0,126.2,639.0,29.0,79.75,20733,8241,20732,7892,7458,20735,1
60593,dia 13 - Soja Saudavel Vaso 4,13.0,4.0,126.45,641.0,29.0,79.53,20752,8264,20751,7904,7523,20754,1
60594,dia 13 - Soja Saudavel Vaso 4,13.0,4.0,126.71,639.0,29.0,79.31,20756,8240,20771,7912,7596,20774,1
60595,dia 13 - Soja Saudavel Vaso 4,13.0,4.0,126.97,640.0,29.0,79.09,20794,8248,20792,7922,7488,20794,1
60596,dia 13 - Soja Saudavel Vaso 4,13.0,4.0,127.21,640.0,29.0,78.9,20813,8248,20778,7934,7488,20816,1
60597,dia 13 - Soja Saudavel Vaso 4,13.0,4.0,127.46,640.0,29.2,78.71,20834,8257,20833,7930,7487,20835,1
60598,dia 13 - Soja Saudavel Vaso 4,13.0,4.0,127.71,639.0,29.2,78.54,20855,8281,20853,7942,7525,20833,1
60599,dia 13 - Soja Saudavel Vaso 4,13.0,4.0,128.11,639.0,29.2,78.26,20887,8272,20887,7954,7496,20889,1
60600,dia 13 - Soja Saudavel Vaso 4,13.0,4.0,128.35,640.0,29.2,78.11,20907,8271,20906,7966,7522,20909,1
60601,dia 13 - Soja Saudavel Vaso 4,13.0,4.0,128.6,640.0,29.2,77.96,20926,8261,20925,7971,7481,20929,1
60602,dia 13 - Soja Saudavel Vaso 4,13.0,4.0,128.85,638.0,29.2,77.82,20939,8251,20927,7973,7505,20948,1
60603,dia 13 - Soja Saudavel Vaso 4,13.0,4.0,129.15,640.0,29.2,77.66,20937,8260,20969,7994,7469,20974,1
60604,dia 13 - Soja Saudavel Vaso 4,13.0,4.0,129.4,639.0,29.2,77.53,20990,8273,20988,8002,7479,20991,1
60605,dia 13 - Soja Saudavel Vaso 4,13.0,4.0,129.64,638.0,29.2,77.41,21006,8258,21006,8007,7497,21010,1
60606,dia 13 - Soja Saudavel Vaso 4,13.0,4.0,129.89,640.0,29.2,77.29,21025,8270,21023,8012,7502,21029,1
60607,dia 13 - Soja Saudavel Vaso 4,13.0,4.0,130.15,635.0,29.2,77.18,21041,8273,21039,8022,7462,21010,1
60608,dia 13 - Soja Saudavel Vaso 4,13.0,4.0,130.4,635.0,29.2,77.07,21057,8286,21056,8014,7504,21058,1
60609,dia 13 - Soja Saudavel Vaso 4,13.0,4.0,130.65,636.0,29.2,76.97,21073,8264,21072,8036,7482,21074,1
60610,dia 13 - Soja Saudavel Vaso 4,13.0,4.0,130.89,636.0,29.2,76.88,21006,8271,21064,8030,7453,21036,1
60611,dia 13 - Soja Saudavel Vaso 4,13.0,4.0,131.15,635.0,29.2,76.78,21047,8246,21045,8077,7529,21049,1
60612,dia 13 - Soja Saudavel Vaso 4,13.0,4.0,131.4,637.0,29.2,76.68,21029,8259,21061,8076,7462,21064,1
60613,dia 13 - Soja Saudavel Vaso 4,13.0,4.0,131.65,639.0,29.2,76.6,21073,8288,21073,8098,7508,21076,1
60614,dia 13 - Soja Saudavel Vaso 4,13.0,4.0,131.89,641.0,29.2,76.53,21084,8258,21084,8110,7466,21054,1
60615,dia 13 - Soja Saudavel Vaso 4,13.0,4.0,132.14,640.0,29.2,76.44,21097,8288,21097,8111,7484,21105,1
60616,dia 13 - Soja Saudavel Vaso 4,13.0,4.0,132.6,635.0,29.2,76.31,21118,8292,21117,8144,7499,21119,1
60617,dia 13 - Soja Saudavel Vaso 4,13.0,4.0,133.16,941.0,29.2,76.16,21143,8299,21142,8143,7480,21144,1
60618,dia 13 - Soja Saudavel Vaso 4,13.0,4.0,133.57,784.0,29.2,76.06,21161,8305,21127,8166,7494,21162,1
60619,dia 13 - Soja Saudavel Vaso 4,13.0,4.0,133.81,645.0,29.2,76.0,21170,8297,21170,8171,7511,21172,1
60620,dia 13 - Soja Saudavel Vaso 4,13.0,4.0,134.06,637.0,29.2,75.95,21181,8271,21181,8175,7438,21183,1
60621,dia 13 - Soja Saudavel Vaso 4,13.0,4.0,134.3,627.0,29.3,75.89,21192,8293,21192,8181,7503,21192,1
60622,dia 13 - Soja Saudavel Vaso 4,13.0,4.0,134.55,626.0,29.2,77.3,21148,8276,21148,8170,7486,21137,1
60623,dia 13 - Soja Saudavel Vaso 4,13.0,4.0,134.8,625.0,29.2,79.47,21187,8294,21188,8187,7492,21188,1
60624,dia 13 - Soja Saudavel Vaso 4,13.0,4.0,135.04,625.0,29.3,81.31,21148,8281,21150,8214,7442,21143,1
60625,dia 13 - Soja Saudavel Vaso 4,13.0,4.0,135.29,816.0,29.3,82.98,21105,8245,21106,8207,7439,21101,1
60626,dia 13 - Soja Saudavel Vaso 4,13.0,4.0,135.54,630.0,29.3,84.5,21070,8257,21072,8197,7541,21064,1
60627,dia 13 - Soja Saudavel Vaso 4,13.0,4.0,135.82,631.0,29.3,86.06,20980,8260,20968,8209,7462,20975,1
60628,dia 13 - Soja Saudavel Vaso 4,13.0,4.0,136.07,652.0,29.3,87.25,20930,8266,20931,8206,7469,20926,1
60629,dia 13 - Soja Saudavel Vaso 4,13.0,4.0,136.31,915.0,29.3,88.33,20885,8259,20887,8199,7461,20880,1
60630,dia 13 - Soja Saudavel Vaso 4,13.0,4.0,136.56,644.0,29.3,89.29,20841,8261,20844,8190,7477,20836,1
60631,dia 13 - Soja Saudavel Vaso 4,13.0,4.0,136.87,620.0,29.3,90.33,20794,8266,20795,8178,7474,20791,1
60632,dia 13 - Soja Saudavel Vaso 4,13.0,4.0,137.11,620.0,29.3,91.03,20761,8284,20762,8167,7478,20725,1
60633,dia 13 - Soja Saudavel Vaso 4,13.0,4.0,137.36,619.0,29.4,91.64,20728,8280,20730,8143,7482,20725,1
60634,dia 13 - Soja Saudavel Vaso 4,13.0,4.0,137.6,622.0,29.4,92.14,20698,8275,20697,8140,7481,20695,1
60635,dia 13 - Soja Saudavel Vaso 4,13.0,4.0,137.85,623.0,29.4,92.56,20640,8287,20671,8129,7492,20669,1
60636,dia 13 - Soja Saudavel Vaso 4,13.0,4.0,138.1,620.0,29.4,92.88,20652,8299,20652,8117,7506,20651,1
60637,dia 13 - Soja Saudavel Vaso 4,13.0,4.0,138.35,856.0,29.4,93.11,20636,8281,20636,8108,7502,20635,1
60638,dia 13 - Soja Saudavel Vaso 4,13.0,4.0,138.59,702.0,29.4,93.27,20621,8281,20621,8116,7484,20620,1
60639,dia 13 - Soja Saudavel Vaso 4,13.0,4.0,138.85,667.0,29.4,93.38,20612,8305,20611,8110,7589,20612,1
60640,dia 13 - Soja Saudavel Vaso 4,13.0,4.0,139.13,669.0,29.4,93.45,20607,8295,20607,8103,7501,20609,1
60641,dia 13 - Soja Saudavel Vaso 4,13.0,4.0,139.37,671.0,29.4,93.49,20607,8301,20608,8094,7496,20606,1
60642,dia 13 - Soja Saudavel Vaso 4,13.0,4.0,139.62,678.0,29.4,93.51,20606,8299,20606,8089,7521,20606,1
60643,dia 13 - Soja Saudavel Vaso 4,13.0,4.0,139.87,754.0,29.4,93.52,20599,8314,20604,8082,7521,20604,1
60644,dia 13 - Soja Saudavel Vaso 4,13.0,4.0,140.17,690.0,29.4,93.53,20602,8315,20601,8073,7548,20601,1
60645,dia 13 - Soja Saudavel Vaso 4,13.0,4.0,140.42,688.0,29.4,93.53,20568,8311,20600,8067,7520,20601,1
60646,dia 13 - Soja Saudavel Vaso 4,13.0,4.0,140.66,827.0,29.4,93.54,20644,8310,20643,8034,7523,20643,1
60647,dia 13 - Soja Saudavel Vaso 4,13.0,4.0,140.91,647.0,29.4,93.54,20636,8311,20635,8031,7502,20636,1
60648,dia 13 - Soja Saudavel Vaso 4,13.0,4.0,141.16,827.0,29.4,93.54,20630,8316,20625,8028,7531,20629,1
60649,dia 13 - Soja Saudavel Vaso 4,13.0,4.0,141.4,658.0,29.4,93.55,20619,8312,20619,8026,7519,20619,1
60650,dia 13 - Soja Saudavel Vaso 4,13.0,4.0,141.65,660.0,29.4,93.55,20608,8310,20602,8024,7530,20613,1
60651,dia 13 - Soja Saudavel Vaso 4,13.0,4.0,141.9,658.0,29.5,93.55,20607,8310,20608,8023,7546,20607,1
60652,dia 13 - Soja Saudavel Vaso 4,13.0,4.0,142.16,655.0,29.4,93.55,20604,8292,20604,8021,7637,20604,1
60653,dia 13 - Soja Saudavel Vaso 4,13.0,4.0,142.41,655.0,29.5,93.55,20599,8306,20600,8017,7520,20598,1
60654,dia 13 - Soja Saudavel Vaso 4,13.0,4.0,142.66,651.0,29.5,93.55,20595,8298,20595,8015,7536,20595,1
60655,dia 13 - Soja Saudavel Vaso 4,13.0,4.0,142.91,652.0,29.5,93.55,20589,8308,20590,8014,7530,20590,1
60656,dia 13 - Soja Saudavel Vaso 4,13.0,4.0,143.15,651.0,29.5,93.56,20587,8311,20587,8012,7540,20561,1
60657,dia 13 - Soja Saudavel Vaso 4,13.0,4.0,143.46,650.0,29.5,93.56,20581,8319,20582,8010,7537,20582,1
60658,dia 13 - Soja Saudavel Vaso 4,13.0,4.0,143.71,654.0,29.5,93.55,20578,8315,20580,7993,7521,20580,1
60659,dia 13 - Soja Saudavel Vaso 4,13.0,4.0,143.95,899.0,29.5,93.55,20577,8316,20578,8005,7543,20578,1
60660,dia 13 - Soja Saudavel Vaso 4,13.0,4.0,144.2,642.0,29.5,93.55,20541,8316,20541,8023,7529,20539,1
60661,dia 13 - Soja Saudavel Vaso 4,13.0,4.0,144.45,643.0,29.5,93.55,20542,8317,20540,8022,7559,20540,1
60662,dia 13 - Soja Saudavel Vaso 4,13.0,4.0,144.7,641.0,29.5,93.55,20540,8318,20539,8019,7556,20517,1
60663,dia 13 - Soja Saudavel Vaso 4,13.0,4.0,144.94,643.0,29.5,93.55,20545,8326,20545,7964,7547,20545,1
60664,dia 13 - Soja Saudavel Vaso 4,13.0,4.0,145.19,642.0,29.5,93.55,20544,8315,20544,7973,7539,20543,1
60665,dia 13 - Soja Saudavel Vaso 4,13.0,4.0,145.44,641.0,29.5,93.56,20504,8320,20536,8005,7535,20537,1
60666,dia 13 - Soja Saudavel Vaso 4,13.0,4.0,145.73,645.0,29.5,93.55,20533,8318,20533,8009,7555,20534,1
60667,dia 13 - Soja Saudavel Vaso 4,13.0,4.0,145.97,646.0,29.5,93.56,20532,8317,20531,8009,7548,20532,1
60668,dia 13 - Soja Saudavel Vaso 4,13.0,4.0,146.22,645.0,29.5,93.56,20533,8322,20533,8009,7570,20533,1
60669,dia 13 - Soja Saudavel Vaso 4,13.0,4.0,146.47,643.0,29.6,93.55,20532,8322,20502,8008,7561,20528,1
62173,dia 13 - Soja Saudavel Vaso 4,13.0,4.0,546.16,637.0,33.9,93.56,20843,8759,20843,8520,8024,20844,1
62174,dia 13 - Soja Saudavel Vaso 4,13.0,4.0,546.4,637.0,33.9,93.56,20844,8754,20843,8520,8026,20844,1
62175,dia 13 - Soja Saudavel Vaso 4,13.0,4.0,546.65,636.0,33.9,93.56,20844,8758,20809,8520,8021,20844,1
62176,dia 13 - Soja Saudavel Vaso 4,13.0,4.0,546.9,634.0,33.9,93.56,20845,8755,20845,8521,8025,20845,1
62177,dia 13 - Soja Saudavel Vaso 4,13.0,4.0,547.15,635.0,33.9,93.56,20814,8756,20847,8521,8030,20847,1
62178,dia 13 - Soja Saudavel Vaso 4,13.0,4.0,547.4,636.0,33.9,93.57,20847,8755,20847,8521,8027,20847,1
62179,dia 13 - Soja Saudavel Vaso 4,13.0,4.0,547.64,637.0,33.9,93.56,20843,8752,20845,8522,8047,20843,1
62180,dia 13 - Soja Saudavel Vaso 4,13.0,4.0,547.89,637.0,33.9,93.56,20844,8758,20844,8520,8052,20843,1
62181,dia 13 - Soja Saudavel Vaso 4,13.0,4.0,548.14,637.0,33.9,93.56,20844,8757,20837,8520,8056,20843,1
62182,dia 13 - Soja Saudavel Vaso 4,13.0,4.0,548.44,639.0,33.9,93.56,20844,8778,20843,8520,8041,20844,1
62183,dia 13 - Soja Saudavel Vaso 4,13.0,4.0,548.69,631.0,33.9,93.56,20812,8775,20845,8520,8046,20846,1
62184,dia 13 - Soja Saudavel Vaso 4,13.0,4.0,548.93,641.0,33.9,93.56,20846,8769,20847,8520,8030,20847,1
62185,dia 13 - Soja Saudavel Vaso 4,13.0,4.0,549.18,625.0,33.9,93.56,20849,8764,20845,8520,8051,20847,1
62186,dia 13 - Soja Saudavel Vaso 4,13.0,4.0,549.43,626.0,33.9,93.56,20849,8769,20848,8506,8040,20848,1
62187,dia 13 - Soja Saudavel Vaso 4,13.0,4.0,549.83,626.0,33.9,93.56,20847,8778,20846,8508,8053,20846,1
62188,dia 13 - Soja Saudavel Vaso 4,13.0,4.0,550.38,635.0,33.9,93.56,20846,8791,20842,8518,8073,20842,1
62189,dia 13 - Soja Saudavel Vaso 4,13.0,4.0,550.85,623.0,33.9,93.56,20843,8786,20838,8516,8056,20845,1
62190,dia 13 - Soja Saudavel Vaso 4,13.0,4.0,551.09,620.0,33.9,93.56,20843,8770,20844,8524,8048,20845,1
62191,dia 13 - Soja Saudavel Vaso 4,13.0,4.0,551.34,637.0,33.9,93.56,20846,8736,20845,8524,8021,20846,1
62192,dia 13 - Soja Saudavel Vaso 4,13.0,4.0,551.69,636.0,33.9,93.56,20849,8750,20848,8525,8056,20848,1
62193,dia 13 - Soja Saudavel Vaso 4,13.0,4.0,551.93,629.0,33.9,93.56,20851,8748,20852,8525,8053,20820,1
62194,dia 13 - Soja Saudavel Vaso 4,13.0,4.0,552.18,630.0,33.9,93.56,20852,8728,20852,8513,8008,20852,1
62195,dia 13 - Soja Saudavel Vaso 4,13.0,4.0,552.43,632.0,33.9,93.56,20853,8755,20852,8528,8040,20853,1
62196,dia 13 - Soja Saudavel Vaso 4,13.0,4.0,552.67,635.0,33.9,93.57,20841,8749,20852,8527,8041,20855,1
62197,dia 13 - Soja Saudavel Vaso 4,13.0,4.0,552.98,630.0,33.9,93.56,20853,8744,20853,8528,8038,20854,1
62198,dia 13 - Soja Saudavel Vaso 4,13.0,4.0,553.23,637.0,33.9,93.55,20853,8749,20853,8528,8036,20853,1
62199,dia 13 - Soja Saudavel Vaso 4,13.0,4.0,553.47,631.0,33.9,93.56,20854,8775,20854,8528,8080,20854,1
62200,dia 13 - Soja Saudavel Vaso 4,13.0,4.0,553.72,639.0,33.9,93.56,20853,8747,20853,8514,8043,20855,1
62201,dia 13 - Soja Saudavel Vaso 4,13.0,4.0,554.02,636.0,33.9,93.56,20852,8749,20822,8529,8047,20854,1
62202,dia 13 - Soja Saudavel Vaso 4,13.0,4.0,554.27,631.0,33.9,93.56,20853,8747,20854,8529,8025,20854,1
62203,dia 13 - Soja Saudavel Vaso 4,13.0,4.0,554.51,658.0,33.9,93.4,20751,8718,20751,8484,8009,20750,1
62204,dia 13 - Soja Saudavel Vaso 4,13.0,4.0,554.76,654.0,33.9,92.69,20745,8715,20745,8476,8005,20745,1
62205,dia 13 - Soja Saudavel Vaso 4,13.0,4.0,555.01,608.0,33.9,92.28,20746,8692,20747,8474,8080,20716,1
62206,dia 13 - Soja Saudavel Vaso 4,13.0,4.0,555.26,608.0,33.9,92.01,20749,8703,20719,8471,7986,20749,1
62207,dia 13 - Soja Saudavel Vaso 4,13.0,4.0,555.5,607.0,33.9,91.83,20746,8692,20746,8469,7985,20746,1
62208,dia 13 - Soja Saudavel Vaso 4,13.0,4.0,555.75,603.0,33.9,91.71,20711,8688,20740,8466,7974,20739,1
62209,dia 13 - Soja Saudavel Vaso 4,13.0,4.0,556.0,609.0,34.0,91.62,20735,8677,20736,8461,7968,20734,1
62210,dia 13 - Soja Saudavel Vaso 4,13.0,4.0,556.3,603.0,33.9,91.54,20728,8678,20728,8451,7984,20728,1
62211,dia 13 - Soja Saudavel Vaso 4,13.0,4.0,556.55,601.0,33.9,91.51,20722,8665,20722,8439,7961,20720,1
62212,dia 13 - Soja Saudavel Vaso 4,13.0,4.0,556.8,600.0,33.9,91.48,20713,8668,20699,8427,7957,20713,1
62213,dia 13 - Soja Saudavel Vaso 4,13.0,4.0,557.04,602.0,34.0,91.46,20709,8664,20708,8419,7979,20711,1
62214,dia 13 - Soja Saudavel Vaso 4,13.0,4.0,557.29,629.0,34.0,91.43,20674,8689,20701,8414,7988,20700,1
62215,dia 13 - Soja Saudavel Vaso 4,13.0,4.0,557.54,612.0,34.0,91.42,20690,8685,20691,8407,7969,20688,1
62216,dia 13 - Soja Saudavel Vaso 4,13.0,4.0,557.78,610.0,34.0,91.4,20677,8676,20678,8401,7957,20676,1
62217,dia 13 - Soja Saudavel Vaso 4,13.0,4.0,558.03,611.0,34.0,91.39,20663,8661,20662,8393,7958,20661,1
62218,dia 13 - Soja Saudavel Vaso 4,13.0,4.0,558.28,609.0,33.9,91.38,20646,8630,20650,8384,7958,20644,1
62219,dia 13 - Soja Saudavel Vaso 4,13.0,4.0,558.58,630.0,34.0,91.36,20646,8644,20648,8348,7941,20638,1
62220,dia 13 - Soja Saudavel Vaso 4,13.0,4.0,558.83,629.0,34.0,91.36,20633,8627,20569,8338,7951,20648,1
62221,dia 13 - Soja Saudavel Vaso 4,13.0,4.0,559.07,605.0,34.0,91.36,20546,8609,20545,8375,7908,20538,1
62222,dia 13 - Soja Saudavel Vaso 4,13.0,4.0,559.32,627.0,34.0,91.37,20512,8604,20514,8374,7913,20512,1
62223,dia 13 - Soja Saudavel Vaso 4,13.0,4.0,559.58,622.0,34.0,91.36,20499,8581,20500,8363,7968,20499,1
62224,dia 13 - Soja Saudavel Vaso 4,13.0,4.0,559.82,623.0,34.0,91.37,20479,8584,20479,8351,7879,20448,1
62225,dia 13 - Soja Saudavel Vaso 4,13.0,4.0,560.07,631.0,34.0,91.37,20460,8567,20460,8325,7869,20459,1
62226,dia 13 - Soja Saudavel Vaso 4,13.0,4.0,560.31,633.0,34.0,91.36,20446,8562,20446,8327,7886,20445,1
62227,dia 13 - Soja Saudavel Vaso 4,13.0,4.0,560.57,636.0,34.0,91.36,20452,8535,20454,8254,7983,20447,1
62228,dia 13 - Soja Saudavel Vaso 4,13.0,4.0,560.84,644.0,34.0,91.36,20425,8554,20426,8280,7851,20408,1
62229,dia 13 - Soja Saudavel Vaso 4,13.0,4.0,561.09,648.0,34.0,91.35,20399,8529,20400,8256,7841,20399,1
62230,dia 13 - Soja Saudavel Vaso 4,13.0,4.0,561.34,646.0,34.0,91.36,20380,8522,20380,8255,7840,20379,1
62231,dia 13 - Soja Saudavel Vaso 4,13.0,4.0,561.58,640.0,34.0,91.35,20374,8506,20375,8234,7836,20377,1
62232,dia 13 - Soja Saudavel Vaso 4,13.0,4.0,561.83,641.0,34.0,91.36,20353,8508,20355,8222,7812,20352,1
62233,dia 13 - Soja Saudavel Vaso 4,13.0,4.0,562.08,635.0,34.0,91.36,20329,8507,20329,8210,7824,20297,1
62234,dia 13 - Soja Saudavel Vaso 4,13.0,4.0,562.32,635.0,34.0,91.36,20306,8491,20307,8186,7805,20305,1
62235,dia 13 - Soja Saudavel Vaso 4,13.0,4.0,562.57,634.0,34.0,91.35,20289,8484,20290,8188,7797,20285,1
62236,dia 13 - Soja Saudavel Vaso 4,13.0,4.0,562.83,634.0,34.0,91.35,20237,8458,20270,8176,7915,20267,1
62237,dia 13 - Soja Saudavel Vaso 4,13.0,4.0,563.09,631.0,34.0,91.35,20245,8466,20246,8162,7786,20245,1
62238,dia 13 - Soja Saudavel Vaso 4,13.0,4.0,563.34,635.0,34.0,91.36,20223,8448,20193,8151,7800,20221,1
62897,dia 13 - Soja Saudavel Vaso 5,13.0,5.0,291.79,716.0,35.4,93.57,20123,7300,20123,7103,6488,20123,1
62898,dia 13 - Soja Saudavel Vaso 5,13.0,5.0,292.04,711.0,35.4,93.57,20124,7299,20123,7222,6510,20124,1
62899,dia 13 - Soja Saudavel Vaso 5,13.0,5.0,292.28,707.0,35.4,93.57,20093,7302,20124,7184,6489,20126,1
62900,dia 13 - Soja Saudavel Vaso 5,13.0,5.0,292.53,706.0,35.4,93.57,20127,7297,20126,7228,6510,20126,1
62901,dia 13 - Soja Saudavel Vaso 5,13.0,5.0,292.83,709.0,35.4,93.57,20126,7301,20126,7180,6488,20127,1
62902,dia 13 - Soja Saudavel Vaso 5,13.0,5.0,293.07,706.0,35.4,93.57,20127,7304,20127,7309,6489,20099,1
62903,dia 13 - Soja Saudavel Vaso 5,13.0,5.0,293.48,707.0,35.4,93.57,20126,7306,20125,7268,6488,20126,1
62904,dia 13 - Soja Saudavel Vaso 5,13.0,5.0,294.04,703.0,35.4,93.57,20127,7311,20127,7250,6488,20128,1
62905,dia 13 - Soja Saudavel Vaso 5,13.0,5.0,294.45,702.0,35.4,93.57,20126,7311,20125,7146,6508,20126,1
62906,dia 13 - Soja Saudavel Vaso 5,13.0,5.0,294.69,705.0,35.4,93.57,20126,7327,20126,7252,6509,20127,1
62907,dia 13 - Soja Saudavel Vaso 5,13.0,5.0,294.94,702.0,35.4,93.57,20097,7356,20128,7302,6564,20127,1
62908,dia 13 - Soja Saudavel Vaso 5,13.0,5.0,295.19,711.0,35.4,93.57,20127,7323,20128,7141,6510,20128,1
62909,dia 13 - Soja Saudavel Vaso 5,13.0,5.0,295.43,710.0,35.4,93.57,20127,7325,20126,7274,6508,20115,1
62910,dia 13 - Soja Saudavel Vaso 5,13.0,5.0,295.68,711.0,35.4,93.57,20127,7317,20127,7290,6494,20127,1
62911,dia 13 - Soja Saudavel Vaso 5,13.0,5.0,295.94,707.0,35.4,93.57,20128,7305,20128,7208,6568,20127,1
62912,dia 13 - Soja Saudavel Vaso 5,13.0,5.0,296.21,706.0,35.4,93.57,20126,7312,20127,7287,6509,20127,1
62913,dia 13 - Soja Saudavel Vaso 5,13.0,5.0,296.45,705.0,35.4,93.57,20127,7305,20127,7155,6506,20099,1
62914,dia 13 - Soja Saudavel Vaso 5,13.0,5.0,296.7,708.0,35.4,93.57,20128,7306,20128,7172,6489,20129,1
62915,dia 13 - Soja Saudavel Vaso 5,13.0,5.0,296.95,707.0,35.4,93.57,20130,7307,20130,7241,6488,20129,1
62916,dia 13 - Soja Saudavel Vaso 5,13.0,5.0,297.25,706.0,35.4,93.57,20133,7307,20134,7258,6508,20135,1
62917,dia 13 - Soja Saudavel Vaso 5,13.0,5.0,297.5,704.0,35.4,93.57,20116,7307,20134,7291,6489,20135,1
62918,dia 13 - Soja Saudavel Vaso 5,13.0,5.0,297.74,706.0,35.4,93.56,20135,7306,20135,7227,6488,20135,1
62919,dia 13 - Soja Saudavel Vaso 5,13.0,5.0,297.99,704.0,35.4,93.57,20135,7308,20135,7153,6509,20106,1
62920,dia 13 - Soja Saudavel Vaso 5,13.0,5.0,298.24,707.0,35.4,93.57,20134,7305,20134,7156,6488,20135,1
62921,dia 13 - Soja Saudavel Vaso 5,13.0,5.0,298.48,709.0,35.4,93.57,20134,7311,20135,7292,6488,20135,1
62922,dia 13 - Soja Saudavel Vaso 5,13.0,5.0,298.73,710.0,35.4,93.57,20114,7307,20135,7099,6509,20135,1
62923,dia 13 - Soja Saudavel Vaso 5,13.0,5.0,298.97,709.0,35.4,93.57,20134,7307,20134,7297,6488,20135,1
62924,dia 13 - Soja Saudavel Vaso 5,13.0,5.0,299.23,707.0,35.5,93.57,20137,7300,20136,7310,6563,20137,1
62925,dia 13 - Soja Saudavel Vaso 5,13.0,5.0,299.5,707.0,35.4,93.57,20136,7307,20136,7237,6489,20136,1
62926,dia 13 - Soja Saudavel Vaso 5,13.0,5.0,299.75,706.0,35.5,93.57,20138,7307,20137,7273,6491,20138,1
62927,dia 13 - Soja Saudavel Vaso 5,13.0,5.0,299.99,708.0,35.5,93.07,20098,7300,20101,7197,6505,20098,1
62928,dia 13 - Soja Saudavel Vaso 5,13.0,5.0,300.24,708.0,35.5,91.99,20091,7302,20089,7353,6489,20059,1
62929,dia 13 - Soja Saudavel Vaso 5,13.0,5.0,300.54,707.0,35.5,90.81,20083,7282,20083,7191,6488,20083,1
62930,dia 13 - Soja Saudavel Vaso 5,13.0,5.0,300.79,708.0,35.5,89.93,20084,7281,20053,7004,6489,20083,1
62931,dia 13 - Soja Saudavel Vaso 5,13.0,5.0,301.04,706.0,35.5,89.11,20173,7298,20174,7011,6509,20171,1
62932,dia 13 - Soja Saudavel Vaso 5,13.0,5.0,301.28,706.0,35.5,88.35,20162,7278,20164,6974,6499,20163,1
62933,dia 13 - Soja Saudavel Vaso 5,13.0,5.0,301.53,707.0,35.5,87.62,20164,7281,20164,7401,6488,20165,1
62934,dia 13 - Soja Saudavel Vaso 5,13.0,5.0,301.77,706.0,35.5,86.92,20163,7275,20162,7039,6479,20164,1
62935,dia 13 - Soja Saudavel Vaso 5,13.0,5.0,302.02,706.0,35.5,86.27,20168,7273,20137,6973,6469,20170,1
62936,dia 13 - Soja Saudavel Vaso 5,13.0,5.0,302.26,706.0,35.5,85.64,20175,7277,20175,7001,6479,20178,1
62937,dia 13 - Soja Saudavel Vaso 5,13.0,5.0,302.52,705.0,35.5,85.03,20188,7276,20188,6926,6519,20189,1
62938,dia 13 - Soja Saudavel Vaso 5,13.0,5.0,302.8,706.0,35.5,84.35,20193,7275,20193,6859,6488,20166,1
62939,dia 13 - Soja Saudavel Vaso 5,13.0,5.0,303.05,706.0,35.5,83.79,20210,7272,20210,6903,6469,20213,1
62940,dia 13 - Soja Saudavel Vaso 5,13.0,5.0,303.29,708.0,35.5,83.26,20142,7266,20141,6890,6488,20144,1
62941,dia 13 - Soja Saudavel Vaso 5,13.0,5.0,303.54,707.0,35.5,82.74,20158,7258,20165,6993,6478,20173,1
62942,dia 13 - Soja Saudavel Vaso 5,13.0,5.0,303.82,707.0,35.5,82.18,20197,7268,20195,6901,6479,20201,1
62943,dia 13 - Soja Saudavel Vaso 5,13.0,5.0,304.06,712.0,35.5,81.7,20234,7271,20203,6941,6469,20238,1
62944,dia 13 - Soja Saudavel Vaso 5,13.0,5.0,304.31,714.0,35.5,81.23,20267,7273,20266,6865,6468,20271,1
62945,dia 13 - Soja Saudavel Vaso 5,13.0,5.0,304.56,719.0,35.5,80.79,20308,7255,20307,6894,6459,20310,1
62946,dia 13 - Soja Saudavel Vaso 5,13.0,5.0,304.81,713.0,35.5,80.34,20333,7273,20334,6558,6468,20337,1
62947,dia 13 - Soja Saudavel Vaso 5,13.0,5.0,305.06,712.0,35.5,79.91,20367,7273,20366,6912,6458,20345,1
62948,dia 13 - Soja Saudavel Vaso 5,13.0,5.0,305.3,710.0,35.5,79.51,20404,7256,20403,6881,6479,20408,1
62949,dia 13 - Soja Saudavel Vaso 5,13.0,5.0,305.55,713.0,35.5,79.12,20443,7270,20442,6940,6458,20448,1
62950,dia 13 - Soja Saudavel Vaso 5,13.0,5.0,305.8,714.0,35.5,78.73,20461,7256,20477,7054,6478,20487,1
62951,dia 13 - Soja Saudavel Vaso 5,13.0,5.0,306.1,710.0,35.5,78.27,20499,7267,20530,6859,6458,20536,1
62952,dia 13 - Soja Saudavel Vaso 5,13.0,5.0,306.35,711.0,35.5,77.91,20657,7284,20656,6822,6459,20661,1
62953,dia 13 - Soja Saudavel Vaso 5,13.0,5.0,306.6,713.0,35.5,77.57,20697,7286,20697,6918,6450,20702,1
62954,dia 13 - Soja Saudavel Vaso 5,13.0,5.0,306.84,714.0,35.5,77.24,20737,7275,20736,6856,6478,20741,1
62955,dia 13 - Soja Saudavel Vaso 5,13.0,5.0,307.11,717.0,35.5,76.88,20778,7293,20777,6845,6466,20782,1
62956,dia 13 - Soja Saudavel Vaso 5,13.0,5.0,307.36,718.0,35.5,76.57,20815,7298,20813,6907,6478,20820,1
62957,dia 13 - Soja Saudavel Vaso 5,13.0,5.0,307.6,717.0,35.5,76.27,20853,7304,20851,6860,6469,20857,1
62958,dia 13 - Soja Saudavel Vaso 5,13.0,5.0,307.85,715.0,35.5,75.97,20854,7305,20884,6951,6458,20889,1
62959,dia 13 - Soja Saudavel Vaso 5,13.0,5.0,308.25,715.0,35.5,77.25,20872,7306,20899,6631,6458,20909,1
62960,dia 13 - Soja Saudavel Vaso 5,13.0,5.0,308.81,716.0,35.5,81.66,20883,7330,20885,6935,6509,20880,1
62961,dia 13 - Soja Saudavel Vaso 5,13.0,5.0,309.23,717.0,35.5,84.25,20804,7299,20805,6334,6538,20797,1
62962,dia 13 - Soja Saudavel Vaso 5,13.0,5.0,309.49,715.0,35.5,85.8,20752,7303,20722,7037,6468,20748,1
62963,dia 13 - Soja Saudavel Vaso 5,13.0,5.0,309.74,714.0,35.5,87.05,20701,7304,20703,7064,6478,20697,1
62964,dia 13 - Soja Saudavel Vaso 5,13.0,5.0,309.98,713.0,35.5,88.17,20651,7299,20653,6994,6459,20647,1
62965,dia 13 - Soja Saudavel Vaso 5,13.0,5.0,310.23,714.0,35.5,89.16,20602,7297,20603,7155,6479,20597,1
62966,dia 13 - Soja Saudavel Vaso 5,13.0,5.0,310.54,711.0,35.5,90.25,20547,7302,20548,7072,6484,20543,1
62967,dia 13 - Soja Saudavel Vaso 5,13.0,5.0,310.79,713.0,35.5,90.99,20510,7300,20511,7115,6478,20500,1
62968,dia 13 - Soja Saudavel Vaso 5,13.0,5.0,311.03,716.0,35.6,91.62,20478,7297,20454,7031,6479,20475,1
62969,dia 13 - Soja Saudavel Vaso 5,13.0,5.0,311.28,714.0,35.6,92.14,20449,7297,20452,7111,6478,20449,1
62970,dia 13 - Soja Saudavel Vaso 5,13.0,5.0,311.53,718.0,35.6,92.57,20396,7290,20428,7245,6479,20428,1
62971,dia 13 - Soja Saudavel Vaso 5,13.0,5.0,311.77,738.0,35.6,92.89,20411,7294,20412,7078,6479,20410,1
62972,dia 13 - Soja Saudavel Vaso 5,13.0,5.0,312.02,730.0,35.6,93.13,20397,7294,20397,7133,6469,20365,1
62973,dia 13 - Soja Saudavel Vaso 5,13.0,5.0,312.27,727.0,35.6,93.29,20386,7290,20385,7132,6479,20384,1
62974,dia 13 - Soja Saudavel Vaso 5,13.0,5.0,312.52,725.0,35.6,93.39,20375,7283,20375,7093,6539,20375,1
62975,dia 13 - Soja Saudavel Vaso 5,13.0,5.0,312.8,727.0,35.6,93.47,20364,7294,20365,7173,6479,20366,1
62976,dia 13 - Soja Saudavel Vaso 5,13.0,5.0,313.05,727.0,35.6,93.5,20361,7289,20360,7052,6483,20351,1
62977,dia 13 - Soja Saudavel Vaso 5,13.0,5.0,313.29,715.0,35.6,93.52,20350,7289,20349,7174,6479,20349,1
62978,dia 13 - Soja Saudavel Vaso 5,13.0,5.0,313.54,716.0,35.6,93.53,20343,7289,20343,7048,6479,20342,1
62979,dia 13 - Soja Saudavel Vaso 5,13.0,5.0,313.85,710.0,35.6,93.54,20338,7294,20338,7219,6488,20337,1
62980,dia 13 - Soja Saudavel Vaso 5,13.0,5.0,314.09,707.0,35.6,93.55,20301,7289,20333,7138,6479,20333,1
62981,dia 13 - Soja Saudavel Vaso 5,13.0,5.0,314.34,708.0,35.6,93.55,20330,7294,20328,7114,6475,20330,1
62982,dia 13 - Soja Saudavel Vaso 5,13.0,5.0,314.59,713.0,35.6,93.56,20322,7291,20324,7163,6479,20324,1
62983,dia 13 - Soja Saudavel Vaso 5,13.0,5.0,314.84,706.0,35.6,93.56,20318,7296,20317,7248,6489,20317,1
62984,dia 13 - Soja Saudavel Vaso 5,13.0,5.0,315.08,714.0,35.6,93.55,20312,7293,20312,7200,6488,20311,1
62985,dia 13 - Soja Saudavel Vaso 5,13.0,5.0,315.33,715.0,35.6,93.56,20303,7313,20273,7097,6488,20302,1
62986,dia 13 - Soja Saudavel Vaso 5,13.0,5.0,315.57,710.0,35.6,93.56,20298,7293,20299,7161,6488,20298,1
62987,dia 13 - Soja Saudavel Vaso 5,13.0,5.0,315.83,712.0,35.6,93.56,20314,7291,20314,7085,6529,20314,1
62988,dia 13 - Soja Saudavel Vaso 5,13.0,5.0,316.11,712.0,35.6,93.56,20302,7293,20302,7030,6488,20300,1
62989,dia 13 - Soja Saudavel Vaso 5,13.0,5.0,316.35,713.0,35.6,93.56,20290,7313,20259,7071,6488,20293,1
62990,dia 13 - Soja Saudavel Vaso 5,13.0,5.0,316.6,714.0,35.7,93.56,20283,7299,20289,7107,6489,20285,1
62991,dia 13 - Soja Saudavel Vaso 5,13.0,5.0,316.84,715.0,35.6,93.56,20285,7314,20282,7142,6488,20282,1
62992,dia 13 - Soja Saudavel Vaso 5,13.0,5.0,317.11,718.0,35.7,93.56,20262,7309,20260,7070,6500,20263,1
62993,dia 13 - Soja Saudavel Vaso 5,13.0,5.0,317.36,715.0,35.6,93.56,20260,7294,20260,7195,6509,20266,1
62994,dia 13 - Soja Saudavel Vaso 5,13.0,5.0,317.61,715.0,35.6,93.56,20263,7316,20262,7170,6489,20265,1
62995,dia 13 - Soja Saudavel Vaso 5,13.0,5.0,317.85,715.0,35.7,93.56,20260,7285,20261,7058,6489,20240,1
62996,dia 13 - Soja Saudavel Vaso 5,13.0,5.0,318.11,709.0,35.7,93.56,20258,7294,20229,7567,6548,20259,1
62997,dia 13 - Soja Saudavel Vaso 5,13.0,5.0,318.37,712.0,35.7,93.56,20258,7290,20257,7138,6489,20232,1
62998,dia 13 - Soja Saudavel Vaso 5,13.0,5.0,318.62,707.0,35.7,93.56,20258,7314,20257,7156,6489,20257,1
62999,dia 13 - Soja Saudavel Vaso 5,13.0,5.0,318.86,701.0,35.7,93.56,20253,7310,20253,7216,6489,20250,1
63000,dia 13 - Soja Saudavel Vaso 5,13.0,5.0,319.11,706.0,35.7,93.56,20222,7313,20251,7303,6491,20255,1
63001,dia 13 - Soja Saudavel Vaso 5,13.0,5.0,319.42,705.0,35.7,93.56,20218,7314,20247,7065,6509,20246,1
63002,dia 13 - Soja Saudavel Vaso 5,13.0,5.0,319.66,706.0,35.7,93.56,20248,7316,20249,7190,6509,20247,1
63003,dia 13 - Soja Saudavel Vaso 5,13.0,5.0,319.91,706.0,35.7,93.56,20246,7314,20253,6997,6491,20244,1
65823,dia 19 - Soja Saudavel Vaso 2,19.0,2.0,97.2,2394.0,32.7,77.11,9536,16841,80,2673,19289,7376,1
65824,dia 19 - Soja Saudavel Vaso 2,19.0,2.0,97.55,2420.0,32.7,77.09,9547,16974,81,2671,19312,7382,1
65825,dia 19 - Soja Saudavel Vaso 2,19.0,2.0,97.82,2414.0,32.7,77.08,9546,16860,80,2672,19314,7374,1
65826,dia 19 - Soja Saudavel Vaso 2,19.0,2.0,98.07,2461.0,32.7,77.07,9539,16966,80,2675,19307,7376,1
65827,dia 19 - Soja Saudavel Vaso 2,19.0,2.0,98.34,2406.0,32.7,77.06,9526,16965,80,2674,19307,7375,1
65828,dia 19 - Soja Saudavel Vaso 2,19.0,2.0,98.6,2401.0,32.7,77.04,9536,16964,80,2675,19306,7373,1
65829,dia 19 - Soja Saudavel Vaso 2,19.0,2.0,98.86,2404.0,32.7,77.03,9535,16964,80,2674,19306,7371,1
65830,dia 19 - Soja Saudavel Vaso 2,19.0,2.0,99.14,2420.0,32.7,77.02,9524,16839,80,2674,19295,7362,1
65831,dia 19 - Soja Saudavel Vaso 2,19.0,2.0,99.45,2407.0,32.7,76.99,9520,16949,80,2673,19208,7360,1
65832,dia 19 - Soja Saudavel Vaso 2,19.0,2.0,99.78,2376.0,32.7,76.98,9518,16947,80,2669,19288,7356,1
65833,dia 19 - Soja Saudavel Vaso 2,19.0,2.0,100.11,2398.0,32.7,76.96,9515,16947,80,2672,19286,7355,1
65834,dia 19 - Soja Saudavel Vaso 2,19.0,2.0,100.42,2405.0,32.7,76.94,9511,16947,80,2671,19285,7353,1
65835,dia 19 - Soja Saudavel Vaso 2,19.0,2.0,100.72,2411.0,32.8,76.93,9508,16947,80,2670,19286,7350,1
65836,dia 19 - Soja Saudavel Vaso 2,19.0,2.0,101.04,2409.0,32.8,76.92,9506,16947,80,2670,19286,7348,1
65837,dia 19 - Soja Saudavel Vaso 2,19.0,2.0,101.39,2419.0,32.8,76.9,9516,16971,80,2668,19185,7355,1
65838,dia 19 - Soja Saudavel Vaso 2,19.0,2.0,101.66,2429.0,32.8,76.89,9514,16983,80,2668,19331,7361,1
65839,dia 19 - Soja Saudavel Vaso 2,19.0,2.0,101.93,2419.0,32.8,76.88,9506,16965,79,2676,19296,7351,1
65840,dia 19 - Soja Saudavel Vaso 2,19.0,2.0,102.2,2366.0,32.8,76.87,9507,16965,79,2675,19310,7348,1
65841,dia 19 - Soja Saudavel Vaso 2,19.0,2.0,102.48,2445.0,32.8,76.86,9498,16966,80,2670,19306,7346,1
65842,dia 19 - Soja Saudavel Vaso 2,19.0,2.0,102.74,2405.0,32.8,76.85,9439,16964,80,2671,19307,7341,1
65843,dia 19 - Soja Saudavel Vaso 2,19.0,2.0,103.01,2411.0,32.8,76.83,9496,16965,80,2673,19309,7343,1
65844,dia 19 - Soja Saudavel Vaso 2,19.0,2.0,103.28,2403.0,32.8,76.82,9485,16947,80,2674,19277,7333,1
65845,dia 19 - Soja Saudavel Vaso 2,19.0,2.0,103.58,2372.0,32.8,76.81,9484,16947,79,2671,19287,7331,1
65846,dia 19 - Soja Saudavel Vaso 2,19.0,2.0,103.9,2435.0,32.8,76.79,9480,16947,80,2668,19289,7328,1
65847,dia 19 - Soja Saudavel Vaso 2,19.0,2.0,104.21,2428.0,32.8,76.78,9477,16947,80,2668,19288,7326,1
65848,dia 19 - Soja Saudavel Vaso 2,19.0,2.0,104.48,2402.0,32.8,76.77,9476,16947,79,2668,19288,7324,1
65849,dia 19 - Soja Saudavel Vaso 2,19.0,2.0,104.78,2408.0,32.8,76.76,9473,16835,79,2672,19288,7322,1
65850,dia 19 - Soja Saudavel Vaso 2,19.0,2.0,105.1,2437.0,32.8,76.75,9470,16946,80,2672,19290,7319,1
65851,dia 19 - Soja Saudavel Vaso 2,19.0,2.0,105.43,2410.0,32.8,76.73,9468,16947,80,2669,19290,7317,1
65852,dia 19 - Soja Saudavel Vaso 2,19.0,2.0,105.7,2413.0,32.9,76.72,9477,16918,79,2670,19299,7324,1
65853,dia 19 - Soja Saudavel Vaso 2,19.0,2.0,105.96,2374.0,32.9,77.1,9359,16766,79,2667,19085,7232,1
65854,dia 19 - Soja Saudavel Vaso 2,19.0,2.0,106.22,2359.0,32.8,78.27,9287,16765,79,2670,19084,7220,1
65855,dia 19 - Soja Saudavel Vaso 2,19.0,2.0,106.48,2371.0,32.9,79.37,9336,16757,79,2674,19077,7205,1
65856,dia 19 - Soja Saudavel Vaso 2,19.0,2.0,106.74,2372.0,32.9,80.38,9329,16759,78,2678,19077,7193,1
65857,dia 19 - Soja Saudavel Vaso 2,19.0,2.0,107.0,2378.0,32.9,81.36,9317,16751,79,2684,19067,7178,1
65858,dia 19 - Soja Saudavel Vaso 2,19.0,2.0,107.32,2362.0,32.9,82.54,9314,16768,78,2688,19067,7120,1
65859,dia 19 - Soja Saudavel Vaso 2,19.0,2.0,107.73,2356.0,32.9,83.99,9310,16769,79,2696,19062,7102,1
65860,dia 19 - Soja Saudavel Vaso 2,19.0,2.0,108.19,2369.0,32.9,85.56,9299,16770,80,2703,19037,7127,1
65861,dia 19 - Soja Saudavel Vaso 2,19.0,2.0,108.46,2378.0,32.9,86.42,9298,16723,80,2713,18868,7101,1
65862,dia 19 - Soja Saudavel Vaso 2,19.0,2.0,108.76,2379.0,32.9,87.39,9294,16777,80,2720,18910,7108,1
65863,dia 19 - Soja Saudavel Vaso 2,19.0,2.0,109.08,2372.0,32.9,88.33,9261,16772,80,2726,19038,7097,1
65864,dia 19 - Soja Saudavel Vaso 2,19.0,2.0,109.39,2400.0,32.9,89.18,9228,16784,80,2733,19039,7088,1
65865,dia 19 - Soja Saudavel Vaso 2,19.0,2.0,109.65,2379.0,32.9,89.86,9302,16803,81,2741,19061,7088,1
65866,dia 19 - Soja Saudavel Vaso 2,19.0,2.0,109.92,2406.0,32.9,90.49,9304,16739,80,2751,19047,7072,1
65867,dia 19 - Soja Saudavel Vaso 2,19.0,2.0,110.19,2350.0,32.9,91.05,9293,16795,81,2754,19018,7069,1
65868,dia 19 - Soja Saudavel Vaso 2,19.0,2.0,110.45,2343.0,32.9,91.57,9286,16788,81,2758,19040,7060,1
65869,dia 19 - Soja Saudavel Vaso 2,19.0,2.0,110.72,2365.0,32.9,92.03,9281,16685,81,2766,19040,7045,1
65870,dia 19 - Soja Saudavel Vaso 2,19.0,2.0,110.99,2360.0,32.9,92.42,9284,16793,82,2772,19038,7044,1
65871,dia 19 - Soja Saudavel Vaso 2,19.0,2.0,111.27,2359.0,32.9,92.74,9270,16773,81,2773,19004,7026,1
65872,dia 19 - Soja Saudavel Vaso 2,19.0,2.0,111.55,2372.0,32.9,93.0,9206,16773,82,2781,19011,7023,1
65873,dia 19 - Soja Saudavel Vaso 2,19.0,2.0,111.87,2358.0,32.9,93.23,9264,16768,82,2784,19005,7015,1
65874,dia 19 - Soja Saudavel Vaso 2,19.0,2.0,112.19,2365.0,32.9,93.4,9260,16761,82,2788,18996,7005,1
65875,dia 19 - Soja Saudavel Vaso 2,19.0,2.0,112.49,2352.0,32.9,93.51,9258,16758,82,2792,18994,6998,1
65876,dia 19 - Soja Saudavel Vaso 2,19.0,2.0,112.8,2385.0,32.9,93.59,9258,16760,82,2796,18991,6993,1
65877,dia 19 - Soja Saudavel Vaso 2,19.0,2.0,113.13,2372.0,32.9,93.63,9258,16757,83,2799,18989,6988,1
65878,dia 19 - Soja Saudavel Vaso 2,19.0,2.0,113.46,2372.0,32.9,93.67,9255,16755,83,2802,18982,6939,1
65879,dia 19 - Soja Saudavel Vaso 2,19.0,2.0,113.73,2392.0,32.9,93.68,9269,16775,82,2807,19005,6989,1
65880,dia 19 - Soja Saudavel Vaso 2,19.0,2.0,113.98,2361.0,32.9,93.7,9267,16771,82,2809,18876,6986,1
65881,dia 19 - Soja Saudavel Vaso 2,19.0,2.0,114.24,2369.0,32.9,93.7,9265,16771,82,2810,18996,6985,1
65882,dia 19 - Soja Saudavel Vaso 2,19.0,2.0,114.5,2365.0,32.9,93.71,9265,16732,83,2811,18981,6985,1
65883,dia 19 - Soja Saudavel Vaso 2,19.0,2.0,114.76,2375.0,32.9,93.72,9266,16776,82,2814,18997,6985,1
65884,dia 19 - Soja Saudavel Vaso 2,19.0,2.0,115.02,2370.0,32.9,93.72,9233,16753,83,2816,18980,6979,1
65885,dia 19 - Soja Saudavel Vaso 2,19.0,2.0,115.31,2373.0,32.9,93.72,9260,16766,82,2818,18983,6936,1
65886,dia 19 - Soja Saudavel Vaso 2,19.0,2.0,115.62,2360.0,32.8,93.73,9260,16769,82,2818,18912,6985,1
65887,dia 19 - Soja Saudavel Vaso 2,19.0,2.0,115.94,2363.0,32.8,93.73,9263,16668,83,2819,18984,6981,1
65888,dia 19 - Soja Saudavel Vaso 2,19.0,2.0,116.29,2384.0,32.8,93.72,9266,16777,83,2819,18986,6982,1
65889,dia 19 - Soja Saudavel Vaso 2,19.0,2.0,116.61,2386.0,32.8,93.73,9268,16780,83,2819,18987,6984,1
65890,dia 19 - Soja Saudavel Vaso 2,19.0,2.0,116.94,2330.0,32.8,93.73,9271,16784,83,2821,18990,6956,1
65891,dia 19 - Soja Saudavel Vaso 2,19.0,2.0,117.27,2412.0,32.8,93.73,9274,16780,82,2822,18932,6986,1
65892,dia 19 - Soja Saudavel Vaso 2,19.0,2.0,117.54,2373.0,32.8,93.73,9287,16811,83,2826,19015,6996,1
65893,dia 19 - Soja Saudavel Vaso 2,19.0,2.0,117.81,2341.0,32.8,93.73,9288,16812,82,2828,19010,6997,1
65894,dia 19 - Soja Saudavel Vaso 2,19.0,2.0,118.08,2357.0,32.8,93.73,9280,16816,83,2832,19016,6953,1
65895,dia 19 - Soja Saudavel Vaso 2,19.0,2.0,118.35,2386.0,32.8,93.73,9293,16820,83,2833,19017,7000,1
65896,dia 19 - Soja Saudavel Vaso 2,19.0,2.0,118.62,2396.0,32.8,93.73,9239,16821,83,2836,19017,6988,1
65897,dia 19 - Soja Saudavel Vaso 2,19.0,2.0,118.89,2382.0,32.8,93.73,9298,16823,83,2836,19017,6990,1
65898,dia 19 - Soja Saudavel Vaso 2,19.0,2.0,119.16,2362.0,32.8,93.73,9304,16802,83,2838,19022,7004,1
65899,dia 19 - Soja Saudavel Vaso 2,19.0,2.0,119.46,2375.0,32.8,93.73,9296,16813,83,2834,19002,6999,1
65900,dia 19 - Soja Saudavel Vaso 2,19.0,2.0,119.76,2386.0,32.8,93.73,9299,16817,83,2835,19003,7001,1
65901,dia 19 - Soja Saudavel Vaso 2,19.0,2.0,120.09,2384.0,32.8,93.74,9302,16819,83,2838,19005,7002,1
65902,dia 19 - Soja Saudavel Vaso 2,19.0,2.0,120.44,2387.0,32.8,93.73,9305,16780,83,2837,19013,7013,1
65903,dia 19 - Soja Saudavel Vaso 2,19.0,2.0,120.73,2382.0,32.8,93.73,9308,16826,84,2839,19007,6997,1
65904,dia 19 - Soja Saudavel Vaso 2,19.0,2.0,121.07,2391.0,32.8,93.73,9313,16829,83,2839,19009,7008,1
65905,dia 19 - Soja Saudavel Vaso 2,19.0,2.0,121.38,2355.0,32.8,93.74,9314,16833,83,2840,19008,7009,1
67127,dia 19 - Soja Saudavel Vaso 3,19.0,3.0,80.29,2274.0,34.0,92.67,9953,17223,80,2541,19667,7548,1
67128,dia 19 - Soja Saudavel Vaso 3,19.0,3.0,80.61,2279.0,34.0,92.99,9894,17321,80,2550,19659,7538,1
67129,dia 19 - Soja Saudavel Vaso 3,19.0,3.0,80.92,2258.0,34.0,93.21,9887,17317,80,2554,19653,7527,1
67130,dia 19 - Soja Saudavel Vaso 3,19.0,3.0,81.25,2298.0,34.0,93.39,9935,17311,80,2558,19648,7517,1
67131,dia 19 - Soja Saudavel Vaso 3,19.0,3.0,81.58,2281.0,34.0,93.51,9928,17302,81,2560,19633,7506,1
67132,dia 19 - Soja Saudavel Vaso 3,19.0,3.0,81.85,2261.0,34.0,93.57,9937,17318,80,2564,19653,7507,1
67133,dia 19 - Soja Saudavel Vaso 3,19.0,3.0,82.11,2284.0,34.0,93.62,9933,17314,80,2566,19646,7501,1
67134,dia 19 - Soja Saudavel Vaso 3,19.0,3.0,82.37,2305.0,34.0,93.64,9931,17313,80,2568,19645,7497,1
67135,dia 19 - Soja Saudavel Vaso 3,19.0,3.0,82.63,2275.0,34.0,93.67,9929,17310,81,2575,19642,7478,1
67136,dia 19 - Soja Saudavel Vaso 3,19.0,3.0,82.89,2232.0,34.0,93.68,9927,17310,80,2577,19640,7489,1
67137,dia 19 - Soja Saudavel Vaso 3,19.0,3.0,83.15,2284.0,34.0,93.69,9927,17284,80,2576,19640,7447,1
67138,dia 19 - Soja Saudavel Vaso 3,19.0,3.0,83.45,2279.0,34.0,93.71,9915,17293,81,2575,19621,7432,1
67139,dia 19 - Soja Saudavel Vaso 3,19.0,3.0,83.78,2274.0,34.0,93.7,9912,17195,81,2577,19622,7476,1
67140,dia 19 - Soja Saudavel Vaso 3,19.0,3.0,84.1,2272.0,34.0,93.71,9909,17288,81,2578,19624,7475,1
67141,dia 19 - Soja Saudavel Vaso 3,19.0,3.0,84.45,2246.0,34.1,93.71,9916,17254,81,2578,19609,7422,1
67142,dia 19 - Soja Saudavel Vaso 3,19.0,3.0,84.74,2276.0,34.1,93.72,9906,17291,81,2581,19622,7473,1
67143,dia 19 - Soja Saudavel Vaso 3,19.0,3.0,85.07,2256.0,34.0,93.72,9905,17290,81,2582,19622,7471,1
67144,dia 19 - Soja Saudavel Vaso 3,19.0,3.0,85.41,2282.0,34.1,93.72,9905,17294,81,2583,19512,7470,1
67145,dia 19 - Soja Saudavel Vaso 3,19.0,3.0,85.73,2286.0,34.1,93.72,9887,17306,82,2583,19642,7477,1
67146,dia 19 - Soja Saudavel Vaso 3,19.0,3.0,86.0,2273.0,34.1,93.72,9927,17334,81,2584,19661,7485,1
67147,dia 19 - Soja Saudavel Vaso 3,19.0,3.0,86.26,2261.0,34.1,93.73,9910,17318,82,2584,19633,7474,1
67148,dia 19 - Soja Saudavel Vaso 3,19.0,3.0,86.53,2266.0,34.1,93.72,9911,17318,81,2587,19638,7432,1
67149,dia 19 - Soja Saudavel Vaso 3,19.0,3.0,86.79,2266.0,34.1,93.72,9917,17320,81,2586,19631,7475,1
67150,dia 19 - Soja Saudavel Vaso 3,19.0,3.0,87.05,2264.0,34.1,93.72,9917,17320,81,2590,19523,7475,1
67151,dia 19 - Soja Saudavel Vaso 3,19.0,3.0,87.31,2268.0,34.1,93.72,9909,17308,82,2591,19618,7468,1
67152,dia 19 - Soja Saudavel Vaso 3,19.0,3.0,87.61,2272.0,34.1,93.72,9911,17305,81,2592,19619,7469,1
67153,dia 19 - Soja Saudavel Vaso 3,19.0,3.0,87.93,2282.0,34.1,93.72,9911,17309,82,2593,19621,7469,1
67154,dia 19 - Soja Saudavel Vaso 3,19.0,3.0,88.25,2283.0,34.1,93.72,9913,17313,82,2594,19620,7469,1
67155,dia 19 - Soja Saudavel Vaso 3,19.0,3.0,88.55,2284.0,34.1,93.72,9914,17315,82,2595,19621,7471,1
67156,dia 19 - Soja Saudavel Vaso 3,19.0,3.0,88.85,2242.0,34.1,93.72,9915,17316,82,2594,19619,7471,1
67157,dia 19 - Soja Saudavel Vaso 3,19.0,3.0,89.18,2256.0,34.1,93.72,9917,17318,82,2594,19622,7472,1
67158,dia 19 - Soja Saudavel Vaso 3,19.0,3.0,89.5,2263.0,34.1,93.72,9918,17319,82,2595,19509,7472,1
67159,dia 19 - Soja Saudavel Vaso 3,19.0,3.0,89.77,2268.0,34.1,93.72,9930,17341,82,2595,19642,7481,1
67160,dia 19 - Soja Saudavel Vaso 3,19.0,3.0,90.04,2274.0,34.1,93.72,9920,17337,82,2583,19628,7479,1
67161,dia 19 - Soja Saudavel Vaso 3,19.0,3.0,90.31,2255.0,34.1,93.72,9927,17340,82,2591,19639,7482,1
68395,dia 19 - Soja Saudavel Vaso 4,19.0,4.0,80.54,2340.0,36.2,90.24,10274,17033,76,2388,19956,7666,1
68396,dia 19 - Soja Saudavel Vaso 4,19.0,4.0,80.9,2338.0,36.3,91.0,10274,17023,77,2394,19962,7668,1
68397,dia 19 - Soja Saudavel Vaso 4,19.0,4.0,81.23,2324.0,36.3,91.61,10271,17025,77,2403,19961,7659,1
68398,dia 19 - Soja Saudavel Vaso 4,19.0,4.0,81.54,2336.0,36.3,92.1,10268,17030,77,2408,19953,7652,1
68399,dia 19 - Soja Saudavel Vaso 4,19.0,4.0,81.89,2357.0,36.3,92.54,10265,17035,77,2414,19848,7644,1
68400,dia 19 - Soja Saudavel Vaso 4,19.0,4.0,82.24,2333.0,36.3,92.91,10255,17045,77,2417,19928,7632,1
68401,dia 19 - Soja Saudavel Vaso 4,19.0,4.0,82.58,2332.0,36.3,93.17,10260,17033,77,2423,19954,7632,1
68402,dia 19 - Soja Saudavel Vaso 4,19.0,4.0,82.86,2341.0,36.3,93.33,10242,17063,78,2425,19973,7629,1
68403,dia 19 - Soja Saudavel Vaso 4,19.0,4.0,83.15,2342.0,36.3,93.46,10257,17039,77,2427,19957,7623,1
68404,dia 19 - Soja Saudavel Vaso 4,19.0,4.0,83.43,2334.0,36.3,93.54,10260,17038,78,2428,19843,7622,1
68405,dia 19 - Soja Saudavel Vaso 4,19.0,4.0,83.7,2339.0,36.3,93.6,10260,17039,78,2432,19967,7620,1
68406,dia 19 - Soja Saudavel Vaso 4,19.0,4.0,83.97,2337.0,36.3,93.64,10266,17004,77,2433,19920,7615,1
68407,dia 19 - Soja Saudavel Vaso 4,19.0,4.0,84.28,2333.0,36.3,93.67,10251,17022,77,2431,19947,7611,1
68408,dia 19 - Soja Saudavel Vaso 4,19.0,4.0,84.6,2342.0,36.3,93.68,10250,17028,77,2434,19951,7612,1
68409,dia 19 - Soja Saudavel Vaso 4,19.0,4.0,84.93,2342.0,36.3,93.69,10248,17032,78,2434,19952,7613,1
68410,dia 19 - Soja Saudavel Vaso 4,19.0,4.0,85.29,2362.0,36.3,93.71,10248,17033,77,2439,19954,7614,1
68411,dia 19 - Soja Saudavel Vaso 4,19.0,4.0,85.58,2364.0,36.3,93.71,10246,16929,77,2441,19957,7616,1
68412,dia 19 - Soja Saudavel Vaso 4,19.0,4.0,85.89,2333.0,36.3,93.71,10247,16965,77,2441,19954,7617,1
68413,dia 19 - Soja Saudavel Vaso 4,19.0,4.0,86.23,2351.0,36.3,93.72,10247,17037,77,2434,19959,7618,1
68414,dia 19 - Soja Saudavel Vaso 4,19.0,4.0,86.58,2349.0,36.3,93.72,10247,17039,77,2443,19956,7602,1
68415,dia 19 - Soja Saudavel Vaso 4,19.0,4.0,86.92,2360.0,36.3,93.73,10258,16965,78,2443,19980,7629,1
68416,dia 19 - Soja Saudavel Vaso 4,19.0,4.0,87.2,2355.0,36.3,93.72,10268,17082,78,2436,20002,7591,1
68417,dia 19 - Soja Saudavel Vaso 4,19.0,4.0,87.49,2354.0,36.3,93.73,10256,17064,77,2443,19973,7621,1
68418,dia 19 - Soja Saudavel Vaso 4,19.0,4.0,87.76,2351.0,36.3,93.73,10258,17066,78,2447,19975,7633,1
68419,dia 19 - Soja Saudavel Vaso 4,19.0,4.0,88.04,2338.0,36.3,93.73,10255,16963,78,2448,19979,7631,1
68420,dia 19 - Soja Saudavel Vaso 4,19.0,4.0,88.31,2373.0,36.3,93.73,10255,17064,77,2450,19981,7636,1
68421,dia 19 - Soja Saudavel Vaso 4,19.0,4.0,88.59,2343.0,36.4,93.73,10246,17049,78,2450,19962,7626,1
68422,dia 19 - Soja Saudavel Vaso 4,19.0,4.0,88.91,2358.0,36.3,93.73,10246,17054,78,2453,19962,7630,1
68423,dia 19 - Soja Saudavel Vaso 4,19.0,4.0,89.26,2336.0,36.3,93.72,10245,17055,77,2454,19854,7631,1
68424,dia 19 - Soja Saudavel Vaso 4,19.0,4.0,89.61,2327.0,36.3,93.73,10245,17057,78,2454,19963,7632,1
68425,dia 19 - Soja Saudavel Vaso 4,19.0,4.0,89.94,2346.0,36.3,93.73,10245,17058,77,2454,19965,7633,1
68426,dia 19 - Soja Saudavel Vaso 4,19.0,4.0,90.27,2356.0,36.4,93.73,10245,17063,78,2456,19962,7634,1
68427,dia 19 - Soja Saudavel Vaso 4,19.0,4.0,90.57,2378.0,36.3,93.73,10246,17062,78,2454,19963,7635,1
68428,dia 19 - Soja Saudavel Vaso 4,19.0,4.0,90.94,2341.0,36.4,93.73,10246,17065,78,2453,19962,7637,1
68429,dia 19 - Soja Saudavel Vaso 4,19.0,4.0,91.28,2382.0,36.4,93.73,10258,17088,78,2453,19984,7647,1
68430,dia 19 - Soja Saudavel Vaso 4,19.0,4.0,91.57,2340.0,36.4,93.73,10268,17098,78,2445,19912,7644,1
68431,dia 19 - Soja Saudavel Vaso 4,19.0,4.0,91.86,2330.0,36.4,93.73,10259,17085,77,2442,19930,7645,1
68432,dia 19 - Soja Saudavel Vaso 4,19.0,4.0,92.14,2342.0,36.4,93.73,10257,17091,78,2450,19915,7641,1
68433,dia 19 - Soja Saudavel Vaso 4,19.0,4.0,92.42,2342.0,36.4,93.73,10255,17086,78,2446,19979,7650,1
69660,dia 19 - Soja Saudavel Vaso 5,19.0,5.0,112.44,2126.0,38.2,93.73,10076,17677,75,2245,20098,7612,1
69661,dia 19 - Soja Saudavel Vaso 5,19.0,5.0,112.73,2120.0,38.2,93.73,10075,17677,74,2248,20092,7610,1
69662,dia 19 - Soja Saudavel Vaso 5,19.0,5.0,113.01,2114.0,38.2,93.72,10074,17671,74,2249,20046,7569,1
69663,dia 19 - Soja Saudavel Vaso 5,19.0,5.0,113.29,2165.0,38.2,93.72,10074,17677,75,2250,20096,7607,1
69664,dia 19 - Soja Saudavel Vaso 5,19.0,5.0,113.57,2156.0,38.2,93.73,10073,17672,74,2249,20100,7608,1
69665,dia 19 - Soja Saudavel Vaso 5,19.0,5.0,113.85,2132.0,38.2,93.72,10064,17659,74,2269,20075,7601,1
69666,dia 19 - Soja Saudavel Vaso 5,19.0,5.0,114.16,2113.0,38.2,93.73,10062,17660,74,2287,20076,7599,1
69667,dia 19 - Soja Saudavel Vaso 5,19.0,5.0,114.52,2121.0,38.2,93.72,10061,17658,75,2296,20078,7598,1
69668,dia 19 - Soja Saudavel Vaso 5,19.0,5.0,114.88,2125.0,38.2,93.72,10060,17663,75,2295,20076,7596,1
69669,dia 19 - Soja Saudavel Vaso 5,19.0,5.0,115.22,2134.0,38.2,93.72,10061,17661,75,2298,20077,7596,1
69670,dia 19 - Soja Saudavel Vaso 5,19.0,5.0,115.53,2130.0,38.2,93.72,10060,17661,75,2297,20077,7595,1
69671,dia 19 - Soja Saudavel Vaso 5,19.0,5.0,115.85,2120.0,38.2,93.72,10059,17663,73,2301,20077,7593,1
69672,dia 19 - Soja Saudavel Vaso 5,19.0,5.0,116.19,2138.0,38.3,93.72,10057,17662,74,2305,19950,7593,1
69673,dia 19 - Soja Saudavel Vaso 5,19.0,5.0,116.64,2105.0,38.3,93.72,10057,17663,74,2304,20078,7592,1
69674,dia 19 - Soja Saudavel Vaso 5,19.0,5.0,116.98,2132.0,38.3,93.72,10070,17687,73,2305,20103,7601,1
69675,dia 19 - Soja Saudavel Vaso 5,19.0,5.0,117.26,2170.0,38.3,93.72,10080,17705,74,2295,20124,7609,1
69676,dia 19 - Soja Saudavel Vaso 5,19.0,5.0,117.54,2109.0,38.3,93.72,10067,17680,75,2299,20098,7598,1
69677,dia 19 - Soja Saudavel Vaso 5,19.0,5.0,117.81,2137.0,38.3,93.73,10063,17683,74,2298,20098,7597,1
69678,dia 19 - Soja Saudavel Vaso 5,19.0,5.0,118.08,2124.0,38.3,93.72,10065,17683,74,2299,20098,7596,1
69679,dia 19 - Soja Saudavel Vaso 5,19.0,5.0,118.35,2131.0,38.3,93.72,9985,17646,74,2304,20100,7596,1
69680,dia 19 - Soja Saudavel Vaso 5,19.0,5.0,118.65,2125.0,38.3,93.72,10055,17551,74,2301,20084,7592,1
69681,dia 19 - Soja Saudavel Vaso 5,19.0,5.0,118.97,2122.0,38.3,93.72,10055,17668,73,2301,20081,7587,1
69682,dia 19 - Soja Saudavel Vaso 5,19.0,5.0,119.32,2123.0,38.3,93.72,10054,17667,74,2300,20083,7585,1
69683,dia 19 - Soja Saudavel Vaso 5,19.0,5.0,119.67,2127.0,38.3,93.72,10052,17557,74,2301,20081,7585,1
69684,dia 19 - Soja Saudavel Vaso 5,19.0,5.0,120.03,2141.0,38.3,93.72,10052,17675,74,2298,20081,7585,1
69685,dia 19 - Soja Saudavel Vaso 5,19.0,5.0,120.35,2107.0,38.3,93.72,10052,17670,74,2297,20083,7584,1
69686,dia 19 - Soja Saudavel Vaso 5,19.0,5.0,120.7,2080.0,38.3,93.72,9986,17671,75,2302,20084,7582,1
69687,dia 19 - Soja Saudavel Vaso 5,19.0,5.0,121.06,2124.0,38.3,93.72,10050,17669,74,2303,20083,7582,1
69688,dia 19 - Soja Saudavel Vaso 5,19.0,5.0,121.44,2124.0,38.3,93.72,10063,17691,75,2304,20108,7591,1
69689,dia 19 - Soja Saudavel Vaso 5,19.0,5.0,121.71,2132.0,38.3,93.72,10062,17693,74,2305,19986,7596,1
69690,dia 19 - Soja Saudavel Vaso 5,19.0,5.0,121.99,2131.0,38.3,93.46,9945,17496,73,2302,19888,7498,1
69691,dia 19 - Soja Saudavel Vaso 5,19.0,5.0,122.27,2115.0,38.3,91.88,9967,17544,74,2299,19933,7514,1
69692,dia 19 - Soja Saudavel Vaso 5,19.0,5.0,122.55,2110.0,38.3,90.61,9891,17545,73,2300,19933,7511,1
69693,dia 19 - Soja Saudavel Vaso 5,19.0,5.0,122.83,2121.0,38.3,89.62,9956,17542,73,2296,19937,7507,1
69694,dia 19 - Soja Saudavel Vaso 5,19.0,5.0,123.11,2122.0,38.3,88.71,9946,17531,73,2292,19923,7500,1
69695,dia 19 - Soja Saudavel Vaso 5,19.0,5.0,123.44,2105.0,38.3,87.78,9945,17536,74,2293,19928,7499,1
69696,dia 19 - Soja Saudavel Vaso 5,19.0,5.0,123.8,2135.0,38.4,86.82,9946,17536,73,2286,19930,7497,1
69697,dia 19 - Soja Saudavel Vaso 5,19.0,5.0,124.16,2123.0,38.4,85.94,9943,17536,74,2264,19921,7491,1
69698,dia 19 - Soja Saudavel Vaso 5,19.0,5.0,124.51,2090.0,38.4,85.12,9946,17538,73,2250,19923,7488,1
69699,dia 19 - Soja Saudavel Vaso 5,19.0,5.0,124.83,2119.0,38.4,84.41,9948,17535,74,2258,19921,7486,1
69700,dia 19 - Soja Saudavel Vaso 5,19.0,5.0,125.16,2117.0,38.4,83.67,9954,17544,73,2262,19931,7488,1
69701,dia 19 - Soja Saudavel Vaso 5,19.0,5.0,125.5,2149.0,38.4,82.94,9960,17553,73,2260,19805,7488,1
69702,dia 19 - Soja Saudavel Vaso 5,19.0,5.0,125.89,2106.0,38.4,82.17,9974,17579,73,2258,19958,7499,1
69703,dia 19 - Soja Saudavel Vaso 5,19.0,5.0,126.16,2123.0,38.4,81.62,9984,17588,72,2257,19967,7505,1
69704,dia 19 - Soja Saudavel Vaso 5,19.0,5.0,126.45,2131.0,38.4,81.1,9937,17609,72,2254,19988,7515,1
69705,dia 19 - Soja Saudavel Vaso 5,19.0,5.0,126.73,2121.0,38.4,80.59,10010,17627,73,2254,20002,7481,1
69706,dia 19 - Soja Saudavel Vaso 5,19.0,5.0,127.01,2111.0,38.4,80.06,10015,17626,73,2256,20005,7527,1
69707,dia 19 - Soja Saudavel Vaso 5,19.0,5.0,127.29,2115.0,38.4,79.55,10020,17636,73,2253,20006,7533,1
69708,dia 19 - Soja Saudavel Vaso 5,19.0,5.0,127.58,2107.0,38.4,79.03,10028,17645,72,2245,20018,7544,1
69709,dia 19 - Soja Saudavel Vaso 5,19.0,5.0,127.85,2138.0,38.4,78.53,10019,17619,71,2242,19870,7538,1
69710,dia 19 - Soja Saudavel Vaso 5,19.0,5.0,128.18,2152.0,38.4,77.98,9978,17619,73,2242,19985,7539,1
69711,dia 19 - Soja Saudavel Vaso 5,19.0,5.0,128.52,2083.0,38.4,77.43,10024,17617,71,2237,19988,7544,1
69712,dia 19 - Soja Saudavel Vaso 5,19.0,5.0,128.85,2155.0,38.4,76.88,10030,17629,71,2232,19995,7550,1
69713,dia 19 - Soja Saudavel Vaso 5,19.0,5.0,129.24,2139.0,38.4,76.23,10033,17648,71,2228,19993,7552,1
69714,dia 19 - Soja Saudavel Vaso 5,19.0,5.0,129.55,2143.0,38.4,75.72,10033,17641,73,2225,20005,7557,1
69715,dia 19 - Soja Saudavel Vaso 5,19.0,5.0,129.91,2147.0,38.4,75.17,10032,17634,72,2221,19887,7560,1
69716,dia 19 - Soja Saudavel Vaso 5,19.0,5.0,130.26,2167.0,38.5,74.63,10030,17633,72,2217,20006,7565,1
69717,dia 19 - Soja Saudavel Vaso 5,19.0,5.0,130.65,2126.0,38.5,74.05,10011,17650,71,2215,20021,7573,1
69718,dia 19 - Soja Saudavel Vaso 5,19.0,5.0,130.93,2152.0,38.5,73.63,10036,17651,72,2213,20030,7545,1
69719,dia 19 - Soja Saudavel Vaso 5,19.0,5.0,131.2,2152.0,38.5,73.22,10038,17656,71,2216,20035,7584,1
69720,dia 19 - Soja Saudavel Vaso 5,19.0,5.0,131.47,2134.0,38.5,72.82,10042,17668,72,2215,20045,7591,1
69721,dia 19 - Soja Saudavel Vaso 5,19.0,5.0,131.75,2127.0,38.5,72.43,10040,17671,71,2215,19929,7594,1
69722,dia 19 - Soja Saudavel Vaso 5,19.0,5.0,132.03,2129.0,38.5,72.03,10041,17679,71,2212,20053,7600,1
69723,dia 19 - Soja Saudavel Vaso 5,19.0,5.0,132.31,2147.0,38.5,71.63,10037,17662,71,2213,20045,7600,1
69724,dia 19 - Soja Saudavel Vaso 5,19.0,5.0,132.62,2100.0,38.5,71.18,10038,17679,71,2208,20050,7605,1
69725,dia 19 - Soja Saudavel Vaso 5,19.0,5.0,132.97,2129.0,38.5,70.68,10041,17674,71,2202,19952,7612,1
69726,dia 19 - Soja Saudavel Vaso 5,19.0,5.0,133.33,2123.0,38.5,70.19,10047,17684,71,2200,20067,7617,1
69727,dia 19 - Soja Saudavel Vaso 5,19.0,5.0,133.68,2127.0,38.5,69.7,10050,17683,71,2196,20073,7622,1
69728,dia 19 - Soja Saudavel Vaso 5,19.0,5.0,134.01,2128.0,38.5,69.27,10056,17601,71,2195,20085,7628,1
69729,dia 19 - Soja Saudavel Vaso 5,19.0,5.0,134.35,2117.0,38.5,68.83,10056,17691,71,2199,20086,7627,1
69730,dia 19 - Soja Saudavel Vaso 5,19.0,5.0,134.68,2183.0,38.5,68.39,10056,17695,71,2199,20087,7628,1
69731,dia 19 - Soja Saudavel Vaso 5,19.0,5.0,135.07,2104.0,38.5,67.9,10069,17714,71,2197,20114,7639,1
69732,dia 19 - Soja Saudavel Vaso 5,19.0,5.0,135.35,2140.0,38.5,67.56,10018,17729,71,2196,20130,7646,1
69733,dia 19 - Soja Saudavel Vaso 5,19.0,5.0,135.63,2092.0,38.5,67.67,9964,17533,70,2186,19916,7560,1
69734,dia 19 - Soja Saudavel Vaso 5,19.0,5.0,135.91,2092.0,38.5,68.88,9963,17542,69,2184,19926,7554,1
69735,dia 19 - Soja Saudavel Vaso 5,19.0,5.0,136.19,2104.0,38.5,69.97,9966,17548,70,2180,19942,7549,1
69736,dia 19 - Soja Saudavel Vaso 5,19.0,5.0,136.47,2056.0,38.5,71.04,9969,17456,71,2182,19948,7543,1
69737,dia 19 - Soja Saudavel Vaso 5,19.0,5.0,136.85,2080.0,38.5,72.43,9967,17554,70,2179,19946,7489,1
69738,dia 19 - Soja Saudavel Vaso 5,19.0,5.0,137.18,2081.0,38.5,73.57,9971,17537,70,2178,19919,7530,1
69739,dia 19 - Soja Saudavel Vaso 5,19.0,5.0,137.52,2092.0,38.5,74.73,9977,17569,70,2177,19965,7528,1
69740,dia 19 - Soja Saudavel Vaso 5,19.0,5.0,137.89,2101.0,38.5,75.94,9981,17575,71,2177,19856,7525,1
69741,dia 19 - Soja Saudavel Vaso 5,19.0,5.0,138.25,2123.0,38.5,77.1,9988,17586,70,2183,19985,7523,1
69742,dia 19 - Soja Saudavel Vaso 5,19.0,5.0,138.57,2110.0,38.5,78.14,9993,17592,71,2179,19992,7521,1
69743,dia 19 - Soja Saudavel Vaso 5,19.0,5.0,138.91,2106.0,38.5,79.23,9994,17599,70,2187,20003,7476,1
69744,dia 19 - Soja Saudavel Vaso 5,19.0,5.0,139.24,2049.0,38.5,80.26,9934,17604,70,2194,20005,7511,1
69745,dia 19 - Soja Saudavel Vaso 5,19.0,5.0,139.63,2093.0,38.5,81.45,9997,17624,70,2199,20028,7470,1
69746,dia 19 - Soja Saudavel Vaso 5,19.0,5.0,139.91,2131.0,38.5,82.3,9993,17628,71,2204,20033,7507,1
69747,dia 19 - Soja Saudavel Vaso 5,19.0,5.0,140.19,2082.0,38.5,83.14,9989,17631,71,2206,20034,7488,1
69748,dia 19 - Soja Saudavel Vaso 5,19.0,5.0,140.47,2098.0,38.5,83.97,9974,17534,71,2214,20042,7496,1
69749,dia 19 - Soja Saudavel Vaso 5,19.0,5.0,140.78,2097.0,38.6,84.87,9990,17576,71,2218,20054,7494,1
69750,dia 19 - Soja Saudavel Vaso 5,19.0,5.0,141.07,2099.0,38.6,85.7,9988,17653,71,2223,20058,7452,1
69751,dia 19 - Soja Saudavel Vaso 5,19.0,5.0,141.36,2086.0,38.5,86.51,9984,17652,71,2226,20063,7483,1
69752,dia 19 - Soja Saudavel Vaso 5,19.0,5.0,141.66,2099.0,38.6,87.32,9975,17640,72,2227,20044,7470,1
69753,dia 19 - Soja Saudavel Vaso 5,19.0,5.0,141.99,2068.0,38.6,88.21,9971,17546,71,2224,20046,7464,1
69754,dia 19 - Soja Saudavel Vaso 5,19.0,5.0,142.34,2106.0,38.6,89.09,9968,17646,72,2232,20050,7456,1
69755,dia 19 - Soja Saudavel Vaso 5,19.0,5.0,142.7,2080.0,38.6,89.9,9963,17649,72,2237,20052,7407,1
69756,dia 19 - Soja Saudavel Vaso 5,19.0,5.0,143.07,2070.0,38.6,90.67,9955,17662,72,2239,20037,7439,1
69757,dia 19 - Soja Saudavel Vaso 5,19.0,5.0,143.41,2089.0,38.6,91.29,9955,17668,73,2246,20043,7394,1
69758,dia 19 - Soja Saudavel Vaso 5,19.0,5.0,143.77,2099.0,38.6,91.86,9954,17667,72,2248,20041,7429,1
69759,dia 19 - Soja Saudavel Vaso 5,19.0,5.0,144.13,2103.0,38.6,92.33,9948,17653,71,2253,20035,7376,1
69760,dia 19 - Soja Saudavel Vaso 5,19.0,5.0,144.47,2092.0,38.6,92.71,9955,17651,72,2257,20056,7421,1
69761,dia 19 - Soja Saudavel Vaso 5,19.0,5.0,144.76,2114.0,38.6,92.97,9952,17544,73,2259,20051,7414,1
69762,dia 19 - Soja Saudavel Vaso 5,19.0,5.0,145.04,2092.0,38.6,93.17,9949,17636,72,2262,20041,7409,1
69763,dia 19 - Soja Saudavel Vaso 5,19.0,5.0,145.33,2077.0,38.6,93.32,9947,17634,71,2268,20039,7404,1
69764,dia 19 - Soja Saudavel Vaso 5,19.0,5.0,145.61,2073.0,38.6,93.43,9947,17632,72,2268,20036,7401,1
69765,dia 19 - Soja Saudavel Vaso 5,19.0,5.0,145.9,2105.0,38.6,93.52,9890,17630,71,2273,20033,7397,1
69766,dia 19 - Soja Saudavel Vaso 5,19.0,5.0,146.21,2119.0,38.6,93.57,9941,17615,72,2274,20015,7389,1
69767,dia 19 - Soja Saudavel Vaso 5,19.0,5.0,146.53,2086.0,38.6,93.62,9938,17613,72,2272,20011,7388,1
69768,dia 19 - Soja Saudavel Vaso 5,19.0,5.0,146.88,2091.0,38.6,93.65,9937,17614,73,2272,20014,7387,1
69769,dia 19 - Soja Saudavel Vaso 5,19.0,5.0,147.23,2120.0,38.6,93.67,9936,17616,72,2271,20014,7388,1
69770,dia 19 - Soja Saudavel Vaso 5,19.0,5.0,147.61,2075.0,38.6,93.68,9935,17617,72,2272,20013,7347,1
69771,dia 19 - Soja Saudavel Vaso 5,19.0,5.0,147.94,2092.0,38.6,93.7,9935,17524,73,2269,20012,7391,1
69772,dia 19 - Soja Saudavel Vaso 5,19.0,5.0,148.28,2087.0,38.6,93.7,9932,17617,73,2275,20013,7391,1
69773,dia 19 - Soja Saudavel Vaso 5,19.0,5.0,148.62,2093.0,38.6,93.69,9934,17620,72,2277,20013,7394,1
69774,dia 19 - Soja Saudavel Vaso 5,19.0,5.0,149.01,2095.0,38.6,93.71,9945,17641,72,2271,20035,7404,1
69775,dia 19 - Soja Saudavel Vaso 5,19.0,5.0,149.31,2098.0,38.6,93.7,9946,17643,73,2273,20040,7406,1
69776,dia 19 - Soja Saudavel Vaso 5,19.0,5.0,149.6,2112.0,38.6,93.71,9943,17645,73,2276,20029,7406,1
69777,dia 19 - Soja Saudavel Vaso 5,19.0,5.0,149.89,2100.0,38.6,93.71,9889,17647,73,2278,19981,7409,1
69778,dia 19 - Soja Saudavel Vaso 5,19.0,5.0,150.18,2111.0,38.6,93.71,9944,17647,73,2278,19959,7410,1
69779,dia 19 - Soja Saudavel Vaso 5,19.0,5.0,150.46,2074.0,38.6,93.71,9938,17634,73,2280,20019,7411,1
69780,dia 19 - Soja Saudavel Vaso 5,19.0,5.0,150.78,2096.0,38.6,93.71,9939,17638,73,2280,20017,7366,1
69781,dia 19 - Soja Saudavel Vaso 5,19.0,5.0,151.14,2069.0,38.6,93.71,9942,17642,73,2279,20023,7411,1
69782,dia 19 - Soja Saudavel Vaso 5,19.0,5.0,151.47,2102.0,38.6,93.72,9943,17645,73,2277,20023,7413,1
69783,dia 19 - Soja Saudavel Vaso 5,19.0,5.0,151.84,2110.0,38.6,93.71,9947,17647,73,2279,20024,7416,1
69784,dia 19 - Soja Saudavel Vaso 5,19.0,5.0,152.17,2099.0,38.6,93.71,9947,17649,73,2280,20024,7419,1
69785,dia 19 - Soja Saudavel Vaso 5,19.0,5.0,152.49,2100.0,38.6,93.71,9949,17653,74,2282,20026,7421,1
69786,dia 19 - Soja Saudavel Vaso 5,19.0,5.0,152.82,2081.0,38.6,93.71,9950,17654,73,2281,20027,7424,1
69787,dia 19 - Soja Saudavel Vaso 5,19.0,5.0,153.18,2067.0,38.6,93.71,9953,17655,73,2279,20026,7426,1
69788,dia 19 - Soja Saudavel Vaso 5,19.0,5.0,153.54,2142.0,38.6,93.71,9966,17681,74,2283,20046,7436,1
69789,dia 19 - Soja Saudavel Vaso 5,19.0,5.0,153.84,2105.0,38.7,93.71,9957,17671,72,2282,20037,7438,1
69790,dia 19 - Soja Saudavel Vaso 5,19.0,5.0,154.13,2080.0,38.6,93.72,9967,17677,73,2285,20046,7439,1
69791,dia 19 - Soja Saudavel Vaso 5,19.0,5.0,154.42,2108.0,38.6,93.72,9966,17684,72,2284,20038,7441,1
69792,dia 19 - Soja Saudavel Vaso 5,19.0,5.0,154.71,2115.0,38.7,93.72,9969,17685,72,2289,20043,7443,1
69793,dia 19 - Soja Saudavel Vaso 5,19.0,5.0,154.99,2095.0,38.7,93.72,9960,17666,72,2288,19910,7441,1
69794,dia 19 - Soja Saudavel Vaso 5,19.0,5.0,155.4,2106.0,38.6,93.71,9960,17671,73,2285,19914,7439,1
