dataset,Coleta,Dia,Vaso,Classe,Tempo_evento,linha_global_evento,pressao_evento,delta_pressao,limiar_delta_pressao,linha_corte_inicio,linha_corte_fim,Tempo_corte_inicio,Tempo_corte_fim,janela_linhas
antes_dia_20,dia 11 - Soja Heterodera Vaso 6,11.0,6.0,0,299.98,670,93.04,0.5,0.1,640,700,292.33,308.28,30
antes_dia_20,dia 11 - Soja Heterodera Vaso 6,11.0,6.0,0,300.23,671,91.56,1.480000000000004,0.1,641,701,292.64,308.53,30
antes_dia_20,dia 11 - Soja Heterodera Vaso 6,11.0,6.0,0,300.5,672,90.19,1.3700000000000045,0.1,642,702,292.88,308.78,30
antes_dia_20,dia 11 - Soja Heterodera Vaso 6,11.0,6.0,0,300.75,673,89.13,1.0600000000000023,0.1,643,703,293.13,309.04,30
antes_dia_20,dia 11 - Soja Heterodera Vaso 6,11.0,6.0,0,301.0,674,88.18,0.9499999999999886,0.1,644,704,293.38,309.3,30
antes_dia_20,dia 11 - Soja Heterodera Vaso 6,11.0,6.0,0,301.25,675,87.34,0.8400000000000034,0.1,645,705,293.63,309.54,30
antes_dia_20,dia 11 - Soja Heterodera Vaso 6,11.0,6.0,0,301.55,676,86.38,0.960000000000008,0.1,646,706,293.88,309.79,30
antes_dia_20,dia 11 - Soja Heterodera Vaso 6,11.0,6.0,0,301.8,677,85.66,0.7199999999999989,0.1,647,707,294.13,310.04,30
antes_dia_20,dia 11 - Soja Heterodera Vaso 6,11.0,6.0,0,302.04,678,85.0,0.6599999999999966,0.1,648,708,294.38,310.34,30
antes_dia_20,dia 11 - Soja Heterodera Vaso 6,11.0,6.0,0,302.46,679,83.98,1.019999999999996,0.1,649,709,294.62,310.59,30
antes_dia_20,dia 11 - Soja Heterodera Vaso 6,11.0,6.0,0,303.02,680,82.71,1.2700000000000102,0.1,650,710,294.93,310.84,30
antes_dia_20,dia 11 - Soja Heterodera Vaso 6,11.0,6.0,0,303.43,681,81.88,0.8299999999999983,0.1,651,711,295.18,311.08,30
antes_dia_20,dia 11 - Soja Heterodera Vaso 6,11.0,6.0,0,303.74,682,81.31,0.5699999999999932,0.1,652,712,295.42,311.43,30
antes_dia_20,dia 11 - Soja Heterodera Vaso 6,11.0,6.0,0,303.98,683,80.87,0.4399999999999977,0.1,653,713,295.67,311.68,30
antes_dia_20,dia 11 - Soja Heterodera Vaso 6,11.0,6.0,0,304.23,684,80.44,0.4300000000000068,0.1,654,714,295.93,311.93,30
antes_dia_20,dia 11 - Soja Heterodera Vaso 6,11.0,6.0,0,304.48,685,80.05,0.39000000000000057,0.1,655,715,296.18,312.18,30
antes_dia_20,dia 11 - Soja Heterodera Vaso 6,11.0,6.0,0,304.73,686,79.66,0.39000000000000057,0.1,656,716,296.43,312.43,30
antes_dia_20,dia 11 - Soja Heterodera Vaso 6,11.0,6.0,0,304.98,687,79.29,0.36999999999999034,0.1,657,717,296.67,312.68,30
antes_dia_20,dia 11 - Soja Heterodera Vaso 6,11.0,6.0,0,305.23,688,78.93,0.35999999999999943,0.1,658,718,296.93,312.93,30
antes_dia_20,dia 11 - Soja Heterodera Vaso 6,11.0,6.0,0,305.48,689,78.59,0.3400000000000034,0.1,659,719,297.19,313.18,30
antes_dia_20,dia 11 - Soja Heterodera Vaso 6,11.0,6.0,0,305.73,690,78.26,0.3299999999999983,0.1,660,720,297.44,313.42,30
antes_dia_20,dia 11 - Soja Heterodera Vaso 6,11.0,6.0,0,306.0,691,77.91,0.3500000000000085,0.1,661,721,297.69,313.72,30
antes_dia_20,dia 11 - Soja Heterodera Vaso 6,11.0,6.0,0,306.24,692,77.61,0.29999999999999716,0.1,662,722,297.94,313.98,30
antes_dia_20,dia 11 - Soja Heterodera Vaso 6,11.0,6.0,0,306.49,693,77.33,0.28000000000000114,0.1,663,723,298.24,314.22,30
antes_dia_20,dia 11 - Soja Heterodera Vaso 6,11.0,6.0,0,306.74,694,77.05,0.28000000000000114,0.1,664,724,298.49,314.47,30
antes_dia_20,dia 11 - Soja Heterodera Vaso 6,11.0,6.0,0,307.04,695,76.71,0.3400000000000034,0.1,665,725,298.74,314.73,30
antes_dia_20,dia 11 - Soja Heterodera Vaso 6,11.0,6.0,0,307.29,696,76.46,0.25,0.1,666,726,298.98,314.98,30
antes_dia_20,dia 11 - Soja Heterodera Vaso 6,11.0,6.0,0,307.54,697,76.22,0.23999999999999488,0.1,667,727,299.23,315.22,30
antes_dia_20,dia 11 - Soja Heterodera Vaso 6,11.0,6.0,0,307.79,698,75.98,0.23999999999999488,0.1,668,728,299.48,315.47,30
antes_dia_20,dia 11 - Soja Heterodera Vaso 6,11.0,6.0,0,308.03,699,75.75,0.23000000000000398,0.1,669,729,299.73,315.72,30
antes_dia_20,dia 11 - Soja Heterodera Vaso 6,11.0,6.0,0,308.28,700,75.54,0.20999999999999375,0.1,670,730,299.98,315.98,30
antes_dia_20,dia 11 - Soja Heterodera Vaso 6,11.0,6.0,0,308.53,701,75.33,0.21000000000000796,0.1,671,731,300.23,316.23,30
antes_dia_20,dia 11 - Soja Heterodera Vaso 6,11.0,6.0,0,308.78,702,75.13,0.20000000000000284,0.1,672,732,300.5,316.46,30
antes_dia_20,dia 11 - Soja Heterodera Vaso 6,11.0,6.0,0,309.04,703,74.93,0.19999999999998863,0.1,673,733,300.75,316.69,30
antes_dia_20,dia 11 - Soja Heterodera Vaso 6,11.0,6.0,0,309.3,704,74.73,0.20000000000000284,0.1,674,734,301.0,316.92,30
antes_dia_20,dia 11 - Soja Heterodera Vaso 6,11.0,6.0,0,309.54,705,74.55,0.18000000000000682,0.1,675,735,301.25,317.16,30
antes_dia_20,dia 11 - Soja Heterodera Vaso 6,11.0,6.0,0,309.79,706,74.38,0.1700000000000017,0.1,676,736,301.55,317.39,30
antes_dia_20,dia 11 - Soja Heterodera Vaso 6,11.0,6.0,0,310.04,707,74.22,0.1599999999999966,0.1,677,737,301.8,317.78,30
antes_dia_20,dia 11 - Soja Heterodera Vaso 6,11.0,6.0,0,310.34,708,74.02,0.20000000000000284,0.1,678,738,302.04,318.32,30
antes_dia_20,dia 11 - Soja Heterodera Vaso 6,11.0,6.0,0,310.59,709,73.86,0.1599999999999966,0.1,679,739,302.46,318.71,30
antes_dia_20,dia 11 - Soja Heterodera Vaso 6,11.0,6.0,0,310.84,710,73.71,0.15000000000000568,0.1,680,740,303.02,318.94,30
antes_dia_20,dia 11 - Soja Heterodera Vaso 6,11.0,6.0,0,311.08,711,73.57,0.14000000000000057,0.1,681,741,303.43,319.17,30
antes_dia_20,dia 11 - Soja Heterodera Vaso 6,11.0,6.0,0,311.43,712,73.37,0.19999999999998863,0.1,682,742,303.74,319.41,30
antes_dia_20,dia 11 - Soja Heterodera Vaso 6,11.0,6.0,0,311.68,713,73.25,0.12000000000000455,0.1,683,743,303.98,319.65,30
antes_dia_20,dia 11 - Soja Heterodera Vaso 6,11.0,6.0,0,311.93,714,73.12,0.12999999999999545,0.1,684,744,304.23,319.88,30
antes_dia_20,dia 11 - Soja Heterodera Vaso 6,11.0,6.0,0,312.18,715,72.99,0.13000000000000966,0.1,685,745,304.48,320.11,30
antes_dia_20,dia 11 - Soja Heterodera Vaso 6,11.0,6.0,0,312.43,716,72.87,0.11999999999999034,0.1,686,746,304.73,320.34,30
antes_dia_20,dia 11 - Soja Heterodera Vaso 6,11.0,6.0,0,312.68,717,72.75,0.12000000000000455,0.1,687,747,304.98,320.58,30
antes_dia_20,dia 11 - Soja Heterodera Vaso 6,11.0,6.0,0,312.93,718,72.64,0.10999999999999943,0.1,688,748,305.23,320.81,30
antes_dia_20,dia 11 - Soja Heterodera Vaso 6,11.0,6.0,0,313.42,720,72.43,0.10999999999999943,0.1,690,750,305.73,321.27,30
antes_dia_20,dia 11 - Soja Heterodera Vaso 6,11.0,6.0,0,313.72,721,72.31,0.12000000000000455,0.1,691,751,306.0,321.5,30
antes_dia_20,dia 11 - Soja Heterodera Vaso 6,11.0,6.0,0,313.98,722,72.19,0.12000000000000455,0.1,692,752,306.24,321.74,30
antes_dia_20,dia 11 - Soja Heterodera Vaso 6,11.0,6.0,0,318.32,738,70.94,0.12000000000000455,0.1,708,768,310.34,325.51,30
antes_dia_20,dia 11 - Soja Heterodera Vaso 6,11.0,6.0,0,319.41,742,72.72,1.9599999999999937,0.1,712,772,311.43,326.44,30
antes_dia_20,dia 11 - Soja Heterodera Vaso 6,11.0,6.0,0,319.65,743,79.17,6.450000000000003,0.1,713,773,311.68,326.67,30
antes_dia_20,dia 11 - Soja Heterodera Vaso 6,11.0,6.0,0,319.88,744,84.02,4.849999999999994,0.1,714,774,311.93,326.9,30
antes_dia_20,dia 11 - Soja Heterodera Vaso 6,11.0,6.0,0,320.11,745,87.73,3.710000000000008,0.1,715,775,312.18,327.13,30
antes_dia_20,dia 11 - Soja Heterodera Vaso 6,11.0,6.0,0,320.34,746,90.44,2.7099999999999937,0.1,716,776,312.43,327.42,30
antes_dia_20,dia 11 - Soja Heterodera Vaso 6,11.0,6.0,0,320.58,747,92.23,1.7900000000000063,0.1,717,777,312.68,327.65,30
antes_dia_20,dia 11 - Soja Heterodera Vaso 6,11.0,6.0,0,320.81,748,93.18,0.9500000000000028,0.1,718,778,312.93,327.88,30
antes_dia_20,dia 11 - Soja Heterodera Vaso 6,11.0,6.0,0,321.04,749,93.47,0.28999999999999204,0.1,719,779,313.18,328.11,30
antes_dia_20,dia 11 - Soja Heterodera Vaso 7,11.0,7.0,0,240.05,2860,92.59,0.9399999999999977,0.1,2830,2890,232.9,247.96,30
antes_dia_20,dia 11 - Soja Heterodera Vaso 7,11.0,7.0,0,240.28,2861,91.24,1.3500000000000085,0.1,2831,2891,233.13,248.19,30
antes_dia_20,dia 11 - Soja Heterodera Vaso 7,11.0,7.0,0,240.51,2862,90.07,1.1700000000000017,0.1,2832,2892,233.36,248.43,30
antes_dia_20,dia 11 - Soja Heterodera Vaso 7,11.0,7.0,0,240.8,2863,88.8,1.269999999999996,0.1,2833,2893,233.6,248.67,30
antes_dia_20,dia 11 - Soja Heterodera Vaso 7,11.0,7.0,0,241.04,2864,87.88,0.9200000000000017,0.1,2834,2894,233.83,248.9,30
antes_dia_20,dia 11 - Soja Heterodera Vaso 7,11.0,7.0,0,241.43,2865,86.49,1.3900000000000006,0.1,2835,2895,234.12,249.14,30
antes_dia_20,dia 11 - Soja Heterodera Vaso 7,11.0,7.0,0,241.97,2866,84.79,1.6999999999999886,0.1,2836,2896,234.36,249.37,30
antes_dia_20,dia 11 - Soja Heterodera Vaso 7,11.0,7.0,0,242.36,2867,83.7,1.0900000000000034,0.1,2837,2897,234.59,249.66,30
antes_dia_20,dia 11 - Soja Heterodera Vaso 7,11.0,7.0,0,242.6,2868,83.1,0.6000000000000085,0.1,2838,2898,234.83,249.9,30
antes_dia_20,dia 11 - Soja Heterodera Vaso 7,11.0,7.0,0,242.84,2869,82.52,0.5799999999999983,0.1,2839,2899,235.07,250.13,30
antes_dia_20,dia 11 - Soja Heterodera Vaso 7,11.0,7.0,0,243.09,2870,81.91,0.6099999999999994,0.1,2840,2900,235.3,250.37,30
antes_dia_20,dia 11 - Soja Heterodera Vaso 7,11.0,7.0,0,243.32,2871,81.39,0.519999999999996,0.1,2841,2901,235.54,250.61,30
antes_dia_20,dia 11 - Soja Heterodera Vaso 7,11.0,7.0,0,243.56,2872,80.88,0.5100000000000051,0.1,2842,2902,235.77,250.84,30
antes_dia_20,dia 11 - Soja Heterodera Vaso 7,11.0,7.0,0,243.79,2873,80.39,0.4899999999999949,0.1,2843,2903,236.0,251.07,30
antes_dia_20,dia 11 - Soja Heterodera Vaso 7,11.0,7.0,0,244.03,2874,79.92,0.46999999999999886,0.1,2844,2904,236.24,251.31,30
antes_dia_20,dia 11 - Soja Heterodera Vaso 7,11.0,7.0,0,244.26,2875,79.48,0.4399999999999977,0.1,2845,2905,236.47,251.54,30
antes_dia_20,dia 11 - Soja Heterodera Vaso 7,11.0,7.0,0,244.49,2876,79.04,0.4399999999999977,0.1,2846,2906,236.71,251.82,30
antes_dia_20,dia 11 - Soja Heterodera Vaso 7,11.0,7.0,0,244.73,2877,78.63,0.4100000000000108,0.1,2847,2907,236.94,252.06,30
antes_dia_20,dia 11 - Soja Heterodera Vaso 7,11.0,7.0,0,244.96,2878,78.23,0.3999999999999915,0.1,2848,2908,237.17,252.29,30
antes_dia_20,dia 11 - Soja Heterodera Vaso 7,11.0,7.0,0,245.26,2879,77.74,0.4900000000000091,0.1,2849,2909,237.46,252.53,30
antes_dia_20,dia 11 - Soja Heterodera Vaso 7,11.0,7.0,0,245.49,2880,77.37,0.36999999999999034,0.1,2850,2910,237.7,252.77,30
antes_dia_20,dia 11 - Soja Heterodera Vaso 7,11.0,7.0,0,245.72,2881,77.01,0.35999999999999943,0.1,2851,2911,237.93,253.01,30
antes_dia_20,dia 11 - Soja Heterodera Vaso 7,11.0,7.0,0,245.96,2882,76.67,0.3400000000000034,0.1,2852,2912,238.16,253.25,30
antes_dia_20,dia 11 - Soja Heterodera Vaso 7,11.0,7.0,0,246.29,2883,76.2,0.46999999999999886,0.1,2853,2913,238.41,253.48,30
antes_dia_20,dia 11 - Soja Heterodera Vaso 7,11.0,7.0,0,246.53,2884,75.88,0.3200000000000074,0.1,2854,2914,238.65,253.71,30
antes_dia_20,dia 11 - Soja Heterodera Vaso 7,11.0,7.0,0,246.76,2885,75.58,0.29999999999999716,0.1,2855,2915,238.88,253.95,30
antes_dia_20,dia 11 - Soja Heterodera Vaso 7,11.0,7.0,0,246.99,2886,75.29,0.28999999999999204,0.1,2856,2916,239.11,254.18,30
antes_dia_20,dia 11 - Soja Heterodera Vaso 7,11.0,7.0,0,247.24,2887,75.0,0.29000000000000625,0.1,2857,2917,239.34,254.41,30
antes_dia_20,dia 11 - Soja Heterodera Vaso 7,11.0,7.0,0,247.5,2888,74.68,0.3199999999999932,0.1,2858,2918,239.58,254.65,30
antes_dia_20,dia 11 - Soja Heterodera Vaso 7,11.0,7.0,0,247.73,2889,74.42,0.2600000000000051,0.1,2859,2919,239.82,254.88,30
antes_dia_20,dia 11 - Soja Heterodera Vaso 7,11.0,7.0,0,247.96,2890,74.16,0.2600000000000051,0.1,2860,2920,240.05,255.17,30
antes_dia_20,dia 11 - Soja Heterodera Vaso 7,11.0,7.0,0,248.19,2891,73.91,0.25,0.1,2861,2921,240.28,255.4,30
antes_dia_20,dia 11 - Soja Heterodera Vaso 7,11.0,7.0,0,248.43,2892,73.67,0.23999999999999488,0.1,2862,2922,240.51,255.63,30
antes_dia_20,dia 11 - Soja Heterodera Vaso 7,11.0,7.0,0,248.67,2893,73.43,0.23999999999999488,0.1,2863,2923,240.8,256.02,30
antes_dia_20,dia 11 - Soja Heterodera Vaso 7,11.0,7.0,0,248.9,2894,73.21,0.22000000000001307,0.1,2864,2924,241.04,256.62,30
antes_dia_20,dia 11 - Soja Heterodera Vaso 7,11.0,7.0,0,249.14,2895,73.0,0.20999999999999375,0.1,2865,2925,241.43,257.02,30
antes_dia_20,dia 11 - Soja Heterodera Vaso 7,11.0,7.0,0,249.37,2896,72.79,0.20999999999999375,0.1,2866,2926,241.97,257.25,30
antes_dia_20,dia 11 - Soja Heterodera Vaso 7,11.0,7.0,0,249.66,2897,72.53,0.2600000000000051,0.1,2867,2927,242.36,257.49,30
antes_dia_20,dia 11 - Soja Heterodera Vaso 7,11.0,7.0,0,249.9,2898,72.33,0.20000000000000284,0.1,2868,2928,242.6,257.72,30
antes_dia_20,dia 11 - Soja Heterodera Vaso 7,11.0,7.0,0,250.13,2899,72.14,0.18999999999999773,0.1,2869,2929,242.84,257.95,30
antes_dia_20,dia 11 - Soja Heterodera Vaso 7,11.0,7.0,0,250.37,2900,71.95,0.18999999999999773,0.1,2870,2930,243.09,258.19,30
antes_dia_20,dia 11 - Soja Heterodera Vaso 7,11.0,7.0,0,250.61,2901,71.77,0.18000000000000682,0.1,2871,2931,243.32,258.46,30
antes_dia_20,dia 11 - Soja Heterodera Vaso 7,11.0,7.0,0,250.84,2902,71.59,0.1799999999999926,0.1,2872,2932,243.56,258.7,30
antes_dia_20,dia 11 - Soja Heterodera Vaso 7,11.0,7.0,0,251.07,2903,71.43,0.1599999999999966,0.1,2873,2933,243.79,258.93,30
antes_dia_20,dia 11 - Soja Heterodera Vaso 7,11.0,7.0,0,251.31,2904,71.27,0.1600000000000108,0.1,2874,2934,244.03,259.16,30
antes_dia_20,dia 11 - Soja Heterodera Vaso 7,11.0,7.0,0,251.54,2905,71.11,0.1599999999999966,0.1,2875,2935,244.26,259.4,30
antes_dia_20,dia 11 - Soja Heterodera Vaso 7,11.0,7.0,0,251.82,2906,70.92,0.18999999999999773,0.1,2876,2936,244.49,259.66,30
antes_dia_20,dia 11 - Soja Heterodera Vaso 7,11.0,7.0,0,252.06,2907,70.78,0.14000000000000057,0.1,2877,2937,244.73,259.89,30
antes_dia_20,dia 11 - Soja Heterodera Vaso 7,11.0,7.0,0,252.29,2908,70.63,0.15000000000000568,0.1,2878,2938,244.96,260.12,30
antes_dia_20,dia 11 - Soja Heterodera Vaso 7,11.0,7.0,0,252.53,2909,70.49,0.14000000000000057,0.1,2879,2939,245.26,260.36,30
antes_dia_20,dia 11 - Soja Heterodera Vaso 7,11.0,7.0,0,252.77,2910,70.94,0.45000000000000284,0.1,2880,2940,245.49,260.59,30
antes_dia_20,dia 11 - Soja Heterodera Vaso 7,11.0,7.0,0,253.01,2911,78.14,7.200000000000003,0.1,2881,2941,245.72,260.82,30
antes_dia_20,dia 11 - Soja Heterodera Vaso 7,11.0,7.0,0,253.25,2912,83.13,4.989999999999995,0.1,2882,2942,245.96,261.06,30
antes_dia_20,dia 11 - Soja Heterodera Vaso 7,11.0,7.0,0,253.48,2913,87.06,3.930000000000007,0.1,2883,2943,246.29,261.29,30
antes_dia_20,dia 11 - Soja Heterodera Vaso 7,11.0,7.0,0,253.71,2914,89.98,2.9200000000000017,0.1,2884,2944,246.53,261.52,30
antes_dia_20,dia 11 - Soja Heterodera Vaso 7,11.0,7.0,0,253.95,2915,92.0,2.019999999999996,0.1,2885,2945,246.76,261.82,30
antes_dia_20,dia 11 - Soja Heterodera Vaso 7,11.0,7.0,0,254.18,2916,93.08,1.0799999999999983,0.1,2886,2946,246.99,262.05,30
antes_dia_20,dia 11 - Soja Heterodera Vaso 7,11.0,7.0,0,254.41,2917,93.46,0.37999999999999545,0.1,2887,2947,247.24,262.28,30
antes_dia_20,dia 11 - Soja Heterodera Vaso 7,11.0,7.0,0,672.83,4585,93.19,0.35999999999999943,0.1,4555,4588,665.68,673.53,30
antes_dia_20,dia 11 - Soja Heterodera Vaso 7,11.0,7.0,0,673.06,4586,92.34,0.8499999999999943,0.1,4556,4588,665.91,673.53,30
antes_dia_20,dia 11 - Soja Heterodera Vaso 7,11.0,7.0,0,673.3,4587,91.83,0.5100000000000051,0.1,4557,4588,666.14,673.53,30
antes_dia_20,dia 11 - Soja Heterodera Vaso 7,11.0,7.0,0,673.53,4588,91.5,0.3299999999999983,0.1,4558,4588,666.38,673.53,30
antes_dia_20,dia 12 - Soja Heterodera Vaso 6,12.0,6.0,0,300.03,5197,92.53,1.1700000000000017,0.1,5167,5227,292.94,307.89,30
antes_dia_20,dia 12 - Soja Heterodera Vaso 6,12.0,6.0,0,300.26,5198,91.25,1.2800000000000011,0.1,5168,5228,293.17,308.12,30
antes_dia_20,dia 12 - Soja Heterodera Vaso 6,12.0,6.0,0,300.51,5199,90.11,1.1400000000000006,0.1,5169,5229,293.41,308.35,30
antes_dia_20,dia 12 - Soja Heterodera Vaso 6,12.0,6.0,0,300.74,5200,89.15,0.9599999999999937,0.1,5170,5230,293.65,308.65,30
antes_dia_20,dia 12 - Soja Heterodera Vaso 6,12.0,6.0,0,300.97,5201,88.27,0.8800000000000097,0.1,5171,5231,293.88,308.88,30
antes_dia_20,dia 12 - Soja Heterodera Vaso 6,12.0,6.0,0,301.2,5202,87.48,0.789999999999992,0.1,5172,5232,294.11,309.12,30
antes_dia_20,dia 12 - Soja Heterodera Vaso 6,12.0,6.0,0,301.44,5203,86.75,0.730000000000004,0.1,5173,5233,294.35,309.35,30
antes_dia_20,dia 12 - Soja Heterodera Vaso 6,12.0,6.0,0,301.73,5204,85.9,0.8499999999999943,0.1,5174,5234,294.58,309.59,30
antes_dia_20,dia 12 - Soja Heterodera Vaso 6,12.0,6.0,0,301.97,5205,85.26,0.6400000000000006,0.1,5175,5235,294.82,309.83,30
antes_dia_20,dia 12 - Soja Heterodera Vaso 6,12.0,6.0,0,302.2,5206,84.67,0.5900000000000034,0.1,5176,5236,295.05,310.06,30
antes_dia_20,dia 12 - Soja Heterodera Vaso 6,12.0,6.0,0,302.43,5207,84.12,0.5499999999999972,0.1,5177,5237,295.29,310.29,30
antes_dia_20,dia 12 - Soja Heterodera Vaso 6,12.0,6.0,0,302.67,5208,83.6,0.5200000000000102,0.1,5178,5238,295.52,310.53,30
antes_dia_20,dia 12 - Soja Heterodera Vaso 6,12.0,6.0,0,302.93,5209,83.02,0.5799999999999983,0.1,5179,5239,295.76,310.76,30
antes_dia_20,dia 12 - Soja Heterodera Vaso 6,12.0,6.0,0,303.17,5210,82.56,0.45999999999999375,0.1,5180,5240,296.0,311.0,30
antes_dia_20,dia 12 - Soja Heterodera Vaso 6,12.0,6.0,0,303.4,5211,82.11,0.45000000000000284,0.1,5181,5241,296.24,311.23,30
antes_dia_20,dia 12 - Soja Heterodera Vaso 6,12.0,6.0,0,303.79,5212,81.41,0.7000000000000028,0.1,5182,5242,296.47,311.46,30
antes_dia_20,dia 12 - Soja Heterodera Vaso 6,12.0,6.0,0,304.37,5213,80.43,0.9799999999999898,0.1,5183,5243,296.71,311.7,30
antes_dia_20,dia 12 - Soja Heterodera Vaso 6,12.0,6.0,0,304.76,5214,79.83,0.6000000000000085,0.1,5184,5244,296.95,311.99,30
antes_dia_20,dia 12 - Soja Heterodera Vaso 6,12.0,6.0,0,305.0,5215,79.49,0.3400000000000034,0.1,5185,5245,297.2,312.22,30
antes_dia_20,dia 12 - Soja Heterodera Vaso 6,12.0,6.0,0,305.29,5216,79.09,0.3999999999999915,0.1,5186,5246,297.43,312.46,30
antes_dia_20,dia 12 - Soja Heterodera Vaso 6,12.0,6.0,0,305.52,5217,78.78,0.3100000000000023,0.1,5187,5247,297.66,312.69,30
antes_dia_20,dia 12 - Soja Heterodera Vaso 6,12.0,6.0,0,305.75,5218,78.49,0.29000000000000625,0.1,5188,5248,297.89,312.94,30
antes_dia_20,dia 12 - Soja Heterodera Vaso 6,12.0,6.0,0,305.99,5219,78.21,0.28000000000000114,0.1,5189,5249,298.14,313.17,30
antes_dia_20,dia 12 - Soja Heterodera Vaso 6,12.0,6.0,0,306.23,5220,77.93,0.2799999999999869,0.1,5190,5250,298.38,313.4,30
antes_dia_20,dia 12 - Soja Heterodera Vaso 6,12.0,6.0,0,306.47,5221,77.66,0.27000000000001023,0.1,5191,5251,298.62,313.64,30
antes_dia_20,dia 12 - Soja Heterodera Vaso 6,12.0,6.0,0,306.7,5222,77.4,0.2599999999999909,0.1,5192,5252,298.85,313.87,30
antes_dia_20,dia 12 - Soja Heterodera Vaso 6,12.0,6.0,0,306.93,5223,77.16,0.2400000000000091,0.1,5193,5253,299.08,314.11,30
antes_dia_20,dia 12 - Soja Heterodera Vaso 6,12.0,6.0,0,307.17,5224,76.93,0.22999999999998977,0.1,5194,5254,299.32,314.35,30
antes_dia_20,dia 12 - Soja Heterodera Vaso 6,12.0,6.0,0,307.42,5225,76.69,0.2400000000000091,0.1,5195,5255,299.56,314.58,30
antes_dia_20,dia 12 - Soja Heterodera Vaso 6,12.0,6.0,0,307.66,5226,76.47,0.21999999999999886,0.1,5196,5256,299.79,314.81,30
antes_dia_20,dia 12 - Soja Heterodera Vaso 6,12.0,6.0,0,307.89,5227,76.26,0.20999999999999375,0.1,5197,5257,300.03,315.04,30
antes_dia_20,dia 12 - Soja Heterodera Vaso 6,12.0,6.0,0,308.12,5228,76.07,0.19000000000001194,0.1,5198,5258,300.26,315.28,30
antes_dia_20,dia 12 - Soja Heterodera Vaso 6,12.0,6.0,0,308.35,5229,75.88,0.18999999999999773,0.1,5199,5259,300.51,315.52,30
antes_dia_20,dia 12 - Soja Heterodera Vaso 6,12.0,6.0,0,308.65,5230,75.64,0.23999999999999488,0.1,5200,5260,300.74,315.75,30
antes_dia_20,dia 12 - Soja Heterodera Vaso 6,12.0,6.0,0,308.88,5231,75.46,0.18000000000000682,0.1,5201,5261,300.97,315.99,30
antes_dia_20,dia 12 - Soja Heterodera Vaso 6,12.0,6.0,0,309.12,5232,75.3,0.1599999999999966,0.1,5202,5262,301.2,316.22,30
antes_dia_20,dia 12 - Soja Heterodera Vaso 6,12.0,6.0,0,309.35,5233,75.13,0.1700000000000017,0.1,5203,5263,301.44,316.46,30
antes_dia_20,dia 12 - Soja Heterodera Vaso 6,12.0,6.0,0,309.59,5234,74.97,0.1599999999999966,0.1,5204,5264,301.73,316.69,30
antes_dia_20,dia 12 - Soja Heterodera Vaso 6,12.0,6.0,0,309.83,5235,74.81,0.1599999999999966,0.1,5205,5265,301.97,316.92,30
antes_dia_20,dia 12 - Soja Heterodera Vaso 6,12.0,6.0,0,310.06,5236,74.67,0.14000000000000057,0.1,5206,5266,302.2,317.15,30
antes_dia_20,dia 12 - Soja Heterodera Vaso 6,12.0,6.0,0,310.29,5237,74.53,0.14000000000000057,0.1,5207,5267,302.43,317.39,30
antes_dia_20,dia 12 - Soja Heterodera Vaso 6,12.0,6.0,0,310.53,5238,74.39,0.14000000000000057,0.1,5208,5268,302.67,317.63,30
antes_dia_20,dia 12 - Soja Heterodera Vaso 6,12.0,6.0,0,310.76,5239,74.26,0.12999999999999545,0.1,5209,5269,302.93,318.03,30
antes_dia_20,dia 12 - Soja Heterodera Vaso 6,12.0,6.0,0,311.0,5240,74.12,0.14000000000000057,0.1,5210,5270,303.17,318.57,30
antes_dia_20,dia 12 - Soja Heterodera Vaso 6,12.0,6.0,0,311.23,5241,74.0,0.12000000000000455,0.1,5211,5271,303.4,319.02,30
antes_dia_20,dia 12 - Soja Heterodera Vaso 6,12.0,6.0,0,311.46,5242,73.88,0.12000000000000455,0.1,5212,5272,303.79,319.26,30
antes_dia_20,dia 12 - Soja Heterodera Vaso 6,12.0,6.0,0,311.7,5243,73.76,0.11999999999999034,0.1,5213,5273,304.37,319.49,30
antes_dia_20,dia 12 - Soja Heterodera Vaso 6,12.0,6.0,0,311.99,5244,73.63,0.13000000000000966,0.1,5214,5274,304.76,319.72,30
antes_dia_20,dia 12 - Soja Heterodera Vaso 6,12.0,6.0,0,312.22,5245,73.52,0.10999999999999943,0.1,5215,5275,305.0,320.01,30
antes_dia_20,dia 12 - Soja Heterodera Vaso 6,12.0,6.0,0,312.69,5247,73.32,0.10000000000000853,0.1,5217,5277,305.52,320.48,30
antes_dia_20,dia 12 - Soja Heterodera Vaso 6,12.0,6.0,0,318.57,5270,71.66,0.10000000000000853,0.1,5240,5300,311.0,326.11,30
antes_dia_20,dia 12 - Soja Heterodera Vaso 6,12.0,6.0,0,324.47,5293,73.85,2.9199999999999875,0.1,5263,5323,316.46,331.66,30
antes_dia_20,dia 12 - Soja Heterodera Vaso 6,12.0,6.0,0,324.7,5294,79.89,6.040000000000006,0.1,5264,5324,316.69,331.89,30
antes_dia_20,dia 12 - Soja Heterodera Vaso 6,12.0,6.0,0,324.93,5295,84.58,4.689999999999998,0.1,5265,5325,316.92,332.28,30
antes_dia_20,dia 12 - Soja Heterodera Vaso 6,12.0,6.0,0,325.17,5296,88.2,3.6200000000000045,0.1,5266,5326,317.15,332.88,30
antes_dia_20,dia 12 - Soja Heterodera Vaso 6,12.0,6.0,0,325.4,5297,90.9,2.700000000000003,0.1,5267,5327,317.39,333.28,30
antes_dia_20,dia 12 - Soja Heterodera Vaso 6,12.0,6.0,0,325.65,5298,92.62,1.7199999999999989,0.1,5268,5328,317.63,333.52,30
antes_dia_20,dia 12 - Soja Heterodera Vaso 6,12.0,6.0,0,325.88,5299,93.45,0.8299999999999983,0.1,5269,5329,318.03,333.77,30
antes_dia_20,dia 12 - Soja Heterodera Vaso 6,12.0,6.0,0,326.11,5300,93.66,0.20999999999999375,0.1,5270,5330,318.57,334.01,30
antes_dia_20,dia 12 - Soja Heterodera Vaso 6,12.0,6.0,0,744.54,6915,92.98,0.7299999999999898,0.1,6885,6945,736.77,752.93,30
antes_dia_20,dia 12 - Soja Heterodera Vaso 6,12.0,6.0,0,744.79,6916,92.26,0.7199999999999989,0.1,6886,6946,737.02,753.18,30
antes_dia_20,dia 12 - Soja Heterodera Vaso 6,12.0,6.0,0,745.05,6917,91.82,0.44000000000001194,0.1,6887,6947,737.27,753.43,30
antes_dia_20,dia 12 - Soja Heterodera Vaso 6,12.0,6.0,0,745.46,6918,91.45,0.36999999999999034,0.1,6888,6948,737.52,753.68,30
antes_dia_20,dia 12 - Soja Heterodera Vaso 6,12.0,6.0,0,746.03,6919,91.16,0.29000000000000625,0.1,6889,6949,737.77,753.99,30
antes_dia_20,dia 12 - Soja Heterodera Vaso 7,12.0,7.0,0,299.98,7715,92.75,0.9599999999999937,0.1,7685,7745,292.2,307.19,30
antes_dia_20,dia 12 - Soja Heterodera Vaso 7,12.0,7.0,0,300.26,7716,91.19,1.5600000000000023,0.1,7686,7746,292.49,307.43,30
antes_dia_20,dia 12 - Soja Heterodera Vaso 7,12.0,7.0,0,300.49,7717,90.09,1.0999999999999943,0.1,7687,7747,292.72,307.66,30
antes_dia_20,dia 12 - Soja Heterodera Vaso 7,12.0,7.0,0,300.72,7718,89.12,0.9699999999999989,0.1,7688,7748,292.95,307.9,30
antes_dia_20,dia 12 - Soja Heterodera Vaso 7,12.0,7.0,0,300.96,7719,88.22,0.9000000000000057,0.1,7689,7749,293.19,308.14,30
antes_dia_20,dia 12 - Soja Heterodera Vaso 7,12.0,7.0,0,301.2,7720,87.43,0.789999999999992,0.1,7690,7750,293.43,308.47,30
antes_dia_20,dia 12 - Soja Heterodera Vaso 7,12.0,7.0,0,301.45,7721,86.58,0.8500000000000085,0.1,7691,7751,293.67,308.71,30
antes_dia_20,dia 12 - Soja Heterodera Vaso 7,12.0,7.0,0,301.69,7722,85.91,0.6700000000000017,0.1,7692,7752,293.91,308.95,30
antes_dia_20,dia 12 - Soja Heterodera Vaso 7,12.0,7.0,0,301.92,7723,85.28,0.6299999999999955,0.1,7693,7753,294.14,309.19,30
antes_dia_20,dia 12 - Soja Heterodera Vaso 7,12.0,7.0,0,302.15,7724,84.66,0.6200000000000045,0.1,7694,7754,294.37,309.42,30
antes_dia_20,dia 12 - Soja Heterodera Vaso 7,12.0,7.0,0,302.39,7725,84.09,0.5699999999999932,0.1,7695,7755,294.61,309.65,30
antes_dia_20,dia 12 - Soja Heterodera Vaso 7,12.0,7.0,0,302.62,7726,83.54,0.5499999999999972,0.1,7696,7756,294.85,309.88,30
antes_dia_20,dia 12 - Soja Heterodera Vaso 7,12.0,7.0,0,302.86,7727,83.03,0.5100000000000051,0.1,7697,7757,295.08,310.12,30
antes_dia_20,dia 12 - Soja Heterodera Vaso 7,12.0,7.0,0,303.09,7728,82.54,0.4899999999999949,0.1,7698,7758,295.31,310.35,30
antes_dia_20,dia 12 - Soja Heterodera Vaso 7,12.0,7.0,0,303.32,7729,82.09,0.45000000000000284,0.1,7699,7759,295.55,310.59,30
antes_dia_20,dia 12 - Soja Heterodera Vaso 7,12.0,7.0,0,303.61,7730,81.53,0.5600000000000023,0.1,7700,7760,295.84,310.82,30
antes_dia_20,dia 12 - Soja Heterodera Vaso 7,12.0,7.0,0,303.85,7731,81.12,0.4099999999999966,0.1,7701,7761,296.07,311.21,30
antes_dia_20,dia 12 - Soja Heterodera Vaso 7,12.0,7.0,0,304.08,7732,80.71,0.4100000000000108,0.1,7702,7762,296.31,311.76,30
antes_dia_20,dia 12 - Soja Heterodera Vaso 7,12.0,7.0,0,304.32,7733,80.33,0.37999999999999545,0.1,7703,7763,296.54,312.15,30
antes_dia_20,dia 12 - Soja Heterodera Vaso 7,12.0,7.0,0,304.56,7734,79.96,0.37000000000000455,0.1,7704,7764,296.78,312.39,30
antes_dia_20,dia 12 - Soja Heterodera Vaso 7,12.0,7.0,0,304.79,7735,79.6,0.35999999999999943,0.1,7705,7765,297.17,312.62,30
antes_dia_20,dia 12 - Soja Heterodera Vaso 7,12.0,7.0,0,305.02,7736,79.27,0.3299999999999983,0.1,7706,7766,297.71,312.85,30
antes_dia_20,dia 12 - Soja Heterodera Vaso 7,12.0,7.0,0,305.25,7737,78.94,0.3299999999999983,0.1,7707,7767,298.11,313.08,30
antes_dia_20,dia 12 - Soja Heterodera Vaso 7,12.0,7.0,0,305.49,7738,78.63,0.3100000000000023,0.1,7708,7768,298.34,313.32,30
antes_dia_20,dia 12 - Soja Heterodera Vaso 7,12.0,7.0,0,305.76,7739,78.29,0.3399999999999892,0.1,7709,7769,298.57,313.61,30
antes_dia_20,dia 12 - Soja Heterodera Vaso 7,12.0,7.0,0,305.99,7740,77.99,0.30000000000001137,0.1,7710,7770,298.81,313.85,30
antes_dia_20,dia 12 - Soja Heterodera Vaso 7,12.0,7.0,0,306.23,7741,77.72,0.269999999999996,0.1,7711,7771,299.04,314.08,30
antes_dia_20,dia 12 - Soja Heterodera Vaso 7,12.0,7.0,0,306.46,7742,77.45,0.269999999999996,0.1,7712,7772,299.28,314.31,30
antes_dia_20,dia 12 - Soja Heterodera Vaso 7,12.0,7.0,0,306.7,7743,77.2,0.25,0.1,7713,7773,299.51,314.55,30
antes_dia_20,dia 12 - Soja Heterodera Vaso 7,12.0,7.0,0,306.96,7744,76.91,0.29000000000000625,0.1,7714,7774,299.75,314.78,30
antes_dia_20,dia 12 - Soja Heterodera Vaso 7,12.0,7.0,0,307.19,7745,76.68,0.22999999999998977,0.1,7715,7775,299.98,315.01,30
antes_dia_20,dia 12 - Soja Heterodera Vaso 7,12.0,7.0,0,307.43,7746,76.45,0.23000000000000398,0.1,7716,7776,300.26,315.25,30
antes_dia_20,dia 12 - Soja Heterodera Vaso 7,12.0,7.0,0,307.66,7747,76.22,0.23000000000000398,0.1,7717,7777,300.49,315.48,30
antes_dia_20,dia 12 - Soja Heterodera Vaso 7,12.0,7.0,0,307.9,7748,76.02,0.20000000000000284,0.1,7718,7778,300.72,315.74,30
antes_dia_20,dia 12 - Soja Heterodera Vaso 7,12.0,7.0,0,308.14,7749,75.81,0.20999999999999375,0.1,7719,7779,300.96,315.97,30
antes_dia_20,dia 12 - Soja Heterodera Vaso 7,12.0,7.0,0,308.47,7750,75.54,0.269999999999996,0.1,7720,7780,301.2,316.2,30
antes_dia_20,dia 12 - Soja Heterodera Vaso 7,12.0,7.0,0,308.71,7751,75.35,0.19000000000001194,0.1,7721,7781,301.45,316.43,30
antes_dia_20,dia 12 - Soja Heterodera Vaso 7,12.0,7.0,0,308.95,7752,75.16,0.18999999999999773,0.1,7722,7782,301.69,316.68,30
antes_dia_20,dia 12 - Soja Heterodera Vaso 7,12.0,7.0,0,309.19,7753,74.99,0.1700000000000017,0.1,7723,7783,301.92,316.94,30
antes_dia_20,dia 12 - Soja Heterodera Vaso 7,12.0,7.0,0,309.42,7754,74.82,0.1700000000000017,0.1,7724,7784,302.15,317.17,30
antes_dia_20,dia 12 - Soja Heterodera Vaso 7,12.0,7.0,0,309.65,7755,74.66,0.1599999999999966,0.1,7725,7785,302.39,317.4,30
antes_dia_20,dia 12 - Soja Heterodera Vaso 7,12.0,7.0,0,309.88,7756,74.5,0.1599999999999966,0.1,7726,7786,302.62,317.63,30
antes_dia_20,dia 12 - Soja Heterodera Vaso 7,12.0,7.0,0,310.12,7757,74.36,0.14000000000000057,0.1,7727,7787,302.86,317.87,30
antes_dia_20,dia 12 - Soja Heterodera Vaso 7,12.0,7.0,0,310.35,7758,74.21,0.15000000000000568,0.1,7728,7788,303.09,318.1,30
antes_dia_20,dia 12 - Soja Heterodera Vaso 7,12.0,7.0,0,310.59,7759,74.08,0.12999999999999545,0.1,7729,7789,303.32,318.34,30
antes_dia_20,dia 12 - Soja Heterodera Vaso 7,12.0,7.0,0,310.82,7760,73.94,0.14000000000000057,0.1,7730,7790,303.61,318.57,30
antes_dia_20,dia 12 - Soja Heterodera Vaso 7,12.0,7.0,0,311.21,7761,73.72,0.21999999999999886,0.1,7731,7791,303.85,318.8,30
antes_dia_20,dia 12 - Soja Heterodera Vaso 7,12.0,7.0,0,311.76,7762,73.44,0.28000000000000114,0.1,7732,7792,304.08,319.1,30
antes_dia_20,dia 12 - Soja Heterodera Vaso 7,12.0,7.0,0,312.15,7763,73.25,0.18999999999999773,0.1,7733,7793,304.32,319.33,30
antes_dia_20,dia 12 - Soja Heterodera Vaso 7,12.0,7.0,0,312.39,7764,73.14,0.10999999999999943,0.1,7734,7794,304.56,319.56,30
antes_dia_20,dia 12 - Soja Heterodera Vaso 7,12.0,7.0,0,312.62,7765,73.03,0.10999999999999943,0.1,7735,7795,304.79,319.79,30
antes_dia_20,dia 12 - Soja Heterodera Vaso 7,12.0,7.0,0,313.61,7769,72.63,0.12000000000000455,0.1,7739,7799,305.76,320.76,30
antes_dia_20,dia 12 - Soja Heterodera Vaso 7,12.0,7.0,0,335.65,7859,73.51,3.530000000000001,0.1,7829,7889,328.51,343.56,30
antes_dia_20,dia 12 - Soja Heterodera Vaso 7,12.0,7.0,0,335.88,7860,79.48,5.969999999999999,0.1,7830,7890,328.74,343.8,30
antes_dia_20,dia 12 - Soja Heterodera Vaso 7,12.0,7.0,0,336.12,7861,84.29,4.810000000000002,0.1,7831,7891,328.98,344.03,30
antes_dia_20,dia 12 - Soja Heterodera Vaso 7,12.0,7.0,0,336.35,7862,87.99,3.6999999999999886,0.1,7832,7892,329.22,344.26,30
antes_dia_20,dia 12 - Soja Heterodera Vaso 7,12.0,7.0,0,336.58,7863,90.71,2.719999999999999,0.1,7833,7893,329.45,344.5,30
antes_dia_20,dia 12 - Soja Heterodera Vaso 7,12.0,7.0,0,336.87,7864,92.77,2.0600000000000023,0.1,7834,7894,329.68,344.76,30
antes_dia_20,dia 12 - Soja Heterodera Vaso 7,12.0,7.0,0,337.11,7865,93.5,0.730000000000004,0.1,7835,7895,329.92,344.99,30
antes_dia_20,dia 12 - Soja Heterodera Vaso 7,12.0,7.0,0,337.34,7866,93.68,0.18000000000000682,0.1,7836,7896,330.18,345.22,30
antes_dia_20,dia 12 - Soja Heterodera Vaso 7,12.0,7.0,0,755.78,9503,92.73,0.9699999999999989,0.1,9473,9533,748.57,763.56,30
antes_dia_20,dia 12 - Soja Heterodera Vaso 7,12.0,7.0,0,756.02,9504,92.15,0.5799999999999983,0.1,9474,9534,748.8,763.79,30
antes_dia_20,dia 12 - Soja Heterodera Vaso 7,12.0,7.0,0,756.25,9505,91.78,0.37000000000000455,0.1,9475,9535,749.04,764.08,30
antes_dia_20,dia 12 - Soja Heterodera Vaso 7,12.0,7.0,0,756.48,9506,91.53,0.25,0.1,9476,9536,749.27,764.31,30
antes_dia_20,dia 12 - Soja Heterodera Vaso 7,12.0,7.0,0,756.72,9507,91.37,0.1599999999999966,0.1,9477,9537,749.5,764.55,30
antes_dia_20,dia 12 - Soja Heterodera Vaso 7,12.0,7.0,0,756.95,9508,91.23,0.14000000000000057,0.1,9478,9538,749.79,764.78,30
antes_dia_20,dia 12 - Soja Heterodera Vaso 7,12.0,7.0,0,757.18,9509,91.13,0.10000000000000853,0.1,9479,9539,750.03,765.02,30
antes_dia_20,dia 12 - Soja Heterodera Vaso 8,12.0,8.0,0,299.93,10311,93.13,0.5600000000000023,0.1,10281,10341,292.09,307.16,30
antes_dia_20,dia 12 - Soja Heterodera Vaso 8,12.0,8.0,0,300.17,10312,91.69,1.4399999999999977,0.1,10282,10342,292.32,307.4,30
antes_dia_20,dia 12 - Soja Heterodera Vaso 8,12.0,8.0,0,300.4,10313,90.47,1.2199999999999989,0.1,10283,10343,292.56,307.67,30
antes_dia_20,dia 12 - Soja Heterodera Vaso 8,12.0,8.0,0,300.64,10314,89.39,1.0799999999999983,0.1,10284,10344,292.79,307.9,30
antes_dia_20,dia 12 - Soja Heterodera Vaso 8,12.0,8.0,0,300.9,10315,88.31,1.0799999999999983,0.1,10285,10345,293.04,308.14,30
antes_dia_20,dia 12 - Soja Heterodera Vaso 8,12.0,8.0,0,301.14,10316,87.43,0.8799999999999955,0.1,10286,10346,293.27,308.37,30
antes_dia_20,dia 12 - Soja Heterodera Vaso 8,12.0,8.0,0,301.38,10317,86.63,0.8000000000000114,0.1,10287,10347,293.51,308.71,30
antes_dia_20,dia 12 - Soja Heterodera Vaso 8,12.0,8.0,0,301.61,10318,85.89,0.7399999999999949,0.1,10288,10348,293.75,308.95,30
antes_dia_20,dia 12 - Soja Heterodera Vaso 8,12.0,8.0,0,301.85,10319,85.19,0.7000000000000028,0.1,10289,10349,293.98,309.18,30
antes_dia_20,dia 12 - Soja Heterodera Vaso 8,12.0,8.0,0,302.12,10320,84.44,0.75,0.1,10290,10350,294.22,309.42,30
antes_dia_20,dia 12 - Soja Heterodera Vaso 8,12.0,8.0,0,302.35,10321,83.82,0.6200000000000045,0.1,10291,10351,294.45,309.67,30
antes_dia_20,dia 12 - Soja Heterodera Vaso 8,12.0,8.0,0,302.59,10322,83.24,0.5799999999999983,0.1,10292,10352,294.69,310.07,30
antes_dia_20,dia 12 - Soja Heterodera Vaso 8,12.0,8.0,0,302.83,10323,82.68,0.5599999999999881,0.1,10293,10353,294.92,310.62,30
antes_dia_20,dia 12 - Soja Heterodera Vaso 8,12.0,8.0,0,303.06,10324,82.15,0.5300000000000011,0.1,10294,10354,295.33,311.01,30
antes_dia_20,dia 12 - Soja Heterodera Vaso 8,12.0,8.0,0,303.3,10325,81.64,0.5100000000000051,0.1,10295,10355,295.87,311.25,30
antes_dia_20,dia 12 - Soja Heterodera Vaso 8,12.0,8.0,0,303.53,10326,81.16,0.480000000000004,0.1,10296,10356,296.27,311.48,30
antes_dia_20,dia 12 - Soja Heterodera Vaso 8,12.0,8.0,0,303.77,10327,80.71,0.45000000000000284,0.1,10297,10357,296.56,311.72,30
antes_dia_20,dia 12 - Soja Heterodera Vaso 8,12.0,8.0,0,304.0,10328,80.26,0.44999999999998863,0.1,10298,10358,296.8,311.96,30
antes_dia_20,dia 12 - Soja Heterodera Vaso 8,12.0,8.0,0,304.28,10329,79.77,0.4900000000000091,0.1,10299,10359,297.03,312.19,30
antes_dia_20,dia 12 - Soja Heterodera Vaso 8,12.0,8.0,0,304.52,10330,79.36,0.4099999999999966,0.1,10300,10360,297.27,312.43,30
antes_dia_20,dia 12 - Soja Heterodera Vaso 8,12.0,8.0,0,304.76,10331,78.98,0.37999999999999545,0.1,10301,10361,297.51,312.66,30
antes_dia_20,dia 12 - Soja Heterodera Vaso 8,12.0,8.0,0,304.99,10332,78.61,0.37000000000000455,0.1,10302,10362,297.75,312.9,30
antes_dia_20,dia 12 - Soja Heterodera Vaso 8,12.0,8.0,0,305.24,10333,78.26,0.3499999999999943,0.1,10303,10363,297.98,313.19,30
antes_dia_20,dia 12 - Soja Heterodera Vaso 8,12.0,8.0,0,305.48,10334,77.89,0.37000000000000455,0.1,10304,10364,298.21,313.43,30
antes_dia_20,dia 12 - Soja Heterodera Vaso 8,12.0,8.0,0,305.71,10335,77.57,0.3200000000000074,0.1,10305,10365,298.45,313.67,30
antes_dia_20,dia 12 - Soja Heterodera Vaso 8,12.0,8.0,0,305.95,10336,77.25,0.3199999999999932,0.1,10306,10366,298.75,313.91,30
antes_dia_20,dia 12 - Soja Heterodera Vaso 8,12.0,8.0,0,306.19,10337,76.94,0.3100000000000023,0.1,10307,10367,298.98,314.15,30
antes_dia_20,dia 12 - Soja Heterodera Vaso 8,12.0,8.0,0,306.45,10338,76.6,0.3400000000000034,0.1,10308,10368,299.22,314.38,30
antes_dia_20,dia 12 - Soja Heterodera Vaso 8,12.0,8.0,0,306.69,10339,76.33,0.269999999999996,0.1,10309,10369,299.45,314.62,30
antes_dia_20,dia 12 - Soja Heterodera Vaso 8,12.0,8.0,0,306.92,10340,76.06,0.269999999999996,0.1,10310,10370,299.7,314.85,30
antes_dia_20,dia 12 - Soja Heterodera Vaso 8,12.0,8.0,0,307.16,10341,75.79,0.269999999999996,0.1,10311,10371,299.93,315.09,30
antes_dia_20,dia 12 - Soja Heterodera Vaso 8,12.0,8.0,0,307.4,10342,75.54,0.25,0.1,10312,10372,300.17,315.35,30
antes_dia_20,dia 12 - Soja Heterodera Vaso 8,12.0,8.0,0,307.67,10343,75.26,0.28000000000000114,0.1,10313,10373,300.4,315.59,30
antes_dia_20,dia 12 - Soja Heterodera Vaso 8,12.0,8.0,0,307.9,10344,75.03,0.23000000000000398,0.1,10314,10374,300.64,315.82,30
antes_dia_20,dia 12 - Soja Heterodera Vaso 8,12.0,8.0,0,308.14,10345,74.8,0.23000000000000398,0.1,10315,10375,300.9,316.06,30
antes_dia_20,dia 12 - Soja Heterodera Vaso 8,12.0,8.0,0,308.37,10346,74.58,0.21999999999999886,0.1,10316,10376,301.14,316.3,30
antes_dia_20,dia 12 - Soja Heterodera Vaso 8,12.0,8.0,0,308.71,10347,74.28,0.29999999999999716,0.1,10317,10377,301.38,316.57,30
antes_dia_20,dia 12 - Soja Heterodera Vaso 8,12.0,8.0,0,308.95,10348,74.07,0.21000000000000796,0.1,10318,10378,301.61,316.8,30
antes_dia_20,dia 12 - Soja Heterodera Vaso 8,12.0,8.0,0,309.18,10349,73.89,0.1799999999999926,0.1,10319,10379,301.85,317.04,30
antes_dia_20,dia 12 - Soja Heterodera Vaso 8,12.0,8.0,0,309.42,10350,73.7,0.18999999999999773,0.1,10320,10380,302.12,317.28,30
antes_dia_20,dia 12 - Soja Heterodera Vaso 8,12.0,8.0,0,309.67,10351,73.53,0.1700000000000017,0.1,10321,10381,302.35,317.52,30
antes_dia_20,dia 12 - Soja Heterodera Vaso 8,12.0,8.0,0,310.07,10352,73.22,0.3100000000000023,0.1,10322,10382,302.59,317.75,30
antes_dia_20,dia 12 - Soja Heterodera Vaso 8,12.0,8.0,0,310.62,10353,72.85,0.37000000000000455,0.1,10323,10383,302.83,317.99,30
antes_dia_20,dia 12 - Soja Heterodera Vaso 8,12.0,8.0,0,311.01,10354,72.6,0.25,0.1,10324,10384,303.06,318.22,30
antes_dia_20,dia 12 - Soja Heterodera Vaso 8,12.0,8.0,0,311.25,10355,72.46,0.14000000000000057,0.1,10325,10385,303.3,318.46,30
antes_dia_20,dia 12 - Soja Heterodera Vaso 8,12.0,8.0,0,311.48,10356,72.32,0.14000000000000057,0.1,10326,10386,303.53,318.75,30
antes_dia_20,dia 12 - Soja Heterodera Vaso 8,12.0,8.0,0,311.72,10357,72.19,0.12999999999999545,0.1,10327,10387,303.77,318.99,30
antes_dia_20,dia 12 - Soja Heterodera Vaso 8,12.0,8.0,0,311.96,10358,72.06,0.12999999999999545,0.1,10328,10388,304.0,319.22,30
antes_dia_20,dia 12 - Soja Heterodera Vaso 8,12.0,8.0,0,312.19,10359,71.94,0.12000000000000455,0.1,10329,10389,304.28,319.46,30
antes_dia_20,dia 12 - Soja Heterodera Vaso 8,12.0,8.0,0,312.43,10360,71.82,0.12000000000000455,0.1,10330,10390,304.52,319.7,30
antes_dia_20,dia 12 - Soja Heterodera Vaso 8,12.0,8.0,0,312.66,10361,71.7,0.11999999999999034,0.1,10331,10391,304.76,319.93,30
antes_dia_20,dia 12 - Soja Heterodera Vaso 8,12.0,8.0,0,312.9,10362,71.6,0.10000000000000853,0.1,10332,10392,304.99,320.17,30
antes_dia_20,dia 12 - Soja Heterodera Vaso 8,12.0,8.0,0,313.19,10363,71.47,0.12999999999999545,0.1,10333,10393,305.24,320.4,30
antes_dia_20,dia 12 - Soja Heterodera Vaso 8,12.0,8.0,0,313.43,10364,71.36,0.10999999999999943,0.1,10334,10394,305.48,320.64,30
antes_dia_20,dia 12 - Soja Heterodera Vaso 8,12.0,8.0,0,313.91,10366,71.16,0.10000000000000853,0.1,10336,10396,305.95,321.17,30
antes_dia_20,dia 12 - Soja Heterodera Vaso 8,12.0,8.0,0,315.35,10372,75.54,4.810000000000002,0.1,10342,10402,307.4,322.59,30
antes_dia_20,dia 12 - Soja Heterodera Vaso 8,12.0,8.0,0,315.59,10373,81.29,5.75,0.1,10343,10403,307.67,322.83,30
antes_dia_20,dia 12 - Soja Heterodera Vaso 8,12.0,8.0,0,315.82,10374,85.77,4.47999999999999,0.1,10344,10404,307.9,323.12,30
antes_dia_20,dia 12 - Soja Heterodera Vaso 8,12.0,8.0,0,316.06,10375,89.15,3.3800000000000097,0.1,10345,10405,308.14,323.36,30
antes_dia_20,dia 12 - Soja Heterodera Vaso 8,12.0,8.0,0,316.3,10376,91.5,2.3499999999999943,0.1,10346,10406,308.37,323.59,30
antes_dia_20,dia 12 - Soja Heterodera Vaso 8,12.0,8.0,0,316.57,10377,93.09,1.5900000000000034,0.1,10347,10407,308.71,323.83,30
antes_dia_20,dia 12 - Soja Heterodera Vaso 8,12.0,8.0,0,316.8,10378,93.59,0.5,0.1,10348,10408,308.95,324.07,30
antes_dia_20,dia 12 - Soja Heterodera Vaso 8,12.0,8.0,0,735.33,11983,93.15,0.5499999999999972,0.1,11953,12013,728.08,743.23,30
antes_dia_20,dia 12 - Soja Heterodera Vaso 8,12.0,8.0,0,735.56,11984,92.36,0.7900000000000063,0.1,11954,12014,728.34,743.47,30
antes_dia_20,dia 12 - Soja Heterodera Vaso 8,12.0,8.0,0,735.79,11985,91.89,0.46999999999999886,0.1,11955,12015,728.57,743.7,30
antes_dia_20,dia 12 - Soja Heterodera Vaso 8,12.0,8.0,0,736.03,11986,91.58,0.3100000000000023,0.1,11956,12016,728.81,743.95,30
antes_dia_20,dia 12 - Soja Heterodera Vaso 8,12.0,8.0,0,736.27,11987,91.38,0.20000000000000284,0.1,11957,12017,729.04,744.18,30
antes_dia_20,dia 12 - Soja Heterodera Vaso 8,12.0,8.0,0,736.51,11988,91.22,0.1599999999999966,0.1,11958,12018,729.29,744.41,30
antes_dia_20,dia 12 - Soja Heterodera Vaso 9,12.0,9.0,0,300.09,12776,92.16,1.460000000000008,0.1,12746,12806,292.26,307.31,30
antes_dia_20,dia 12 - Soja Heterodera Vaso 9,12.0,9.0,0,300.32,12777,90.9,1.259999999999991,0.1,12747,12807,292.49,307.56,30
antes_dia_20,dia 12 - Soja Heterodera Vaso 9,12.0,9.0,0,300.57,12778,89.79,1.1099999999999994,0.1,12748,12808,292.73,307.83,30
antes_dia_20,dia 12 - Soja Heterodera Vaso 9,12.0,9.0,0,300.8,12779,88.82,0.9700000000000131,0.1,12749,12809,292.96,308.1,30
antes_dia_20,dia 12 - Soja Heterodera Vaso 9,12.0,9.0,0,301.04,12780,87.95,0.8699999999999903,0.1,12750,12810,293.2,308.33,30
antes_dia_20,dia 12 - Soja Heterodera Vaso 9,12.0,9.0,0,301.33,12781,86.95,1.0,0.1,12751,12811,293.44,308.57,30
antes_dia_20,dia 12 - Soja Heterodera Vaso 9,12.0,9.0,0,301.57,12782,86.21,0.7400000000000091,0.1,12752,12812,293.67,308.91,30
antes_dia_20,dia 12 - Soja Heterodera Vaso 9,12.0,9.0,0,301.81,12783,85.54,0.6699999999999875,0.1,12753,12813,293.91,309.15,30
antes_dia_20,dia 12 - Soja Heterodera Vaso 9,12.0,9.0,0,302.04,12784,84.9,0.6400000000000006,0.1,12754,12814,294.15,309.38,30
antes_dia_20,dia 12 - Soja Heterodera Vaso 9,12.0,9.0,0,302.29,12785,84.3,0.6000000000000085,0.1,12755,12815,294.38,309.62,30
antes_dia_20,dia 12 - Soja Heterodera Vaso 9,12.0,9.0,0,302.52,12786,83.71,0.5900000000000034,0.1,12756,12816,294.67,309.85,30
antes_dia_20,dia 12 - Soja Heterodera Vaso 9,12.0,9.0,0,302.76,12787,83.18,0.5299999999999869,0.1,12757,12817,294.91,310.09,30
antes_dia_20,dia 12 - Soja Heterodera Vaso 9,12.0,9.0,0,302.99,12788,82.67,0.5100000000000051,0.1,12758,12818,295.14,310.38,30
antes_dia_20,dia 12 - Soja Heterodera Vaso 9,12.0,9.0,0,303.23,12789,82.18,0.4899999999999949,0.1,12759,12819,295.38,310.77,30
antes_dia_20,dia 12 - Soja Heterodera Vaso 9,12.0,9.0,0,303.47,12790,81.71,0.4700000000000131,0.1,12760,12820,295.77,311.32,30
antes_dia_20,dia 12 - Soja Heterodera Vaso 9,12.0,9.0,0,303.7,12791,81.28,0.4299999999999926,0.1,12761,12821,296.31,311.72,30
antes_dia_20,dia 12 - Soja Heterodera Vaso 9,12.0,9.0,0,303.94,12792,80.85,0.4300000000000068,0.1,12762,12822,296.72,311.95,30
antes_dia_20,dia 12 - Soja Heterodera Vaso 9,12.0,9.0,0,304.18,12793,80.44,0.4099999999999966,0.1,12763,12823,296.95,312.19,30
antes_dia_20,dia 12 - Soja Heterodera Vaso 9,12.0,9.0,0,304.41,12794,80.05,0.39000000000000057,0.1,12764,12824,297.19,312.43,30
antes_dia_20,dia 12 - Soja Heterodera Vaso 9,12.0,9.0,0,304.71,12795,79.59,0.45999999999999375,0.1,12765,12825,297.42,312.67,30
antes_dia_20,dia 12 - Soja Heterodera Vaso 9,12.0,9.0,0,304.95,12796,79.24,0.3500000000000085,0.1,12766,12826,297.66,312.91,30
antes_dia_20,dia 12 - Soja Heterodera Vaso 9,12.0,9.0,0,305.18,12797,78.89,0.3499999999999943,0.1,12767,12827,297.92,313.14,30
antes_dia_20,dia 12 - Soja Heterodera Vaso 9,12.0,9.0,0,305.42,12798,78.57,0.3200000000000074,0.1,12768,12828,298.15,313.38,30
antes_dia_20,dia 12 - Soja Heterodera Vaso 9,12.0,9.0,0,305.66,12799,78.25,0.3199999999999932,0.1,12769,12829,298.39,313.62,30
antes_dia_20,dia 12 - Soja Heterodera Vaso 9,12.0,9.0,0,305.9,12800,77.95,0.29999999999999716,0.1,12770,12830,298.62,313.85,30
antes_dia_20,dia 12 - Soja Heterodera Vaso 9,12.0,9.0,0,306.13,12801,77.66,0.29000000000000625,0.1,12771,12831,298.86,314.09,30
antes_dia_20,dia 12 - Soja Heterodera Vaso 9,12.0,9.0,0,306.37,12802,77.38,0.28000000000000114,0.1,12772,12832,299.14,314.33,30
antes_dia_20,dia 12 - Soja Heterodera Vaso 9,12.0,9.0,0,306.6,12803,77.12,0.2599999999999909,0.1,12773,12833,299.38,314.57,30
antes_dia_20,dia 12 - Soja Heterodera Vaso 9,12.0,9.0,0,306.84,12804,76.86,0.2600000000000051,0.1,12774,12834,299.61,314.86,30
antes_dia_20,dia 12 - Soja Heterodera Vaso 9,12.0,9.0,0,307.08,12805,76.61,0.25,0.1,12775,12835,299.85,315.1,30
antes_dia_20,dia 12 - Soja Heterodera Vaso 9,12.0,9.0,0,307.31,12806,76.37,0.23999999999999488,0.1,12776,12836,300.09,315.33,30
antes_dia_20,dia 12 - Soja Heterodera Vaso 9,12.0,9.0,0,307.56,12807,76.14,0.23000000000000398,0.1,12777,12837,300.32,315.56,30
antes_dia_20,dia 12 - Soja Heterodera Vaso 9,12.0,9.0,0,307.83,12808,75.88,0.2600000000000051,0.1,12778,12838,300.57,315.81,30
antes_dia_20,dia 12 - Soja Heterodera Vaso 9,12.0,9.0,0,308.1,12809,75.63,0.25,0.1,12779,12839,300.8,316.04,30
antes_dia_20,dia 12 - Soja Heterodera Vaso 9,12.0,9.0,0,308.33,12810,75.43,0.19999999999998863,0.1,12780,12840,301.04,316.28,30
antes_dia_20,dia 12 - Soja Heterodera Vaso 9,12.0,9.0,0,308.57,12811,75.23,0.20000000000000284,0.1,12781,12841,301.33,316.52,30
antes_dia_20,dia 12 - Soja Heterodera Vaso 9,12.0,9.0,0,308.91,12812,74.95,0.28000000000000114,0.1,12782,12842,301.57,316.75,30
antes_dia_20,dia 12 - Soja Heterodera Vaso 9,12.0,9.0,0,309.15,12813,74.79,0.1599999999999966,0.1,12783,12843,301.81,317.02,30
antes_dia_20,dia 12 - Soja Heterodera Vaso 9,12.0,9.0,0,309.38,12814,74.62,0.1700000000000017,0.1,12784,12844,302.04,317.25,30
antes_dia_20,dia 12 - Soja Heterodera Vaso 9,12.0,9.0,0,309.62,12815,74.45,0.1700000000000017,0.1,12785,12845,302.29,317.49,30
antes_dia_20,dia 12 - Soja Heterodera Vaso 9,12.0,9.0,0,309.85,12816,74.29,0.1599999999999966,0.1,12786,12846,302.52,317.72,30
antes_dia_20,dia 12 - Soja Heterodera Vaso 9,12.0,9.0,0,310.09,12817,74.13,0.1600000000000108,0.1,12787,12847,302.76,317.97,30
antes_dia_20,dia 12 - Soja Heterodera Vaso 9,12.0,9.0,0,310.38,12818,73.95,0.1799999999999926,0.1,12788,12848,302.99,318.22,30
antes_dia_20,dia 12 - Soja Heterodera Vaso 9,12.0,9.0,0,310.77,12819,73.71,0.2400000000000091,0.1,12789,12849,303.23,318.45,30
antes_dia_20,dia 12 - Soja Heterodera Vaso 9,12.0,9.0,0,311.32,12820,73.41,0.29999999999999716,0.1,12790,12850,303.47,318.69,30
antes_dia_20,dia 12 - Soja Heterodera Vaso 9,12.0,9.0,0,311.72,12821,73.2,0.20999999999999375,0.1,12791,12851,303.7,318.92,30
antes_dia_20,dia 12 - Soja Heterodera Vaso 9,12.0,9.0,0,311.95,12822,73.08,0.12000000000000455,0.1,12792,12852,303.94,319.16,30
antes_dia_20,dia 12 - Soja Heterodera Vaso 9,12.0,9.0,0,312.19,12823,72.97,0.10999999999999943,0.1,12793,12853,304.18,319.4,30
antes_dia_20,dia 12 - Soja Heterodera Vaso 9,12.0,9.0,0,312.43,12824,72.86,0.10999999999999943,0.1,12794,12854,304.41,319.63,30
antes_dia_20,dia 12 - Soja Heterodera Vaso 9,12.0,9.0,0,312.67,12825,72.75,0.10999999999999943,0.1,12795,12855,304.71,319.87,30
antes_dia_20,dia 12 - Soja Heterodera Vaso 9,12.0,9.0,0,313.14,12827,72.55,0.10000000000000853,0.1,12797,12857,305.18,320.4,30
antes_dia_20,dia 12 - Soja Heterodera Vaso 9,12.0,9.0,0,319.16,12852,73.29,2.3900000000000006,0.1,12822,12882,311.95,327.02,30
antes_dia_20,dia 12 - Soja Heterodera Vaso 9,12.0,9.0,0,319.4,12853,79.54,6.25,0.1,12823,12883,312.19,327.26,30
antes_dia_20,dia 12 - Soja Heterodera Vaso 9,12.0,9.0,0,319.63,12854,84.36,4.819999999999993,0.1,12824,12884,312.43,327.49,30
antes_dia_20,dia 12 - Soja Heterodera Vaso 9,12.0,9.0,0,319.87,12855,88.15,3.7900000000000063,0.1,12825,12885,312.67,327.73,30
antes_dia_20,dia 12 - Soja Heterodera Vaso 9,12.0,9.0,0,320.11,12856,90.82,2.6699999999999875,0.1,12826,12886,312.91,327.98,30
antes_dia_20,dia 12 - Soja Heterodera Vaso 9,12.0,9.0,0,320.4,12857,92.86,2.0400000000000063,0.1,12827,12887,313.14,328.24,30
antes_dia_20,dia 12 - Soja Heterodera Vaso 9,12.0,9.0,0,320.64,12858,93.52,0.6599999999999966,0.1,12828,12888,313.38,328.48,30
antes_dia_20,dia 12 - Soja Heterodera Vaso 9,12.0,9.0,0,320.87,12859,93.66,0.14000000000000057,0.1,12829,12889,313.62,328.71,30
antes_dia_20,dia 12 - Soja Heterodera Vaso 9,12.0,9.0,0,739.2,14511,93.57,0.13000000000000966,0.1,14481,14541,731.39,746.58,30
antes_dia_20,dia 12 - Soja Heterodera Vaso 9,12.0,9.0,0,739.49,14512,92.44,1.1299999999999955,0.1,14482,14542,731.63,746.81,30
antes_dia_20,dia 12 - Soja Heterodera Vaso 9,12.0,9.0,0,739.73,14513,91.96,0.480000000000004,0.1,14483,14543,731.87,747.04,30
antes_dia_20,dia 12 - Soja Heterodera Vaso 9,12.0,9.0,0,739.96,14514,91.64,0.3199999999999932,0.1,14484,14544,732.1,747.28,30
antes_dia_20,dia 12 - Soja Heterodera Vaso 9,12.0,9.0,0,740.2,14515,91.43,0.20999999999999375,0.1,14485,14545,732.34,747.52,30
antes_dia_20,dia 12 - Soja Heterodera Vaso 9,12.0,9.0,0,740.43,14516,91.28,0.15000000000000568,0.1,14486,14546,732.57,747.75,30
antes_dia_20,dia 12 - Soja Heterodera Vaso 9,12.0,9.0,0,740.67,14517,91.17,0.10999999999999943,0.1,14487,14547,732.86,747.99,30
antes_dia_20,dia 12 - Soja Heterodera Vaso 1,12.0,1.0,0,300.08,15312,92.5,1.1899999999999977,0.1,15282,15342,292.18,307.37,30
antes_dia_20,dia 12 - Soja Heterodera Vaso 1,12.0,1.0,0,300.32,15313,91.18,1.3199999999999932,0.1,15283,15343,292.41,307.6,30
antes_dia_20,dia 12 - Soja Heterodera Vaso 1,12.0,1.0,0,300.55,15314,90.06,1.1200000000000045,0.1,15284,15344,292.65,307.83,30
antes_dia_20,dia 12 - Soja Heterodera Vaso 1,12.0,1.0,0,300.81,15315,88.98,1.0799999999999983,0.1,15285,15345,292.88,308.07,30
antes_dia_20,dia 12 - Soja Heterodera Vaso 1,12.0,1.0,0,301.04,15316,88.1,0.8800000000000097,0.1,15286,15346,293.18,308.31,30
antes_dia_20,dia 12 - Soja Heterodera Vaso 1,12.0,1.0,0,301.28,15317,87.27,0.8299999999999983,0.1,15287,15347,293.41,308.58,30
antes_dia_20,dia 12 - Soja Heterodera Vaso 1,12.0,1.0,0,301.52,15318,86.53,0.7399999999999949,0.1,15288,15348,293.65,308.81,30
antes_dia_20,dia 12 - Soja Heterodera Vaso 1,12.0,1.0,0,301.76,15319,85.84,0.6899999999999977,0.1,15289,15349,293.88,309.05,30
antes_dia_20,dia 12 - Soja Heterodera Vaso 1,12.0,1.0,0,302.03,15320,85.06,0.7800000000000011,0.1,15290,15350,294.13,309.28,30
antes_dia_20,dia 12 - Soja Heterodera Vaso 1,12.0,1.0,0,302.27,15321,84.46,0.6000000000000085,0.1,15291,15351,294.36,309.53,30
antes_dia_20,dia 12 - Soja Heterodera Vaso 1,12.0,1.0,0,302.51,15322,83.89,0.5699999999999932,0.1,15292,15352,294.6,309.78,30
antes_dia_20,dia 12 - Soja Heterodera Vaso 1,12.0,1.0,0,302.74,15323,83.35,0.5400000000000063,0.1,15293,15353,294.83,310.02,30
antes_dia_20,dia 12 - Soja Heterodera Vaso 1,12.0,1.0,0,302.98,15324,82.84,0.5099999999999909,0.1,15294,15354,295.07,310.41,30
antes_dia_20,dia 12 - Soja Heterodera Vaso 1,12.0,1.0,0,303.22,15325,82.33,0.5100000000000051,0.1,15295,15355,295.36,310.95,30
antes_dia_20,dia 12 - Soja Heterodera Vaso 1,12.0,1.0,0,303.45,15326,81.87,0.45999999999999375,0.1,15296,15356,295.75,311.35,30
antes_dia_20,dia 12 - Soja Heterodera Vaso 1,12.0,1.0,0,303.69,15327,81.43,0.4399999999999977,0.1,15297,15357,296.31,311.59,30
antes_dia_20,dia 12 - Soja Heterodera Vaso 1,12.0,1.0,0,303.92,15328,81.0,0.4300000000000068,0.1,15298,15358,296.71,311.83,30
antes_dia_20,dia 12 - Soja Heterodera Vaso 1,12.0,1.0,0,304.22,15329,80.49,0.5100000000000051,0.1,15299,15359,296.94,312.06,30
antes_dia_20,dia 12 - Soja Heterodera Vaso 1,12.0,1.0,0,304.46,15330,80.11,0.37999999999999545,0.1,15300,15360,297.18,312.3,30
antes_dia_20,dia 12 - Soja Heterodera Vaso 1,12.0,1.0,0,304.69,15331,79.75,0.35999999999999943,0.1,15301,15361,297.42,312.54,30
antes_dia_20,dia 12 - Soja Heterodera Vaso 1,12.0,1.0,0,304.93,15332,79.4,0.3499999999999943,0.1,15302,15362,297.65,312.77,30
antes_dia_20,dia 12 - Soja Heterodera Vaso 1,12.0,1.0,0,305.17,15333,79.07,0.3300000000000125,0.1,15303,15363,297.89,313.07,30
antes_dia_20,dia 12 - Soja Heterodera Vaso 1,12.0,1.0,0,305.41,15334,78.73,0.3399999999999892,0.1,15304,15364,298.13,313.3,30
antes_dia_20,dia 12 - Soja Heterodera Vaso 1,12.0,1.0,0,305.64,15335,78.42,0.3100000000000023,0.1,15305,15365,298.36,313.54,30
antes_dia_20,dia 12 - Soja Heterodera Vaso 1,12.0,1.0,0,305.88,15336,78.13,0.29000000000000625,0.1,15306,15366,298.66,313.88,30
antes_dia_20,dia 12 - Soja Heterodera Vaso 1,12.0,1.0,0,306.11,15337,77.84,0.28999999999999204,0.1,15307,15367,298.89,314.18,30
antes_dia_20,dia 12 - Soja Heterodera Vaso 1,12.0,1.0,0,306.41,15338,77.5,0.3400000000000034,0.1,15308,15368,299.13,314.44,30
antes_dia_20,dia 12 - Soja Heterodera Vaso 1,12.0,1.0,0,306.65,15339,77.24,0.2600000000000051,0.1,15309,15369,299.36,314.69,30
antes_dia_20,dia 12 - Soja Heterodera Vaso 1,12.0,1.0,0,306.88,15340,76.97,0.269999999999996,0.1,15310,15370,299.61,314.95,30
antes_dia_20,dia 12 - Soja Heterodera Vaso 1,12.0,1.0,0,307.12,15341,76.73,0.23999999999999488,0.1,15311,15371,299.85,315.26,30
antes_dia_20,dia 12 - Soja Heterodera Vaso 1,12.0,1.0,0,307.37,15342,76.5,0.23000000000000398,0.1,15312,15372,300.08,315.51,30
antes_dia_20,dia 12 - Soja Heterodera Vaso 1,12.0,1.0,0,307.6,15343,76.25,0.25,0.1,15313,15373,300.32,315.76,30
antes_dia_20,dia 12 - Soja Heterodera Vaso 1,12.0,1.0,0,307.83,15344,76.04,0.20999999999999375,0.1,15314,15374,300.55,316.02,30
antes_dia_20,dia 12 - Soja Heterodera Vaso 1,12.0,1.0,0,308.07,15345,75.84,0.20000000000000284,0.1,15315,15375,300.81,316.27,30
antes_dia_20,dia 12 - Soja Heterodera Vaso 1,12.0,1.0,0,308.31,15346,75.64,0.20000000000000284,0.1,15316,15376,301.04,316.53,30
antes_dia_20,dia 12 - Soja Heterodera Vaso 1,12.0,1.0,0,308.58,15347,75.42,0.21999999999999886,0.1,15317,15377,301.28,316.78,30
antes_dia_20,dia 12 - Soja Heterodera Vaso 1,12.0,1.0,0,308.81,15348,75.23,0.18999999999999773,0.1,15318,15378,301.52,317.04,30
antes_dia_20,dia 12 - Soja Heterodera Vaso 1,12.0,1.0,0,309.05,15349,75.05,0.18000000000000682,0.1,15319,15379,301.76,317.29,30
antes_dia_20,dia 12 - Soja Heterodera Vaso 1,12.0,1.0,0,309.28,15350,74.88,0.1700000000000017,0.1,15320,15380,302.03,317.58,30
antes_dia_20,dia 12 - Soja Heterodera Vaso 1,12.0,1.0,0,309.53,15351,74.72,0.1599999999999966,0.1,15321,15381,302.27,317.84,30
antes_dia_20,dia 12 - Soja Heterodera Vaso 1,12.0,1.0,0,309.78,15352,74.54,0.1799999999999926,0.1,15322,15382,302.51,318.09,30
antes_dia_20,dia 12 - Soja Heterodera Vaso 1,12.0,1.0,0,310.02,15353,74.39,0.15000000000000568,0.1,15323,15383,302.74,318.35,30
antes_dia_20,dia 12 - Soja Heterodera Vaso 1,12.0,1.0,0,310.41,15354,74.14,0.25,0.1,15324,15384,302.98,318.66,30
antes_dia_20,dia 12 - Soja Heterodera Vaso 1,12.0,1.0,0,310.95,15355,73.83,0.3100000000000023,0.1,15325,15385,303.22,318.91,30
antes_dia_20,dia 12 - Soja Heterodera Vaso 1,12.0,1.0,0,311.35,15356,73.61,0.21999999999999886,0.1,15326,15386,303.45,319.17,30
antes_dia_20,dia 12 - Soja Heterodera Vaso 1,12.0,1.0,0,311.59,15357,73.5,0.10999999999999943,0.1,15327,15387,303.69,319.42,30
antes_dia_20,dia 12 - Soja Heterodera Vaso 1,12.0,1.0,0,311.83,15358,73.38,0.12000000000000455,0.1,15328,15388,303.92,319.72,30
antes_dia_20,dia 12 - Soja Heterodera Vaso 1,12.0,1.0,0,312.06,15359,73.26,0.11999999999999034,0.1,15329,15389,304.22,319.97,30
antes_dia_20,dia 12 - Soja Heterodera Vaso 1,12.0,1.0,0,312.3,15360,73.15,0.10999999999999943,0.1,15330,15390,304.46,320.22,30
antes_dia_20,dia 12 - Soja Heterodera Vaso 1,12.0,1.0,0,312.54,15361,73.05,0.10000000000000853,0.1,15331,15391,304.69,320.48,30
antes_dia_20,dia 12 - Soja Heterodera Vaso 1,12.0,1.0,0,313.07,15363,72.83,0.12000000000000455,0.1,15333,15393,305.17,320.99,30
antes_dia_20,dia 12 - Soja Heterodera Vaso 1,12.0,1.0,0,313.54,15365,72.63,0.10000000000000853,0.1,15335,15395,305.64,321.49,30
antes_dia_20,dia 12 - Soja Heterodera Vaso 1,12.0,1.0,0,313.88,15366,72.52,0.10999999999999943,0.1,15336,15396,305.88,321.75,30
antes_dia_20,dia 12 - Soja Heterodera Vaso 1,12.0,1.0,0,314.18,15367,72.41,0.10999999999999943,0.1,15337,15397,306.11,322.03,30
antes_dia_20,dia 12 - Soja Heterodera Vaso 1,12.0,1.0,0,320.74,15392,74.15,3.190000000000012,0.1,15362,15422,312.77,329.18,30
antes_dia_20,dia 12 - Soja Heterodera Vaso 1,12.0,1.0,0,320.99,15393,80.65,6.5,0.1,15363,15423,313.07,329.43,30
antes_dia_20,dia 12 - Soja Heterodera Vaso 1,12.0,1.0,0,321.24,15394,85.57,4.9199999999999875,0.1,15364,15424,313.3,329.74,30
antes_dia_20,dia 12 - Soja Heterodera Vaso 1,12.0,1.0,0,321.49,15395,89.22,3.6500000000000057,0.1,15365,15425,313.54,329.99,30
antes_dia_20,dia 12 - Soja Heterodera Vaso 1,12.0,1.0,0,321.75,15396,91.71,2.489999999999995,0.1,15366,15426,313.88,330.24,30
antes_dia_20,dia 12 - Soja Heterodera Vaso 1,12.0,1.0,0,322.03,15397,93.2,1.490000000000009,0.1,15367,15427,314.18,330.5,30
antes_dia_20,dia 12 - Soja Heterodera Vaso 1,12.0,1.0,0,322.29,15398,93.62,0.4200000000000017,0.1,15368,15428,314.44,330.79,30
antes_dia_20,dia 12 - Soja Heterodera Vaso 1,12.0,1.0,0,740.86,17014,92.76,0.9399999999999977,0.1,16984,17044,733.68,748.76,30
antes_dia_20,dia 12 - Soja Heterodera Vaso 1,12.0,1.0,0,741.16,17015,92.04,0.7199999999999989,0.1,16985,17045,733.91,749.0,30
antes_dia_20,dia 12 - Soja Heterodera Vaso 1,12.0,1.0,0,741.39,17016,91.7,0.3400000000000034,0.1,16986,17046,734.14,749.23,30
antes_dia_20,dia 12 - Soja Heterodera Vaso 1,12.0,1.0,0,741.63,17017,91.47,0.23000000000000398,0.1,16987,17047,734.38,749.47,30
antes_dia_20,dia 12 - Soja Heterodera Vaso 1,12.0,1.0,0,741.86,17018,91.31,0.1599999999999966,0.1,16988,17048,734.62,749.7,30
antes_dia_20,dia 12 - Soja Heterodera Vaso 1,12.0,1.0,0,742.1,17019,91.19,0.12000000000000455,0.1,16989,17049,734.86,749.98,30
antes_dia_20,dia 18 - Soja Heterodera Vaso 6,18.0,6.0,0,120.58,17333,92.55,1.0,0.1,17303,17363,113.51,127.73,30
antes_dia_20,dia 18 - Soja Heterodera Vaso 6,18.0,6.0,0,120.82,17334,91.36,1.1899999999999977,0.1,17304,17364,113.74,127.97,30
antes_dia_20,dia 18 - Soja Heterodera Vaso 6,18.0,6.0,0,121.05,17335,90.4,0.9599999999999937,0.1,17305,17365,113.98,128.2,30
antes_dia_20,dia 18 - Soja Heterodera Vaso 6,18.0,6.0,0,121.29,17336,89.55,0.8500000000000085,0.1,17306,17366,114.23,128.44,30
antes_dia_20,dia 18 - Soja Heterodera Vaso 6,18.0,6.0,0,121.52,17337,88.78,0.769999999999996,0.1,17307,17367,114.46,128.67,30
antes_dia_20,dia 18 - Soja Heterodera Vaso 6,18.0,6.0,0,121.75,17338,88.07,0.710000000000008,0.1,17308,17368,114.69,128.9,30
antes_dia_20,dia 18 - Soja Heterodera Vaso 6,18.0,6.0,0,121.98,17339,87.43,0.6399999999999864,0.1,17309,17369,114.92,129.13,30
antes_dia_20,dia 18 - Soja Heterodera Vaso 6,18.0,6.0,0,122.21,17340,86.8,0.6300000000000097,0.1,17310,17370,115.16,129.36,30
antes_dia_20,dia 18 - Soja Heterodera Vaso 6,18.0,6.0,0,122.45,17341,86.18,0.6199999999999903,0.1,17311,17371,115.4,129.59,30
antes_dia_20,dia 18 - Soja Heterodera Vaso 6,18.0,6.0,0,122.68,17342,85.62,0.5600000000000023,0.1,17312,17372,115.64,129.83,30
antes_dia_20,dia 18 - Soja Heterodera Vaso 6,18.0,6.0,0,122.92,17343,85.06,0.5600000000000023,0.1,17313,17373,115.88,130.06,30
antes_dia_20,dia 18 - Soja Heterodera Vaso 6,18.0,6.0,0,123.16,17344,84.47,0.5900000000000034,0.1,17314,17374,116.11,130.3,30
antes_dia_20,dia 18 - Soja Heterodera Vaso 6,18.0,6.0,0,123.4,17345,83.89,0.5799999999999983,0.1,17315,17375,116.36,130.53,30
antes_dia_20,dia 18 - Soja Heterodera Vaso 6,18.0,6.0,0,123.63,17346,83.36,0.5300000000000011,0.1,17316,17376,116.6,130.76,30
antes_dia_20,dia 18 - Soja Heterodera Vaso 6,18.0,6.0,0,123.86,17347,82.83,0.5300000000000011,0.1,17317,17377,116.83,130.99,30
antes_dia_20,dia 18 - Soja Heterodera Vaso 6,18.0,6.0,0,124.08,17348,82.3,0.5300000000000011,0.1,17318,17378,117.08,131.23,30
antes_dia_20,dia 18 - Soja Heterodera Vaso 6,18.0,6.0,0,124.33,17349,81.78,0.519999999999996,0.1,17319,17379,117.31,131.46,30
antes_dia_20,dia 18 - Soja Heterodera Vaso 6,18.0,6.0,0,124.56,17350,81.29,0.4899999999999949,0.1,17320,17380,117.55,131.72,30
antes_dia_20,dia 18 - Soja Heterodera Vaso 6,18.0,6.0,0,124.89,17351,80.58,0.710000000000008,0.1,17321,17381,117.78,131.96,30
antes_dia_20,dia 18 - Soja Heterodera Vaso 6,18.0,6.0,0,125.13,17352,80.09,0.4899999999999949,0.1,17322,17382,118.02,132.19,30
antes_dia_20,dia 18 - Soja Heterodera Vaso 6,18.0,6.0,0,125.36,17353,79.64,0.45000000000000284,0.1,17323,17383,118.25,132.43,30
antes_dia_20,dia 18 - Soja Heterodera Vaso 6,18.0,6.0,0,125.59,17354,79.17,0.46999999999999886,0.1,17324,17384,118.48,132.66,30
antes_dia_20,dia 18 - Soja Heterodera Vaso 6,18.0,6.0,0,125.82,17355,78.71,0.46000000000000796,0.1,17325,17385,118.71,132.9,30
antes_dia_20,dia 18 - Soja Heterodera Vaso 6,18.0,6.0,0,126.08,17356,78.19,0.519999999999996,0.1,17326,17386,118.94,133.13,30
antes_dia_20,dia 18 - Soja Heterodera Vaso 6,18.0,6.0,0,126.32,17357,77.73,0.45999999999999375,0.1,17327,17387,119.18,133.37,30
antes_dia_20,dia 18 - Soja Heterodera Vaso 6,18.0,6.0,0,126.56,17358,77.28,0.45000000000000284,0.1,17328,17388,119.41,133.62,30
antes_dia_20,dia 18 - Soja Heterodera Vaso 6,18.0,6.0,0,126.8,17359,76.82,0.46000000000000796,0.1,17329,17389,119.64,133.86,30
antes_dia_20,dia 18 - Soja Heterodera Vaso 6,18.0,6.0,0,127.03,17360,76.36,0.45999999999999375,0.1,17330,17390,119.88,134.1,30
antes_dia_20,dia 18 - Soja Heterodera Vaso 6,18.0,6.0,0,127.26,17361,75.93,0.4299999999999926,0.1,17331,17391,120.11,134.33,30
antes_dia_20,dia 18 - Soja Heterodera Vaso 6,18.0,6.0,0,127.5,17362,75.49,0.44000000000001194,0.1,17332,17392,120.34,134.57,30
antes_dia_20,dia 18 - Soja Heterodera Vaso 6,18.0,6.0,0,127.73,17363,75.04,0.44999999999998863,0.1,17333,17393,120.58,134.81,30
antes_dia_20,dia 18 - Soja Heterodera Vaso 6,18.0,6.0,0,127.97,17364,74.62,0.4200000000000017,0.1,17334,17394,120.82,135.04,30
antes_dia_20,dia 18 - Soja Heterodera Vaso 6,18.0,6.0,0,128.2,17365,74.2,0.4200000000000017,0.1,17335,17395,121.05,135.27,30
antes_dia_20,dia 18 - Soja Heterodera Vaso 6,18.0,6.0,0,128.44,17366,73.78,0.4200000000000017,0.1,17336,17396,121.29,135.51,30
antes_dia_20,dia 18 - Soja Heterodera Vaso 6,18.0,6.0,0,128.67,17367,73.34,0.4399999999999977,0.1,17337,17397,121.52,135.75,30
antes_dia_20,dia 18 - Soja Heterodera Vaso 6,18.0,6.0,0,128.9,17368,72.92,0.4200000000000017,0.1,17338,17398,121.75,135.98,30
antes_dia_20,dia 18 - Soja Heterodera Vaso 6,18.0,6.0,0,129.13,17369,72.52,0.4000000000000057,0.1,17339,17399,121.98,136.22,30
antes_dia_20,dia 18 - Soja Heterodera Vaso 6,18.0,6.0,0,129.36,17370,72.1,0.4200000000000017,0.1,17340,17400,122.21,136.47,30
antes_dia_20,dia 18 - Soja Heterodera Vaso 6,18.0,6.0,0,129.59,17371,71.7,0.3999999999999915,0.1,17341,17401,122.45,136.7,30
antes_dia_20,dia 18 - Soja Heterodera Vaso 6,18.0,6.0,0,129.83,17372,71.29,0.4099999999999966,0.1,17342,17402,122.68,136.94,30
antes_dia_20,dia 18 - Soja Heterodera Vaso 6,18.0,6.0,0,130.06,17373,70.89,0.4000000000000057,0.1,17343,17403,122.92,137.18,30
antes_dia_20,dia 18 - Soja Heterodera Vaso 6,18.0,6.0,0,130.3,17374,70.47,0.4200000000000017,0.1,17344,17404,123.16,137.41,30
antes_dia_20,dia 18 - Soja Heterodera Vaso 6,18.0,6.0,0,130.53,17375,70.07,0.4000000000000057,0.1,17345,17405,123.4,137.65,30
antes_dia_20,dia 18 - Soja Heterodera Vaso 6,18.0,6.0,0,130.76,17376,69.67,0.3999999999999915,0.1,17346,17406,123.63,137.89,30
antes_dia_20,dia 18 - Soja Heterodera Vaso 6,18.0,6.0,0,130.99,17377,69.28,0.39000000000000057,0.1,17347,17407,123.86,138.13,30
antes_dia_20,dia 18 - Soja Heterodera Vaso 6,18.0,6.0,0,131.23,17378,68.87,0.4099999999999966,0.1,17348,17408,124.08,138.37,30
antes_dia_20,dia 18 - Soja Heterodera Vaso 6,18.0,6.0,0,131.46,17379,68.47,0.4000000000000057,0.1,17349,17409,124.33,138.61,30
antes_dia_20,dia 18 - Soja Heterodera Vaso 6,18.0,6.0,0,131.72,17380,68.04,0.4299999999999926,0.1,17350,17410,124.56,138.84,30
antes_dia_20,dia 18 - Soja Heterodera Vaso 6,18.0,6.0,0,131.96,17381,67.67,0.37000000000000455,0.1,17351,17411,124.89,139.17,30
antes_dia_20,dia 18 - Soja Heterodera Vaso 6,18.0,6.0,0,132.19,17382,71.41,3.739999999999995,0.1,17352,17412,125.13,139.41,30
antes_dia_20,dia 18 - Soja Heterodera Vaso 6,18.0,6.0,0,132.43,17383,77.51,6.1000000000000085,0.1,17353,17413,125.36,139.65,30
antes_dia_20,dia 18 - Soja Heterodera Vaso 6,18.0,6.0,0,132.66,17384,82.65,5.140000000000001,0.1,17354,17414,125.59,139.88,30
antes_dia_20,dia 18 - Soja Heterodera Vaso 6,18.0,6.0,0,132.9,17385,86.7,4.049999999999997,0.1,17355,17415,125.82,140.12,30
antes_dia_20,dia 18 - Soja Heterodera Vaso 6,18.0,6.0,0,133.13,17386,89.8,3.0999999999999943,0.1,17356,17416,126.08,140.36,30
antes_dia_20,dia 18 - Soja Heterodera Vaso 6,18.0,6.0,0,133.37,17387,91.95,2.1500000000000057,0.1,17357,17417,126.32,140.59,30
antes_dia_20,dia 18 - Soja Heterodera Vaso 6,18.0,6.0,0,133.62,17388,93.12,1.1700000000000017,0.1,17358,17418,126.56,140.82,30
antes_dia_20,dia 18 - Soja Heterodera Vaso 6,18.0,6.0,0,133.86,17389,93.48,0.35999999999999943,0.1,17359,17419,126.8,141.09,30
antes_dia_20,dia 18 - Soja Heterodera Vaso 7,18.0,7.0,0,120.09,19065,92.99,0.5500000000000114,0.1,19035,19095,113.07,127.25,30
antes_dia_20,dia 18 - Soja Heterodera Vaso 7,18.0,7.0,0,120.34,19066,91.59,1.3999999999999915,0.1,19036,19096,113.31,127.48,30
antes_dia_20,dia 18 - Soja Heterodera Vaso 7,18.0,7.0,0,120.58,19067,90.54,1.0499999999999972,0.1,19037,19097,113.54,127.71,30
antes_dia_20,dia 18 - Soja Heterodera Vaso 7,18.0,7.0,0,120.81,19068,89.68,0.8599999999999994,0.1,19038,19098,113.78,127.96,30
antes_dia_20,dia 18 - Soja Heterodera Vaso 7,18.0,7.0,0,121.04,19069,88.89,0.7900000000000063,0.1,19039,19099,114.01,128.19,30
antes_dia_20,dia 18 - Soja Heterodera Vaso 7,18.0,7.0,0,121.28,19070,88.17,0.7199999999999989,0.1,19040,19100,114.24,128.42,30
antes_dia_20,dia 18 - Soja Heterodera Vaso 7,18.0,7.0,0,121.51,19071,87.48,0.6899999999999977,0.1,19041,19101,114.49,128.67,30
antes_dia_20,dia 18 - Soja Heterodera Vaso 7,18.0,7.0,0,121.74,19072,86.82,0.6600000000000108,0.1,19042,19102,114.72,128.9,30
antes_dia_20,dia 18 - Soja Heterodera Vaso 7,18.0,7.0,0,121.97,19073,86.18,0.6399999999999864,0.1,19043,19103,114.97,129.13,30
antes_dia_20,dia 18 - Soja Heterodera Vaso 7,18.0,7.0,0,122.21,19074,85.56,0.6200000000000045,0.1,19044,19104,115.19,129.36,30
antes_dia_20,dia 18 - Soja Heterodera Vaso 7,18.0,7.0,0,122.45,19075,84.95,0.6099999999999994,0.1,19045,19105,115.42,129.59,30
antes_dia_20,dia 18 - Soja Heterodera Vaso 7,18.0,7.0,0,122.68,19076,84.38,0.5700000000000074,0.1,19046,19106,115.65,129.82,30
antes_dia_20,dia 18 - Soja Heterodera Vaso 7,18.0,7.0,0,122.92,19077,83.82,0.5600000000000023,0.1,19047,19107,115.89,130.05,30
antes_dia_20,dia 18 - Soja Heterodera Vaso 7,18.0,7.0,0,123.15,19078,83.26,0.5599999999999881,0.1,19048,19108,116.12,130.29,30
antes_dia_20,dia 18 - Soja Heterodera Vaso 7,18.0,7.0,0,123.38,19079,82.71,0.5500000000000114,0.1,19049,19109,116.35,130.53,30
antes_dia_20,dia 18 - Soja Heterodera Vaso 7,18.0,7.0,0,123.61,19080,82.17,0.539999999999992,0.1,19050,19110,116.59,130.76,30
antes_dia_20,dia 18 - Soja Heterodera Vaso 7,18.0,7.0,0,123.95,19081,81.42,0.75,0.1,19051,19111,116.81,131.0,30
antes_dia_20,dia 18 - Soja Heterodera Vaso 7,18.0,7.0,0,124.19,19082,80.91,0.5100000000000051,0.1,19052,19112,117.05,131.23,30
antes_dia_20,dia 18 - Soja Heterodera Vaso 7,18.0,7.0,0,124.43,19083,80.38,0.5300000000000011,0.1,19053,19113,117.28,131.49,30
antes_dia_20,dia 18 - Soja Heterodera Vaso 7,18.0,7.0,0,124.66,19084,79.89,0.4899999999999949,0.1,19054,19114,117.52,131.73,30
antes_dia_20,dia 18 - Soja Heterodera Vaso 7,18.0,7.0,0,124.9,19085,79.4,0.4899999999999949,0.1,19055,19115,117.75,131.96,30
antes_dia_20,dia 18 - Soja Heterodera Vaso 7,18.0,7.0,0,125.13,19086,78.9,0.5,0.1,19056,19116,117.98,132.2,30
antes_dia_20,dia 18 - Soja Heterodera Vaso 7,18.0,7.0,0,125.37,19087,78.39,0.5100000000000051,0.1,19057,19117,118.21,132.43,30
antes_dia_20,dia 18 - Soja Heterodera Vaso 7,18.0,7.0,0,125.6,19088,77.92,0.46999999999999886,0.1,19058,19118,118.44,132.65,30
antes_dia_20,dia 18 - Soja Heterodera Vaso 7,18.0,7.0,0,125.83,19089,77.45,0.46999999999999886,0.1,19059,19119,118.69,132.88,30
antes_dia_20,dia 18 - Soja Heterodera Vaso 7,18.0,7.0,0,126.06,19090,77.0,0.45000000000000284,0.1,19060,19120,118.93,133.14,30
antes_dia_20,dia 18 - Soja Heterodera Vaso 7,18.0,7.0,0,126.31,19091,76.53,0.46999999999999886,0.1,19061,19121,119.17,133.37,30
antes_dia_20,dia 18 - Soja Heterodera Vaso 7,18.0,7.0,0,126.55,19092,76.09,0.4399999999999977,0.1,19062,19122,119.4,133.61,30
antes_dia_20,dia 18 - Soja Heterodera Vaso 7,18.0,7.0,0,126.78,19093,75.64,0.45000000000000284,0.1,19063,19123,119.63,133.84,30
antes_dia_20,dia 18 - Soja Heterodera Vaso 7,18.0,7.0,0,127.02,19094,75.17,0.46999999999999886,0.1,19064,19124,119.86,134.08,30
antes_dia_20,dia 18 - Soja Heterodera Vaso 7,18.0,7.0,0,127.25,19095,74.73,0.4399999999999977,0.1,19065,19125,120.09,134.31,30
antes_dia_20,dia 18 - Soja Heterodera Vaso 7,18.0,7.0,0,127.48,19096,74.32,0.4100000000000108,0.1,19066,19126,120.34,134.54,30
antes_dia_20,dia 18 - Soja Heterodera Vaso 7,18.0,7.0,0,127.71,19097,73.89,0.4299999999999926,0.1,19067,19127,120.58,134.77,30
antes_dia_20,dia 18 - Soja Heterodera Vaso 7,18.0,7.0,0,127.96,19098,73.41,0.480000000000004,0.1,19068,19128,120.81,135.01,30
antes_dia_20,dia 18 - Soja Heterodera Vaso 7,18.0,7.0,0,128.19,19099,72.99,0.4200000000000017,0.1,19069,19129,121.04,135.24,30
antes_dia_20,dia 18 - Soja Heterodera Vaso 7,18.0,7.0,0,128.42,19100,72.57,0.4200000000000017,0.1,19070,19130,121.28,135.47,30
antes_dia_20,dia 18 - Soja Heterodera Vaso 7,18.0,7.0,0,128.67,19101,72.13,0.4399999999999977,0.1,19071,19131,121.51,135.7,30
antes_dia_20,dia 18 - Soja Heterodera Vaso 7,18.0,7.0,0,128.9,19102,71.7,0.4299999999999926,0.1,19072,19132,121.74,135.93,30
antes_dia_20,dia 18 - Soja Heterodera Vaso 7,18.0,7.0,0,129.13,19103,71.29,0.4099999999999966,0.1,19073,19133,121.97,136.16,30
antes_dia_20,dia 18 - Soja Heterodera Vaso 7,18.0,7.0,0,129.36,19104,70.87,0.4200000000000017,0.1,19074,19134,122.21,136.39,30
antes_dia_20,dia 18 - Soja Heterodera Vaso 7,18.0,7.0,0,129.59,19105,70.45,0.4200000000000017,0.1,19075,19135,122.45,136.63,30
antes_dia_20,dia 18 - Soja Heterodera Vaso 7,18.0,7.0,0,129.82,19106,70.05,0.4000000000000057,0.1,19076,19136,122.68,136.86,30
antes_dia_20,dia 18 - Soja Heterodera Vaso 7,18.0,7.0,0,130.05,19107,69.64,0.4099999999999966,0.1,19077,19137,122.92,137.09,30
antes_dia_20,dia 18 - Soja Heterodera Vaso 7,18.0,7.0,0,130.29,19108,74.49,4.849999999999994,0.1,19078,19138,123.15,137.33,30
antes_dia_20,dia 18 - Soja Heterodera Vaso 7,18.0,7.0,0,130.53,19109,80.08,5.590000000000003,0.1,19079,19139,123.38,137.56,30
antes_dia_20,dia 18 - Soja Heterodera Vaso 7,18.0,7.0,0,130.76,19110,84.73,4.650000000000006,0.1,19080,19140,123.61,137.79,30
antes_dia_20,dia 18 - Soja Heterodera Vaso 7,18.0,7.0,0,131.0,19111,88.4,3.6700000000000017,0.1,19081,19141,123.95,138.03,30
antes_dia_20,dia 18 - Soja Heterodera Vaso 7,18.0,7.0,0,131.23,19112,90.96,2.559999999999988,0.1,19082,19142,124.19,138.26,30
antes_dia_20,dia 18 - Soja Heterodera Vaso 7,18.0,7.0,0,131.49,19113,92.71,1.75,0.1,19083,19143,124.43,138.5,30
antes_dia_20,dia 18 - Soja Heterodera Vaso 7,18.0,7.0,0,131.73,19114,93.37,0.6600000000000108,0.1,19084,19144,124.66,138.74,30
antes_dia_20,dia 18 - Soja Heterodera Vaso 7,18.0,7.0,0,131.96,19115,93.5,0.12999999999999545,0.1,19085,19145,124.9,138.97,30
antes_dia_20,dia 19 - Soja Heterodera Vaso 7,19.0,7.0,0,121.88,26080,92.85,0.7700000000000102,0.1,26050,26110,113.54,130.14,30
antes_dia_20,dia 19 - Soja Heterodera Vaso 7,19.0,7.0,0,122.13,26081,92.32,0.5300000000000011,0.1,26051,26111,113.8,130.4,30
antes_dia_20,dia 19 - Soja Heterodera Vaso 7,19.0,7.0,0,122.39,26082,91.9,0.4199999999999875,0.1,26052,26112,114.11,130.66,30
antes_dia_20,dia 19 - Soja Heterodera Vaso 7,19.0,7.0,0,122.64,26083,91.59,0.3100000000000023,0.1,26053,26113,114.4,130.93,30
antes_dia_20,dia 19 - Soja Heterodera Vaso 7,19.0,7.0,0,122.93,26084,91.29,0.29999999999999716,0.1,26054,26114,114.69,131.19,30
antes_dia_20,dia 19 - Soja Heterodera Vaso 7,19.0,7.0,0,123.22,26085,91.05,0.2400000000000091,0.1,26055,26115,114.99,131.45,30
antes_dia_20,dia 19 - Soja Heterodera Vaso 7,19.0,7.0,0,123.5,26086,90.84,0.20999999999999375,0.1,26056,26116,115.24,131.71,30
antes_dia_20,dia 19 - Soja Heterodera Vaso 7,19.0,7.0,0,123.79,26087,90.65,0.18999999999999773,0.1,26057,26117,115.49,131.97,30
antes_dia_20,dia 19 - Soja Heterodera Vaso 7,19.0,7.0,0,124.1,26088,90.49,0.1600000000000108,0.1,26058,26118,115.73,132.37,30
antes_dia_20,dia 19 - Soja Heterodera Vaso 7,19.0,7.0,0,124.36,26089,90.37,0.11999999999999034,0.1,26059,26119,115.98,132.66,30
antes_dia_20,dia 19 - Soja Heterodera Vaso 7,19.0,7.0,0,124.62,26090,90.26,0.10999999999999943,0.1,26060,26120,116.22,132.96,30
antes_dia_20,dia 19 - Soja Heterodera Vaso 7,19.0,7.0,0,125.15,26092,90.07,0.11000000000001364,0.1,26062,26122,116.86,133.54,30
antes_dia_20,dia 19 - Soja Heterodera Vaso 7,19.0,7.0,0,136.31,26132,88.97,0.1599999999999966,0.1,26102,26162,127.92,144.57,30
antes_dia_20,dia 19 - Soja Heterodera Vaso 7,19.0,7.0,0,136.84,26134,88.86,0.1700000000000017,0.1,26104,26164,128.43,145.18,30
antes_dia_20,dia 19 - Soja Heterodera Vaso 7,19.0,7.0,0,137.1,26135,88.62,0.23999999999999488,0.1,26105,26165,128.68,145.43,30
antes_dia_20,dia 19 - Soja Heterodera Vaso 7,19.0,7.0,0,137.36,26136,88.46,0.1600000000000108,0.1,26106,26166,128.97,145.69,30
antes_dia_20,dia 19 - Soja Heterodera Vaso 7,19.0,7.0,0,137.62,26137,88.24,0.21999999999999886,0.1,26107,26167,129.26,145.95,30
antes_dia_20,dia 19 - Soja Heterodera Vaso 7,19.0,7.0,0,137.9,26138,87.94,0.29999999999999716,0.1,26108,26168,129.54,146.3,30
antes_dia_20,dia 19 - Soja Heterodera Vaso 7,19.0,7.0,0,138.2,26139,87.71,0.23000000000000398,0.1,26109,26169,129.83,146.56,30
antes_dia_20,dia 19 - Soja Heterodera Vaso 7,19.0,7.0,0,138.53,26140,87.33,0.37999999999999545,0.1,26110,26170,130.14,146.82,30
antes_dia_20,dia 19 - Soja Heterodera Vaso 7,19.0,7.0,0,138.84,26141,87.03,0.29999999999999716,0.1,26111,26171,130.4,147.12,30
antes_dia_20,dia 19 - Soja Heterodera Vaso 7,19.0,7.0,0,139.14,26142,86.75,0.28000000000000114,0.1,26112,26172,130.66,147.43,30
antes_dia_20,dia 19 - Soja Heterodera Vaso 7,19.0,7.0,0,139.41,26143,86.55,0.20000000000000284,0.1,26113,26173,130.93,147.73,30
antes_dia_20,dia 19 - Soja Heterodera Vaso 7,19.0,7.0,0,139.66,26144,86.33,0.21999999999999886,0.1,26114,26174,131.19,148.06,30
antes_dia_20,dia 19 - Soja Heterodera Vaso 7,19.0,7.0,0,139.91,26145,86.16,0.1700000000000017,0.1,26115,26175,131.45,148.32,30
antes_dia_20,dia 19 - Soja Heterodera Vaso 7,19.0,7.0,0,140.43,26147,85.99,0.10999999999999943,0.1,26117,26177,131.97,148.85,30
antes_dia_20,dia 19 - Soja Heterodera Vaso 7,19.0,7.0,0,140.68,26148,85.75,0.23999999999999488,0.1,26118,26178,132.37,149.11,30
antes_dia_20,dia 19 - Soja Heterodera Vaso 7,19.0,7.0,0,140.98,26149,85.56,0.18999999999999773,0.1,26119,26179,132.66,149.37,30
antes_dia_20,dia 19 - Soja Heterodera Vaso 7,19.0,7.0,0,141.28,26150,85.32,0.2400000000000091,0.1,26120,26180,132.96,149.64,30
antes_dia_20,dia 19 - Soja Heterodera Vaso 7,19.0,7.0,0,141.57,26151,85.07,0.25,0.1,26121,26181,133.28,149.91,30
antes_dia_20,dia 19 - Soja Heterodera Vaso 7,19.0,7.0,0,141.85,26152,84.87,0.19999999999998863,0.1,26122,26182,133.54,150.21,30
antes_dia_20,dia 19 - Soja Heterodera Vaso 7,19.0,7.0,0,142.13,26153,84.76,0.10999999999999943,0.1,26123,26183,133.8,150.52,30
antes_dia_20,dia 19 - Soja Heterodera Vaso 7,19.0,7.0,0,142.39,26154,84.63,0.13000000000000966,0.1,26124,26184,134.05,150.83,30
antes_dia_20,dia 19 - Soja Heterodera Vaso 7,19.0,7.0,0,142.65,26155,84.52,0.10999999999999943,0.1,26125,26185,134.3,151.13,30
antes_dia_20,dia 19 - Soja Heterodera Vaso 7,19.0,7.0,0,143.18,26157,84.32,0.10000000000000853,0.1,26127,26187,134.82,151.65,30
antes_dia_20,dia 19 - Soja Heterodera Vaso 7,19.0,7.0,0,143.44,26158,84.2,0.11999999999999034,0.1,26128,26188,135.11,151.91,30
antes_dia_20,dia 19 - Soja Heterodera Vaso 7,19.0,7.0,0,143.69,26159,84.09,0.10999999999999943,0.1,26129,26189,135.43,152.16,30
antes_dia_20,dia 19 - Soja Heterodera Vaso 7,19.0,7.0,0,143.98,26160,83.97,0.12000000000000455,0.1,26130,26190,135.72,152.41,30
antes_dia_20,dia 19 - Soja Heterodera Vaso 7,19.0,7.0,0,144.28,26161,83.86,0.10999999999999943,0.1,26131,26191,136.02,152.67,30
antes_dia_20,dia 19 - Soja Heterodera Vaso 7,19.0,7.0,0,144.57,26162,83.75,0.10999999999999943,0.1,26132,26192,136.31,152.95,30
antes_dia_20,dia 19 - Soja Heterodera Vaso 7,19.0,7.0,0,145.18,26164,83.57,0.11000000000001364,0.1,26134,26194,136.84,153.53,30
antes_dia_20,dia 19 - Soja Heterodera Vaso 7,19.0,7.0,0,146.3,26168,83.2,0.10999999999999943,0.1,26138,26198,137.9,154.65,30
antes_dia_20,dia 19 - Soja Heterodera Vaso 7,19.0,7.0,0,148.85,26177,83.27,0.7299999999999898,0.1,26147,26207,140.43,157.17,30
antes_dia_20,dia 19 - Soja Heterodera Vaso 7,19.0,7.0,0,149.11,26178,84.01,0.7400000000000091,0.1,26148,26208,140.68,157.47,30
antes_dia_20,dia 19 - Soja Heterodera Vaso 7,19.0,7.0,0,149.37,26179,84.61,0.5999999999999943,0.1,26149,26209,140.98,157.73,30
antes_dia_20,dia 19 - Soja Heterodera Vaso 7,19.0,7.0,0,149.64,26180,85.03,0.4200000000000017,0.1,26150,26210,141.28,157.99,30
antes_dia_20,dia 19 - Soja Heterodera Vaso 7,19.0,7.0,0,149.91,26181,85.5,0.46999999999999886,0.1,26151,26211,141.57,158.24,30
antes_dia_20,dia 19 - Soja Heterodera Vaso 7,19.0,7.0,0,150.21,26182,86.26,0.7600000000000051,0.1,26152,26212,141.85,158.5,30
antes_dia_20,dia 19 - Soja Heterodera Vaso 7,19.0,7.0,0,150.52,26183,87.15,0.8900000000000006,0.1,26153,26213,142.13,158.75,30
antes_dia_20,dia 19 - Soja Heterodera Vaso 7,19.0,7.0,0,150.83,26184,88.07,0.9199999999999875,0.1,26154,26214,142.39,159.01,30
antes_dia_20,dia 19 - Soja Heterodera Vaso 7,19.0,7.0,0,151.13,26185,88.91,0.8400000000000034,0.1,26155,26215,142.65,159.31,30
antes_dia_20,dia 19 - Soja Heterodera Vaso 7,19.0,7.0,0,151.39,26186,89.59,0.6800000000000068,0.1,26156,26216,142.91,159.61,30
antes_dia_20,dia 19 - Soja Heterodera Vaso 7,19.0,7.0,0,151.65,26187,90.23,0.6400000000000006,0.1,26157,26217,143.18,159.89,30
antes_dia_20,dia 19 - Soja Heterodera Vaso 7,19.0,7.0,0,151.91,26188,90.79,0.5600000000000023,0.1,26158,26218,143.44,160.18,30
antes_dia_20,dia 19 - Soja Heterodera Vaso 7,19.0,7.0,0,152.16,26189,91.29,0.5,0.1,26159,26219,143.69,160.48,30
antes_dia_20,dia 19 - Soja Heterodera Vaso 7,19.0,7.0,0,152.41,26190,91.73,0.4399999999999977,0.1,26160,26220,143.98,160.74,30
antes_dia_20,dia 19 - Soja Heterodera Vaso 7,19.0,7.0,0,152.67,26191,92.12,0.39000000000000057,0.1,26161,26221,144.28,161.01,30
antes_dia_20,dia 19 - Soja Heterodera Vaso 7,19.0,7.0,0,152.95,26192,92.49,0.36999999999999034,0.1,26162,26222,144.57,161.27,30
antes_dia_20,dia 19 - Soja Heterodera Vaso 7,19.0,7.0,0,153.23,26193,92.79,0.30000000000001137,0.1,26163,26223,144.86,161.54,30
antes_dia_20,dia 19 - Soja Heterodera Vaso 7,19.0,7.0,0,153.53,26194,93.05,0.2599999999999909,0.1,26164,26224,145.18,161.8,30
antes_dia_20,dia 19 - Soja Heterodera Vaso 7,19.0,7.0,0,153.84,26195,93.24,0.18999999999999773,0.1,26165,26225,145.43,162.06,30
antes_dia_20,dia 19 - Soja Heterodera Vaso 7,19.0,7.0,0,154.13,26196,93.37,0.13000000000000966,0.1,26166,26226,145.69,162.32,30
antes_dia_20,dia 19 - Soja Heterodera Vaso 8,19.0,8.0,0,115.22,27567,88.94,0.12000000000000455,0.1,27537,27597,107.16,123.67,30
antes_dia_20,dia 19 - Soja Heterodera Vaso 8,19.0,8.0,0,116.1,27570,88.67,0.2600000000000051,0.1,27540,27600,107.93,124.48,30
antes_dia_20,dia 19 - Soja Heterodera Vaso 8,19.0,8.0,0,116.36,27571,88.36,0.3100000000000023,0.1,27541,27601,108.17,124.79,30
antes_dia_20,dia 19 - Soja Heterodera Vaso 8,19.0,8.0,0,116.74,27572,88.0,0.35999999999999943,0.1,27542,27602,108.43,125.05,30
antes_dia_20,dia 19 - Soja Heterodera Vaso 8,19.0,8.0,0,117.0,27573,87.69,0.3100000000000023,0.1,27543,27603,108.72,125.33,30
antes_dia_20,dia 19 - Soja Heterodera Vaso 8,19.0,8.0,0,117.27,27574,87.37,0.3199999999999932,0.1,27544,27604,109.02,125.65,30
antes_dia_20,dia 19 - Soja Heterodera Vaso 8,19.0,8.0,0,117.53,27575,87.17,0.20000000000000284,0.1,27545,27605,109.31,125.91,30
antes_dia_20,dia 19 - Soja Heterodera Vaso 8,19.0,8.0,0,117.79,27576,86.9,0.269999999999996,0.1,27546,27606,109.61,126.17,30
antes_dia_20,dia 19 - Soja Heterodera Vaso 8,19.0,8.0,0,118.06,27577,86.7,0.20000000000000284,0.1,27547,27607,109.92,126.43,30
antes_dia_20,dia 19 - Soja Heterodera Vaso 8,19.0,8.0,0,118.37,27578,86.42,0.28000000000000114,0.1,27548,27608,110.17,126.68,30
antes_dia_20,dia 19 - Soja Heterodera Vaso 8,19.0,8.0,0,118.7,27579,86.17,0.25,0.1,27549,27609,110.42,126.93,30
antes_dia_20,dia 19 - Soja Heterodera Vaso 8,19.0,8.0,0,119.0,27580,85.98,0.18999999999999773,0.1,27550,27610,110.67,127.19,30
antes_dia_20,dia 19 - Soja Heterodera Vaso 8,19.0,8.0,0,119.32,27581,85.8,0.18000000000000682,0.1,27551,27611,110.92,127.48,30
antes_dia_20,dia 19 - Soja Heterodera Vaso 8,19.0,8.0,0,119.58,27582,85.69,0.10999999999999943,0.1,27552,27612,111.18,127.78,30
antes_dia_20,dia 19 - Soja Heterodera Vaso 8,19.0,8.0,0,120.09,27584,85.57,0.13000000000000966,0.1,27554,27614,111.68,128.35,30
antes_dia_20,dia 19 - Soja Heterodera Vaso 8,19.0,8.0,0,120.34,27585,85.36,0.20999999999999375,0.1,27555,27615,111.96,128.65,30
antes_dia_20,dia 19 - Soja Heterodera Vaso 8,19.0,8.0,0,120.6,27586,85.14,0.21999999999999886,0.1,27556,27616,112.27,128.91,30
antes_dia_20,dia 19 - Soja Heterodera Vaso 8,19.0,8.0,0,120.86,27587,84.96,0.18000000000000682,0.1,27557,27617,112.56,129.17,30
antes_dia_20,dia 19 - Soja Heterodera Vaso 8,19.0,8.0,0,121.11,27588,84.84,0.11999999999999034,0.1,27558,27618,112.85,129.44,30
antes_dia_20,dia 19 - Soja Heterodera Vaso 8,19.0,8.0,0,121.41,27589,84.66,0.18000000000000682,0.1,27559,27619,113.16,129.7,30
antes_dia_20,dia 19 - Soja Heterodera Vaso 8,19.0,8.0,0,121.71,27590,84.55,0.10999999999999943,0.1,27560,27620,113.41,129.96,30
antes_dia_20,dia 19 - Soja Heterodera Vaso 8,19.0,8.0,0,122.0,27591,84.36,0.18999999999999773,0.1,27561,27621,113.66,130.23,30
antes_dia_20,dia 19 - Soja Heterodera Vaso 8,19.0,8.0,0,122.31,27592,84.2,0.1599999999999966,0.1,27562,27622,113.9,130.49,30
antes_dia_20,dia 19 - Soja Heterodera Vaso 8,19.0,8.0,0,122.63,27593,84.05,0.15000000000000568,0.1,27563,27623,114.14,130.75,30
antes_dia_20,dia 19 - Soja Heterodera Vaso 8,19.0,8.0,0,122.89,27594,83.92,0.12999999999999545,0.1,27564,27624,114.38,131.04,30
antes_dia_20,dia 19 - Soja Heterodera Vaso 8,19.0,8.0,0,123.15,27595,83.8,0.12000000000000455,0.1,27565,27625,114.63,131.34,30
antes_dia_20,dia 19 - Soja Heterodera Vaso 8,19.0,8.0,0,123.67,27597,83.59,0.11999999999999034,0.1,27567,27627,115.22,132.04,30
antes_dia_20,dia 19 - Soja Heterodera Vaso 8,19.0,8.0,0,126.17,27606,83.21,0.22999999999998977,0.1,27576,27636,117.79,134.52,30
antes_dia_20,dia 19 - Soja Heterodera Vaso 8,19.0,8.0,0,126.43,27607,83.94,0.730000000000004,0.1,27577,27637,118.06,134.8,30
antes_dia_20,dia 19 - Soja Heterodera Vaso 8,19.0,8.0,0,126.68,27608,84.54,0.6000000000000085,0.1,27578,27638,118.37,135.1,30
antes_dia_20,dia 19 - Soja Heterodera Vaso 8,19.0,8.0,0,126.93,27609,85.0,0.45999999999999375,0.1,27579,27639,118.7,135.41,30
antes_dia_20,dia 19 - Soja Heterodera Vaso 8,19.0,8.0,0,127.19,27610,85.38,0.37999999999999545,0.1,27580,27640,119.0,135.67,30
antes_dia_20,dia 19 - Soja Heterodera Vaso 8,19.0,8.0,0,127.48,27611,86.02,0.6400000000000006,0.1,27581,27641,119.32,135.93,30
antes_dia_20,dia 19 - Soja Heterodera Vaso 8,19.0,8.0,0,127.78,27612,86.96,0.9399999999999977,0.1,27582,27642,119.58,136.19,30
antes_dia_20,dia 19 - Soja Heterodera Vaso 8,19.0,8.0,0,128.04,27613,87.75,0.7900000000000063,0.1,27583,27643,119.84,136.45,30
antes_dia_20,dia 19 - Soja Heterodera Vaso 8,19.0,8.0,0,128.35,27614,88.62,0.8700000000000045,0.1,27584,27644,120.09,136.72,30
antes_dia_20,dia 19 - Soja Heterodera Vaso 8,19.0,8.0,0,128.65,27615,89.4,0.7800000000000011,0.1,27585,27645,120.34,136.98,30
antes_dia_20,dia 19 - Soja Heterodera Vaso 8,19.0,8.0,0,128.91,27616,90.04,0.6400000000000006,0.1,27586,27646,120.6,137.25,30
antes_dia_20,dia 19 - Soja Heterodera Vaso 8,19.0,8.0,0,129.17,27617,90.63,0.5899999999999892,0.1,27587,27647,120.86,137.53,30
antes_dia_20,dia 19 - Soja Heterodera Vaso 8,19.0,8.0,0,129.44,27618,91.17,0.5400000000000063,0.1,27588,27648,121.11,137.84,30
antes_dia_20,dia 19 - Soja Heterodera Vaso 8,19.0,8.0,0,129.7,27619,91.65,0.480000000000004,0.1,27589,27649,121.41,138.13,30
antes_dia_20,dia 19 - Soja Heterodera Vaso 8,19.0,8.0,0,129.96,27620,92.07,0.4199999999999875,0.1,27590,27650,121.71,138.42,30
antes_dia_20,dia 19 - Soja Heterodera Vaso 8,19.0,8.0,0,130.23,27621,92.44,0.37000000000000455,0.1,27591,27651,122.0,138.71,30
antes_dia_20,dia 19 - Soja Heterodera Vaso 8,19.0,8.0,0,130.49,27622,92.73,0.29000000000000625,0.1,27592,27652,122.31,138.97,30
antes_dia_20,dia 19 - Soja Heterodera Vaso 8,19.0,8.0,0,130.75,27623,92.97,0.23999999999999488,0.1,27593,27653,122.63,139.23,30
antes_dia_20,dia 19 - Soja Heterodera Vaso 8,19.0,8.0,0,131.04,27624,93.18,0.21000000000000796,0.1,27594,27654,122.89,139.49,30
antes_dia_20,dia 19 - Soja Heterodera Vaso 8,19.0,8.0,0,131.34,27625,93.32,0.13999999999998636,0.1,27595,27655,123.15,139.74,30
antes_dia_20,dia 19 - Soja Heterodera Vaso 8,19.0,8.0,0,131.63,27626,93.45,0.13000000000000966,0.1,27596,27656,123.41,139.99,30
antes_dia_20,dia 19 - Soja Heterodera Vaso 8,19.0,8.0,0,132.04,27627,93.56,0.10999999999999943,0.1,27597,27657,123.67,140.25,30
antes_dia_20,dia 19 - Soja Heterodera Vaso 9,19.0,9.0,0,0.42,28981,82.77,1.0699999999999932,0.1,28980,29011,0.16,9.16,30
antes_dia_20,dia 19 - Soja Heterodera Vaso 9,19.0,9.0,0,0.68,28982,83.74,0.9699999999999989,0.1,28980,29012,0.16,9.42,30
antes_dia_20,dia 19 - Soja Heterodera Vaso 9,19.0,9.0,0,0.94,28983,84.66,0.9200000000000017,0.1,28980,29013,0.16,9.68,30
antes_dia_20,dia 19 - Soja Heterodera Vaso 9,19.0,9.0,0,1.19,28984,85.54,0.8800000000000097,0.1,28980,29014,0.16,9.94,30
antes_dia_20,dia 19 - Soja Heterodera Vaso 9,19.0,9.0,0,1.45,28985,86.39,0.8499999999999943,0.1,28980,29015,0.16,10.21,30
antes_dia_20,dia 19 - Soja Heterodera Vaso 9,19.0,9.0,0,1.71,28986,87.2,0.8100000000000023,0.1,28980,29016,0.16,10.49,30
antes_dia_20,dia 19 - Soja Heterodera Vaso 9,19.0,9.0,0,1.98,28987,88.0,0.7999999999999972,0.1,28980,29017,0.16,10.79,30
antes_dia_20,dia 19 - Soja Heterodera Vaso 9,19.0,9.0,0,2.27,28988,88.82,0.8199999999999932,0.1,28980,29018,0.16,11.1,30
antes_dia_20,dia 19 - Soja Heterodera Vaso 9,19.0,9.0,0,2.58,28989,89.64,0.8200000000000074,0.1,28980,29019,0.16,11.42,30
antes_dia_20,dia 19 - Soja Heterodera Vaso 9,19.0,9.0,0,2.9,28990,90.4,0.7600000000000051,0.1,28980,29020,0.16,11.68,30
antes_dia_20,dia 19 - Soja Heterodera Vaso 9,19.0,9.0,0,3.24,28991,91.14,0.7399999999999949,0.1,28980,29021,0.16,11.99,30
antes_dia_20,dia 19 - Soja Heterodera Vaso 9,19.0,9.0,0,3.54,28992,91.71,0.5699999999999932,0.1,28980,29022,0.16,12.31,30
antes_dia_20,dia 19 - Soja Heterodera Vaso 9,19.0,9.0,0,3.88,28993,92.25,0.5400000000000063,0.1,28980,29023,0.16,12.65,30
antes_dia_20,dia 19 - Soja Heterodera Vaso 9,19.0,9.0,0,4.2,28994,92.67,0.4200000000000017,0.1,28980,29024,0.16,12.92,30
antes_dia_20,dia 19 - Soja Heterodera Vaso 9,19.0,9.0,0,4.51,28995,92.96,0.28999999999999204,0.1,28980,29025,0.16,13.19,30
antes_dia_20,dia 19 - Soja Heterodera Vaso 9,19.0,9.0,0,4.78,28996,93.18,0.22000000000001307,0.1,28980,29026,0.16,13.45,30
antes_dia_20,dia 19 - Soja Heterodera Vaso 9,19.0,9.0,0,5.04,28997,93.34,0.1599999999999966,0.1,28980,29027,0.16,13.72,30
antes_dia_20,dia 19 - Soja Heterodera Vaso 9,19.0,9.0,0,5.31,28998,93.46,0.11999999999999034,0.1,28980,29028,0.16,13.99,30
antes_dia_20,dia 19 - Soja Heterodera Vaso 9,19.0,9.0,0,61.16,29188,92.27,1.4300000000000068,0.1,29158,29218,52.43,70.09,30
antes_dia_20,dia 19 - Soja Heterodera Vaso 9,19.0,9.0,0,61.42,29189,91.21,1.0600000000000023,0.1,29159,29219,52.7,70.36,30
antes_dia_20,dia 19 - Soja Heterodera Vaso 9,19.0,9.0,0,61.7,29190,90.37,0.8399999999999892,0.1,29160,29220,52.97,70.62,30
antes_dia_20,dia 19 - Soja Heterodera Vaso 9,19.0,9.0,0,61.97,29191,89.69,0.6800000000000068,0.1,29161,29221,53.24,70.93,30
antes_dia_20,dia 19 - Soja Heterodera Vaso 9,19.0,9.0,0,62.24,29192,89.11,0.5799999999999983,0.1,29162,29222,53.51,71.36,30
antes_dia_20,dia 19 - Soja Heterodera Vaso 9,19.0,9.0,0,62.52,29193,88.56,0.5499999999999972,0.1,29163,29223,53.78,71.7,30
antes_dia_20,dia 19 - Soja Heterodera Vaso 9,19.0,9.0,0,62.94,29194,87.83,0.730000000000004,0.1,29164,29224,54.04,72.0,30
antes_dia_20,dia 19 - Soja Heterodera Vaso 9,19.0,9.0,0,63.27,29195,87.35,0.480000000000004,0.1,29165,29225,54.3,72.31,30
antes_dia_20,dia 19 - Soja Heterodera Vaso 9,19.0,9.0,0,63.62,29196,86.85,0.5,0.1,29166,29226,54.62,72.61,30
antes_dia_20,dia 19 - Soja Heterodera Vaso 9,19.0,9.0,0,63.92,29197,86.45,0.3999999999999915,0.1,29167,29227,54.92,72.96,30
antes_dia_20,dia 19 - Soja Heterodera Vaso 9,19.0,9.0,0,64.25,29198,86.04,0.4099999999999966,0.1,29168,29228,55.23,73.22,30
antes_dia_20,dia 19 - Soja Heterodera Vaso 9,19.0,9.0,0,64.58,29199,85.66,0.38000000000000966,0.1,29169,29229,55.56,73.49,30
antes_dia_20,dia 19 - Soja Heterodera Vaso 9,19.0,9.0,0,64.88,29200,85.35,0.3100000000000023,0.1,29170,29230,55.86,73.75,30
antes_dia_20,dia 19 - Soja Heterodera Vaso 9,19.0,9.0,0,65.15,29201,85.07,0.28000000000000114,0.1,29171,29231,56.19,74.01,30
antes_dia_20,dia 19 - Soja Heterodera Vaso 9,19.0,9.0,0,65.41,29202,84.8,0.269999999999996,0.1,29172,29232,56.52,74.27,30
antes_dia_20,dia 19 - Soja Heterodera Vaso 9,19.0,9.0,0,65.67,29203,84.55,0.25,0.1,29173,29233,56.8,74.53,30
antes_dia_20,dia 19 - Soja Heterodera Vaso 9,19.0,9.0,0,65.93,29204,84.32,0.23000000000000398,0.1,29174,29234,57.06,74.79,30
antes_dia_20,dia 19 - Soja Heterodera Vaso 9,19.0,9.0,0,66.19,29205,84.11,0.20999999999999375,0.1,29175,29235,57.32,75.1,30
antes_dia_20,dia 19 - Soja Heterodera Vaso 9,19.0,9.0,0,66.48,29206,83.86,0.25,0.1,29176,29236,57.58,75.44,30
antes_dia_20,dia 19 - Soja Heterodera Vaso 9,19.0,9.0,0,66.8,29207,83.6,0.2600000000000051,0.1,29177,29237,57.83,75.76,30
antes_dia_20,dia 19 - Soja Heterodera Vaso 9,19.0,9.0,0,67.14,29208,83.34,0.2599999999999909,0.1,29178,29238,58.09,76.06,30
antes_dia_20,dia 19 - Soja Heterodera Vaso 9,19.0,9.0,0,67.47,29209,83.12,0.21999999999999886,0.1,29179,29239,58.38,76.39,30
antes_dia_20,dia 19 - Soja Heterodera Vaso 9,19.0,9.0,0,67.77,29210,82.92,0.20000000000000284,0.1,29180,29240,58.71,76.72,30
antes_dia_20,dia 19 - Soja Heterodera Vaso 9,19.0,9.0,0,68.08,29211,82.69,0.23000000000000398,0.1,29181,29241,59.03,77.05,30
antes_dia_20,dia 19 - Soja Heterodera Vaso 9,19.0,9.0,0,68.42,29212,82.49,0.20000000000000284,0.1,29182,29242,59.37,77.32,30
antes_dia_20,dia 19 - Soja Heterodera Vaso 9,19.0,9.0,0,68.75,29213,82.31,0.1799999999999926,0.1,29183,29243,59.68,77.59,30
antes_dia_20,dia 19 - Soja Heterodera Vaso 9,19.0,9.0,0,69.01,29214,82.16,0.15000000000000568,0.1,29184,29244,60.01,77.86,30
antes_dia_20,dia 19 - Soja Heterodera Vaso 9,19.0,9.0,0,69.29,29215,82.01,0.14999999999999147,0.1,29185,29245,60.34,78.13,30
antes_dia_20,dia 19 - Soja Heterodera Vaso 9,19.0,9.0,0,69.56,29216,81.86,0.15000000000000568,0.1,29186,29246,60.61,78.4,30
antes_dia_20,dia 19 - Soja Heterodera Vaso 9,19.0,9.0,0,69.82,29217,81.75,0.10999999999999943,0.1,29187,29247,60.89,78.66,30
antes_dia_20,dia 19 - Soja Heterodera Vaso 9,19.0,9.0,0,70.09,29218,81.63,0.12000000000000455,0.1,29188,29248,61.16,78.96,30
antes_dia_20,dia 19 - Soja Heterodera Vaso 9,19.0,9.0,0,70.36,29219,81.49,0.14000000000000057,0.1,29189,29249,61.42,79.27,30
antes_dia_20,dia 19 - Soja Heterodera Vaso 9,19.0,9.0,0,70.62,29220,81.35,0.14000000000000057,0.1,29190,29250,61.7,79.6,30
antes_dia_20,dia 19 - Soja Heterodera Vaso 9,19.0,9.0,0,70.93,29221,81.21,0.14000000000000057,0.1,29191,29251,61.97,79.93,30
antes_dia_20,dia 19 - Soja Heterodera Vaso 9,19.0,9.0,0,71.36,29222,81.02,0.18999999999999773,0.1,29192,29252,62.24,80.22,30
antes_dia_20,dia 19 - Soja Heterodera Vaso 9,19.0,9.0,0,71.7,29223,80.89,0.12999999999999545,0.1,29193,29253,62.52,80.54,30
antes_dia_20,dia 19 - Soja Heterodera Vaso 9,19.0,9.0,0,72.0,29224,80.77,0.12000000000000455,0.1,29194,29254,62.94,80.86,30
antes_dia_20,dia 19 - Soja Heterodera Vaso 9,19.0,9.0,0,72.31,29225,80.64,0.12999999999999545,0.1,29195,29255,63.27,81.21,30
antes_dia_20,dia 19 - Soja Heterodera Vaso 9,19.0,9.0,0,72.61,29226,80.51,0.12999999999999545,0.1,29196,29256,63.62,81.47,30
antes_dia_20,dia 19 - Soja Heterodera Vaso 9,19.0,9.0,0,72.96,29227,80.41,0.10000000000000853,0.1,29197,29257,63.92,81.74,30
antes_dia_20,dia 19 - Soja Heterodera Vaso 9,19.0,9.0,0,105.96,29339,77.1,0.37999999999999545,0.1,29309,29369,97.2,114.76,30
antes_dia_20,dia 19 - Soja Heterodera Vaso 9,19.0,9.0,0,106.22,29340,78.27,1.1700000000000017,0.1,29310,29370,97.55,115.02,30
antes_dia_20,dia 19 - Soja Heterodera Vaso 9,19.0,9.0,0,106.48,29341,79.37,1.1000000000000085,0.1,29311,29371,97.82,115.31,30
antes_dia_20,dia 19 - Soja Heterodera Vaso 9,19.0,9.0,0,106.74,29342,80.38,1.009999999999991,0.1,29312,29372,98.07,115.62,30
antes_dia_20,dia 19 - Soja Heterodera Vaso 9,19.0,9.0,0,107.0,29343,81.36,0.980000000000004,0.1,29313,29373,98.34,115.94,30
antes_dia_20,dia 19 - Soja Heterodera Vaso 9,19.0,9.0,0,107.32,29344,82.54,1.1800000000000068,0.1,29314,29374,98.6,116.29,30
antes_dia_20,dia 19 - Soja Heterodera Vaso 9,19.0,9.0,0,107.73,29345,83.99,1.4499999999999886,0.1,29315,29375,98.86,116.61,30
antes_dia_20,dia 19 - Soja Heterodera Vaso 9,19.0,9.0,0,108.19,29346,85.56,1.5700000000000074,0.1,29316,29376,99.14,116.94,30
antes_dia_20,dia 19 - Soja Heterodera Vaso 9,19.0,9.0,0,108.46,29347,86.42,0.8599999999999994,0.1,29317,29377,99.45,117.27,30
antes_dia_20,dia 19 - Soja Heterodera Vaso 9,19.0,9.0,0,108.76,29348,87.39,0.9699999999999989,0.1,29318,29378,99.78,117.54,30
antes_dia_20,dia 19 - Soja Heterodera Vaso 9,19.0,9.0,0,109.08,29349,88.33,0.9399999999999977,0.1,29319,29379,100.11,117.81,30
antes_dia_20,dia 19 - Soja Heterodera Vaso 9,19.0,9.0,0,109.39,29350,89.18,0.8500000000000085,0.1,29320,29380,100.42,118.08,30
antes_dia_20,dia 19 - Soja Heterodera Vaso 9,19.0,9.0,0,109.65,29351,89.86,0.6799999999999926,0.1,29321,29381,100.72,118.35,30
antes_dia_20,dia 19 - Soja Heterodera Vaso 9,19.0,9.0,0,109.92,29352,90.49,0.6299999999999955,0.1,29322,29382,101.04,118.62,30
antes_dia_20,dia 19 - Soja Heterodera Vaso 9,19.0,9.0,0,110.19,29353,91.05,0.5600000000000023,0.1,29323,29383,101.39,118.89,30
antes_dia_20,dia 19 - Soja Heterodera Vaso 9,19.0,9.0,0,110.45,29354,91.57,0.519999999999996,0.1,29324,29384,101.66,119.16,30
antes_dia_20,dia 19 - Soja Heterodera Vaso 9,19.0,9.0,0,110.72,29355,92.03,0.46000000000000796,0.1,29325,29385,101.93,119.46,30
antes_dia_20,dia 19 - Soja Heterodera Vaso 9,19.0,9.0,0,110.99,29356,92.42,0.39000000000000057,0.1,29326,29386,102.2,119.76,30
antes_dia_20,dia 19 - Soja Heterodera Vaso 9,19.0,9.0,0,111.27,29357,92.74,0.3199999999999932,0.1,29327,29387,102.48,120.09,30
antes_dia_20,dia 19 - Soja Heterodera Vaso 9,19.0,9.0,0,111.55,29358,93.0,0.2600000000000051,0.1,29328,29388,102.74,120.44,30
antes_dia_20,dia 19 - Soja Heterodera Vaso 9,19.0,9.0,0,111.87,29359,93.23,0.23000000000000398,0.1,29329,29389,103.01,120.73,30
antes_dia_20,dia 19 - Soja Heterodera Vaso 9,19.0,9.0,0,112.19,29360,93.4,0.1700000000000017,0.1,29330,29390,103.28,121.07,30
antes_dia_20,dia 19 - Soja Heterodera Vaso 9,19.0,9.0,0,112.49,29361,93.51,0.10999999999999943,0.1,29331,29391,103.58,121.38,30
antes_dia_20,dia 19 - Soja Heterodera Vaso 9,19.0,9.0,0,527.44,30734,93.39,0.3400000000000034,0.1,30704,30764,518.5,536.33,30
antes_dia_20,dia 19 - Soja Heterodera Vaso 9,19.0,9.0,0,527.72,30735,92.53,0.8599999999999994,0.1,30705,30765,518.83,536.6,30
antes_dia_20,dia 19 - Soja Heterodera Vaso 9,19.0,9.0,0,527.98,30736,92.12,0.4099999999999966,0.1,30706,30766,519.1,536.91,30
antes_dia_20,dia 19 - Soja Heterodera Vaso 9,19.0,9.0,0,528.25,30737,91.89,0.23000000000000398,0.1,30707,30767,519.38,537.24,30
antes_dia_20,dia 19 - Soja Heterodera Vaso 9,19.0,9.0,0,528.52,30738,91.75,0.14000000000000057,0.1,30708,30768,519.65,537.55,30
antes_dia_20,dia 19 - Soja Heterodera Vaso 1,19.0,1.0,0,82.62,30902,84.39,0.12000000000000455,0.1,30901,30932,82.36,92.5,30
antes_dia_20,dia 19 - Soja Heterodera Vaso 1,19.0,1.0,0,82.89,30903,84.13,0.2600000000000051,0.1,30901,30933,82.36,92.8,30
antes_dia_20,dia 19 - Soja Heterodera Vaso 1,19.0,1.0,0,83.16,30904,83.84,0.28999999999999204,0.1,30901,30934,82.36,93.13,30
antes_dia_20,dia 19 - Soja Heterodera Vaso 1,19.0,1.0,0,84.56,30905,82.67,1.1700000000000017,0.1,30901,30935,82.36,93.41,30
antes_dia_20,dia 19 - Soja Heterodera Vaso 1,19.0,1.0,0,84.88,30906,82.43,0.23999999999999488,0.1,30901,30936,82.36,93.68,30
antes_dia_20,dia 19 - Soja Heterodera Vaso 1,19.0,1.0,0,85.22,30907,82.18,0.25,0.1,30901,30937,82.36,93.94,30
antes_dia_20,dia 19 - Soja Heterodera Vaso 1,19.0,1.0,0,85.52,30908,81.96,0.22000000000001307,0.1,30901,30938,82.36,94.2,30
antes_dia_20,dia 19 - Soja Heterodera Vaso 1,19.0,1.0,0,85.82,30909,81.75,0.20999999999999375,0.1,30901,30939,82.36,94.46,30
antes_dia_20,dia 19 - Soja Heterodera Vaso 1,19.0,1.0,0,86.15,30910,81.57,0.18000000000000682,0.1,30901,30940,82.36,94.82,30
antes_dia_20,dia 19 - Soja Heterodera Vaso 1,19.0,1.0,0,86.7,30912,81.47,0.10999999999999943,0.1,30901,30942,82.36,95.44,30
antes_dia_20,dia 19 - Soja Heterodera Vaso 1,19.0,1.0,0,86.96,30913,82.14,0.6700000000000017,0.1,30901,30943,82.36,95.77,30
antes_dia_20,dia 19 - Soja Heterodera Vaso 1,19.0,1.0,0,87.22,30914,82.81,0.6700000000000017,0.1,30901,30944,82.36,96.07,30
antes_dia_20,dia 19 - Soja Heterodera Vaso 1,19.0,1.0,0,87.48,30915,83.42,0.6099999999999994,0.1,30901,30945,82.36,96.38,30
antes_dia_20,dia 19 - Soja Heterodera Vaso 1,19.0,1.0,0,87.74,30916,83.99,0.5699999999999932,0.1,30901,30946,82.36,96.73,30
antes_dia_20,dia 19 - Soja Heterodera Vaso 1,19.0,1.0,0,88.04,30917,84.61,0.6200000000000045,0.1,30901,30947,82.36,96.99,30
antes_dia_20,dia 19 - Soja Heterodera Vaso 1,19.0,1.0,0,88.37,30918,85.34,0.730000000000004,0.1,30901,30948,82.36,97.26,30
antes_dia_20,dia 19 - Soja Heterodera Vaso 1,19.0,1.0,0,88.7,30919,85.96,0.6199999999999903,0.1,30901,30949,82.36,97.53,30
antes_dia_20,dia 19 - Soja Heterodera Vaso 1,19.0,1.0,0,89.01,30920,86.32,0.35999999999999943,0.1,30901,30950,82.36,97.8,30
antes_dia_20,dia 19 - Soja Heterodera Vaso 1,19.0,1.0,0,89.33,30921,86.74,0.4200000000000017,0.1,30901,30951,82.36,98.06,30
antes_dia_20,dia 19 - Soja Heterodera Vaso 1,19.0,1.0,0,89.66,30922,87.57,0.8299999999999983,0.1,30901,30952,82.36,98.34,30
antes_dia_20,dia 19 - Soja Heterodera Vaso 1,19.0,1.0,0,89.93,30923,88.32,0.75,0.1,30901,30953,82.36,98.65,30
antes_dia_20,dia 19 - Soja Heterodera Vaso 1,19.0,1.0,0,90.19,30924,89.02,0.7000000000000028,0.1,30901,30954,82.36,98.97,30
antes_dia_20,dia 19 - Soja Heterodera Vaso 1,19.0,1.0,0,90.47,30925,89.7,0.6800000000000068,0.1,30901,30955,82.36,99.28,30
antes_dia_20,dia 19 - Soja Heterodera Vaso 1,19.0,1.0,0,90.74,30926,90.32,0.6199999999999903,0.1,30901,30956,82.36,99.59,30
antes_dia_20,dia 19 - Soja Heterodera Vaso 1,19.0,1.0,0,91.0,30927,90.89,0.5700000000000074,0.1,30901,30957,82.36,99.92,30
antes_dia_20,dia 19 - Soja Heterodera Vaso 1,19.0,1.0,0,91.27,30928,91.41,0.519999999999996,0.1,30901,30958,82.36,100.2,30
antes_dia_20,dia 19 - Soja Heterodera Vaso 1,19.0,1.0,0,91.54,30929,91.88,0.46999999999999886,0.1,30901,30959,82.36,100.47,30
antes_dia_20,dia 19 - Soja Heterodera Vaso 1,19.0,1.0,0,91.86,30930,92.33,0.45000000000000284,0.1,30901,30960,82.36,100.73,30
antes_dia_20,dia 19 - Soja Heterodera Vaso 1,19.0,1.0,0,92.2,30931,92.73,0.4000000000000057,0.1,30901,30961,82.36,100.99,30
antes_dia_20,dia 19 - Soja Heterodera Vaso 1,19.0,1.0,0,92.5,30932,92.99,0.2599999999999909,0.1,30902,30962,82.62,101.25,30
antes_dia_20,dia 19 - Soja Heterodera Vaso 1,19.0,1.0,0,92.8,30933,93.2,0.21000000000000796,0.1,30903,30963,82.89,101.51,30
antes_dia_20,dia 19 - Soja Heterodera Vaso 1,19.0,1.0,0,93.13,30934,93.36,0.1599999999999966,0.1,30904,30964,83.16,101.81,30
antes_dia_20,dia 18 - Soja Saudavel Vaso 1,18.0,1.0,1,300.2,33382,92.9,0.5999999999999943,0.1,33352,33412,294.77,305.73,30
antes_dia_20,dia 18 - Soja Saudavel Vaso 1,18.0,1.0,1,300.37,33383,92.06,0.8400000000000034,0.1,33353,33413,294.95,305.92,30
antes_dia_20,dia 18 - Soja Saudavel Vaso 1,18.0,1.0,1,300.55,33384,91.38,0.6800000000000068,0.1,33354,33414,295.13,306.1,30
antes_dia_20,dia 18 - Soja Saudavel Vaso 1,18.0,1.0,1,300.74,33385,90.77,0.6099999999999994,0.1,33355,33415,295.32,306.28,30
antes_dia_20,dia 18 - Soja Saudavel Vaso 1,18.0,1.0,1,300.92,33386,90.23,0.539999999999992,0.1,33356,33416,295.5,306.46,30
antes_dia_20,dia 18 - Soja Saudavel Vaso 1,18.0,1.0,1,301.11,33387,89.75,0.480000000000004,0.1,33357,33417,295.68,306.64,30
antes_dia_20,dia 18 - Soja Saudavel Vaso 1,18.0,1.0,1,301.29,33388,89.32,0.4300000000000068,0.1,33358,33418,295.87,306.83,30
antes_dia_20,dia 18 - Soja Saudavel Vaso 1,18.0,1.0,1,301.48,33389,88.86,0.45999999999999375,0.1,33359,33419,296.05,307.01,30
antes_dia_20,dia 18 - Soja Saudavel Vaso 1,18.0,1.0,1,301.66,33390,88.48,0.37999999999999545,0.1,33360,33420,296.23,307.2,30
antes_dia_20,dia 18 - Soja Saudavel Vaso 1,18.0,1.0,1,301.84,33391,88.11,0.37000000000000455,0.1,33361,33421,296.4,307.38,30
antes_dia_20,dia 18 - Soja Saudavel Vaso 1,18.0,1.0,1,302.02,33392,87.78,0.3299999999999983,0.1,33362,33422,296.58,307.56,30
antes_dia_20,dia 18 - Soja Saudavel Vaso 1,18.0,1.0,1,302.2,33393,87.45,0.3299999999999983,0.1,33363,33423,296.76,307.73,30
antes_dia_20,dia 18 - Soja Saudavel Vaso 1,18.0,1.0,1,302.38,33394,87.14,0.3100000000000023,0.1,33364,33424,296.93,307.91,30
antes_dia_20,dia 18 - Soja Saudavel Vaso 1,18.0,1.0,1,302.56,33395,86.82,0.3200000000000074,0.1,33365,33425,297.11,308.08,30
antes_dia_20,dia 18 - Soja Saudavel Vaso 1,18.0,1.0,1,302.74,33396,86.54,0.2799999999999869,0.1,33366,33426,297.31,308.26,30
antes_dia_20,dia 18 - Soja Saudavel Vaso 1,18.0,1.0,1,303.01,33397,86.1,0.44000000000001194,0.1,33367,33427,297.5,308.43,30
antes_dia_20,dia 18 - Soja Saudavel Vaso 1,18.0,1.0,1,303.19,33398,85.82,0.28000000000000114,0.1,33368,33428,297.68,308.61,30
antes_dia_20,dia 18 - Soja Saudavel Vaso 1,18.0,1.0,1,303.36,33399,85.56,0.2599999999999909,0.1,33369,33429,297.86,308.8,30
antes_dia_20,dia 18 - Soja Saudavel Vaso 1,18.0,1.0,1,303.54,33400,85.31,0.25,0.1,33370,33430,298.05,308.99,30
antes_dia_20,dia 18 - Soja Saudavel Vaso 1,18.0,1.0,1,303.71,33401,85.05,0.2600000000000051,0.1,33371,33431,298.23,309.18,30
antes_dia_20,dia 18 - Soja Saudavel Vaso 1,18.0,1.0,1,303.9,33402,84.74,0.3100000000000023,0.1,33372,33432,298.41,309.36,30
antes_dia_20,dia 18 - Soja Saudavel Vaso 1,18.0,1.0,1,304.08,33403,84.41,0.3299999999999983,0.1,33373,33433,298.59,309.54,30
antes_dia_20,dia 18 - Soja Saudavel Vaso 1,18.0,1.0,1,304.27,33404,84.1,0.3100000000000023,0.1,33374,33434,298.77,309.73,30
antes_dia_20,dia 18 - Soja Saudavel Vaso 1,18.0,1.0,1,304.45,33405,83.85,0.25,0.1,33375,33435,298.95,309.91,30
antes_dia_20,dia 18 - Soja Saudavel Vaso 1,18.0,1.0,1,304.63,33406,83.62,0.22999999999998977,0.1,33376,33436,299.14,310.09,30
antes_dia_20,dia 18 - Soja Saudavel Vaso 1,18.0,1.0,1,304.81,33407,83.33,0.29000000000000625,0.1,33377,33437,299.32,310.27,30
antes_dia_20,dia 18 - Soja Saudavel Vaso 1,18.0,1.0,1,305.0,33408,83.04,0.28999999999999204,0.1,33378,33438,299.5,310.46,30
antes_dia_20,dia 18 - Soja Saudavel Vaso 1,18.0,1.0,1,305.18,33409,82.75,0.29000000000000625,0.1,33379,33439,299.67,310.64,30
antes_dia_20,dia 18 - Soja Saudavel Vaso 1,18.0,1.0,1,305.36,33410,82.46,0.29000000000000625,0.1,33380,33440,299.85,310.83,30
antes_dia_20,dia 18 - Soja Saudavel Vaso 1,18.0,1.0,1,305.55,33411,82.15,0.30999999999998806,0.1,33381,33441,300.02,311.01,30
antes_dia_20,dia 18 - Soja Saudavel Vaso 1,18.0,1.0,1,305.73,33412,81.85,0.30000000000001137,0.1,33382,33442,300.2,311.18,30
antes_dia_20,dia 18 - Soja Saudavel Vaso 1,18.0,1.0,1,305.92,33413,81.59,0.2599999999999909,0.1,33383,33443,300.37,311.36,30
antes_dia_20,dia 18 - Soja Saudavel Vaso 1,18.0,1.0,1,306.1,33414,81.33,0.2600000000000051,0.1,33384,33444,300.55,311.54,30
antes_dia_20,dia 18 - Soja Saudavel Vaso 1,18.0,1.0,1,306.28,33415,81.08,0.25,0.1,33385,33445,300.74,311.71,30
antes_dia_20,dia 18 - Soja Saudavel Vaso 1,18.0,1.0,1,306.46,33416,80.82,0.2600000000000051,0.1,33386,33446,300.92,311.89,30
antes_dia_20,dia 18 - Soja Saudavel Vaso 1,18.0,1.0,1,306.64,33417,80.54,0.2799999999999869,0.1,33387,33447,301.11,312.06,30
antes_dia_20,dia 18 - Soja Saudavel Vaso 1,18.0,1.0,1,306.83,33418,80.28,0.2600000000000051,0.1,33388,33448,301.29,312.25,30
antes_dia_20,dia 18 - Soja Saudavel Vaso 1,18.0,1.0,1,307.01,33419,80.02,0.2600000000000051,0.1,33389,33449,301.48,312.44,30
antes_dia_20,dia 18 - Soja Saudavel Vaso 1,18.0,1.0,1,307.2,33420,79.77,0.25,0.1,33390,33450,301.66,312.62,30
antes_dia_20,dia 18 - Soja Saudavel Vaso 1,18.0,1.0,1,307.38,33421,79.49,0.28000000000000114,0.1,33391,33451,301.84,312.81,30
antes_dia_20,dia 18 - Soja Saudavel Vaso 1,18.0,1.0,1,307.56,33422,79.24,0.25,0.1,33392,33452,302.02,312.99,30
antes_dia_20,dia 18 - Soja Saudavel Vaso 1,18.0,1.0,1,307.73,33423,79.0,0.23999999999999488,0.1,33393,33453,302.2,313.42,30
antes_dia_20,dia 18 - Soja Saudavel Vaso 1,18.0,1.0,1,307.91,33424,78.74,0.2600000000000051,0.1,33394,33454,302.38,313.6,30
antes_dia_20,dia 18 - Soja Saudavel Vaso 1,18.0,1.0,1,308.08,33425,78.47,0.269999999999996,0.1,33395,33455,302.56,313.79,30
antes_dia_20,dia 18 - Soja Saudavel Vaso 1,18.0,1.0,1,308.26,33426,78.25,0.21999999999999886,0.1,33396,33456,302.74,313.97,30
antes_dia_20,dia 18 - Soja Saudavel Vaso 1,18.0,1.0,1,308.43,33427,78.02,0.23000000000000398,0.1,33397,33457,303.01,314.15,30
antes_dia_20,dia 18 - Soja Saudavel Vaso 1,18.0,1.0,1,308.61,33428,77.8,0.21999999999999886,0.1,33398,33458,303.19,314.34,30
antes_dia_20,dia 18 - Soja Saudavel Vaso 1,18.0,1.0,1,308.8,33429,77.55,0.25,0.1,33399,33459,303.36,314.52,30
antes_dia_20,dia 18 - Soja Saudavel Vaso 1,18.0,1.0,1,308.99,33430,77.34,0.20999999999999375,0.1,33400,33460,303.54,314.7,30
antes_dia_20,dia 18 - Soja Saudavel Vaso 1,18.0,1.0,1,309.18,33431,77.12,0.21999999999999886,0.1,33401,33461,303.71,314.87,30
antes_dia_20,dia 18 - Soja Saudavel Vaso 1,18.0,1.0,1,309.36,33432,76.89,0.23000000000000398,0.1,33402,33462,303.9,315.05,30
antes_dia_20,dia 18 - Soja Saudavel Vaso 1,18.0,1.0,1,309.54,33433,76.67,0.21999999999999886,0.1,33403,33463,304.08,315.22,30
antes_dia_20,dia 18 - Soja Saudavel Vaso 1,18.0,1.0,1,309.73,33434,76.44,0.23000000000000398,0.1,33404,33464,304.27,315.4,30
antes_dia_20,dia 18 - Soja Saudavel Vaso 1,18.0,1.0,1,309.91,33435,76.22,0.21999999999999886,0.1,33405,33465,304.45,315.57,30
antes_dia_20,dia 18 - Soja Saudavel Vaso 1,18.0,1.0,1,310.09,33436,76.01,0.20999999999999375,0.1,33406,33466,304.63,315.76,30
antes_dia_20,dia 18 - Soja Saudavel Vaso 1,18.0,1.0,1,310.27,33437,75.79,0.21999999999999886,0.1,33407,33467,304.81,315.94,30
antes_dia_20,dia 18 - Soja Saudavel Vaso 1,18.0,1.0,1,310.46,33438,75.57,0.22000000000001307,0.1,33408,33468,305.0,316.13,30
antes_dia_20,dia 18 - Soja Saudavel Vaso 1,18.0,1.0,1,310.64,33439,75.36,0.20999999999999375,0.1,33409,33469,305.18,316.31,30
antes_dia_20,dia 18 - Soja Saudavel Vaso 1,18.0,1.0,1,310.83,33440,75.14,0.21999999999999886,0.1,33410,33470,305.36,316.5,30
antes_dia_20,dia 18 - Soja Saudavel Vaso 1,18.0,1.0,1,311.01,33441,74.93,0.20999999999999375,0.1,33411,33471,305.55,316.69,30
antes_dia_20,dia 18 - Soja Saudavel Vaso 1,18.0,1.0,1,311.18,33442,74.71,0.22000000000001307,0.1,33412,33472,305.73,316.87,30
antes_dia_20,dia 18 - Soja Saudavel Vaso 1,18.0,1.0,1,311.36,33443,74.51,0.19999999999998863,0.1,33413,33473,305.92,317.07,30
antes_dia_20,dia 18 - Soja Saudavel Vaso 1,18.0,1.0,1,311.54,33444,74.3,0.21000000000000796,0.1,33414,33474,306.1,317.25,30
antes_dia_20,dia 18 - Soja Saudavel Vaso 1,18.0,1.0,1,311.71,33445,74.11,0.18999999999999773,0.1,33415,33475,306.28,317.43,30
antes_dia_20,dia 18 - Soja Saudavel Vaso 1,18.0,1.0,1,311.89,33446,73.91,0.20000000000000284,0.1,33416,33476,306.46,317.62,30
antes_dia_20,dia 18 - Soja Saudavel Vaso 1,18.0,1.0,1,312.06,33447,73.71,0.20000000000000284,0.1,33417,33477,306.64,317.81,30
antes_dia_20,dia 18 - Soja Saudavel Vaso 1,18.0,1.0,1,312.25,33448,73.51,0.19999999999998863,0.1,33418,33478,306.83,317.98,30
antes_dia_20,dia 18 - Soja Saudavel Vaso 1,18.0,1.0,1,312.44,33449,73.3,0.21000000000000796,0.1,33419,33479,307.01,318.16,30
antes_dia_20,dia 18 - Soja Saudavel Vaso 1,18.0,1.0,1,312.62,33450,73.08,0.21999999999999886,0.1,33420,33480,307.2,318.33,30
antes_dia_20,dia 18 - Soja Saudavel Vaso 1,18.0,1.0,1,312.81,33451,72.85,0.23000000000000398,0.1,33421,33481,307.38,318.5,30
antes_dia_20,dia 18 - Soja Saudavel Vaso 1,18.0,1.0,1,312.99,33452,72.63,0.21999999999999886,0.1,33422,33482,307.56,318.68,30
antes_dia_20,dia 18 - Soja Saudavel Vaso 1,18.0,1.0,1,313.42,33453,72.16,0.46999999999999886,0.1,33423,33483,307.73,318.86,30
antes_dia_20,dia 18 - Soja Saudavel Vaso 1,18.0,1.0,1,313.6,33454,71.96,0.20000000000000284,0.1,33424,33484,307.91,319.05,30
antes_dia_20,dia 18 - Soja Saudavel Vaso 1,18.0,1.0,1,313.79,33455,71.78,0.1799999999999926,0.1,33425,33485,308.08,319.23,30
antes_dia_20,dia 18 - Soja Saudavel Vaso 1,18.0,1.0,1,313.97,33456,71.58,0.20000000000000284,0.1,33426,33486,308.26,319.42,30
antes_dia_20,dia 18 - Soja Saudavel Vaso 1,18.0,1.0,1,314.15,33457,71.37,0.20999999999999375,0.1,33427,33487,308.43,319.59,30
antes_dia_20,dia 18 - Soja Saudavel Vaso 1,18.0,1.0,1,314.34,33458,71.17,0.20000000000000284,0.1,33428,33488,308.61,319.78,30
antes_dia_20,dia 18 - Soja Saudavel Vaso 1,18.0,1.0,1,314.52,33459,70.97,0.20000000000000284,0.1,33429,33489,308.8,319.96,30
antes_dia_20,dia 18 - Soja Saudavel Vaso 1,18.0,1.0,1,314.7,33460,70.77,0.20000000000000284,0.1,33430,33490,308.99,320.15,30
antes_dia_20,dia 18 - Soja Saudavel Vaso 1,18.0,1.0,1,314.87,33461,70.58,0.18999999999999773,0.1,33431,33491,309.18,320.33,30
antes_dia_20,dia 18 - Soja Saudavel Vaso 1,18.0,1.0,1,315.05,33462,70.41,0.1700000000000017,0.1,33432,33492,309.36,320.51,30
antes_dia_20,dia 18 - Soja Saudavel Vaso 1,18.0,1.0,1,315.22,33463,70.22,0.18999999999999773,0.1,33433,33493,309.54,320.69,30
antes_dia_20,dia 18 - Soja Saudavel Vaso 1,18.0,1.0,1,315.4,33464,70.04,0.1799999999999926,0.1,33434,33494,309.73,320.87,30
antes_dia_20,dia 18 - Soja Saudavel Vaso 1,18.0,1.0,1,315.57,33465,69.84,0.20000000000000284,0.1,33435,33495,309.91,321.05,30
antes_dia_20,dia 18 - Soja Saudavel Vaso 1,18.0,1.0,1,315.76,33466,69.64,0.20000000000000284,0.1,33436,33496,310.09,321.23,30
antes_dia_20,dia 18 - Soja Saudavel Vaso 1,18.0,1.0,1,315.94,33467,69.45,0.18999999999999773,0.1,33437,33497,310.27,321.4,30
antes_dia_20,dia 18 - Soja Saudavel Vaso 1,18.0,1.0,1,316.13,33468,69.25,0.20000000000000284,0.1,33438,33498,310.46,321.57,30
antes_dia_20,dia 18 - Soja Saudavel Vaso 1,18.0,1.0,1,316.31,33469,74.07,4.819999999999993,0.1,33439,33499,310.64,321.75,30
antes_dia_20,dia 18 - Soja Saudavel Vaso 1,18.0,1.0,1,316.5,33470,78.69,4.6200000000000045,0.1,33440,33500,310.83,321.92,30
antes_dia_20,dia 18 - Soja Saudavel Vaso 1,18.0,1.0,1,316.69,33471,82.62,3.930000000000007,0.1,33441,33501,311.01,322.09,30
antes_dia_20,dia 18 - Soja Saudavel Vaso 1,18.0,1.0,1,316.87,33472,85.9,3.280000000000001,0.1,33442,33502,311.18,322.27,30
antes_dia_20,dia 18 - Soja Saudavel Vaso 1,18.0,1.0,1,317.07,33473,88.86,2.9599999999999937,0.1,33443,33503,311.36,322.46,30
antes_dia_20,dia 18 - Soja Saudavel Vaso 1,18.0,1.0,1,317.25,33474,90.88,2.019999999999996,0.1,33444,33504,311.54,322.65,30
antes_dia_20,dia 18 - Soja Saudavel Vaso 1,18.0,1.0,1,317.43,33475,92.28,1.4000000000000057,0.1,33445,33505,311.71,322.83,30
antes_dia_20,dia 18 - Soja Saudavel Vaso 1,18.0,1.0,1,317.62,33476,93.08,0.7999999999999972,0.1,33446,33506,311.89,323.01,30
antes_dia_20,dia 18 - Soja Saudavel Vaso 1,18.0,1.0,1,317.81,33477,93.41,0.3299999999999983,0.1,33447,33507,312.06,323.19,30
antes_dia_20,dia 18 - Soja Saudavel Vaso 2,18.0,2.0,1,120.19,34676,92.73,0.8100000000000023,0.1,34646,34706,114.05,126.42,30
antes_dia_20,dia 18 - Soja Saudavel Vaso 2,18.0,2.0,1,120.41,34677,91.66,1.0700000000000074,0.1,34647,34707,114.25,126.62,30
antes_dia_20,dia 18 - Soja Saudavel Vaso 2,18.0,2.0,1,120.61,34678,90.86,0.7999999999999972,0.1,34648,34708,114.45,126.84,30
antes_dia_20,dia 18 - Soja Saudavel Vaso 2,18.0,2.0,1,120.81,34679,90.18,0.6799999999999926,0.1,34649,34709,114.65,127.05,30
antes_dia_20,dia 18 - Soja Saudavel Vaso 2,18.0,2.0,1,121.0,34680,89.58,0.6000000000000085,0.1,34650,34710,114.85,127.25,30
antes_dia_20,dia 18 - Soja Saudavel Vaso 2,18.0,2.0,1,121.2,34681,89.0,0.5799999999999983,0.1,34651,34711,115.05,127.45,30
antes_dia_20,dia 18 - Soja Saudavel Vaso 2,18.0,2.0,1,121.4,34682,88.48,0.519999999999996,0.1,34652,34712,115.26,127.65,30
antes_dia_20,dia 18 - Soja Saudavel Vaso 2,18.0,2.0,1,121.6,34683,87.98,0.5,0.1,34653,34713,115.47,127.84,30
antes_dia_20,dia 18 - Soja Saudavel Vaso 2,18.0,2.0,1,121.8,34684,87.5,0.480000000000004,0.1,34654,34714,115.67,128.04,30
antes_dia_20,dia 18 - Soja Saudavel Vaso 2,18.0,2.0,1,122.02,34685,87.03,0.46999999999999886,0.1,34655,34715,115.87,128.24,30
antes_dia_20,dia 18 - Soja Saudavel Vaso 2,18.0,2.0,1,122.22,34686,86.58,0.45000000000000284,0.1,34656,34716,116.09,128.46,30
antes_dia_20,dia 18 - Soja Saudavel Vaso 2,18.0,2.0,1,122.43,34687,86.12,0.45999999999999375,0.1,34657,34717,116.29,128.68,30
antes_dia_20,dia 18 - Soja Saudavel Vaso 2,18.0,2.0,1,122.63,34688,85.69,0.4300000000000068,0.1,34658,34718,116.5,128.88,30
antes_dia_20,dia 18 - Soja Saudavel Vaso 2,18.0,2.0,1,122.84,34689,85.27,0.4200000000000017,0.1,34659,34719,116.7,129.08,30
antes_dia_20,dia 18 - Soja Saudavel Vaso 2,18.0,2.0,1,123.05,34690,84.83,0.4399999999999977,0.1,34660,34720,116.92,129.29,30
antes_dia_20,dia 18 - Soja Saudavel Vaso 2,18.0,2.0,1,123.25,34691,84.43,0.3999999999999915,0.1,34661,34721,117.12,129.5,30
antes_dia_20,dia 18 - Soja Saudavel Vaso 2,18.0,2.0,1,123.45,34692,84.04,0.39000000000000057,0.1,34662,34722,117.32,129.71,30
antes_dia_20,dia 18 - Soja Saudavel Vaso 2,18.0,2.0,1,123.67,34693,83.64,0.4000000000000057,0.1,34663,34723,117.52,129.91,30
antes_dia_20,dia 18 - Soja Saudavel Vaso 2,18.0,2.0,1,123.86,34694,83.26,0.37999999999999545,0.1,34664,34724,117.72,130.12,30
antes_dia_20,dia 18 - Soja Saudavel Vaso 2,18.0,2.0,1,124.06,34695,82.88,0.38000000000000966,0.1,34665,34725,117.92,130.33,30
antes_dia_20,dia 18 - Soja Saudavel Vaso 2,18.0,2.0,1,124.26,34696,82.51,0.36999999999999034,0.1,34666,34726,118.11,130.54,30
antes_dia_20,dia 18 - Soja Saudavel Vaso 2,18.0,2.0,1,124.46,34697,82.14,0.37000000000000455,0.1,34667,34727,118.31,130.74,30
antes_dia_20,dia 18 - Soja Saudavel Vaso 2,18.0,2.0,1,124.66,34698,81.79,0.3499999999999943,0.1,34668,34728,118.52,130.93,30
antes_dia_20,dia 18 - Soja Saudavel Vaso 2,18.0,2.0,1,124.96,34699,81.27,0.5200000000000102,0.1,34669,34729,118.73,131.13,30
antes_dia_20,dia 18 - Soja Saudavel Vaso 2,18.0,2.0,1,125.17,34700,80.9,0.36999999999999034,0.1,34670,34730,118.94,131.33,30
antes_dia_20,dia 18 - Soja Saudavel Vaso 2,18.0,2.0,1,125.38,34701,80.54,0.35999999999999943,0.1,34671,34731,119.14,131.53,30
antes_dia_20,dia 18 - Soja Saudavel Vaso 2,18.0,2.0,1,125.59,34702,80.18,0.35999999999999943,0.1,34672,34732,119.35,131.73,30
antes_dia_20,dia 18 - Soja Saudavel Vaso 2,18.0,2.0,1,125.8,34703,79.84,0.3400000000000034,0.1,34673,34733,119.55,131.93,30
antes_dia_20,dia 18 - Soja Saudavel Vaso 2,18.0,2.0,1,126.01,34704,79.47,0.37000000000000455,0.1,34674,34734,119.76,132.14,30
antes_dia_20,dia 18 - Soja Saudavel Vaso 2,18.0,2.0,1,126.22,34705,79.11,0.35999999999999943,0.1,34675,34735,119.96,132.35,30
antes_dia_20,dia 18 - Soja Saudavel Vaso 2,18.0,2.0,1,126.42,34706,78.78,0.3299999999999983,0.1,34676,34736,120.19,132.55,30
antes_dia_20,dia 18 - Soja Saudavel Vaso 2,18.0,2.0,1,126.62,34707,78.44,0.3400000000000034,0.1,34677,34737,120.41,132.76,30
antes_dia_20,dia 18 - Soja Saudavel Vaso 2,18.0,2.0,1,126.84,34708,78.11,0.3299999999999983,0.1,34678,34738,120.61,132.97,30
antes_dia_20,dia 18 - Soja Saudavel Vaso 2,18.0,2.0,1,127.05,34709,77.77,0.3400000000000034,0.1,34679,34739,120.81,133.18,30
antes_dia_20,dia 18 - Soja Saudavel Vaso 2,18.0,2.0,1,127.25,34710,77.44,0.3299999999999983,0.1,34680,34740,121.0,133.39,30
antes_dia_20,dia 18 - Soja Saudavel Vaso 2,18.0,2.0,1,127.45,34711,77.14,0.29999999999999716,0.1,34681,34741,121.2,133.58,30
antes_dia_20,dia 18 - Soja Saudavel Vaso 2,18.0,2.0,1,127.65,34712,76.84,0.29999999999999716,0.1,34682,34742,121.4,133.79,30
antes_dia_20,dia 18 - Soja Saudavel Vaso 2,18.0,2.0,1,127.84,34713,76.54,0.29999999999999716,0.1,34683,34743,121.6,133.99,30
antes_dia_20,dia 18 - Soja Saudavel Vaso 2,18.0,2.0,1,128.04,34714,76.23,0.3100000000000023,0.1,34684,34744,121.8,134.19,30
antes_dia_20,dia 18 - Soja Saudavel Vaso 2,18.0,2.0,1,128.24,34715,75.96,0.27000000000001023,0.1,34685,34745,122.02,134.39,30
antes_dia_20,dia 18 - Soja Saudavel Vaso 2,18.0,2.0,1,128.46,34716,75.64,0.3199999999999932,0.1,34686,34746,122.22,134.59,30
antes_dia_20,dia 18 - Soja Saudavel Vaso 2,18.0,2.0,1,128.68,34717,75.32,0.3200000000000074,0.1,34687,34747,122.43,134.79,30
antes_dia_20,dia 18 - Soja Saudavel Vaso 2,18.0,2.0,1,128.88,34718,75.03,0.28999999999999204,0.1,34688,34748,122.63,134.98,30
antes_dia_20,dia 18 - Soja Saudavel Vaso 2,18.0,2.0,1,129.08,34719,74.74,0.29000000000000625,0.1,34689,34749,122.84,135.18,30
antes_dia_20,dia 18 - Soja Saudavel Vaso 2,18.0,2.0,1,129.29,34720,74.43,0.30999999999998806,0.1,34690,34750,123.05,135.39,30
antes_dia_20,dia 18 - Soja Saudavel Vaso 2,18.0,2.0,1,129.5,34721,74.14,0.29000000000000625,0.1,34691,34751,123.25,135.61,30
antes_dia_20,dia 18 - Soja Saudavel Vaso 2,18.0,2.0,1,129.71,34722,73.84,0.29999999999999716,0.1,34692,34752,123.45,135.81,30
antes_dia_20,dia 18 - Soja Saudavel Vaso 2,18.0,2.0,1,129.91,34723,73.55,0.29000000000000625,0.1,34693,34753,123.67,136.01,30
antes_dia_20,dia 18 - Soja Saudavel Vaso 2,18.0,2.0,1,130.12,34724,73.23,0.3199999999999932,0.1,34694,34754,123.86,136.22,30
antes_dia_20,dia 18 - Soja Saudavel Vaso 2,18.0,2.0,1,130.33,34725,72.96,0.27000000000001023,0.1,34695,34755,124.06,136.42,30
antes_dia_20,dia 18 - Soja Saudavel Vaso 2,18.0,2.0,1,130.54,34726,72.65,0.30999999999998806,0.1,34696,34756,124.26,136.63,30
antes_dia_20,dia 18 - Soja Saudavel Vaso 2,18.0,2.0,1,130.74,34727,72.36,0.29000000000000625,0.1,34697,34757,124.46,136.94,30
antes_dia_20,dia 18 - Soja Saudavel Vaso 2,18.0,2.0,1,130.93,34728,72.1,0.2600000000000051,0.1,34698,34758,124.66,137.15,30
antes_dia_20,dia 18 - Soja Saudavel Vaso 2,18.0,2.0,1,131.13,34729,71.84,0.2599999999999909,0.1,34699,34759,124.96,137.35,30
antes_dia_20,dia 18 - Soja Saudavel Vaso 2,18.0,2.0,1,131.33,34730,71.57,0.27000000000001023,0.1,34700,34760,125.17,137.55,30
antes_dia_20,dia 18 - Soja Saudavel Vaso 2,18.0,2.0,1,131.53,34731,71.29,0.2799999999999869,0.1,34701,34761,125.38,137.75,30
antes_dia_20,dia 18 - Soja Saudavel Vaso 2,18.0,2.0,1,131.73,34732,71.01,0.28000000000000114,0.1,34702,34762,125.59,137.94,30
antes_dia_20,dia 18 - Soja Saudavel Vaso 2,18.0,2.0,1,131.93,34733,70.74,0.27000000000001023,0.1,34703,34763,125.8,138.14,30
antes_dia_20,dia 18 - Soja Saudavel Vaso 2,18.0,2.0,1,132.14,34734,70.45,0.28999999999999204,0.1,34704,34764,126.01,138.35,30
antes_dia_20,dia 18 - Soja Saudavel Vaso 2,18.0,2.0,1,132.35,34735,70.19,0.2600000000000051,0.1,34705,34765,126.22,138.55,30
antes_dia_20,dia 18 - Soja Saudavel Vaso 2,18.0,2.0,1,132.55,34736,69.91,0.28000000000000114,0.1,34706,34766,126.42,138.76,30
antes_dia_20,dia 18 - Soja Saudavel Vaso 2,18.0,2.0,1,132.76,34737,69.64,0.269999999999996,0.1,34707,34767,126.62,138.97,30
antes_dia_20,dia 18 - Soja Saudavel Vaso 2,18.0,2.0,1,132.97,34738,69.36,0.28000000000000114,0.1,34708,34768,126.84,139.18,30
antes_dia_20,dia 18 - Soja Saudavel Vaso 2,18.0,2.0,1,133.18,34739,69.1,0.2600000000000051,0.1,34709,34769,127.05,139.39,30
antes_dia_20,dia 18 - Soja Saudavel Vaso 2,18.0,2.0,1,133.39,34740,68.83,0.269999999999996,0.1,34710,34770,127.25,139.59,30
antes_dia_20,dia 18 - Soja Saudavel Vaso 2,18.0,2.0,1,133.58,34741,68.56,0.269999999999996,0.1,34711,34771,127.45,139.81,30
antes_dia_20,dia 18 - Soja Saudavel Vaso 2,18.0,2.0,1,133.79,34742,68.31,0.25,0.1,34712,34772,127.65,140.01,30
antes_dia_20,dia 18 - Soja Saudavel Vaso 2,18.0,2.0,1,133.99,34743,68.06,0.25,0.1,34713,34773,127.84,140.21,30
antes_dia_20,dia 18 - Soja Saudavel Vaso 2,18.0,2.0,1,134.19,34744,67.81,0.25,0.1,34714,34774,128.04,140.42,30
antes_dia_20,dia 18 - Soja Saudavel Vaso 2,18.0,2.0,1,134.39,34745,73.47,5.659999999999997,0.1,34715,34775,128.24,140.62,30
antes_dia_20,dia 18 - Soja Saudavel Vaso 2,18.0,2.0,1,134.59,34746,78.43,4.960000000000008,0.1,34716,34776,128.46,140.81,30
antes_dia_20,dia 18 - Soja Saudavel Vaso 2,18.0,2.0,1,134.79,34747,82.58,4.1499999999999915,0.1,34717,34777,128.68,141.01,30
antes_dia_20,dia 18 - Soja Saudavel Vaso 2,18.0,2.0,1,134.98,34748,86.07,3.489999999999995,0.1,34718,34778,128.88,141.22,30
antes_dia_20,dia 18 - Soja Saudavel Vaso 2,18.0,2.0,1,135.18,34749,88.9,2.8300000000000125,0.1,34719,34779,129.08,141.41,30
antes_dia_20,dia 18 - Soja Saudavel Vaso 2,18.0,2.0,1,135.39,34750,91.1,2.1999999999999886,0.1,34720,34780,129.29,141.62,30
antes_dia_20,dia 18 - Soja Saudavel Vaso 2,18.0,2.0,1,135.61,34751,92.63,1.5300000000000011,0.1,34721,34781,129.5,141.85,30
antes_dia_20,dia 18 - Soja Saudavel Vaso 2,18.0,2.0,1,135.81,34752,93.29,0.6600000000000108,0.1,34722,34782,129.71,142.06,30
antes_dia_20,dia 18 - Soja Saudavel Vaso 2,18.0,2.0,1,136.01,34753,93.48,0.18999999999999773,0.1,34723,34783,129.91,142.26,30
antes_dia_20,dia 18 - Soja Saudavel Vaso 4,18.0,4.0,1,120.35,36579,93.36,0.18999999999999773,0.1,36549,36609,114.05,126.66,30
antes_dia_20,dia 18 - Soja Saudavel Vaso 4,18.0,4.0,1,120.56,36580,92.16,1.2000000000000028,0.1,36550,36610,114.26,126.86,30
antes_dia_20,dia 18 - Soja Saudavel Vaso 4,18.0,4.0,1,120.77,36581,91.16,1.0,0.1,36551,36611,114.47,127.07,30
antes_dia_20,dia 18 - Soja Saudavel Vaso 4,18.0,4.0,1,120.98,36582,90.35,0.8100000000000023,0.1,36552,36612,114.77,127.27,30
antes_dia_20,dia 18 - Soja Saudavel Vaso 4,18.0,4.0,1,121.18,36583,89.65,0.6999999999999886,0.1,36553,36613,114.98,127.47,30
antes_dia_20,dia 18 - Soja Saudavel Vaso 4,18.0,4.0,1,121.39,36584,89.01,0.6400000000000006,0.1,36554,36614,115.19,127.69,30
antes_dia_20,dia 18 - Soja Saudavel Vaso 4,18.0,4.0,1,121.59,36585,88.42,0.5900000000000034,0.1,36555,36615,115.4,127.89,30
antes_dia_20,dia 18 - Soja Saudavel Vaso 4,18.0,4.0,1,121.8,36586,87.85,0.5700000000000074,0.1,36556,36616,115.6,128.1,30
antes_dia_20,dia 18 - Soja Saudavel Vaso 4,18.0,4.0,1,122.01,36587,87.32,0.5300000000000011,0.1,36557,36617,115.8,128.31,30
antes_dia_20,dia 18 - Soja Saudavel Vaso 4,18.0,4.0,1,122.22,36588,86.8,0.519999999999996,0.1,36558,36618,116.01,128.51,30
antes_dia_20,dia 18 - Soja Saudavel Vaso 4,18.0,4.0,1,122.42,36589,86.33,0.46999999999999886,0.1,36559,36619,116.22,128.72,30
antes_dia_20,dia 18 - Soja Saudavel Vaso 4,18.0,4.0,1,122.63,36590,85.87,0.45999999999999375,0.1,36560,36620,116.43,128.92,30
antes_dia_20,dia 18 - Soja Saudavel Vaso 4,18.0,4.0,1,122.83,36591,85.4,0.46999999999999886,0.1,36561,36621,116.64,129.13,30
antes_dia_20,dia 18 - Soja Saudavel Vaso 4,18.0,4.0,1,123.04,36592,84.94,0.46000000000000796,0.1,36562,36622,116.85,129.35,30
antes_dia_20,dia 18 - Soja Saudavel Vaso 4,18.0,4.0,1,123.24,36593,84.48,0.45999999999999375,0.1,36563,36623,117.06,129.55,30
antes_dia_20,dia 18 - Soja Saudavel Vaso 4,18.0,4.0,1,123.45,36594,84.01,0.46999999999999886,0.1,36564,36624,117.26,129.75,30
antes_dia_20,dia 18 - Soja Saudavel Vaso 4,18.0,4.0,1,123.66,36595,83.58,0.4300000000000068,0.1,36565,36625,117.47,129.96,30
antes_dia_20,dia 18 - Soja Saudavel Vaso 4,18.0,4.0,1,123.87,36596,83.15,0.4299999999999926,0.1,36566,36626,117.67,130.16,30
antes_dia_20,dia 18 - Soja Saudavel Vaso 4,18.0,4.0,1,124.07,36597,82.75,0.4000000000000057,0.1,36567,36627,117.88,130.37,30
antes_dia_20,dia 18 - Soja Saudavel Vaso 4,18.0,4.0,1,124.28,36598,82.34,0.4099999999999966,0.1,36568,36628,118.09,130.58,30
antes_dia_20,dia 18 - Soja Saudavel Vaso 4,18.0,4.0,1,124.48,36599,81.93,0.4099999999999966,0.1,36569,36629,118.3,130.78,30
antes_dia_20,dia 18 - Soja Saudavel Vaso 4,18.0,4.0,1,124.69,36600,81.53,0.4000000000000057,0.1,36570,36630,118.51,131.0,30
antes_dia_20,dia 18 - Soja Saudavel Vaso 4,18.0,4.0,1,124.9,36601,81.11,0.4200000000000017,0.1,36571,36631,118.72,131.21,30
antes_dia_20,dia 18 - Soja Saudavel Vaso 4,18.0,4.0,1,125.11,36602,80.71,0.4000000000000057,0.1,36572,36632,118.92,131.41,30
antes_dia_20,dia 18 - Soja Saudavel Vaso 4,18.0,4.0,1,125.31,36603,80.31,0.3999999999999915,0.1,36573,36633,119.12,131.61,30
antes_dia_20,dia 18 - Soja Saudavel Vaso 4,18.0,4.0,1,125.52,36604,79.91,0.4000000000000057,0.1,36574,36634,119.33,131.81,30
antes_dia_20,dia 18 - Soja Saudavel Vaso 4,18.0,4.0,1,125.72,36605,79.54,0.36999999999999034,0.1,36575,36635,119.54,132.02,30
antes_dia_20,dia 18 - Soja Saudavel Vaso 4,18.0,4.0,1,125.93,36606,79.17,0.37000000000000455,0.1,36576,36636,119.74,132.23,30
antes_dia_20,dia 18 - Soja Saudavel Vaso 4,18.0,4.0,1,126.13,36607,78.78,0.39000000000000057,0.1,36577,36637,119.94,132.43,30
antes_dia_20,dia 18 - Soja Saudavel Vaso 4,18.0,4.0,1,126.35,36608,78.4,0.37999999999999545,0.1,36578,36638,120.14,132.63,30
antes_dia_20,dia 18 - Soja Saudavel Vaso 4,18.0,4.0,1,126.66,36609,77.86,0.5400000000000063,0.1,36579,36639,120.35,132.85,30
antes_dia_20,dia 18 - Soja Saudavel Vaso 4,18.0,4.0,1,126.86,36610,77.49,0.37000000000000455,0.1,36580,36640,120.56,133.05,30
antes_dia_20,dia 18 - Soja Saudavel Vaso 4,18.0,4.0,1,127.07,36611,77.12,0.36999999999999034,0.1,36581,36641,120.77,133.26,30
antes_dia_20,dia 18 - Soja Saudavel Vaso 4,18.0,4.0,1,127.27,36612,76.79,0.3299999999999983,0.1,36582,36642,120.98,133.47,30
antes_dia_20,dia 18 - Soja Saudavel Vaso 4,18.0,4.0,1,127.47,36613,76.46,0.3300000000000125,0.1,36583,36643,121.18,133.68,30
antes_dia_20,dia 18 - Soja Saudavel Vaso 4,18.0,4.0,1,127.69,36614,76.11,0.3499999999999943,0.1,36584,36644,121.39,133.88,30
antes_dia_20,dia 18 - Soja Saudavel Vaso 4,18.0,4.0,1,127.89,36615,75.77,0.3400000000000034,0.1,36585,36645,121.59,134.09,30
antes_dia_20,dia 18 - Soja Saudavel Vaso 4,18.0,4.0,1,128.1,36616,75.47,0.29999999999999716,0.1,36586,36646,121.8,134.29,30
antes_dia_20,dia 18 - Soja Saudavel Vaso 4,18.0,4.0,1,128.31,36617,75.14,0.3299999999999983,0.1,36587,36647,122.01,134.49,30
antes_dia_20,dia 18 - Soja Saudavel Vaso 4,18.0,4.0,1,128.51,36618,74.79,0.3499999999999943,0.1,36588,36648,122.22,134.71,30
antes_dia_20,dia 18 - Soja Saudavel Vaso 4,18.0,4.0,1,128.72,36619,74.47,0.3200000000000074,0.1,36589,36649,122.42,134.91,30
antes_dia_20,dia 18 - Soja Saudavel Vaso 4,18.0,4.0,1,128.92,36620,74.15,0.3199999999999932,0.1,36590,36650,122.63,135.12,30
antes_dia_20,dia 18 - Soja Saudavel Vaso 4,18.0,4.0,1,129.13,36621,73.82,0.3300000000000125,0.1,36591,36651,122.83,135.33,30
antes_dia_20,dia 18 - Soja Saudavel Vaso 4,18.0,4.0,1,129.35,36622,73.48,0.3399999999999892,0.1,36592,36652,123.04,135.53,30
antes_dia_20,dia 18 - Soja Saudavel Vaso 4,18.0,4.0,1,129.55,36623,73.15,0.3299999999999983,0.1,36593,36653,123.24,135.74,30
antes_dia_20,dia 18 - Soja Saudavel Vaso 4,18.0,4.0,1,129.75,36624,72.83,0.3200000000000074,0.1,36594,36654,123.45,135.94,30
antes_dia_20,dia 18 - Soja Saudavel Vaso 4,18.0,4.0,1,129.96,36625,72.49,0.3400000000000034,0.1,36595,36655,123.66,136.15,30
antes_dia_20,dia 18 - Soja Saudavel Vaso 4,18.0,4.0,1,130.16,36626,72.18,0.30999999999998806,0.1,36596,36656,123.87,136.37,30
antes_dia_20,dia 18 - Soja Saudavel Vaso 4,18.0,4.0,1,130.37,36627,71.84,0.3400000000000034,0.1,36597,36657,124.07,136.59,30
antes_dia_20,dia 18 - Soja Saudavel Vaso 4,18.0,4.0,1,130.58,36628,71.51,0.3299999999999983,0.1,36598,36658,124.28,136.79,30
antes_dia_20,dia 18 - Soja Saudavel Vaso 4,18.0,4.0,1,130.78,36629,71.21,0.30000000000001137,0.1,36599,36659,124.48,136.99,30
antes_dia_20,dia 18 - Soja Saudavel Vaso 4,18.0,4.0,1,131.0,36630,70.89,0.3199999999999932,0.1,36600,36660,124.69,137.19,30
antes_dia_20,dia 18 - Soja Saudavel Vaso 4,18.0,4.0,1,131.21,36631,70.59,0.29999999999999716,0.1,36601,36661,124.9,137.4,30
antes_dia_20,dia 18 - Soja Saudavel Vaso 4,18.0,4.0,1,131.41,36632,70.3,0.29000000000000625,0.1,36602,36662,125.11,137.62,30
antes_dia_20,dia 18 - Soja Saudavel Vaso 4,18.0,4.0,1,131.61,36633,69.99,0.3100000000000023,0.1,36603,36663,125.31,137.82,30
antes_dia_20,dia 18 - Soja Saudavel Vaso 4,18.0,4.0,1,131.81,36634,69.69,0.29999999999999716,0.1,36604,36664,125.52,138.02,30
antes_dia_20,dia 18 - Soja Saudavel Vaso 4,18.0,4.0,1,132.02,36635,69.39,0.29999999999999716,0.1,36605,36665,125.72,138.23,30
antes_dia_20,dia 18 - Soja Saudavel Vaso 4,18.0,4.0,1,132.23,36636,69.09,0.29999999999999716,0.1,36606,36666,125.93,138.44,30
antes_dia_20,dia 18 - Soja Saudavel Vaso 4,18.0,4.0,1,132.43,36637,68.79,0.29999999999999716,0.1,36607,36667,126.13,138.74,30
antes_dia_20,dia 18 - Soja Saudavel Vaso 4,18.0,4.0,1,132.63,36638,68.51,0.28000000000000114,0.1,36608,36668,126.35,138.95,30
antes_dia_20,dia 18 - Soja Saudavel Vaso 4,18.0,4.0,1,132.85,36639,68.21,0.30000000000001137,0.1,36609,36669,126.66,139.16,30
antes_dia_20,dia 18 - Soja Saudavel Vaso 4,18.0,4.0,1,133.05,36640,67.92,0.28999999999999204,0.1,36610,36670,126.86,139.37,30
antes_dia_20,dia 18 - Soja Saudavel Vaso 4,18.0,4.0,1,133.26,36641,67.64,0.28000000000000114,0.1,36611,36671,127.07,139.57,30
antes_dia_20,dia 18 - Soja Saudavel Vaso 4,18.0,4.0,1,133.47,36642,67.36,0.28000000000000114,0.1,36612,36672,127.27,139.78,30
antes_dia_20,dia 18 - Soja Saudavel Vaso 4,18.0,4.0,1,133.68,36643,67.08,0.28000000000000114,0.1,36613,36673,127.47,139.98,30
antes_dia_20,dia 18 - Soja Saudavel Vaso 4,18.0,4.0,1,133.88,36644,66.82,0.2600000000000051,0.1,36614,36674,127.69,140.19,30
antes_dia_20,dia 18 - Soja Saudavel Vaso 4,18.0,4.0,1,134.09,36645,66.54,0.2799999999999869,0.1,36615,36675,127.89,140.4,30
antes_dia_20,dia 18 - Soja Saudavel Vaso 4,18.0,4.0,1,134.29,36646,66.28,0.2600000000000051,0.1,36616,36676,128.1,140.6,30
antes_dia_20,dia 18 - Soja Saudavel Vaso 4,18.0,4.0,1,134.49,36647,66.01,0.269999999999996,0.1,36617,36677,128.31,140.81,30
antes_dia_20,dia 18 - Soja Saudavel Vaso 4,18.0,4.0,1,134.71,36648,65.74,0.27000000000001023,0.1,36618,36678,128.51,141.01,30
antes_dia_20,dia 18 - Soja Saudavel Vaso 4,18.0,4.0,1,134.91,36649,65.49,0.25,0.1,36619,36679,128.72,141.22,30
antes_dia_20,dia 18 - Soja Saudavel Vaso 4,18.0,4.0,1,135.12,36650,65.23,0.2599999999999909,0.1,36620,36680,128.92,141.43,30
antes_dia_20,dia 18 - Soja Saudavel Vaso 4,18.0,4.0,1,135.33,36651,64.97,0.2600000000000051,0.1,36621,36681,129.13,141.63,30
antes_dia_20,dia 18 - Soja Saudavel Vaso 4,18.0,4.0,1,135.53,36652,64.72,0.25,0.1,36622,36682,129.35,141.83,30
antes_dia_20,dia 18 - Soja Saudavel Vaso 4,18.0,4.0,1,135.74,36653,64.46,0.2600000000000051,0.1,36623,36683,129.55,142.04,30
antes_dia_20,dia 18 - Soja Saudavel Vaso 4,18.0,4.0,1,135.94,36654,64.21,0.25,0.1,36624,36684,129.75,142.25,30
antes_dia_20,dia 18 - Soja Saudavel Vaso 4,18.0,4.0,1,136.15,36655,63.95,0.2599999999999909,0.1,36625,36685,129.96,142.46,30
antes_dia_20,dia 18 - Soja Saudavel Vaso 4,18.0,4.0,1,136.37,36656,63.67,0.28000000000000114,0.1,36626,36686,130.16,142.66,30
antes_dia_20,dia 18 - Soja Saudavel Vaso 4,18.0,4.0,1,136.59,36657,63.42,0.25,0.1,36627,36687,130.37,142.87,30
antes_dia_20,dia 18 - Soja Saudavel Vaso 4,18.0,4.0,1,136.79,36658,63.17,0.25,0.1,36628,36688,130.58,143.08,30
antes_dia_20,dia 18 - Soja Saudavel Vaso 4,18.0,4.0,1,136.99,36659,62.93,0.240000000000002,0.1,36629,36689,130.78,143.29,30
antes_dia_20,dia 18 - Soja Saudavel Vaso 4,18.0,4.0,1,137.19,36660,62.69,0.240000000000002,0.1,36630,36690,131.0,143.5,30
antes_dia_20,dia 18 - Soja Saudavel Vaso 4,18.0,4.0,1,137.4,36661,62.45,0.23999999999999488,0.1,36631,36691,131.21,143.7,30
antes_dia_20,dia 18 - Soja Saudavel Vaso 4,18.0,4.0,1,137.62,36662,62.2,0.25,0.1,36632,36692,131.41,143.9,30
antes_dia_20,dia 18 - Soja Saudavel Vaso 4,18.0,4.0,1,137.82,36663,61.96,0.240000000000002,0.1,36633,36693,131.61,144.12,30
antes_dia_20,dia 18 - Soja Saudavel Vaso 4,18.0,4.0,1,138.02,36664,61.73,0.23000000000000398,0.1,36634,36694,131.81,144.33,30
antes_dia_20,dia 18 - Soja Saudavel Vaso 4,18.0,4.0,1,138.23,36665,61.5,0.22999999999999687,0.1,36635,36695,132.02,144.54,30
antes_dia_20,dia 18 - Soja Saudavel Vaso 4,18.0,4.0,1,138.44,36666,61.26,0.240000000000002,0.1,36636,36696,132.23,144.75,30
antes_dia_20,dia 18 - Soja Saudavel Vaso 4,18.0,4.0,1,138.74,36667,60.91,0.3500000000000014,0.1,36637,36697,132.43,144.95,30
antes_dia_20,dia 18 - Soja Saudavel Vaso 4,18.0,4.0,1,138.95,36668,60.68,0.22999999999999687,0.1,36638,36698,132.63,145.16,30
antes_dia_20,dia 18 - Soja Saudavel Vaso 4,18.0,4.0,1,139.16,36669,60.43,0.25,0.1,36639,36699,132.85,145.37,30
antes_dia_20,dia 18 - Soja Saudavel Vaso 4,18.0,4.0,1,139.37,36670,60.2,0.22999999999999687,0.1,36640,36700,133.05,145.57,30
antes_dia_20,dia 18 - Soja Saudavel Vaso 4,18.0,4.0,1,139.57,36671,59.97,0.23000000000000398,0.1,36641,36701,133.26,145.78,30
antes_dia_20,dia 18 - Soja Saudavel Vaso 4,18.0,4.0,1,139.78,36672,59.73,0.240000000000002,0.1,36642,36702,133.47,145.99,30
antes_dia_20,dia 18 - Soja Saudavel Vaso 4,18.0,4.0,1,139.98,36673,59.5,0.22999999999999687,0.1,36643,36703,133.68,146.19,30
antes_dia_20,dia 18 - Soja Saudavel Vaso 4,18.0,4.0,1,140.19,36674,59.28,0.21999999999999886,0.1,36644,36704,133.88,146.4,30
antes_dia_20,dia 18 - Soja Saudavel Vaso 4,18.0,4.0,1,140.4,36675,59.04,0.240000000000002,0.1,36645,36705,134.09,146.6,30
antes_dia_20,dia 18 - Soja Saudavel Vaso 4,18.0,4.0,1,140.6,36676,58.82,0.21999999999999886,0.1,36646,36706,134.29,146.81,30
antes_dia_20,dia 18 - Soja Saudavel Vaso 4,18.0,4.0,1,140.81,36677,58.61,0.21000000000000085,0.1,36647,36707,134.49,147.02,30
antes_dia_20,dia 18 - Soja Saudavel Vaso 4,18.0,4.0,1,141.01,36678,58.38,0.22999999999999687,0.1,36648,36708,134.71,147.22,30
antes_dia_20,dia 18 - Soja Saudavel Vaso 4,18.0,4.0,1,141.22,36679,58.17,0.21000000000000085,0.1,36649,36709,134.91,147.43,30
antes_dia_20,dia 18 - Soja Saudavel Vaso 4,18.0,4.0,1,141.43,36680,57.96,0.21000000000000085,0.1,36650,36710,135.12,147.64,30
antes_dia_20,dia 18 - Soja Saudavel Vaso 4,18.0,4.0,1,141.63,36681,57.74,0.21999999999999886,0.1,36651,36711,135.33,147.84,30
antes_dia_20,dia 18 - Soja Saudavel Vaso 4,18.0,4.0,1,141.83,36682,57.52,0.21999999999999886,0.1,36652,36712,135.53,148.05,30
antes_dia_20,dia 18 - Soja Saudavel Vaso 4,18.0,4.0,1,142.04,36683,57.32,0.20000000000000284,0.1,36653,36713,135.74,148.26,30
antes_dia_20,dia 18 - Soja Saudavel Vaso 4,18.0,4.0,1,142.25,36684,57.1,0.21999999999999886,0.1,36654,36714,135.94,148.47,30
antes_dia_20,dia 18 - Soja Saudavel Vaso 4,18.0,4.0,1,142.46,36685,56.9,0.20000000000000284,0.1,36655,36715,136.15,148.68,30
antes_dia_20,dia 18 - Soja Saudavel Vaso 4,18.0,4.0,1,142.66,36686,56.69,0.21000000000000085,0.1,36656,36716,136.37,148.89,30
antes_dia_20,dia 18 - Soja Saudavel Vaso 4,18.0,4.0,1,142.87,36687,56.48,0.21000000000000085,0.1,36657,36717,136.59,149.09,30
antes_dia_20,dia 18 - Soja Saudavel Vaso 4,18.0,4.0,1,143.08,36688,56.27,0.20999999999999375,0.1,36658,36718,136.79,149.3,30
antes_dia_20,dia 18 - Soja Saudavel Vaso 4,18.0,4.0,1,143.29,36689,56.08,0.19000000000000483,0.1,36659,36719,136.99,149.5,30
antes_dia_20,dia 18 - Soja Saudavel Vaso 4,18.0,4.0,1,143.5,36690,55.87,0.21000000000000085,0.1,36660,36720,137.19,149.7,30
antes_dia_20,dia 18 - Soja Saudavel Vaso 4,18.0,4.0,1,143.7,36691,55.68,0.18999999999999773,0.1,36661,36721,137.4,149.92,30
antes_dia_20,dia 18 - Soja Saudavel Vaso 4,18.0,4.0,1,143.9,36692,55.49,0.18999999999999773,0.1,36662,36722,137.62,150.13,30
antes_dia_20,dia 18 - Soja Saudavel Vaso 4,18.0,4.0,1,144.12,36693,55.29,0.20000000000000284,0.1,36663,36723,137.82,150.33,30
antes_dia_20,dia 18 - Soja Saudavel Vaso 4,18.0,4.0,1,144.33,36694,55.09,0.19999999999999574,0.1,36664,36724,138.02,150.64,30
antes_dia_20,dia 18 - Soja Saudavel Vaso 4,18.0,4.0,1,144.54,36695,54.9,0.19000000000000483,0.1,36665,36725,138.23,150.84,30
antes_dia_20,dia 18 - Soja Saudavel Vaso 4,18.0,4.0,1,144.75,36696,54.71,0.18999999999999773,0.1,36666,36726,138.44,151.04,30
antes_dia_20,dia 18 - Soja Saudavel Vaso 4,18.0,4.0,1,144.95,36697,54.53,0.17999999999999972,0.1,36667,36727,138.74,151.24,30
antes_dia_20,dia 18 - Soja Saudavel Vaso 4,18.0,4.0,1,145.16,36698,54.34,0.18999999999999773,0.1,36668,36728,138.95,151.45,30
antes_dia_20,dia 18 - Soja Saudavel Vaso 4,18.0,4.0,1,145.37,36699,54.16,0.18000000000000682,0.1,36669,36729,139.16,151.66,30
antes_dia_20,dia 18 - Soja Saudavel Vaso 4,18.0,4.0,1,145.57,36700,53.98,0.17999999999999972,0.1,36670,36730,139.37,151.87,30
antes_dia_20,dia 18 - Soja Saudavel Vaso 4,18.0,4.0,1,145.78,36701,53.8,0.17999999999999972,0.1,36671,36731,139.57,152.08,30
antes_dia_20,dia 18 - Soja Saudavel Vaso 4,18.0,4.0,1,145.99,36702,53.62,0.17999999999999972,0.1,36672,36732,139.78,152.29,30
antes_dia_20,dia 18 - Soja Saudavel Vaso 4,18.0,4.0,1,146.19,36703,53.44,0.17999999999999972,0.1,36673,36733,139.98,152.49,30
antes_dia_20,dia 18 - Soja Saudavel Vaso 4,18.0,4.0,1,146.4,36704,53.27,0.1699999999999946,0.1,36674,36734,140.19,152.7,30
antes_dia_20,dia 18 - Soja Saudavel Vaso 4,18.0,4.0,1,146.6,36705,53.1,0.1700000000000017,0.1,36675,36735,140.4,152.9,30
antes_dia_20,dia 18 - Soja Saudavel Vaso 4,18.0,4.0,1,146.81,36706,52.93,0.1700000000000017,0.1,36676,36736,140.6,153.11,30
antes_dia_20,dia 18 - Soja Saudavel Vaso 4,18.0,4.0,1,147.02,36707,52.76,0.1700000000000017,0.1,36677,36737,140.81,153.32,30
antes_dia_20,dia 18 - Soja Saudavel Vaso 4,18.0,4.0,1,147.22,36708,52.6,0.1599999999999966,0.1,36678,36738,141.01,153.53,30
antes_dia_20,dia 18 - Soja Saudavel Vaso 4,18.0,4.0,1,147.43,36709,52.43,0.1700000000000017,0.1,36679,36739,141.22,153.73,30
antes_dia_20,dia 18 - Soja Saudavel Vaso 4,18.0,4.0,1,147.64,36710,52.26,0.1700000000000017,0.1,36680,36740,141.43,153.94,30
antes_dia_20,dia 18 - Soja Saudavel Vaso 4,18.0,4.0,1,147.84,36711,52.1,0.1599999999999966,0.1,36681,36741,141.63,154.15,30
antes_dia_20,dia 18 - Soja Saudavel Vaso 4,18.0,4.0,1,148.05,36712,51.93,0.1700000000000017,0.1,36682,36742,141.83,154.36,30
antes_dia_20,dia 18 - Soja Saudavel Vaso 4,18.0,4.0,1,148.26,36713,51.78,0.14999999999999858,0.1,36683,36743,142.04,154.57,30
antes_dia_20,dia 18 - Soja Saudavel Vaso 4,18.0,4.0,1,148.47,36714,51.61,0.1700000000000017,0.1,36684,36744,142.25,154.77,30
antes_dia_20,dia 18 - Soja Saudavel Vaso 4,18.0,4.0,1,148.68,36715,51.45,0.1599999999999966,0.1,36685,36745,142.46,154.98,30
antes_dia_20,dia 18 - Soja Saudavel Vaso 4,18.0,4.0,1,148.89,36716,51.29,0.1600000000000037,0.1,36686,36746,142.66,155.2,30
antes_dia_20,dia 18 - Soja Saudavel Vaso 4,18.0,4.0,1,149.09,36717,51.13,0.1599999999999966,0.1,36687,36747,142.87,155.41,30
antes_dia_20,dia 18 - Soja Saudavel Vaso 4,18.0,4.0,1,149.3,36718,50.98,0.15000000000000568,0.1,36688,36748,143.08,155.61,30
antes_dia_20,dia 18 - Soja Saudavel Vaso 4,18.0,4.0,1,149.5,36719,50.83,0.14999999999999858,0.1,36689,36749,143.29,155.82,30
antes_dia_20,dia 18 - Soja Saudavel Vaso 4,18.0,4.0,1,149.7,36720,50.68,0.14999999999999858,0.1,36690,36750,143.5,156.03,30
antes_dia_20,dia 18 - Soja Saudavel Vaso 4,18.0,4.0,1,149.92,36721,50.52,0.1599999999999966,0.1,36691,36751,143.7,156.23,30
antes_dia_20,dia 18 - Soja Saudavel Vaso 4,18.0,4.0,1,150.13,36722,50.37,0.15000000000000568,0.1,36692,36752,143.9,156.44,30
antes_dia_20,dia 18 - Soja Saudavel Vaso 4,18.0,4.0,1,150.33,36723,50.23,0.14000000000000057,0.1,36693,36753,144.12,156.65,30
antes_dia_20,dia 18 - Soja Saudavel Vaso 4,18.0,4.0,1,150.64,36724,50.01,0.21999999999999886,0.1,36694,36754,144.33,156.85,30
antes_dia_20,dia 18 - Soja Saudavel Vaso 4,18.0,4.0,1,150.84,36725,49.86,0.14999999999999858,0.1,36695,36755,144.54,157.07,30
antes_dia_20,dia 18 - Soja Saudavel Vaso 4,18.0,4.0,1,151.04,36726,49.73,0.13000000000000256,0.1,36696,36756,144.75,157.29,30
antes_dia_20,dia 18 - Soja Saudavel Vaso 4,18.0,4.0,1,151.24,36727,49.59,0.13999999999999346,0.1,36697,36757,144.95,157.5,30
antes_dia_20,dia 18 - Soja Saudavel Vaso 4,18.0,4.0,1,151.45,36728,49.45,0.14000000000000057,0.1,36698,36758,145.16,157.7,30
antes_dia_20,dia 18 - Soja Saudavel Vaso 4,18.0,4.0,1,151.66,36729,49.31,0.14000000000000057,0.1,36699,36759,145.37,157.91,30
antes_dia_20,dia 18 - Soja Saudavel Vaso 4,18.0,4.0,1,151.87,36730,49.17,0.14000000000000057,0.1,36700,36760,145.57,158.12,30
antes_dia_20,dia 18 - Soja Saudavel Vaso 4,18.0,4.0,1,152.08,36731,49.03,0.14000000000000057,0.1,36701,36761,145.78,158.32,30
antes_dia_20,dia 18 - Soja Saudavel Vaso 4,18.0,4.0,1,152.29,36732,48.9,0.13000000000000256,0.1,36702,36762,145.99,158.53,30
antes_dia_20,dia 18 - Soja Saudavel Vaso 4,18.0,4.0,1,152.49,36733,48.76,0.14000000000000057,0.1,36703,36763,146.19,158.74,30
antes_dia_20,dia 18 - Soja Saudavel Vaso 4,18.0,4.0,1,152.7,36734,48.63,0.12999999999999545,0.1,36704,36764,146.4,158.94,30
antes_dia_20,dia 18 - Soja Saudavel Vaso 4,18.0,4.0,1,152.9,36735,48.51,0.12000000000000455,0.1,36705,36765,146.6,159.15,30
antes_dia_20,dia 18 - Soja Saudavel Vaso 4,18.0,4.0,1,153.11,36736,48.36,0.14999999999999858,0.1,36706,36766,146.81,159.35,30
antes_dia_20,dia 18 - Soja Saudavel Vaso 4,18.0,4.0,1,153.32,36737,48.24,0.11999999999999744,0.1,36707,36767,147.02,159.56,30
antes_dia_20,dia 18 - Soja Saudavel Vaso 4,18.0,4.0,1,153.53,36738,48.12,0.12000000000000455,0.1,36708,36768,147.22,159.77,30
antes_dia_20,dia 18 - Soja Saudavel Vaso 4,18.0,4.0,1,153.73,36739,47.99,0.12999999999999545,0.1,36709,36769,147.43,159.97,30
antes_dia_20,dia 18 - Soja Saudavel Vaso 4,18.0,4.0,1,153.94,36740,47.86,0.13000000000000256,0.1,36710,36770,147.64,160.18,30
antes_dia_20,dia 18 - Soja Saudavel Vaso 4,18.0,4.0,1,154.15,36741,47.74,0.11999999999999744,0.1,36711,36771,147.84,160.39,30
antes_dia_20,dia 18 - Soja Saudavel Vaso 4,18.0,4.0,1,154.36,36742,47.62,0.12000000000000455,0.1,36712,36772,148.05,160.59,30
antes_dia_20,dia 18 - Soja Saudavel Vaso 4,18.0,4.0,1,154.57,36743,47.49,0.12999999999999545,0.1,36713,36773,148.26,160.8,30
antes_dia_20,dia 18 - Soja Saudavel Vaso 4,18.0,4.0,1,154.77,36744,47.38,0.10999999999999943,0.1,36714,36774,148.47,161.0,30
antes_dia_20,dia 18 - Soja Saudavel Vaso 4,18.0,4.0,1,154.98,36745,47.26,0.12000000000000455,0.1,36715,36775,148.68,161.21,30
antes_dia_20,dia 18 - Soja Saudavel Vaso 4,18.0,4.0,1,155.2,36746,47.14,0.11999999999999744,0.1,36716,36776,148.89,161.43,30
antes_dia_20,dia 18 - Soja Saudavel Vaso 4,18.0,4.0,1,155.41,36747,47.02,0.11999999999999744,0.1,36717,36777,149.09,161.63,30
antes_dia_20,dia 18 - Soja Saudavel Vaso 4,18.0,4.0,1,155.61,36748,46.9,0.12000000000000455,0.1,36718,36778,149.3,161.84,30
antes_dia_20,dia 18 - Soja Saudavel Vaso 4,18.0,4.0,1,155.82,36749,46.79,0.10999999999999943,0.1,36719,36779,149.5,162.04,30
antes_dia_20,dia 18 - Soja Saudavel Vaso 4,18.0,4.0,1,156.03,36750,46.68,0.10999999999999943,0.1,36720,36780,149.7,162.24,30
antes_dia_20,dia 18 - Soja Saudavel Vaso 4,18.0,4.0,1,156.23,36751,46.57,0.10999999999999943,0.1,36721,36781,149.92,162.55,30
antes_dia_20,dia 18 - Soja Saudavel Vaso 4,18.0,4.0,1,156.44,36752,46.46,0.10999999999999943,0.1,36722,36782,150.13,162.76,30
antes_dia_20,dia 18 - Soja Saudavel Vaso 4,18.0,4.0,1,156.65,36753,46.35,0.10999999999999943,0.1,36723,36783,150.33,162.97,30
antes_dia_20,dia 18 - Soja Saudavel Vaso 4,18.0,4.0,1,156.85,36754,46.25,0.10000000000000142,0.1,36724,36784,150.64,163.18,30
antes_dia_20,dia 18 - Soja Saudavel Vaso 4,18.0,4.0,1,157.07,36755,46.13,0.11999999999999744,0.1,36725,36785,150.84,163.38,30
antes_dia_20,dia 18 - Soja Saudavel Vaso 4,18.0,4.0,1,157.29,36756,46.02,0.10999999999999943,0.1,36726,36786,151.04,163.58,30
antes_dia_20,dia 18 - Soja Saudavel Vaso 4,18.0,4.0,1,157.5,36757,45.92,0.10000000000000142,0.1,36727,36787,151.24,163.79,30
antes_dia_20,dia 18 - Soja Saudavel Vaso 4,18.0,4.0,1,157.7,36758,45.81,0.10999999999999943,0.1,36728,36788,151.45,163.99,30
antes_dia_20,dia 18 - Soja Saudavel Vaso 4,18.0,4.0,1,157.91,36759,45.71,0.10000000000000142,0.1,36729,36789,151.66,164.19,30
antes_dia_20,dia 18 - Soja Saudavel Vaso 4,18.0,4.0,1,158.12,36760,45.61,0.10000000000000142,0.1,36730,36790,151.87,164.4,30
antes_dia_20,dia 18 - Soja Saudavel Vaso 4,18.0,4.0,1,158.32,36761,45.5,0.10999999999999943,0.1,36731,36791,152.08,164.6,30
antes_dia_20,dia 18 - Soja Saudavel Vaso 4,18.0,4.0,1,158.74,36763,45.3,0.10999999999999943,0.1,36733,36793,152.49,165.01,30
antes_dia_20,dia 18 - Soja Saudavel Vaso 4,18.0,4.0,1,159.15,36765,45.11,0.10000000000000142,0.1,36735,36795,152.9,165.43,30
antes_dia_20,dia 18 - Soja Saudavel Vaso 4,18.0,4.0,1,159.35,36766,45.01,0.10000000000000142,0.1,36736,36796,153.11,165.64,30
antes_dia_20,dia 18 - Soja Saudavel Vaso 4,18.0,4.0,1,159.97,36769,44.73,0.10000000000000142,0.1,36739,36799,153.73,166.26,30
antes_dia_20,dia 18 - Soja Saudavel Vaso 4,18.0,4.0,1,162.55,36781,43.68,0.11999999999999744,0.1,36751,36811,156.23,168.72,30
antes_dia_20,dia 18 - Soja Saudavel Vaso 4,18.0,4.0,1,163.58,36786,47.32,3.9399999999999977,0.1,36756,36816,157.29,169.74,30
antes_dia_20,dia 18 - Soja Saudavel Vaso 4,18.0,4.0,1,163.79,36787,54.48,7.159999999999997,0.1,36757,36817,157.5,169.95,30
antes_dia_20,dia 18 - Soja Saudavel Vaso 4,18.0,4.0,1,163.99,36788,61.04,6.560000000000002,0.1,36758,36818,157.7,170.15,30
antes_dia_20,dia 18 - Soja Saudavel Vaso 4,18.0,4.0,1,164.19,36789,66.89,5.850000000000001,0.1,36759,36819,157.91,170.36,30
antes_dia_20,dia 18 - Soja Saudavel Vaso 4,18.0,4.0,1,164.4,36790,72.51,5.6200000000000045,0.1,36760,36820,158.12,170.57,30
antes_dia_20,dia 18 - Soja Saudavel Vaso 4,18.0,4.0,1,164.6,36791,77.37,4.859999999999999,0.1,36761,36821,158.32,170.76,30
antes_dia_20,dia 18 - Soja Saudavel Vaso 4,18.0,4.0,1,164.81,36792,81.64,4.269999999999996,0.1,36762,36822,158.53,170.99,30
antes_dia_20,dia 18 - Soja Saudavel Vaso 4,18.0,4.0,1,165.01,36793,85.27,3.6299999999999955,0.1,36763,36823,158.74,171.2,30
antes_dia_20,dia 18 - Soja Saudavel Vaso 4,18.0,4.0,1,165.22,36794,88.37,3.1000000000000085,0.1,36764,36824,158.94,171.41,30
antes_dia_20,dia 18 - Soja Saudavel Vaso 4,18.0,4.0,1,165.43,36795,90.65,2.280000000000001,0.1,36765,36825,159.15,171.61,30
antes_dia_20,dia 18 - Soja Saudavel Vaso 4,18.0,4.0,1,165.64,36796,92.22,1.5699999999999932,0.1,36766,36826,159.35,171.81,30
antes_dia_20,dia 18 - Soja Saudavel Vaso 4,18.0,4.0,1,165.85,36797,93.12,0.9000000000000057,0.1,36767,36827,159.56,172.02,30
antes_dia_20,dia 18 - Soja Saudavel Vaso 4,18.0,4.0,1,166.05,36798,93.44,0.3199999999999932,0.1,36768,36828,159.77,172.22,30
antes_dia_20,dia 18 - Soja Saudavel Vaso 5,18.0,5.0,1,120.16,38615,92.89,0.6500000000000057,0.1,38585,38645,113.84,126.46,30
antes_dia_20,dia 18 - Soja Saudavel Vaso 5,18.0,5.0,1,120.36,38616,91.8,1.0900000000000034,0.1,38586,38646,114.04,126.67,30
antes_dia_20,dia 18 - Soja Saudavel Vaso 5,18.0,5.0,1,120.57,38617,90.87,0.9299999999999926,0.1,38587,38647,114.25,126.87,30
antes_dia_20,dia 18 - Soja Saudavel Vaso 5,18.0,5.0,1,120.78,38618,90.1,0.7700000000000102,0.1,38588,38648,114.55,127.08,30
antes_dia_20,dia 18 - Soja Saudavel Vaso 5,18.0,5.0,1,120.98,38619,89.41,0.6899999999999977,0.1,38589,38649,114.76,127.29,30
antes_dia_20,dia 18 - Soja Saudavel Vaso 5,18.0,5.0,1,121.19,38620,88.78,0.6299999999999955,0.1,38590,38650,114.97,127.49,30
antes_dia_20,dia 18 - Soja Saudavel Vaso 5,18.0,5.0,1,121.39,38621,88.19,0.5900000000000034,0.1,38591,38651,115.18,127.7,30
antes_dia_20,dia 18 - Soja Saudavel Vaso 5,18.0,5.0,1,121.6,38622,87.63,0.5600000000000023,0.1,38592,38652,115.38,127.91,30
antes_dia_20,dia 18 - Soja Saudavel Vaso 5,18.0,5.0,1,121.81,38623,87.08,0.5499999999999972,0.1,38593,38653,115.58,128.12,30
antes_dia_20,dia 18 - Soja Saudavel Vaso 5,18.0,5.0,1,122.02,38624,86.54,0.539999999999992,0.1,38594,38654,115.79,128.32,30
antes_dia_20,dia 18 - Soja Saudavel Vaso 5,18.0,5.0,1,122.23,38625,86.05,0.4900000000000091,0.1,38595,38655,116.0,128.53,30
antes_dia_20,dia 18 - Soja Saudavel Vaso 5,18.0,5.0,1,122.44,38626,85.56,0.4899999999999949,0.1,38596,38656,116.2,128.74,30
antes_dia_20,dia 18 - Soja Saudavel Vaso 5,18.0,5.0,1,122.64,38627,85.07,0.4900000000000091,0.1,38597,38657,116.41,128.94,30
antes_dia_20,dia 18 - Soja Saudavel Vaso 5,18.0,5.0,1,122.85,38628,84.6,0.46999999999999886,0.1,38598,38658,116.62,129.15,30
antes_dia_20,dia 18 - Soja Saudavel Vaso 5,18.0,5.0,1,123.05,38629,84.14,0.45999999999999375,0.1,38599,38659,116.83,129.35,30
antes_dia_20,dia 18 - Soja Saudavel Vaso 5,18.0,5.0,1,123.26,38630,83.68,0.45999999999999375,0.1,38600,38660,117.03,129.56,30
antes_dia_20,dia 18 - Soja Saudavel Vaso 5,18.0,5.0,1,123.46,38631,83.23,0.45000000000000284,0.1,38601,38661,117.24,129.77,30
antes_dia_20,dia 18 - Soja Saudavel Vaso 5,18.0,5.0,1,123.67,38632,82.78,0.45000000000000284,0.1,38602,38662,117.44,129.98,30
antes_dia_20,dia 18 - Soja Saudavel Vaso 5,18.0,5.0,1,123.88,38633,82.34,0.4399999999999977,0.1,38603,38663,117.66,130.18,30
antes_dia_20,dia 18 - Soja Saudavel Vaso 5,18.0,5.0,1,124.09,38634,81.89,0.45000000000000284,0.1,38604,38664,117.88,130.4,30
antes_dia_20,dia 18 - Soja Saudavel Vaso 5,18.0,5.0,1,124.29,38635,81.48,0.4099999999999966,0.1,38605,38665,118.08,130.61,30
antes_dia_20,dia 18 - Soja Saudavel Vaso 5,18.0,5.0,1,124.5,38636,81.07,0.4100000000000108,0.1,38606,38666,118.29,130.82,30
antes_dia_20,dia 18 - Soja Saudavel Vaso 5,18.0,5.0,1,124.71,38637,80.64,0.4299999999999926,0.1,38607,38667,118.49,131.02,30
antes_dia_20,dia 18 - Soja Saudavel Vaso 5,18.0,5.0,1,124.92,38638,80.24,0.4000000000000057,0.1,38608,38668,118.7,131.23,30
antes_dia_20,dia 18 - Soja Saudavel Vaso 5,18.0,5.0,1,125.13,38639,79.85,0.39000000000000057,0.1,38609,38669,118.9,131.43,30
antes_dia_20,dia 18 - Soja Saudavel Vaso 5,18.0,5.0,1,125.33,38640,79.46,0.39000000000000057,0.1,38610,38670,119.12,131.63,30
antes_dia_20,dia 18 - Soja Saudavel Vaso 5,18.0,5.0,1,125.53,38641,79.08,0.37999999999999545,0.1,38611,38671,119.32,131.85,30
antes_dia_20,dia 18 - Soja Saudavel Vaso 5,18.0,5.0,1,125.74,38642,78.67,0.4099999999999966,0.1,38612,38672,119.54,132.05,30
antes_dia_20,dia 18 - Soja Saudavel Vaso 5,18.0,5.0,1,125.94,38643,78.28,0.39000000000000057,0.1,38613,38673,119.75,132.26,30
antes_dia_20,dia 18 - Soja Saudavel Vaso 5,18.0,5.0,1,126.15,38644,77.89,0.39000000000000057,0.1,38614,38674,119.95,132.47,30
antes_dia_20,dia 18 - Soja Saudavel Vaso 5,18.0,5.0,1,126.46,38645,77.33,0.5600000000000023,0.1,38615,38675,120.16,132.67,30
antes_dia_20,dia 18 - Soja Saudavel Vaso 5,18.0,5.0,1,126.67,38646,76.95,0.37999999999999545,0.1,38616,38676,120.36,132.88,30
antes_dia_20,dia 18 - Soja Saudavel Vaso 5,18.0,5.0,1,126.87,38647,76.57,0.38000000000000966,0.1,38617,38677,120.57,133.08,30
antes_dia_20,dia 18 - Soja Saudavel Vaso 5,18.0,5.0,1,127.08,38648,76.19,0.37999999999999545,0.1,38618,38678,120.78,133.3,30
antes_dia_20,dia 18 - Soja Saudavel Vaso 5,18.0,5.0,1,127.29,38649,75.81,0.37999999999999545,0.1,38619,38679,120.98,133.5,30
antes_dia_20,dia 18 - Soja Saudavel Vaso 5,18.0,5.0,1,127.49,38650,75.44,0.37000000000000455,0.1,38620,38680,121.19,133.7,30
antes_dia_20,dia 18 - Soja Saudavel Vaso 5,18.0,5.0,1,127.7,38651,75.06,0.37999999999999545,0.1,38621,38681,121.39,133.91,30
antes_dia_20,dia 18 - Soja Saudavel Vaso 5,18.0,5.0,1,127.91,38652,74.7,0.35999999999999943,0.1,38622,38682,121.6,134.12,30
antes_dia_20,dia 18 - Soja Saudavel Vaso 5,18.0,5.0,1,128.12,38653,74.36,0.3400000000000034,0.1,38623,38683,121.81,134.32,30
antes_dia_20,dia 18 - Soja Saudavel Vaso 5,18.0,5.0,1,128.32,38654,74.01,0.3499999999999943,0.1,38624,38684,122.02,134.53,30
antes_dia_20,dia 18 - Soja Saudavel Vaso 5,18.0,5.0,1,128.53,38655,73.68,0.3299999999999983,0.1,38625,38685,122.23,134.74,30
antes_dia_20,dia 18 - Soja Saudavel Vaso 5,18.0,5.0,1,128.74,38656,73.33,0.3500000000000085,0.1,38626,38686,122.44,134.94,30
antes_dia_20,dia 18 - Soja Saudavel Vaso 5,18.0,5.0,1,128.94,38657,72.97,0.35999999999999943,0.1,38627,38687,122.64,135.15,30
antes_dia_20,dia 18 - Soja Saudavel Vaso 5,18.0,5.0,1,129.15,38658,72.63,0.3400000000000034,0.1,38628,38688,122.85,135.35,30
antes_dia_20,dia 18 - Soja Saudavel Vaso 5,18.0,5.0,1,129.35,38659,72.28,0.3499999999999943,0.1,38629,38689,123.05,135.55,30
antes_dia_20,dia 18 - Soja Saudavel Vaso 5,18.0,5.0,1,129.56,38660,71.93,0.3499999999999943,0.1,38630,38690,123.26,135.75,30
antes_dia_20,dia 18 - Soja Saudavel Vaso 5,18.0,5.0,1,129.77,38661,71.58,0.3500000000000085,0.1,38631,38691,123.46,135.97,30
antes_dia_20,dia 18 - Soja Saudavel Vaso 5,18.0,5.0,1,129.98,38662,71.22,0.35999999999999943,0.1,38632,38692,123.67,136.18,30
antes_dia_20,dia 18 - Soja Saudavel Vaso 5,18.0,5.0,1,130.18,38663,70.9,0.3199999999999932,0.1,38633,38693,123.88,136.39,30
antes_dia_20,dia 18 - Soja Saudavel Vaso 5,18.0,5.0,1,130.4,38664,70.53,0.37000000000000455,0.1,38634,38694,124.09,136.59,30
antes_dia_20,dia 18 - Soja Saudavel Vaso 5,18.0,5.0,1,130.61,38665,70.18,0.3499999999999943,0.1,38635,38695,124.29,136.81,30
antes_dia_20,dia 18 - Soja Saudavel Vaso 5,18.0,5.0,1,130.82,38666,69.84,0.3400000000000034,0.1,38636,38696,124.5,137.01,30
antes_dia_20,dia 18 - Soja Saudavel Vaso 5,18.0,5.0,1,131.02,38667,69.5,0.3400000000000034,0.1,38637,38697,124.71,137.21,30
antes_dia_20,dia 18 - Soja Saudavel Vaso 5,18.0,5.0,1,131.23,38668,69.17,0.3299999999999983,0.1,38638,38698,124.92,137.43,30
antes_dia_20,dia 18 - Soja Saudavel Vaso 5,18.0,5.0,1,131.43,38669,68.83,0.3400000000000034,0.1,38639,38699,125.13,137.63,30
antes_dia_20,dia 18 - Soja Saudavel Vaso 5,18.0,5.0,1,131.63,38670,68.5,0.3299999999999983,0.1,38640,38700,125.33,137.84,30
antes_dia_20,dia 18 - Soja Saudavel Vaso 5,18.0,5.0,1,131.85,38671,68.17,0.3299999999999983,0.1,38641,38701,125.53,138.05,30
antes_dia_20,dia 18 - Soja Saudavel Vaso 5,18.0,5.0,1,132.05,38672,67.84,0.3299999999999983,0.1,38642,38702,125.74,138.25,30
antes_dia_20,dia 18 - Soja Saudavel Vaso 5,18.0,5.0,1,132.26,38673,72.58,4.739999999999995,0.1,38643,38703,125.94,138.56,30
antes_dia_20,dia 18 - Soja Saudavel Vaso 5,18.0,5.0,1,132.47,38674,77.83,5.25,0.1,38644,38704,126.15,138.77,30
antes_dia_20,dia 18 - Soja Saudavel Vaso 5,18.0,5.0,1,132.67,38675,82.26,4.430000000000007,0.1,38645,38705,126.46,138.99,30
antes_dia_20,dia 18 - Soja Saudavel Vaso 5,18.0,5.0,1,132.88,38676,85.99,3.7299999999999898,0.1,38646,38706,126.67,139.19,30
antes_dia_20,dia 18 - Soja Saudavel Vaso 5,18.0,5.0,1,133.08,38677,88.95,2.960000000000008,0.1,38647,38707,126.87,139.4,30
antes_dia_20,dia 18 - Soja Saudavel Vaso 5,18.0,5.0,1,133.3,38678,91.17,2.219999999999999,0.1,38648,38708,127.08,139.6,30
antes_dia_20,dia 18 - Soja Saudavel Vaso 5,18.0,5.0,1,133.5,38679,92.59,1.4200000000000017,0.1,38649,38709,127.29,139.8,30
antes_dia_20,dia 18 - Soja Saudavel Vaso 5,18.0,5.0,1,133.7,38680,93.27,0.6799999999999926,0.1,38650,38710,127.49,140.01,30
antes_dia_20,dia 18 - Soja Saudavel Vaso 5,18.0,5.0,1,133.91,38681,93.49,0.21999999999999886,0.1,38651,38711,127.7,140.22,30
antes_dia_20,dia 11 - Soja Saudavel Vaso 1,11.0,1.0,1,300.75,40912,92.09,1.769999999999996,0.1,40882,40942,293.25,308.91,30
antes_dia_20,dia 11 - Soja Saudavel Vaso 1,11.0,1.0,1,301.15,40913,90.06,2.030000000000001,0.1,40883,40943,293.5,309.15,30
antes_dia_20,dia 11 - Soja Saudavel Vaso 1,11.0,1.0,1,301.7,40914,87.82,2.240000000000009,0.1,40884,40944,293.74,309.4,30
antes_dia_20,dia 11 - Soja Saudavel Vaso 1,11.0,1.0,1,302.11,40915,86.43,1.3899999999999864,0.1,40885,40945,293.99,309.64,30
antes_dia_20,dia 11 - Soja Saudavel Vaso 1,11.0,1.0,1,302.36,40916,85.67,0.7600000000000051,0.1,40886,40946,294.23,309.88,30
antes_dia_20,dia 11 - Soja Saudavel Vaso 1,11.0,1.0,1,302.6,40917,84.97,0.7000000000000028,0.1,40887,40947,294.48,310.13,30
antes_dia_20,dia 11 - Soja Saudavel Vaso 1,11.0,1.0,1,302.85,40918,84.3,0.6700000000000017,0.1,40888,40948,294.73,310.38,30
antes_dia_20,dia 11 - Soja Saudavel Vaso 1,11.0,1.0,1,303.09,40919,83.68,0.6199999999999903,0.1,40889,40949,294.97,310.62,30
antes_dia_20,dia 11 - Soja Saudavel Vaso 1,11.0,1.0,1,303.34,40920,83.07,0.6100000000000136,0.1,40890,40950,295.22,310.86,30
antes_dia_20,dia 11 - Soja Saudavel Vaso 1,11.0,1.0,1,303.64,40921,82.37,0.6999999999999886,0.1,40891,40951,295.46,311.11,30
antes_dia_20,dia 11 - Soja Saudavel Vaso 1,11.0,1.0,1,303.88,40922,81.83,0.5400000000000063,0.1,40892,40952,295.71,311.35,30
antes_dia_20,dia 11 - Soja Saudavel Vaso 1,11.0,1.0,1,304.13,40923,81.32,0.5100000000000051,0.1,40893,40953,295.95,311.59,30
antes_dia_20,dia 11 - Soja Saudavel Vaso 1,11.0,1.0,1,304.37,40924,80.83,0.4899999999999949,0.1,40894,40954,296.2,311.84,30
antes_dia_20,dia 11 - Soja Saudavel Vaso 1,11.0,1.0,1,304.61,40925,80.35,0.480000000000004,0.1,40895,40955,296.44,312.1,30
antes_dia_20,dia 11 - Soja Saudavel Vaso 1,11.0,1.0,1,304.86,40926,79.9,0.44999999999998863,0.1,40896,40956,296.68,312.36,30
antes_dia_20,dia 11 - Soja Saudavel Vaso 1,11.0,1.0,1,305.11,40927,79.46,0.44000000000001194,0.1,40897,40957,296.93,312.58,30
antes_dia_20,dia 11 - Soja Saudavel Vaso 1,11.0,1.0,1,305.36,40928,79.02,0.4399999999999977,0.1,40898,40958,297.17,312.81,30
antes_dia_20,dia 11 - Soja Saudavel Vaso 1,11.0,1.0,1,305.61,40929,78.62,0.3999999999999915,0.1,40899,40959,297.42,313.04,30
antes_dia_20,dia 11 - Soja Saudavel Vaso 1,11.0,1.0,1,305.85,40930,78.24,0.38000000000000966,0.1,40900,40960,297.71,313.27,30
antes_dia_20,dia 11 - Soja Saudavel Vaso 1,11.0,1.0,1,306.1,40931,77.87,0.36999999999999034,0.1,40901,40961,297.95,313.5,30
antes_dia_20,dia 11 - Soja Saudavel Vaso 1,11.0,1.0,1,306.34,40932,77.52,0.3500000000000085,0.1,40902,40962,298.2,313.73,30
antes_dia_20,dia 11 - Soja Saudavel Vaso 1,11.0,1.0,1,306.58,40933,77.18,0.3399999999999892,0.1,40903,40963,298.44,313.96,30
antes_dia_20,dia 11 - Soja Saudavel Vaso 1,11.0,1.0,1,306.83,40934,76.84,0.3400000000000034,0.1,40904,40964,298.68,314.19,30
antes_dia_20,dia 11 - Soja Saudavel Vaso 1,11.0,1.0,1,307.07,40935,76.53,0.3100000000000023,0.1,40905,40965,298.93,314.42,30
antes_dia_20,dia 11 - Soja Saudavel Vaso 1,11.0,1.0,1,307.42,40936,76.09,0.4399999999999977,0.1,40906,40966,299.17,314.65,30
antes_dia_20,dia 11 - Soja Saudavel Vaso 1,11.0,1.0,1,307.66,40937,75.8,0.29000000000000625,0.1,40907,40967,299.47,314.92,30
antes_dia_20,dia 11 - Soja Saudavel Vaso 1,11.0,1.0,1,307.9,40938,75.52,0.28000000000000114,0.1,40908,40968,299.72,315.15,30
antes_dia_20,dia 11 - Soja Saudavel Vaso 1,11.0,1.0,1,308.15,40939,75.24,0.28000000000000114,0.1,40909,40969,299.96,315.54,30
antes_dia_20,dia 11 - Soja Saudavel Vaso 1,11.0,1.0,1,308.39,40940,74.98,0.2599999999999909,0.1,40910,40970,300.2,316.08,30
antes_dia_20,dia 11 - Soja Saudavel Vaso 1,11.0,1.0,1,308.64,40941,74.72,0.2600000000000051,0.1,40911,40971,300.45,316.48,30
antes_dia_20,dia 11 - Soja Saudavel Vaso 1,11.0,1.0,1,308.91,40942,74.45,0.269999999999996,0.1,40912,40972,300.75,316.7,30
antes_dia_20,dia 11 - Soja Saudavel Vaso 1,11.0,1.0,1,309.15,40943,74.21,0.2400000000000091,0.1,40913,40973,301.15,316.93,30
antes_dia_20,dia 11 - Soja Saudavel Vaso 1,11.0,1.0,1,309.4,40944,73.98,0.22999999999998977,0.1,40914,40974,301.7,317.17,30
antes_dia_20,dia 11 - Soja Saudavel Vaso 1,11.0,1.0,1,309.64,40945,73.76,0.21999999999999886,0.1,40915,40975,302.11,317.39,30
antes_dia_20,dia 11 - Soja Saudavel Vaso 1,11.0,1.0,1,309.88,40946,73.54,0.21999999999999886,0.1,40916,40976,302.36,317.63,30
antes_dia_20,dia 11 - Soja Saudavel Vaso 1,11.0,1.0,1,310.13,40947,73.33,0.21000000000000796,0.1,40917,40977,302.6,317.86,30
antes_dia_20,dia 11 - Soja Saudavel Vaso 1,11.0,1.0,1,310.38,40948,73.12,0.20999999999999375,0.1,40918,40978,302.85,318.08,30
antes_dia_20,dia 11 - Soja Saudavel Vaso 1,11.0,1.0,1,310.62,40949,72.94,0.18000000000000682,0.1,40919,40979,303.09,318.31,30
antes_dia_20,dia 11 - Soja Saudavel Vaso 1,11.0,1.0,1,310.86,40950,72.75,0.18999999999999773,0.1,40920,40980,303.34,318.54,30
antes_dia_20,dia 11 - Soja Saudavel Vaso 1,11.0,1.0,1,311.11,40951,72.56,0.18999999999999773,0.1,40921,40981,303.64,318.77,30
antes_dia_20,dia 11 - Soja Saudavel Vaso 1,11.0,1.0,1,311.35,40952,72.39,0.1700000000000017,0.1,40922,40982,303.88,319.0,30
antes_dia_20,dia 11 - Soja Saudavel Vaso 1,11.0,1.0,1,311.59,40953,72.22,0.1700000000000017,0.1,40923,40983,304.13,319.23,30
antes_dia_20,dia 11 - Soja Saudavel Vaso 1,11.0,1.0,1,311.84,40954,72.05,0.1700000000000017,0.1,40924,40984,304.37,319.46,30
antes_dia_20,dia 11 - Soja Saudavel Vaso 1,11.0,1.0,1,312.1,40955,71.88,0.1700000000000017,0.1,40925,40985,304.61,319.69,30
antes_dia_20,dia 11 - Soja Saudavel Vaso 1,11.0,1.0,1,312.36,40956,71.71,0.1700000000000017,0.1,40926,40986,304.86,319.92,30
antes_dia_20,dia 11 - Soja Saudavel Vaso 1,11.0,1.0,1,312.58,40957,71.57,0.14000000000000057,0.1,40927,40987,305.11,320.15,30
antes_dia_20,dia 11 - Soja Saudavel Vaso 1,11.0,1.0,1,312.81,40958,71.43,0.13999999999998636,0.1,40928,40988,305.36,320.37,30
antes_dia_20,dia 11 - Soja Saudavel Vaso 1,11.0,1.0,1,313.04,40959,71.3,0.13000000000000966,0.1,40929,40989,305.61,320.6,30
antes_dia_20,dia 11 - Soja Saudavel Vaso 1,11.0,1.0,1,313.27,40960,71.18,0.11999999999999034,0.1,40930,40990,305.85,320.83,30
antes_dia_20,dia 11 - Soja Saudavel Vaso 1,11.0,1.0,1,313.5,40961,71.05,0.13000000000000966,0.1,40931,40991,306.1,321.06,30
antes_dia_20,dia 11 - Soja Saudavel Vaso 1,11.0,1.0,1,313.73,40962,70.93,0.11999999999999034,0.1,40932,40992,306.34,321.29,30
antes_dia_20,dia 11 - Soja Saudavel Vaso 1,11.0,1.0,1,313.96,40963,70.81,0.12000000000000455,0.1,40933,40993,306.58,321.57,30
antes_dia_20,dia 11 - Soja Saudavel Vaso 1,11.0,1.0,1,314.19,40964,70.69,0.12000000000000455,0.1,40934,40994,306.83,321.8,30
antes_dia_20,dia 11 - Soja Saudavel Vaso 1,11.0,1.0,1,314.42,40965,70.58,0.10999999999999943,0.1,40935,40995,307.07,322.03,30
antes_dia_20,dia 11 - Soja Saudavel Vaso 1,11.0,1.0,1,314.65,40966,70.47,0.10999999999999943,0.1,40936,40996,307.42,322.26,30
antes_dia_20,dia 11 - Soja Saudavel Vaso 1,11.0,1.0,1,314.92,40967,70.34,0.12999999999999545,0.1,40937,40997,307.66,322.49,30
antes_dia_20,dia 11 - Soja Saudavel Vaso 1,11.0,1.0,1,315.15,40968,70.24,0.10000000000000853,0.1,40938,40998,307.9,322.77,30
antes_dia_20,dia 11 - Soja Saudavel Vaso 1,11.0,1.0,1,315.54,40969,70.07,0.1700000000000017,0.1,40939,40999,308.15,323.0,30
antes_dia_20,dia 11 - Soja Saudavel Vaso 1,11.0,1.0,1,316.08,40970,69.86,0.20999999999999375,0.1,40940,41000,308.39,323.23,30
antes_dia_20,dia 11 - Soja Saudavel Vaso 1,11.0,1.0,1,316.48,40971,69.7,0.1599999999999966,0.1,40941,41001,308.64,323.46,30
antes_dia_20,dia 11 - Soja Saudavel Vaso 1,11.0,1.0,1,319.92,40986,71.24,2.539999999999992,0.1,40956,41016,312.36,326.99,30
antes_dia_20,dia 11 - Soja Saudavel Vaso 1,11.0,1.0,1,320.15,40987,77.6,6.359999999999999,0.1,40957,41017,312.58,327.22,30
antes_dia_20,dia 11 - Soja Saudavel Vaso 1,11.0,1.0,1,320.37,40988,82.65,5.050000000000011,0.1,40958,41018,312.81,327.45,30
antes_dia_20,dia 11 - Soja Saudavel Vaso 1,11.0,1.0,1,320.6,40989,86.64,3.989999999999995,0.1,40959,41019,313.04,327.69,30
antes_dia_20,dia 11 - Soja Saudavel Vaso 1,11.0,1.0,1,320.83,40990,89.75,3.1099999999999994,0.1,40960,41020,313.27,327.93,30
antes_dia_20,dia 11 - Soja Saudavel Vaso 1,11.0,1.0,1,321.06,40991,91.9,2.1500000000000057,0.1,40961,41021,313.5,328.16,30
antes_dia_20,dia 11 - Soja Saudavel Vaso 1,11.0,1.0,1,321.29,40992,93.17,1.269999999999996,0.1,40962,41022,313.73,328.39,30
antes_dia_20,dia 11 - Soja Saudavel Vaso 1,11.0,1.0,1,321.57,40993,93.78,0.6099999999999994,0.1,40963,41023,313.96,328.62,30
antes_dia_20,dia 11 - Soja Saudavel Vaso 1,11.0,1.0,1,740.1,42667,92.84,1.009999999999991,0.1,42637,42697,731.87,748.28,30
antes_dia_20,dia 11 - Soja Saudavel Vaso 1,11.0,1.0,1,740.34,42668,92.25,0.5900000000000034,0.1,42638,42698,732.28,748.51,30
antes_dia_20,dia 11 - Soja Saudavel Vaso 1,11.0,1.0,1,740.64,42669,91.83,0.4200000000000017,0.1,42639,42699,732.83,748.74,30
antes_dia_20,dia 11 - Soja Saudavel Vaso 1,11.0,1.0,1,740.88,42670,91.61,0.21999999999999886,0.1,42640,42700,733.23,748.96,30
antes_dia_20,dia 11 - Soja Saudavel Vaso 1,11.0,1.0,1,741.13,42671,91.43,0.1799999999999926,0.1,42641,42701,733.48,749.19,30
antes_dia_20,dia 11 - Soja Saudavel Vaso 1,11.0,1.0,1,741.37,42672,91.32,0.11000000000001364,0.1,42642,42702,733.72,749.43,30
antes_dia_20,dia 11 - Soja Saudavel Vaso 2,11.0,2.0,1,300.01,43924,93.16,0.6899999999999977,0.1,43894,43954,293.01,307.79,30
antes_dia_20,dia 11 - Soja Saudavel Vaso 2,11.0,2.0,1,300.24,43925,91.78,1.3799999999999955,0.1,43895,43955,293.23,308.02,30
antes_dia_20,dia 11 - Soja Saudavel Vaso 2,11.0,2.0,1,300.48,43926,90.59,1.1899999999999977,0.1,43896,43956,293.46,308.28,30
antes_dia_20,dia 11 - Soja Saudavel Vaso 2,11.0,2.0,1,300.7,43927,89.57,1.0200000000000102,0.1,43897,43957,293.7,308.51,30
antes_dia_20,dia 11 - Soja Saudavel Vaso 2,11.0,2.0,1,300.93,43928,88.65,0.9199999999999875,0.1,43898,43958,293.97,308.74,30
antes_dia_20,dia 11 - Soja Saudavel Vaso 2,11.0,2.0,1,301.16,43929,87.81,0.8400000000000034,0.1,43899,43959,294.19,308.97,30
antes_dia_20,dia 11 - Soja Saudavel Vaso 2,11.0,2.0,1,301.39,43930,87.02,0.7900000000000063,0.1,43900,43960,294.42,309.2,30
antes_dia_20,dia 11 - Soja Saudavel Vaso 2,11.0,2.0,1,301.66,43931,86.16,0.8599999999999994,0.1,43901,43961,294.65,309.47,30
antes_dia_20,dia 11 - Soja Saudavel Vaso 2,11.0,2.0,1,302.05,43932,85.04,1.1199999999999903,0.1,43902,43962,294.89,309.7,30
antes_dia_20,dia 11 - Soja Saudavel Vaso 2,11.0,2.0,1,302.6,43933,83.66,1.3800000000000097,0.1,43903,43963,295.11,309.93,30
antes_dia_20,dia 11 - Soja Saudavel Vaso 2,11.0,2.0,1,303.01,43934,82.68,0.9799999999999898,0.1,43904,43964,295.34,310.16,30
antes_dia_20,dia 11 - Soja Saudavel Vaso 2,11.0,2.0,1,303.24,43935,82.19,0.4900000000000091,0.1,43905,43965,295.57,310.39,30
antes_dia_20,dia 11 - Soja Saudavel Vaso 2,11.0,2.0,1,303.47,43936,81.72,0.46999999999999886,0.1,43906,43966,295.8,310.63,30
antes_dia_20,dia 11 - Soja Saudavel Vaso 2,11.0,2.0,1,303.71,43937,81.26,0.45999999999999375,0.1,43907,43967,296.04,310.86,30
antes_dia_20,dia 11 - Soja Saudavel Vaso 2,11.0,2.0,1,303.95,43938,80.78,0.480000000000004,0.1,43908,43968,296.26,311.09,30
antes_dia_20,dia 11 - Soja Saudavel Vaso 2,11.0,2.0,1,304.19,43939,80.36,0.4200000000000017,0.1,43909,43969,296.49,311.32,30
antes_dia_20,dia 11 - Soja Saudavel Vaso 2,11.0,2.0,1,304.42,43940,79.95,0.4099999999999966,0.1,43910,43970,296.72,311.55,30
antes_dia_20,dia 11 - Soja Saudavel Vaso 2,11.0,2.0,1,304.64,43941,79.56,0.39000000000000057,0.1,43911,43971,296.95,311.78,30
antes_dia_20,dia 11 - Soja Saudavel Vaso 2,11.0,2.0,1,304.88,43942,79.18,0.37999999999999545,0.1,43912,43972,297.24,312.01,30
antes_dia_20,dia 11 - Soja Saudavel Vaso 2,11.0,2.0,1,305.11,43943,78.82,0.36000000000001364,0.1,43913,43973,297.47,312.24,30
antes_dia_20,dia 11 - Soja Saudavel Vaso 2,11.0,2.0,1,305.34,43944,78.47,0.3499999999999943,0.1,43914,43974,297.69,312.48,30
antes_dia_20,dia 11 - Soja Saudavel Vaso 2,11.0,2.0,1,305.67,43945,77.97,0.5,0.1,43915,43975,297.92,312.75,30
antes_dia_20,dia 11 - Soja Saudavel Vaso 2,11.0,2.0,1,305.91,43946,77.66,0.3100000000000023,0.1,43916,43976,298.16,312.98,30
antes_dia_20,dia 11 - Soja Saudavel Vaso 2,11.0,2.0,1,306.18,43947,77.3,0.35999999999999943,0.1,43917,43977,298.4,313.21,30
antes_dia_20,dia 11 - Soja Saudavel Vaso 2,11.0,2.0,1,306.41,43948,77.0,0.29999999999999716,0.1,43918,43978,298.63,313.44,30
antes_dia_20,dia 11 - Soja Saudavel Vaso 2,11.0,2.0,1,306.63,43949,76.72,0.28000000000000114,0.1,43919,43979,298.86,313.68,30
antes_dia_20,dia 11 - Soja Saudavel Vaso 2,11.0,2.0,1,306.86,43950,76.45,0.269999999999996,0.1,43920,43980,299.09,313.93,30
antes_dia_20,dia 11 - Soja Saudavel Vaso 2,11.0,2.0,1,307.1,43951,76.18,0.269999999999996,0.1,43921,43981,299.33,314.16,30
antes_dia_20,dia 11 - Soja Saudavel Vaso 2,11.0,2.0,1,307.33,43952,75.92,0.2600000000000051,0.1,43922,43982,299.55,314.39,30
antes_dia_20,dia 11 - Soja Saudavel Vaso 2,11.0,2.0,1,307.56,43953,75.66,0.2600000000000051,0.1,43923,43983,299.78,314.62,30
antes_dia_20,dia 11 - Soja Saudavel Vaso 2,11.0,2.0,1,307.79,43954,75.43,0.22999999999998977,0.1,43924,43984,300.01,314.85,30
antes_dia_20,dia 11 - Soja Saudavel Vaso 2,11.0,2.0,1,308.02,43955,75.2,0.23000000000000398,0.1,43925,43985,300.24,315.08,30
antes_dia_20,dia 11 - Soja Saudavel Vaso 2,11.0,2.0,1,308.28,43956,74.95,0.25,0.1,43926,43986,300.48,315.31,30
antes_dia_20,dia 11 - Soja Saudavel Vaso 2,11.0,2.0,1,308.51,43957,74.73,0.21999999999999886,0.1,43927,43987,300.7,315.54,30
antes_dia_20,dia 11 - Soja Saudavel Vaso 2,11.0,2.0,1,308.74,43958,74.52,0.21000000000000796,0.1,43928,43988,300.93,315.93,30
antes_dia_20,dia 11 - Soja Saudavel Vaso 2,11.0,2.0,1,308.97,43959,74.32,0.20000000000000284,0.1,43929,43989,301.16,316.47,30
antes_dia_20,dia 11 - Soja Saudavel Vaso 2,11.0,2.0,1,309.2,43960,74.12,0.19999999999998863,0.1,43930,43990,301.39,316.86,30
antes_dia_20,dia 11 - Soja Saudavel Vaso 2,11.0,2.0,1,309.47,43961,73.9,0.21999999999999886,0.1,43931,43991,301.66,317.09,30
antes_dia_20,dia 11 - Soja Saudavel Vaso 2,11.0,2.0,1,309.7,43962,73.71,0.19000000000001194,0.1,43932,43992,302.05,317.32,30
antes_dia_20,dia 11 - Soja Saudavel Vaso 2,11.0,2.0,1,309.93,43963,73.54,0.1699999999999875,0.1,43933,43993,302.6,317.55,30
antes_dia_20,dia 11 - Soja Saudavel Vaso 2,11.0,2.0,1,310.16,43964,73.37,0.1700000000000017,0.1,43934,43994,303.01,317.77,30
antes_dia_20,dia 11 - Soja Saudavel Vaso 2,11.0,2.0,1,310.39,43965,73.19,0.18000000000000682,0.1,43935,43995,303.24,318.01,30
antes_dia_20,dia 11 - Soja Saudavel Vaso 2,11.0,2.0,1,310.63,43966,73.03,0.1599999999999966,0.1,43936,43996,303.47,318.27,30
antes_dia_20,dia 11 - Soja Saudavel Vaso 2,11.0,2.0,1,310.86,43967,72.87,0.1599999999999966,0.1,43937,43997,303.71,318.5,30
antes_dia_20,dia 11 - Soja Saudavel Vaso 2,11.0,2.0,1,311.09,43968,72.72,0.15000000000000568,0.1,43938,43998,303.95,318.73,30
antes_dia_20,dia 11 - Soja Saudavel Vaso 2,11.0,2.0,1,311.32,43969,72.57,0.15000000000000568,0.1,43939,43999,304.19,318.96,30
antes_dia_20,dia 11 - Soja Saudavel Vaso 2,11.0,2.0,1,311.55,43970,72.42,0.14999999999999147,0.1,43940,44000,304.42,319.19,30
antes_dia_20,dia 11 - Soja Saudavel Vaso 2,11.0,2.0,1,311.78,43971,72.29,0.12999999999999545,0.1,43941,44001,304.64,319.46,30
antes_dia_20,dia 11 - Soja Saudavel Vaso 2,11.0,2.0,1,312.01,43972,72.15,0.14000000000000057,0.1,43942,44002,304.88,319.68,30
antes_dia_20,dia 11 - Soja Saudavel Vaso 2,11.0,2.0,1,312.24,43973,72.01,0.14000000000000057,0.1,43943,44003,305.11,319.92,30
antes_dia_20,dia 11 - Soja Saudavel Vaso 2,11.0,2.0,1,312.48,43974,71.88,0.13000000000000966,0.1,43944,44004,305.34,320.15,30
antes_dia_20,dia 11 - Soja Saudavel Vaso 2,11.0,2.0,1,312.75,43975,71.73,0.14999999999999147,0.1,43945,44005,305.67,320.38,30
antes_dia_20,dia 11 - Soja Saudavel Vaso 2,11.0,2.0,1,312.98,43976,71.61,0.12000000000000455,0.1,43946,44006,305.91,320.61,30
antes_dia_20,dia 11 - Soja Saudavel Vaso 2,11.0,2.0,1,313.21,43977,71.49,0.12000000000000455,0.1,43947,44007,306.18,320.84,30
antes_dia_20,dia 11 - Soja Saudavel Vaso 2,11.0,2.0,1,313.44,43978,71.38,0.10999999999999943,0.1,43948,44008,306.41,321.07,30
antes_dia_20,dia 11 - Soja Saudavel Vaso 2,11.0,2.0,1,313.68,43979,71.27,0.10999999999999943,0.1,43949,44009,306.63,321.29,30
antes_dia_20,dia 11 - Soja Saudavel Vaso 2,11.0,2.0,1,313.93,43980,71.15,0.11999999999999034,0.1,43950,44010,306.86,321.53,30
antes_dia_20,dia 11 - Soja Saudavel Vaso 2,11.0,2.0,1,314.16,43981,71.04,0.10999999999999943,0.1,43951,44011,307.1,321.76,30
antes_dia_20,dia 11 - Soja Saudavel Vaso 2,11.0,2.0,1,314.39,43982,70.93,0.10999999999999943,0.1,43952,44012,307.33,321.99,30
antes_dia_20,dia 11 - Soja Saudavel Vaso 2,11.0,2.0,1,314.85,43984,70.74,0.10999999999999943,0.1,43954,44014,307.79,322.44,30
antes_dia_20,dia 11 - Soja Saudavel Vaso 2,11.0,2.0,1,315.93,43988,70.33,0.14000000000000057,0.1,43958,44018,308.74,323.42,30
antes_dia_20,dia 11 - Soja Saudavel Vaso 2,11.0,2.0,1,316.47,43989,70.14,0.18999999999999773,0.1,43959,44019,308.97,323.66,30
antes_dia_20,dia 11 - Soja Saudavel Vaso 2,11.0,2.0,1,316.86,43990,70.01,0.12999999999999545,0.1,43960,44020,309.2,323.89,30
antes_dia_20,dia 11 - Soja Saudavel Vaso 2,11.0,2.0,1,321.53,44010,72.92,4.040000000000006,0.1,43980,44040,313.93,328.55,30
antes_dia_20,dia 11 - Soja Saudavel Vaso 2,11.0,2.0,1,321.76,44011,78.88,5.959999999999994,0.1,43981,44041,314.16,328.77,30
antes_dia_20,dia 11 - Soja Saudavel Vaso 2,11.0,2.0,1,321.99,44012,83.69,4.810000000000002,0.1,43982,44042,314.39,329.0,30
antes_dia_20,dia 11 - Soja Saudavel Vaso 2,11.0,2.0,1,322.22,44013,87.46,3.769999999999996,0.1,43983,44043,314.62,329.24,30
antes_dia_20,dia 11 - Soja Saudavel Vaso 2,11.0,2.0,1,322.44,44014,90.31,2.8500000000000085,0.1,43984,44044,314.85,329.46,30
antes_dia_20,dia 11 - Soja Saudavel Vaso 2,11.0,2.0,1,322.73,44015,92.6,2.289999999999992,0.1,43985,44045,315.08,329.85,30
antes_dia_20,dia 11 - Soja Saudavel Vaso 2,11.0,2.0,1,322.96,44016,93.51,0.9100000000000108,0.1,43986,44046,315.31,330.39,30
antes_dia_20,dia 11 - Soja Saudavel Vaso 2,11.0,2.0,1,323.19,44017,93.79,0.28000000000000114,0.1,43987,44047,315.54,330.77,30
antes_dia_20,dia 11 - Soja Saudavel Vaso 2,11.0,2.0,1,681.58,45426,93.14,0.7000000000000028,0.1,45396,45456,674.0,689.74,30
antes_dia_20,dia 11 - Soja Saudavel Vaso 2,11.0,2.0,1,681.85,45427,92.35,0.7900000000000063,0.1,45397,45457,674.24,689.98,30
antes_dia_20,dia 11 - Soja Saudavel Vaso 2,11.0,2.0,1,682.09,45428,91.94,0.4099999999999966,0.1,45398,45458,674.49,690.23,30
antes_dia_20,dia 11 - Soja Saudavel Vaso 2,11.0,2.0,1,682.34,45429,91.67,0.269999999999996,0.1,45399,45459,674.73,690.47,30
antes_dia_20,dia 11 - Soja Saudavel Vaso 2,11.0,2.0,1,682.58,45430,91.48,0.18999999999999773,0.1,45400,45460,674.98,690.71,30
antes_dia_20,dia 11 - Soja Saudavel Vaso 2,11.0,2.0,1,682.88,45431,91.32,0.1600000000000108,0.1,45401,45461,675.22,690.94,30
antes_dia_20,dia 11 - Soja Saudavel Vaso 3,11.0,3.0,1,300.01,46196,93.17,0.6499999999999915,0.1,46166,46226,291.79,307.53,30
antes_dia_20,dia 11 - Soja Saudavel Vaso 3,11.0,3.0,1,300.26,46197,91.7,1.4699999999999989,0.1,46167,46227,292.07,307.78,30
antes_dia_20,dia 11 - Soja Saudavel Vaso 3,11.0,3.0,1,300.5,46198,90.46,1.240000000000009,0.1,46168,46228,292.31,308.02,30
antes_dia_20,dia 11 - Soja Saudavel Vaso 3,11.0,3.0,1,300.76,46199,89.38,1.0799999999999983,0.1,46169,46229,292.55,308.27,30
antes_dia_20,dia 11 - Soja Saudavel Vaso 3,11.0,3.0,1,301.01,46200,88.35,1.0300000000000011,0.1,46170,46230,292.81,308.52,30
antes_dia_20,dia 11 - Soja Saudavel Vaso 3,11.0,3.0,1,301.26,46201,87.47,0.8799999999999955,0.1,46171,46231,293.1,308.76,30
antes_dia_20,dia 11 - Soja Saudavel Vaso 3,11.0,3.0,1,301.51,46202,86.67,0.7999999999999972,0.1,46172,46232,293.35,309.11,30
antes_dia_20,dia 11 - Soja Saudavel Vaso 3,11.0,3.0,1,301.75,46203,85.94,0.730000000000004,0.1,46173,46233,293.59,309.36,30
antes_dia_20,dia 11 - Soja Saudavel Vaso 3,11.0,3.0,1,302.05,46204,85.09,0.8499999999999943,0.1,46174,46234,293.84,309.6,30
antes_dia_20,dia 11 - Soja Saudavel Vaso 3,11.0,3.0,1,302.3,46205,84.45,0.6400000000000006,0.1,46175,46235,294.09,309.85,30
antes_dia_20,dia 11 - Soja Saudavel Vaso 3,11.0,3.0,1,302.54,46206,83.84,0.6099999999999994,0.1,46176,46236,294.36,310.1,30
antes_dia_20,dia 11 - Soja Saudavel Vaso 3,11.0,3.0,1,302.79,46207,83.28,0.5600000000000023,0.1,46177,46237,294.6,310.37,30
antes_dia_20,dia 11 - Soja Saudavel Vaso 3,11.0,3.0,1,303.04,46208,82.73,0.5499999999999972,0.1,46178,46238,294.85,310.61,30
antes_dia_20,dia 11 - Soja Saudavel Vaso 3,11.0,3.0,1,303.29,46209,82.2,0.5300000000000011,0.1,46179,46239,295.09,310.86,30
antes_dia_20,dia 11 - Soja Saudavel Vaso 3,11.0,3.0,1,303.53,46210,81.72,0.480000000000004,0.1,46180,46240,295.39,311.1,30
antes_dia_20,dia 11 - Soja Saudavel Vaso 3,11.0,3.0,1,303.78,46211,81.24,0.480000000000004,0.1,46181,46241,295.64,311.41,30
antes_dia_20,dia 11 - Soja Saudavel Vaso 3,11.0,3.0,1,304.02,46212,80.77,0.46999999999999886,0.1,46182,46242,295.88,311.65,30
antes_dia_20,dia 11 - Soja Saudavel Vaso 3,11.0,3.0,1,304.32,46213,80.27,0.5,0.1,46183,46243,296.13,311.9,30
antes_dia_20,dia 11 - Soja Saudavel Vaso 3,11.0,3.0,1,304.57,46214,79.86,0.4099999999999966,0.1,46184,46244,296.38,312.31,30
antes_dia_20,dia 11 - Soja Saudavel Vaso 3,11.0,3.0,1,304.81,46215,79.47,0.39000000000000057,0.1,46185,46245,296.62,312.89,30
antes_dia_20,dia 11 - Soja Saudavel Vaso 3,11.0,3.0,1,305.06,46216,79.09,0.37999999999999545,0.1,46186,46246,296.87,313.29,30
antes_dia_20,dia 11 - Soja Saudavel Vaso 3,11.0,3.0,1,305.31,46217,78.74,0.3500000000000085,0.1,46187,46247,297.11,313.54,30
antes_dia_20,dia 11 - Soja Saudavel Vaso 3,11.0,3.0,1,305.56,46218,78.38,0.35999999999999943,0.1,46188,46248,297.51,313.78,30
antes_dia_20,dia 11 - Soja Saudavel Vaso 3,11.0,3.0,1,305.8,46219,78.05,0.3299999999999983,0.1,46189,46249,298.06,314.03,30
antes_dia_20,dia 11 - Soja Saudavel Vaso 3,11.0,3.0,1,306.05,46220,77.74,0.3100000000000023,0.1,46190,46250,298.47,314.27,30
antes_dia_20,dia 11 - Soja Saudavel Vaso 3,11.0,3.0,1,306.29,46221,77.43,0.30999999999998806,0.1,46191,46251,298.75,314.53,30
antes_dia_20,dia 11 - Soja Saudavel Vaso 3,11.0,3.0,1,306.54,46222,77.14,0.29000000000000625,0.1,46192,46252,299.0,314.79,30
antes_dia_20,dia 11 - Soja Saudavel Vaso 3,11.0,3.0,1,306.8,46223,76.83,0.3100000000000023,0.1,46193,46253,299.24,315.02,30
antes_dia_20,dia 11 - Soja Saudavel Vaso 3,11.0,3.0,1,307.04,46224,76.56,0.269999999999996,0.1,46194,46254,299.48,315.24,30
antes_dia_20,dia 11 - Soja Saudavel Vaso 3,11.0,3.0,1,307.29,46225,76.29,0.269999999999996,0.1,46195,46255,299.77,315.47,30
antes_dia_20,dia 11 - Soja Saudavel Vaso 3,11.0,3.0,1,307.53,46226,76.04,0.25,0.1,46196,46256,300.01,315.71,30
antes_dia_20,dia 11 - Soja Saudavel Vaso 3,11.0,3.0,1,307.78,46227,75.79,0.25,0.1,46197,46257,300.26,315.94,30
antes_dia_20,dia 11 - Soja Saudavel Vaso 3,11.0,3.0,1,308.02,46228,75.55,0.2400000000000091,0.1,46198,46258,300.5,316.17,30
antes_dia_20,dia 11 - Soja Saudavel Vaso 3,11.0,3.0,1,308.27,46229,75.32,0.23000000000000398,0.1,46199,46259,300.76,316.4,30
antes_dia_20,dia 11 - Soja Saudavel Vaso 3,11.0,3.0,1,308.52,46230,75.1,0.21999999999999886,0.1,46200,46260,301.01,316.63,30
antes_dia_20,dia 11 - Soja Saudavel Vaso 3,11.0,3.0,1,308.76,46231,74.88,0.21999999999999886,0.1,46201,46261,301.26,316.86,30
antes_dia_20,dia 11 - Soja Saudavel Vaso 3,11.0,3.0,1,309.11,46232,74.59,0.28999999999999204,0.1,46202,46262,301.51,317.09,30
antes_dia_20,dia 11 - Soja Saudavel Vaso 3,11.0,3.0,1,309.36,46233,74.4,0.18999999999999773,0.1,46203,46263,301.75,317.32,30
antes_dia_20,dia 11 - Soja Saudavel Vaso 3,11.0,3.0,1,309.6,46234,74.21,0.19000000000001194,0.1,46204,46264,302.05,317.55,30
antes_dia_20,dia 11 - Soja Saudavel Vaso 3,11.0,3.0,1,309.85,46235,74.03,0.1799999999999926,0.1,46205,46265,302.3,317.77,30
antes_dia_20,dia 11 - Soja Saudavel Vaso 3,11.0,3.0,1,310.1,46236,73.85,0.18000000000000682,0.1,46206,46266,302.54,318.07,30
antes_dia_20,dia 11 - Soja Saudavel Vaso 3,11.0,3.0,1,310.37,46237,73.65,0.19999999999998863,0.1,46207,46267,302.79,318.3,30
antes_dia_20,dia 11 - Soja Saudavel Vaso 3,11.0,3.0,1,310.61,46238,73.49,0.1600000000000108,0.1,46208,46268,303.04,318.52,30
antes_dia_20,dia 11 - Soja Saudavel Vaso 3,11.0,3.0,1,310.86,46239,73.33,0.1599999999999966,0.1,46209,46269,303.29,318.75,30
antes_dia_20,dia 11 - Soja Saudavel Vaso 3,11.0,3.0,1,311.1,46240,73.18,0.14999999999999147,0.1,46210,46270,303.53,318.99,30
antes_dia_20,dia 11 - Soja Saudavel Vaso 3,11.0,3.0,1,311.41,46241,72.99,0.19000000000001194,0.1,46211,46271,303.78,319.22,30
antes_dia_20,dia 11 - Soja Saudavel Vaso 3,11.0,3.0,1,311.65,46242,72.85,0.14000000000000057,0.1,46212,46272,304.02,319.45,30
antes_dia_20,dia 11 - Soja Saudavel Vaso 3,11.0,3.0,1,311.9,46243,72.71,0.14000000000000057,0.1,46213,46273,304.32,319.68,30
antes_dia_20,dia 11 - Soja Saudavel Vaso 3,11.0,3.0,1,312.31,46244,72.49,0.21999999999999886,0.1,46214,46274,304.57,319.91,30
antes_dia_20,dia 11 - Soja Saudavel Vaso 3,11.0,3.0,1,312.89,46245,72.19,0.29999999999999716,0.1,46215,46275,304.81,320.14,30
antes_dia_20,dia 11 - Soja Saudavel Vaso 3,11.0,3.0,1,313.29,46246,72.01,0.1799999999999926,0.1,46216,46276,305.06,320.37,30
antes_dia_20,dia 11 - Soja Saudavel Vaso 3,11.0,3.0,1,313.54,46247,71.89,0.12000000000000455,0.1,46217,46277,305.31,320.6,30
antes_dia_20,dia 11 - Soja Saudavel Vaso 3,11.0,3.0,1,314.03,46249,71.68,0.10999999999999943,0.1,46219,46279,305.8,321.06,30
antes_dia_20,dia 11 - Soja Saudavel Vaso 3,11.0,3.0,1,314.27,46250,71.58,0.10000000000000853,0.1,46220,46280,306.05,321.29,30
antes_dia_20,dia 11 - Soja Saudavel Vaso 3,11.0,3.0,1,314.79,46252,71.37,0.10999999999999943,0.1,46222,46282,306.54,321.75,30
antes_dia_20,dia 11 - Soja Saudavel Vaso 3,11.0,3.0,1,327.99,46306,73.79,4.820000000000007,0.1,46276,46336,320.37,335.02,30
antes_dia_20,dia 11 - Soja Saudavel Vaso 3,11.0,3.0,1,328.22,46307,79.58,5.789999999999992,0.1,46277,46337,320.6,335.25,30
antes_dia_20,dia 11 - Soja Saudavel Vaso 3,11.0,3.0,1,328.45,46308,84.34,4.760000000000005,0.1,46278,46338,320.83,335.48,30
antes_dia_20,dia 11 - Soja Saudavel Vaso 3,11.0,3.0,1,328.68,46309,88.0,3.6599999999999966,0.1,46279,46339,321.06,335.73,30
antes_dia_20,dia 11 - Soja Saudavel Vaso 3,11.0,3.0,1,328.91,46310,90.71,2.7099999999999937,0.1,46280,46340,321.29,335.95,30
antes_dia_20,dia 11 - Soja Saudavel Vaso 3,11.0,3.0,1,329.18,46311,92.75,2.0400000000000063,0.1,46281,46341,321.52,336.18,30
antes_dia_20,dia 11 - Soja Saudavel Vaso 3,11.0,3.0,1,329.41,46312,93.55,0.7999999999999972,0.1,46282,46342,321.75,336.41,30
antes_dia_20,dia 11 - Soja Saudavel Vaso 3,11.0,3.0,1,329.64,46313,93.76,0.21000000000000796,0.1,46283,46343,321.98,336.64,30
antes_dia_20,dia 11 - Soja Saudavel Vaso 3,11.0,3.0,1,748.02,47958,93.1,0.710000000000008,0.1,47928,47988,740.0,755.64,30
antes_dia_20,dia 11 - Soja Saudavel Vaso 3,11.0,3.0,1,748.28,47959,92.33,0.769999999999996,0.1,47929,47989,740.3,755.87,30
antes_dia_20,dia 11 - Soja Saudavel Vaso 3,11.0,3.0,1,748.51,47960,91.96,0.37000000000000455,0.1,47930,47990,740.7,756.1,30
antes_dia_20,dia 11 - Soja Saudavel Vaso 3,11.0,3.0,1,748.73,47961,91.7,0.2599999999999909,0.1,47931,47991,741.26,756.33,30
antes_dia_20,dia 11 - Soja Saudavel Vaso 3,11.0,3.0,1,748.96,47962,91.52,0.18000000000000682,0.1,47932,47992,741.66,756.55,30
antes_dia_20,dia 11 - Soja Saudavel Vaso 3,11.0,3.0,1,749.19,47963,91.39,0.12999999999999545,0.1,47933,47993,741.91,756.79,30
antes_dia_20,dia 11 - Soja Saudavel Vaso 3,11.0,3.0,1,749.42,47964,91.28,0.10999999999999943,0.1,47934,47994,742.15,757.06,30
antes_dia_20,dia 11 - Soja Saudavel Vaso 4,11.0,4.0,1,300.32,49187,92.13,1.6600000000000108,0.1,49157,49217,292.7,308.31,30
antes_dia_20,dia 11 - Soja Saudavel Vaso 4,11.0,4.0,1,300.56,49188,90.83,1.2999999999999972,0.1,49158,49218,292.93,308.72,30
antes_dia_20,dia 11 - Soja Saudavel Vaso 4,11.0,4.0,1,300.81,49189,89.72,1.1099999999999994,0.1,49159,49219,293.32,308.97,30
antes_dia_20,dia 11 - Soja Saudavel Vaso 4,11.0,4.0,1,301.06,49190,88.73,0.9899999999999949,0.1,49160,49220,293.85,309.22,30
antes_dia_20,dia 11 - Soja Saudavel Vaso 4,11.0,4.0,1,301.3,49191,87.81,0.9200000000000017,0.1,49161,49221,294.24,309.46,30
antes_dia_20,dia 11 - Soja Saudavel Vaso 4,11.0,4.0,1,301.55,49192,87.0,0.8100000000000023,0.1,49162,49222,294.47,309.7,30
antes_dia_20,dia 11 - Soja Saudavel Vaso 4,11.0,4.0,1,301.79,49193,86.25,0.75,0.1,49163,49223,294.7,310.01,30
antes_dia_20,dia 11 - Soja Saudavel Vaso 4,11.0,4.0,1,302.03,49194,85.55,0.7000000000000028,0.1,49164,49224,294.93,310.25,30
antes_dia_20,dia 11 - Soja Saudavel Vaso 4,11.0,4.0,1,302.34,49195,84.74,0.8100000000000023,0.1,49165,49225,295.15,310.49,30
antes_dia_20,dia 11 - Soja Saudavel Vaso 4,11.0,4.0,1,302.58,49196,84.14,0.5999999999999943,0.1,49166,49226,295.39,310.74,30
antes_dia_20,dia 11 - Soja Saudavel Vaso 4,11.0,4.0,1,302.82,49197,83.56,0.5799999999999983,0.1,49167,49227,295.62,310.99,30
antes_dia_20,dia 11 - Soja Saudavel Vaso 4,11.0,4.0,1,303.07,49198,83.01,0.5499999999999972,0.1,49168,49228,295.85,311.23,30
antes_dia_20,dia 11 - Soja Saudavel Vaso 4,11.0,4.0,1,303.35,49199,82.41,0.6000000000000085,0.1,49169,49229,296.07,311.47,30
antes_dia_20,dia 11 - Soja Saudavel Vaso 4,11.0,4.0,1,303.59,49200,81.91,0.5,0.1,49170,49230,296.3,311.72,30
antes_dia_20,dia 11 - Soja Saudavel Vaso 4,11.0,4.0,1,303.84,49201,81.45,0.45999999999999375,0.1,49171,49231,296.53,311.97,30
antes_dia_20,dia 11 - Soja Saudavel Vaso 4,11.0,4.0,1,304.08,49202,80.99,0.46000000000000796,0.1,49172,49232,296.76,312.25,30
antes_dia_20,dia 11 - Soja Saudavel Vaso 4,11.0,4.0,1,304.34,49203,80.56,0.4299999999999926,0.1,49173,49233,296.99,312.5,30
antes_dia_20,dia 11 - Soja Saudavel Vaso 4,11.0,4.0,1,304.58,49204,80.13,0.4300000000000068,0.1,49174,49234,297.22,312.74,30
antes_dia_20,dia 11 - Soja Saudavel Vaso 4,11.0,4.0,1,304.83,49205,79.74,0.39000000000000057,0.1,49175,49235,297.45,312.99,30
antes_dia_20,dia 11 - Soja Saudavel Vaso 4,11.0,4.0,1,305.07,49206,79.36,0.37999999999999545,0.1,49176,49236,297.68,313.27,30
antes_dia_20,dia 11 - Soja Saudavel Vaso 4,11.0,4.0,1,305.31,49207,78.99,0.37000000000000455,0.1,49177,49237,297.91,313.51,30
antes_dia_20,dia 11 - Soja Saudavel Vaso 4,11.0,4.0,1,305.62,49208,78.57,0.4200000000000017,0.1,49178,49238,298.14,313.76,30
antes_dia_20,dia 11 - Soja Saudavel Vaso 4,11.0,4.0,1,305.86,49209,78.23,0.3399999999999892,0.1,49179,49239,298.37,314.0,30
antes_dia_20,dia 11 - Soja Saudavel Vaso 4,11.0,4.0,1,306.11,49210,77.9,0.3299999999999983,0.1,49180,49240,298.6,314.25,30
antes_dia_20,dia 11 - Soja Saudavel Vaso 4,11.0,4.0,1,306.35,49211,77.6,0.30000000000001137,0.1,49181,49241,298.84,314.5,30
antes_dia_20,dia 11 - Soja Saudavel Vaso 4,11.0,4.0,1,306.62,49212,77.28,0.3199999999999932,0.1,49182,49242,299.07,314.74,30
antes_dia_20,dia 11 - Soja Saudavel Vaso 4,11.0,4.0,1,306.86,49213,76.98,0.29999999999999716,0.1,49183,49243,299.3,314.99,30
antes_dia_20,dia 11 - Soja Saudavel Vaso 4,11.0,4.0,1,307.11,49214,76.71,0.27000000000001023,0.1,49184,49244,299.52,315.23,30
antes_dia_20,dia 11 - Soja Saudavel Vaso 4,11.0,4.0,1,307.35,49215,76.45,0.2599999999999909,0.1,49185,49245,299.75,315.53,30
antes_dia_20,dia 11 - Soja Saudavel Vaso 4,11.0,4.0,1,307.76,49216,76.02,0.4300000000000068,0.1,49186,49246,299.99,315.78,30
antes_dia_20,dia 11 - Soja Saudavel Vaso 4,11.0,4.0,1,308.31,49217,75.49,0.5300000000000011,0.1,49187,49247,300.32,316.02,30
antes_dia_20,dia 11 - Soja Saudavel Vaso 4,11.0,4.0,1,308.72,49218,75.12,0.36999999999999034,0.1,49188,49248,300.56,316.26,30
antes_dia_20,dia 11 - Soja Saudavel Vaso 4,11.0,4.0,1,308.97,49219,74.9,0.21999999999999886,0.1,49189,49249,300.81,316.51,30
antes_dia_20,dia 11 - Soja Saudavel Vaso 4,11.0,4.0,1,309.22,49220,74.68,0.21999999999999886,0.1,49190,49250,301.06,316.76,30
antes_dia_20,dia 11 - Soja Saudavel Vaso 4,11.0,4.0,1,309.46,49221,74.5,0.18000000000000682,0.1,49191,49251,301.3,317.0,30
antes_dia_20,dia 11 - Soja Saudavel Vaso 4,11.0,4.0,1,309.7,49222,74.31,0.18999999999999773,0.1,49192,49252,301.55,317.25,30
antes_dia_20,dia 11 - Soja Saudavel Vaso 4,11.0,4.0,1,310.01,49223,74.08,0.23000000000000398,0.1,49193,49253,301.79,317.49,30
antes_dia_20,dia 11 - Soja Saudavel Vaso 4,11.0,4.0,1,310.25,49224,73.91,0.1700000000000017,0.1,49194,49254,302.03,317.79,30
antes_dia_20,dia 11 - Soja Saudavel Vaso 4,11.0,4.0,1,310.49,49225,73.74,0.1700000000000017,0.1,49195,49255,302.34,318.03,30
antes_dia_20,dia 11 - Soja Saudavel Vaso 4,11.0,4.0,1,310.74,49226,73.57,0.1700000000000017,0.1,49196,49256,302.58,318.28,30
antes_dia_20,dia 11 - Soja Saudavel Vaso 4,11.0,4.0,1,310.99,49227,73.42,0.14999999999999147,0.1,49197,49257,302.82,318.52,30
antes_dia_20,dia 11 - Soja Saudavel Vaso 4,11.0,4.0,1,311.23,49228,73.26,0.1599999999999966,0.1,49198,49258,303.07,318.77,30
antes_dia_20,dia 11 - Soja Saudavel Vaso 4,11.0,4.0,1,311.47,49229,73.11,0.15000000000000568,0.1,49199,49259,303.35,319.06,30
antes_dia_20,dia 11 - Soja Saudavel Vaso 4,11.0,4.0,1,311.72,49230,72.96,0.15000000000000568,0.1,49200,49260,303.59,319.3,30
antes_dia_20,dia 11 - Soja Saudavel Vaso 4,11.0,4.0,1,311.97,49231,72.82,0.14000000000000057,0.1,49201,49261,303.84,319.55,30
antes_dia_20,dia 11 - Soja Saudavel Vaso 4,11.0,4.0,1,312.25,49232,72.66,0.1599999999999966,0.1,49202,49262,304.08,319.79,30
antes_dia_20,dia 11 - Soja Saudavel Vaso 4,11.0,4.0,1,312.5,49233,72.53,0.12999999999999545,0.1,49203,49263,304.34,320.08,30
antes_dia_20,dia 11 - Soja Saudavel Vaso 4,11.0,4.0,1,312.74,49234,72.4,0.12999999999999545,0.1,49204,49264,304.58,320.33,30
antes_dia_20,dia 11 - Soja Saudavel Vaso 4,11.0,4.0,1,312.99,49235,72.28,0.12000000000000455,0.1,49205,49265,304.83,320.57,30
antes_dia_20,dia 11 - Soja Saudavel Vaso 4,11.0,4.0,1,313.27,49236,72.15,0.12999999999999545,0.1,49206,49266,305.07,320.82,30
antes_dia_20,dia 11 - Soja Saudavel Vaso 4,11.0,4.0,1,313.51,49237,72.03,0.12000000000000455,0.1,49207,49267,305.31,321.07,30
antes_dia_20,dia 11 - Soja Saudavel Vaso 4,11.0,4.0,1,314.0,49239,71.81,0.12000000000000455,0.1,49209,49269,305.86,321.56,30
antes_dia_20,dia 11 - Soja Saudavel Vaso 4,11.0,4.0,1,314.5,49241,71.61,0.10999999999999943,0.1,49211,49271,306.35,322.05,30
antes_dia_20,dia 11 - Soja Saudavel Vaso 4,11.0,4.0,1,315.53,49245,71.22,0.10999999999999943,0.1,49215,49275,307.35,323.71,30
antes_dia_20,dia 11 - Soja Saudavel Vaso 4,11.0,4.0,1,327.76,49291,73.15,4.230000000000004,0.1,49261,49321,319.55,335.23,30
antes_dia_20,dia 11 - Soja Saudavel Vaso 4,11.0,4.0,1,328.01,49292,79.4,6.25,0.1,49262,49322,319.79,335.46,30
antes_dia_20,dia 11 - Soja Saudavel Vaso 4,11.0,4.0,1,328.25,49293,84.39,4.989999999999995,0.1,49263,49323,320.08,335.7,30
antes_dia_20,dia 11 - Soja Saudavel Vaso 4,11.0,4.0,1,328.5,49294,88.28,3.8900000000000006,0.1,49264,49324,320.33,335.92,30
antes_dia_20,dia 11 - Soja Saudavel Vaso 4,11.0,4.0,1,328.74,49295,91.02,2.739999999999995,0.1,49265,49325,320.57,336.15,30
antes_dia_20,dia 11 - Soja Saudavel Vaso 4,11.0,4.0,1,329.03,49296,92.97,1.9500000000000028,0.1,49266,49326,320.82,336.38,30
antes_dia_20,dia 11 - Soja Saudavel Vaso 4,11.0,4.0,1,329.27,49297,93.64,0.6700000000000017,0.1,49267,49327,321.07,336.63,30
antes_dia_20,dia 11 - Soja Saudavel Vaso 4,11.0,4.0,1,329.51,49298,93.75,0.10999999999999943,0.1,49268,49328,321.31,336.86,30
antes_dia_20,dia 11 - Soja Saudavel Vaso 4,11.0,4.0,1,747.8,50951,93.31,0.45999999999999375,0.1,50921,50981,740.86,755.43,30
antes_dia_20,dia 11 - Soja Saudavel Vaso 4,11.0,4.0,1,748.04,50952,92.51,0.7999999999999972,0.1,50922,50982,741.09,755.65,30
antes_dia_20,dia 11 - Soja Saudavel Vaso 4,11.0,4.0,1,748.27,50953,92.06,0.45000000000000284,0.1,50923,50983,741.32,755.88,30
antes_dia_20,dia 11 - Soja Saudavel Vaso 4,11.0,4.0,1,748.5,50954,91.76,0.29999999999999716,0.1,50924,50984,741.55,756.17,30
antes_dia_20,dia 11 - Soja Saudavel Vaso 4,11.0,4.0,1,748.73,50955,91.56,0.20000000000000284,0.1,50925,50985,741.78,756.4,30
antes_dia_20,dia 11 - Soja Saudavel Vaso 4,11.0,4.0,1,748.95,50956,91.41,0.15000000000000568,0.1,50926,50986,742.0,756.62,30
antes_dia_20,dia 11 - Soja Saudavel Vaso 4,11.0,4.0,1,749.18,50957,91.3,0.10999999999999943,0.1,50927,50987,742.23,756.85,30
antes_dia_20,dia 11 - Soja Saudavel Vaso 5,11.0,5.0,1,299.95,51769,93.51,0.23999999999999488,0.1,51739,51799,292.84,307.56,30
antes_dia_20,dia 11 - Soja Saudavel Vaso 5,11.0,5.0,1,300.19,51770,92.08,1.4300000000000068,0.1,51740,51800,293.07,307.78,30
antes_dia_20,dia 11 - Soja Saudavel Vaso 5,11.0,5.0,1,300.43,51771,90.79,1.289999999999992,0.1,51741,51801,293.3,308.07,30
antes_dia_20,dia 11 - Soja Saudavel Vaso 5,11.0,5.0,1,300.66,51772,89.76,1.0300000000000011,0.1,51742,51802,293.54,308.3,30
antes_dia_20,dia 11 - Soja Saudavel Vaso 5,11.0,5.0,1,300.89,51773,88.83,0.9300000000000068,0.1,51743,51803,293.77,308.52,30
antes_dia_20,dia 11 - Soja Saudavel Vaso 5,11.0,5.0,1,301.12,51774,87.98,0.8499999999999943,0.1,51744,51804,293.99,308.75,30
antes_dia_20,dia 11 - Soja Saudavel Vaso 5,11.0,5.0,1,301.35,51775,87.18,0.7999999999999972,0.1,51745,51805,294.22,308.99,30
antes_dia_20,dia 11 - Soja Saudavel Vaso 5,11.0,5.0,1,301.58,51776,86.46,0.7200000000000131,0.1,51746,51806,294.45,309.26,30
antes_dia_20,dia 11 - Soja Saudavel Vaso 5,11.0,5.0,1,301.81,51777,85.79,0.6699999999999875,0.1,51747,51807,294.69,309.49,30
antes_dia_20,dia 11 - Soja Saudavel Vaso 5,11.0,5.0,1,302.04,51778,85.15,0.6400000000000006,0.1,51748,51808,294.91,309.71,30
antes_dia_20,dia 11 - Soja Saudavel Vaso 5,11.0,5.0,1,302.27,51779,84.54,0.6099999999999994,0.1,51749,51809,295.14,309.94,30
antes_dia_20,dia 11 - Soja Saudavel Vaso 5,11.0,5.0,1,302.56,51780,83.84,0.7000000000000028,0.1,51750,51810,295.37,310.18,30
antes_dia_20,dia 11 - Soja Saudavel Vaso 5,11.0,5.0,1,302.79,51781,83.3,0.5400000000000063,0.1,51751,51811,295.6,310.44,30
antes_dia_20,dia 11 - Soja Saudavel Vaso 5,11.0,5.0,1,303.02,51782,82.8,0.5,0.1,51752,51812,295.89,310.67,30
antes_dia_20,dia 11 - Soja Saudavel Vaso 5,11.0,5.0,1,303.25,51783,82.3,0.5,0.1,51753,51813,296.12,310.9,30
antes_dia_20,dia 11 - Soja Saudavel Vaso 5,11.0,5.0,1,303.49,51784,81.84,0.45999999999999375,0.1,51754,51814,296.35,311.12,30
antes_dia_20,dia 11 - Soja Saudavel Vaso 5,11.0,5.0,1,303.88,51785,81.08,0.7600000000000051,0.1,51755,51815,296.57,311.36,30
antes_dia_20,dia 11 - Soja Saudavel Vaso 5,11.0,5.0,1,304.41,51786,80.14,0.9399999999999977,0.1,51756,51816,296.81,311.62,30
antes_dia_20,dia 11 - Soja Saudavel Vaso 5,11.0,5.0,1,304.8,51787,79.52,0.6200000000000045,0.1,51757,51817,297.06,311.85,30
antes_dia_20,dia 11 - Soja Saudavel Vaso 5,11.0,5.0,1,305.03,51788,79.17,0.3499999999999943,0.1,51758,51818,297.29,312.07,30
antes_dia_20,dia 11 - Soja Saudavel Vaso 5,11.0,5.0,1,305.26,51789,78.83,0.3400000000000034,0.1,51759,51819,297.52,312.3,30
antes_dia_20,dia 11 - Soja Saudavel Vaso 5,11.0,5.0,1,305.49,51790,78.5,0.3299999999999983,0.1,51760,51820,297.75,312.54,30
antes_dia_20,dia 11 - Soja Saudavel Vaso 5,11.0,5.0,1,305.72,51791,78.19,0.3100000000000023,0.1,51761,51821,297.98,312.77,30
antes_dia_20,dia 11 - Soja Saudavel Vaso 5,11.0,5.0,1,305.95,51792,77.88,0.3100000000000023,0.1,51762,51822,298.21,313.0,30
antes_dia_20,dia 11 - Soja Saudavel Vaso 5,11.0,5.0,1,306.18,51793,77.59,0.28999999999999204,0.1,51763,51823,298.44,313.23,30
antes_dia_20,dia 11 - Soja Saudavel Vaso 5,11.0,5.0,1,306.41,51794,77.31,0.28000000000000114,0.1,51764,51824,298.67,313.45,30
antes_dia_20,dia 11 - Soja Saudavel Vaso 5,11.0,5.0,1,306.63,51795,77.03,0.28000000000000114,0.1,51765,51825,299.01,313.68,30
antes_dia_20,dia 11 - Soja Saudavel Vaso 5,11.0,5.0,1,306.87,51796,76.77,0.2600000000000051,0.1,51766,51826,299.27,313.91,30
antes_dia_20,dia 11 - Soja Saudavel Vaso 5,11.0,5.0,1,307.1,51797,76.51,0.2599999999999909,0.1,51767,51827,299.5,314.14,30
antes_dia_20,dia 11 - Soja Saudavel Vaso 5,11.0,5.0,1,307.32,51798,76.26,0.25,0.1,51768,51828,299.72,314.37,30
antes_dia_20,dia 11 - Soja Saudavel Vaso 5,11.0,5.0,1,307.56,51799,76.03,0.23000000000000398,0.1,51769,51829,299.95,314.6,30
antes_dia_20,dia 11 - Soja Saudavel Vaso 5,11.0,5.0,1,307.78,51800,75.8,0.23000000000000398,0.1,51770,51830,300.19,314.83,30
antes_dia_20,dia 11 - Soja Saudavel Vaso 5,11.0,5.0,1,308.07,51801,75.53,0.269999999999996,0.1,51771,51831,300.43,315.05,30
antes_dia_20,dia 11 - Soja Saudavel Vaso 5,11.0,5.0,1,308.3,51802,75.32,0.21000000000000796,0.1,51772,51832,300.66,315.28,30
antes_dia_20,dia 11 - Soja Saudavel Vaso 5,11.0,5.0,1,308.52,51803,75.11,0.20999999999999375,0.1,51773,51833,300.89,315.51,30
antes_dia_20,dia 11 - Soja Saudavel Vaso 5,11.0,5.0,1,308.75,51804,74.91,0.20000000000000284,0.1,51774,51834,301.12,315.74,30
antes_dia_20,dia 11 - Soja Saudavel Vaso 5,11.0,5.0,1,308.99,51805,74.72,0.18999999999999773,0.1,51775,51835,301.35,315.97,30
antes_dia_20,dia 11 - Soja Saudavel Vaso 5,11.0,5.0,1,309.26,51806,74.49,0.23000000000000398,0.1,51776,51836,301.58,316.2,30
antes_dia_20,dia 11 - Soja Saudavel Vaso 5,11.0,5.0,1,309.49,51807,74.31,0.1799999999999926,0.1,51777,51837,301.81,316.43,30
antes_dia_20,dia 11 - Soja Saudavel Vaso 5,11.0,5.0,1,309.71,51808,74.14,0.1700000000000017,0.1,51778,51838,302.04,316.66,30
antes_dia_20,dia 11 - Soja Saudavel Vaso 5,11.0,5.0,1,309.94,51809,73.97,0.1700000000000017,0.1,51779,51839,302.27,316.88,30
antes_dia_20,dia 11 - Soja Saudavel Vaso 5,11.0,5.0,1,310.18,51810,73.81,0.1599999999999966,0.1,51780,51840,302.56,317.12,30
antes_dia_20,dia 11 - Soja Saudavel Vaso 5,11.0,5.0,1,310.44,51811,73.62,0.18999999999999773,0.1,51781,51841,302.79,317.35,30
antes_dia_20,dia 11 - Soja Saudavel Vaso 5,11.0,5.0,1,310.67,51812,73.47,0.15000000000000568,0.1,51782,51842,303.02,317.74,30
antes_dia_20,dia 11 - Soja Saudavel Vaso 5,11.0,5.0,1,310.9,51813,73.32,0.15000000000000568,0.1,51783,51843,303.25,318.28,30
antes_dia_20,dia 11 - Soja Saudavel Vaso 5,11.0,5.0,1,311.12,51814,73.18,0.13999999999998636,0.1,51784,51844,303.49,318.67,30
antes_dia_20,dia 11 - Soja Saudavel Vaso 5,11.0,5.0,1,311.36,51815,73.04,0.14000000000000057,0.1,51785,51845,303.88,318.9,30
antes_dia_20,dia 11 - Soja Saudavel Vaso 5,11.0,5.0,1,311.62,51816,72.89,0.15000000000000568,0.1,51786,51846,304.41,319.13,30
antes_dia_20,dia 11 - Soja Saudavel Vaso 5,11.0,5.0,1,311.85,51817,72.75,0.14000000000000057,0.1,51787,51847,304.8,319.36,30
antes_dia_20,dia 11 - Soja Saudavel Vaso 5,11.0,5.0,1,312.07,51818,72.63,0.12000000000000455,0.1,51788,51848,305.03,319.61,30
antes_dia_20,dia 11 - Soja Saudavel Vaso 5,11.0,5.0,1,312.3,51819,72.5,0.12999999999999545,0.1,51789,51849,305.26,319.84,30
antes_dia_20,dia 11 - Soja Saudavel Vaso 5,11.0,5.0,1,312.54,51820,72.38,0.12000000000000455,0.1,51790,51850,305.49,320.07,30
antes_dia_20,dia 11 - Soja Saudavel Vaso 5,11.0,5.0,1,312.77,51821,72.26,0.11999999999999034,0.1,51791,51851,305.72,320.3,30
antes_dia_20,dia 11 - Soja Saudavel Vaso 5,11.0,5.0,1,313.0,51822,72.15,0.10999999999999943,0.1,51792,51852,305.95,320.54,30
antes_dia_20,dia 11 - Soja Saudavel Vaso 5,11.0,5.0,1,313.23,51823,72.04,0.10999999999999943,0.1,51793,51853,306.18,320.76,30
antes_dia_20,dia 11 - Soja Saudavel Vaso 5,11.0,5.0,1,313.45,51824,71.94,0.10000000000000853,0.1,51794,51854,306.41,320.99,30
antes_dia_20,dia 11 - Soja Saudavel Vaso 5,11.0,5.0,1,313.91,51826,71.73,0.10999999999999943,0.1,51796,51856,306.87,321.45,30
antes_dia_20,dia 11 - Soja Saudavel Vaso 5,11.0,5.0,1,318.28,51843,70.31,0.14000000000000057,0.1,51813,51873,310.9,325.36,30
antes_dia_20,dia 11 - Soja Saudavel Vaso 5,11.0,5.0,1,318.67,51844,70.21,0.10000000000000853,0.1,51814,51874,311.12,325.6,30
antes_dia_20,dia 11 - Soja Saudavel Vaso 5,11.0,5.0,1,327.49,51882,75.54,6.609999999999999,0.1,51852,51912,320.54,335.14,30
antes_dia_20,dia 11 - Soja Saudavel Vaso 5,11.0,5.0,1,327.72,51883,80.92,5.3799999999999955,0.1,51853,51913,320.76,335.38,30
antes_dia_20,dia 11 - Soja Saudavel Vaso 5,11.0,5.0,1,327.95,51884,85.26,4.340000000000003,0.1,51854,51914,320.99,335.61,30
antes_dia_20,dia 11 - Soja Saudavel Vaso 5,11.0,5.0,1,328.18,51885,88.67,3.4099999999999966,0.1,51855,51915,321.22,335.84,30
antes_dia_20,dia 11 - Soja Saudavel Vaso 5,11.0,5.0,1,328.4,51886,91.12,2.450000000000003,0.1,51856,51916,321.45,336.06,30
antes_dia_20,dia 11 - Soja Saudavel Vaso 5,11.0,5.0,1,328.69,51887,92.96,1.8399999999999892,0.1,51857,51917,321.69,336.29,30
antes_dia_20,dia 11 - Soja Saudavel Vaso 5,11.0,5.0,1,329.02,51888,93.66,0.7000000000000028,0.1,51858,51918,321.92,336.58,30
antes_dia_20,dia 11 - Soja Saudavel Vaso 5,11.0,5.0,1,747.56,53567,92.75,0.9599999999999937,0.1,53537,53597,739.93,754.55,30
antes_dia_20,dia 11 - Soja Saudavel Vaso 5,11.0,5.0,1,747.79,53568,92.19,0.5600000000000023,0.1,53538,53598,740.17,754.83,30
antes_dia_20,dia 11 - Soja Saudavel Vaso 5,11.0,5.0,1,748.03,53569,91.84,0.3499999999999943,0.1,53539,53599,740.44,755.05,30
antes_dia_20,dia 11 - Soja Saudavel Vaso 5,11.0,5.0,1,748.26,53570,91.58,0.2600000000000051,0.1,53540,53600,740.67,755.28,30
antes_dia_20,dia 11 - Soja Saudavel Vaso 5,11.0,5.0,1,748.49,53571,91.42,0.1599999999999966,0.1,53541,53601,740.9,755.51,30
antes_dia_20,dia 11 - Soja Saudavel Vaso 5,11.0,5.0,1,748.72,53572,91.28,0.14000000000000057,0.1,53542,53602,741.13,755.84,30
antes_dia_20,dia 12 - Soja Saudavel Vaso 2,12.0,2.0,1,299.97,54365,93.44,0.269999999999996,0.1,54335,54395,292.21,307.39,30
antes_dia_20,dia 12 - Soja Saudavel Vaso 2,12.0,2.0,1,300.37,54366,91.1,2.3400000000000034,0.1,54336,54396,292.48,307.64,30
antes_dia_20,dia 12 - Soja Saudavel Vaso 2,12.0,2.0,1,300.6,54367,90.01,1.0899999999999892,0.1,54337,54397,292.71,307.89,30
antes_dia_20,dia 12 - Soja Saudavel Vaso 2,12.0,2.0,1,300.84,54368,89.04,0.9699999999999989,0.1,54338,54398,292.95,308.13,30
antes_dia_20,dia 12 - Soja Saudavel Vaso 2,12.0,2.0,1,301.08,54369,88.17,0.8700000000000045,0.1,54339,54399,293.18,308.36,30
antes_dia_20,dia 12 - Soja Saudavel Vaso 2,12.0,2.0,1,301.32,54370,87.37,0.7999999999999972,0.1,54340,54400,293.42,308.6,30
antes_dia_20,dia 12 - Soja Saudavel Vaso 2,12.0,2.0,1,301.56,54371,86.63,0.7400000000000091,0.1,54341,54401,293.65,308.85,30
antes_dia_20,dia 12 - Soja Saudavel Vaso 2,12.0,2.0,1,301.79,54372,85.96,0.6700000000000017,0.1,54342,54402,293.89,309.08,30
antes_dia_20,dia 12 - Soja Saudavel Vaso 2,12.0,2.0,1,302.03,54373,85.32,0.6400000000000006,0.1,54343,54403,294.13,309.32,30
antes_dia_20,dia 12 - Soja Saudavel Vaso 2,12.0,2.0,1,302.32,54374,84.58,0.7399999999999949,0.1,54344,54404,294.36,309.55,30
antes_dia_20,dia 12 - Soja Saudavel Vaso 2,12.0,2.0,1,302.56,54375,84.02,0.5600000000000023,0.1,54345,54405,294.66,309.79,30
antes_dia_20,dia 12 - Soja Saudavel Vaso 2,12.0,2.0,1,302.79,54376,83.5,0.519999999999996,0.1,54346,54406,294.89,310.07,30
antes_dia_20,dia 12 - Soja Saudavel Vaso 2,12.0,2.0,1,303.03,54377,83.0,0.5,0.1,54347,54407,295.13,310.31,30
antes_dia_20,dia 12 - Soja Saudavel Vaso 2,12.0,2.0,1,303.27,54378,82.52,0.480000000000004,0.1,54348,54408,295.36,310.55,30
antes_dia_20,dia 12 - Soja Saudavel Vaso 2,12.0,2.0,1,303.51,54379,82.06,0.45999999999999375,0.1,54349,54409,295.61,310.78,30
antes_dia_20,dia 12 - Soja Saudavel Vaso 2,12.0,2.0,1,303.75,54380,81.62,0.4399999999999977,0.1,54350,54410,295.84,311.02,30
antes_dia_20,dia 12 - Soja Saudavel Vaso 2,12.0,2.0,1,303.98,54381,81.21,0.4100000000000108,0.1,54351,54411,296.07,311.25,30
antes_dia_20,dia 12 - Soja Saudavel Vaso 2,12.0,2.0,1,304.22,54382,80.83,0.37999999999999545,0.1,54352,54412,296.31,311.49,30
antes_dia_20,dia 12 - Soja Saudavel Vaso 2,12.0,2.0,1,304.51,54383,80.36,0.46999999999999886,0.1,54353,54413,296.55,311.83,30
antes_dia_20,dia 12 - Soja Saudavel Vaso 2,12.0,2.0,1,304.75,54384,80.0,0.35999999999999943,0.1,54354,54414,296.84,312.09,30
antes_dia_20,dia 12 - Soja Saudavel Vaso 2,12.0,2.0,1,304.99,54385,79.66,0.3400000000000034,0.1,54355,54415,297.08,312.34,30
antes_dia_20,dia 12 - Soja Saudavel Vaso 2,12.0,2.0,1,305.22,54386,79.33,0.3299999999999983,0.1,54356,54416,297.31,312.6,30
antes_dia_20,dia 12 - Soja Saudavel Vaso 2,12.0,2.0,1,305.47,54387,79.02,0.3100000000000023,0.1,54357,54417,297.55,312.85,30
antes_dia_20,dia 12 - Soja Saudavel Vaso 2,12.0,2.0,1,305.71,54388,78.71,0.3100000000000023,0.1,54358,54418,297.79,313.11,30
antes_dia_20,dia 12 - Soja Saudavel Vaso 2,12.0,2.0,1,305.94,54389,78.42,0.28999999999999204,0.1,54359,54419,298.02,313.4,30
antes_dia_20,dia 12 - Soja Saudavel Vaso 2,12.0,2.0,1,306.18,54390,78.14,0.28000000000000114,0.1,54360,54420,298.26,313.65,30
antes_dia_20,dia 12 - Soja Saudavel Vaso 2,12.0,2.0,1,306.42,54391,77.88,0.2600000000000051,0.1,54361,54421,298.49,314.06,30
antes_dia_20,dia 12 - Soja Saudavel Vaso 2,12.0,2.0,1,306.68,54392,77.58,0.29999999999999716,0.1,54362,54422,298.73,314.62,30
antes_dia_20,dia 12 - Soja Saudavel Vaso 2,12.0,2.0,1,306.92,54393,77.33,0.25,0.1,54363,54423,299.02,315.04,30
antes_dia_20,dia 12 - Soja Saudavel Vaso 2,12.0,2.0,1,307.16,54394,77.1,0.23000000000000398,0.1,54364,54424,299.42,315.3,30
antes_dia_20,dia 12 - Soja Saudavel Vaso 2,12.0,2.0,1,307.39,54395,76.87,0.22999999999998977,0.1,54365,54425,299.97,315.6,30
antes_dia_20,dia 12 - Soja Saudavel Vaso 2,12.0,2.0,1,307.64,54396,76.66,0.21000000000000796,0.1,54366,54426,300.37,315.85,30
antes_dia_20,dia 12 - Soja Saudavel Vaso 2,12.0,2.0,1,307.89,54397,76.42,0.23999999999999488,0.1,54367,54427,300.6,316.1,30
antes_dia_20,dia 12 - Soja Saudavel Vaso 2,12.0,2.0,1,308.13,54398,76.22,0.20000000000000284,0.1,54368,54428,300.84,316.36,30
antes_dia_20,dia 12 - Soja Saudavel Vaso 2,12.0,2.0,1,308.36,54399,76.03,0.18999999999999773,0.1,54369,54429,301.08,316.67,30
antes_dia_20,dia 12 - Soja Saudavel Vaso 2,12.0,2.0,1,308.6,54400,75.83,0.20000000000000284,0.1,54370,54430,301.32,316.92,30
antes_dia_20,dia 12 - Soja Saudavel Vaso 2,12.0,2.0,1,308.85,54401,75.65,0.1799999999999926,0.1,54371,54431,301.56,317.17,30
antes_dia_20,dia 12 - Soja Saudavel Vaso 2,12.0,2.0,1,309.08,54402,75.47,0.18000000000000682,0.1,54372,54432,301.79,317.43,30
antes_dia_20,dia 12 - Soja Saudavel Vaso 2,12.0,2.0,1,309.32,54403,75.31,0.1599999999999966,0.1,54373,54433,302.03,317.71,30
antes_dia_20,dia 12 - Soja Saudavel Vaso 2,12.0,2.0,1,309.55,54404,75.15,0.1599999999999966,0.1,54374,54434,302.32,317.96,30
antes_dia_20,dia 12 - Soja Saudavel Vaso 2,12.0,2.0,1,309.79,54405,75.0,0.15000000000000568,0.1,54375,54435,302.56,318.22,30
antes_dia_20,dia 12 - Soja Saudavel Vaso 2,12.0,2.0,1,310.07,54406,74.81,0.18999999999999773,0.1,54376,54436,302.79,318.47,30
antes_dia_20,dia 12 - Soja Saudavel Vaso 2,12.0,2.0,1,310.31,54407,74.67,0.14000000000000057,0.1,54377,54437,303.03,318.73,30
antes_dia_20,dia 12 - Soja Saudavel Vaso 2,12.0,2.0,1,310.55,54408,74.53,0.14000000000000057,0.1,54378,54438,303.27,318.99,30
antes_dia_20,dia 12 - Soja Saudavel Vaso 2,12.0,2.0,1,310.78,54409,74.39,0.14000000000000057,0.1,54379,54439,303.51,319.24,30
antes_dia_20,dia 12 - Soja Saudavel Vaso 2,12.0,2.0,1,311.02,54410,74.26,0.12999999999999545,0.1,54380,54440,303.75,319.49,30
antes_dia_20,dia 12 - Soja Saudavel Vaso 2,12.0,2.0,1,311.25,54411,74.14,0.12000000000000455,0.1,54381,54441,303.98,319.75,30
antes_dia_20,dia 12 - Soja Saudavel Vaso 2,12.0,2.0,1,311.49,54412,74.02,0.12000000000000455,0.1,54382,54442,304.22,320.03,30
antes_dia_20,dia 12 - Soja Saudavel Vaso 2,12.0,2.0,1,311.83,54413,73.86,0.1599999999999966,0.1,54383,54443,304.51,320.29,30
antes_dia_20,dia 12 - Soja Saudavel Vaso 2,12.0,2.0,1,312.09,54414,73.74,0.12000000000000455,0.1,54384,54444,304.75,320.54,30
antes_dia_20,dia 12 - Soja Saudavel Vaso 2,12.0,2.0,1,312.34,54415,73.62,0.11999999999999034,0.1,54385,54445,304.99,320.8,30
antes_dia_20,dia 12 - Soja Saudavel Vaso 2,12.0,2.0,1,312.6,54416,73.52,0.10000000000000853,0.1,54386,54446,305.22,321.1,30
antes_dia_20,dia 12 - Soja Saudavel Vaso 2,12.0,2.0,1,312.85,54417,73.41,0.10999999999999943,0.1,54387,54447,305.47,321.35,30
antes_dia_20,dia 12 - Soja Saudavel Vaso 2,12.0,2.0,1,313.4,54419,73.2,0.11999999999999034,0.1,54389,54449,305.94,321.86,30
antes_dia_20,dia 12 - Soja Saudavel Vaso 2,12.0,2.0,1,314.06,54421,72.96,0.15000000000000568,0.1,54391,54451,306.42,322.42,30
antes_dia_20,dia 12 - Soja Saudavel Vaso 2,12.0,2.0,1,314.62,54422,72.79,0.1699999999999875,0.1,54392,54452,306.68,322.68,30
antes_dia_20,dia 12 - Soja Saudavel Vaso 2,12.0,2.0,1,315.04,54423,72.64,0.15000000000000568,0.1,54393,54453,306.92,322.93,30
antes_dia_20,dia 12 - Soja Saudavel Vaso 2,12.0,2.0,1,327.62,54471,72.54,1.5800000000000125,0.1,54441,54501,319.75,336.1,30
antes_dia_20,dia 12 - Soja Saudavel Vaso 2,12.0,2.0,1,327.87,54472,77.3,4.759999999999991,0.1,54442,54502,320.03,336.36,30
antes_dia_20,dia 12 - Soja Saudavel Vaso 2,12.0,2.0,1,328.13,54473,78.59,1.2900000000000063,0.1,54443,54503,320.29,336.67,30
antes_dia_20,dia 12 - Soja Saudavel Vaso 2,12.0,2.0,1,328.38,54474,79.9,1.3100000000000023,0.1,54444,54504,320.54,336.92,30
antes_dia_20,dia 12 - Soja Saudavel Vaso 2,12.0,2.0,1,328.63,54475,81.15,1.25,0.1,54445,54505,320.8,337.17,30
antes_dia_20,dia 12 - Soja Saudavel Vaso 2,12.0,2.0,1,328.94,54476,82.59,1.4399999999999977,0.1,54446,54506,321.1,337.42,30
antes_dia_20,dia 12 - Soja Saudavel Vaso 2,12.0,2.0,1,329.19,54477,83.72,1.1299999999999955,0.1,54447,54507,321.35,337.68,30
antes_dia_20,dia 12 - Soja Saudavel Vaso 2,12.0,2.0,1,329.44,54478,84.77,1.0499999999999972,0.1,54448,54508,321.61,337.93,30
antes_dia_20,dia 12 - Soja Saudavel Vaso 2,12.0,2.0,1,329.7,54479,85.75,0.980000000000004,0.1,54449,54509,321.86,338.19,30
antes_dia_20,dia 12 - Soja Saudavel Vaso 2,12.0,2.0,1,330.16,54480,87.4,1.6500000000000057,0.1,54450,54510,322.17,338.44,30
antes_dia_20,dia 12 - Soja Saudavel Vaso 2,12.0,2.0,1,330.72,54481,89.08,1.6799999999999926,0.1,54451,54511,322.42,338.7,30
antes_dia_20,dia 12 - Soja Saudavel Vaso 2,12.0,2.0,1,331.15,54482,90.15,1.0700000000000074,0.1,54452,54512,322.68,338.98,30
antes_dia_20,dia 12 - Soja Saudavel Vaso 2,12.0,2.0,1,331.4,54483,90.7,0.5499999999999972,0.1,54453,54513,322.93,339.23,30
antes_dia_20,dia 12 - Soja Saudavel Vaso 2,12.0,2.0,1,331.65,54484,91.2,0.5,0.1,54454,54514,323.2,339.49,30
antes_dia_20,dia 12 - Soja Saudavel Vaso 2,12.0,2.0,1,331.9,54485,91.65,0.45000000000000284,0.1,54455,54515,323.46,339.74,30
antes_dia_20,dia 12 - Soja Saudavel Vaso 2,12.0,2.0,1,332.21,54486,92.12,0.46999999999999886,0.1,54456,54516,323.71,340.05,30
antes_dia_20,dia 12 - Soja Saudavel Vaso 2,12.0,2.0,1,332.47,54487,92.44,0.3199999999999932,0.1,54457,54517,323.96,340.3,30
antes_dia_20,dia 12 - Soja Saudavel Vaso 2,12.0,2.0,1,332.72,54488,92.73,0.29000000000000625,0.1,54458,54518,324.23,340.55,30
antes_dia_20,dia 12 - Soja Saudavel Vaso 2,12.0,2.0,1,332.97,54489,92.96,0.22999999999998977,0.1,54459,54519,324.5,340.81,30
antes_dia_20,dia 12 - Soja Saudavel Vaso 2,12.0,2.0,1,333.25,54490,93.16,0.20000000000000284,0.1,54460,54520,324.75,341.12,30
antes_dia_20,dia 12 - Soja Saudavel Vaso 2,12.0,2.0,1,333.5,54491,93.31,0.15000000000000568,0.1,54461,54521,325.0,341.37,30
antes_dia_20,dia 12 - Soja Saudavel Vaso 2,12.0,2.0,1,333.75,54492,93.43,0.12000000000000455,0.1,54462,54522,325.25,341.63,30
antes_dia_20,dia 13 - Soja Saudavel Vaso 1,13.0,1.0,1,300.12,56927,92.43,1.1299999999999955,0.1,56897,56957,291.85,307.78,30
antes_dia_20,dia 13 - Soja Saudavel Vaso 1,13.0,1.0,1,300.37,56928,91.33,1.1000000000000085,0.1,56898,56958,292.1,308.03,30
antes_dia_20,dia 13 - Soja Saudavel Vaso 1,13.0,1.0,1,300.67,56929,90.13,1.2000000000000028,0.1,56899,56959,292.35,308.28,30
antes_dia_20,dia 13 - Soja Saudavel Vaso 1,13.0,1.0,1,300.92,56930,89.23,0.8999999999999915,0.1,56900,56960,292.59,308.53,30
antes_dia_20,dia 13 - Soja Saudavel Vaso 1,13.0,1.0,1,301.17,56931,88.38,0.8500000000000085,0.1,56901,56961,292.9,308.77,30
antes_dia_20,dia 13 - Soja Saudavel Vaso 1,13.0,1.0,1,301.41,56932,87.58,0.7999999999999972,0.1,56902,56962,293.14,309.02,30
antes_dia_20,dia 13 - Soja Saudavel Vaso 1,13.0,1.0,1,301.67,56933,86.81,0.769999999999996,0.1,56903,56963,293.39,309.27,30
antes_dia_20,dia 13 - Soja Saudavel Vaso 1,13.0,1.0,1,301.91,56934,86.1,0.710000000000008,0.1,56904,56964,293.64,309.56,30
antes_dia_20,dia 13 - Soja Saudavel Vaso 1,13.0,1.0,1,302.16,56935,85.42,0.6799999999999926,0.1,56905,56965,293.89,309.81,30
antes_dia_20,dia 13 - Soja Saudavel Vaso 1,13.0,1.0,1,302.4,56936,84.77,0.6500000000000057,0.1,56906,56966,294.14,310.21,30
antes_dia_20,dia 13 - Soja Saudavel Vaso 1,13.0,1.0,1,302.66,56937,84.14,0.6299999999999955,0.1,56907,56967,294.39,310.77,30
antes_dia_20,dia 13 - Soja Saudavel Vaso 1,13.0,1.0,1,302.94,56938,83.44,0.7000000000000028,0.1,56908,56968,294.63,311.18,30
antes_dia_20,dia 13 - Soja Saudavel Vaso 1,13.0,1.0,1,303.18,56939,82.86,0.5799999999999983,0.1,56909,56969,294.88,311.42,30
antes_dia_20,dia 13 - Soja Saudavel Vaso 1,13.0,1.0,1,303.43,56940,82.31,0.5499999999999972,0.1,56910,56970,295.32,311.73,30
antes_dia_20,dia 13 - Soja Saudavel Vaso 1,13.0,1.0,1,303.69,56941,81.76,0.5499999999999972,0.1,56911,56971,295.88,311.97,30
antes_dia_20,dia 13 - Soja Saudavel Vaso 1,13.0,1.0,1,303.99,56942,81.12,0.6400000000000006,0.1,56912,56972,296.32,312.22,30
antes_dia_20,dia 13 - Soja Saudavel Vaso 1,13.0,1.0,1,304.24,56943,80.63,0.4900000000000091,0.1,56913,56973,296.57,312.47,30
antes_dia_20,dia 13 - Soja Saudavel Vaso 1,13.0,1.0,1,304.48,56944,80.15,0.47999999999998977,0.1,56914,56974,296.82,312.72,30
antes_dia_20,dia 13 - Soja Saudavel Vaso 1,13.0,1.0,1,304.73,56945,79.68,0.46999999999999886,0.1,56915,56975,297.07,312.96,30
antes_dia_20,dia 13 - Soja Saudavel Vaso 1,13.0,1.0,1,304.98,56946,79.23,0.45000000000000284,0.1,56916,56976,297.36,313.21,30
antes_dia_20,dia 13 - Soja Saudavel Vaso 1,13.0,1.0,1,305.23,56947,78.79,0.4399999999999977,0.1,56917,56977,297.61,313.45,30
antes_dia_20,dia 13 - Soja Saudavel Vaso 1,13.0,1.0,1,305.48,56948,78.36,0.4300000000000068,0.1,56918,56978,297.86,313.7,30
antes_dia_20,dia 13 - Soja Saudavel Vaso 1,13.0,1.0,1,305.72,56949,77.96,0.4000000000000057,0.1,56919,56979,298.1,313.99,30
antes_dia_20,dia 13 - Soja Saudavel Vaso 1,13.0,1.0,1,305.98,56950,77.56,0.3999999999999915,0.1,56920,56980,298.39,314.24,30
antes_dia_20,dia 13 - Soja Saudavel Vaso 1,13.0,1.0,1,306.25,56951,77.12,0.4399999999999977,0.1,56921,56981,298.63,314.48,30
antes_dia_20,dia 13 - Soja Saudavel Vaso 1,13.0,1.0,1,306.49,56952,76.75,0.37000000000000455,0.1,56922,56982,298.88,314.73,30
antes_dia_20,dia 13 - Soja Saudavel Vaso 1,13.0,1.0,1,306.74,56953,76.4,0.3499999999999943,0.1,56923,56983,299.12,315.03,30
antes_dia_20,dia 13 - Soja Saudavel Vaso 1,13.0,1.0,1,306.99,56954,76.04,0.35999999999999943,0.1,56924,56984,299.38,315.28,30
antes_dia_20,dia 13 - Soja Saudavel Vaso 1,13.0,1.0,1,307.29,56955,78.18,2.1400000000000006,0.1,56925,56985,299.63,315.52,30
antes_dia_20,dia 13 - Soja Saudavel Vaso 1,13.0,1.0,1,307.54,56956,80.19,2.009999999999991,0.1,56926,56986,299.88,315.77,30
antes_dia_20,dia 13 - Soja Saudavel Vaso 1,13.0,1.0,1,307.78,56957,81.97,1.7800000000000011,0.1,56927,56987,300.12,316.02,30
antes_dia_20,dia 13 - Soja Saudavel Vaso 1,13.0,1.0,1,308.03,56958,83.59,1.6200000000000045,0.1,56928,56988,300.37,316.27,30
antes_dia_20,dia 13 - Soja Saudavel Vaso 1,13.0,1.0,1,308.28,56959,85.1,1.509999999999991,0.1,56929,56989,300.67,316.52,30
antes_dia_20,dia 13 - Soja Saudavel Vaso 1,13.0,1.0,1,308.53,56960,86.45,1.3500000000000085,0.1,56930,56990,300.92,316.76,30
antes_dia_20,dia 13 - Soja Saudavel Vaso 1,13.0,1.0,1,308.77,56961,87.65,1.2000000000000028,0.1,56931,56991,301.17,317.01,30
antes_dia_20,dia 13 - Soja Saudavel Vaso 1,13.0,1.0,1,309.02,56962,88.69,1.039999999999992,0.1,56932,56992,301.41,317.3,30
antes_dia_20,dia 13 - Soja Saudavel Vaso 1,13.0,1.0,1,309.27,56963,89.64,0.9500000000000028,0.1,56933,56993,301.67,317.54,30
antes_dia_20,dia 13 - Soja Saudavel Vaso 1,13.0,1.0,1,309.56,56964,90.65,1.0100000000000051,0.1,56934,56994,301.91,317.79,30
antes_dia_20,dia 13 - Soja Saudavel Vaso 1,13.0,1.0,1,309.81,56965,91.34,0.6899999999999977,0.1,56935,56995,302.16,318.04,30
antes_dia_20,dia 13 - Soja Saudavel Vaso 1,13.0,1.0,1,310.21,56966,92.23,0.8900000000000006,0.1,56936,56996,302.4,318.35,30
antes_dia_20,dia 13 - Soja Saudavel Vaso 1,13.0,1.0,1,310.77,56967,93.02,0.789999999999992,0.1,56937,56997,302.66,318.59,30
antes_dia_20,dia 13 - Soja Saudavel Vaso 1,13.0,1.0,1,311.18,56968,93.33,0.3100000000000023,0.1,56938,56998,302.94,318.84,30
antes_dia_20,dia 13 - Soja Saudavel Vaso 1,13.0,1.0,1,311.42,56969,93.43,0.10000000000000853,0.1,56939,56999,303.18,319.08,30
antes_dia_20,dia 13 - Soja Saudavel Vaso 3,13.0,3.0,1,299.87,59115,93.39,0.1599999999999966,0.1,59085,59145,291.98,308.06,30
antes_dia_20,dia 13 - Soja Saudavel Vaso 3,13.0,3.0,1,300.11,59116,92.07,1.3200000000000074,0.1,59086,59146,292.25,308.32,30
antes_dia_20,dia 13 - Soja Saudavel Vaso 3,13.0,3.0,1,300.36,59117,90.95,1.1199999999999903,0.1,59087,59147,292.51,308.58,30
antes_dia_20,dia 13 - Soja Saudavel Vaso 3,13.0,3.0,1,300.61,59118,89.97,0.980000000000004,0.1,59088,59148,292.79,308.83,30
antes_dia_20,dia 13 - Soja Saudavel Vaso 3,13.0,3.0,1,300.86,59119,89.07,0.9000000000000057,0.1,59089,59149,293.08,309.07,30
antes_dia_20,dia 13 - Soja Saudavel Vaso 3,13.0,3.0,1,301.26,59120,87.85,1.2199999999999989,0.1,59090,59150,293.35,309.32,30
antes_dia_20,dia 13 - Soja Saudavel Vaso 3,13.0,3.0,1,301.82,59121,86.42,1.4299999999999926,0.1,59091,59151,293.61,309.62,30
antes_dia_20,dia 13 - Soja Saudavel Vaso 3,13.0,3.0,1,302.22,59122,85.52,0.9000000000000057,0.1,59092,59152,293.89,309.87,30
antes_dia_20,dia 13 - Soja Saudavel Vaso 3,13.0,3.0,1,302.47,59123,85.02,0.5,0.1,59093,59153,294.28,310.12,30
antes_dia_20,dia 13 - Soja Saudavel Vaso 3,13.0,3.0,1,302.72,59124,84.55,0.46999999999999886,0.1,59094,59154,294.53,310.37,30
antes_dia_20,dia 13 - Soja Saudavel Vaso 3,13.0,3.0,1,303.02,59125,84.01,0.539999999999992,0.1,59095,59155,294.77,310.61,30
antes_dia_20,dia 13 - Soja Saudavel Vaso 3,13.0,3.0,1,303.27,59126,83.61,0.4000000000000057,0.1,59096,59156,295.03,310.86,30
antes_dia_20,dia 13 - Soja Saudavel Vaso 3,13.0,3.0,1,303.52,59127,83.23,0.37999999999999545,0.1,59097,59157,295.28,311.11,30
antes_dia_20,dia 13 - Soja Saudavel Vaso 3,13.0,3.0,1,303.76,59128,82.86,0.37000000000000455,0.1,59098,59158,295.52,311.35,30
antes_dia_20,dia 13 - Soja Saudavel Vaso 3,13.0,3.0,1,304.04,59129,82.48,0.37999999999999545,0.1,59099,59159,295.77,311.62,30
antes_dia_20,dia 13 - Soja Saudavel Vaso 3,13.0,3.0,1,304.28,59130,82.15,0.3299999999999983,0.1,59100,59160,296.02,311.89,30
antes_dia_20,dia 13 - Soja Saudavel Vaso 3,13.0,3.0,1,304.53,59131,81.86,0.29000000000000625,0.1,59101,59161,296.32,312.14,30
antes_dia_20,dia 13 - Soja Saudavel Vaso 3,13.0,3.0,1,304.78,59132,81.57,0.29000000000000625,0.1,59102,59162,296.57,312.38,30
antes_dia_20,dia 13 - Soja Saudavel Vaso 3,13.0,3.0,1,305.04,59133,81.29,0.2799999999999869,0.1,59103,59163,296.82,312.63,30
antes_dia_20,dia 13 - Soja Saudavel Vaso 3,13.0,3.0,1,305.28,59134,81.02,0.27000000000001023,0.1,59104,59164,297.06,312.93,30
antes_dia_20,dia 13 - Soja Saudavel Vaso 3,13.0,3.0,1,305.53,59135,80.77,0.25,0.1,59105,59165,297.31,313.18,30
antes_dia_20,dia 13 - Soja Saudavel Vaso 3,13.0,3.0,1,305.77,59136,80.54,0.22999999999998977,0.1,59106,59166,297.56,313.43,30
antes_dia_20,dia 13 - Soja Saudavel Vaso 3,13.0,3.0,1,306.02,59137,80.32,0.22000000000001307,0.1,59107,59167,297.81,313.68,30
antes_dia_20,dia 13 - Soja Saudavel Vaso 3,13.0,3.0,1,306.33,59138,80.06,0.2599999999999909,0.1,59108,59168,298.06,313.92,30
antes_dia_20,dia 13 - Soja Saudavel Vaso 3,13.0,3.0,1,306.57,59139,79.86,0.20000000000000284,0.1,59109,59169,298.31,314.17,30
antes_dia_20,dia 13 - Soja Saudavel Vaso 3,13.0,3.0,1,306.82,59140,79.67,0.18999999999999773,0.1,59110,59170,298.57,314.42,30
antes_dia_20,dia 13 - Soja Saudavel Vaso 3,13.0,3.0,1,307.07,59141,79.49,0.18000000000000682,0.1,59111,59171,298.82,314.66,30
antes_dia_20,dia 13 - Soja Saudavel Vaso 3,13.0,3.0,1,307.32,59142,79.32,0.1700000000000017,0.1,59112,59172,299.07,314.91,30
antes_dia_20,dia 13 - Soja Saudavel Vaso 3,13.0,3.0,1,307.57,59143,79.15,0.1699999999999875,0.1,59113,59173,299.31,315.2,30
antes_dia_20,dia 13 - Soja Saudavel Vaso 3,13.0,3.0,1,307.81,59144,79.0,0.15000000000000568,0.1,59114,59174,299.62,315.6,30
antes_dia_20,dia 13 - Soja Saudavel Vaso 3,13.0,3.0,1,308.06,59145,78.85,0.15000000000000568,0.1,59115,59175,299.87,316.16,30
antes_dia_20,dia 13 - Soja Saudavel Vaso 3,13.0,3.0,1,308.32,59146,78.71,0.14000000000000057,0.1,59116,59176,300.11,316.57,30
antes_dia_20,dia 13 - Soja Saudavel Vaso 3,13.0,3.0,1,308.58,59147,78.56,0.14999999999999147,0.1,59117,59177,300.36,316.81,30
antes_dia_20,dia 13 - Soja Saudavel Vaso 3,13.0,3.0,1,308.83,59148,78.43,0.12999999999999545,0.1,59118,59178,300.61,317.06,30
antes_dia_20,dia 13 - Soja Saudavel Vaso 3,13.0,3.0,1,309.07,59149,78.32,0.11000000000001364,0.1,59119,59179,300.86,317.37,30
antes_dia_20,dia 13 - Soja Saudavel Vaso 3,13.0,3.0,1,309.32,59150,78.2,0.11999999999999034,0.1,59120,59180,301.26,317.61,30
antes_dia_20,dia 13 - Soja Saudavel Vaso 3,13.0,3.0,1,309.62,59151,78.06,0.14000000000000057,0.1,59121,59181,301.82,317.86,30
antes_dia_20,dia 13 - Soja Saudavel Vaso 3,13.0,3.0,1,309.87,59152,77.96,0.10000000000000853,0.1,59122,59182,302.22,318.11,30
antes_dia_20,dia 13 - Soja Saudavel Vaso 3,13.0,3.0,1,313.92,59168,77.73,0.9000000000000057,0.1,59138,59198,306.33,322.15,30
antes_dia_20,dia 13 - Soja Saudavel Vaso 3,13.0,3.0,1,314.17,59169,79.49,1.759999999999991,0.1,59139,59199,306.57,322.4,30
antes_dia_20,dia 13 - Soja Saudavel Vaso 3,13.0,3.0,1,314.42,59170,80.98,1.490000000000009,0.1,59140,59200,306.82,322.65,30
antes_dia_20,dia 13 - Soja Saudavel Vaso 3,13.0,3.0,1,314.66,59171,82.35,1.3699999999999903,0.1,59141,59201,307.07,322.94,30
antes_dia_20,dia 13 - Soja Saudavel Vaso 3,13.0,3.0,1,314.91,59172,83.64,1.2900000000000063,0.1,59142,59202,307.32,323.19,30
antes_dia_20,dia 13 - Soja Saudavel Vaso 3,13.0,3.0,1,315.2,59173,85.07,1.4299999999999926,0.1,59143,59203,307.57,323.44,30
antes_dia_20,dia 13 - Soja Saudavel Vaso 3,13.0,3.0,1,315.6,59174,86.82,1.75,0.1,59144,59204,307.81,323.68,30
antes_dia_20,dia 13 - Soja Saudavel Vaso 3,13.0,3.0,1,316.16,59175,88.85,2.030000000000001,0.1,59145,59205,308.06,323.99,30
antes_dia_20,dia 13 - Soja Saudavel Vaso 3,13.0,3.0,1,316.57,59176,90.05,1.2000000000000028,0.1,59146,59206,308.32,324.24,30
antes_dia_20,dia 13 - Soja Saudavel Vaso 3,13.0,3.0,1,316.81,59177,90.68,0.6300000000000097,0.1,59147,59207,308.58,324.49,30
antes_dia_20,dia 13 - Soja Saudavel Vaso 3,13.0,3.0,1,317.06,59178,91.24,0.5599999999999881,0.1,59148,59208,308.83,324.74,30
antes_dia_20,dia 13 - Soja Saudavel Vaso 3,13.0,3.0,1,317.37,59179,91.83,0.5900000000000034,0.1,59149,59209,309.07,324.98,30
antes_dia_20,dia 13 - Soja Saudavel Vaso 3,13.0,3.0,1,317.61,59180,92.23,0.4000000000000057,0.1,59150,59210,309.32,325.23,30
antes_dia_20,dia 13 - Soja Saudavel Vaso 3,13.0,3.0,1,317.86,59181,92.58,0.3499999999999943,0.1,59151,59211,309.62,325.47,30
antes_dia_20,dia 13 - Soja Saudavel Vaso 3,13.0,3.0,1,318.11,59182,92.84,0.2600000000000051,0.1,59152,59212,309.87,325.72,30
antes_dia_20,dia 13 - Soja Saudavel Vaso 3,13.0,3.0,1,318.36,59183,93.05,0.20999999999999375,0.1,59153,59213,310.12,325.97,30
antes_dia_20,dia 13 - Soja Saudavel Vaso 3,13.0,3.0,1,318.6,59184,93.2,0.15000000000000568,0.1,59154,59214,310.37,326.25,30
antes_dia_20,dia 13 - Soja Saudavel Vaso 3,13.0,3.0,1,318.85,59185,93.31,0.10999999999999943,0.1,59155,59215,310.61,326.5,30
antes_dia_20,dia 13 - Soja Saudavel Vaso 3,13.0,3.0,1,733.88,60735,93.37,0.1799999999999926,0.1,60705,60765,726.28,742.11,30
antes_dia_20,dia 13 - Soja Saudavel Vaso 3,13.0,3.0,1,734.13,60736,92.59,0.7800000000000011,0.1,60706,60766,726.52,742.39,30
antes_dia_20,dia 13 - Soja Saudavel Vaso 3,13.0,3.0,1,734.37,60737,92.17,0.4200000000000017,0.1,60707,60767,726.78,742.64,30
antes_dia_20,dia 13 - Soja Saudavel Vaso 3,13.0,3.0,1,734.67,60738,91.86,0.3100000000000023,0.1,60708,60768,727.02,742.88,30
antes_dia_20,dia 13 - Soja Saudavel Vaso 3,13.0,3.0,1,734.91,60739,91.7,0.1599999999999966,0.1,60709,60769,727.27,743.13,30
antes_dia_20,dia 13 - Soja Saudavel Vaso 3,13.0,3.0,1,735.16,60740,91.59,0.10999999999999943,0.1,60710,60770,727.52,743.39,30
antes_dia_20,dia 13 - Soja Saudavel Vaso 4,13.0,4.0,1,119.93,60975,93.23,0.3299999999999983,0.1,60945,61005,111.75,127.46,30
antes_dia_20,dia 13 - Soja Saudavel Vaso 4,13.0,4.0,1,120.17,60976,91.93,1.2999999999999972,0.1,60946,61006,112.05,127.71,30
antes_dia_20,dia 13 - Soja Saudavel Vaso 4,13.0,4.0,1,120.42,60977,90.83,1.1000000000000085,0.1,60947,61007,112.3,128.11,30
antes_dia_20,dia 13 - Soja Saudavel Vaso 4,13.0,4.0,1,120.66,60978,89.89,0.9399999999999977,0.1,60948,61008,112.54,128.35,30
antes_dia_20,dia 13 - Soja Saudavel Vaso 4,13.0,4.0,1,120.91,60979,89.03,0.8599999999999994,0.1,60949,61009,112.79,128.6,30
antes_dia_20,dia 13 - Soja Saudavel Vaso 4,13.0,4.0,1,121.17,60980,88.19,0.8400000000000034,0.1,60950,61010,113.03,128.85,30
antes_dia_20,dia 13 - Soja Saudavel Vaso 4,13.0,4.0,1,121.42,60981,87.48,0.7099999999999937,0.1,60951,61011,113.28,129.15,30
antes_dia_20,dia 13 - Soja Saudavel Vaso 4,13.0,4.0,1,121.67,60982,86.82,0.6600000000000108,0.1,60952,61012,113.52,129.4,30
antes_dia_20,dia 13 - Soja Saudavel Vaso 4,13.0,4.0,1,121.91,60983,86.21,0.6099999999999994,0.1,60953,61013,113.77,129.64,30
antes_dia_20,dia 13 - Soja Saudavel Vaso 4,13.0,4.0,1,122.16,60984,85.65,0.5599999999999881,0.1,60954,61014,114.02,129.89,30
antes_dia_20,dia 13 - Soja Saudavel Vaso 4,13.0,4.0,1,122.46,60985,85.0,0.6500000000000057,0.1,60955,61015,114.31,130.15,30
antes_dia_20,dia 13 - Soja Saudavel Vaso 4,13.0,4.0,1,122.71,60986,84.51,0.4899999999999949,0.1,60956,61016,114.55,130.4,30
antes_dia_20,dia 13 - Soja Saudavel Vaso 4,13.0,4.0,1,122.95,60987,84.04,0.46999999999999886,0.1,60957,61017,114.8,130.65,30
antes_dia_20,dia 13 - Soja Saudavel Vaso 4,13.0,4.0,1,123.2,60988,83.61,0.4300000000000068,0.1,60958,61018,115.04,130.89,30
antes_dia_20,dia 13 - Soja Saudavel Vaso 4,13.0,4.0,1,123.45,60989,83.19,0.4200000000000017,0.1,60959,61019,115.33,131.15,30
antes_dia_20,dia 13 - Soja Saudavel Vaso 4,13.0,4.0,1,123.69,60990,82.8,0.39000000000000057,0.1,60960,61020,115.57,131.4,30
antes_dia_20,dia 13 - Soja Saudavel Vaso 4,13.0,4.0,1,123.94,60991,82.43,0.36999999999999034,0.1,60961,61021,115.82,131.65,30
antes_dia_20,dia 13 - Soja Saudavel Vaso 4,13.0,4.0,1,124.18,60992,82.08,0.3500000000000085,0.1,60962,61022,116.06,131.89,30
antes_dia_20,dia 13 - Soja Saudavel Vaso 4,13.0,4.0,1,124.43,60993,81.74,0.3400000000000034,0.1,60963,61023,116.31,132.14,30
antes_dia_20,dia 13 - Soja Saudavel Vaso 4,13.0,4.0,1,124.71,60994,81.37,0.36999999999999034,0.1,60964,61024,116.58,132.6,30
antes_dia_20,dia 13 - Soja Saudavel Vaso 4,13.0,4.0,1,124.97,60995,81.06,0.3100000000000023,0.1,60965,61025,116.83,133.16,30
antes_dia_20,dia 13 - Soja Saudavel Vaso 4,13.0,4.0,1,125.21,60996,80.77,0.29000000000000625,0.1,60966,61026,117.07,133.57,30
antes_dia_20,dia 13 - Soja Saudavel Vaso 4,13.0,4.0,1,125.46,60997,80.5,0.269999999999996,0.1,60967,61027,117.32,133.81,30
antes_dia_20,dia 13 - Soja Saudavel Vaso 4,13.0,4.0,1,125.71,60998,80.23,0.269999999999996,0.1,60968,61028,117.72,134.06,30
antes_dia_20,dia 13 - Soja Saudavel Vaso 4,13.0,4.0,1,125.96,60999,79.99,0.2400000000000091,0.1,60969,61029,118.27,134.3,30
antes_dia_20,dia 13 - Soja Saudavel Vaso 4,13.0,4.0,1,126.2,61000,79.75,0.23999999999999488,0.1,60970,61030,118.68,134.55,30
antes_dia_20,dia 13 - Soja Saudavel Vaso 4,13.0,4.0,1,126.45,61001,79.53,0.21999999999999886,0.1,60971,61031,118.94,134.8,30
antes_dia_20,dia 13 - Soja Saudavel Vaso 4,13.0,4.0,1,126.71,61002,79.31,0.21999999999999886,0.1,60972,61032,119.18,135.04,30
antes_dia_20,dia 13 - Soja Saudavel Vaso 4,13.0,4.0,1,126.97,61003,79.09,0.21999999999999886,0.1,60973,61033,119.42,135.29,30
antes_dia_20,dia 13 - Soja Saudavel Vaso 4,13.0,4.0,1,127.21,61004,78.9,0.18999999999999773,0.1,60974,61034,119.67,135.54,30
antes_dia_20,dia 13 - Soja Saudavel Vaso 4,13.0,4.0,1,127.46,61005,78.71,0.19000000000001194,0.1,60975,61035,119.93,135.82,30
antes_dia_20,dia 13 - Soja Saudavel Vaso 4,13.0,4.0,1,127.71,61006,78.54,0.1699999999999875,0.1,60976,61036,120.17,136.07,30
antes_dia_20,dia 13 - Soja Saudavel Vaso 4,13.0,4.0,1,128.11,61007,78.26,0.28000000000000114,0.1,60977,61037,120.42,136.31,30
antes_dia_20,dia 13 - Soja Saudavel Vaso 4,13.0,4.0,1,128.35,61008,78.11,0.15000000000000568,0.1,60978,61038,120.66,136.56,30
antes_dia_20,dia 13 - Soja Saudavel Vaso 4,13.0,4.0,1,128.6,61009,77.96,0.15000000000000568,0.1,60979,61039,120.91,136.87,30
antes_dia_20,dia 13 - Soja Saudavel Vaso 4,13.0,4.0,1,128.85,61010,77.82,0.14000000000000057,0.1,60980,61040,121.17,137.11,30
antes_dia_20,dia 13 - Soja Saudavel Vaso 4,13.0,4.0,1,129.15,61011,77.66,0.1599999999999966,0.1,60981,61041,121.42,137.36,30
antes_dia_20,dia 13 - Soja Saudavel Vaso 4,13.0,4.0,1,129.4,61012,77.53,0.12999999999999545,0.1,60982,61042,121.67,137.6,30
antes_dia_20,dia 13 - Soja Saudavel Vaso 4,13.0,4.0,1,129.64,61013,77.41,0.12000000000000455,0.1,60983,61043,121.91,137.85,30
antes_dia_20,dia 13 - Soja Saudavel Vaso 4,13.0,4.0,1,129.89,61014,77.29,0.11999999999999034,0.1,60984,61044,122.16,138.1,30
antes_dia_20,dia 13 - Soja Saudavel Vaso 4,13.0,4.0,1,130.15,61015,77.18,0.10999999999999943,0.1,60985,61045,122.46,138.35,30
antes_dia_20,dia 13 - Soja Saudavel Vaso 4,13.0,4.0,1,130.4,61016,77.07,0.11000000000001364,0.1,60986,61046,122.71,138.59,30
antes_dia_20,dia 13 - Soja Saudavel Vaso 4,13.0,4.0,1,132.6,61024,76.31,0.12999999999999545,0.1,60994,61054,124.71,140.66,30
antes_dia_20,dia 13 - Soja Saudavel Vaso 4,13.0,4.0,1,133.16,61025,76.16,0.15000000000000568,0.1,60995,61055,124.97,140.91,30
antes_dia_20,dia 13 - Soja Saudavel Vaso 4,13.0,4.0,1,134.55,61030,77.3,1.4099999999999966,0.1,61000,61060,126.2,142.16,30
antes_dia_20,dia 13 - Soja Saudavel Vaso 4,13.0,4.0,1,134.8,61031,79.47,2.1700000000000017,0.1,61001,61061,126.45,142.41,30
antes_dia_20,dia 13 - Soja Saudavel Vaso 4,13.0,4.0,1,135.04,61032,81.31,1.8400000000000034,0.1,61002,61062,126.71,142.66,30
antes_dia_20,dia 13 - Soja Saudavel Vaso 4,13.0,4.0,1,135.29,61033,82.98,1.6700000000000017,0.1,61003,61063,126.97,142.91,30
antes_dia_20,dia 13 - Soja Saudavel Vaso 4,13.0,4.0,1,135.54,61034,84.5,1.519999999999996,0.1,61004,61064,127.21,143.15,30
antes_dia_20,dia 13 - Soja Saudavel Vaso 4,13.0,4.0,1,135.82,61035,86.06,1.5600000000000023,0.1,61005,61065,127.46,143.46,30
antes_dia_20,dia 13 - Soja Saudavel Vaso 4,13.0,4.0,1,136.07,61036,87.25,1.1899999999999977,0.1,61006,61066,127.71,143.71,30
antes_dia_20,dia 13 - Soja Saudavel Vaso 4,13.0,4.0,1,136.31,61037,88.33,1.0799999999999983,0.1,61007,61067,128.11,143.95,30
antes_dia_20,dia 13 - Soja Saudavel Vaso 4,13.0,4.0,1,136.56,61038,89.29,0.960000000000008,0.1,61008,61068,128.35,144.2,30
antes_dia_20,dia 13 - Soja Saudavel Vaso 4,13.0,4.0,1,136.87,61039,90.33,1.039999999999992,0.1,61009,61069,128.6,144.45,30
antes_dia_20,dia 13 - Soja Saudavel Vaso 4,13.0,4.0,1,137.11,61040,91.03,0.7000000000000028,0.1,61010,61070,128.85,144.7,30
antes_dia_20,dia 13 - Soja Saudavel Vaso 4,13.0,4.0,1,137.36,61041,91.64,0.6099999999999994,0.1,61011,61071,129.15,144.94,30
antes_dia_20,dia 13 - Soja Saudavel Vaso 4,13.0,4.0,1,137.6,61042,92.14,0.5,0.1,61012,61072,129.4,145.19,30
antes_dia_20,dia 13 - Soja Saudavel Vaso 4,13.0,4.0,1,137.85,61043,92.56,0.4200000000000017,0.1,61013,61073,129.64,145.44,30
antes_dia_20,dia 13 - Soja Saudavel Vaso 4,13.0,4.0,1,138.1,61044,92.88,0.3199999999999932,0.1,61014,61074,129.89,145.73,30
antes_dia_20,dia 13 - Soja Saudavel Vaso 4,13.0,4.0,1,138.35,61045,93.11,0.23000000000000398,0.1,61015,61075,130.15,145.97,30
antes_dia_20,dia 13 - Soja Saudavel Vaso 4,13.0,4.0,1,138.59,61046,93.27,0.1599999999999966,0.1,61016,61076,130.4,146.22,30
antes_dia_20,dia 13 - Soja Saudavel Vaso 4,13.0,4.0,1,138.85,61047,93.38,0.10999999999999943,0.1,61017,61077,130.65,146.47,30
antes_dia_20,dia 13 - Soja Saudavel Vaso 4,13.0,4.0,1,554.51,62611,93.4,0.1599999999999966,0.1,62581,62641,546.16,562.08,30
antes_dia_20,dia 13 - Soja Saudavel Vaso 4,13.0,4.0,1,554.76,62612,92.69,0.710000000000008,0.1,62582,62642,546.4,562.32,30
antes_dia_20,dia 13 - Soja Saudavel Vaso 4,13.0,4.0,1,555.01,62613,92.28,0.4099999999999966,0.1,62583,62643,546.65,562.57,30
antes_dia_20,dia 13 - Soja Saudavel Vaso 4,13.0,4.0,1,555.26,62614,92.01,0.269999999999996,0.1,62584,62644,546.9,562.83,30
antes_dia_20,dia 13 - Soja Saudavel Vaso 4,13.0,4.0,1,555.5,62615,91.83,0.18000000000000682,0.1,62585,62645,547.15,563.09,30
antes_dia_20,dia 13 - Soja Saudavel Vaso 4,13.0,4.0,1,555.75,62616,91.71,0.12000000000000455,0.1,62586,62646,547.4,563.34,30
antes_dia_20,dia 13 - Soja Saudavel Vaso 5,13.0,5.0,1,299.99,63335,93.07,0.5,0.1,63305,63365,291.79,307.6,30
antes_dia_20,dia 13 - Soja Saudavel Vaso 5,13.0,5.0,1,300.24,63336,91.99,1.0799999999999983,0.1,63306,63366,292.04,307.85,30
antes_dia_20,dia 13 - Soja Saudavel Vaso 5,13.0,5.0,1,300.54,63337,90.81,1.1799999999999926,0.1,63307,63367,292.28,308.25,30
antes_dia_20,dia 13 - Soja Saudavel Vaso 5,13.0,5.0,1,300.79,63338,89.93,0.8799999999999955,0.1,63308,63368,292.53,308.81,30
antes_dia_20,dia 13 - Soja Saudavel Vaso 5,13.0,5.0,1,301.04,63339,89.11,0.8200000000000074,0.1,63309,63369,292.83,309.23,30
antes_dia_20,dia 13 - Soja Saudavel Vaso 5,13.0,5.0,1,301.28,63340,88.35,0.7600000000000051,0.1,63310,63370,293.07,309.49,30
antes_dia_20,dia 13 - Soja Saudavel Vaso 5,13.0,5.0,1,301.53,63341,87.62,0.7299999999999898,0.1,63311,63371,293.48,309.74,30
antes_dia_20,dia 13 - Soja Saudavel Vaso 5,13.0,5.0,1,301.77,63342,86.92,0.7000000000000028,0.1,63312,63372,294.04,309.98,30
antes_dia_20,dia 13 - Soja Saudavel Vaso 5,13.0,5.0,1,302.02,63343,86.27,0.6500000000000057,0.1,63313,63373,294.45,310.23,30
antes_dia_20,dia 13 - Soja Saudavel Vaso 5,13.0,5.0,1,302.26,63344,85.64,0.6299999999999955,0.1,63314,63374,294.69,310.54,30
antes_dia_20,dia 13 - Soja Saudavel Vaso 5,13.0,5.0,1,302.52,63345,85.03,0.6099999999999994,0.1,63315,63375,294.94,310.79,30
antes_dia_20,dia 13 - Soja Saudavel Vaso 5,13.0,5.0,1,302.8,63346,84.35,0.6800000000000068,0.1,63316,63376,295.19,311.03,30
antes_dia_20,dia 13 - Soja Saudavel Vaso 5,13.0,5.0,1,303.05,63347,83.79,0.5599999999999881,0.1,63317,63377,295.43,311.28,30
antes_dia_20,dia 13 - Soja Saudavel Vaso 5,13.0,5.0,1,303.29,63348,83.26,0.5300000000000011,0.1,63318,63378,295.68,311.53,30
antes_dia_20,dia 13 - Soja Saudavel Vaso 5,13.0,5.0,1,303.54,63349,82.74,0.5200000000000102,0.1,63319,63379,295.94,311.77,30
antes_dia_20,dia 13 - Soja Saudavel Vaso 5,13.0,5.0,1,303.82,63350,82.18,0.5599999999999881,0.1,63320,63380,296.21,312.02,30
antes_dia_20,dia 13 - Soja Saudavel Vaso 5,13.0,5.0,1,304.06,63351,81.7,0.480000000000004,0.1,63321,63381,296.45,312.27,30
antes_dia_20,dia 13 - Soja Saudavel Vaso 5,13.0,5.0,1,304.31,63352,81.23,0.46999999999999886,0.1,63322,63382,296.7,312.52,30
antes_dia_20,dia 13 - Soja Saudavel Vaso 5,13.0,5.0,1,304.56,63353,80.79,0.4399999999999977,0.1,63323,63383,296.95,312.8,30
antes_dia_20,dia 13 - Soja Saudavel Vaso 5,13.0,5.0,1,304.81,63354,80.34,0.45000000000000284,0.1,63324,63384,297.25,313.05,30
antes_dia_20,dia 13 - Soja Saudavel Vaso 5,13.0,5.0,1,305.06,63355,79.91,0.4300000000000068,0.1,63325,63385,297.5,313.29,30
antes_dia_20,dia 13 - Soja Saudavel Vaso 5,13.0,5.0,1,305.3,63356,79.51,0.3999999999999915,0.1,63326,63386,297.74,313.54,30
antes_dia_20,dia 13 - Soja Saudavel Vaso 5,13.0,5.0,1,305.55,63357,79.12,0.39000000000000057,0.1,63327,63387,297.99,313.85,30
antes_dia_20,dia 13 - Soja Saudavel Vaso 5,13.0,5.0,1,305.8,63358,78.73,0.39000000000000057,0.1,63328,63388,298.24,314.09,30
antes_dia_20,dia 13 - Soja Saudavel Vaso 5,13.0,5.0,1,306.1,63359,78.27,0.46000000000000796,0.1,63329,63389,298.48,314.34,30
antes_dia_20,dia 13 - Soja Saudavel Vaso 5,13.0,5.0,1,306.35,63360,77.91,0.35999999999999943,0.1,63330,63390,298.73,314.59,30
antes_dia_20,dia 13 - Soja Saudavel Vaso 5,13.0,5.0,1,306.6,63361,77.57,0.3400000000000034,0.1,63331,63391,298.97,314.84,30
antes_dia_20,dia 13 - Soja Saudavel Vaso 5,13.0,5.0,1,306.84,63362,77.24,0.3299999999999983,0.1,63332,63392,299.23,315.08,30
antes_dia_20,dia 13 - Soja Saudavel Vaso 5,13.0,5.0,1,307.11,63363,76.88,0.35999999999999943,0.1,63333,63393,299.5,315.33,30
antes_dia_20,dia 13 - Soja Saudavel Vaso 5,13.0,5.0,1,307.36,63364,76.57,0.3100000000000023,0.1,63334,63394,299.75,315.57,30
antes_dia_20,dia 13 - Soja Saudavel Vaso 5,13.0,5.0,1,307.6,63365,76.27,0.29999999999999716,0.1,63335,63395,299.99,315.83,30
antes_dia_20,dia 13 - Soja Saudavel Vaso 5,13.0,5.0,1,307.85,63366,75.97,0.29999999999999716,0.1,63336,63396,300.24,316.11,30
antes_dia_20,dia 13 - Soja Saudavel Vaso 5,13.0,5.0,1,308.25,63367,77.25,1.2800000000000011,0.1,63337,63397,300.54,316.35,30
antes_dia_20,dia 13 - Soja Saudavel Vaso 5,13.0,5.0,1,308.81,63368,81.66,4.409999999999997,0.1,63338,63398,300.79,316.6,30
antes_dia_20,dia 13 - Soja Saudavel Vaso 5,13.0,5.0,1,309.23,63369,84.25,2.5900000000000034,0.1,63339,63399,301.04,316.84,30
antes_dia_20,dia 13 - Soja Saudavel Vaso 5,13.0,5.0,1,309.49,63370,85.8,1.5499999999999972,0.1,63340,63400,301.28,317.11,30
antes_dia_20,dia 13 - Soja Saudavel Vaso 5,13.0,5.0,1,309.74,63371,87.05,1.25,0.1,63341,63401,301.53,317.36,30
antes_dia_20,dia 13 - Soja Saudavel Vaso 5,13.0,5.0,1,309.98,63372,88.17,1.1200000000000045,0.1,63342,63402,301.77,317.61,30
antes_dia_20,dia 13 - Soja Saudavel Vaso 5,13.0,5.0,1,310.23,63373,89.16,0.9899999999999949,0.1,63343,63403,302.02,317.85,30
antes_dia_20,dia 13 - Soja Saudavel Vaso 5,13.0,5.0,1,310.54,63374,90.25,1.0900000000000034,0.1,63344,63404,302.26,318.11,30
antes_dia_20,dia 13 - Soja Saudavel Vaso 5,13.0,5.0,1,310.79,63375,90.99,0.7399999999999949,0.1,63345,63405,302.52,318.37,30
antes_dia_20,dia 13 - Soja Saudavel Vaso 5,13.0,5.0,1,311.03,63376,91.62,0.6300000000000097,0.1,63346,63406,302.8,318.62,30
antes_dia_20,dia 13 - Soja Saudavel Vaso 5,13.0,5.0,1,311.28,63377,92.14,0.519999999999996,0.1,63347,63407,303.05,318.86,30
antes_dia_20,dia 13 - Soja Saudavel Vaso 5,13.0,5.0,1,311.53,63378,92.57,0.4299999999999926,0.1,63348,63408,303.29,319.11,30
antes_dia_20,dia 13 - Soja Saudavel Vaso 5,13.0,5.0,1,311.77,63379,92.89,0.3200000000000074,0.1,63349,63409,303.54,319.42,30
antes_dia_20,dia 13 - Soja Saudavel Vaso 5,13.0,5.0,1,312.02,63380,93.13,0.23999999999999488,0.1,63350,63410,303.82,319.66,30
antes_dia_20,dia 13 - Soja Saudavel Vaso 5,13.0,5.0,1,312.27,63381,93.29,0.1600000000000108,0.1,63351,63411,304.06,319.91,30
antes_dia_20,dia 19 - Soja Saudavel Vaso 2,19.0,2.0,1,105.96,66261,77.1,0.37999999999999545,0.1,66231,66291,97.2,114.76,30
antes_dia_20,dia 19 - Soja Saudavel Vaso 2,19.0,2.0,1,106.22,66262,78.27,1.1700000000000017,0.1,66232,66292,97.55,115.02,30
antes_dia_20,dia 19 - Soja Saudavel Vaso 2,19.0,2.0,1,106.48,66263,79.37,1.1000000000000085,0.1,66233,66293,97.82,115.31,30
antes_dia_20,dia 19 - Soja Saudavel Vaso 2,19.0,2.0,1,106.74,66264,80.38,1.009999999999991,0.1,66234,66294,98.07,115.62,30
antes_dia_20,dia 19 - Soja Saudavel Vaso 2,19.0,2.0,1,107.0,66265,81.36,0.980000000000004,0.1,66235,66295,98.34,115.94,30
antes_dia_20,dia 19 - Soja Saudavel Vaso 2,19.0,2.0,1,107.32,66266,82.54,1.1800000000000068,0.1,66236,66296,98.6,116.29,30
antes_dia_20,dia 19 - Soja Saudavel Vaso 2,19.0,2.0,1,107.73,66267,83.99,1.4499999999999886,0.1,66237,66297,98.86,116.61,30
antes_dia_20,dia 19 - Soja Saudavel Vaso 2,19.0,2.0,1,108.19,66268,85.56,1.5700000000000074,0.1,66238,66298,99.14,116.94,30
antes_dia_20,dia 19 - Soja Saudavel Vaso 2,19.0,2.0,1,108.46,66269,86.42,0.8599999999999994,0.1,66239,66299,99.45,117.27,30
antes_dia_20,dia 19 - Soja Saudavel Vaso 2,19.0,2.0,1,108.76,66270,87.39,0.9699999999999989,0.1,66240,66300,99.78,117.54,30
antes_dia_20,dia 19 - Soja Saudavel Vaso 2,19.0,2.0,1,109.08,66271,88.33,0.9399999999999977,0.1,66241,66301,100.11,117.81,30
antes_dia_20,dia 19 - Soja Saudavel Vaso 2,19.0,2.0,1,109.39,66272,89.18,0.8500000000000085,0.1,66242,66302,100.42,118.08,30
antes_dia_20,dia 19 - Soja Saudavel Vaso 2,19.0,2.0,1,109.65,66273,89.86,0.6799999999999926,0.1,66243,66303,100.72,118.35,30
antes_dia_20,dia 19 - Soja Saudavel Vaso 2,19.0,2.0,1,109.92,66274,90.49,0.6299999999999955,0.1,66244,66304,101.04,118.62,30
antes_dia_20,dia 19 - Soja Saudavel Vaso 2,19.0,2.0,1,110.19,66275,91.05,0.5600000000000023,0.1,66245,66305,101.39,118.89,30
antes_dia_20,dia 19 - Soja Saudavel Vaso 2,19.0,2.0,1,110.45,66276,91.57,0.519999999999996,0.1,66246,66306,101.66,119.16,30
antes_dia_20,dia 19 - Soja Saudavel Vaso 2,19.0,2.0,1,110.72,66277,92.03,0.46000000000000796,0.1,66247,66307,101.93,119.46,30
antes_dia_20,dia 19 - Soja Saudavel Vaso 2,19.0,2.0,1,110.99,66278,92.42,0.39000000000000057,0.1,66248,66308,102.2,119.76,30
antes_dia_20,dia 19 - Soja Saudavel Vaso 2,19.0,2.0,1,111.27,66279,92.74,0.3199999999999932,0.1,66249,66309,102.48,120.09,30
antes_dia_20,dia 19 - Soja Saudavel Vaso 2,19.0,2.0,1,111.55,66280,93.0,0.2600000000000051,0.1,66250,66310,102.74,120.44,30
antes_dia_20,dia 19 - Soja Saudavel Vaso 2,19.0,2.0,1,111.87,66281,93.23,0.23000000000000398,0.1,66251,66311,103.01,120.73,30
antes_dia_20,dia 19 - Soja Saudavel Vaso 2,19.0,2.0,1,112.19,66282,93.4,0.1700000000000017,0.1,66252,66312,103.28,121.07,30
antes_dia_20,dia 19 - Soja Saudavel Vaso 2,19.0,2.0,1,112.49,66283,93.51,0.10999999999999943,0.1,66253,66313,103.58,121.38,30
antes_dia_20,dia 19 - Soja Saudavel Vaso 3,19.0,3.0,1,80.61,67536,92.99,0.3199999999999932,0.1,67535,67566,80.29,89.5,30
antes_dia_20,dia 19 - Soja Saudavel Vaso 3,19.0,3.0,1,80.92,67537,93.21,0.21999999999999886,0.1,67535,67567,80.29,89.77,30
antes_dia_20,dia 19 - Soja Saudavel Vaso 3,19.0,3.0,1,81.25,67538,93.39,0.18000000000000682,0.1,67535,67568,80.29,90.04,30
antes_dia_20,dia 19 - Soja Saudavel Vaso 3,19.0,3.0,1,81.58,67539,93.51,0.12000000000000455,0.1,67535,67569,80.29,90.31,30
antes_dia_20,dia 19 - Soja Saudavel Vaso 4,19.0,4.0,1,80.9,68804,91.0,0.7600000000000051,0.1,68803,68834,80.54,90.27,30
antes_dia_20,dia 19 - Soja Saudavel Vaso 4,19.0,4.0,1,81.23,68805,91.61,0.6099999999999994,0.1,68803,68835,80.54,90.57,30
antes_dia_20,dia 19 - Soja Saudavel Vaso 4,19.0,4.0,1,81.54,68806,92.1,0.4899999999999949,0.1,68803,68836,80.54,90.94,30
antes_dia_20,dia 19 - Soja Saudavel Vaso 4,19.0,4.0,1,81.89,68807,92.54,0.44000000000001194,0.1,68803,68837,80.54,91.28,30
antes_dia_20,dia 19 - Soja Saudavel Vaso 4,19.0,4.0,1,82.24,68808,92.91,0.36999999999999034,0.1,68803,68838,80.54,91.57,30
antes_dia_20,dia 19 - Soja Saudavel Vaso 4,19.0,4.0,1,82.58,68809,93.17,0.2600000000000051,0.1,68803,68839,80.54,91.86,30
antes_dia_20,dia 19 - Soja Saudavel Vaso 4,19.0,4.0,1,82.86,68810,93.33,0.1599999999999966,0.1,68803,68840,80.54,92.14,30
antes_dia_20,dia 19 - Soja Saudavel Vaso 4,19.0,4.0,1,83.15,68811,93.46,0.12999999999999545,0.1,68803,68841,80.54,92.42,30
antes_dia_20,dia 19 - Soja Saudavel Vaso 5,19.0,5.0,1,121.99,70098,93.46,0.2600000000000051,0.1,70068,70128,112.44,131.47,30
antes_dia_20,dia 19 - Soja Saudavel Vaso 5,19.0,5.0,1,122.27,70099,91.88,1.5799999999999983,0.1,70069,70129,112.73,131.75,30
antes_dia_20,dia 19 - Soja Saudavel Vaso 5,19.0,5.0,1,122.55,70100,90.61,1.269999999999996,0.1,70070,70130,113.01,132.03,30
antes_dia_20,dia 19 - Soja Saudavel Vaso 5,19.0,5.0,1,122.83,70101,89.62,0.9899999999999949,0.1,70071,70131,113.29,132.31,30
antes_dia_20,dia 19 - Soja Saudavel Vaso 5,19.0,5.0,1,123.11,70102,88.71,0.9100000000000108,0.1,70072,70132,113.57,132.62,30
antes_dia_20,dia 19 - Soja Saudavel Vaso 5,19.0,5.0,1,123.44,70103,87.78,0.9299999999999926,0.1,70073,70133,113.85,132.97,30
antes_dia_20,dia 19 - Soja Saudavel Vaso 5,19.0,5.0,1,123.8,70104,86.82,0.960000000000008,0.1,70074,70134,114.16,133.33,30
antes_dia_20,dia 19 - Soja Saudavel Vaso 5,19.0,5.0,1,124.16,70105,85.94,0.8799999999999955,0.1,70075,70135,114.52,133.68,30
antes_dia_20,dia 19 - Soja Saudavel Vaso 5,19.0,5.0,1,124.51,70106,85.12,0.8199999999999932,0.1,70076,70136,114.88,134.01,30
antes_dia_20,dia 19 - Soja Saudavel Vaso 5,19.0,5.0,1,124.83,70107,84.41,0.710000000000008,0.1,70077,70137,115.22,134.35,30
antes_dia_20,dia 19 - Soja Saudavel Vaso 5,19.0,5.0,1,125.16,70108,83.67,0.7399999999999949,0.1,70078,70138,115.53,134.68,30
antes_dia_20,dia 19 - Soja Saudavel Vaso 5,19.0,5.0,1,125.5,70109,82.94,0.730000000000004,0.1,70079,70139,115.85,135.07,30
antes_dia_20,dia 19 - Soja Saudavel Vaso 5,19.0,5.0,1,125.89,70110,82.17,0.769999999999996,0.1,70080,70140,116.19,135.35,30
antes_dia_20,dia 19 - Soja Saudavel Vaso 5,19.0,5.0,1,126.16,70111,81.62,0.5499999999999972,0.1,70081,70141,116.64,135.63,30
antes_dia_20,dia 19 - Soja Saudavel Vaso 5,19.0,5.0,1,126.45,70112,81.1,0.5200000000000102,0.1,70082,70142,116.98,135.91,30
antes_dia_20,dia 19 - Soja Saudavel Vaso 5,19.0,5.0,1,126.73,70113,80.59,0.5099999999999909,0.1,70083,70143,117.26,136.19,30
antes_dia_20,dia 19 - Soja Saudavel Vaso 5,19.0,5.0,1,127.01,70114,80.06,0.5300000000000011,0.1,70084,70144,117.54,136.47,30
antes_dia_20,dia 19 - Soja Saudavel Vaso 5,19.0,5.0,1,127.29,70115,79.55,0.5100000000000051,0.1,70085,70145,117.81,136.85,30
antes_dia_20,dia 19 - Soja Saudavel Vaso 5,19.0,5.0,1,127.58,70116,79.03,0.519999999999996,0.1,70086,70146,118.08,137.18,30
antes_dia_20,dia 19 - Soja Saudavel Vaso 5,19.0,5.0,1,127.85,70117,78.53,0.5,0.1,70087,70147,118.35,137.52,30
antes_dia_20,dia 19 - Soja Saudavel Vaso 5,19.0,5.0,1,128.18,70118,77.98,0.5499999999999972,0.1,70088,70148,118.65,137.89,30
antes_dia_20,dia 19 - Soja Saudavel Vaso 5,19.0,5.0,1,128.52,70119,77.43,0.5499999999999972,0.1,70089,70149,118.97,138.25,30
antes_dia_20,dia 19 - Soja Saudavel Vaso 5,19.0,5.0,1,128.85,70120,76.88,0.5500000000000114,0.1,70090,70150,119.32,138.57,30
antes_dia_20,dia 19 - Soja Saudavel Vaso 5,19.0,5.0,1,129.24,70121,76.23,0.6499999999999915,0.1,70091,70151,119.67,138.91,30
antes_dia_20,dia 19 - Soja Saudavel Vaso 5,19.0,5.0,1,129.55,70122,75.72,0.5100000000000051,0.1,70092,70152,120.03,139.24,30
antes_dia_20,dia 19 - Soja Saudavel Vaso 5,19.0,5.0,1,129.91,70123,75.17,0.5499999999999972,0.1,70093,70153,120.35,139.63,30
antes_dia_20,dia 19 - Soja Saudavel Vaso 5,19.0,5.0,1,130.26,70124,74.63,0.5400000000000063,0.1,70094,70154,120.7,139.91,30
antes_dia_20,dia 19 - Soja Saudavel Vaso 5,19.0,5.0,1,130.65,70125,74.05,0.5799999999999983,0.1,70095,70155,121.06,140.19,30
antes_dia_20,dia 19 - Soja Saudavel Vaso 5,19.0,5.0,1,130.93,70126,73.63,0.4200000000000017,0.1,70096,70156,121.44,140.47,30
antes_dia_20,dia 19 - Soja Saudavel Vaso 5,19.0,5.0,1,131.2,70127,73.22,0.4099999999999966,0.1,70097,70157,121.71,140.78,30
antes_dia_20,dia 19 - Soja Saudavel Vaso 5,19.0,5.0,1,131.47,70128,72.82,0.4000000000000057,0.1,70098,70158,121.99,141.07,30
antes_dia_20,dia 19 - Soja Saudavel Vaso 5,19.0,5.0,1,131.75,70129,72.43,0.38999999999998636,0.1,70099,70159,122.27,141.36,30
antes_dia_20,dia 19 - Soja Saudavel Vaso 5,19.0,5.0,1,132.03,70130,72.03,0.4000000000000057,0.1,70100,70160,122.55,141.66,30
antes_dia_20,dia 19 - Soja Saudavel Vaso 5,19.0,5.0,1,132.31,70131,71.63,0.4000000000000057,0.1,70101,70161,122.83,141.99,30
antes_dia_20,dia 19 - Soja Saudavel Vaso 5,19.0,5.0,1,132.62,70132,71.18,0.44999999999998863,0.1,70102,70162,123.11,142.34,30
antes_dia_20,dia 19 - Soja Saudavel Vaso 5,19.0,5.0,1,132.97,70133,70.68,0.5,0.1,70103,70163,123.44,142.7,30
antes_dia_20,dia 19 - Soja Saudavel Vaso 5,19.0,5.0,1,133.33,70134,70.19,0.4900000000000091,0.1,70104,70164,123.8,143.07,30
antes_dia_20,dia 19 - Soja Saudavel Vaso 5,19.0,5.0,1,133.68,70135,69.7,0.4899999999999949,0.1,70105,70165,124.16,143.41,30
antes_dia_20,dia 19 - Soja Saudavel Vaso 5,19.0,5.0,1,134.01,70136,69.27,0.4300000000000068,0.1,70106,70166,124.51,143.77,30
antes_dia_20,dia 19 - Soja Saudavel Vaso 5,19.0,5.0,1,134.35,70137,68.83,0.4399999999999977,0.1,70107,70167,124.83,144.13,30
antes_dia_20,dia 19 - Soja Saudavel Vaso 5,19.0,5.0,1,134.68,70138,68.39,0.4399999999999977,0.1,70108,70168,125.16,144.47,30
antes_dia_20,dia 19 - Soja Saudavel Vaso 5,19.0,5.0,1,135.07,70139,67.9,0.4899999999999949,0.1,70109,70169,125.5,144.76,30
antes_dia_20,dia 19 - Soja Saudavel Vaso 5,19.0,5.0,1,135.35,70140,67.56,0.3400000000000034,0.1,70110,70170,125.89,145.04,30
antes_dia_20,dia 19 - Soja Saudavel Vaso 5,19.0,5.0,1,135.63,70141,67.67,0.10999999999999943,0.1,70111,70171,126.16,145.33,30
antes_dia_20,dia 19 - Soja Saudavel Vaso 5,19.0,5.0,1,135.91,70142,68.88,1.2099999999999937,0.1,70112,70172,126.45,145.61,30
antes_dia_20,dia 19 - Soja Saudavel Vaso 5,19.0,5.0,1,136.19,70143,69.97,1.0900000000000034,0.1,70113,70173,126.73,145.9,30
antes_dia_20,dia 19 - Soja Saudavel Vaso 5,19.0,5.0,1,136.47,70144,71.04,1.0700000000000074,0.1,70114,70174,127.01,146.21,30
antes_dia_20,dia 19 - Soja Saudavel Vaso 5,19.0,5.0,1,136.85,70145,72.43,1.3900000000000006,0.1,70115,70175,127.29,146.53,30
antes_dia_20,dia 19 - Soja Saudavel Vaso 5,19.0,5.0,1,137.18,70146,73.57,1.1399999999999864,0.1,70116,70176,127.58,146.88,30
antes_dia_20,dia 19 - Soja Saudavel Vaso 5,19.0,5.0,1,137.52,70147,74.73,1.1600000000000108,0.1,70117,70177,127.85,147.23,30
antes_dia_20,dia 19 - Soja Saudavel Vaso 5,19.0,5.0,1,137.89,70148,75.94,1.2099999999999937,0.1,70118,70178,128.18,147.61,30
antes_dia_20,dia 19 - Soja Saudavel Vaso 5,19.0,5.0,1,138.25,70149,77.1,1.1599999999999966,0.1,70119,70179,128.52,147.94,30
antes_dia_20,dia 19 - Soja Saudavel Vaso 5,19.0,5.0,1,138.57,70150,78.14,1.0400000000000063,0.1,70120,70180,128.85,148.28,30
antes_dia_20,dia 19 - Soja Saudavel Vaso 5,19.0,5.0,1,138.91,70151,79.23,1.0900000000000034,0.1,70121,70181,129.24,148.62,30
antes_dia_20,dia 19 - Soja Saudavel Vaso 5,19.0,5.0,1,139.24,70152,80.26,1.0300000000000011,0.1,70122,70182,129.55,149.01,30
antes_dia_20,dia 19 - Soja Saudavel Vaso 5,19.0,5.0,1,139.63,70153,81.45,1.1899999999999977,0.1,70123,70183,129.91,149.31,30
antes_dia_20,dia 19 - Soja Saudavel Vaso 5,19.0,5.0,1,139.91,70154,82.3,0.8499999999999943,0.1,70124,70184,130.26,149.6,30
antes_dia_20,dia 19 - Soja Saudavel Vaso 5,19.0,5.0,1,140.19,70155,83.14,0.8400000000000034,0.1,70125,70185,130.65,149.89,30
antes_dia_20,dia 19 - Soja Saudavel Vaso 5,19.0,5.0,1,140.47,70156,83.97,0.8299999999999983,0.1,70126,70186,130.93,150.18,30
antes_dia_20,dia 19 - Soja Saudavel Vaso 5,19.0,5.0,1,140.78,70157,84.87,0.9000000000000057,0.1,70127,70187,131.2,150.46,30
antes_dia_20,dia 19 - Soja Saudavel Vaso 5,19.0,5.0,1,141.07,70158,85.7,0.8299999999999983,0.1,70128,70188,131.47,150.78,30
antes_dia_20,dia 19 - Soja Saudavel Vaso 5,19.0,5.0,1,141.36,70159,86.51,0.8100000000000023,0.1,70129,70189,131.75,151.14,30
antes_dia_20,dia 19 - Soja Saudavel Vaso 5,19.0,5.0,1,141.66,70160,87.32,0.8099999999999881,0.1,70130,70190,132.03,151.47,30
antes_dia_20,dia 19 - Soja Saudavel Vaso 5,19.0,5.0,1,141.99,70161,88.21,0.8900000000000006,0.1,70131,70191,132.31,151.84,30
antes_dia_20,dia 19 - Soja Saudavel Vaso 5,19.0,5.0,1,142.34,70162,89.09,0.8800000000000097,0.1,70132,70192,132.62,152.17,30
antes_dia_20,dia 19 - Soja Saudavel Vaso 5,19.0,5.0,1,142.7,70163,89.9,0.8100000000000023,0.1,70133,70193,132.97,152.49,30
antes_dia_20,dia 19 - Soja Saudavel Vaso 5,19.0,5.0,1,143.07,70164,90.67,0.769999999999996,0.1,70134,70194,133.33,152.82,30
antes_dia_20,dia 19 - Soja Saudavel Vaso 5,19.0,5.0,1,143.41,70165,91.29,0.6200000000000045,0.1,70135,70195,133.68,153.18,30
antes_dia_20,dia 19 - Soja Saudavel Vaso 5,19.0,5.0,1,143.77,70166,91.86,0.5699999999999932,0.1,70136,70196,134.01,153.54,30
antes_dia_20,dia 19 - Soja Saudavel Vaso 5,19.0,5.0,1,144.13,70167,92.33,0.46999999999999886,0.1,70137,70197,134.35,153.84,30
antes_dia_20,dia 19 - Soja Saudavel Vaso 5,19.0,5.0,1,144.47,70168,92.71,0.37999999999999545,0.1,70138,70198,134.68,154.13,30
antes_dia_20,dia 19 - Soja Saudavel Vaso 5,19.0,5.0,1,144.76,70169,92.97,0.2600000000000051,0.1,70139,70199,135.07,154.42,30
antes_dia_20,dia 19 - Soja Saudavel Vaso 5,19.0,5.0,1,145.04,70170,93.17,0.20000000000000284,0.1,70140,70200,135.35,154.71,30
antes_dia_20,dia 19 - Soja Saudavel Vaso 5,19.0,5.0,1,145.33,70171,93.32,0.14999999999999147,0.1,70141,70201,135.63,154.99,30
antes_dia_20,dia 19 - Soja Saudavel Vaso 5,19.0,5.0,1,145.61,70172,93.43,0.11000000000001364,0.1,70142,70202,135.91,155.4,30
