dataset,Coleta,Dia,Vaso,Classe,Tempo_evento,linha_global_evento,pressao_evento,delta_pressao,limiar_delta_pressao,linha_corte_inicio,linha_corte_fim,Tempo_corte_inicio,Tempo_corte_fim,janela_linhas
antes_dia_20,dia 11 - Soja Heterodera Vaso 6,11.0,6.0,0,299.98,670,93.04,0.5,0.1,640,700,292.33,308.28,30
antes_dia_20,dia 11 - Soja Heterodera Vaso 6,11.0,6.0,0,300.23,671,91.56,1.480000000000004,0.1,641,701,292.64,308.53,30
antes_dia_20,dia 11 - Soja Heterodera Vaso 6,11.0,6.0,0,300.5,672,90.19,1.3700000000000045,0.1,642,702,292.88,308.78,30
antes_dia_20,dia 11 - Soja Heterodera Vaso 6,11.0,6.0,0,300.75,673,89.13,1.0600000000000023,0.1,643,703,293.13,309.04,30
antes_dia_20,dia 11 - Soja Heterodera Vaso 6,11.0,6.0,0,301.0,674,88.18,0.9499999999999886,0.1,644,704,293.38,309.3,30
antes_dia_20,dia 11 - Soja Heterodera Vaso 6,11.0,6.0,0,301.25,675,87.34,0.8400000000000034,0.1,645,705,293.63,309.54,30
antes_dia_20,dia 11 - Soja Heterodera Vaso 6,11.0,6.0,0,301.55,676,86.38,0.960000000000008,0.1,646,706,293.88,309.79,30
antes_dia_20,dia 11 - Soja Heterodera Vaso 6,11.0,6.0,0,301.8,677,85.66,0.7199999999999989,0.1,647,707,294.13,310.04,30
antes_dia_20,dia 11 - Soja Heterodera Vaso 6,11.0,6.0,0,302.04,678,85.0,0.6599999999999966,0.1,648,708,294.38,310.34,30
antes_dia_20,dia 11 - Soja Heterodera Vaso 6,11.0,6.0,0,302.46,679,83.98,1.019999999999996,0.1,649,709,294.62,310.59,30
antes_dia_20,dia 11 - Soja Heterodera Vaso 6,11.0,6.0,0,303.02,680,82.71,1.2700000000000102,0.1,650,710,294.93,310.84,30
antes_dia_20,dia 11 - Soja Heterodera Vaso 6,11.0,6.0,0,303.43,681,81.88,0.8299999999999983,0.1,651,711,295.18,311.08,30
antes_dia_20,dia 11 - Soja Heterodera Vaso 6,11.0,6.0,0,303.74,682,81.31,0.5699999999999932,0.1,652,712,295.42,311.43,30
antes_dia_20,dia 11 - Soja Heterodera Vaso 6,11.0,6.0,0,303.98,683,80.87,0.4399999999999977,0.1,653,713,295.67,311.68,30
antes_dia_20,dia 11 - Soja Heterodera Vaso 6,11.0,6.0,0,304.23,684,80.44,0.4300000000000068,0.1,654,714,295.93,311.93,30
antes_dia_20,dia 11 - Soja Heterodera Vaso 6,11.0,6.0,0,304.48,685,80.05,0.39000000000000057,0.1,655,715,296.18,312.18,30
antes_dia_20,dia 11 - Soja Heterodera Vaso 6,11.0,6.0,0,304.73,686,79.66,0.39000000000000057,0.1,656,716,296.43,312.43,30
antes_dia_20,dia 11 - Soja Heterodera Vaso 6,11.0,6.0,0,304.98,687,79.29,0.36999999999999034,0.1,657,717,296.67,312.68,30
antes_dia_20,dia 11 - Soja Heterodera Vaso 6,11.0,6.0,0,305.23,688,78.93,0.35999999999999943,0.1,658,718,296.93,312.93,30
antes_dia_20,dia 11 - Soja Heterodera Vaso 6,11.0,6.0,0,305.48,689,78.59,0.3400000000000034,0.1,659,719,297.19,313.18,30
antes_dia_20,dia 11 - Soja Heterodera Vaso 6,11.0,6.0,0,305.73,690,78.26,0.3299999999999983,0.1,660,720,297.44,313.42,30
antes_dia_20,dia 11 - Soja Heterodera Vaso 6,11.0,6.0,0,306.0,691,77.91,0.3500000000000085,0.1,661,721,297.69,313.72,30
antes_dia_20,dia 11 - Soja Heterodera Vaso 6,11.0,6.0,0,306.24,692,77.61,0.29999999999999716,0.1,662,722,297.94,313.98,30
antes_dia_20,dia 11 - Soja Heterodera Vaso 6,11.0,6.0,0,306.49,693,77.33,0.28000000000000114,0.1,663,723,298.24,314.22,30
antes_dia_20,dia 11 - Soja Heterodera Vaso 6,11.0,6.0,0,306.74,694,77.05,0.28000000000000114,0.1,664,724,298.49,314.47,30
antes_dia_20,dia 11 - Soja Heterodera Vaso 6,11.0,6.0,0,307.04,695,76.71,0.3400000000000034,0.1,665,725,298.74,314.73,30
antes_dia_20,dia 11 - Soja Heterodera Vaso 6,11.0,6.0,0,307.29,696,76.46,0.25,0.1,666,726,298.98,314.98,30
antes_dia_20,dia 11 - Soja Heterodera Vaso 6,11.0,6.0,0,307.54,697,76.22,0.23999999999999488,0.1,667,727,299.23,315.22,30
antes_dia_20,dia 11 - Soja Heterodera Vaso 6,11.0,6.0,0,307.79,698,75.98,0.23999999999999488,0.1,668,728,299.48,315.47,30
antes_dia_20,dia 11 - Soja Heterodera Vaso 6,11.0,6.0,0,308.03,699,75.75,0.23000000000000398,0.1,669,729,299.73,315.72,30
antes_dia_20,dia 11 - Soja Heterodera Vaso 6,11.0,6.0,0,308.28,700,75.54,0.20999999999999375,0.1,670,730,299.98,315.98,30
antes_dia_20,dia 11 - Soja Heterodera Vaso 6,11.0,6.0,0,308.53,701,75.33,0.21000000000000796,0.1,671,731,300.23,316.23,30
antes_dia_20,dia 11 - Soja Heterodera Vaso 6,11.0,6.0,0,308.78,702,75.13,0.20000000000000284,0.1,672,732,300.5,316.46,30
antes_dia_20,dia 11 - Soja Heterodera Vaso 6,11.0,6.0,0,309.04,703,74.93,0.19999999999998863,0.1,673,733,300.75,316.69,30
antes_dia_20,dia 11 - Soja Heterodera Vaso 6,11.0,6.0,0,309.3,704,74.73,0.20000000000000284,0.1,674,734,301.0,316.92,30
antes_dia_20,dia 11 - Soja Heterodera Vaso 6,11.0,6.0,0,309.54,705,74.55,0.18000000000000682,0.1,675,735,301.25,317.16,30
antes_dia_20,dia 11 - Soja Heterodera Vaso 6,11.0,6.0,0,309.79,706,74.38,0.1700000000000017,0.1,676,736,301.55,317.39,30
antes_dia_20,dia 11 - Soja Heterodera Vaso 6,11.0,6.0,0,310.04,707,74.22,0.1599999999999966,0.1,677,737,301.8,317.78,30
antes_dia_20,dia 11 - Soja Heterodera Vaso 6,11.0,6.0,0,310.34,708,74.02,0.20000000000000284,0.1,678,738,302.04,318.32,30
antes_dia_20,dia 11 - Soja Heterodera Vaso 6,11.0,6.0,0,310.59,709,73.86,0.1599999999999966,0.1,679,739,302.46,318.71,30
antes_dia_20,dia 11 - Soja Heterodera Vaso 6,11.0,6.0,0,310.84,710,73.71,0.15000000000000568,0.1,680,740,303.02,318.94,30
antes_dia_20,dia 11 - Soja Heterodera Vaso 6,11.0,6.0,0,311.08,711,73.57,0.14000000000000057,0.1,681,741,303.43,319.17,30
antes_dia_20,dia 11 - Soja Heterodera Vaso 6,11.0,6.0,0,311.43,712,73.37,0.19999999999998863,0.1,682,742,303.74,319.41,30
antes_dia_20,dia 11 - Soja Heterodera Vaso 6,11.0,6.0,0,311.68,713,73.25,0.12000000000000455,0.1,683,743,303.98,319.65,30
antes_dia_20,dia 11 - Soja Heterodera Vaso 6,11.0,6.0,0,311.93,714,73.12,0.12999999999999545,0.1,684,744,304.23,319.88,30
antes_dia_20,dia 11 - Soja Heterodera Vaso 6,11.0,6.0,0,312.18,715,72.99,0.13000000000000966,0.1,685,745,304.48,320.11,30
antes_dia_20,dia 11 - Soja Heterodera Vaso 6,11.0,6.0,0,312.43,716,72.87,0.11999999999999034,0.1,686,746,304.73,320.34,30
antes_dia_20,dia 11 - Soja Heterodera Vaso 6,11.0,6.0,0,312.68,717,72.75,0.12000000000000455,0.1,687,747,304.98,320.58,30
antes_dia_20,dia 11 - Soja Heterodera Vaso 6,11.0,6.0,0,312.93,718,72.64,0.10999999999999943,0.1,688,748,305.23,320.81,30
antes_dia_20,dia 11 - Soja Heterodera Vaso 6,11.0,6.0,0,313.42,720,72.43,0.10999999999999943,0.1,690,750,305.73,321.27,30
antes_dia_20,dia 11 - Soja Heterodera Vaso 6,11.0,6.0,0,313.72,721,72.31,0.12000000000000455,0.1,691,751,306.0,321.5,30
antes_dia_20,dia 11 - Soja Heterodera Vaso 6,11.0,6.0,0,313.98,722,72.19,0.12000000000000455,0.1,692,752,306.24,321.74,30
antes_dia_20,dia 11 - Soja Heterodera Vaso 6,11.0,6.0,0,318.32,738,70.94,0.12000000000000455,0.1,708,768,310.34,325.51,30
antes_dia_20,dia 11 - Soja Heterodera Vaso 6,11.0,6.0,0,319.41,742,72.72,1.9599999999999937,0.1,712,772,311.43,326.44,30
antes_dia_20,dia 11 - Soja Heterodera Vaso 6,11.0,6.0,0,319.65,743,79.17,6.450000000000003,0.1,713,773,311.68,326.67,30
antes_dia_20,dia 11 - Soja Heterodera Vaso 6,11.0,6.0,0,319.88,744,84.02,4.849999999999994,0.1,714,774,311.93,326.9,30
antes_dia_20,dia 11 - Soja Heterodera Vaso 6,11.0,6.0,0,320.11,745,87.73,3.710000000000008,0.1,715,775,312.18,327.13,30
antes_dia_20,dia 11 - Soja Heterodera Vaso 6,11.0,6.0,0,320.34,746,90.44,2.7099999999999937,0.1,716,776,312.43,327.42,30
antes_dia_20,dia 11 - Soja Heterodera Vaso 6,11.0,6.0,0,320.58,747,92.23,1.7900000000000063,0.1,717,777,312.68,327.65,30
antes_dia_20,dia 11 - Soja Heterodera Vaso 6,11.0,6.0,0,320.81,748,93.18,0.9500000000000028,0.1,718,778,312.93,327.88,30
antes_dia_20,dia 11 - Soja Heterodera Vaso 6,11.0,6.0,0,321.04,749,93.47,0.28999999999999204,0.1,719,779,313.18,328.11,30
antes_dia_20,dia 11 - Soja Heterodera Vaso 7,11.0,7.0,0,240.05,2860,92.59,0.9399999999999977,0.1,2830,2890,232.9,247.96,30
antes_dia_20,dia 11 - Soja Heterodera Vaso 7,11.0,7.0,0,240.28,2861,91.24,1.3500000000000085,0.1,2831,2891,233.13,248.19,30
antes_dia_20,dia 11 - Soja Heterodera Vaso 7,11.0,7.0,0,240.51,2862,90.07,1.1700000000000017,0.1,2832,2892,233.36,248.43,30
antes_dia_20,dia 11 - Soja Heterodera Vaso 7,11.0,7.0,0,240.8,2863,88.8,1.269999999999996,0.1,2833,2893,233.6,248.67,30
antes_dia_20,dia 11 - Soja Heterodera Vaso 7,11.0,7.0,0,241.04,2864,87.88,0.9200000000000017,0.1,2834,2894,233.83,248.9,30
antes_dia_20,dia 11 - Soja Heterodera Vaso 7,11.0,7.0,0,241.43,2865,86.49,1.3900000000000006,0.1,2835,2895,234.12,249.14,30
antes_dia_20,dia 11 - Soja Heterodera Vaso 7,11.0,7.0,0,241.97,2866,84.79,1.6999999999999886,0.1,2836,2896,234.36,249.37,30
antes_dia_20,dia 11 - Soja Heterodera Vaso 7,11.0,7.0,0,242.36,2867,83.7,1.0900000000000034,0.1,2837,2897,234.59,249.66,30
antes_dia_20,dia 11 - Soja Heterodera Vaso 7,11.0,7.0,0,242.6,2868,83.1,0.6000000000000085,0.1,2838,2898,234.83,249.9,30
antes_dia_20,dia 11 - Soja Heterodera Vaso 7,11.0,7.0,0,242.84,2869,82.52,0.5799999999999983,0.1,2839,2899,235.07,250.13,30
antes_dia_20,dia 11 - Soja Heterodera Vaso 7,11.0,7.0,0,243.09,2870,81.91,0.6099999999999994,0.1,2840,2900,235.3,250.37,30
antes_dia_20,dia 11 - Soja Heterodera Vaso 7,11.0,7.0,0,243.32,2871,81.39,0.519999999999996,0.1,2841,2901,235.54,250.61,30
antes_dia_20,dia 11 - Soja Heterodera Vaso 7,11.0,7.0,0,243.56,2872,80.88,0.5100000000000051,0.1,2842,2902,235.77,250.84,30
antes_dia_20,dia 11 - Soja Heterodera Vaso 7,11.0,7.0,0,243.79,2873,80.39,0.4899999999999949,0.1,2843,2903,236.0,251.07,30
antes_dia_20,dia 11 - Soja Heterodera Vaso 7,11.0,7.0,0,244.03,2874,79.92,0.46999999999999886,0.1,2844,2904,236.24,251.31,30
antes_dia_20,dia 11 - Soja Heterodera Vaso 7,11.0,7.0,0,244.26,2875,79.48,0.4399999999999977,0.1,2845,2905,236.47,251.54,30
antes_dia_20,dia 11 - Soja Heterodera Vaso 7,11.0,7.0,0,244.49,2876,79.04,0.4399999999999977,0.1,2846,2906,236.71,251.82,30
antes_dia_20,dia 11 - Soja Heterodera Vaso 7,11.0,7.0,0,244.73,2877,78.63,0.4100000000000108,0.1,2847,2907,236.94,252.06,30
antes_dia_20,dia 11 - Soja Heterodera Vaso 7,11.0,7.0,0,244.96,2878,78.23,0.3999999999999915,0.1,2848,2908,237.17,252.29,30
antes_dia_20,dia 11 - Soja Heterodera Vaso 7,11.0,7.0,0,245.26,2879,77.74,0.4900000000000091,0.1,2849,2909,237.46,252.53,30
antes_dia_20,dia 11 - Soja Heterodera Vaso 7,11.0,7.0,0,245.49,2880,77.37,0.36999999999999034,0.1,2850,2910,237.7,252.77,30
antes_dia_20,dia 11 - Soja Heterodera Vaso 7,11.0,7.0,0,245.72,2881,77.01,0.35999999999999943,0.1,2851,2911,237.93,253.01,30
antes_dia_20,dia 11 - Soja Heterodera Vaso 7,11.0,7.0,0,245.96,2882,76.67,0.3400000000000034,0.1,2852,2912,238.16,253.25,30
antes_dia_20,dia 11 - Soja Heterodera Vaso 7,11.0,7.0,0,246.29,2883,76.2,0.46999999999999886,0.1,2853,2913,238.41,253.48,30
antes_dia_20,dia 11 - Soja Heterodera Vaso 7,11.0,7.0,0,246.53,2884,75.88,0.3200000000000074,0.1,2854,2914,238.65,253.71,30
antes_dia_20,dia 11 - Soja Heterodera Vaso 7,11.0,7.0,0,246.76,2885,75.58,0.29999999999999716,0.1,2855,2915,238.88,253.95,30
antes_dia_20,dia 11 - Soja Heterodera Vaso 7,11.0,7.0,0,246.99,2886,75.29,0.28999999999999204,0.1,2856,2916,239.11,254.18,30
antes_dia_20,dia 11 - Soja Heterodera Vaso 7,11.0,7.0,0,247.24,2887,75.0,0.29000000000000625,0.1,2857,2917,239.34,254.41,30
antes_dia_20,dia 11 - Soja Heterodera Vaso 7,11.0,7.0,0,247.5,2888,74.68,0.3199999999999932,0.1,2858,2918,239.58,254.65,30
antes_dia_20,dia 11 - Soja Heterodera Vaso 7,11.0,7.0,0,247.73,2889,74.42,0.2600000000000051,0.1,2859,2919,239.82,254.88,30
antes_dia_20,dia 11 - Soja Heterodera Vaso 7,11.0,7.0,0,247.96,2890,74.16,0.2600000000000051,0.1,2860,2920,240.05,255.17,30
antes_dia_20,dia 11 - Soja Heterodera Vaso 7,11.0,7.0,0,248.19,2891,73.91,0.25,0.1,2861,2921,240.28,255.4,30
antes_dia_20,dia 11 - Soja Heterodera Vaso 7,11.0,7.0,0,248.43,2892,73.67,0.23999999999999488,0.1,2862,2922,240.51,255.63,30
antes_dia_20,dia 11 - Soja Heterodera Vaso 7,11.0,7.0,0,248.67,2893,73.43,0.23999999999999488,0.1,2863,2923,240.8,256.02,30
antes_dia_20,dia 11 - Soja Heterodera Vaso 7,11.0,7.0,0,248.9,2894,73.21,0.22000000000001307,0.1,2864,2924,241.04,256.62,30
antes_dia_20,dia 11 - Soja Heterodera Vaso 7,11.0,7.0,0,249.14,2895,73.0,0.20999999999999375,0.1,2865,2925,241.43,257.02,30
antes_dia_20,dia 11 - Soja Heterodera Vaso 7,11.0,7.0,0,249.37,2896,72.79,0.20999999999999375,0.1,2866,2926,241.97,257.25,30
antes_dia_20,dia 11 - Soja Heterodera Vaso 7,11.0,7.0,0,249.66,2897,72.53,0.2600000000000051,0.1,2867,2927,242.36,257.49,30
antes_dia_20,dia 11 - Soja Heterodera Vaso 7,11.0,7.0,0,249.9,2898,72.33,0.20000000000000284,0.1,2868,2928,242.6,257.72,30
antes_dia_20,dia 11 - Soja Heterodera Vaso 7,11.0,7.0,0,250.13,2899,72.14,0.18999999999999773,0.1,2869,2929,242.84,257.95,30
antes_dia_20,dia 11 - Soja Heterodera Vaso 7,11.0,7.0,0,250.37,2900,71.95,0.18999999999999773,0.1,2870,2930,243.09,258.19,30
antes_dia_20,dia 11 - Soja Heterodera Vaso 7,11.0,7.0,0,250.61,2901,71.77,0.18000000000000682,0.1,2871,2931,243.32,258.46,30
antes_dia_20,dia 11 - Soja Heterodera Vaso 7,11.0,7.0,0,250.84,2902,71.59,0.1799999999999926,0.1,2872,2932,243.56,258.7,30
antes_dia_20,dia 11 - Soja Heterodera Vaso 7,11.0,7.0,0,251.07,2903,71.43,0.1599999999999966,0.1,2873,2933,243.79,258.93,30
antes_dia_20,dia 11 - Soja Heterodera Vaso 7,11.0,7.0,0,251.31,2904,71.27,0.1600000000000108,0.1,2874,2934,244.03,259.16,30
antes_dia_20,dia 11 - Soja Heterodera Vaso 7,11.0,7.0,0,251.54,2905,71.11,0.1599999999999966,0.1,2875,2935,244.26,259.4,30
antes_dia_20,dia 11 - Soja Heterodera Vaso 7,11.0,7.0,0,251.82,2906,70.92,0.18999999999999773,0.1,2876,2936,244.49,259.66,30
antes_dia_20,dia 11 - Soja Heterodera Vaso 7,11.0,7.0,0,252.06,2907,70.78,0.14000000000000057,0.1,2877,2937,244.73,259.89,30
antes_dia_20,dia 11 - Soja Heterodera Vaso 7,11.0,7.0,0,252.29,2908,70.63,0.15000000000000568,0.1,2878,2938,244.96,260.12,30
antes_dia_20,dia 11 - Soja Heterodera Vaso 7,11.0,7.0,0,252.53,2909,70.49,0.14000000000000057,0.1,2879,2939,245.26,260.36,30
antes_dia_20,dia 11 - Soja Heterodera Vaso 7,11.0,7.0,0,252.77,2910,70.94,0.45000000000000284,0.1,2880,2940,245.49,260.59,30
antes_dia_20,dia 11 - Soja Heterodera Vaso 7,11.0,7.0,0,253.01,2911,78.14,7.200000000000003,0.1,2881,2941,245.72,260.82,30
antes_dia_20,dia 11 - Soja Heterodera Vaso 7,11.0,7.0,0,253.25,2912,83.13,4.989999999999995,0.1,2882,2942,245.96,261.06,30
antes_dia_20,dia 11 - Soja Heterodera Vaso 7,11.0,7.0,0,253.48,2913,87.06,3.930000000000007,0.1,2883,2943,246.29,261.29,30
antes_dia_20,dia 11 - Soja Heterodera Vaso 7,11.0,7.0,0,253.71,2914,89.98,2.9200000000000017,0.1,2884,2944,246.53,261.52,30
antes_dia_20,dia 11 - Soja Heterodera Vaso 7,11.0,7.0,0,253.95,2915,92.0,2.019999999999996,0.1,2885,2945,246.76,261.82,30
antes_dia_20,dia 11 - Soja Heterodera Vaso 7,11.0,7.0,0,254.18,2916,93.08,1.0799999999999983,0.1,2886,2946,246.99,262.05,30
antes_dia_20,dia 11 - Soja Heterodera Vaso 7,11.0,7.0,0,254.41,2917,93.46,0.37999999999999545,0.1,2887,2947,247.24,262.28,30
antes_dia_20,dia 11 - Soja Heterodera Vaso 7,11.0,7.0,0,672.83,4585,93.19,0.35999999999999943,0.1,4555,4588,665.68,673.53,30
antes_dia_20,dia 11 - Soja Heterodera Vaso 7,11.0,7.0,0,673.06,4586,92.34,0.8499999999999943,0.1,4556,4588,665.91,673.53,30
antes_dia_20,dia 11 - Soja Heterodera Vaso 7,11.0,7.0,0,673.3,4587,91.83,0.5100000000000051,0.1,4557,4588,666.14,673.53,30
antes_dia_20,dia 11 - Soja Heterodera Vaso 7,11.0,7.0,0,673.53,4588,91.5,0.3299999999999983,0.1,4558,4588,666.38,673.53,30
antes_dia_20,dia 12 - Soja Heterodera Vaso 6,12.0,6.0,0,300.03,5197,92.53,1.1700000000000017,0.1,5167,5227,292.94,307.89,30
antes_dia_20,dia 12 - Soja Heterodera Vaso 6,12.0,6.0,0,300.26,5198,91.25,1.2800000000000011,0.1,5168,5228,293.17,308.12,30
antes_dia_20,dia 12 - Soja Heterodera Vaso 6,12.0,6.0,0,300.51,5199,90.11,1.1400000000000006,0.1,5169,5229,293.41,308.35,30
antes_dia_20,dia 12 - Soja Heterodera Vaso 6,12.0,6.0,0,300.74,5200,89.15,0.9599999999999937,0.1,5170,5230,293.65,308.65,30
antes_dia_20,dia 12 - Soja Heterodera Vaso 6,12.0,6.0,0,300.97,5201,88.27,0.8800000000000097,0.1,5171,5231,293.88,308.88,30
antes_dia_20,dia 12 - Soja Heterodera Vaso 6,12.0,6.0,0,301.2,5202,87.48,0.789999999999992,0.1,5172,5232,294.11,309.12,30
antes_dia_20,dia 12 - Soja Heterodera Vaso 6,12.0,6.0,0,301.44,5203,86.75,0.730000000000004,0.1,5173,5233,294.35,309.35,30
antes_dia_20,dia 12 - Soja Heterodera Vaso 6,12.0,6.0,0,301.73,5204,85.9,0.8499999999999943,0.1,5174,5234,294.58,309.59,30
antes_dia_20,dia 12 - Soja Heterodera Vaso 6,12.0,6.0,0,301.97,5205,85.26,0.6400000000000006,0.1,5175,5235,294.82,309.83,30
antes_dia_20,dia 12 - Soja Heterodera Vaso 6,12.0,6.0,0,302.2,5206,84.67,0.5900000000000034,0.1,5176,5236,295.05,310.06,30
antes_dia_20,dia 12 - Soja Heterodera Vaso 6,12.0,6.0,0,302.43,5207,84.12,0.5499999999999972,0.1,5177,5237,295.29,310.29,30
antes_dia_20,dia 12 - Soja Heterodera Vaso 6,12.0,6.0,0,302.67,5208,83.6,0.5200000000000102,0.1,5178,5238,295.52,310.53,30
antes_dia_20,dia 12 - Soja Heterodera Vaso 6,12.0,6.0,0,302.93,5209,83.02,0.5799999999999983,0.1,5179,5239,295.76,310.76,30
antes_dia_20,dia 12 - Soja Heterodera Vaso 6,12.0,6.0,0,303.17,5210,82.56,0.45999999999999375,0.1,5180,5240,296.0,311.0,30
antes_dia_20,dia 12 - Soja Heterodera Vaso 6,12.0,6.0,0,303.4,5211,82.11,0.45000000000000284,0.1,5181,5241,296.24,311.23,30
antes_dia_20,dia 12 - Soja Heterodera Vaso 6,12.0,6.0,0,303.79,5212,81.41,0.7000000000000028,0.1,5182,5242,296.47,311.46,30
antes_dia_20,dia 12 - Soja Heterodera Vaso 6,12.0,6.0,0,304.37,5213,80.43,0.9799999999999898,0.1,5183,5243,296.71,311.7,30
antes_dia_20,dia 12 - Soja Heterodera Vaso 6,12.0,6.0,0,304.76,5214,79.83,0.6000000000000085,0.1,5184,5244,296.95,311.99,30
antes_dia_20,dia 12 - Soja Heterodera Vaso 6,12.0,6.0,0,305.0,5215,79.49,0.3400000000000034,0.1,5185,5245,297.2,312.22,30
antes_dia_20,dia 12 - Soja Heterodera Vaso 6,12.0,6.0,0,305.29,5216,79.09,0.3999999999999915,0.1,5186,5246,297.43,312.46,30
antes_dia_20,dia 12 - Soja Heterodera Vaso 6,12.0,6.0,0,305.52,5217,78.78,0.3100000000000023,0.1,5187,5247,297.66,312.69,30
antes_dia_20,dia 12 - Soja Heterodera Vaso 6,12.0,6.0,0,305.75,5218,78.49,0.29000000000000625,0.1,5188,5248,297.89,312.94,30
antes_dia_20,dia 12 - Soja Heterodera Vaso 6,12.0,6.0,0,305.99,5219,78.21,0.28000000000000114,0.1,5189,5249,298.14,313.17,30
antes_dia_20,dia 12 - Soja Heterodera Vaso 6,12.0,6.0,0,306.23,5220,77.93,0.2799999999999869,0.1,5190,5250,298.38,313.4,30
antes_dia_20,dia 12 - Soja Heterodera Vaso 6,12.0,6.0,0,306.47,5221,77.66,0.27000000000001023,0.1,5191,5251,298.62,313.64,30
antes_dia_20,dia 12 - Soja Heterodera Vaso 6,12.0,6.0,0,306.7,5222,77.4,0.2599999999999909,0.1,5192,5252,298.85,313.87,30
antes_dia_20,dia 12 - Soja Heterodera Vaso 6,12.0,6.0,0,306.93,5223,77.16,0.2400000000000091,0.1,5193,5253,299.08,314.11,30
antes_dia_20,dia 12 - Soja Heterodera Vaso 6,12.0,6.0,0,307.17,5224,76.93,0.22999999999998977,0.1,5194,5254,299.32,314.35,30
antes_dia_20,dia 12 - Soja Heterodera Vaso 6,12.0,6.0,0,307.42,5225,76.69,0.2400000000000091,0.1,5195,5255,299.56,314.58,30
antes_dia_20,dia 12 - Soja Heterodera Vaso 6,12.0,6.0,0,307.66,5226,76.47,0.21999999999999886,0.1,5196,5256,299.79,314.81,30
antes_dia_20,dia 12 - Soja Heterodera Vaso 6,12.0,6.0,0,307.89,5227,76.26,0.20999999999999375,0.1,5197,5257,300.03,315.04,30
antes_dia_20,dia 12 - Soja Heterodera Vaso 6,12.0,6.0,0,308.12,5228,76.07,0.19000000000001194,0.1,5198,5258,300.26,315.28,30
antes_dia_20,dia 12 - Soja Heterodera Vaso 6,12.0,6.0,0,308.35,5229,75.88,0.18999999999999773,0.1,5199,5259,300.51,315.52,30
antes_dia_20,dia 12 - Soja Heterodera Vaso 6,12.0,6.0,0,308.65,5230,75.64,0.23999999999999488,0.1,5200,5260,300.74,315.75,30
antes_dia_20,dia 12 - Soja Heterodera Vaso 6,12.0,6.0,0,308.88,5231,75.46,0.18000000000000682,0.1,5201,5261,300.97,315.99,30
antes_dia_20,dia 12 - Soja Heterodera Vaso 6,12.0,6.0,0,309.12,5232,75.3,0.1599999999999966,0.1,5202,5262,301.2,316.22,30
antes_dia_20,dia 12 - Soja Heterodera Vaso 6,12.0,6.0,0,309.35,5233,75.13,0.1700000000000017,0.1,5203,5263,301.44,316.46,30
antes_dia_20,dia 12 - Soja Heterodera Vaso 6,12.0,6.0,0,309.59,5234,74.97,0.1599999999999966,0.1,5204,5264,301.73,316.69,30
antes_dia_20,dia 12 - Soja Heterodera Vaso 6,12.0,6.0,0,309.83,5235,74.81,0.1599999999999966,0.1,5205,5265,301.97,316.92,30
antes_dia_20,dia 12 - Soja Heterodera Vaso 6,12.0,6.0,0,310.06,5236,74.67,0.14000000000000057,0.1,5206,5266,302.2,317.15,30
antes_dia_20,dia 12 - Soja Heterodera Vaso 6,12.0,6.0,0,310.29,5237,74.53,0.14000000000000057,0.1,5207,5267,302.43,317.39,30
antes_dia_20,dia 12 - Soja Heterodera Vaso 6,12.0,6.0,0,310.53,5238,74.39,0.14000000000000057,0.1,5208,5268,302.67,317.63,30
antes_dia_20,dia 12 - Soja Heterodera Vaso 6,12.0,6.0,0,310.76,5239,74.26,0.12999999999999545,0.1,5209,5269,302.93,318.03,30
antes_dia_20,dia 12 - Soja Heterodera Vaso 6,12.0,6.0,0,311.0,5240,74.12,0.14000000000000057,0.1,5210,5270,303.17,318.57,30
antes_dia_20,dia 12 - Soja Heterodera Vaso 6,12.0,6.0,0,311.23,5241,74.0,0.12000000000000455,0.1,5211,5271,303.4,319.02,30
antes_dia_20,dia 12 - Soja Heterodera Vaso 6,12.0,6.0,0,311.46,5242,73.88,0.12000000000000455,0.1,5212,5272,303.79,319.26,30
antes_dia_20,dia 12 - Soja Heterodera Vaso 6,12.0,6.0,0,311.7,5243,73.76,0.11999999999999034,0.1,5213,5273,304.37,319.49,30
antes_dia_20,dia 12 - Soja Heterodera Vaso 6,12.0,6.0,0,311.99,5244,73.63,0.13000000000000966,0.1,5214,5274,304.76,319.72,30
antes_dia_20,dia 12 - Soja Heterodera Vaso 6,12.0,6.0,0,312.22,5245,73.52,0.10999999999999943,0.1,5215,5275,305.0,320.01,30
antes_dia_20,dia 12 - Soja Heterodera Vaso 6,12.0,6.0,0,312.69,5247,73.32,0.10000000000000853,0.1,5217,5277,305.52,320.48,30
antes_dia_20,dia 12 - Soja Heterodera Vaso 6,12.0,6.0,0,318.57,5270,71.66,0.10000000000000853,0.1,5240,5300,311.0,326.11,30
antes_dia_20,dia 12 - Soja Heterodera Vaso 6,12.0,6.0,0,324.47,5293,73.85,2.9199999999999875,0.1,5263,5323,316.46,331.66,30
antes_dia_20,dia 12 - Soja Heterodera Vaso 6,12.0,6.0,0,324.7,5294,79.89,6.040000000000006,0.1,5264,5324,316.69,331.89,30
antes_dia_20,dia 12 - Soja Heterodera Vaso 6,12.0,6.0,0,324.93,5295,84.58,4.689999999999998,0.1,5265,5325,316.92,332.28,30
antes_dia_20,dia 12 - Soja Heterodera Vaso 6,12.0,6.0,0,325.17,5296,88.2,3.6200000000000045,0.1,5266,5326,317.15,332.88,30
antes_dia_20,dia 12 - Soja Heterodera Vaso 6,12.0,6.0,0,325.4,5297,90.9,2.700000000000003,0.1,5267,5327,317.39,333.28,30
antes_dia_20,dia 12 - Soja Heterodera Vaso 6,12.0,6.0,0,325.65,5298,92.62,1.7199999999999989,0.1,5268,5328,317.63,333.52,30
antes_dia_20,dia 12 - Soja Heterodera Vaso 6,12.0,6.0,0,325.88,5299,93.45,0.8299999999999983,0.1,5269,5329,318.03,333.77,30
antes_dia_20,dia 12 - Soja Heterodera Vaso 6,12.0,6.0,0,326.11,5300,93.66,0.20999999999999375,0.1,5270,5330,318.57,334.01,30
antes_dia_20,dia 12 - Soja Heterodera Vaso 6,12.0,6.0,0,744.54,6915,92.98,0.7299999999999898,0.1,6885,6945,736.77,752.93,30
antes_dia_20,dia 12 - Soja Heterodera Vaso 6,12.0,6.0,0,744.79,6916,92.26,0.7199999999999989,0.1,6886,6946,737.02,753.18,30
antes_dia_20,dia 12 - Soja Heterodera Vaso 6,12.0,6.0,0,745.05,6917,91.82,0.44000000000001194,0.1,6887,6947,737.27,753.43,30
antes_dia_20,dia 12 - Soja Heterodera Vaso 6,12.0,6.0,0,745.46,6918,91.45,0.36999999999999034,0.1,6888,6948,737.52,753.68,30
antes_dia_20,dia 12 - Soja Heterodera Vaso 6,12.0,6.0,0,746.03,6919,91.16,0.29000000000000625,0.1,6889,6949,737.77,753.99,30
antes_dia_20,dia 12 - Soja Heterodera Vaso 7,12.0,7.0,0,299.98,7715,92.75,0.9599999999999937,0.1,7685,7745,292.2,307.19,30
antes_dia_20,dia 12 - Soja Heterodera Vaso 7,12.0,7.0,0,300.26,7716,91.19,1.5600000000000023,0.1,7686,7746,292.49,307.43,30
antes_dia_20,dia 12 - Soja Heterodera Vaso 7,12.0,7.0,0,300.49,7717,90.09,1.0999999999999943,0.1,7687,7747,292.72,307.66,30
antes_dia_20,dia 12 - Soja Heterodera Vaso 7,12.0,7.0,0,300.72,7718,89.12,0.9699999999999989,0.1,7688,7748,292.95,307.9,30
antes_dia_20,dia 12 - Soja Heterodera Vaso 7,12.0,7.0,0,300.96,7719,88.22,0.9000000000000057,0.1,7689,7749,293.19,308.14,30
antes_dia_20,dia 12 - Soja Heterodera Vaso 7,12.0,7.0,0,301.2,7720,87.43,0.789999999999992,0.1,7690,7750,293.43,308.47,30
antes_dia_20,dia 12 - Soja Heterodera Vaso 7,12.0,7.0,0,301.45,7721,86.58,0.8500000000000085,0.1,7691,7751,293.67,308.71,30
antes_dia_20,dia 12 - Soja Heterodera Vaso 7,12.0,7.0,0,301.69,7722,85.91,0.6700000000000017,0.1,7692,7752,293.91,308.95,30
antes_dia_20,dia 12 - Soja Heterodera Vaso 7,12.0,7.0,0,301.92,7723,85.28,0.6299999999999955,0.1,7693,7753,294.14,309.19,30
antes_dia_20,dia 12 - Soja Heterodera Vaso 7,12.0,7.0,0,302.15,7724,84.66,0.6200000000000045,0.1,7694,7754,294.37,309.42,30
antes_dia_20,dia 12 - Soja Heterodera Vaso 7,12.0,7.0,0,302.39,7725,84.09,0.5699999999999932,0.1,7695,7755,294.61,309.65,30
antes_dia_20,dia 12 - Soja Heterodera Vaso 7,12.0,7.0,0,302.62,7726,83.54,0.5499999999999972,0.1,7696,7756,294.85,309.88,30
antes_dia_20,dia 12 - Soja Heterodera Vaso 7,12.0,7.0,0,302.86,7727,83.03,0.5100000000000051,0.1,7697,7757,295.08,310.12,30
antes_dia_20,dia 12 - Soja Heterodera Vaso 7,12.0,7.0,0,303.09,7728,82.54,0.4899999999999949,0.1,7698,7758,295.31,310.35,30
antes_dia_20,dia 12 - Soja Heterodera Vaso 7,12.0,7.0,0,303.32,7729,82.09,0.45000000000000284,0.1,7699,7759,295.55,310.59,30
antes_dia_20,dia 12 - Soja Heterodera Vaso 7,12.0,7.0,0,303.61,7730,81.53,0.5600000000000023,0.1,7700,7760,295.84,310.82,30
antes_dia_20,dia 12 - Soja Heterodera Vaso 7,12.0,7.0,0,303.85,7731,81.12,0.4099999999999966,0.1,7701,7761,296.07,311.21,30
antes_dia_20,dia 12 - Soja Heterodera Vaso 7,12.0,7.0,0,304.08,7732,80.71,0.4100000000000108,0.1,7702,7762,296.31,311.76,30
antes_dia_20,dia 12 - Soja Heterodera Vaso 7,12.0,7.0,0,304.32,7733,80.33,0.37999999999999545,0.1,7703,7763,296.54,312.15,30
antes_dia_20,dia 12 - Soja Heterodera Vaso 7,12.0,7.0,0,304.56,7734,79.96,0.37000000000000455,0.1,7704,7764,296.78,312.39,30
antes_dia_20,dia 12 - Soja Heterodera Vaso 7,12.0,7.0,0,304.79,7735,79.6,0.35999999999999943,0.1,7705,7765,297.17,312.62,30
antes_dia_20,dia 12 - Soja Heterodera Vaso 7,12.0,7.0,0,305.02,7736,79.27,0.3299999999999983,0.1,7706,7766,297.71,312.85,30
antes_dia_20,dia 12 - Soja Heterodera Vaso 7,12.0,7.0,0,305.25,7737,78.94,0.3299999999999983,0.1,7707,7767,298.11,313.08,30
antes_dia_20,dia 12 - Soja Heterodera Vaso 7,12.0,7.0,0,305.49,7738,78.63,0.3100000000000023,0.1,7708,7768,298.34,313.32,30
antes_dia_20,dia 12 - Soja Heterodera Vaso 7,12.0,7.0,0,305.76,7739,78.29,0.3399999999999892,0.1,7709,7769,298.57,313.61,30
antes_dia_20,dia 12 - Soja Heterodera Vaso 7,12.0,7.0,0,305.99,7740,77.99,0.30000000000001137,0.1,7710,7770,298.81,313.85,30
antes_dia_20,dia 12 - Soja Heterodera Vaso 7,12.0,7.0,0,306.23,7741,77.72,0.269999999999996,0.1,7711,7771,299.04,314.08,30
antes_dia_20,dia 12 - Soja Heterodera Vaso 7,12.0,7.0,0,306.46,7742,77.45,0.269999999999996,0.1,7712,7772,299.28,314.31,30
antes_dia_20,dia 12 - Soja Heterodera Vaso 7,12.0,7.0,0,306.7,7743,77.2,0.25,0.1,7713,7773,299.51,314.55,30
antes_dia_20,dia 12 - Soja Heterodera Vaso 7,12.0,7.0,0,306.96,7744,76.91,0.29000000000000625,0.1,7714,7774,299.75,314.78,30
antes_dia_20,dia 12 - Soja Heterodera Vaso 7,12.0,7.0,0,307.19,7745,76.68,0.22999999999998977,0.1,7715,7775,299.98,315.01,30
antes_dia_20,dia 12 - Soja Heterodera Vaso 7,12.0,7.0,0,307.43,7746,76.45,0.23000000000000398,0.1,7716,7776,300.26,315.25,30
antes_dia_20,dia 12 - Soja Heterodera Vaso 7,12.0,7.0,0,307.66,7747,76.22,0.23000000000000398,0.1,7717,7777,300.49,315.48,30
antes_dia_20,dia 12 - Soja Heterodera Vaso 7,12.0,7.0,0,307.9,7748,76.02,0.20000000000000284,0.1,7718,7778,300.72,315.74,30
antes_dia_20,dia 12 - Soja Heterodera Vaso 7,12.0,7.0,0,308.14,7749,75.81,0.20999999999999375,0.1,7719,7779,300.96,315.97,30
antes_dia_20,dia 12 - Soja Heterodera Vaso 7,12.0,7.0,0,308.47,7750,75.54,0.269999999999996,0.1,7720,7780,301.2,316.2,30
antes_dia_20,dia 12 - Soja Heterodera Vaso 7,12.0,7.0,0,308.71,7751,75.35,0.19000000000001194,0.1,7721,7781,301.45,316.43,30
antes_dia_20,dia 12 - Soja Heterodera Vaso 7,12.0,7.0,0,308.95,7752,75.16,0.18999999999999773,0.1,7722,7782,301.69,316.68,30
antes_dia_20,dia 12 - Soja Heterodera Vaso 7,12.0,7.0,0,309.19,7753,74.99,0.1700000000000017,0.1,7723,7783,301.92,316.94,30
antes_dia_20,dia 12 - Soja Heterodera Vaso 7,12.0,7.0,0,309.42,7754,74.82,0.1700000000000017,0.1,7724,7784,302.15,317.17,30
antes_dia_20,dia 12 - Soja Heterodera Vaso 7,12.0,7.0,0,309.65,7755,74.66,0.1599999999999966,0.1,7725,7785,302.39,317.4,30
antes_dia_20,dia 12 - Soja Heterodera Vaso 7,12.0,7.0,0,309.88,7756,74.5,0.1599999999999966,0.1,7726,7786,302.62,317.63,30
antes_dia_20,dia 12 - Soja Heterodera Vaso 7,12.0,7.0,0,310.12,7757,74.36,0.14000000000000057,0.1,7727,7787,302.86,317.87,30
antes_dia_20,dia 12 - Soja Heterodera Vaso 7,12.0,7.0,0,310.35,7758,74.21,0.15000000000000568,0.1,7728,7788,303.09,318.1,30
antes_dia_20,dia 12 - Soja Heterodera Vaso 7,12.0,7.0,0,310.59,7759,74.08,0.12999999999999545,0.1,7729,7789,303.32,318.34,30
antes_dia_20,dia 12 - Soja Heterodera Vaso 7,12.0,7.0,0,310.82,7760,73.94,0.14000000000000057,0.1,7730,7790,303.61,318.57,30
antes_dia_20,dia 12 - Soja Heterodera Vaso 7,12.0,7.0,0,311.21,7761,73.72,0.21999999999999886,0.1,7731,7791,303.85,318.8,30
antes_dia_20,dia 12 - Soja Heterodera Vaso 7,12.0,7.0,0,311.76,7762,73.44,0.28000000000000114,0.1,7732,7792,304.08,319.1,30
antes_dia_20,dia 12 - Soja Heterodera Vaso 7,12.0,7.0,0,312.15,7763,73.25,0.18999999999999773,0.1,7733,7793,304.32,319.33,30
antes_dia_20,dia 12 - Soja Heterodera Vaso 7,12.0,7.0,0,312.39,7764,73.14,0.10999999999999943,0.1,7734,7794,304.56,319.56,30
antes_dia_20,dia 12 - Soja Heterodera Vaso 7,12.0,7.0,0,312.62,7765,73.03,0.10999999999999943,0.1,7735,7795,304.79,319.79,30
antes_dia_20,dia 12 - Soja Heterodera Vaso 7,12.0,7.0,0,313.61,7769,72.63,0.12000000000000455,0.1,7739,7799,305.76,320.76,30
antes_dia_20,dia 12 - Soja Heterodera Vaso 7,12.0,7.0,0,335.65,7859,73.51,3.530000000000001,0.1,7829,7889,328.51,343.56,30
antes_dia_20,dia 12 - Soja Heterodera Vaso 7,12.0,7.0,0,335.88,7860,79.48,5.969999999999999,0.1,7830,7890,328.74,343.8,30
antes_dia_20,dia 12 - Soja Heterodera Vaso 7,12.0,7.0,0,336.12,7861,84.29,4.810000000000002,0.1,7831,7891,328.98,344.03,30
antes_dia_20,dia 12 - Soja Heterodera Vaso 7,12.0,7.0,0,336.35,7862,87.99,3.6999999999999886,0.1,7832,7892,329.22,344.26,30
antes_dia_20,dia 12 - Soja Heterodera Vaso 7,12.0,7.0,0,336.58,7863,90.71,2.719999999999999,0.1,7833,7893,329.45,344.5,30
antes_dia_20,dia 12 - Soja Heterodera Vaso 7,12.0,7.0,0,336.87,7864,92.77,2.0600000000000023,0.1,7834,7894,329.68,344.76,30
antes_dia_20,dia 12 - Soja Heterodera Vaso 7,12.0,7.0,0,337.11,7865,93.5,0.730000000000004,0.1,7835,7895,329.92,344.99,30
antes_dia_20,dia 12 - Soja Heterodera Vaso 7,12.0,7.0,0,337.34,7866,93.68,0.18000000000000682,0.1,7836,7896,330.18,345.22,30
antes_dia_20,dia 12 - Soja Heterodera Vaso 7,12.0,7.0,0,755.78,9503,92.73,0.9699999999999989,0.1,9473,9533,748.57,763.56,30
antes_dia_20,dia 12 - Soja Heterodera Vaso 7,12.0,7.0,0,756.02,9504,92.15,0.5799999999999983,0.1,9474,9534,748.8,763.79,30
antes_dia_20,dia 12 - Soja Heterodera Vaso 7,12.0,7.0,0,756.25,9505,91.78,0.37000000000000455,0.1,9475,9535,749.04,764.08,30
antes_dia_20,dia 12 - Soja Heterodera Vaso 7,12.0,7.0,0,756.48,9506,91.53,0.25,0.1,9476,9536,749.27,764.31,30
antes_dia_20,dia 12 - Soja Heterodera Vaso 7,12.0,7.0,0,756.72,9507,91.37,0.1599999999999966,0.1,9477,9537,749.5,764.55,30
antes_dia_20,dia 12 - Soja Heterodera Vaso 7,12.0,7.0,0,756.95,9508,91.23,0.14000000000000057,0.1,9478,9538,749.79,764.78,30
antes_dia_20,dia 12 - Soja Heterodera Vaso 7,12.0,7.0,0,757.18,9509,91.13,0.10000000000000853,0.1,9479,9539,750.03,765.02,30
antes_dia_20,dia 12 - Soja Heterodera Vaso 8,12.0,8.0,0,299.93,10311,93.13,0.5600000000000023,0.1,10281,10341,292.09,307.16,30
antes_dia_20,dia 12 - Soja Heterodera Vaso 8,12.0,8.0,0,300.17,10312,91.69,1.4399999999999977,0.1,10282,10342,292.32,307.4,30
antes_dia_20,dia 12 - Soja Heterodera Vaso 8,12.0,8.0,0,300.4,10313,90.47,1.2199999999999989,0.1,10283,10343,292.56,307.67,30
antes_dia_20,dia 12 - Soja Heterodera Vaso 8,12.0,8.0,0,300.64,10314,89.39,1.0799999999999983,0.1,10284,10344,292.79,307.9,30
antes_dia_20,dia 12 - Soja Heterodera Vaso 8,12.0,8.0,0,300.9,10315,88.31,1.0799999999999983,0.1,10285,10345,293.04,308.14,30
antes_dia_20,dia 12 - Soja Heterodera Vaso 8,12.0,8.0,0,301.14,10316,87.43,0.8799999999999955,0.1,10286,10346,293.27,308.37,30
antes_dia_20,dia 12 - Soja Heterodera Vaso 8,12.0,8.0,0,301.38,10317,86.63,0.8000000000000114,0.1,10287,10347,293.51,308.71,30
antes_dia_20,dia 12 - Soja Heterodera Vaso 8,12.0,8.0,0,301.61,10318,85.89,0.7399999999999949,0.1,10288,10348,293.75,308.95,30
antes_dia_20,dia 12 - Soja Heterodera Vaso 8,12.0,8.0,0,301.85,10319,85.19,0.7000000000000028,0.1,10289,10349,293.98,309.18,30
antes_dia_20,dia 12 - Soja Heterodera Vaso 8,12.0,8.0,0,302.12,10320,84.44,0.75,0.1,10290,10350,294.22,309.42,30
antes_dia_20,dia 12 - Soja Heterodera Vaso 8,12.0,8.0,0,302.35,10321,83.82,0.6200000000000045,0.1,10291,10351,294.45,309.67,30
antes_dia_20,dia 12 - Soja Heterodera Vaso 8,12.0,8.0,0,302.59,10322,83.24,0.5799999999999983,0.1,10292,10352,294.69,310.07,30
antes_dia_20,dia 12 - Soja Heterodera Vaso 8,12.0,8.0,0,302.83,10323,82.68,0.5599999999999881,0.1,10293,10353,294.92,310.62,30
antes_dia_20,dia 12 - Soja Heterodera Vaso 8,12.0,8.0,0,303.06,10324,82.15,0.5300000000000011,0.1,10294,10354,295.33,311.01,30
antes_dia_20,dia 12 - Soja Heterodera Vaso 8,12.0,8.0,0,303.3,10325,81.64,0.5100000000000051,0.1,10295,10355,295.87,311.25,30
antes_dia_20,dia 12 - Soja Heterodera Vaso 8,12.0,8.0,0,303.53,10326,81.16,0.480000000000004,0.1,10296,10356,296.27,311.48,30
antes_dia_20,dia 12 - Soja Heterodera Vaso 8,12.0,8.0,0,303.77,10327,80.71,0.45000000000000284,0.1,10297,10357,296.56,311.72,30
antes_dia_20,dia 12 - Soja Heterodera Vaso 8,12.0,8.0,0,304.0,10328,80.26,0.44999999999998863,0.1,10298,10358,296.8,311.96,30
antes_dia_20,dia 12 - Soja Heterodera Vaso 8,12.0,8.0,0,304.28,10329,79.77,0.4900000000000091,0.1,10299,10359,297.03,312.19,30
antes_dia_20,dia 12 - Soja Heterodera Vaso 8,12.0,8.0,0,304.52,10330,79.36,0.4099999999999966,0.1,10300,10360,297.27,312.43,30
antes_dia_20,dia 12 - Soja Heterodera Vaso 8,12.0,8.0,0,304.76,10331,78.98,0.37999999999999545,0.1,10301,10361,297.51,312.66,30
antes_dia_20,dia 12 - Soja Heterodera Vaso 8,12.0,8.0,0,304.99,10332,78.61,0.37000000000000455,0.1,10302,10362,297.75,312.9,30
antes_dia_20,dia 12 - Soja Heterodera Vaso 8,12.0,8.0,0,305.24,10333,78.26,0.3499999999999943,0.1,10303,10363,297.98,313.19,30
antes_dia_20,dia 12 - Soja Heterodera Vaso 8,12.0,8.0,0,305.48,10334,77.89,0.37000000000000455,0.1,10304,10364,298.21,313.43,30
antes_dia_20,dia 12 - Soja Heterodera Vaso 8,12.0,8.0,0,305.71,10335,77.57,0.3200000000000074,0.1,10305,10365,298.45,313.67,30
antes_dia_20,dia 12 - Soja Heterodera Vaso 8,12.0,8.0,0,305.95,10336,77.25,0.3199999999999932,0.1,10306,10366,298.75,313.91,30
antes_dia_20,dia 12 - Soja Heterodera Vaso 8,12.0,8.0,0,306.19,10337,76.94,0.3100000000000023,0.1,10307,10367,298.98,314.15,30
antes_dia_20,dia 12 - Soja Heterodera Vaso 8,12.0,8.0,0,306.45,10338,76.6,0.3400000000000034,0.1,10308,10368,299.22,314.38,30
antes_dia_20,dia 12 - Soja Heterodera Vaso 8,12.0,8.0,0,306.69,10339,76.33,0.269999999999996,0.1,10309,10369,299.45,314.62,30
antes_dia_20,dia 12 - Soja Heterodera Vaso 8,12.0,8.0,0,306.92,10340,76.06,0.269999999999996,0.1,10310,10370,299.7,314.85,30
antes_dia_20,dia 12 - Soja Heterodera Vaso 8,12.0,8.0,0,307.16,10341,75.79,0.269999999999996,0.1,10311,10371,299.93,315.09,30
antes_dia_20,dia 12 - Soja Heterodera Vaso 8,12.0,8.0,0,307.4,10342,75.54,0.25,0.1,10312,10372,300.17,315.35,30
antes_dia_20,dia 12 - Soja Heterodera Vaso 8,12.0,8.0,0,307.67,10343,75.26,0.28000000000000114,0.1,10313,10373,300.4,315.59,30
antes_dia_20,dia 12 - Soja Heterodera Vaso 8,12.0,8.0,0,307.9,10344,75.03,0.23000000000000398,0.1,10314,10374,300.64,315.82,30
antes_dia_20,dia 12 - Soja Heterodera Vaso 8,12.0,8.0,0,308.14,10345,74.8,0.23000000000000398,0.1,10315,10375,300.9,316.06,30
antes_dia_20,dia 12 - Soja Heterodera Vaso 8,12.0,8.0,0,308.37,10346,74.58,0.21999999999999886,0.1,10316,10376,301.14,316.3,30
antes_dia_20,dia 12 - Soja Heterodera Vaso 8,12.0,8.0,0,308.71,10347,74.28,0.29999999999999716,0.1,10317,10377,301.38,316.57,30
antes_dia_20,dia 12 - Soja Heterodera Vaso 8,12.0,8.0,0,308.95,10348,74.07,0.21000000000000796,0.1,10318,10378,301.61,316.8,30
antes_dia_20,dia 12 - Soja Heterodera Vaso 8,12.0,8.0,0,309.18,10349,73.89,0.1799999999999926,0.1,10319,10379,301.85,317.04,30
antes_dia_20,dia 12 - Soja Heterodera Vaso 8,12.0,8.0,0,309.42,10350,73.7,0.18999999999999773,0.1,10320,10380,302.12,317.28,30
antes_dia_20,dia 12 - Soja Heterodera Vaso 8,12.0,8.0,0,309.67,10351,73.53,0.1700000000000017,0.1,10321,10381,302.35,317.52,30
antes_dia_20,dia 12 - Soja Heterodera Vaso 8,12.0,8.0,0,310.07,10352,73.22,0.3100000000000023,0.1,10322,10382,302.59,317.75,30
antes_dia_20,dia 12 - Soja Heterodera Vaso 8,12.0,8.0,0,310.62,10353,72.85,0.37000000000000455,0.1,10323,10383,302.83,317.99,30
antes_dia_20,dia 12 - Soja Heterodera Vaso 8,12.0,8.0,0,311.01,10354,72.6,0.25,0.1,10324,10384,303.06,318.22,30
antes_dia_20,dia 12 - Soja Heterodera Vaso 8,12.0,8.0,0,311.25,10355,72.46,0.14000000000000057,0.1,10325,10385,303.3,318.46,30
antes_dia_20,dia 12 - Soja Heterodera Vaso 8,12.0,8.0,0,311.48,10356,72.32,0.14000000000000057,0.1,10326,10386,303.53,318.75,30
antes_dia_20,dia 12 - Soja Heterodera Vaso 8,12.0,8.0,0,311.72,10357,72.19,0.12999999999999545,0.1,10327,10387,303.77,318.99,30
antes_dia_20,dia 12 - Soja Heterodera Vaso 8,12.0,8.0,0,311.96,10358,72.06,0.12999999999999545,0.1,10328,10388,304.0,319.22,30
antes_dia_20,dia 12 - Soja Heterodera Vaso 8,12.0,8.0,0,312.19,10359,71.94,0.12000000000000455,0.1,10329,10389,304.28,319.46,30
antes_dia_20,dia 12 - Soja Heterodera Vaso 8,12.0,8.0,0,312.43,10360,71.82,0.12000000000000455,0.1,10330,10390,304.52,319.7,30
antes_dia_20,dia 12 - Soja Heterodera Vaso 8,12.0,8.0,0,312.66,10361,71.7,0.11999999999999034,0.1,10331,10391,304.76,319.93,30
antes_dia_20,dia 12 - Soja Heterodera Vaso 8,12.0,8.0,0,312.9,10362,71.6,0.10000000000000853,0.1,10332,10392,304.99,320.17,30
antes_dia_20,dia 12 - Soja Heterodera Vaso 8,12.0,8.0,0,313.19,10363,71.47,0.12999999999999545,0.1,10333,10393,305.24,320.4,30
antes_dia_20,dia 12 - Soja Heterodera Vaso 8,12.0,8.0,0,313.43,10364,71.36,0.10999999999999943,0.1,10334,10394,305.48,320.64,30
antes_dia_20,dia 12 - Soja Heterodera Vaso 8,12.0,8.0,0,313.91,10366,71.16,0.10000000000000853,0.1,10336,10396,305.95,321.17,30
antes_dia_20,dia 12 - Soja Heterodera Vaso 8,12.0,8.0,0,315.35,10372,75.54,4.810000000000002,0.1,10342,10402,307.4,322.59,30
antes_dia_20,dia 12 - Soja Heterodera Vaso 8,12.0,8.0,0,315.59,10373,81.29,5.75,0.1,10343,10403,307.67,322.83,30
antes_dia_20,dia 12 - Soja Heterodera Vaso 8,12.0,8.0,0,315.82,10374,85.77,4.47999999999999,0.1,10344,10404,307.9,323.12,30
antes_dia_20,dia 12 - Soja Heterodera Vaso 8,12.0,8.0,0,316.06,10375,89.15,3.3800000000000097,0.1,10345,10405,308.14,323.36,30
antes_dia_20,dia 12 - Soja Heterodera Vaso 8,12.0,8.0,0,316.3,10376,91.5,2.3499999999999943,0.1,10346,10406,308.37,323.59,30
antes_dia_20,dia 12 - Soja Heterodera Vaso 8,12.0,8.0,0,316.57,10377,93.09,1.5900000000000034,0.1,10347,10407,308.71,323.83,30
antes_dia_20,dia 12 - Soja Heterodera Vaso 8,12.0,8.0,0,316.8,10378,93.59,0.5,0.1,10348,10408,308.95,324.07,30
antes_dia_20,dia 12 - Soja Heterodera Vaso 8,12.0,8.0,0,735.33,11983,93.15,0.5499999999999972,0.1,11953,12013,728.08,743.23,30
antes_dia_20,dia 12 - Soja Heterodera Vaso 8,12.0,8.0,0,735.56,11984,92.36,0.7900000000000063,0.1,11954,12014,728.34,743.47,30
antes_dia_20,dia 12 - Soja Heterodera Vaso 8,12.0,8.0,0,735.79,11985,91.89,0.46999999999999886,0.1,11955,12015,728.57,743.7,30
antes_dia_20,dia 12 - Soja Heterodera Vaso 8,12.0,8.0,0,736.03,11986,91.58,0.3100000000000023,0.1,11956,12016,728.81,743.95,30
antes_dia_20,dia 12 - Soja Heterodera Vaso 8,12.0,8.0,0,736.27,11987,91.38,0.20000000000000284,0.1,11957,12017,729.04,744.18,30
antes_dia_20,dia 12 - Soja Heterodera Vaso 8,12.0,8.0,0,736.51,11988,91.22,0.1599999999999966,0.1,11958,12018,729.29,744.41,30
antes_dia_20,dia 12 - Soja Heterodera Vaso 9,12.0,9.0,0,300.09,12776,92.16,1.460000000000008,0.1,12746,12806,292.26,307.31,30
antes_dia_20,dia 12 - Soja Heterodera Vaso 9,12.0,9.0,0,300.32,12777,90.9,1.259999999999991,0.1,12747,12807,292.49,307.56,30
antes_dia_20,dia 12 - Soja Heterodera Vaso 9,12.0,9.0,0,300.57,12778,89.79,1.1099999999999994,0.1,12748,12808,292.73,307.83,30
antes_dia_20,dia 12 - Soja Heterodera Vaso 9,12.0,9.0,0,300.8,12779,88.82,0.9700000000000131,0.1,12749,12809,292.96,308.1,30
antes_dia_20,dia 12 - Soja Heterodera Vaso 9,12.0,9.0,0,301.04,12780,87.95,0.8699999999999903,0.1,12750,12810,293.2,308.33,30
antes_dia_20,dia 12 - Soja Heterodera Vaso 9,12.0,9.0,0,301.33,12781,86.95,1.0,0.1,12751,12811,293.44,308.57,30
antes_dia_20,dia 12 - Soja Heterodera Vaso 9,12.0,9.0,0,301.57,12782,86.21,0.7400000000000091,0.1,12752,12812,293.67,308.91,30
antes_dia_20,dia 12 - Soja Heterodera Vaso 9,12.0,9.0,0,301.81,12783,85.54,0.6699999999999875,0.1,12753,12813,293.91,309.15,30
antes_dia_20,dia 12 - Soja Heterodera Vaso 9,12.0,9.0,0,302.04,12784,84.9,0.6400000000000006,0.1,12754,12814,294.15,309.38,30
antes_dia_20,dia 12 - Soja Heterodera Vaso 9,12.0,9.0,0,302.29,12785,84.3,0.6000000000000085,0.1,12755,12815,294.38,309.62,30
antes_dia_20,dia 12 - Soja Heterodera Vaso 9,12.0,9.0,0,302.52,12786,83.71,0.5900000000000034,0.1,12756,12816,294.67,309.85,30
antes_dia_20,dia 12 - Soja Heterodera Vaso 9,12.0,9.0,0,302.76,12787,83.18,0.5299999999999869,0.1,12757,12817,294.91,310.09,30
antes_dia_20,dia 12 - Soja Heterodera Vaso 9,12.0,9.0,0,302.99,12788,82.67,0.5100000000000051,0.1,12758,12818,295.14,310.38,30
antes_dia_20,dia 12 - Soja Heterodera Vaso 9,12.0,9.0,0,303.23,12789,82.18,0.4899999999999949,0.1,12759,12819,295.38,310.77,30
antes_dia_20,dia 12 - Soja Heterodera Vaso 9,12.0,9.0,0,303.47,12790,81.71,0.4700000000000131,0.1,12760,12820,295.77,311.32,30
antes_dia_20,dia 12 - Soja Heterodera Vaso 9,12.0,9.0,0,303.7,12791,81.28,0.4299999999999926,0.1,12761,12821,296.31,311.72,30
antes_dia_20,dia 12 - Soja Heterodera Vaso 9,12.0,9.0,0,303.94,12792,80.85,0.4300000000000068,0.1,12762,12822,296.72,311.95,30
antes_dia_20,dia 12 - Soja Heterodera Vaso 9,12.0,9.0,0,304.18,12793,80.44,0.4099999999999966,0.1,12763,12823,296.95,312.19,30
antes_dia_20,dia 12 - Soja Heterodera Vaso 9,12.0,9.0,0,304.41,12794,80.05,0.39000000000000057,0.1,12764,12824,297.19,312.43,30
antes_dia_20,dia 12 - Soja Heterodera Vaso 9,12.0,9.0,0,304.71,12795,79.59,0.45999999999999375,0.1,12765,12825,297.42,312.67,30
antes_dia_20,dia 12 - Soja Heterodera Vaso 9,12.0,9.0,0,304.95,12796,79.24,0.3500000000000085,0.1,12766,12826,297.66,312.91,30
antes_dia_20,dia 12 - Soja Heterodera Vaso 9,12.0,9.0,0,305.18,12797,78.89,0.3499999999999943,0.1,12767,12827,297.92,313.14,30
antes_dia_20,dia 12 - Soja Heterodera Vaso 9,12.0,9.0,0,305.42,12798,78.57,0.3200000000000074,0.1,12768,12828,298.15,313.38,30
antes_dia_20,dia 12 - Soja Heterodera Vaso 9,12.0,9.0,0,305.66,12799,78.25,0.3199999999999932,0.1,12769,12829,298.39,313.62,30
antes_dia_20,dia 12 - Soja Heterodera Vaso 9,12.0,9.0,0,305.9,12800,77.95,0.29999999999999716,0.1,12770,12830,298.62,313.85,30
antes_dia_20,dia 12 - Soja Heterodera Vaso 9,12.0,9.0,0,306.13,12801,77.66,0.29000000000000625,0.1,12771,12831,298.86,314.09,30
antes_dia_20,dia 12 - Soja Heterodera Vaso 9,12.0,9.0,0,306.37,12802,77.38,0.28000000000000114,0.1,12772,12832,299.14,314.33,30
antes_dia_20,dia 12 - Soja Heterodera Vaso 9,12.0,9.0,0,306.6,12803,77.12,0.2599999999999909,0.1,12773,12833,299.38,314.57,30
antes_dia_20,dia 12 - Soja Heterodera Vaso 9,12.0,9.0,0,306.84,12804,76.86,0.2600000000000051,0.1,12774,12834,299.61,314.86,30
antes_dia_20,dia 12 - Soja Heterodera Vaso 9,12.0,9.0,0,307.08,12805,76.61,0.25,0.1,12775,12835,299.85,315.1,30
antes_dia_20,dia 12 - Soja Heterodera Vaso 9,12.0,9.0,0,307.31,12806,76.37,0.23999999999999488,0.1,12776,12836,300.09,315.33,30
antes_dia_20,dia 12 - Soja Heterodera Vaso 9,12.0,9.0,0,307.56,12807,76.14,0.23000000000000398,0.1,12777,12837,300.32,315.56,30
antes_dia_20,dia 12 - Soja Heterodera Vaso 9,12.0,9.0,0,307.83,12808,75.88,0.2600000000000051,0.1,12778,12838,300.57,315.81,30
antes_dia_20,dia 12 - Soja Heterodera Vaso 9,12.0,9.0,0,308.1,12809,75.63,0.25,0.1,12779,12839,300.8,316.04,30
antes_dia_20,dia 12 - Soja Heterodera Vaso 9,12.0,9.0,0,308.33,12810,75.43,0.19999999999998863,0.1,12780,12840,301.04,316.28,30
antes_dia_20,dia 12 - Soja Heterodera Vaso 9,12.0,9.0,0,308.57,12811,75.23,0.20000000000000284,0.1,12781,12841,301.33,316.52,30
antes_dia_20,dia 12 - Soja Heterodera Vaso 9,12.0,9.0,0,308.91,12812,74.95,0.28000000000000114,0.1,12782,12842,301.57,316.75,30
antes_dia_20,dia 12 - Soja Heterodera Vaso 9,12.0,9.0,0,309.15,12813,74.79,0.1599999999999966,0.1,12783,12843,301.81,317.02,30
antes_dia_20,dia 12 - Soja Heterodera Vaso 9,12.0,9.0,0,309.38,12814,74.62,0.1700000000000017,0.1,12784,12844,302.04,317.25,30
antes_dia_20,dia 12 - Soja Heterodera Vaso 9,12.0,9.0,0,309.62,12815,74.45,0.1700000000000017,0.1,12785,12845,302.29,317.49,30
antes_dia_20,dia 12 - Soja Heterodera Vaso 9,12.0,9.0,0,309.85,12816,74.29,0.1599999999999966,0.1,12786,12846,302.52,317.72,30
antes_dia_20,dia 12 - Soja Heterodera Vaso 9,12.0,9.0,0,310.09,12817,74.13,0.1600000000000108,0.1,12787,12847,302.76,317.97,30
antes_dia_20,dia 12 - Soja Heterodera Vaso 9,12.0,9.0,0,310.38,12818,73.95,0.1799999999999926,0.1,12788,12848,302.99,318.22,30
antes_dia_20,dia 12 - Soja Heterodera Vaso 9,12.0,9.0,0,310.77,12819,73.71,0.2400000000000091,0.1,12789,12849,303.23,318.45,30
antes_dia_20,dia 12 - Soja Heterodera Vaso 9,12.0,9.0,0,311.32,12820,73.41,0.29999999999999716,0.1,12790,12850,303.47,318.69,30
antes_dia_20,dia 12 - Soja Heterodera Vaso 9,12.0,9.0,0,311.72,12821,73.2,0.20999999999999375,0.1,12791,12851,303.7,318.92,30
antes_dia_20,dia 12 - Soja Heterodera Vaso 9,12.0,9.0,0,311.95,12822,73.08,0.12000000000000455,0.1,12792,12852,303.94,319.16,30
antes_dia_20,dia 12 - Soja Heterodera Vaso 9,12.0,9.0,0,312.19,12823,72.97,0.10999999999999943,0.1,12793,12853,304.18,319.4,30
antes_dia_20,dia 12 - Soja Heterodera Vaso 9,12.0,9.0,0,312.43,12824,72.86,0.10999999999999943,0.1,12794,12854,304.41,319.63,30
antes_dia_20,dia 12 - Soja Heterodera Vaso 9,12.0,9.0,0,312.67,12825,72.75,0.10999999999999943,0.1,12795,12855,304.71,319.87,30
antes_dia_20,dia 12 - Soja Heterodera Vaso 9,12.0,9.0,0,313.14,12827,72.55,0.10000000000000853,0.1,12797,12857,305.18,320.4,30
antes_dia_20,dia 12 - Soja Heterodera Vaso 9,12.0,9.0,0,319.16,12852,73.29,2.3900000000000006,0.1,12822,12882,311.95,327.02,30
antes_dia_20,dia 12 - Soja Heterodera Vaso 9,12.0,9.0,0,319.4,12853,79.54,6.25,0.1,12823,12883,312.19,327.26,30
antes_dia_20,dia 12 - Soja Heterodera Vaso 9,12.0,9.0,0,319.63,12854,84.36,4.819999999999993,0.1,12824,12884,312.43,327.49,30
antes_dia_20,dia 12 - Soja Heterodera Vaso 9,12.0,9.0,0,319.87,12855,88.15,3.7900000000000063,0.1,12825,12885,312.67,327.73,30
antes_dia_20,dia 12 - Soja Heterodera Vaso 9,12.0,9.0,0,320.11,12856,90.82,2.6699999999999875,0.1,12826,12886,312.91,327.98,30
antes_dia_20,dia 12 - Soja Heterodera Vaso 9,12.0,9.0,0,320.4,12857,92.86,2.0400000000000063,0.1,12827,12887,313.14,328.24,30
antes_dia_20,dia 12 - Soja Heterodera Vaso 9,12.0,9.0,0,320.64,12858,93.52,0.6599999999999966,0.1,12828,12888,313.38,328.48,30
antes_dia_20,dia 12 - Soja Heterodera Vaso 9,12.0,9.0,0,320.87,12859,93.66,0.14000000000000057,0.1,12829,12889,313.62,328.71,30
antes_dia_20,dia 12 - Soja Heterodera Vaso 9,12.0,9.0,0,739.2,14511,93.57,0.13000000000000966,0.1,14481,14541,731.39,746.58,30
antes_dia_20,dia 12 - Soja Heterodera Vaso 9,12.0,9.0,0,739.49,14512,92.44,1.1299999999999955,0.1,14482,14542,731.63,746.81,30
antes_dia_20,dia 12 - Soja Heterodera Vaso 9,12.0,9.0,0,739.73,14513,91.96,0.480000000000004,0.1,14483,14543,731.87,747.04,30
antes_dia_20,dia 12 - Soja Heterodera Vaso 9,12.0,9.0,0,739.96,14514,91.64,0.3199999999999932,0.1,14484,14544,732.1,747.28,30
antes_dia_20,dia 12 - Soja Heterodera Vaso 9,12.0,9.0,0,740.2,14515,91.43,0.20999999999999375,0.1,14485,14545,732.34,747.52,30
antes_dia_20,dia 12 - Soja Heterodera Vaso 9,12.0,9.0,0,740.43,14516,91.28,0.15000000000000568,0.1,14486,14546,732.57,747.75,30
antes_dia_20,dia 12 - Soja Heterodera Vaso 9,12.0,9.0,0,740.67,14517,91.17,0.10999999999999943,0.1,14487,14547,732.86,747.99,30
antes_dia_20,dia 12 - Soja Heterodera Vaso 1,12.0,1.0,0,300.08,15312,92.5,1.1899999999999977,0.1,15282,15342,292.18,307.37,30
antes_dia_20,dia 12 - Soja Heterodera Vaso 1,12.0,1.0,0,300.32,15313,91.18,1.3199999999999932,0.1,15283,15343,292.41,307.6,30
antes_dia_20,dia 12 - Soja Heterodera Vaso 1,12.0,1.0,0,300.55,15314,90.06,1.1200000000000045,0.1,15284,15344,292.65,307.83,30
antes_dia_20,dia 12 - Soja Heterodera Vaso 1,12.0,1.0,0,300.81,15315,88.98,1.0799999999999983,0.1,15285,15345,292.88,308.07,30
antes_dia_20,dia 12 - Soja Heterodera Vaso 1,12.0,1.0,0,301.04,15316,88.1,0.8800000000000097,0.1,15286,15346,293.18,308.31,30
antes_dia_20,dia 12 - Soja Heterodera Vaso 1,12.0,1.0,0,301.28,15317,87.27,0.8299999999999983,0.1,15287,15347,293.41,308.58,30
antes_dia_20,dia 12 - Soja Heterodera Vaso 1,12.0,1.0,0,301.52,15318,86.53,0.7399999999999949,0.1,15288,15348,293.65,308.81,30
antes_dia_20,dia 12 - Soja Heterodera Vaso 1,12.0,1.0,0,301.76,15319,85.84,0.6899999999999977,0.1,15289,15349,293.88,309.05,30
antes_dia_20,dia 12 - Soja Heterodera Vaso 1,12.0,1.0,0,302.03,15320,85.06,0.7800000000000011,0.1,15290,15350,294.13,309.28,30
antes_dia_20,dia 12 - Soja Heterodera Vaso 1,12.0,1.0,0,302.27,15321,84.46,0.6000000000000085,0.1,15291,15351,294.36,309.53,30
antes_dia_20,dia 12 - Soja Heterodera Vaso 1,12.0,1.0,0,302.51,15322,83.89,0.5699999999999932,0.1,15292,15352,294.6,309.78,30
antes_dia_20,dia 12 - Soja Heterodera Vaso 1,12.0,1.0,0,302.74,15323,83.35,0.5400000000000063,0.1,15293,15353,294.83,310.02,30
antes_dia_20,dia 12 - Soja Heterodera Vaso 1,12.0,1.0,0,302.98,15324,82.84,0.5099999999999909,0.1,15294,15354,295.07,310.41,30
antes_dia_20,dia 12 - Soja Heterodera Vaso 1,12.0,1.0,0,303.22,15325,82.33,0.5100000000000051,0.1,15295,15355,295.36,310.95,30
antes_dia_20,dia 12 - Soja Heterodera Vaso 1,12.0,1.0,0,303.45,15326,81.87,0.45999999999999375,0.1,15296,15356,295.75,311.35,30
antes_dia_20,dia 12 - Soja Heterodera Vaso 1,12.0,1.0,0,303.69,15327,81.43,0.4399999999999977,0.1,15297,15357,296.31,311.59,30
antes_dia_20,dia 12 - Soja Heterodera Vaso 1,12.0,1.0,0,303.92,15328,81.0,0.4300000000000068,0.1,15298,15358,296.71,311.83,30
antes_dia_20,dia 12 - Soja Heterodera Vaso 1,12.0,1.0,0,304.22,15329,80.49,0.5100000000000051,0.1,15299,15359,296.94,312.06,30
antes_dia_20,dia 12 - Soja Heterodera Vaso 1,12.0,1.0,0,304.46,15330,80.11,0.37999999999999545,0.1,15300,15360,297.18,312.3,30
antes_dia_20,dia 12 - Soja Heterodera Vaso 1,12.0,1.0,0,304.69,15331,79.75,0.35999999999999943,0.1,15301,15361,297.42,312.54,30
antes_dia_20,dia 12 - Soja Heterodera Vaso 1,12.0,1.0,0,304.93,15332,79.4,0.3499999999999943,0.1,15302,15362,297.65,312.77,30
antes_dia_20,dia 12 - Soja Heterodera Vaso 1,12.0,1.0,0,305.17,15333,79.07,0.3300000000000125,0.1,15303,15363,297.89,313.07,30
antes_dia_20,dia 12 - Soja Heterodera Vaso 1,12.0,1.0,0,305.41,15334,78.73,0.3399999999999892,0.1,15304,15364,298.13,313.3,30
antes_dia_20,dia 12 - Soja Heterodera Vaso 1,12.0,1.0,0,305.64,15335,78.42,0.3100000000000023,0.1,15305,15365,298.36,313.54,30
antes_dia_20,dia 12 - Soja Heterodera Vaso 1,12.0,1.0,0,305.88,15336,78.13,0.29000000000000625,0.1,15306,15366,298.66,313.88,30
antes_dia_20,dia 12 - Soja Heterodera Vaso 1,12.0,1.0,0,306.11,15337,77.84,0.28999999999999204,0.1,15307,15367,298.89,314.18,30
antes_dia_20,dia 12 - Soja Heterodera Vaso 1,12.0,1.0,0,306.41,15338,77.5,0.3400000000000034,0.1,15308,15368,299.13,314.44,30
antes_dia_20,dia 12 - Soja Heterodera Vaso 1,12.0,1.0,0,306.65,15339,77.24,0.2600000000000051,0.1,15309,15369,299.36,314.69,30
antes_dia_20,dia 12 - Soja Heterodera Vaso 1,12.0,1.0,0,306.88,15340,76.97,0.269999999999996,0.1,15310,15370,299.61,314.95,30
antes_dia_20,dia 12 - Soja Heterodera Vaso 1,12.0,1.0,0,307.12,15341,76.73,0.23999999999999488,0.1,15311,15371,299.85,315.26,30
antes_dia_20,dia 12 - Soja Heterodera Vaso 1,12.0,1.0,0,307.37,15342,76.5,0.23000000000000398,0.1,15312,15372,300.08,315.51,30
antes_dia_20,dia 12 - Soja Heterodera Vaso 1,12.0,1.0,0,307.6,15343,76.25,0.25,0.1,15313,15373,300.32,315.76,30
antes_dia_20,dia 12 - Soja Heterodera Vaso 1,12.0,1.0,0,307.83,15344,76.04,0.20999999999999375,0.1,15314,15374,300.55,316.02,30
antes_dia_20,dia 12 - Soja Heterodera Vaso 1,12.0,1.0,0,308.07,15345,75.84,0.20000000000000284,0.1,15315,15375,300.81,316.27,30
antes_dia_20,dia 12 - Soja Heterodera Vaso 1,12.0,1.0,0,308.31,15346,75.64,0.20000000000000284,0.1,15316,15376,301.04,316.53,30
antes_dia_20,dia 12 - Soja Heterodera Vaso 1,12.0,1.0,0,308.58,15347,75.42,0.21999999999999886,0.1,15317,15377,301.28,316.78,30
antes_dia_20,dia 12 - Soja Heterodera Vaso 1,12.0,1.0,0,308.81,15348,75.23,0.18999999999999773,0.1,15318,15378,301.52,317.04,30
antes_dia_20,dia 12 - Soja Heterodera Vaso 1,12.0,1.0,0,309.05,15349,75.05,0.18000000000000682,0.1,15319,15379,301.76,317.29,30
antes_dia_20,dia 12 - Soja Heterodera Vaso 1,12.0,1.0,0,309.28,15350,74.88,0.1700000000000017,0.1,15320,15380,302.03,317.58,30
antes_dia_20,dia 12 - Soja Heterodera Vaso 1,12.0,1.0,0,309.53,15351,74.72,0.1599999999999966,0.1,15321,15381,302.27,317.84,30
antes_dia_20,dia 12 - Soja Heterodera Vaso 1,12.0,1.0,0,309.78,15352,74.54,0.1799999999999926,0.1,15322,15382,302.51,318.09,30
antes_dia_20,dia 12 - Soja Heterodera Vaso 1,12.0,1.0,0,310.02,15353,74.39,0.15000000000000568,0.1,15323,15383,302.74,318.35,30
antes_dia_20,dia 12 - Soja Heterodera Vaso 1,12.0,1.0,0,310.41,15354,74.14,0.25,0.1,15324,15384,302.98,318.66,30
antes_dia_20,dia 12 - Soja Heterodera Vaso 1,12.0,1.0,0,310.95,15355,73.83,0.3100000000000023,0.1,15325,15385,303.22,318.91,30
antes_dia_20,dia 12 - Soja Heterodera Vaso 1,12.0,1.0,0,311.35,15356,73.61,0.21999999999999886,0.1,15326,15386,303.45,319.17,30
antes_dia_20,dia 12 - Soja Heterodera Vaso 1,12.0,1.0,0,311.59,15357,73.5,0.10999999999999943,0.1,15327,15387,303.69,319.42,30
antes_dia_20,dia 12 - Soja Heterodera Vaso 1,12.0,1.0,0,311.83,15358,73.38,0.12000000000000455,0.1,15328,15388,303.92,319.72,30
antes_dia_20,dia 12 - Soja Heterodera Vaso 1,12.0,1.0,0,312.06,15359,73.26,0.11999999999999034,0.1,15329,15389,304.22,319.97,30
antes_dia_20,dia 12 - Soja Heterodera Vaso 1,12.0,1.0,0,312.3,15360,73.15,0.10999999999999943,0.1,15330,15390,304.46,320.22,30
antes_dia_20,dia 12 - Soja Heterodera Vaso 1,12.0,1.0,0,312.54,15361,73.05,0.10000000000000853,0.1,15331,15391,304.69,320.48,30
antes_dia_20,dia 12 - Soja Heterodera Vaso 1,12.0,1.0,0,313.07,15363,72.83,0.12000000000000455,0.1,15333,15393,305.17,320.99,30
antes_dia_20,dia 12 - Soja Heterodera Vaso 1,12.0,1.0,0,313.54,15365,72.63,0.10000000000000853,0.1,15335,15395,305.64,321.49,30
antes_dia_20,dia 12 - Soja Heterodera Vaso 1,12.0,1.0,0,313.88,15366,72.52,0.10999999999999943,0.1,15336,15396,305.88,321.75,30
antes_dia_20,dia 12 - Soja Heterodera Vaso 1,12.0,1.0,0,314.18,15367,72.41,0.10999999999999943,0.1,15337,15397,306.11,322.03,30
antes_dia_20,dia 12 - Soja Heterodera Vaso 1,12.0,1.0,0,320.74,15392,74.15,3.190000000000012,0.1,15362,15422,312.77,329.18,30
antes_dia_20,dia 12 - Soja Heterodera Vaso 1,12.0,1.0,0,320.99,15393,80.65,6.5,0.1,15363,15423,313.07,329.43,30
antes_dia_20,dia 12 - Soja Heterodera Vaso 1,12.0,1.0,0,321.24,15394,85.57,4.9199999999999875,0.1,15364,15424,313.3,329.74,30
antes_dia_20,dia 12 - Soja Heterodera Vaso 1,12.0,1.0,0,321.49,15395,89.22,3.6500000000000057,0.1,15365,15425,313.54,329.99,30
antes_dia_20,dia 12 - Soja Heterodera Vaso 1,12.0,1.0,0,321.75,15396,91.71,2.489999999999995,0.1,15366,15426,313.88,330.24,30
antes_dia_20,dia 12 - Soja Heterodera Vaso 1,12.0,1.0,0,322.03,15397,93.2,1.490000000000009,0.1,15367,15427,314.18,330.5,30
antes_dia_20,dia 12 - Soja Heterodera Vaso 1,12.0,1.0,0,322.29,15398,93.62,0.4200000000000017,0.1,15368,15428,314.44,330.79,30
antes_dia_20,dia 12 - Soja Heterodera Vaso 1,12.0,1.0,0,740.86,17014,92.76,0.9399999999999977,0.1,16984,17044,733.68,748.76,30
antes_dia_20,dia 12 - Soja Heterodera Vaso 1,12.0,1.0,0,741.16,17015,92.04,0.7199999999999989,0.1,16985,17045,733.91,749.0,30
antes_dia_20,dia 12 - Soja Heterodera Vaso 1,12.0,1.0,0,741.39,17016,91.7,0.3400000000000034,0.1,16986,17046,734.14,749.23,30
antes_dia_20,dia 12 - Soja Heterodera Vaso 1,12.0,1.0,0,741.63,17017,91.47,0.23000000000000398,0.1,16987,17047,734.38,749.47,30
antes_dia_20,dia 12 - Soja Heterodera Vaso 1,12.0,1.0,0,741.86,17018,91.31,0.1599999999999966,0.1,16988,17048,734.62,749.7,30
antes_dia_20,dia 12 - Soja Heterodera Vaso 1,12.0,1.0,0,742.1,17019,91.19,0.12000000000000455,0.1,16989,17049,734.86,749.98,30
antes_dia_20,dia 18 - Soja Heterodera Vaso 6,18.0,6.0,0,120.58,17333,92.55,1.0,0.1,17303,17363,113.51,127.73,30
antes_dia_20,dia 18 - Soja Heterodera Vaso 6,18.0,6.0,0,120.82,17334,91.36,1.1899999999999977,0.1,17304,17364,113.74,127.97,30
antes_dia_20,dia 18 - Soja Heterodera Vaso 6,18.0,6.0,0,121.05,17335,90.4,0.9599999999999937,0.1,17305,17365,113.98,128.2,30
antes_dia_20,dia 18 - Soja Heterodera Vaso 6,18.0,6.0,0,121.29,17336,89.55,0.8500000000000085,0.1,17306,17366,114.23,128.44,30
antes_dia_20,dia 18 - Soja Heterodera Vaso 6,18.0,6.0,0,121.52,17337,88.78,0.769999999999996,0.1,17307,17367,114.46,128.67,30
antes_dia_20,dia 18 - Soja Heterodera Vaso 6,18.0,6.0,0,121.75,17338,88.07,0.710000000000008,0.1,17308,17368,114.69,128.9,30
antes_dia_20,dia 18 - Soja Heterodera Vaso 6,18.0,6.0,0,121.98,17339,87.43,0.6399999999999864,0.1,17309,17369,114.92,129.13,30
antes_dia_20,dia 18 - Soja Heterodera Vaso 6,18.0,6.0,0,122.21,17340,86.8,0.6300000000000097,0.1,17310,17370,115.16,129.36,30
antes_dia_20,dia 18 - Soja Heterodera Vaso 6,18.0,6.0,0,122.45,17341,86.18,0.6199999999999903,0.1,17311,17371,115.4,129.59,30
antes_dia_20,dia 18 - Soja Heterodera Vaso 6,18.0,6.0,0,122.68,17342,85.62,0.5600000000000023,0.1,17312,17372,115.64,129.83,30
antes_dia_20,dia 18 - Soja Heterodera Vaso 6,18.0,6.0,0,122.92,17343,85.06,0.5600000000000023,0.1,17313,17373,115.88,130.06,30
antes_dia_20,dia 18 - Soja Heterodera Vaso 6,18.0,6.0,0,123.16,17344,84.47,0.5900000000000034,0.1,17314,17374,116.11,130.3,30
antes_dia_20,dia 18 - Soja Heterodera Vaso 6,18.0,6.0,0,123.4,17345,83.89,0.5799999999999983,0.1,17315,17375,116.36,130.53,30
antes_dia_20,dia 18 - Soja Heterodera Vaso 6,18.0,6.0,0,123.63,17346,83.36,0.5300000000000011,0.1,17316,17376,116.6,130.76,30
antes_dia_20,dia 18 - Soja Heterodera Vaso 6,18.0,6.0,0,123.86,17347,82.83,0.5300000000000011,0.1,17317,17377,116.83,130.99,30
antes_dia_20,dia 18 - Soja Heterodera Vaso 6,18.0,6.0,0,124.08,17348,82.3,0.5300000000000011,0.1,17318,17378,117.08,131.23,30
antes_dia_20,dia 18 - Soja Heterodera Vaso 6,18.0,6.0,0,124.33,17349,81.78,0.519999999999996,0.1,17319,17379,117.31,131.46,30
antes_dia_20,dia 18 - Soja Heterodera Vaso 6,18.0,6.0,0,124.56,17350,81.29,0.4899999999999949,0.1,17320,17380,117.55,131.72,30
antes_dia_20,dia 18 - Soja Heterodera Vaso 6,18.0,6.0,0,124.89,17351,80.58,0.710000000000008,0.1,17321,17381,117.78,131.96,30
antes_dia_20,dia 18 - Soja Heterodera Vaso 6,18.0,6.0,0,125.13,17352,80.09,0.4899999999999949,0.1,17322,17382,118.02,132.19,30
antes_dia_20,dia 18 - Soja Heterodera Vaso 6,18.0,6.0,0,125.36,17353,79.64,0.45000000000000284,0.1,17323,17383,118.25,132.43,30
antes_dia_20,dia 18 - Soja Heterodera Vaso 6,18.0,6.0,0,125.59,17354,79.17,0.46999999999999886,0.1,17324,17384,118.48,132.66,30
antes_dia_20,dia 18 - Soja Heterodera Vaso 6,18.0,6.0,0,125.82,17355,78.71,0.46000000000000796,0.1,17325,17385,118.71,132.9,30
antes_dia_20,dia 18 - Soja Heterodera Vaso 6,18.0,6.0,0,126.08,17356,78.19,0.519999999999996,0.1,17326,17386,118.94,133.13,30
antes_dia_20,dia 18 - Soja Heterodera Vaso 6,18.0,6.0,0,126.32,17357,77.73,0.45999999999999375,0.1,17327,17387,119.18,133.37,30
antes_dia_20,dia 18 - Soja Heterodera Vaso 6,18.0,6.0,0,126.56,17358,77.28,0.45000000000000284,0.1,17328,17388,119.41,133.62,30
antes_dia_20,dia 18 - Soja Heterodera Vaso 6,18.0,6.0,0,126.8,17359,76.82,0.46000000000000796,0.1,17329,17389,119.64,133.86,30
antes_dia_20,dia 18 - Soja Heterodera Vaso 6,18.0,6.0,0,127.03,17360,76.36,0.45999999999999375,0.1,17330,17390,119.88,134.1,30
antes_dia_20,dia 18 - Soja Heterodera Vaso 6,18.0,6.0,0,127.26,17361,75.93,0.4299999999999926,0.1,17331,17391,120.11,134.33,30
antes_dia_20,dia 18 - Soja Heterodera Vaso 6,18.0,6.0,0,127.5,17362,75.49,0.44000000000001194,0.1,17332,17392,120.34,134.57,30
antes_dia_20,dia 18 - Soja Heterodera Vaso 6,18.0,6.0,0,127.73,17363,75.04,0.44999999999998863,0.1,17333,17393,120.58,134.81,30
antes_dia_20,dia 18 - Soja Heterodera Vaso 6,18.0,6.0,0,127.97,17364,74.62,0.4200000000000017,0.1,17334,17394,120.82,135.04,30
antes_dia_20,dia 18 - Soja Heterodera Vaso 6,18.0,6.0,0,128.2,17365,74.2,0.4200000000000017,0.1,17335,17395,121.05,135.27,30
antes_dia_20,dia 18 - Soja Heterodera Vaso 6,18.0,6.0,0,128.44,17366,73.78,0.4200000000000017,0.1,17336,17396,121.29,135.51,30
antes_dia_20,dia 18 - Soja Heterodera Vaso 6,18.0,6.0,0,128.67,17367,73.34,0.4399999999999977,0.1,17337,17397,121.52,135.75,30
antes_dia_20,dia 18 - Soja Heterodera Vaso 6,18.0,6.0,0,128.9,17368,72.92,0.4200000000000017,0.1,17338,17398,121.75,135.98,30
antes_dia_20,dia 18 - Soja Heterodera Vaso 6,18.0,6.0,0,129.13,17369,72.52,0.4000000000000057,0.1,17339,17399,121.98,136.22,30
antes_dia_20,dia 18 - Soja Heterodera Vaso 6,18.0,6.0,0,129.36,17370,72.1,0.4200000000000017,0.1,17340,17400,122.21,136.47,30
antes_dia_20,dia 18 - Soja Heterodera Vaso 6,18.0,6.0,0,129.59,17371,71.7,0.3999999999999915,0.1,17341,17401,122.45,136.7,30
antes_dia_20,dia 18 - Soja Heterodera Vaso 6,18.0,6.0,0,129.83,17372,71.29,0.4099999999999966,0.1,17342,17402,122.68,136.94,30
antes_dia_20,dia 18 - Soja Heterodera Vaso 6,18.0,6.0,0,130.06,17373,70.89,0.4000000000000057,0.1,17343,17403,122.92,137.18,30
antes_dia_20,dia 18 - Soja Heterodera Vaso 6,18.0,6.0,0,130.3,17374,70.47,0.4200000000000017,0.1,17344,17404,123.16,137.41,30
antes_dia_20,dia 18 - Soja Heterodera Vaso 6,18.0,6.0,0,130.53,17375,70.07,0.4000000000000057,0.1,17345,17405,123.4,137.65,30
antes_dia_20,dia 18 - Soja Heterodera Vaso 6,18.0,6.0,0,130.76,17376,69.67,0.3999999999999915,0.1,17346,17406,123.63,137.89,30
antes_dia_20,dia 18 - Soja Heterodera Vaso 6,18.0,6.0,0,130.99,17377,69.28,0.39000000000000057,0.1,17347,17407,123.86,138.13,30
antes_dia_20,dia 18 - Soja Heterodera Vaso 6,18.0,6.0,0,131.23,17378,68.87,0.4099999999999966,0.1,17348,17408,124.08,138.37,30
antes_dia_20,dia 18 - Soja Heterodera Vaso 6,18.0,6.0,0,131.46,17379,68.47,0.4000000000000057,0.1,17349,17409,124.33,138.61,30
antes_dia_20,dia 18 - Soja Heterodera Vaso 6,18.0,6.0,0,131.72,17380,68.04,0.4299999999999926,0.1,17350,17410,124.56,138.84,30
antes_dia_20,dia 18 - Soja Heterodera Vaso 6,18.0,6.0,0,131.96,17381,67.67,0.37000000000000455,0.1,17351,17411,124.89,139.17,30
antes_dia_20,dia 18 - Soja Heterodera Vaso 6,18.0,6.0,0,132.19,17382,71.41,3.739999999999995,0.1,17352,17412,125.13,139.41,30
antes_dia_20,dia 18 - Soja Heterodera Vaso 6,18.0,6.0,0,132.43,17383,77.51,6.1000000000000085,0.1,17353,17413,125.36,139.65,30
antes_dia_20,dia 18 - Soja Heterodera Vaso 6,18.0,6.0,0,132.66,17384,82.65,5.140000000000001,0.1,17354,17414,125.59,139.88,30
antes_dia_20,dia 18 - Soja Heterodera Vaso 6,18.0,6.0,0,132.9,17385,86.7,4.049999999999997,0.1,17355,17415,125.82,140.12,30
antes_dia_20,dia 18 - Soja Heterodera Vaso 6,18.0,6.0,0,133.13,17386,89.8,3.0999999999999943,0.1,17356,17416,126.08,140.36,30
antes_dia_20,dia 18 - Soja Heterodera Vaso 6,18.0,6.0,0,133.37,17387,91.95,2.1500000000000057,0.1,17357,17417,126.32,140.59,30
antes_dia_20,dia 18 - Soja Heterodera Vaso 6,18.0,6.0,0,133.62,17388,93.12,1.1700000000000017,0.1,17358,17418,126.56,140.82,30
antes_dia_20,dia 18 - Soja Heterodera Vaso 6,18.0,6.0,0,133.86,17389,93.48,0.35999999999999943,0.1,17359,17419,126.8,141.09,30
antes_dia_20,dia 18 - Soja Heterodera Vaso 7,18.0,7.0,0,120.09,19065,92.99,0.5500000000000114,0.1,19035,19095,113.07,127.25,30
antes_dia_20,dia 18 - Soja Heterodera Vaso 7,18.0,7.0,0,120.34,19066,91.59,1.3999999999999915,0.1,19036,19096,113.31,127.48,30
antes_dia_20,dia 18 - Soja Heterodera Vaso 7,18.0,7.0,0,120.58,19067,90.54,1.0499999999999972,0.1,19037,19097,113.54,127.71,30
antes_dia_20,dia 18 - Soja Heterodera Vaso 7,18.0,7.0,0,120.81,19068,89.68,0.8599999999999994,0.1,19038,19098,113.78,127.96,30
antes_dia_20,dia 18 - Soja Heterodera Vaso 7,18.0,7.0,0,121.04,19069,88.89,0.7900000000000063,0.1,19039,19099,114.01,128.19,30
antes_dia_20,dia 18 - Soja Heterodera Vaso 7,18.0,7.0,0,121.28,19070,88.17,0.7199999999999989,0.1,19040,19100,114.24,128.42,30
antes_dia_20,dia 18 - Soja Heterodera Vaso 7,18.0,7.0,0,121.51,19071,87.48,0.6899999999999977,0.1,19041,19101,114.49,128.67,30
antes_dia_20,dia 18 - Soja Heterodera Vaso 7,18.0,7.0,0,121.74,19072,86.82,0.6600000000000108,0.1,19042,19102,114.72,128.9,30
antes_dia_20,dia 18 - Soja Heterodera Vaso 7,18.0,7.0,0,121.97,19073,86.18,0.6399999999999864,0.1,19043,19103,114.97,129.13,30
antes_dia_20,dia 18 - Soja Heterodera Vaso 7,18.0,7.0,0,122.21,19074,85.56,0.6200000000000045,0.1,19044,19104,115.19,129.36,30
antes_dia_20,dia 18 - Soja Heterodera Vaso 7,18.0,7.0,0,122.45,19075,84.95,0.6099999999999994,0.1,19045,19105,115.42,129.59,30
antes_dia_20,dia 18 - Soja Heterodera Vaso 7,18.0,7.0,0,122.68,19076,84.38,0.5700000000000074,0.1,19046,19106,115.65,129.82,30
antes_dia_20,dia 18 - Soja Heterodera Vaso 7,18.0,7.0,0,122.92,19077,83.82,0.5600000000000023,0.1,19047,19107,115.89,130.05,30
antes_dia_20,dia 18 - Soja Heterodera Vaso 7,18.0,7.0,0,123.15,19078,83.26,0.5599999999999881,0.1,19048,19108,116.12,130.29,30
antes_dia_20,dia 18 - Soja Heterodera Vaso 7,18.0,7.0,0,123.38,19079,82.71,0.5500000000000114,0.1,19049,19109,116.35,130.53,30
antes_dia_20,dia 18 - Soja Heterodera Vaso 7,18.0,7.0,0,123.61,19080,82.17,0.539999999999992,0.1,19050,19110,116.59,130.76,30
antes_dia_20,dia 18 - Soja Heterodera Vaso 7,18.0,7.0,0,123.95,19081,81.42,0.75,0.1,19051,19111,116.81,131.0,30
antes_dia_20,dia 18 - Soja Heterodera Vaso 7,18.0,7.0,0,124.19,19082,80.91,0.5100000000000051,0.1,19052,19112,117.05,131.23,30
antes_dia_20,dia 18 - Soja Heterodera Vaso 7,18.0,7.0,0,124.43,19083,80.38,0.5300000000000011,0.1,19053,19113,117.28,131.49,30
antes_dia_20,dia 18 - Soja Heterodera Vaso 7,18.0,7.0,0,124.66,19084,79.89,0.4899999999999949,0.1,19054,19114,117.52,131.73,30
antes_dia_20,dia 18 - Soja Heterodera Vaso 7,18.0,7.0,0,124.9,19085,79.4,0.4899999999999949,0.1,19055,19115,117.75,131.96,30
antes_dia_20,dia 18 - Soja Heterodera Vaso 7,18.0,7.0,0,125.13,19086,78.9,0.5,0.1,19056,19116,117.98,132.2,30
antes_dia_20,dia 18 - Soja Heterodera Vaso 7,18.0,7.0,0,125.37,19087,78.39,0.5100000000000051,0.1,19057,19117,118.21,132.43,30
antes_dia_20,dia 18 - Soja Heterodera Vaso 7,18.0,7.0,0,125.6,19088,77.92,0.46999999999999886,0.1,19058,19118,118.44,132.65,30
antes_dia_20,dia 18 - Soja Heterodera Vaso 7,18.0,7.0,0,125.83,19089,77.45,0.46999999999999886,0.1,19059,19119,118.69,132.88,30
antes_dia_20,dia 18 - Soja Heterodera Vaso 7,18.0,7.0,0,126.06,19090,77.0,0.45000000000000284,0.1,19060,19120,118.93,133.14,30
antes_dia_20,dia 18 - Soja Heterodera Vaso 7,18.0,7.0,0,126.31,19091,76.53,0.46999999999999886,0.1,19061,19121,119.17,133.37,30
antes_dia_20,dia 18 - Soja Heterodera Vaso 7,18.0,7.0,0,126.55,19092,76.09,0.4399999999999977,0.1,19062,19122,119.4,133.61,30
antes_dia_20,dia 18 - Soja Heterodera Vaso 7,18.0,7.0,0,126.78,19093,75.64,0.45000000000000284,0.1,19063,19123,119.63,133.84,30
antes_dia_20,dia 18 - Soja Heterodera Vaso 7,18.0,7.0,0,127.02,19094,75.17,0.46999999999999886,0.1,19064,19124,119.86,134.08,30
antes_dia_20,dia 18 - Soja Heterodera Vaso 7,18.0,7.0,0,127.25,19095,74.73,0.4399999999999977,0.1,19065,19125,120.09,134.31,30
antes_dia_20,dia 18 - Soja Heterodera Vaso 7,18.0,7.0,0,127.48,19096,74.32,0.4100000000000108,0.1,19066,19126,120.34,134.54,30
antes_dia_20,dia 18 - Soja Heterodera Vaso 7,18.0,7.0,0,127.71,19097,73.89,0.4299999999999926,0.1,19067,19127,120.58,134.77,30
antes_dia_20,dia 18 - Soja Heterodera Vaso 7,18.0,7.0,0,127.96,19098,73.41,0.480000000000004,0.1,19068,19128,120.81,135.01,30
antes_dia_20,dia 18 - Soja Heterodera Vaso 7,18.0,7.0,0,128.19,19099,72.99,0.4200000000000017,0.1,19069,19129,121.04,135.24,30
antes_dia_20,dia 18 - Soja Heterodera Vaso 7,18.0,7.0,0,128.42,19100,72.57,0.4200000000000017,0.1,19070,19130,121.28,135.47,30
antes_dia_20,dia 18 - Soja Heterodera Vaso 7,18.0,7.0,0,128.67,19101,72.13,0.4399999999999977,0.1,19071,19131,121.51,135.7,30
antes_dia_20,dia 18 - Soja Heterodera Vaso 7,18.0,7.0,0,128.9,19102,71.7,0.4299999999999926,0.1,19072,19132,121.74,135.93,30
antes_dia_20,dia 18 - Soja Heterodera Vaso 7,18.0,7.0,0,129.13,19103,71.29,0.4099999999999966,0.1,19073,19133,121.97,136.16,30
antes_dia_20,dia 18 - Soja Heterodera Vaso 7,18.0,7.0,0,129.36,19104,70.87,0.4200000000000017,0.1,19074,19134,122.21,136.39,30
antes_dia_20,dia 18 - Soja Heterodera Vaso 7,18.0,7.0,0,129.59,19105,70.45,0.4200000000000017,0.1,19075,19135,122.45,136.63,30
antes_dia_20,dia 18 - Soja Heterodera Vaso 7,18.0,7.0,0,129.82,19106,70.05,0.4000000000000057,0.1,19076,19136,122.68,136.86,30
antes_dia_20,dia 18 - Soja Heterodera Vaso 7,18.0,7.0,0,130.05,19107,69.64,0.4099999999999966,0.1,19077,19137,122.92,137.09,30
antes_dia_20,dia 18 - Soja Heterodera Vaso 7,18.0,7.0,0,130.29,19108,74.49,4.849999999999994,0.1,19078,19138,123.15,137.33,30
antes_dia_20,dia 18 - Soja Heterodera Vaso 7,18.0,7.0,0,130.53,19109,80.08,5.590000000000003,0.1,19079,19139,123.38,137.56,30
antes_dia_20,dia 18 - Soja Heterodera Vaso 7,18.0,7.0,0,130.76,19110,84.73,4.650000000000006,0.1,19080,19140,123.61,137.79,30
antes_dia_20,dia 18 - Soja Heterodera Vaso 7,18.0,7.0,0,131.0,19111,88.4,3.6700000000000017,0.1,19081,19141,123.95,138.03,30
antes_dia_20,dia 18 - Soja Heterodera Vaso 7,18.0,7.0,0,131.23,19112,90.96,2.559999999999988,0.1,19082,19142,124.19,138.26,30
antes_dia_20,dia 18 - Soja Heterodera Vaso 7,18.0,7.0,0,131.49,19113,92.71,1.75,0.1,19083,19143,124.43,138.5,30
antes_dia_20,dia 18 - Soja Heterodera Vaso 7,18.0,7.0,0,131.73,19114,93.37,0.6600000000000108,0.1,19084,19144,124.66,138.74,30
antes_dia_20,dia 18 - Soja Heterodera Vaso 7,18.0,7.0,0,131.96,19115,93.5,0.12999999999999545,0.1,19085,19145,124.9,138.97,30
antes_dia_20,dia 19 - Soja Heterodera Vaso 7,19.0,7.0,0,121.88,26080,92.85,0.7700000000000102,0.1,26050,26110,113.54,130.14,30
antes_dia_20,dia 19 - Soja Heterodera Vaso 7,19.0,7.0,0,122.13,26081,92.32,0.5300000000000011,0.1,26051,26111,113.8,130.4,30
antes_dia_20,dia 19 - Soja Heterodera Vaso 7,19.0,7.0,0,122.39,26082,91.9,0.4199999999999875,0.1,26052,26112,114.11,130.66,30
antes_dia_20,dia 19 - Soja Heterodera Vaso 7,19.0,7.0,0,122.64,26083,91.59,0.3100000000000023,0.1,26053,26113,114.4,130.93,30
antes_dia_20,dia 19 - Soja Heterodera Vaso 7,19.0,7.0,0,122.93,26084,91.29,0.29999999999999716,0.1,26054,26114,114.69,131.19,30
antes_dia_20,dia 19 - Soja Heterodera Vaso 7,19.0,7.0,0,123.22,26085,91.05,0.2400000000000091,0.1,26055,26115,114.99,131.45,30
antes_dia_20,dia 19 - Soja Heterodera Vaso 7,19.0,7.0,0,123.5,26086,90.84,0.20999999999999375,0.1,26056,26116,115.24,131.71,30
antes_dia_20,dia 19 - Soja Heterodera Vaso 7,19.0,7.0,0,123.79,26087,90.65,0.18999999999999773,0.1,26057,26117,115.49,131.97,30
antes_dia_20,dia 19 - Soja Heterodera Vaso 7,19.0,7.0,0,124.1,26088,90.49,0.1600000000000108,0.1,26058,26118,115.73,132.37,30
antes_dia_20,dia 19 - Soja Heterodera Vaso 7,19.0,7.0,0,124.36,26089,90.37,0.11999999999999034,0.1,26059,26119,115.98,132.66,30
antes_dia_20,dia 19 - Soja Heterodera Vaso 7,19.0,7.0,0,124.62,26090,90.26,0.10999999999999943,0.1,26060,26120,116.22,132.96,30
antes_dia_20,dia 19 - Soja Heterodera Vaso 7,19.0,7.0,0,125.15,26092,90.07,0.11000000000001364,0.1,26062,26122,116.86,133.54,30
antes_dia_20,dia 19 - Soja Heterodera Vaso 7,19.0,7.0,0,136.31,26132,88.97,0.1599999999999966,0.1,26102,26162,127.92,144.57,30
antes_dia_20,dia 19 - Soja Heterodera Vaso 7,19.0,7.0,0,136.84,26134,88.86,0.1700000000000017,0.1,26104,26164,128.43,145.18,30
antes_dia_20,dia 19 - Soja Heterodera Vaso 7,19.0,7.0,0,137.1,26135,88.62,0.23999999999999488,0.1,26105,26165,128.68,145.43,30
antes_dia_20,dia 19 - Soja Heterodera Vaso 7,19.0,7.0,0,137.36,26136,88.46,0.1600000000000108,0.1,26106,26166,128.97,145.69,30
antes_dia_20,dia 19 - Soja Heterodera Vaso 7,19.0,7.0,0,137.62,26137,88.24,0.21999999999999886,0.1,26107,26167,129.26,145.95,30
antes_dia_20,dia 19 - Soja Heterodera Vaso 7,19.0,7.0,0,137.9,26138,87.94,0.29999999999999716,0.1,26108,26168,129.54,146.3,30
antes_dia_20,dia 19 - Soja Heterodera Vaso 7,19.0,7.0,0,138.2,26139,87.71,0.23000000000000398,0.1,26109,26169,129.83,146.56,30
antes_dia_20,dia 19 - Soja Heterodera Vaso 7,19.0,7.0,0,138.53,26140,87.33,0.37999999999999545,0.1,26110,26170,130.14,146.82,30
antes_dia_20,dia 19 - Soja Heterodera Vaso 7,19.0,7.0,0,138.84,26141,87.03,0.29999999999999716,0.1,26111,26171,130.4,147.12,30
antes_dia_20,dia 19 - Soja Heterodera Vaso 7,19.0,7.0,0,139.14,26142,86.75,0.28000000000000114,0.1,26112,26172,130.66,147.43,30
antes_dia_20,dia 19 - Soja Heterodera Vaso 7,19.0,7.0,0,139.41,26143,86.55,0.20000000000000284,0.1,26113,26173,130.93,147.73,30
antes_dia_20,dia 19 - Soja Heterodera Vaso 7,19.0,7.0,0,139.66,26144,86.33,0.21999999999999886,0.1,26114,26174,131.19,148.06,30
antes_dia_20,dia 19 - Soja Heterodera Vaso 7,19.0,7.0,0,139.91,26145,86.16,0.1700000000000017,0.1,26115,26175,131.45,148.32,30
antes_dia_20,dia 19 - Soja Heterodera Vaso 7,19.0,7.0,0,140.43,26147,85.99,0.10999999999999943,0.1,26117,26177,131.97,148.85,30
antes_dia_20,dia 19 - Soja Heterodera Vaso 7,19.0,7.0,0,140.68,26148,85.75,0.23999999999999488,0.1,26118,26178,132.37,149.11,30
antes_dia_20,dia 19 - Soja Heterodera Vaso 7,19.0,7.0,0,140.98,26149,85.56,0.18999999999999773,0.1,26119,26179,132.66,149.37,30
antes_dia_20,dia 19 - Soja Heterodera Vaso 7,19.0,7.0,0,141.28,26150,85.32,0.2400000000000091,0.1,26120,26180,132.96,149.64,30
antes_dia_20,dia 19 - Soja Heterodera Vaso 7,19.0,7.0,0,141.57,26151,85.07,0.25,0.1,26121,26181,133.28,149.91,30
antes_dia_20,dia 19 - Soja Heterodera Vaso 7,19.0,7.0,0,141.85,26152,84.87,0.19999999999998863,0.1,26122,26182,133.54,150.21,30
antes_dia_20,dia 19 - Soja Heterodera Vaso 7,19.0,7.0,0,142.13,26153,84.76,0.10999999999999943,0.1,26123,26183,133.8,150.52,30
antes_dia_20,dia 19 - Soja Heterodera Vaso 7,19.0,7.0,0,142.39,26154,84.63,0.13000000000000966,0.1,26124,26184,134.05,150.83,30
antes_dia_20,dia 19 - Soja Heterodera Vaso 7,19.0,7.0,0,142.65,26155,84.52,0.10999999999999943,0.1,26125,26185,134.3,151.13,30
antes_dia_20,dia 19 - Soja Heterodera Vaso 7,19.0,7.0,0,143.18,26157,84.32,0.10000000000000853,0.1,26127,26187,134.82,151.65,30
antes_dia_20,dia 19 - Soja Heterodera Vaso 7,19.0,7.0,0,143.44,26158,84.2,0.11999999999999034,0.1,26128,26188,135.11,151.91,30
antes_dia_20,dia 19 - Soja Heterodera Vaso 7,19.0,7.0,0,143.69,26159,84.09,0.10999999999999943,0.1,26129,26189,135.43,152.16,30
antes_dia_20,dia 19 - Soja Heterodera Vaso 7,19.0,7.0,0,143.98,26160,83.97,0.12000000000000455,0.1,26130,26190,135.72,152.41,30
antes_dia_20,dia 19 - Soja Heterodera Vaso 7,19.0,7.0,0,144.28,26161,83.86,0.10999999999999943,0.1,26131,26191,136.02,152.67,30
antes_dia_20,dia 19 - Soja Heterodera Vaso 7,19.0,7.0,0,144.57,26162,83.75,0.10999999999999943,0.1,26132,26192,136.31,152.95,30
antes_dia_20,dia 19 - Soja Heterodera Vaso 7,19.0,7.0,0,145.18,26164,83.57,0.11000000000001364,0.1,26134,26194,136.84,153.53,30
antes_dia_20,dia 19 - Soja Heterodera Vaso 7,19.0,7.0,0,146.3,26168,83.2,0.10999999999999943,0.1,26138,26198,137.9,154.65,30
antes_dia_20,dia 19 - Soja Heterodera Vaso 7,19.0,7.0,0,148.85,26177,83.27,0.7299999999999898,0.1,26147,26207,140.43,157.17,30
antes_dia_20,dia 19 - Soja Heterodera Vaso 7,19.0,7.0,0,149.11,26178,84.01,0.7400000000000091,0.1,26148,26208,140.68,157.47,30
antes_dia_20,dia 19 - Soja Heterodera Vaso 7,19.0,7.0,0,149.37,26179,84.61,0.5999999999999943,0.1,26149,26209,140.98,157.73,30
antes_dia_20,dia 19 - Soja Heterodera Vaso 7,19.0,7.0,0,149.64,26180,85.03,0.4200000000000017,0.1,26150,26210,141.28,157.99,30
antes_dia_20,dia 19 - Soja Heterodera Vaso 7,19.0,7.0,0,149.91,26181,85.5,0.46999999999999886,0.1,26151,26211,141.57,158.24,30
antes_dia_20,dia 19 - Soja Heterodera Vaso 7,19.0,7.0,0,150.21,26182,86.26,0.7600000000000051,0.1,26152,26212,141.85,158.5,30
antes_dia_20,dia 19 - Soja Heterodera Vaso 7,19.0,7.0,0,150.52,26183,87.15,0.8900000000000006,0.1,26153,26213,142.13,158.75,30
antes_dia_20,dia 19 - Soja Heterodera Vaso 7,19.0,7.0,0,150.83,26184,88.07,0.9199999999999875,0.1,26154,26214,142.39,159.01,30
antes_dia_20,dia 19 - Soja Heterodera Vaso 7,19.0,7.0,0,151.13,26185,88.91,0.8400000000000034,0.1,26155,26215,142.65,159.31,30
antes_dia_20,dia 19 - Soja Heterodera Vaso 7,19.0,7.0,0,151.39,26186,89.59,0.6800000000000068,0.1,26156,26216,142.91,159.61,30
antes_dia_20,dia 19 - Soja Heterodera Vaso 7,19.0,7.0,0,151.65,26187,90.23,0.6400000000000006,0.1,26157,26217,143.18,159.89,30
antes_dia_20,dia 19 - Soja Heterodera Vaso 7,19.0,7.0,0,151.91,26188,90.79,0.5600000000000023,0.1,26158,26218,143.44,160.18,30
antes_dia_20,dia 19 - Soja Heterodera Vaso 7,19.0,7.0,0,152.16,26189,91.29,0.5,0.1,26159,26219,143.69,160.48,30
antes_dia_20,dia 19 - Soja Heterodera Vaso 7,19.0,7.0,0,152.41,26190,91.73,0.4399999999999977,0.1,26160,26220,143.98,160.74,30
antes_dia_20,dia 19 - Soja Heterodera Vaso 7,19.0,7.0,0,152.67,26191,92.12,0.39000000000000057,0.1,26161,26221,144.28,161.01,30
antes_dia_20,dia 19 - Soja Heterodera Vaso 7,19.0,7.0,0,152.95,26192,92.49,0.36999999999999034,0.1,26162,26222,144.57,161.27,30
antes_dia_20,dia 19 - Soja Heterodera Vaso 7,19.0,7.0,0,153.23,26193,92.79,0.30000000000001137,0.1,26163,26223,144.86,161.54,30
antes_dia_20,dia 19 - Soja Heterodera Vaso 7,19.0,7.0,0,153.53,26194,93.05,0.2599999999999909,0.1,26164,26224,145.18,161.8,30
antes_dia_20,dia 19 - Soja Heterodera Vaso 7,19.0,7.0,0,153.84,26195,93.24,0.18999999999999773,0.1,26165,26225,145.43,162.06,30
antes_dia_20,dia 19 - Soja Heterodera Vaso 7,19.0,7.0,0,154.13,26196,93.37,0.13000000000000966,0.1,26166,26226,145.69,162.32,30
antes_dia_20,dia 19 - Soja Heterodera Vaso 8,19.0,8.0,0,115.22,27567,88.94,0.12000000000000455,0.1,27537,27597,107.16,123.67,30
antes_dia_20,dia 19 - Soja Heterodera Vaso 8,19.0,8.0,0,116.1,27570,88.67,0.2600000000000051,0.1,27540,27600,107.93,124.48,30
antes_dia_20,dia 19 - Soja Heterodera Vaso 8,19.0,8.0,0,116.36,27571,88.36,0.3100000000000023,0.1,27541,27601,108.17,124.79,30
antes_dia_20,dia 19 - Soja Heterodera Vaso 8,19.0,8.0,0,116.74,27572,88.0,0.35999999999999943,0.1,27542,27602,108.43,125.05,30
antes_dia_20,dia 19 - Soja Heterodera Vaso 8,19.0,8.0,0,117.0,27573,87.69,0.3100000000000023,0.1,27543,27603,108.72,125.33,30
antes_dia_20,dia 19 - Soja Heterodera Vaso 8,19.0,8.0,0,117.27,27574,87.37,0.3199999999999932,0.1,27544,27604,109.02,125.65,30
antes_dia_20,dia 19 - Soja Heterodera Vaso 8,19.0,8.0,0,117.53,27575,87.17,0.20000000000000284,0.1,27545,27605,109.31,125.91,30
antes_dia_20,dia 19 - Soja Heterodera Vaso 8,19.0,8.0,0,117.79,27576,86.9,0.269999999999996,0.1,27546,27606,109.61,126.17,30
antes_dia_20,dia 19 - Soja Heterodera Vaso 8,19.0,8.0,0,118.06,27577,86.7,0.20000000000000284,0.1,27547,27607,109.92,126.43,30
antes_dia_20,dia 19 - Soja Heterodera Vaso 8,19.0,8.0,0,118.37,27578,86.42,0.28000000000000114,0.1,27548,27608,110.17,126.68,30
antes_dia_20,dia 19 - Soja Heterodera Vaso 8,19.0,8.0,0,118.7,27579,86.17,0.25,0.1,27549,27609,110.42,126.93,30
antes_dia_20,dia 19 - Soja Heterodera Vaso 8,19.0,8.0,0,119.0,27580,85.98,0.18999999999999773,0.1,27550,27610,110.67,127.19,30
antes_dia_20,dia 19 - Soja Heterodera Vaso 8,19.0,8.0,0,119.32,27581,85.8,0.18000000000000682,0.1,27551,27611,110.92,127.48,30
antes_dia_20,dia 19 - Soja Heterodera Vaso 8,19.0,8.0,0,119.58,27582,85.69,0.10999999999999943,0.1,27552,27612,111.18,127.78,30
antes_dia_20,dia 19 - Soja Heterodera Vaso 8,19.0,8.0,0,120.09,27584,85.57,0.13000000000000966,0.1,27554,27614,111.68,128.35,30
antes_dia_20,dia 19 - Soja Heterodera Vaso 8,19.0,8.0,0,120.34,27585,85.36,0.20999999999999375,0.1,27555,27615,111.96,128.65,30
antes_dia_20,dia 19 - Soja Heterodera Vaso 8,19.0,8.0,0,120.6,27586,85.14,0.21999999999999886,0.1,27556,27616,112.27,128.91,30
antes_dia_20,dia 19 - Soja Heterodera Vaso 8,19.0,8.0,0,120.86,27587,84.96,0.18000000000000682,0.1,27557,27617,112.56,129.17,30
antes_dia_20,dia 19 - Soja Heterodera Vaso 8,19.0,8.0,0,121.11,27588,84.84,0.11999999999999034,0.1,27558,27618,112.85,129.44,30
antes_dia_20,dia 19 - Soja Heterodera Vaso 8,19.0,8.0,0,121.41,27589,84.66,0.18000000000000682,0.1,27559,27619,113.16,129.7,30
antes_dia_20,dia 19 - Soja Heterodera Vaso 8,19.0,8.0,0,121.71,27590,84.55,0.10999999999999943,0.1,27560,27620,113.41,129.96,30
antes_dia_20,dia 19 - Soja Heterodera Vaso 8,19.0,8.0,0,122.0,27591,84.36,0.18999999999999773,0.1,27561,27621,113.66,130.23,30
antes_dia_20,dia 19 - Soja Heterodera Vaso 8,19.0,8.0,0,122.31,27592,84.2,0.1599999999999966,0.1,27562,27622,113.9,130.49,30
antes_dia_20,dia 19 - Soja Heterodera Vaso 8,19.0,8.0,0,122.63,27593,84.05,0.15000000000000568,0.1,27563,27623,114.14,130.75,30
antes_dia_20,dia 19 - Soja Heterodera Vaso 8,19.0,8.0,0,122.89,27594,83.92,0.12999999999999545,0.1,27564,27624,114.38,131.04,30
antes_dia_20,dia 19 - Soja Heterodera Vaso 8,19.0,8.0,0,123.15,27595,83.8,0.12000000000000455,0.1,27565,27625,114.63,131.34,30
antes_dia_20,dia 19 - Soja Heterodera Vaso 8,19.0,8.0,0,123.67,27597,83.59,0.11999999999999034,0.1,27567,27627,115.22,132.04,30
antes_dia_20,dia 19 - Soja Heterodera Vaso 8,19.0,8.0,0,126.17,27606,83.21,0.22999999999998977,0.1,27576,27636,117.79,134.52,30
antes_dia_20,dia 19 - Soja Heterodera Vaso 8,19.0,8.0,0,126.43,27607,83.94,0.730000000000004,0.1,27577,27637,118.06,134.8,30
antes_dia_20,dia 19 - Soja Heterodera Vaso 8,19.0,8.0,0,126.68,27608,84.54,0.6000000000000085,0.1,27578,27638,118.37,135.1,30
antes_dia_20,dia 19 - Soja Heterodera Vaso 8,19.0,8.0,0,126.93,27609,85.0,0.45999999999999375,0.1,27579,27639,118.7,135.41,30
antes_dia_20,dia 19 - Soja Heterodera Vaso 8,19.0,8.0,0,127.19,27610,85.38,0.37999999999999545,0.1,27580,27640,119.0,135.67,30
antes_dia_20,dia 19 - Soja Heterodera Vaso 8,19.0,8.0,0,127.48,27611,86.02,0.6400000000000006,0.1,27581,27641,119.32,135.93,30
antes_dia_20,dia 19 - Soja Heterodera Vaso 8,19.0,8.0,0,127.78,27612,86.96,0.9399999999999977,0.1,27582,27642,119.58,136.19,30
antes_dia_20,dia 19 - Soja Heterodera Vaso 8,19.0,8.0,0,128.04,27613,87.75,0.7900000000000063,0.1,27583,27643,119.84,136.45,30
antes_dia_20,dia 19 - Soja Heterodera Vaso 8,19.0,8.0,0,128.35,27614,88.62,0.8700000000000045,0.1,27584,27644,120.09,136.72,30
antes_dia_20,dia 19 - Soja Heterodera Vaso 8,19.0,8.0,0,128.65,27615,89.4,0.7800000000000011,0.1,27585,27645,120.34,136.98,30
antes_dia_20,dia 19 - Soja Heterodera Vaso 8,19.0,8.0,0,128.91,27616,90.04,0.6400000000000006,0.1,27586,27646,120.6,137.25,30
antes_dia_20,dia 19 - Soja Heterodera Vaso 8,19.0,8.0,0,129.17,27617,90.63,0.5899999999999892,0.1,27587,27647,120.86,137.53,30
antes_dia_20,dia 19 - Soja Heterodera Vaso 8,19.0,8.0,0,129.44,27618,91.17,0.5400000000000063,0.1,27588,27648,121.11,137.84,30
antes_dia_20,dia 19 - Soja Heterodera Vaso 8,19.0,8.0,0,129.7,27619,91.65,0.480000000000004,0.1,27589,27649,121.41,138.13,30
antes_dia_20,dia 19 - Soja Heterodera Vaso 8,19.0,8.0,0,129.96,27620,92.07,0.4199999999999875,0.1,27590,27650,121.71,138.42,30
antes_dia_20,dia 19 - Soja Heterodera Vaso 8,19.0,8.0,0,130.23,27621,92.44,0.37000000000000455,0.1,27591,27651,122.0,138.71,30
antes_dia_20,dia 19 - Soja Heterodera Vaso 8,19.0,8.0,0,130.49,27622,92.73,0.29000000000000625,0.1,27592,27652,122.31,138.97,30
antes_dia_20,dia 19 - Soja Heterodera Vaso 8,19.0,8.0,0,130.75,27623,92.97,0.23999999999999488,0.1,27593,27653,122.63,139.23,30
antes_dia_20,dia 19 - Soja Heterodera Vaso 8,19.0,8.0,0,131.04,27624,93.18,0.21000000000000796,0.1,27594,27654,122.89,139.49,30
antes_dia_20,dia 19 - Soja Heterodera Vaso 8,19.0,8.0,0,131.34,27625,93.32,0.13999999999998636,0.1,27595,27655,123.15,139.74,30
antes_dia_20,dia 19 - Soja Heterodera Vaso 8,19.0,8.0,0,131.63,27626,93.45,0.13000000000000966,0.1,27596,27656,123.41,139.99,30
antes_dia_20,dia 19 - Soja Heterodera Vaso 8,19.0,8.0,0,132.04,27627,93.56,0.10999999999999943,0.1,27597,27657,123.67,140.25,30
antes_dia_20,dia 19 - Soja Heterodera Vaso 9,19.0,9.0,0,115.22,29080,88.94,0.12000000000000455,0.1,29050,29110,107.16,123.67,30
antes_dia_20,dia 19 - Soja Heterodera Vaso 9,19.0,9.0,0,116.1,29083,88.67,0.2600000000000051,0.1,29053,29113,107.93,124.48,30
antes_dia_20,dia 19 - Soja Heterodera Vaso 9,19.0,9.0,0,116.36,29084,88.36,0.3100000000000023,0.1,29054,29114,108.17,124.79,30
antes_dia_20,dia 19 - Soja Heterodera Vaso 9,19.0,9.0,0,116.74,29085,88.0,0.35999999999999943,0.1,29055,29115,108.43,125.05,30
antes_dia_20,dia 19 - Soja Heterodera Vaso 9,19.0,9.0,0,117.0,29086,87.69,0.3100000000000023,0.1,29056,29116,108.72,125.33,30
antes_dia_20,dia 19 - Soja Heterodera Vaso 9,19.0,9.0,0,117.27,29087,87.37,0.3199999999999932,0.1,29057,29117,109.02,125.65,30
antes_dia_20,dia 19 - Soja Heterodera Vaso 9,19.0,9.0,0,117.53,29088,87.17,0.20000000000000284,0.1,29058,29118,109.31,125.91,30
antes_dia_20,dia 19 - Soja Heterodera Vaso 9,19.0,9.0,0,117.79,29089,86.9,0.269999999999996,0.1,29059,29119,109.61,126.17,30
antes_dia_20,dia 19 - Soja Heterodera Vaso 9,19.0,9.0,0,118.06,29090,86.7,0.20000000000000284,0.1,29060,29120,109.92,126.43,30
antes_dia_20,dia 19 - Soja Heterodera Vaso 9,19.0,9.0,0,118.37,29091,86.42,0.28000000000000114,0.1,29061,29121,110.17,126.68,30
antes_dia_20,dia 19 - Soja Heterodera Vaso 9,19.0,9.0,0,118.7,29092,86.17,0.25,0.1,29062,29122,110.42,126.93,30
antes_dia_20,dia 19 - Soja Heterodera Vaso 9,19.0,9.0,0,119.0,29093,85.98,0.18999999999999773,0.1,29063,29123,110.67,127.19,30
antes_dia_20,dia 19 - Soja Heterodera Vaso 9,19.0,9.0,0,119.32,29094,85.8,0.18000000000000682,0.1,29064,29124,110.92,127.48,30
antes_dia_20,dia 19 - Soja Heterodera Vaso 9,19.0,9.0,0,119.58,29095,85.69,0.10999999999999943,0.1,29065,29125,111.18,127.78,30
antes_dia_20,dia 19 - Soja Heterodera Vaso 9,19.0,9.0,0,120.09,29097,85.57,0.13000000000000966,0.1,29067,29127,111.68,128.35,30
antes_dia_20,dia 19 - Soja Heterodera Vaso 9,19.0,9.0,0,120.34,29098,85.36,0.20999999999999375,0.1,29068,29128,111.96,128.65,30
antes_dia_20,dia 19 - Soja Heterodera Vaso 9,19.0,9.0,0,120.6,29099,85.14,0.21999999999999886,0.1,29069,29129,112.27,128.91,30
antes_dia_20,dia 19 - Soja Heterodera Vaso 9,19.0,9.0,0,120.86,29100,84.96,0.18000000000000682,0.1,29070,29130,112.56,129.17,30
antes_dia_20,dia 19 - Soja Heterodera Vaso 9,19.0,9.0,0,121.11,29101,84.84,0.11999999999999034,0.1,29071,29131,112.85,129.44,30
antes_dia_20,dia 19 - Soja Heterodera Vaso 9,19.0,9.0,0,121.41,29102,84.66,0.18000000000000682,0.1,29072,29132,113.16,129.7,30
antes_dia_20,dia 19 - Soja Heterodera Vaso 9,19.0,9.0,0,121.71,29103,84.55,0.10999999999999943,0.1,29073,29133,113.41,129.96,30
antes_dia_20,dia 19 - Soja Heterodera Vaso 9,19.0,9.0,0,122.0,29104,84.36,0.18999999999999773,0.1,29074,29134,113.66,130.23,30
antes_dia_20,dia 19 - Soja Heterodera Vaso 9,19.0,9.0,0,122.31,29105,84.2,0.1599999999999966,0.1,29075,29135,113.9,130.49,30
antes_dia_20,dia 19 - Soja Heterodera Vaso 9,19.0,9.0,0,122.63,29106,84.05,0.15000000000000568,0.1,29076,29136,114.14,130.75,30
antes_dia_20,dia 19 - Soja Heterodera Vaso 9,19.0,9.0,0,122.89,29107,83.92,0.12999999999999545,0.1,29077,29137,114.38,131.04,30
antes_dia_20,dia 19 - Soja Heterodera Vaso 9,19.0,9.0,0,123.15,29108,83.8,0.12000000000000455,0.1,29078,29138,114.63,131.34,30
antes_dia_20,dia 19 - Soja Heterodera Vaso 9,19.0,9.0,0,123.67,29110,83.59,0.11999999999999034,0.1,29080,29140,115.22,132.04,30
antes_dia_20,dia 19 - Soja Heterodera Vaso 9,19.0,9.0,0,126.17,29119,83.21,0.22999999999998977,0.1,29089,29149,117.79,134.52,30
antes_dia_20,dia 19 - Soja Heterodera Vaso 9,19.0,9.0,0,126.43,29120,83.94,0.730000000000004,0.1,29090,29150,118.06,134.8,30
antes_dia_20,dia 19 - Soja Heterodera Vaso 9,19.0,9.0,0,126.68,29121,84.54,0.6000000000000085,0.1,29091,29151,118.37,135.1,30
antes_dia_20,dia 19 - Soja Heterodera Vaso 9,19.0,9.0,0,126.93,29122,85.0,0.45999999999999375,0.1,29092,29152,118.7,135.41,30
antes_dia_20,dia 19 - Soja Heterodera Vaso 9,19.0,9.0,0,127.19,29123,85.38,0.37999999999999545,0.1,29093,29153,119.0,135.67,30
antes_dia_20,dia 19 - Soja Heterodera Vaso 9,19.0,9.0,0,127.48,29124,86.02,0.6400000000000006,0.1,29094,29154,119.32,135.93,30
antes_dia_20,dia 19 - Soja Heterodera Vaso 9,19.0,9.0,0,127.78,29125,86.96,0.9399999999999977,0.1,29095,29155,119.58,136.19,30
antes_dia_20,dia 19 - Soja Heterodera Vaso 9,19.0,9.0,0,128.04,29126,87.75,0.7900000000000063,0.1,29096,29156,119.84,136.45,30
antes_dia_20,dia 19 - Soja Heterodera Vaso 9,19.0,9.0,0,128.35,29127,88.62,0.8700000000000045,0.1,29097,29157,120.09,136.72,30
antes_dia_20,dia 19 - Soja Heterodera Vaso 9,19.0,9.0,0,128.65,29128,89.4,0.7800000000000011,0.1,29098,29158,120.34,136.98,30
antes_dia_20,dia 19 - Soja Heterodera Vaso 9,19.0,9.0,0,128.91,29129,90.04,0.6400000000000006,0.1,29099,29159,120.6,137.25,30
antes_dia_20,dia 19 - Soja Heterodera Vaso 9,19.0,9.0,0,129.17,29130,90.63,0.5899999999999892,0.1,29100,29160,120.86,137.53,30
antes_dia_20,dia 19 - Soja Heterodera Vaso 9,19.0,9.0,0,129.44,29131,91.17,0.5400000000000063,0.1,29101,29161,121.11,137.84,30
antes_dia_20,dia 19 - Soja Heterodera Vaso 9,19.0,9.0,0,129.7,29132,91.65,0.480000000000004,0.1,29102,29162,121.41,138.13,30
antes_dia_20,dia 19 - Soja Heterodera Vaso 9,19.0,9.0,0,129.96,29133,92.07,0.4199999999999875,0.1,29103,29163,121.71,138.42,30
antes_dia_20,dia 19 - Soja Heterodera Vaso 9,19.0,9.0,0,130.23,29134,92.44,0.37000000000000455,0.1,29104,29164,122.0,138.71,30
antes_dia_20,dia 19 - Soja Heterodera Vaso 9,19.0,9.0,0,130.49,29135,92.73,0.29000000000000625,0.1,29105,29165,122.31,138.97,30
antes_dia_20,dia 19 - Soja Heterodera Vaso 9,19.0,9.0,0,130.75,29136,92.97,0.23999999999999488,0.1,29106,29166,122.63,139.23,30
antes_dia_20,dia 19 - Soja Heterodera Vaso 9,19.0,9.0,0,131.04,29137,93.18,0.21000000000000796,0.1,29107,29167,122.89,139.49,30
antes_dia_20,dia 19 - Soja Heterodera Vaso 9,19.0,9.0,0,131.34,29138,93.32,0.13999999999998636,0.1,29108,29168,123.15,139.74,30
antes_dia_20,dia 19 - Soja Heterodera Vaso 9,19.0,9.0,0,131.63,29139,93.45,0.13000000000000966,0.1,29109,29169,123.41,139.99,30
antes_dia_20,dia 19 - Soja Heterodera Vaso 9,19.0,9.0,0,132.04,29140,93.56,0.10999999999999943,0.1,29110,29170,123.67,140.25,30
antes_dia_20,dia 19 - Soja Heterodera Vaso 1,19.0,1.0,0,82.62,30494,84.39,0.12000000000000455,0.1,30493,30524,82.36,92.5,30
antes_dia_20,dia 19 - Soja Heterodera Vaso 1,19.0,1.0,0,82.89,30495,84.13,0.2600000000000051,0.1,30493,30525,82.36,92.8,30
antes_dia_20,dia 19 - Soja Heterodera Vaso 1,19.0,1.0,0,83.16,30496,83.84,0.28999999999999204,0.1,30493,30526,82.36,93.13,30
antes_dia_20,dia 19 - Soja Heterodera Vaso 1,19.0,1.0,0,84.56,30497,82.67,1.1700000000000017,0.1,30493,30527,82.36,93.41,30
antes_dia_20,dia 19 - Soja Heterodera Vaso 1,19.0,1.0,0,84.88,30498,82.43,0.23999999999999488,0.1,30493,30528,82.36,93.68,30
antes_dia_20,dia 19 - Soja Heterodera Vaso 1,19.0,1.0,0,85.22,30499,82.18,0.25,0.1,30493,30529,82.36,93.94,30
antes_dia_20,dia 19 - Soja Heterodera Vaso 1,19.0,1.0,0,85.52,30500,81.96,0.22000000000001307,0.1,30493,30530,82.36,94.2,30
antes_dia_20,dia 19 - Soja Heterodera Vaso 1,19.0,1.0,0,85.82,30501,81.75,0.20999999999999375,0.1,30493,30531,82.36,94.46,30
antes_dia_20,dia 19 - Soja Heterodera Vaso 1,19.0,1.0,0,86.15,30502,81.57,0.18000000000000682,0.1,30493,30532,82.36,94.82,30
antes_dia_20,dia 19 - Soja Heterodera Vaso 1,19.0,1.0,0,86.7,30504,81.47,0.10999999999999943,0.1,30493,30534,82.36,95.44,30
antes_dia_20,dia 19 - Soja Heterodera Vaso 1,19.0,1.0,0,86.96,30505,82.14,0.6700000000000017,0.1,30493,30535,82.36,95.77,30
antes_dia_20,dia 19 - Soja Heterodera Vaso 1,19.0,1.0,0,87.22,30506,82.81,0.6700000000000017,0.1,30493,30536,82.36,96.07,30
antes_dia_20,dia 19 - Soja Heterodera Vaso 1,19.0,1.0,0,87.48,30507,83.42,0.6099999999999994,0.1,30493,30537,82.36,96.38,30
antes_dia_20,dia 19 - Soja Heterodera Vaso 1,19.0,1.0,0,87.74,30508,83.99,0.5699999999999932,0.1,30493,30538,82.36,96.73,30
antes_dia_20,dia 19 - Soja Heterodera Vaso 1,19.0,1.0,0,88.04,30509,84.61,0.6200000000000045,0.1,30493,30539,82.36,96.99,30
antes_dia_20,dia 19 - Soja Heterodera Vaso 1,19.0,1.0,0,88.37,30510,85.34,0.730000000000004,0.1,30493,30540,82.36,97.26,30
antes_dia_20,dia 19 - Soja Heterodera Vaso 1,19.0,1.0,0,88.7,30511,85.96,0.6199999999999903,0.1,30493,30541,82.36,97.53,30
antes_dia_20,dia 19 - Soja Heterodera Vaso 1,19.0,1.0,0,89.01,30512,86.32,0.35999999999999943,0.1,30493,30542,82.36,97.8,30
antes_dia_20,dia 19 - Soja Heterodera Vaso 1,19.0,1.0,0,89.33,30513,86.74,0.4200000000000017,0.1,30493,30543,82.36,98.06,30
antes_dia_20,dia 19 - Soja Heterodera Vaso 1,19.0,1.0,0,89.66,30514,87.57,0.8299999999999983,0.1,30493,30544,82.36,98.34,30
antes_dia_20,dia 19 - Soja Heterodera Vaso 1,19.0,1.0,0,89.93,30515,88.32,0.75,0.1,30493,30545,82.36,98.65,30
antes_dia_20,dia 19 - Soja Heterodera Vaso 1,19.0,1.0,0,90.19,30516,89.02,0.7000000000000028,0.1,30493,30546,82.36,98.97,30
antes_dia_20,dia 19 - Soja Heterodera Vaso 1,19.0,1.0,0,90.47,30517,89.7,0.6800000000000068,0.1,30493,30547,82.36,99.28,30
antes_dia_20,dia 19 - Soja Heterodera Vaso 1,19.0,1.0,0,90.74,30518,90.32,0.6199999999999903,0.1,30493,30548,82.36,99.59,30
antes_dia_20,dia 19 - Soja Heterodera Vaso 1,19.0,1.0,0,91.0,30519,90.89,0.5700000000000074,0.1,30493,30549,82.36,99.92,30
antes_dia_20,dia 19 - Soja Heterodera Vaso 1,19.0,1.0,0,91.27,30520,91.41,0.519999999999996,0.1,30493,30550,82.36,100.2,30
antes_dia_20,dia 19 - Soja Heterodera Vaso 1,19.0,1.0,0,91.54,30521,91.88,0.46999999999999886,0.1,30493,30551,82.36,100.47,30
antes_dia_20,dia 19 - Soja Heterodera Vaso 1,19.0,1.0,0,91.86,30522,92.33,0.45000000000000284,0.1,30493,30552,82.36,100.73,30
antes_dia_20,dia 19 - Soja Heterodera Vaso 1,19.0,1.0,0,92.2,30523,92.73,0.4000000000000057,0.1,30493,30553,82.36,100.99,30
antes_dia_20,dia 19 - Soja Heterodera Vaso 1,19.0,1.0,0,92.5,30524,92.99,0.2599999999999909,0.1,30494,30554,82.62,101.25,30
antes_dia_20,dia 19 - Soja Heterodera Vaso 1,19.0,1.0,0,92.8,30525,93.2,0.21000000000000796,0.1,30495,30555,82.89,101.51,30
antes_dia_20,dia 19 - Soja Heterodera Vaso 1,19.0,1.0,0,93.13,30526,93.36,0.1599999999999966,0.1,30496,30556,83.16,101.81,30
antes_dia_20,dia 18 - Soja Saudavel Vaso 1,18.0,1.0,1,300.2,32974,92.9,0.5999999999999943,0.1,32944,33004,294.77,305.73,30
antes_dia_20,dia 18 - Soja Saudavel Vaso 1,18.0,1.0,1,300.37,32975,92.06,0.8400000000000034,0.1,32945,33005,294.95,305.92,30
antes_dia_20,dia 18 - Soja Saudavel Vaso 1,18.0,1.0,1,300.55,32976,91.38,0.6800000000000068,0.1,32946,33006,295.13,306.1,30
antes_dia_20,dia 18 - Soja Saudavel Vaso 1,18.0,1.0,1,300.74,32977,90.77,0.6099999999999994,0.1,32947,33007,295.32,306.28,30
antes_dia_20,dia 18 - Soja Saudavel Vaso 1,18.0,1.0,1,300.92,32978,90.23,0.539999999999992,0.1,32948,33008,295.5,306.46,30
antes_dia_20,dia 18 - Soja Saudavel Vaso 1,18.0,1.0,1,301.11,32979,89.75,0.480000000000004,0.1,32949,33009,295.68,306.64,30
antes_dia_20,dia 18 - Soja Saudavel Vaso 1,18.0,1.0,1,301.29,32980,89.32,0.4300000000000068,0.1,32950,33010,295.87,306.83,30
antes_dia_20,dia 18 - Soja Saudavel Vaso 1,18.0,1.0,1,301.48,32981,88.86,0.45999999999999375,0.1,32951,33011,296.05,307.01,30
antes_dia_20,dia 18 - Soja Saudavel Vaso 1,18.0,1.0,1,301.66,32982,88.48,0.37999999999999545,0.1,32952,33012,296.23,307.2,30
antes_dia_20,dia 18 - Soja Saudavel Vaso 1,18.0,1.0,1,301.84,32983,88.11,0.37000000000000455,0.1,32953,33013,296.4,307.38,30
antes_dia_20,dia 18 - Soja Saudavel Vaso 1,18.0,1.0,1,302.02,32984,87.78,0.3299999999999983,0.1,32954,33014,296.58,307.56,30
antes_dia_20,dia 18 - Soja Saudavel Vaso 1,18.0,1.0,1,302.2,32985,87.45,0.3299999999999983,0.1,32955,33015,296.76,307.73,30
antes_dia_20,dia 18 - Soja Saudavel Vaso 1,18.0,1.0,1,302.38,32986,87.14,0.3100000000000023,0.1,32956,33016,296.93,307.91,30
antes_dia_20,dia 18 - Soja Saudavel Vaso 1,18.0,1.0,1,302.56,32987,86.82,0.3200000000000074,0.1,32957,33017,297.11,308.08,30
antes_dia_20,dia 18 - Soja Saudavel Vaso 1,18.0,1.0,1,302.74,32988,86.54,0.2799999999999869,0.1,32958,33018,297.31,308.26,30
antes_dia_20,dia 18 - Soja Saudavel Vaso 1,18.0,1.0,1,303.01,32989,86.1,0.44000000000001194,0.1,32959,33019,297.5,308.43,30
antes_dia_20,dia 18 - Soja Saudavel Vaso 1,18.0,1.0,1,303.19,32990,85.82,0.28000000000000114,0.1,32960,33020,297.68,308.61,30
antes_dia_20,dia 18 - Soja Saudavel Vaso 1,18.0,1.0,1,303.36,32991,85.56,0.2599999999999909,0.1,32961,33021,297.86,308.8,30
antes_dia_20,dia 18 - Soja Saudavel Vaso 1,18.0,1.0,1,303.54,32992,85.31,0.25,0.1,32962,33022,298.05,308.99,30
antes_dia_20,dia 18 - Soja Saudavel Vaso 1,18.0,1.0,1,303.71,32993,85.05,0.2600000000000051,0.1,32963,33023,298.23,309.18,30
antes_dia_20,dia 18 - Soja Saudavel Vaso 1,18.0,1.0,1,303.9,32994,84.74,0.3100000000000023,0.1,32964,33024,298.41,309.36,30
antes_dia_20,dia 18 - Soja Saudavel Vaso 1,18.0,1.0,1,304.08,32995,84.41,0.3299999999999983,0.1,32965,33025,298.59,309.54,30
antes_dia_20,dia 18 - Soja Saudavel Vaso 1,18.0,1.0,1,304.27,32996,84.1,0.3100000000000023,0.1,32966,33026,298.77,309.73,30
antes_dia_20,dia 18 - Soja Saudavel Vaso 1,18.0,1.0,1,304.45,32997,83.85,0.25,0.1,32967,33027,298.95,309.91,30
antes_dia_20,dia 18 - Soja Saudavel Vaso 1,18.0,1.0,1,304.63,32998,83.62,0.22999999999998977,0.1,32968,33028,299.14,310.09,30
antes_dia_20,dia 18 - Soja Saudavel Vaso 1,18.0,1.0,1,304.81,32999,83.33,0.29000000000000625,0.1,32969,33029,299.32,310.27,30
antes_dia_20,dia 18 - Soja Saudavel Vaso 1,18.0,1.0,1,305.0,33000,83.04,0.28999999999999204,0.1,32970,33030,299.5,310.46,30
antes_dia_20,dia 18 - Soja Saudavel Vaso 1,18.0,1.0,1,305.18,33001,82.75,0.29000000000000625,0.1,32971,33031,299.67,310.64,30
antes_dia_20,dia 18 - Soja Saudavel Vaso 1,18.0,1.0,1,305.36,33002,82.46,0.29000000000000625,0.1,32972,33032,299.85,310.83,30
antes_dia_20,dia 18 - Soja Saudavel Vaso 1,18.0,1.0,1,305.55,33003,82.15,0.30999999999998806,0.1,32973,33033,300.02,311.01,30
antes_dia_20,dia 18 - Soja Saudavel Vaso 1,18.0,1.0,1,305.73,33004,81.85,0.30000000000001137,0.1,32974,33034,300.2,311.18,30
antes_dia_20,dia 18 - Soja Saudavel Vaso 1,18.0,1.0,1,305.92,33005,81.59,0.2599999999999909,0.1,32975,33035,300.37,311.36,30
antes_dia_20,dia 18 - Soja Saudavel Vaso 1,18.0,1.0,1,306.1,33006,81.33,0.2600000000000051,0.1,32976,33036,300.55,311.54,30
antes_dia_20,dia 18 - Soja Saudavel Vaso 1,18.0,1.0,1,306.28,33007,81.08,0.25,0.1,32977,33037,300.74,311.71,30
antes_dia_20,dia 18 - Soja Saudavel Vaso 1,18.0,1.0,1,306.46,33008,80.82,0.2600000000000051,0.1,32978,33038,300.92,311.89,30
antes_dia_20,dia 18 - Soja Saudavel Vaso 1,18.0,1.0,1,306.64,33009,80.54,0.2799999999999869,0.1,32979,33039,301.11,312.06,30
antes_dia_20,dia 18 - Soja Saudavel Vaso 1,18.0,1.0,1,306.83,33010,80.28,0.2600000000000051,0.1,32980,33040,301.29,312.25,30
antes_dia_20,dia 18 - Soja Saudavel Vaso 1,18.0,1.0,1,307.01,33011,80.02,0.2600000000000051,0.1,32981,33041,301.48,312.44,30
antes_dia_20,dia 18 - Soja Saudavel Vaso 1,18.0,1.0,1,307.2,33012,79.77,0.25,0.1,32982,33042,301.66,312.62,30
antes_dia_20,dia 18 - Soja Saudavel Vaso 1,18.0,1.0,1,307.38,33013,79.49,0.28000000000000114,0.1,32983,33043,301.84,312.81,30
antes_dia_20,dia 18 - Soja Saudavel Vaso 1,18.0,1.0,1,307.56,33014,79.24,0.25,0.1,32984,33044,302.02,312.99,30
antes_dia_20,dia 18 - Soja Saudavel Vaso 1,18.0,1.0,1,307.73,33015,79.0,0.23999999999999488,0.1,32985,33045,302.2,313.42,30
antes_dia_20,dia 18 - Soja Saudavel Vaso 1,18.0,1.0,1,307.91,33016,78.74,0.2600000000000051,0.1,32986,33046,302.38,313.6,30
antes_dia_20,dia 18 - Soja Saudavel Vaso 1,18.0,1.0,1,308.08,33017,78.47,0.269999999999996,0.1,32987,33047,302.56,313.79,30
antes_dia_20,dia 18 - Soja Saudavel Vaso 1,18.0,1.0,1,308.26,33018,78.25,0.21999999999999886,0.1,32988,33048,302.74,313.97,30
antes_dia_20,dia 18 - Soja Saudavel Vaso 1,18.0,1.0,1,308.43,33019,78.02,0.23000000000000398,0.1,32989,33049,303.01,314.15,30
antes_dia_20,dia 18 - Soja Saudavel Vaso 1,18.0,1.0,1,308.61,33020,77.8,0.21999999999999886,0.1,32990,33050,303.19,314.34,30
antes_dia_20,dia 18 - Soja Saudavel Vaso 1,18.0,1.0,1,308.8,33021,77.55,0.25,0.1,32991,33051,303.36,314.52,30
antes_dia_20,dia 18 - Soja Saudavel Vaso 1,18.0,1.0,1,308.99,33022,77.34,0.20999999999999375,0.1,32992,33052,303.54,314.7,30
antes_dia_20,dia 18 - Soja Saudavel Vaso 1,18.0,1.0,1,309.18,33023,77.12,0.21999999999999886,0.1,32993,33053,303.71,314.87,30
antes_dia_20,dia 18 - Soja Saudavel Vaso 1,18.0,1.0,1,309.36,33024,76.89,0.23000000000000398,0.1,32994,33054,303.9,315.05,30
antes_dia_20,dia 18 - Soja Saudavel Vaso 1,18.0,1.0,1,309.54,33025,76.67,0.21999999999999886,0.1,32995,33055,304.08,315.22,30
antes_dia_20,dia 18 - Soja Saudavel Vaso 1,18.0,1.0,1,309.73,33026,76.44,0.23000000000000398,0.1,32996,33056,304.27,315.4,30
antes_dia_20,dia 18 - Soja Saudavel Vaso 1,18.0,1.0,1,309.91,33027,76.22,0.21999999999999886,0.1,32997,33057,304.45,315.57,30
antes_dia_20,dia 18 - Soja Saudavel Vaso 1,18.0,1.0,1,310.09,33028,76.01,0.20999999999999375,0.1,32998,33058,304.63,315.76,30
antes_dia_20,dia 18 - Soja Saudavel Vaso 1,18.0,1.0,1,310.27,33029,75.79,0.21999999999999886,0.1,32999,33059,304.81,315.94,30
antes_dia_20,dia 18 - Soja Saudavel Vaso 1,18.0,1.0,1,310.46,33030,75.57,0.22000000000001307,0.1,33000,33060,305.0,316.13,30
antes_dia_20,dia 18 - Soja Saudavel Vaso 1,18.0,1.0,1,310.64,33031,75.36,0.20999999999999375,0.1,33001,33061,305.18,316.31,30
antes_dia_20,dia 18 - Soja Saudavel Vaso 1,18.0,1.0,1,310.83,33032,75.14,0.21999999999999886,0.1,33002,33062,305.36,316.5,30
antes_dia_20,dia 18 - Soja Saudavel Vaso 1,18.0,1.0,1,311.01,33033,74.93,0.20999999999999375,0.1,33003,33063,305.55,316.69,30
antes_dia_20,dia 18 - Soja Saudavel Vaso 1,18.0,1.0,1,311.18,33034,74.71,0.22000000000001307,0.1,33004,33064,305.73,316.87,30
antes_dia_20,dia 18 - Soja Saudavel Vaso 1,18.0,1.0,1,311.36,33035,74.51,0.19999999999998863,0.1,33005,33065,305.92,317.07,30
antes_dia_20,dia 18 - Soja Saudavel Vaso 1,18.0,1.0,1,311.54,33036,74.3,0.21000000000000796,0.1,33006,33066,306.1,317.25,30
antes_dia_20,dia 18 - Soja Saudavel Vaso 1,18.0,1.0,1,311.71,33037,74.11,0.18999999999999773,0.1,33007,33067,306.28,317.43,30
antes_dia_20,dia 18 - Soja Saudavel Vaso 1,18.0,1.0,1,311.89,33038,73.91,0.20000000000000284,0.1,33008,33068,306.46,317.62,30
antes_dia_20,dia 18 - Soja Saudavel Vaso 1,18.0,1.0,1,312.06,33039,73.71,0.20000000000000284,0.1,33009,33069,306.64,317.81,30
antes_dia_20,dia 18 - Soja Saudavel Vaso 1,18.0,1.0,1,312.25,33040,73.51,0.19999999999998863,0.1,33010,33070,306.83,317.98,30
antes_dia_20,dia 18 - Soja Saudavel Vaso 1,18.0,1.0,1,312.44,33041,73.3,0.21000000000000796,0.1,33011,33071,307.01,318.16,30
antes_dia_20,dia 18 - Soja Saudavel Vaso 1,18.0,1.0,1,312.62,33042,73.08,0.21999999999999886,0.1,33012,33072,307.2,318.33,30
antes_dia_20,dia 18 - Soja Saudavel Vaso 1,18.0,1.0,1,312.81,33043,72.85,0.23000000000000398,0.1,33013,33073,307.38,318.5,30
antes_dia_20,dia 18 - Soja Saudavel Vaso 1,18.0,1.0,1,312.99,33044,72.63,0.21999999999999886,0.1,33014,33074,307.56,318.68,30
antes_dia_20,dia 18 - Soja Saudavel Vaso 1,18.0,1.0,1,313.42,33045,72.16,0.46999999999999886,0.1,33015,33075,307.73,318.86,30
antes_dia_20,dia 18 - Soja Saudavel Vaso 1,18.0,1.0,1,313.6,33046,71.96,0.20000000000000284,0.1,33016,33076,307.91,319.05,30
antes_dia_20,dia 18 - Soja Saudavel Vaso 1,18.0,1.0,1,313.79,33047,71.78,0.1799999999999926,0.1,33017,33077,308.08,319.23,30
antes_dia_20,dia 18 - Soja Saudavel Vaso 1,18.0,1.0,1,313.97,33048,71.58,0.20000000000000284,0.1,33018,33078,308.26,319.42,30
antes_dia_20,dia 18 - Soja Saudavel Vaso 1,18.0,1.0,1,314.15,33049,71.37,0.20999999999999375,0.1,33019,33079,308.43,319.59,30
antes_dia_20,dia 18 - Soja Saudavel Vaso 1,18.0,1.0,1,314.34,33050,71.17,0.20000000000000284,0.1,33020,33080,308.61,319.78,30
antes_dia_20,dia 18 - Soja Saudavel Vaso 1,18.0,1.0,1,314.52,33051,70.97,0.20000000000000284,0.1,33021,33081,308.8,319.96,30
antes_dia_20,dia 18 - Soja Saudavel Vaso 1,18.0,1.0,1,314.7,33052,70.77,0.20000000000000284,0.1,33022,33082,308.99,320.15,30
antes_dia_20,dia 18 - Soja Saudavel Vaso 1,18.0,1.0,1,314.87,33053,70.58,0.18999999999999773,0.1,33023,33083,309.18,320.33,30
antes_dia_20,dia 18 - Soja Saudavel Vaso 1,18.0,1.0,1,315.05,33054,70.41,0.1700000000000017,0.1,33024,33084,309.36,320.51,30
antes_dia_20,dia 18 - Soja Saudavel Vaso 1,18.0,1.0,1,315.22,33055,70.22,0.18999999999999773,0.1,33025,33085,309.54,320.69,30
antes_dia_20,dia 18 - Soja Saudavel Vaso 1,18.0,1.0,1,315.4,33056,70.04,0.1799999999999926,0.1,33026,33086,309.73,320.87,30
antes_dia_20,dia 18 - Soja Saudavel Vaso 1,18.0,1.0,1,315.57,33057,69.84,0.20000000000000284,0.1,33027,33087,309.91,321.05,30
antes_dia_20,dia 18 - Soja Saudavel Vaso 1,18.0,1.0,1,315.76,33058,69.64,0.20000000000000284,0.1,33028,33088,310.09,321.23,30
antes_dia_20,dia 18 - Soja Saudavel Vaso 1,18.0,1.0,1,315.94,33059,69.45,0.18999999999999773,0.1,33029,33089,310.27,321.4,30
antes_dia_20,dia 18 - Soja Saudavel Vaso 1,18.0,1.0,1,316.13,33060,69.25,0.20000000000000284,0.1,33030,33090,310.46,321.57,30
antes_dia_20,dia 18 - Soja Saudavel Vaso 1,18.0,1.0,1,316.31,33061,74.07,4.819999999999993,0.1,33031,33091,310.64,321.75,30
antes_dia_20,dia 18 - Soja Saudavel Vaso 1,18.0,1.0,1,316.5,33062,78.69,4.6200000000000045,0.1,33032,33092,310.83,321.92,30
antes_dia_20,dia 18 - Soja Saudavel Vaso 1,18.0,1.0,1,316.69,33063,82.62,3.930000000000007,0.1,33033,33093,311.01,322.09,30
antes_dia_20,dia 18 - Soja Saudavel Vaso 1,18.0,1.0,1,316.87,33064,85.9,3.280000000000001,0.1,33034,33094,311.18,322.27,30
antes_dia_20,dia 18 - Soja Saudavel Vaso 1,18.0,1.0,1,317.07,33065,88.86,2.9599999999999937,0.1,33035,33095,311.36,322.46,30
antes_dia_20,dia 18 - Soja Saudavel Vaso 1,18.0,1.0,1,317.25,33066,90.88,2.019999999999996,0.1,33036,33096,311.54,322.65,30
antes_dia_20,dia 18 - Soja Saudavel Vaso 1,18.0,1.0,1,317.43,33067,92.28,1.4000000000000057,0.1,33037,33097,311.71,322.83,30
antes_dia_20,dia 18 - Soja Saudavel Vaso 1,18.0,1.0,1,317.62,33068,93.08,0.7999999999999972,0.1,33038,33098,311.89,323.01,30
antes_dia_20,dia 18 - Soja Saudavel Vaso 1,18.0,1.0,1,317.81,33069,93.41,0.3299999999999983,0.1,33039,33099,312.06,323.19,30
antes_dia_20,dia 18 - Soja Saudavel Vaso 2,18.0,2.0,1,120.19,34268,92.73,0.8100000000000023,0.1,34238,34298,114.05,126.42,30
antes_dia_20,dia 18 - Soja Saudavel Vaso 2,18.0,2.0,1,120.41,34269,91.66,1.0700000000000074,0.1,34239,34299,114.25,126.62,30
antes_dia_20,dia 18 - Soja Saudavel Vaso 2,18.0,2.0,1,120.61,34270,90.86,0.7999999999999972,0.1,34240,34300,114.45,126.84,30
antes_dia_20,dia 18 - Soja Saudavel Vaso 2,18.0,2.0,1,120.81,34271,90.18,0.6799999999999926,0.1,34241,34301,114.65,127.05,30
antes_dia_20,dia 18 - Soja Saudavel Vaso 2,18.0,2.0,1,121.0,34272,89.58,0.6000000000000085,0.1,34242,34302,114.85,127.25,30
antes_dia_20,dia 18 - Soja Saudavel Vaso 2,18.0,2.0,1,121.2,34273,89.0,0.5799999999999983,0.1,34243,34303,115.05,127.45,30
antes_dia_20,dia 18 - Soja Saudavel Vaso 2,18.0,2.0,1,121.4,34274,88.48,0.519999999999996,0.1,34244,34304,115.26,127.65,30
antes_dia_20,dia 18 - Soja Saudavel Vaso 2,18.0,2.0,1,121.6,34275,87.98,0.5,0.1,34245,34305,115.47,127.84,30
antes_dia_20,dia 18 - Soja Saudavel Vaso 2,18.0,2.0,1,121.8,34276,87.5,0.480000000000004,0.1,34246,34306,115.67,128.04,30
antes_dia_20,dia 18 - Soja Saudavel Vaso 2,18.0,2.0,1,122.02,34277,87.03,0.46999999999999886,0.1,34247,34307,115.87,128.24,30
antes_dia_20,dia 18 - Soja Saudavel Vaso 2,18.0,2.0,1,122.22,34278,86.58,0.45000000000000284,0.1,34248,34308,116.09,128.46,30
antes_dia_20,dia 18 - Soja Saudavel Vaso 2,18.0,2.0,1,122.43,34279,86.12,0.45999999999999375,0.1,34249,34309,116.29,128.68,30
antes_dia_20,dia 18 - Soja Saudavel Vaso 2,18.0,2.0,1,122.63,34280,85.69,0.4300000000000068,0.1,34250,34310,116.5,128.88,30
antes_dia_20,dia 18 - Soja Saudavel Vaso 2,18.0,2.0,1,122.84,34281,85.27,0.4200000000000017,0.1,34251,34311,116.7,129.08,30
antes_dia_20,dia 18 - Soja Saudavel Vaso 2,18.0,2.0,1,123.05,34282,84.83,0.4399999999999977,0.1,34252,34312,116.92,129.29,30
antes_dia_20,dia 18 - Soja Saudavel Vaso 2,18.0,2.0,1,123.25,34283,84.43,0.3999999999999915,0.1,34253,34313,117.12,129.5,30
antes_dia_20,dia 18 - Soja Saudavel Vaso 2,18.0,2.0,1,123.45,34284,84.04,0.39000000000000057,0.1,34254,34314,117.32,129.71,30
antes_dia_20,dia 18 - Soja Saudavel Vaso 2,18.0,2.0,1,123.67,34285,83.64,0.4000000000000057,0.1,34255,34315,117.52,129.91,30
antes_dia_20,dia 18 - Soja Saudavel Vaso 2,18.0,2.0,1,123.86,34286,83.26,0.37999999999999545,0.1,34256,34316,117.72,130.12,30
antes_dia_20,dia 18 - Soja Saudavel Vaso 2,18.0,2.0,1,124.06,34287,82.88,0.38000000000000966,0.1,34257,34317,117.92,130.33,30
antes_dia_20,dia 18 - Soja Saudavel Vaso 2,18.0,2.0,1,124.26,34288,82.51,0.36999999999999034,0.1,34258,34318,118.11,130.54,30
antes_dia_20,dia 18 - Soja Saudavel Vaso 2,18.0,2.0,1,124.46,34289,82.14,0.37000000000000455,0.1,34259,34319,118.31,130.74,30
antes_dia_20,dia 18 - Soja Saudavel Vaso 2,18.0,2.0,1,124.66,34290,81.79,0.3499999999999943,0.1,34260,34320,118.52,130.93,30
antes_dia_20,dia 18 - Soja Saudavel Vaso 2,18.0,2.0,1,124.96,34291,81.27,0.5200000000000102,0.1,34261,34321,118.73,131.13,30
antes_dia_20,dia 18 - Soja Saudavel Vaso 2,18.0,2.0,1,125.17,34292,80.9,0.36999999999999034,0.1,34262,34322,118.94,131.33,30
antes_dia_20,dia 18 - Soja Saudavel Vaso 2,18.0,2.0,1,125.38,34293,80.54,0.35999999999999943,0.1,34263,34323,119.14,131.53,30
antes_dia_20,dia 18 - Soja Saudavel Vaso 2,18.0,2.0,1,125.59,34294,80.18,0.35999999999999943,0.1,34264,34324,119.35,131.73,30
antes_dia_20,dia 18 - Soja Saudavel Vaso 2,18.0,2.0,1,125.8,34295,79.84,0.3400000000000034,0.1,34265,34325,119.55,131.93,30
antes_dia_20,dia 18 - Soja Saudavel Vaso 2,18.0,2.0,1,126.01,34296,79.47,0.37000000000000455,0.1,34266,34326,119.76,132.14,30
antes_dia_20,dia 18 - Soja Saudavel Vaso 2,18.0,2.0,1,126.22,34297,79.11,0.35999999999999943,0.1,34267,34327,119.96,132.35,30
antes_dia_20,dia 18 - Soja Saudavel Vaso 2,18.0,2.0,1,126.42,34298,78.78,0.3299999999999983,0.1,34268,34328,120.19,132.55,30
antes_dia_20,dia 18 - Soja Saudavel Vaso 2,18.0,2.0,1,126.62,34299,78.44,0.3400000000000034,0.1,34269,34329,120.41,132.76,30
antes_dia_20,dia 18 - Soja Saudavel Vaso 2,18.0,2.0,1,126.84,34300,78.11,0.3299999999999983,0.1,34270,34330,120.61,132.97,30
antes_dia_20,dia 18 - Soja Saudavel Vaso 2,18.0,2.0,1,127.05,34301,77.77,0.3400000000000034,0.1,34271,34331,120.81,133.18,30
antes_dia_20,dia 18 - Soja Saudavel Vaso 2,18.0,2.0,1,127.25,34302,77.44,0.3299999999999983,0.1,34272,34332,121.0,133.39,30
antes_dia_20,dia 18 - Soja Saudavel Vaso 2,18.0,2.0,1,127.45,34303,77.14,0.29999999999999716,0.1,34273,34333,121.2,133.58,30
antes_dia_20,dia 18 - Soja Saudavel Vaso 2,18.0,2.0,1,127.65,34304,76.84,0.29999999999999716,0.1,34274,34334,121.4,133.79,30
antes_dia_20,dia 18 - Soja Saudavel Vaso 2,18.0,2.0,1,127.84,34305,76.54,0.29999999999999716,0.1,34275,34335,121.6,133.99,30
antes_dia_20,dia 18 - Soja Saudavel Vaso 2,18.0,2.0,1,128.04,34306,76.23,0.3100000000000023,0.1,34276,34336,121.8,134.19,30
antes_dia_20,dia 18 - Soja Saudavel Vaso 2,18.0,2.0,1,128.24,34307,75.96,0.27000000000001023,0.1,34277,34337,122.02,134.39,30
antes_dia_20,dia 18 - Soja Saudavel Vaso 2,18.0,2.0,1,128.46,34308,75.64,0.3199999999999932,0.1,34278,34338,122.22,134.59,30
antes_dia_20,dia 18 - Soja Saudavel Vaso 2,18.0,2.0,1,128.68,34309,75.32,0.3200000000000074,0.1,34279,34339,122.43,134.79,30
antes_dia_20,dia 18 - Soja Saudavel Vaso 2,18.0,2.0,1,128.88,34310,75.03,0.28999999999999204,0.1,34280,34340,122.63,134.98,30
antes_dia_20,dia 18 - Soja Saudavel Vaso 2,18.0,2.0,1,129.08,34311,74.74,0.29000000000000625,0.1,34281,34341,122.84,135.18,30
antes_dia_20,dia 18 - Soja Saudavel Vaso 2,18.0,2.0,1,129.29,34312,74.43,0.30999999999998806,0.1,34282,34342,123.05,135.39,30
antes_dia_20,dia 18 - Soja Saudavel Vaso 2,18.0,2.0,1,129.5,34313,74.14,0.29000000000000625,0.1,34283,34343,123.25,135.61,30
antes_dia_20,dia 18 - Soja Saudavel Vaso 2,18.0,2.0,1,129.71,34314,73.84,0.29999999999999716,0.1,34284,34344,123.45,135.81,30
antes_dia_20,dia 18 - Soja Saudavel Vaso 2,18.0,2.0,1,129.91,34315,73.55,0.29000000000000625,0.1,34285,34345,123.67,136.01,30
antes_dia_20,dia 18 - Soja Saudavel Vaso 2,18.0,2.0,1,130.12,34316,73.23,0.3199999999999932,0.1,34286,34346,123.86,136.22,30
antes_dia_20,dia 18 - Soja Saudavel Vaso 2,18.0,2.0,1,130.33,34317,72.96,0.27000000000001023,0.1,34287,34347,124.06,136.42,30
antes_dia_20,dia 18 - Soja Saudavel Vaso 2,18.0,2.0,1,130.54,34318,72.65,0.30999999999998806,0.1,34288,34348,124.26,136.63,30
antes_dia_20,dia 18 - Soja Saudavel Vaso 2,18.0,2.0,1,130.74,34319,72.36,0.29000000000000625,0.1,34289,34349,124.46,136.94,30
antes_dia_20,dia 18 - Soja Saudavel Vaso 2,18.0,2.0,1,130.93,34320,72.1,0.2600000000000051,0.1,34290,34350,124.66,137.15,30
antes_dia_20,dia 18 - Soja Saudavel Vaso 2,18.0,2.0,1,131.13,34321,71.84,0.2599999999999909,0.1,34291,34351,124.96,137.35,30
antes_dia_20,dia 18 - Soja Saudavel Vaso 2,18.0,2.0,1,131.33,34322,71.57,0.27000000000001023,0.1,34292,34352,125.17,137.55,30
antes_dia_20,dia 18 - Soja Saudavel Vaso 2,18.0,2.0,1,131.53,34323,71.29,0.2799999999999869,0.1,34293,34353,125.38,137.75,30
antes_dia_20,dia 18 - Soja Saudavel Vaso 2,18.0,2.0,1,131.73,34324,71.01,0.28000000000000114,0.1,34294,34354,125.59,137.94,30
antes_dia_20,dia 18 - Soja Saudavel Vaso 2,18.0,2.0,1,131.93,34325,70.74,0.27000000000001023,0.1,34295,34355,125.8,138.14,30
antes_dia_20,dia 18 - Soja Saudavel Vaso 2,18.0,2.0,1,132.14,34326,70.45,0.28999999999999204,0.1,34296,34356,126.01,138.35,30
antes_dia_20,dia 18 - Soja Saudavel Vaso 2,18.0,2.0,1,132.35,34327,70.19,0.2600000000000051,0.1,34297,34357,126.22,138.55,30
antes_dia_20,dia 18 - Soja Saudavel Vaso 2,18.0,2.0,1,132.55,34328,69.91,0.28000000000000114,0.1,34298,34358,126.42,138.76,30
antes_dia_20,dia 18 - Soja Saudavel Vaso 2,18.0,2.0,1,132.76,34329,69.64,0.269999999999996,0.1,34299,34359,126.62,138.97,30
antes_dia_20,dia 18 - Soja Saudavel Vaso 2,18.0,2.0,1,132.97,34330,69.36,0.28000000000000114,0.1,34300,34360,126.84,139.18,30
antes_dia_20,dia 18 - Soja Saudavel Vaso 2,18.0,2.0,1,133.18,34331,69.1,0.2600000000000051,0.1,34301,34361,127.05,139.39,30
antes_dia_20,dia 18 - Soja Saudavel Vaso 2,18.0,2.0,1,133.39,34332,68.83,0.269999999999996,0.1,34302,34362,127.25,139.59,30
antes_dia_20,dia 18 - Soja Saudavel Vaso 2,18.0,2.0,1,133.58,34333,68.56,0.269999999999996,0.1,34303,34363,127.45,139.81,30
antes_dia_20,dia 18 - Soja Saudavel Vaso 2,18.0,2.0,1,133.79,34334,68.31,0.25,0.1,34304,34364,127.65,140.01,30
antes_dia_20,dia 18 - Soja Saudavel Vaso 2,18.0,2.0,1,133.99,34335,68.06,0.25,0.1,34305,34365,127.84,140.21,30
antes_dia_20,dia 18 - Soja Saudavel Vaso 2,18.0,2.0,1,134.19,34336,67.81,0.25,0.1,34306,34366,128.04,140.42,30
antes_dia_20,dia 18 - Soja Saudavel Vaso 2,18.0,2.0,1,134.39,34337,73.47,5.659999999999997,0.1,34307,34367,128.24,140.62,30
antes_dia_20,dia 18 - Soja Saudavel Vaso 2,18.0,2.0,1,134.59,34338,78.43,4.960000000000008,0.1,34308,34368,128.46,140.81,30
antes_dia_20,dia 18 - Soja Saudavel Vaso 2,18.0,2.0,1,134.79,34339,82.58,4.1499999999999915,0.1,34309,34369,128.68,141.01,30
antes_dia_20,dia 18 - Soja Saudavel Vaso 2,18.0,2.0,1,134.98,34340,86.07,3.489999999999995,0.1,34310,34370,128.88,141.22,30
antes_dia_20,dia 18 - Soja Saudavel Vaso 2,18.0,2.0,1,135.18,34341,88.9,2.8300000000000125,0.1,34311,34371,129.08,141.41,30
antes_dia_20,dia 18 - Soja Saudavel Vaso 2,18.0,2.0,1,135.39,34342,91.1,2.1999999999999886,0.1,34312,34372,129.29,141.62,30
antes_dia_20,dia 18 - Soja Saudavel Vaso 2,18.0,2.0,1,135.61,34343,92.63,1.5300000000000011,0.1,34313,34373,129.5,141.85,30
antes_dia_20,dia 18 - Soja Saudavel Vaso 2,18.0,2.0,1,135.81,34344,93.29,0.6600000000000108,0.1,34314,34374,129.71,142.06,30
antes_dia_20,dia 18 - Soja Saudavel Vaso 2,18.0,2.0,1,136.01,34345,93.48,0.18999999999999773,0.1,34315,34375,129.91,142.26,30
antes_dia_20,dia 18 - Soja Saudavel Vaso 4,18.0,4.0,1,120.35,36171,93.36,0.18999999999999773,0.1,36141,36201,114.05,126.66,30
antes_dia_20,dia 18 - Soja Saudavel Vaso 4,18.0,4.0,1,120.56,36172,92.16,1.2000000000000028,0.1,36142,36202,114.26,126.86,30
antes_dia_20,dia 18 - Soja Saudavel Vaso 4,18.0,4.0,1,120.77,36173,91.16,1.0,0.1,36143,36203,114.47,127.07,30
antes_dia_20,dia 18 - Soja Saudavel Vaso 4,18.0,4.0,1,120.98,36174,90.35,0.8100000000000023,0.1,36144,36204,114.77,127.27,30
antes_dia_20,dia 18 - Soja Saudavel Vaso 4,18.0,4.0,1,121.18,36175,89.65,0.6999999999999886,0.1,36145,36205,114.98,127.47,30
antes_dia_20,dia 18 - Soja Saudavel Vaso 4,18.0,4.0,1,121.39,36176,89.01,0.6400000000000006,0.1,36146,36206,115.19,127.69,30
antes_dia_20,dia 18 - Soja Saudavel Vaso 4,18.0,4.0,1,121.59,36177,88.42,0.5900000000000034,0.1,36147,36207,115.4,127.89,30
antes_dia_20,dia 18 - Soja Saudavel Vaso 4,18.0,4.0,1,121.8,36178,87.85,0.5700000000000074,0.1,36148,36208,115.6,128.1,30
antes_dia_20,dia 18 - Soja Saudavel Vaso 4,18.0,4.0,1,122.01,36179,87.32,0.5300000000000011,0.1,36149,36209,115.8,128.31,30
antes_dia_20,dia 18 - Soja Saudavel Vaso 4,18.0,4.0,1,122.22,36180,86.8,0.519999999999996,0.1,36150,36210,116.01,128.51,30
antes_dia_20,dia 18 - Soja Saudavel Vaso 4,18.0,4.0,1,122.42,36181,86.33,0.46999999999999886,0.1,36151,36211,116.22,128.72,30
antes_dia_20,dia 18 - Soja Saudavel Vaso 4,18.0,4.0,1,122.63,36182,85.87,0.45999999999999375,0.1,36152,36212,116.43,128.92,30
antes_dia_20,dia 18 - Soja Saudavel Vaso 4,18.0,4.0,1,122.83,36183,85.4,0.46999999999999886,0.1,36153,36213,116.64,129.13,30
antes_dia_20,dia 18 - Soja Saudavel Vaso 4,18.0,4.0,1,123.04,36184,84.94,0.46000000000000796,0.1,36154,36214,116.85,129.35,30
antes_dia_20,dia 18 - Soja Saudavel Vaso 4,18.0,4.0,1,123.24,36185,84.48,0.45999999999999375,0.1,36155,36215,117.06,129.55,30
antes_dia_20,dia 18 - Soja Saudavel Vaso 4,18.0,4.0,1,123.45,36186,84.01,0.46999999999999886,0.1,36156,36216,117.26,129.75,30
antes_dia_20,dia 18 - Soja Saudavel Vaso 4,18.0,4.0,1,123.66,36187,83.58,0.4300000000000068,0.1,36157,36217,117.47,129.96,30
antes_dia_20,dia 18 - Soja Saudavel Vaso 4,18.0,4.0,1,123.87,36188,83.15,0.4299999999999926,0.1,36158,36218,117.67,130.16,30
antes_dia_20,dia 18 - Soja Saudavel Vaso 4,18.0,4.0,1,124.07,36189,82.75,0.4000000000000057,0.1,36159,36219,117.88,130.37,30
antes_dia_20,dia 18 - Soja Saudavel Vaso 4,18.0,4.0,1,124.28,36190,82.34,0.4099999999999966,0.1,36160,36220,118.09,130.58,30
antes_dia_20,dia 18 - Soja Saudavel Vaso 4,18.0,4.0,1,124.48,36191,81.93,0.4099999999999966,0.1,36161,36221,118.3,130.78,30
antes_dia_20,dia 18 - Soja Saudavel Vaso 4,18.0,4.0,1,124.69,36192,81.53,0.4000000000000057,0.1,36162,36222,118.51,131.0,30
antes_dia_20,dia 18 - Soja Saudavel Vaso 4,18.0,4.0,1,124.9,36193,81.11,0.4200000000000017,0.1,36163,36223,118.72,131.21,30
antes_dia_20,dia 18 - Soja Saudavel Vaso 4,18.0,4.0,1,125.11,36194,80.71,0.4000000000000057,0.1,36164,36224,118.92,131.41,30
antes_dia_20,dia 18 - Soja Saudavel Vaso 4,18.0,4.0,1,125.31,36195,80.31,0.3999999999999915,0.1,36165,36225,119.12,131.61,30
antes_dia_20,dia 18 - Soja Saudavel Vaso 4,18.0,4.0,1,125.52,36196,79.91,0.4000000000000057,0.1,36166,36226,119.33,131.81,30
antes_dia_20,dia 18 - Soja Saudavel Vaso 4,18.0,4.0,1,125.72,36197,79.54,0.36999999999999034,0.1,36167,36227,119.54,132.02,30
antes_dia_20,dia 18 - Soja Saudavel Vaso 4,18.0,4.0,1,125.93,36198,79.17,0.37000000000000455,0.1,36168,36228,119.74,132.23,30
antes_dia_20,dia 18 - Soja Saudavel Vaso 4,18.0,4.0,1,126.13,36199,78.78,0.39000000000000057,0.1,36169,36229,119.94,132.43,30
antes_dia_20,dia 18 - Soja Saudavel Vaso 4,18.0,4.0,1,126.35,36200,78.4,0.37999999999999545,0.1,36170,36230,120.14,132.63,30
antes_dia_20,dia 18 - Soja Saudavel Vaso 4,18.0,4.0,1,126.66,36201,77.86,0.5400000000000063,0.1,36171,36231,120.35,132.85,30
antes_dia_20,dia 18 - Soja Saudavel Vaso 4,18.0,4.0,1,126.86,36202,77.49,0.37000000000000455,0.1,36172,36232,120.56,133.05,30
antes_dia_20,dia 18 - Soja Saudavel Vaso 4,18.0,4.0,1,127.07,36203,77.12,0.36999999999999034,0.1,36173,36233,120.77,133.26,30
antes_dia_20,dia 18 - Soja Saudavel Vaso 4,18.0,4.0,1,127.27,36204,76.79,0.3299999999999983,0.1,36174,36234,120.98,133.47,30
antes_dia_20,dia 18 - Soja Saudavel Vaso 4,18.0,4.0,1,127.47,36205,76.46,0.3300000000000125,0.1,36175,36235,121.18,133.68,30
antes_dia_20,dia 18 - Soja Saudavel Vaso 4,18.0,4.0,1,127.69,36206,76.11,0.3499999999999943,0.1,36176,36236,121.39,133.88,30
antes_dia_20,dia 18 - Soja Saudavel Vaso 4,18.0,4.0,1,127.89,36207,75.77,0.3400000000000034,0.1,36177,36237,121.59,134.09,30
antes_dia_20,dia 18 - Soja Saudavel Vaso 4,18.0,4.0,1,128.1,36208,75.47,0.29999999999999716,0.1,36178,36238,121.8,134.29,30
antes_dia_20,dia 18 - Soja Saudavel Vaso 4,18.0,4.0,1,128.31,36209,75.14,0.3299999999999983,0.1,36179,36239,122.01,134.49,30
antes_dia_20,dia 18 - Soja Saudavel Vaso 4,18.0,4.0,1,128.51,36210,74.79,0.3499999999999943,0.1,36180,36240,122.22,134.71,30
antes_dia_20,dia 18 - Soja Saudavel Vaso 4,18.0,4.0,1,128.72,36211,74.47,0.3200000000000074,0.1,36181,36241,122.42,134.91,30
antes_dia_20,dia 18 - Soja Saudavel Vaso 4,18.0,4.0,1,128.92,36212,74.15,0.3199999999999932,0.1,36182,36242,122.63,135.12,30
antes_dia_20,dia 18 - Soja Saudavel Vaso 4,18.0,4.0,1,129.13,36213,73.82,0.3300000000000125,0.1,36183,36243,122.83,135.33,30
antes_dia_20,dia 18 - Soja Saudavel Vaso 4,18.0,4.0,1,129.35,36214,73.48,0.3399999999999892,0.1,36184,36244,123.04,135.53,30
antes_dia_20,dia 18 - Soja Saudavel Vaso 4,18.0,4.0,1,129.55,36215,73.15,0.3299999999999983,0.1,36185,36245,123.24,135.74,30
antes_dia_20,dia 18 - Soja Saudavel Vaso 4,18.0,4.0,1,129.75,36216,72.83,0.3200000000000074,0.1,36186,36246,123.45,135.94,30
antes_dia_20,dia 18 - Soja Saudavel Vaso 4,18.0,4.0,1,129.96,36217,72.49,0.3400000000000034,0.1,36187,36247,123.66,136.15,30
antes_dia_20,dia 18 - Soja Saudavel Vaso 4,18.0,4.0,1,130.16,36218,72.18,0.30999999999998806,0.1,36188,36248,123.87,136.37,30
antes_dia_20,dia 18 - Soja Saudavel Vaso 4,18.0,4.0,1,130.37,36219,71.84,0.3400000000000034,0.1,36189,36249,124.07,136.59,30
antes_dia_20,dia 18 - Soja Saudavel Vaso 4,18.0,4.0,1,130.58,36220,71.51,0.3299999999999983,0.1,36190,36250,124.28,136.79,30
antes_dia_20,dia 18 - Soja Saudavel Vaso 4,18.0,4.0,1,130.78,36221,71.21,0.30000000000001137,0.1,36191,36251,124.48,136.99,30
antes_dia_20,dia 18 - Soja Saudavel Vaso 4,18.0,4.0,1,131.0,36222,70.89,0.3199999999999932,0.1,36192,36252,124.69,137.19,30
antes_dia_20,dia 18 - Soja Saudavel Vaso 4,18.0,4.0,1,131.21,36223,70.59,0.29999999999999716,0.1,36193,36253,124.9,137.4,30
antes_dia_20,dia 18 - Soja Saudavel Vaso 4,18.0,4.0,1,131.41,36224,70.3,0.29000000000000625,0.1,36194,36254,125.11,137.62,30
antes_dia_20,dia 18 - Soja Saudavel Vaso 4,18.0,4.0,1,131.61,36225,69.99,0.3100000000000023,0.1,36195,36255,125.31,137.82,30
antes_dia_20,dia 18 - Soja Saudavel Vaso 4,18.0,4.0,1,131.81,36226,69.69,0.29999999999999716,0.1,36196,36256,125.52,138.02,30
antes_dia_20,dia 18 - Soja Saudavel Vaso 4,18.0,4.0,1,132.02,36227,69.39,0.29999999999999716,0.1,36197,36257,125.72,138.23,30
antes_dia_20,dia 18 - Soja Saudavel Vaso 4,18.0,4.0,1,132.23,36228,69.09,0.29999999999999716,0.1,36198,36258,125.93,138.44,30
antes_dia_20,dia 18 - Soja Saudavel Vaso 4,18.0,4.0,1,132.43,36229,68.79,0.29999999999999716,0.1,36199,36259,126.13,138.74,30
antes_dia_20,dia 18 - Soja Saudavel Vaso 4,18.0,4.0,1,132.63,36230,68.51,0.28000000000000114,0.1,36200,36260,126.35,138.95,30
antes_dia_20,dia 18 - Soja Saudavel Vaso 4,18.0,4.0,1,132.85,36231,68.21,0.30000000000001137,0.1,36201,36261,126.66,139.16,30
antes_dia_20,dia 18 - Soja Saudavel Vaso 4,18.0,4.0,1,133.05,36232,67.92,0.28999999999999204,0.1,36202,36262,126.86,139.37,30
antes_dia_20,dia 18 - Soja Saudavel Vaso 4,18.0,4.0,1,133.26,36233,67.64,0.28000000000000114,0.1,36203,36263,127.07,139.57,30
antes_dia_20,dia 18 - Soja Saudavel Vaso 4,18.0,4.0,1,133.47,36234,67.36,0.28000000000000114,0.1,36204,36264,127.27,139.78,30
antes_dia_20,dia 18 - Soja Saudavel Vaso 4,18.0,4.0,1,133.68,36235,67.08,0.28000000000000114,0.1,36205,36265,127.47,139.98,30
antes_dia_20,dia 18 - Soja Saudavel Vaso 4,18.0,4.0,1,133.88,36236,66.82,0.2600000000000051,0.1,36206,36266,127.69,140.19,30
antes_dia_20,dia 18 - Soja Saudavel Vaso 4,18.0,4.0,1,134.09,36237,66.54,0.2799999999999869,0.1,36207,36267,127.89,140.4,30
antes_dia_20,dia 18 - Soja Saudavel Vaso 4,18.0,4.0,1,134.29,36238,66.28,0.2600000000000051,0.1,36208,36268,128.1,140.6,30
antes_dia_20,dia 18 - Soja Saudavel Vaso 4,18.0,4.0,1,134.49,36239,66.01,0.269999999999996,0.1,36209,36269,128.31,140.81,30
antes_dia_20,dia 18 - Soja Saudavel Vaso 4,18.0,4.0,1,134.71,36240,65.74,0.27000000000001023,0.1,36210,36270,128.51,141.01,30
antes_dia_20,dia 18 - Soja Saudavel Vaso 4,18.0,4.0,1,134.91,36241,65.49,0.25,0.1,36211,36271,128.72,141.22,30
antes_dia_20,dia 18 - Soja Saudavel Vaso 4,18.0,4.0,1,135.12,36242,65.23,0.2599999999999909,0.1,36212,36272,128.92,141.43,30
antes_dia_20,dia 18 - Soja Saudavel Vaso 4,18.0,4.0,1,135.33,36243,64.97,0.2600000000000051,0.1,36213,36273,129.13,141.63,30
antes_dia_20,dia 18 - Soja Saudavel Vaso 4,18.0,4.0,1,135.53,36244,64.72,0.25,0.1,36214,36274,129.35,141.83,30
antes_dia_20,dia 18 - Soja Saudavel Vaso 4,18.0,4.0,1,135.74,36245,64.46,0.2600000000000051,0.1,36215,36275,129.55,142.04,30
antes_dia_20,dia 18 - Soja Saudavel Vaso 4,18.0,4.0,1,135.94,36246,64.21,0.25,0.1,36216,36276,129.75,142.25,30
antes_dia_20,dia 18 - Soja Saudavel Vaso 4,18.0,4.0,1,136.15,36247,63.95,0.2599999999999909,0.1,36217,36277,129.96,142.46,30
antes_dia_20,dia 18 - Soja Saudavel Vaso 4,18.0,4.0,1,136.37,36248,63.67,0.28000000000000114,0.1,36218,36278,130.16,142.66,30
antes_dia_20,dia 18 - Soja Saudavel Vaso 4,18.0,4.0,1,136.59,36249,63.42,0.25,0.1,36219,36279,130.37,142.87,30
antes_dia_20,dia 18 - Soja Saudavel Vaso 4,18.0,4.0,1,136.79,36250,63.17,0.25,0.1,36220,36280,130.58,143.08,30
antes_dia_20,dia 18 - Soja Saudavel Vaso 4,18.0,4.0,1,136.99,36251,62.93,0.240000000000002,0.1,36221,36281,130.78,143.29,30
antes_dia_20,dia 18 - Soja Saudavel Vaso 4,18.0,4.0,1,137.19,36252,62.69,0.240000000000002,0.1,36222,36282,131.0,143.5,30
antes_dia_20,dia 18 - Soja Saudavel Vaso 4,18.0,4.0,1,137.4,36253,62.45,0.23999999999999488,0.1,36223,36283,131.21,143.7,30
antes_dia_20,dia 18 - Soja Saudavel Vaso 4,18.0,4.0,1,137.62,36254,62.2,0.25,0.1,36224,36284,131.41,143.9,30
antes_dia_20,dia 18 - Soja Saudavel Vaso 4,18.0,4.0,1,137.82,36255,61.96,0.240000000000002,0.1,36225,36285,131.61,144.12,30
antes_dia_20,dia 18 - Soja Saudavel Vaso 4,18.0,4.0,1,138.02,36256,61.73,0.23000000000000398,0.1,36226,36286,131.81,144.33,30
antes_dia_20,dia 18 - Soja Saudavel Vaso 4,18.0,4.0,1,138.23,36257,61.5,0.22999999999999687,0.1,36227,36287,132.02,144.54,30
antes_dia_20,dia 18 - Soja Saudavel Vaso 4,18.0,4.0,1,138.44,36258,61.26,0.240000000000002,0.1,36228,36288,132.23,144.75,30
antes_dia_20,dia 18 - Soja Saudavel Vaso 4,18.0,4.0,1,138.74,36259,60.91,0.3500000000000014,0.1,36229,36289,132.43,144.95,30
antes_dia_20,dia 18 - Soja Saudavel Vaso 4,18.0,4.0,1,138.95,36260,60.68,0.22999999999999687,0.1,36230,36290,132.63,145.16,30
antes_dia_20,dia 18 - Soja Saudavel Vaso 4,18.0,4.0,1,139.16,36261,60.43,0.25,0.1,36231,36291,132.85,145.37,30
antes_dia_20,dia 18 - Soja Saudavel Vaso 4,18.0,4.0,1,139.37,36262,60.2,0.22999999999999687,0.1,36232,36292,133.05,145.57,30
antes_dia_20,dia 18 - Soja Saudavel Vaso 4,18.0,4.0,1,139.57,36263,59.97,0.23000000000000398,0.1,36233,36293,133.26,145.78,30
antes_dia_20,dia 18 - Soja Saudavel Vaso 4,18.0,4.0,1,139.78,36264,59.73,0.240000000000002,0.1,36234,36294,133.47,145.99,30
antes_dia_20,dia 18 - Soja Saudavel Vaso 4,18.0,4.0,1,139.98,36265,59.5,0.22999999999999687,0.1,36235,36295,133.68,146.19,30
antes_dia_20,dia 18 - Soja Saudavel Vaso 4,18.0,4.0,1,140.19,36266,59.28,0.21999999999999886,0.1,36236,36296,133.88,146.4,30
antes_dia_20,dia 18 - Soja Saudavel Vaso 4,18.0,4.0,1,140.4,36267,59.04,0.240000000000002,0.1,36237,36297,134.09,146.6,30
antes_dia_20,dia 18 - Soja Saudavel Vaso 4,18.0,4.0,1,140.6,36268,58.82,0.21999999999999886,0.1,36238,36298,134.29,146.81,30
antes_dia_20,dia 18 - Soja Saudavel Vaso 4,18.0,4.0,1,140.81,36269,58.61,0.21000000000000085,0.1,36239,36299,134.49,147.02,30
antes_dia_20,dia 18 - Soja Saudavel Vaso 4,18.0,4.0,1,141.01,36270,58.38,0.22999999999999687,0.1,36240,36300,134.71,147.22,30
antes_dia_20,dia 18 - Soja Saudavel Vaso 4,18.0,4.0,1,141.22,36271,58.17,0.21000000000000085,0.1,36241,36301,134.91,147.43,30
antes_dia_20,dia 18 - Soja Saudavel Vaso 4,18.0,4.0,1,141.43,36272,57.96,0.21000000000000085,0.1,36242,36302,135.12,147.64,30
antes_dia_20,dia 18 - Soja Saudavel Vaso 4,18.0,4.0,1,141.63,36273,57.74,0.21999999999999886,0.1,36243,36303,135.33,147.84,30
antes_dia_20,dia 18 - Soja Saudavel Vaso 4,18.0,4.0,1,141.83,36274,57.52,0.21999999999999886,0.1,36244,36304,135.53,148.05,30
antes_dia_20,dia 18 - Soja Saudavel Vaso 4,18.0,4.0,1,142.04,36275,57.32,0.20000000000000284,0.1,36245,36305,135.74,148.26,30
antes_dia_20,dia 18 - Soja Saudavel Vaso 4,18.0,4.0,1,142.25,36276,57.1,0.21999999999999886,0.1,36246,36306,135.94,148.47,30
antes_dia_20,dia 18 - Soja Saudavel Vaso 4,18.0,4.0,1,142.46,36277,56.9,0.20000000000000284,0.1,36247,36307,136.15,148.68,30
antes_dia_20,dia 18 - Soja Saudavel Vaso 4,18.0,4.0,1,142.66,36278,56.69,0.21000000000000085,0.1,36248,36308,136.37,148.89,30
antes_dia_20,dia 18 - Soja Saudavel Vaso 4,18.0,4.0,1,142.87,36279,56.48,0.21000000000000085,0.1,36249,36309,136.59,149.09,30
antes_dia_20,dia 18 - Soja Saudavel Vaso 4,18.0,4.0,1,143.08,36280,56.27,0.20999999999999375,0.1,36250,36310,136.79,149.3,30
antes_dia_20,dia 18 - Soja Saudavel Vaso 4,18.0,4.0,1,143.29,36281,56.08,0.19000000000000483,0.1,36251,36311,136.99,149.5,30
antes_dia_20,dia 18 - Soja Saudavel Vaso 4,18.0,4.0,1,143.5,36282,55.87,0.21000000000000085,0.1,36252,36312,137.19,149.7,30
antes_dia_20,dia 18 - Soja Saudavel Vaso 4,18.0,4.0,1,143.7,36283,55.68,0.18999999999999773,0.1,36253,36313,137.4,149.92,30
antes_dia_20,dia 18 - Soja Saudavel Vaso 4,18.0,4.0,1,143.9,36284,55.49,0.18999999999999773,0.1,36254,36314,137.62,150.13,30
antes_dia_20,dia 18 - Soja Saudavel Vaso 4,18.0,4.0,1,144.12,36285,55.29,0.20000000000000284,0.1,36255,36315,137.82,150.33,30
antes_dia_20,dia 18 - Soja Saudavel Vaso 4,18.0,4.0,1,144.33,36286,55.09,0.19999999999999574,0.1,36256,36316,138.02,150.64,30
antes_dia_20,dia 18 - Soja Saudavel Vaso 4,18.0,4.0,1,144.54,36287,54.9,0.19000000000000483,0.1,36257,36317,138.23,150.84,30
antes_dia_20,dia 18 - Soja Saudavel Vaso 4,18.0,4.0,1,144.75,36288,54.71,0.18999999999999773,0.1,36258,36318,138.44,151.04,30
antes_dia_20,dia 18 - Soja Saudavel Vaso 4,18.0,4.0,1,144.95,36289,54.53,0.17999999999999972,0.1,36259,36319,138.74,151.24,30
antes_dia_20,dia 18 - Soja Saudavel Vaso 4,18.0,4.0,1,145.16,36290,54.34,0.18999999999999773,0.1,36260,36320,138.95,151.45,30
antes_dia_20,dia 18 - Soja Saudavel Vaso 4,18.0,4.0,1,145.37,36291,54.16,0.18000000000000682,0.1,36261,36321,139.16,151.66,30
antes_dia_20,dia 18 - Soja Saudavel Vaso 4,18.0,4.0,1,145.57,36292,53.98,0.17999999999999972,0.1,36262,36322,139.37,151.87,30
antes_dia_20,dia 18 - Soja Saudavel Vaso 4,18.0,4.0,1,145.78,36293,53.8,0.17999999999999972,0.1,36263,36323,139.57,152.08,30
antes_dia_20,dia 18 - Soja Saudavel Vaso 4,18.0,4.0,1,145.99,36294,53.62,0.17999999999999972,0.1,36264,36324,139.78,152.29,30
antes_dia_20,dia 18 - Soja Saudavel Vaso 4,18.0,4.0,1,146.19,36295,53.44,0.17999999999999972,0.1,36265,36325,139.98,152.49,30
antes_dia_20,dia 18 - Soja Saudavel Vaso 4,18.0,4.0,1,146.4,36296,53.27,0.1699999999999946,0.1,36266,36326,140.19,152.7,30
antes_dia_20,dia 18 - Soja Saudavel Vaso 4,18.0,4.0,1,146.6,36297,53.1,0.1700000000000017,0.1,36267,36327,140.4,152.9,30
antes_dia_20,dia 18 - Soja Saudavel Vaso 4,18.0,4.0,1,146.81,36298,52.93,0.1700000000000017,0.1,36268,36328,140.6,153.11,30
antes_dia_20,dia 18 - Soja Saudavel Vaso 4,18.0,4.0,1,147.02,36299,52.76,0.1700000000000017,0.1,36269,36329,140.81,153.32,30
antes_dia_20,dia 18 - Soja Saudavel Vaso 4,18.0,4.0,1,147.22,36300,52.6,0.1599999999999966,0.1,36270,36330,141.01,153.53,30
antes_dia_20,dia 18 - Soja Saudavel Vaso 4,18.0,4.0,1,147.43,36301,52.43,0.1700000000000017,0.1,36271,36331,141.22,153.73,30
antes_dia_20,dia 18 - Soja Saudavel Vaso 4,18.0,4.0,1,147.64,36302,52.26,0.1700000000000017,0.1,36272,36332,141.43,153.94,30
antes_dia_20,dia 18 - Soja Saudavel Vaso 4,18.0,4.0,1,147.84,36303,52.1,0.1599999999999966,0.1,36273,36333,141.63,154.15,30
antes_dia_20,dia 18 - Soja Saudavel Vaso 4,18.0,4.0,1,148.05,36304,51.93,0.1700000000000017,0.1,36274,36334,141.83,154.36,30
antes_dia_20,dia 18 - Soja Saudavel Vaso 4,18.0,4.0,1,148.26,36305,51.78,0.14999999999999858,0.1,36275,36335,142.04,154.57,30
antes_dia_20,dia 18 - Soja Saudavel Vaso 4,18.0,4.0,1,148.47,36306,51.61,0.1700000000000017,0.1,36276,36336,142.25,154.77,30
antes_dia_20,dia 18 - Soja Saudavel Vaso 4,18.0,4.0,1,148.68,36307,51.45,0.1599999999999966,0.1,36277,36337,142.46,154.98,30
antes_dia_20,dia 18 - Soja Saudavel Vaso 4,18.0,4.0,1,148.89,36308,51.29,0.1600000000000037,0.1,36278,36338,142.66,155.2,30
antes_dia_20,dia 18 - Soja Saudavel Vaso 4,18.0,4.0,1,149.09,36309,51.13,0.1599999999999966,0.1,36279,36339,142.87,155.41,30
antes_dia_20,dia 18 - Soja Saudavel Vaso 4,18.0,4.0,1,149.3,36310,50.98,0.15000000000000568,0.1,36280,36340,143.08,155.61,30
antes_dia_20,dia 18 - Soja Saudavel Vaso 4,18.0,4.0,1,149.5,36311,50.83,0.14999999999999858,0.1,36281,36341,143.29,155.82,30
antes_dia_20,dia 18 - Soja Saudavel Vaso 4,18.0,4.0,1,149.7,36312,50.68,0.14999999999999858,0.1,36282,36342,143.5,156.03,30
antes_dia_20,dia 18 - Soja Saudavel Vaso 4,18.0,4.0,1,149.92,36313,50.52,0.1599999999999966,0.1,36283,36343,143.7,156.23,30
antes_dia_20,dia 18 - Soja Saudavel Vaso 4,18.0,4.0,1,150.13,36314,50.37,0.15000000000000568,0.1,36284,36344,143.9,156.44,30
antes_dia_20,dia 18 - Soja Saudavel Vaso 4,18.0,4.0,1,150.33,36315,50.23,0.14000000000000057,0.1,36285,36345,144.12,156.65,30
antes_dia_20,dia 18 - Soja Saudavel Vaso 4,18.0,4.0,1,150.64,36316,50.01,0.21999999999999886,0.1,36286,36346,144.33,156.85,30
antes_dia_20,dia 18 - Soja Saudavel Vaso 4,18.0,4.0,1,150.84,36317,49.86,0.14999999999999858,0.1,36287,36347,144.54,157.07,30
antes_dia_20,dia 18 - Soja Saudavel Vaso 4,18.0,4.0,1,151.04,36318,49.73,0.13000000000000256,0.1,36288,36348,144.75,157.29,30
antes_dia_20,dia 18 - Soja Saudavel Vaso 4,18.0,4.0,1,151.24,36319,49.59,0.13999999999999346,0.1,36289,36349,144.95,157.5,30
antes_dia_20,dia 18 - Soja Saudavel Vaso 4,18.0,4.0,1,151.45,36320,49.45,0.14000000000000057,0.1,36290,36350,145.16,157.7,30
antes_dia_20,dia 18 - Soja Saudavel Vaso 4,18.0,4.0,1,151.66,36321,49.31,0.14000000000000057,0.1,36291,36351,145.37,157.91,30
antes_dia_20,dia 18 - Soja Saudavel Vaso 4,18.0,4.0,1,151.87,36322,49.17,0.14000000000000057,0.1,36292,36352,145.57,158.12,30
antes_dia_20,dia 18 - Soja Saudavel Vaso 4,18.0,4.0,1,152.08,36323,49.03,0.14000000000000057,0.1,36293,36353,145.78,158.32,30
antes_dia_20,dia 18 - Soja Saudavel Vaso 4,18.0,4.0,1,152.29,36324,48.9,0.13000000000000256,0.1,36294,36354,145.99,158.53,30
antes_dia_20,dia 18 - Soja Saudavel Vaso 4,18.0,4.0,1,152.49,36325,48.76,0.14000000000000057,0.1,36295,36355,146.19,158.74,30
antes_dia_20,dia 18 - Soja Saudavel Vaso 4,18.0,4.0,1,152.7,36326,48.63,0.12999999999999545,0.1,36296,36356,146.4,158.94,30
antes_dia_20,dia 18 - Soja Saudavel Vaso 4,18.0,4.0,1,152.9,36327,48.51,0.12000000000000455,0.1,36297,36357,146.6,159.15,30
antes_dia_20,dia 18 - Soja Saudavel Vaso 4,18.0,4.0,1,153.11,36328,48.36,0.14999999999999858,0.1,36298,36358,146.81,159.35,30
antes_dia_20,dia 18 - Soja Saudavel Vaso 4,18.0,4.0,1,153.32,36329,48.24,0.11999999999999744,0.1,36299,36359,147.02,159.56,30
antes_dia_20,dia 18 - Soja Saudavel Vaso 4,18.0,4.0,1,153.53,36330,48.12,0.12000000000000455,0.1,36300,36360,147.22,159.77,30
antes_dia_20,dia 18 - Soja Saudavel Vaso 4,18.0,4.0,1,153.73,36331,47.99,0.12999999999999545,0.1,36301,36361,147.43,159.97,30
antes_dia_20,dia 18 - Soja Saudavel Vaso 4,18.0,4.0,1,153.94,36332,47.86,0.13000000000000256,0.1,36302,36362,147.64,160.18,30
antes_dia_20,dia 18 - Soja Saudavel Vaso 4,18.0,4.0,1,154.15,36333,47.74,0.11999999999999744,0.1,36303,36363,147.84,160.39,30
antes_dia_20,dia 18 - Soja Saudavel Vaso 4,18.0,4.0,1,154.36,36334,47.62,0.12000000000000455,0.1,36304,36364,148.05,160.59,30
antes_dia_20,dia 18 - Soja Saudavel Vaso 4,18.0,4.0,1,154.57,36335,47.49,0.12999999999999545,0.1,36305,36365,148.26,160.8,30
antes_dia_20,dia 18 - Soja Saudavel Vaso 4,18.0,4.0,1,154.77,36336,47.38,0.10999999999999943,0.1,36306,36366,148.47,161.0,30
antes_dia_20,dia 18 - Soja Saudavel Vaso 4,18.0,4.0,1,154.98,36337,47.26,0.12000000000000455,0.1,36307,36367,148.68,161.21,30
antes_dia_20,dia 18 - Soja Saudavel Vaso 4,18.0,4.0,1,155.2,36338,47.14,0.11999999999999744,0.1,36308,36368,148.89,161.43,30
antes_dia_20,dia 18 - Soja Saudavel Vaso 4,18.0,4.0,1,155.41,36339,47.02,0.11999999999999744,0.1,36309,36369,149.09,161.63,30
antes_dia_20,dia 18 - Soja Saudavel Vaso 4,18.0,4.0,1,155.61,36340,46.9,0.12000000000000455,0.1,36310,36370,149.3,161.84,30
antes_dia_20,dia 18 - Soja Saudavel Vaso 4,18.0,4.0,1,155.82,36341,46.79,0.10999999999999943,0.1,36311,36371,149.5,162.04,30
antes_dia_20,dia 18 - Soja Saudavel Vaso 4,18.0,4.0,1,156.03,36342,46.68,0.10999999999999943,0.1,36312,36372,149.7,162.24,30
antes_dia_20,dia 18 - Soja Saudavel Vaso 4,18.0,4.0,1,156.23,36343,46.57,0.10999999999999943,0.1,36313,36373,149.92,162.55,30
antes_dia_20,dia 18 - Soja Saudavel Vaso 4,18.0,4.0,1,156.44,36344,46.46,0.10999999999999943,0.1,36314,36374,150.13,162.76,30
antes_dia_20,dia 18 - Soja Saudavel Vaso 4,18.0,4.0,1,156.65,36345,46.35,0.10999999999999943,0.1,36315,36375,150.33,162.97,30
antes_dia_20,dia 18 - Soja Saudavel Vaso 4,18.0,4.0,1,156.85,36346,46.25,0.10000000000000142,0.1,36316,36376,150.64,163.18,30
antes_dia_20,dia 18 - Soja Saudavel Vaso 4,18.0,4.0,1,157.07,36347,46.13,0.11999999999999744,0.1,36317,36377,150.84,163.38,30
antes_dia_20,dia 18 - Soja Saudavel Vaso 4,18.0,4.0,1,157.29,36348,46.02,0.10999999999999943,0.1,36318,36378,151.04,163.58,30
antes_dia_20,dia 18 - Soja Saudavel Vaso 4,18.0,4.0,1,157.5,36349,45.92,0.10000000000000142,0.1,36319,36379,151.24,163.79,30
antes_dia_20,dia 18 - Soja Saudavel Vaso 4,18.0,4.0,1,157.7,36350,45.81,0.10999999999999943,0.1,36320,36380,151.45,163.99,30
antes_dia_20,dia 18 - Soja Saudavel Vaso 4,18.0,4.0,1,157.91,36351,45.71,0.10000000000000142,0.1,36321,36381,151.66,164.19,30
antes_dia_20,dia 18 - Soja Saudavel Vaso 4,18.0,4.0,1,158.12,36352,45.61,0.10000000000000142,0.1,36322,36382,151.87,164.4,30
antes_dia_20,dia 18 - Soja Saudavel Vaso 4,18.0,4.0,1,158.32,36353,45.5,0.10999999999999943,0.1,36323,36383,152.08,164.6,30
antes_dia_20,dia 18 - Soja Saudavel Vaso 4,18.0,4.0,1,158.74,36355,45.3,0.10999999999999943,0.1,36325,36385,152.49,165.01,30
antes_dia_20,dia 18 - Soja Saudavel Vaso 4,18.0,4.0,1,159.15,36357,45.11,0.10000000000000142,0.1,36327,36387,152.9,165.43,30
antes_dia_20,dia 18 - Soja Saudavel Vaso 4,18.0,4.0,1,159.35,36358,45.01,0.10000000000000142,0.1,36328,36388,153.11,165.64,30
antes_dia_20,dia 18 - Soja Saudavel Vaso 4,18.0,4.0,1,159.97,36361,44.73,0.10000000000000142,0.1,36331,36391,153.73,166.26,30
antes_dia_20,dia 18 - Soja Saudavel Vaso 4,18.0,4.0,1,162.55,36373,43.68,0.11999999999999744,0.1,36343,36403,156.23,168.72,30
antes_dia_20,dia 18 - Soja Saudavel Vaso 4,18.0,4.0,1,163.58,36378,47.32,3.9399999999999977,0.1,36348,36408,157.29,169.74,30
antes_dia_20,dia 18 - Soja Saudavel Vaso 4,18.0,4.0,1,163.79,36379,54.48,7.159999999999997,0.1,36349,36409,157.5,169.95,30
antes_dia_20,dia 18 - Soja Saudavel Vaso 4,18.0,4.0,1,163.99,36380,61.04,6.560000000000002,0.1,36350,36410,157.7,170.15,30
antes_dia_20,dia 18 - Soja Saudavel Vaso 4,18.0,4.0,1,164.19,36381,66.89,5.850000000000001,0.1,36351,36411,157.91,170.36,30
antes_dia_20,dia 18 - Soja Saudavel Vaso 4,18.0,4.0,1,164.4,36382,72.51,5.6200000000000045,0.1,36352,36412,158.12,170.57,30
antes_dia_20,dia 18 - Soja Saudavel Vaso 4,18.0,4.0,1,164.6,36383,77.37,4.859999999999999,0.1,36353,36413,158.32,170.76,30
antes_dia_20,dia 18 - Soja Saudavel Vaso 4,18.0,4.0,1,164.81,36384,81.64,4.269999999999996,0.1,36354,36414,158.53,170.99,30
antes_dia_20,dia 18 - Soja Saudavel Vaso 4,18.0,4.0,1,165.01,36385,85.27,3.6299999999999955,0.1,36355,36415,158.74,171.2,30
antes_dia_20,dia 18 - Soja Saudavel Vaso 4,18.0,4.0,1,165.22,36386,88.37,3.1000000000000085,0.1,36356,36416,158.94,171.41,30
antes_dia_20,dia 18 - Soja Saudavel Vaso 4,18.0,4.0,1,165.43,36387,90.65,2.280000000000001,0.1,36357,36417,159.15,171.61,30
antes_dia_20,dia 18 - Soja Saudavel Vaso 4,18.0,4.0,1,165.64,36388,92.22,1.5699999999999932,0.1,36358,36418,159.35,171.81,30
antes_dia_20,dia 18 - Soja Saudavel Vaso 4,18.0,4.0,1,165.85,36389,93.12,0.9000000000000057,0.1,36359,36419,159.56,172.02,30
antes_dia_20,dia 18 - Soja Saudavel Vaso 4,18.0,4.0,1,166.05,36390,93.44,0.3199999999999932,0.1,36360,36420,159.77,172.22,30
antes_dia_20,dia 18 - Soja Saudavel Vaso 5,18.0,5.0,1,120.16,38207,92.89,0.6500000000000057,0.1,38177,38237,113.84,126.46,30
antes_dia_20,dia 18 - Soja Saudavel Vaso 5,18.0,5.0,1,120.36,38208,91.8,1.0900000000000034,0.1,38178,38238,114.04,126.67,30
antes_dia_20,dia 18 - Soja Saudavel Vaso 5,18.0,5.0,1,120.57,38209,90.87,0.9299999999999926,0.1,38179,38239,114.25,126.87,30
antes_dia_20,dia 18 - Soja Saudavel Vaso 5,18.0,5.0,1,120.78,38210,90.1,0.7700000000000102,0.1,38180,38240,114.55,127.08,30
antes_dia_20,dia 18 - Soja Saudavel Vaso 5,18.0,5.0,1,120.98,38211,89.41,0.6899999999999977,0.1,38181,38241,114.76,127.29,30
antes_dia_20,dia 18 - Soja Saudavel Vaso 5,18.0,5.0,1,121.19,38212,88.78,0.6299999999999955,0.1,38182,38242,114.97,127.49,30
antes_dia_20,dia 18 - Soja Saudavel Vaso 5,18.0,5.0,1,121.39,38213,88.19,0.5900000000000034,0.1,38183,38243,115.18,127.7,30
antes_dia_20,dia 18 - Soja Saudavel Vaso 5,18.0,5.0,1,121.6,38214,87.63,0.5600000000000023,0.1,38184,38244,115.38,127.91,30
antes_dia_20,dia 18 - Soja Saudavel Vaso 5,18.0,5.0,1,121.81,38215,87.08,0.5499999999999972,0.1,38185,38245,115.58,128.12,30
antes_dia_20,dia 18 - Soja Saudavel Vaso 5,18.0,5.0,1,122.02,38216,86.54,0.539999999999992,0.1,38186,38246,115.79,128.32,30
antes_dia_20,dia 18 - Soja Saudavel Vaso 5,18.0,5.0,1,122.23,38217,86.05,0.4900000000000091,0.1,38187,38247,116.0,128.53,30
antes_dia_20,dia 18 - Soja Saudavel Vaso 5,18.0,5.0,1,122.44,38218,85.56,0.4899999999999949,0.1,38188,38248,116.2,128.74,30
antes_dia_20,dia 18 - Soja Saudavel Vaso 5,18.0,5.0,1,122.64,38219,85.07,0.4900000000000091,0.1,38189,38249,116.41,128.94,30
antes_dia_20,dia 18 - Soja Saudavel Vaso 5,18.0,5.0,1,122.85,38220,84.6,0.46999999999999886,0.1,38190,38250,116.62,129.15,30
antes_dia_20,dia 18 - Soja Saudavel Vaso 5,18.0,5.0,1,123.05,38221,84.14,0.45999999999999375,0.1,38191,38251,116.83,129.35,30
antes_dia_20,dia 18 - Soja Saudavel Vaso 5,18.0,5.0,1,123.26,38222,83.68,0.45999999999999375,0.1,38192,38252,117.03,129.56,30
antes_dia_20,dia 18 - Soja Saudavel Vaso 5,18.0,5.0,1,123.46,38223,83.23,0.45000000000000284,0.1,38193,38253,117.24,129.77,30
antes_dia_20,dia 18 - Soja Saudavel Vaso 5,18.0,5.0,1,123.67,38224,82.78,0.45000000000000284,0.1,38194,38254,117.44,129.98,30
antes_dia_20,dia 18 - Soja Saudavel Vaso 5,18.0,5.0,1,123.88,38225,82.34,0.4399999999999977,0.1,38195,38255,117.66,130.18,30
antes_dia_20,dia 18 - Soja Saudavel Vaso 5,18.0,5.0,1,124.09,38226,81.89,0.45000000000000284,0.1,38196,38256,117.88,130.4,30
antes_dia_20,dia 18 - Soja Saudavel Vaso 5,18.0,5.0,1,124.29,38227,81.48,0.4099999999999966,0.1,38197,38257,118.08,130.61,30
antes_dia_20,dia 18 - Soja Saudavel Vaso 5,18.0,5.0,1,124.5,38228,81.07,0.4100000000000108,0.1,38198,38258,118.29,130.82,30
antes_dia_20,dia 18 - Soja Saudavel Vaso 5,18.0,5.0,1,124.71,38229,80.64,0.4299999999999926,0.1,38199,38259,118.49,131.02,30
antes_dia_20,dia 18 - Soja Saudavel Vaso 5,18.0,5.0,1,124.92,38230,80.24,0.4000000000000057,0.1,38200,38260,118.7,131.23,30
antes_dia_20,dia 18 - Soja Saudavel Vaso 5,18.0,5.0,1,125.13,38231,79.85,0.39000000000000057,0.1,38201,38261,118.9,131.43,30
antes_dia_20,dia 18 - Soja Saudavel Vaso 5,18.0,5.0,1,125.33,38232,79.46,0.39000000000000057,0.1,38202,38262,119.12,131.63,30
antes_dia_20,dia 18 - Soja Saudavel Vaso 5,18.0,5.0,1,125.53,38233,79.08,0.37999999999999545,0.1,38203,38263,119.32,131.85,30
antes_dia_20,dia 18 - Soja Saudavel Vaso 5,18.0,5.0,1,125.74,38234,78.67,0.4099999999999966,0.1,38204,38264,119.54,132.05,30
antes_dia_20,dia 18 - Soja Saudavel Vaso 5,18.0,5.0,1,125.94,38235,78.28,0.39000000000000057,0.1,38205,38265,119.75,132.26,30
antes_dia_20,dia 18 - Soja Saudavel Vaso 5,18.0,5.0,1,126.15,38236,77.89,0.39000000000000057,0.1,38206,38266,119.95,132.47,30
antes_dia_20,dia 18 - Soja Saudavel Vaso 5,18.0,5.0,1,126.46,38237,77.33,0.5600000000000023,0.1,38207,38267,120.16,132.67,30
antes_dia_20,dia 18 - Soja Saudavel Vaso 5,18.0,5.0,1,126.67,38238,76.95,0.37999999999999545,0.1,38208,38268,120.36,132.88,30
antes_dia_20,dia 18 - Soja Saudavel Vaso 5,18.0,5.0,1,126.87,38239,76.57,0.38000000000000966,0.1,38209,38269,120.57,133.08,30
antes_dia_20,dia 18 - Soja Saudavel Vaso 5,18.0,5.0,1,127.08,38240,76.19,0.37999999999999545,0.1,38210,38270,120.78,133.3,30
antes_dia_20,dia 18 - Soja Saudavel Vaso 5,18.0,5.0,1,127.29,38241,75.81,0.37999999999999545,0.1,38211,38271,120.98,133.5,30
antes_dia_20,dia 18 - Soja Saudavel Vaso 5,18.0,5.0,1,127.49,38242,75.44,0.37000000000000455,0.1,38212,38272,121.19,133.7,30
antes_dia_20,dia 18 - Soja Saudavel Vaso 5,18.0,5.0,1,127.7,38243,75.06,0.37999999999999545,0.1,38213,38273,121.39,133.91,30
antes_dia_20,dia 18 - Soja Saudavel Vaso 5,18.0,5.0,1,127.91,38244,74.7,0.35999999999999943,0.1,38214,38274,121.6,134.12,30
antes_dia_20,dia 18 - Soja Saudavel Vaso 5,18.0,5.0,1,128.12,38245,74.36,0.3400000000000034,0.1,38215,38275,121.81,134.32,30
antes_dia_20,dia 18 - Soja Saudavel Vaso 5,18.0,5.0,1,128.32,38246,74.01,0.3499999999999943,0.1,38216,38276,122.02,134.53,30
antes_dia_20,dia 18 - Soja Saudavel Vaso 5,18.0,5.0,1,128.53,38247,73.68,0.3299999999999983,0.1,38217,38277,122.23,134.74,30
antes_dia_20,dia 18 - Soja Saudavel Vaso 5,18.0,5.0,1,128.74,38248,73.33,0.3500000000000085,0.1,38218,38278,122.44,134.94,30
antes_dia_20,dia 18 - Soja Saudavel Vaso 5,18.0,5.0,1,128.94,38249,72.97,0.35999999999999943,0.1,38219,38279,122.64,135.15,30
antes_dia_20,dia 18 - Soja Saudavel Vaso 5,18.0,5.0,1,129.15,38250,72.63,0.3400000000000034,0.1,38220,38280,122.85,135.35,30
antes_dia_20,dia 18 - Soja Saudavel Vaso 5,18.0,5.0,1,129.35,38251,72.28,0.3499999999999943,0.1,38221,38281,123.05,135.55,30
antes_dia_20,dia 18 - Soja Saudavel Vaso 5,18.0,5.0,1,129.56,38252,71.93,0.3499999999999943,0.1,38222,38282,123.26,135.75,30
antes_dia_20,dia 18 - Soja Saudavel Vaso 5,18.0,5.0,1,129.77,38253,71.58,0.3500000000000085,0.1,38223,38283,123.46,135.97,30
antes_dia_20,dia 18 - Soja Saudavel Vaso 5,18.0,5.0,1,129.98,38254,71.22,0.35999999999999943,0.1,38224,38284,123.67,136.18,30
antes_dia_20,dia 18 - Soja Saudavel Vaso 5,18.0,5.0,1,130.18,38255,70.9,0.3199999999999932,0.1,38225,38285,123.88,136.39,30
antes_dia_20,dia 18 - Soja Saudavel Vaso 5,18.0,5.0,1,130.4,38256,70.53,0.37000000000000455,0.1,38226,38286,124.09,136.59,30
antes_dia_20,dia 18 - Soja Saudavel Vaso 5,18.0,5.0,1,130.61,38257,70.18,0.3499999999999943,0.1,38227,38287,124.29,136.81,30
antes_dia_20,dia 18 - Soja Saudavel Vaso 5,18.0,5.0,1,130.82,38258,69.84,0.3400000000000034,0.1,38228,38288,124.5,137.01,30
antes_dia_20,dia 18 - Soja Saudavel Vaso 5,18.0,5.0,1,131.02,38259,69.5,0.3400000000000034,0.1,38229,38289,124.71,137.21,30
antes_dia_20,dia 18 - Soja Saudavel Vaso 5,18.0,5.0,1,131.23,38260,69.17,0.3299999999999983,0.1,38230,38290,124.92,137.43,30
antes_dia_20,dia 18 - Soja Saudavel Vaso 5,18.0,5.0,1,131.43,38261,68.83,0.3400000000000034,0.1,38231,38291,125.13,137.63,30
antes_dia_20,dia 18 - Soja Saudavel Vaso 5,18.0,5.0,1,131.63,38262,68.5,0.3299999999999983,0.1,38232,38292,125.33,137.84,30
antes_dia_20,dia 18 - Soja Saudavel Vaso 5,18.0,5.0,1,131.85,38263,68.17,0.3299999999999983,0.1,38233,38293,125.53,138.05,30
antes_dia_20,dia 18 - Soja Saudavel Vaso 5,18.0,5.0,1,132.05,38264,67.84,0.3299999999999983,0.1,38234,38294,125.74,138.25,30
antes_dia_20,dia 18 - Soja Saudavel Vaso 5,18.0,5.0,1,132.26,38265,72.58,4.739999999999995,0.1,38235,38295,125.94,138.56,30
antes_dia_20,dia 18 - Soja Saudavel Vaso 5,18.0,5.0,1,132.47,38266,77.83,5.25,0.1,38236,38296,126.15,138.77,30
antes_dia_20,dia 18 - Soja Saudavel Vaso 5,18.0,5.0,1,132.67,38267,82.26,4.430000000000007,0.1,38237,38297,126.46,138.99,30
antes_dia_20,dia 18 - Soja Saudavel Vaso 5,18.0,5.0,1,132.88,38268,85.99,3.7299999999999898,0.1,38238,38298,126.67,139.19,30
antes_dia_20,dia 18 - Soja Saudavel Vaso 5,18.0,5.0,1,133.08,38269,88.95,2.960000000000008,0.1,38239,38299,126.87,139.4,30
antes_dia_20,dia 18 - Soja Saudavel Vaso 5,18.0,5.0,1,133.3,38270,91.17,2.219999999999999,0.1,38240,38300,127.08,139.6,30
antes_dia_20,dia 18 - Soja Saudavel Vaso 5,18.0,5.0,1,133.5,38271,92.59,1.4200000000000017,0.1,38241,38301,127.29,139.8,30
antes_dia_20,dia 18 - Soja Saudavel Vaso 5,18.0,5.0,1,133.7,38272,93.27,0.6799999999999926,0.1,38242,38302,127.49,140.01,30
antes_dia_20,dia 18 - Soja Saudavel Vaso 5,18.0,5.0,1,133.91,38273,93.49,0.21999999999999886,0.1,38243,38303,127.7,140.22,30
antes_dia_20,dia 11 - Soja Saudavel Vaso 1,11.0,1.0,1,300.75,40504,92.09,1.769999999999996,0.1,40474,40534,293.25,308.91,30
antes_dia_20,dia 11 - Soja Saudavel Vaso 1,11.0,1.0,1,301.15,40505,90.06,2.030000000000001,0.1,40475,40535,293.5,309.15,30
antes_dia_20,dia 11 - Soja Saudavel Vaso 1,11.0,1.0,1,301.7,40506,87.82,2.240000000000009,0.1,40476,40536,293.74,309.4,30
antes_dia_20,dia 11 - Soja Saudavel Vaso 1,11.0,1.0,1,302.11,40507,86.43,1.3899999999999864,0.1,40477,40537,293.99,309.64,30
antes_dia_20,dia 11 - Soja Saudavel Vaso 1,11.0,1.0,1,302.36,40508,85.67,0.7600000000000051,0.1,40478,40538,294.23,309.88,30
antes_dia_20,dia 11 - Soja Saudavel Vaso 1,11.0,1.0,1,302.6,40509,84.97,0.7000000000000028,0.1,40479,40539,294.48,310.13,30
antes_dia_20,dia 11 - Soja Saudavel Vaso 1,11.0,1.0,1,302.85,40510,84.3,0.6700000000000017,0.1,40480,40540,294.73,310.38,30
antes_dia_20,dia 11 - Soja Saudavel Vaso 1,11.0,1.0,1,303.09,40511,83.68,0.6199999999999903,0.1,40481,40541,294.97,310.62,30
antes_dia_20,dia 11 - Soja Saudavel Vaso 1,11.0,1.0,1,303.34,40512,83.07,0.6100000000000136,0.1,40482,40542,295.22,310.86,30
antes_dia_20,dia 11 - Soja Saudavel Vaso 1,11.0,1.0,1,303.64,40513,82.37,0.6999999999999886,0.1,40483,40543,295.46,311.11,30
antes_dia_20,dia 11 - Soja Saudavel Vaso 1,11.0,1.0,1,303.88,40514,81.83,0.5400000000000063,0.1,40484,40544,295.71,311.35,30
antes_dia_20,dia 11 - Soja Saudavel Vaso 1,11.0,1.0,1,304.13,40515,81.32,0.5100000000000051,0.1,40485,40545,295.95,311.59,30
antes_dia_20,dia 11 - Soja Saudavel Vaso 1,11.0,1.0,1,304.37,40516,80.83,0.4899999999999949,0.1,40486,40546,296.2,311.84,30
antes_dia_20,dia 11 - Soja Saudavel Vaso 1,11.0,1.0,1,304.61,40517,80.35,0.480000000000004,0.1,40487,40547,296.44,312.1,30
antes_dia_20,dia 11 - Soja Saudavel Vaso 1,11.0,1.0,1,304.86,40518,79.9,0.44999999999998863,0.1,40488,40548,296.68,312.36,30
antes_dia_20,dia 11 - Soja Saudavel Vaso 1,11.0,1.0,1,305.11,40519,79.46,0.44000000000001194,0.1,40489,40549,296.93,312.58,30
antes_dia_20,dia 11 - Soja Saudavel Vaso 1,11.0,1.0,1,305.36,40520,79.02,0.4399999999999977,0.1,40490,40550,297.17,312.81,30
antes_dia_20,dia 11 - Soja Saudavel Vaso 1,11.0,1.0,1,305.61,40521,78.62,0.3999999999999915,0.1,40491,40551,297.42,313.04,30
antes_dia_20,dia 11 - Soja Saudavel Vaso 1,11.0,1.0,1,305.85,40522,78.24,0.38000000000000966,0.1,40492,40552,297.71,313.27,30
antes_dia_20,dia 11 - Soja Saudavel Vaso 1,11.0,1.0,1,306.1,40523,77.87,0.36999999999999034,0.1,40493,40553,297.95,313.5,30
antes_dia_20,dia 11 - Soja Saudavel Vaso 1,11.0,1.0,1,306.34,40524,77.52,0.3500000000000085,0.1,40494,40554,298.2,313.73,30
antes_dia_20,dia 11 - Soja Saudavel Vaso 1,11.0,1.0,1,306.58,40525,77.18,0.3399999999999892,0.1,40495,40555,298.44,313.96,30
antes_dia_20,dia 11 - Soja Saudavel Vaso 1,11.0,1.0,1,306.83,40526,76.84,0.3400000000000034,0.1,40496,40556,298.68,314.19,30
antes_dia_20,dia 11 - Soja Saudavel Vaso 1,11.0,1.0,1,307.07,40527,76.53,0.3100000000000023,0.1,40497,40557,298.93,314.42,30
antes_dia_20,dia 11 - Soja Saudavel Vaso 1,11.0,1.0,1,307.42,40528,76.09,0.4399999999999977,0.1,40498,40558,299.17,314.65,30
antes_dia_20,dia 11 - Soja Saudavel Vaso 1,11.0,1.0,1,307.66,40529,75.8,0.29000000000000625,0.1,40499,40559,299.47,314.92,30
antes_dia_20,dia 11 - Soja Saudavel Vaso 1,11.0,1.0,1,307.9,40530,75.52,0.28000000000000114,0.1,40500,40560,299.72,315.15,30
antes_dia_20,dia 11 - Soja Saudavel Vaso 1,11.0,1.0,1,308.15,40531,75.24,0.28000000000000114,0.1,40501,40561,299.96,315.54,30
antes_dia_20,dia 11 - Soja Saudavel Vaso 1,11.0,1.0,1,308.39,40532,74.98,0.2599999999999909,0.1,40502,40562,300.2,316.08,30
antes_dia_20,dia 11 - Soja Saudavel Vaso 1,11.0,1.0,1,308.64,40533,74.72,0.2600000000000051,0.1,40503,40563,300.45,316.48,30
antes_dia_20,dia 11 - Soja Saudavel Vaso 1,11.0,1.0,1,308.91,40534,74.45,0.269999999999996,0.1,40504,40564,300.75,316.7,30
antes_dia_20,dia 11 - Soja Saudavel Vaso 1,11.0,1.0,1,309.15,40535,74.21,0.2400000000000091,0.1,40505,40565,301.15,316.93,30
antes_dia_20,dia 11 - Soja Saudavel Vaso 1,11.0,1.0,1,309.4,40536,73.98,0.22999999999998977,0.1,40506,40566,301.7,317.17,30
antes_dia_20,dia 11 - Soja Saudavel Vaso 1,11.0,1.0,1,309.64,40537,73.76,0.21999999999999886,0.1,40507,40567,302.11,317.39,30
antes_dia_20,dia 11 - Soja Saudavel Vaso 1,11.0,1.0,1,309.88,40538,73.54,0.21999999999999886,0.1,40508,40568,302.36,317.63,30
antes_dia_20,dia 11 - Soja Saudavel Vaso 1,11.0,1.0,1,310.13,40539,73.33,0.21000000000000796,0.1,40509,40569,302.6,317.86,30
antes_dia_20,dia 11 - Soja Saudavel Vaso 1,11.0,1.0,1,310.38,40540,73.12,0.20999999999999375,0.1,40510,40570,302.85,318.08,30
antes_dia_20,dia 11 - Soja Saudavel Vaso 1,11.0,1.0,1,310.62,40541,72.94,0.18000000000000682,0.1,40511,40571,303.09,318.31,30
antes_dia_20,dia 11 - Soja Saudavel Vaso 1,11.0,1.0,1,310.86,40542,72.75,0.18999999999999773,0.1,40512,40572,303.34,318.54,30
antes_dia_20,dia 11 - Soja Saudavel Vaso 1,11.0,1.0,1,311.11,40543,72.56,0.18999999999999773,0.1,40513,40573,303.64,318.77,30
antes_dia_20,dia 11 - Soja Saudavel Vaso 1,11.0,1.0,1,311.35,40544,72.39,0.1700000000000017,0.1,40514,40574,303.88,319.0,30
antes_dia_20,dia 11 - Soja Saudavel Vaso 1,11.0,1.0,1,311.59,40545,72.22,0.1700000000000017,0.1,40515,40575,304.13,319.23,30
antes_dia_20,dia 11 - Soja Saudavel Vaso 1,11.0,1.0,1,311.84,40546,72.05,0.1700000000000017,0.1,40516,40576,304.37,319.46,30
antes_dia_20,dia 11 - Soja Saudavel Vaso 1,11.0,1.0,1,312.1,40547,71.88,0.1700000000000017,0.1,40517,40577,304.61,319.69,30
antes_dia_20,dia 11 - Soja Saudavel Vaso 1,11.0,1.0,1,312.36,40548,71.71,0.1700000000000017,0.1,40518,40578,304.86,319.92,30
antes_dia_20,dia 11 - Soja Saudavel Vaso 1,11.0,1.0,1,312.58,40549,71.57,0.14000000000000057,0.1,40519,40579,305.11,320.15,30
antes_dia_20,dia 11 - Soja Saudavel Vaso 1,11.0,1.0,1,312.81,40550,71.43,0.13999999999998636,0.1,40520,40580,305.36,320.37,30
antes_dia_20,dia 11 - Soja Saudavel Vaso 1,11.0,1.0,1,313.04,40551,71.3,0.13000000000000966,0.1,40521,40581,305.61,320.6,30
antes_dia_20,dia 11 - Soja Saudavel Vaso 1,11.0,1.0,1,313.27,40552,71.18,0.11999999999999034,0.1,40522,40582,305.85,320.83,30
antes_dia_20,dia 11 - Soja Saudavel Vaso 1,11.0,1.0,1,313.5,40553,71.05,0.13000000000000966,0.1,40523,40583,306.1,321.06,30
antes_dia_20,dia 11 - Soja Saudavel Vaso 1,11.0,1.0,1,313.73,40554,70.93,0.11999999999999034,0.1,40524,40584,306.34,321.29,30
antes_dia_20,dia 11 - Soja Saudavel Vaso 1,11.0,1.0,1,313.96,40555,70.81,0.12000000000000455,0.1,40525,40585,306.58,321.57,30
antes_dia_20,dia 11 - Soja Saudavel Vaso 1,11.0,1.0,1,314.19,40556,70.69,0.12000000000000455,0.1,40526,40586,306.83,321.8,30
antes_dia_20,dia 11 - Soja Saudavel Vaso 1,11.0,1.0,1,314.42,40557,70.58,0.10999999999999943,0.1,40527,40587,307.07,322.03,30
antes_dia_20,dia 11 - Soja Saudavel Vaso 1,11.0,1.0,1,314.65,40558,70.47,0.10999999999999943,0.1,40528,40588,307.42,322.26,30
antes_dia_20,dia 11 - Soja Saudavel Vaso 1,11.0,1.0,1,314.92,40559,70.34,0.12999999999999545,0.1,40529,40589,307.66,322.49,30
antes_dia_20,dia 11 - Soja Saudavel Vaso 1,11.0,1.0,1,315.15,40560,70.24,0.10000000000000853,0.1,40530,40590,307.9,322.77,30
antes_dia_20,dia 11 - Soja Saudavel Vaso 1,11.0,1.0,1,315.54,40561,70.07,0.1700000000000017,0.1,40531,40591,308.15,323.0,30
antes_dia_20,dia 11 - Soja Saudavel Vaso 1,11.0,1.0,1,316.08,40562,69.86,0.20999999999999375,0.1,40532,40592,308.39,323.23,30
antes_dia_20,dia 11 - Soja Saudavel Vaso 1,11.0,1.0,1,316.48,40563,69.7,0.1599999999999966,0.1,40533,40593,308.64,323.46,30
antes_dia_20,dia 11 - Soja Saudavel Vaso 1,11.0,1.0,1,319.92,40578,71.24,2.539999999999992,0.1,40548,40608,312.36,326.99,30
antes_dia_20,dia 11 - Soja Saudavel Vaso 1,11.0,1.0,1,320.15,40579,77.6,6.359999999999999,0.1,40549,40609,312.58,327.22,30
antes_dia_20,dia 11 - Soja Saudavel Vaso 1,11.0,1.0,1,320.37,40580,82.65,5.050000000000011,0.1,40550,40610,312.81,327.45,30
antes_dia_20,dia 11 - Soja Saudavel Vaso 1,11.0,1.0,1,320.6,40581,86.64,3.989999999999995,0.1,40551,40611,313.04,327.69,30
antes_dia_20,dia 11 - Soja Saudavel Vaso 1,11.0,1.0,1,320.83,40582,89.75,3.1099999999999994,0.1,40552,40612,313.27,327.93,30
antes_dia_20,dia 11 - Soja Saudavel Vaso 1,11.0,1.0,1,321.06,40583,91.9,2.1500000000000057,0.1,40553,40613,313.5,328.16,30
antes_dia_20,dia 11 - Soja Saudavel Vaso 1,11.0,1.0,1,321.29,40584,93.17,1.269999999999996,0.1,40554,40614,313.73,328.39,30
antes_dia_20,dia 11 - Soja Saudavel Vaso 1,11.0,1.0,1,321.57,40585,93.78,0.6099999999999994,0.1,40555,40615,313.96,328.62,30
antes_dia_20,dia 11 - Soja Saudavel Vaso 1,11.0,1.0,1,740.1,42259,92.84,1.009999999999991,0.1,42229,42289,731.87,748.28,30
antes_dia_20,dia 11 - Soja Saudavel Vaso 1,11.0,1.0,1,740.34,42260,92.25,0.5900000000000034,0.1,42230,42290,732.28,748.51,30
antes_dia_20,dia 11 - Soja Saudavel Vaso 1,11.0,1.0,1,740.64,42261,91.83,0.4200000000000017,0.1,42231,42291,732.83,748.74,30
antes_dia_20,dia 11 - Soja Saudavel Vaso 1,11.0,1.0,1,740.88,42262,91.61,0.21999999999999886,0.1,42232,42292,733.23,748.96,30
antes_dia_20,dia 11 - Soja Saudavel Vaso 1,11.0,1.0,1,741.13,42263,91.43,0.1799999999999926,0.1,42233,42293,733.48,749.19,30
antes_dia_20,dia 11 - Soja Saudavel Vaso 1,11.0,1.0,1,741.37,42264,91.32,0.11000000000001364,0.1,42234,42294,733.72,749.43,30
antes_dia_20,dia 11 - Soja Saudavel Vaso 2,11.0,2.0,1,300.01,43516,93.16,0.6899999999999977,0.1,43486,43546,293.01,307.79,30
antes_dia_20,dia 11 - Soja Saudavel Vaso 2,11.0,2.0,1,300.24,43517,91.78,1.3799999999999955,0.1,43487,43547,293.23,308.02,30
antes_dia_20,dia 11 - Soja Saudavel Vaso 2,11.0,2.0,1,300.48,43518,90.59,1.1899999999999977,0.1,43488,43548,293.46,308.28,30
antes_dia_20,dia 11 - Soja Saudavel Vaso 2,11.0,2.0,1,300.7,43519,89.57,1.0200000000000102,0.1,43489,43549,293.7,308.51,30
antes_dia_20,dia 11 - Soja Saudavel Vaso 2,11.0,2.0,1,300.93,43520,88.65,0.9199999999999875,0.1,43490,43550,293.97,308.74,30
antes_dia_20,dia 11 - Soja Saudavel Vaso 2,11.0,2.0,1,301.16,43521,87.81,0.8400000000000034,0.1,43491,43551,294.19,308.97,30
antes_dia_20,dia 11 - Soja Saudavel Vaso 2,11.0,2.0,1,301.39,43522,87.02,0.7900000000000063,0.1,43492,43552,294.42,309.2,30
antes_dia_20,dia 11 - Soja Saudavel Vaso 2,11.0,2.0,1,301.66,43523,86.16,0.8599999999999994,0.1,43493,43553,294.65,309.47,30
antes_dia_20,dia 11 - Soja Saudavel Vaso 2,11.0,2.0,1,302.05,43524,85.04,1.1199999999999903,0.1,43494,43554,294.89,309.7,30
antes_dia_20,dia 11 - Soja Saudavel Vaso 2,11.0,2.0,1,302.6,43525,83.66,1.3800000000000097,0.1,43495,43555,295.11,309.93,30
antes_dia_20,dia 11 - Soja Saudavel Vaso 2,11.0,2.0,1,303.01,43526,82.68,0.9799999999999898,0.1,43496,43556,295.34,310.16,30
antes_dia_20,dia 11 - Soja Saudavel Vaso 2,11.0,2.0,1,303.24,43527,82.19,0.4900000000000091,0.1,43497,43557,295.57,310.39,30
antes_dia_20,dia 11 - Soja Saudavel Vaso 2,11.0,2.0,1,303.47,43528,81.72,0.46999999999999886,0.1,43498,43558,295.8,310.63,30
antes_dia_20,dia 11 - Soja Saudavel Vaso 2,11.0,2.0,1,303.71,43529,81.26,0.45999999999999375,0.1,43499,43559,296.04,310.86,30
antes_dia_20,dia 11 - Soja Saudavel Vaso 2,11.0,2.0,1,303.95,43530,80.78,0.480000000000004,0.1,43500,43560,296.26,311.09,30
antes_dia_20,dia 11 - Soja Saudavel Vaso 2,11.0,2.0,1,304.19,43531,80.36,0.4200000000000017,0.1,43501,43561,296.49,311.32,30
antes_dia_20,dia 11 - Soja Saudavel Vaso 2,11.0,2.0,1,304.42,43532,79.95,0.4099999999999966,0.1,43502,43562,296.72,311.55,30
antes_dia_20,dia 11 - Soja Saudavel Vaso 2,11.0,2.0,1,304.64,43533,79.56,0.39000000000000057,0.1,43503,43563,296.95,311.78,30
antes_dia_20,dia 11 - Soja Saudavel Vaso 2,11.0,2.0,1,304.88,43534,79.18,0.37999999999999545,0.1,43504,43564,297.24,312.01,30
antes_dia_20,dia 11 - Soja Saudavel Vaso 2,11.0,2.0,1,305.11,43535,78.82,0.36000000000001364,0.1,43505,43565,297.47,312.24,30
antes_dia_20,dia 11 - Soja Saudavel Vaso 2,11.0,2.0,1,305.34,43536,78.47,0.3499999999999943,0.1,43506,43566,297.69,312.48,30
antes_dia_20,dia 11 - Soja Saudavel Vaso 2,11.0,2.0,1,305.67,43537,77.97,0.5,0.1,43507,43567,297.92,312.75,30
antes_dia_20,dia 11 - Soja Saudavel Vaso 2,11.0,2.0,1,305.91,43538,77.66,0.3100000000000023,0.1,43508,43568,298.16,312.98,30
antes_dia_20,dia 11 - Soja Saudavel Vaso 2,11.0,2.0,1,306.18,43539,77.3,0.35999999999999943,0.1,43509,43569,298.4,313.21,30
antes_dia_20,dia 11 - Soja Saudavel Vaso 2,11.0,2.0,1,306.41,43540,77.0,0.29999999999999716,0.1,43510,43570,298.63,313.44,30
antes_dia_20,dia 11 - Soja Saudavel Vaso 2,11.0,2.0,1,306.63,43541,76.72,0.28000000000000114,0.1,43511,43571,298.86,313.68,30
antes_dia_20,dia 11 - Soja Saudavel Vaso 2,11.0,2.0,1,306.86,43542,76.45,0.269999999999996,0.1,43512,43572,299.09,313.93,30
antes_dia_20,dia 11 - Soja Saudavel Vaso 2,11.0,2.0,1,307.1,43543,76.18,0.269999999999996,0.1,43513,43573,299.33,314.16,30
antes_dia_20,dia 11 - Soja Saudavel Vaso 2,11.0,2.0,1,307.33,43544,75.92,0.2600000000000051,0.1,43514,43574,299.55,314.39,30
antes_dia_20,dia 11 - Soja Saudavel Vaso 2,11.0,2.0,1,307.56,43545,75.66,0.2600000000000051,0.1,43515,43575,299.78,314.62,30
antes_dia_20,dia 11 - Soja Saudavel Vaso 2,11.0,2.0,1,307.79,43546,75.43,0.22999999999998977,0.1,43516,43576,300.01,314.85,30
antes_dia_20,dia 11 - Soja Saudavel Vaso 2,11.0,2.0,1,308.02,43547,75.2,0.23000000000000398,0.1,43517,43577,300.24,315.08,30
antes_dia_20,dia 11 - Soja Saudavel Vaso 2,11.0,2.0,1,308.28,43548,74.95,0.25,0.1,43518,43578,300.48,315.31,30
antes_dia_20,dia 11 - Soja Saudavel Vaso 2,11.0,2.0,1,308.51,43549,74.73,0.21999999999999886,0.1,43519,43579,300.7,315.54,30
antes_dia_20,dia 11 - Soja Saudavel Vaso 2,11.0,2.0,1,308.74,43550,74.52,0.21000000000000796,0.1,43520,43580,300.93,315.93,30
antes_dia_20,dia 11 - Soja Saudavel Vaso 2,11.0,2.0,1,308.97,43551,74.32,0.20000000000000284,0.1,43521,43581,301.16,316.47,30
antes_dia_20,dia 11 - Soja Saudavel Vaso 2,11.0,2.0,1,309.2,43552,74.12,0.19999999999998863,0.1,43522,43582,301.39,316.86,30
antes_dia_20,dia 11 - Soja Saudavel Vaso 2,11.0,2.0,1,309.47,43553,73.9,0.21999999999999886,0.1,43523,43583,301.66,317.09,30
antes_dia_20,dia 11 - Soja Saudavel Vaso 2,11.0,2.0,1,309.7,43554,73.71,0.19000000000001194,0.1,43524,43584,302.05,317.32,30
antes_dia_20,dia 11 - Soja Saudavel Vaso 2,11.0,2.0,1,309.93,43555,73.54,0.1699999999999875,0.1,43525,43585,302.6,317.55,30
antes_dia_20,dia 11 - Soja Saudavel Vaso 2,11.0,2.0,1,310.16,43556,73.37,0.1700000000000017,0.1,43526,43586,303.01,317.77,30
antes_dia_20,dia 11 - Soja Saudavel Vaso 2,11.0,2.0,1,310.39,43557,73.19,0.18000000000000682,0.1,43527,43587,303.24,318.01,30
antes_dia_20,dia 11 - Soja Saudavel Vaso 2,11.0,2.0,1,310.63,43558,73.03,0.1599999999999966,0.1,43528,43588,303.47,318.27,30
antes_dia_20,dia 11 - Soja Saudavel Vaso 2,11.0,2.0,1,310.86,43559,72.87,0.1599999999999966,0.1,43529,43589,303.71,318.5,30
antes_dia_20,dia 11 - Soja Saudavel Vaso 2,11.0,2.0,1,311.09,43560,72.72,0.15000000000000568,0.1,43530,43590,303.95,318.73,30
antes_dia_20,dia 11 - Soja Saudavel Vaso 2,11.0,2.0,1,311.32,43561,72.57,0.15000000000000568,0.1,43531,43591,304.19,318.96,30
antes_dia_20,dia 11 - Soja Saudavel Vaso 2,11.0,2.0,1,311.55,43562,72.42,0.14999999999999147,0.1,43532,43592,304.42,319.19,30
antes_dia_20,dia 11 - Soja Saudavel Vaso 2,11.0,2.0,1,311.78,43563,72.29,0.12999999999999545,0.1,43533,43593,304.64,319.46,30
antes_dia_20,dia 11 - Soja Saudavel Vaso 2,11.0,2.0,1,312.01,43564,72.15,0.14000000000000057,0.1,43534,43594,304.88,319.68,30
antes_dia_20,dia 11 - Soja Saudavel Vaso 2,11.0,2.0,1,312.24,43565,72.01,0.14000000000000057,0.1,43535,43595,305.11,319.92,30
antes_dia_20,dia 11 - Soja Saudavel Vaso 2,11.0,2.0,1,312.48,43566,71.88,0.13000000000000966,0.1,43536,43596,305.34,320.15,30
antes_dia_20,dia 11 - Soja Saudavel Vaso 2,11.0,2.0,1,312.75,43567,71.73,0.14999999999999147,0.1,43537,43597,305.67,320.38,30
antes_dia_20,dia 11 - Soja Saudavel Vaso 2,11.0,2.0,1,312.98,43568,71.61,0.12000000000000455,0.1,43538,43598,305.91,320.61,30
antes_dia_20,dia 11 - Soja Saudavel Vaso 2,11.0,2.0,1,313.21,43569,71.49,0.12000000000000455,0.1,43539,43599,306.18,320.84,30
antes_dia_20,dia 11 - Soja Saudavel Vaso 2,11.0,2.0,1,313.44,43570,71.38,0.10999999999999943,0.1,43540,43600,306.41,321.07,30
antes_dia_20,dia 11 - Soja Saudavel Vaso 2,11.0,2.0,1,313.68,43571,71.27,0.10999999999999943,0.1,43541,43601,306.63,321.29,30
antes_dia_20,dia 11 - Soja Saudavel Vaso 2,11.0,2.0,1,313.93,43572,71.15,0.11999999999999034,0.1,43542,43602,306.86,321.53,30
antes_dia_20,dia 11 - Soja Saudavel Vaso 2,11.0,2.0,1,314.16,43573,71.04,0.10999999999999943,0.1,43543,43603,307.1,321.76,30
antes_dia_20,dia 11 - Soja Saudavel Vaso 2,11.0,2.0,1,314.39,43574,70.93,0.10999999999999943,0.1,43544,43604,307.33,321.99,30
antes_dia_20,dia 11 - Soja Saudavel Vaso 2,11.0,2.0,1,314.85,43576,70.74,0.10999999999999943,0.1,43546,43606,307.79,322.44,30
antes_dia_20,dia 11 - Soja Saudavel Vaso 2,11.0,2.0,1,315.93,43580,70.33,0.14000000000000057,0.1,43550,43610,308.74,323.42,30
antes_dia_20,dia 11 - Soja Saudavel Vaso 2,11.0,2.0,1,316.47,43581,70.14,0.18999999999999773,0.1,43551,43611,308.97,323.66,30
antes_dia_20,dia 11 - Soja Saudavel Vaso 2,11.0,2.0,1,316.86,43582,70.01,0.12999999999999545,0.1,43552,43612,309.2,323.89,30
antes_dia_20,dia 11 - Soja Saudavel Vaso 2,11.0,2.0,1,321.53,43602,72.92,4.040000000000006,0.1,43572,43632,313.93,328.55,30
antes_dia_20,dia 11 - Soja Saudavel Vaso 2,11.0,2.0,1,321.76,43603,78.88,5.959999999999994,0.1,43573,43633,314.16,328.77,30
antes_dia_20,dia 11 - Soja Saudavel Vaso 2,11.0,2.0,1,321.99,43604,83.69,4.810000000000002,0.1,43574,43634,314.39,329.0,30
antes_dia_20,dia 11 - Soja Saudavel Vaso 2,11.0,2.0,1,322.22,43605,87.46,3.769999999999996,0.1,43575,43635,314.62,329.24,30
antes_dia_20,dia 11 - Soja Saudavel Vaso 2,11.0,2.0,1,322.44,43606,90.31,2.8500000000000085,0.1,43576,43636,314.85,329.46,30
antes_dia_20,dia 11 - Soja Saudavel Vaso 2,11.0,2.0,1,322.73,43607,92.6,2.289999999999992,0.1,43577,43637,315.08,329.85,30
antes_dia_20,dia 11 - Soja Saudavel Vaso 2,11.0,2.0,1,322.96,43608,93.51,0.9100000000000108,0.1,43578,43638,315.31,330.39,30
antes_dia_20,dia 11 - Soja Saudavel Vaso 2,11.0,2.0,1,323.19,43609,93.79,0.28000000000000114,0.1,43579,43639,315.54,330.77,30
antes_dia_20,dia 11 - Soja Saudavel Vaso 2,11.0,2.0,1,681.58,45018,93.14,0.7000000000000028,0.1,44988,45048,674.0,689.74,30
antes_dia_20,dia 11 - Soja Saudavel Vaso 2,11.0,2.0,1,681.85,45019,92.35,0.7900000000000063,0.1,44989,45049,674.24,689.98,30
antes_dia_20,dia 11 - Soja Saudavel Vaso 2,11.0,2.0,1,682.09,45020,91.94,0.4099999999999966,0.1,44990,45050,674.49,690.23,30
antes_dia_20,dia 11 - Soja Saudavel Vaso 2,11.0,2.0,1,682.34,45021,91.67,0.269999999999996,0.1,44991,45051,674.73,690.47,30
antes_dia_20,dia 11 - Soja Saudavel Vaso 2,11.0,2.0,1,682.58,45022,91.48,0.18999999999999773,0.1,44992,45052,674.98,690.71,30
antes_dia_20,dia 11 - Soja Saudavel Vaso 2,11.0,2.0,1,682.88,45023,91.32,0.1600000000000108,0.1,44993,45053,675.22,690.94,30
antes_dia_20,dia 11 - Soja Saudavel Vaso 3,11.0,3.0,1,300.01,45788,93.17,0.6499999999999915,0.1,45758,45818,291.79,307.53,30
antes_dia_20,dia 11 - Soja Saudavel Vaso 3,11.0,3.0,1,300.26,45789,91.7,1.4699999999999989,0.1,45759,45819,292.07,307.78,30
antes_dia_20,dia 11 - Soja Saudavel Vaso 3,11.0,3.0,1,300.5,45790,90.46,1.240000000000009,0.1,45760,45820,292.31,308.02,30
antes_dia_20,dia 11 - Soja Saudavel Vaso 3,11.0,3.0,1,300.76,45791,89.38,1.0799999999999983,0.1,45761,45821,292.55,308.27,30
antes_dia_20,dia 11 - Soja Saudavel Vaso 3,11.0,3.0,1,301.01,45792,88.35,1.0300000000000011,0.1,45762,45822,292.81,308.52,30
antes_dia_20,dia 11 - Soja Saudavel Vaso 3,11.0,3.0,1,301.26,45793,87.47,0.8799999999999955,0.1,45763,45823,293.1,308.76,30
antes_dia_20,dia 11 - Soja Saudavel Vaso 3,11.0,3.0,1,301.51,45794,86.67,0.7999999999999972,0.1,45764,45824,293.35,309.11,30
antes_dia_20,dia 11 - Soja Saudavel Vaso 3,11.0,3.0,1,301.75,45795,85.94,0.730000000000004,0.1,45765,45825,293.59,309.36,30
antes_dia_20,dia 11 - Soja Saudavel Vaso 3,11.0,3.0,1,302.05,45796,85.09,0.8499999999999943,0.1,45766,45826,293.84,309.6,30
antes_dia_20,dia 11 - Soja Saudavel Vaso 3,11.0,3.0,1,302.3,45797,84.45,0.6400000000000006,0.1,45767,45827,294.09,309.85,30
antes_dia_20,dia 11 - Soja Saudavel Vaso 3,11.0,3.0,1,302.54,45798,83.84,0.6099999999999994,0.1,45768,45828,294.36,310.1,30
antes_dia_20,dia 11 - Soja Saudavel Vaso 3,11.0,3.0,1,302.79,45799,83.28,0.5600000000000023,0.1,45769,45829,294.6,310.37,30
antes_dia_20,dia 11 - Soja Saudavel Vaso 3,11.0,3.0,1,303.04,45800,82.73,0.5499999999999972,0.1,45770,45830,294.85,310.61,30
antes_dia_20,dia 11 - Soja Saudavel Vaso 3,11.0,3.0,1,303.29,45801,82.2,0.5300000000000011,0.1,45771,45831,295.09,310.86,30
antes_dia_20,dia 11 - Soja Saudavel Vaso 3,11.0,3.0,1,303.53,45802,81.72,0.480000000000004,0.1,45772,45832,295.39,311.1,30
antes_dia_20,dia 11 - Soja Saudavel Vaso 3,11.0,3.0,1,303.78,45803,81.24,0.480000000000004,0.1,45773,45833,295.64,311.41,30
antes_dia_20,dia 11 - Soja Saudavel Vaso 3,11.0,3.0,1,304.02,45804,80.77,0.46999999999999886,0.1,45774,45834,295.88,311.65,30
antes_dia_20,dia 11 - Soja Saudavel Vaso 3,11.0,3.0,1,304.32,45805,80.27,0.5,0.1,45775,45835,296.13,311.9,30
antes_dia_20,dia 11 - Soja Saudavel Vaso 3,11.0,3.0,1,304.57,45806,79.86,0.4099999999999966,0.1,45776,45836,296.38,312.31,30
antes_dia_20,dia 11 - Soja Saudavel Vaso 3,11.0,3.0,1,304.81,45807,79.47,0.39000000000000057,0.1,45777,45837,296.62,312.89,30
antes_dia_20,dia 11 - Soja Saudavel Vaso 3,11.0,3.0,1,305.06,45808,79.09,0.37999999999999545,0.1,45778,45838,296.87,313.29,30
antes_dia_20,dia 11 - Soja Saudavel Vaso 3,11.0,3.0,1,305.31,45809,78.74,0.3500000000000085,0.1,45779,45839,297.11,313.54,30
antes_dia_20,dia 11 - Soja Saudavel Vaso 3,11.0,3.0,1,305.56,45810,78.38,0.35999999999999943,0.1,45780,45840,297.51,313.78,30
antes_dia_20,dia 11 - Soja Saudavel Vaso 3,11.0,3.0,1,305.8,45811,78.05,0.3299999999999983,0.1,45781,45841,298.06,314.03,30
antes_dia_20,dia 11 - Soja Saudavel Vaso 3,11.0,3.0,1,306.05,45812,77.74,0.3100000000000023,0.1,45782,45842,298.47,314.27,30
antes_dia_20,dia 11 - Soja Saudavel Vaso 3,11.0,3.0,1,306.29,45813,77.43,0.30999999999998806,0.1,45783,45843,298.75,314.53,30
antes_dia_20,dia 11 - Soja Saudavel Vaso 3,11.0,3.0,1,306.54,45814,77.14,0.29000000000000625,0.1,45784,45844,299.0,314.79,30
antes_dia_20,dia 11 - Soja Saudavel Vaso 3,11.0,3.0,1,306.8,45815,76.83,0.3100000000000023,0.1,45785,45845,299.24,315.02,30
antes_dia_20,dia 11 - Soja Saudavel Vaso 3,11.0,3.0,1,307.04,45816,76.56,0.269999999999996,0.1,45786,45846,299.48,315.24,30
antes_dia_20,dia 11 - Soja Saudavel Vaso 3,11.0,3.0,1,307.29,45817,76.29,0.269999999999996,0.1,45787,45847,299.77,315.47,30
antes_dia_20,dia 11 - Soja Saudavel Vaso 3,11.0,3.0,1,307.53,45818,76.04,0.25,0.1,45788,45848,300.01,315.71,30
antes_dia_20,dia 11 - Soja Saudavel Vaso 3,11.0,3.0,1,307.78,45819,75.79,0.25,0.1,45789,45849,300.26,315.94,30
antes_dia_20,dia 11 - Soja Saudavel Vaso 3,11.0,3.0,1,308.02,45820,75.55,0.2400000000000091,0.1,45790,45850,300.5,316.17,30
antes_dia_20,dia 11 - Soja Saudavel Vaso 3,11.0,3.0,1,308.27,45821,75.32,0.23000000000000398,0.1,45791,45851,300.76,316.4,30
antes_dia_20,dia 11 - Soja Saudavel Vaso 3,11.0,3.0,1,308.52,45822,75.1,0.21999999999999886,0.1,45792,45852,301.01,316.63,30
antes_dia_20,dia 11 - Soja Saudavel Vaso 3,11.0,3.0,1,308.76,45823,74.88,0.21999999999999886,0.1,45793,45853,301.26,316.86,30
antes_dia_20,dia 11 - Soja Saudavel Vaso 3,11.0,3.0,1,309.11,45824,74.59,0.28999999999999204,0.1,45794,45854,301.51,317.09,30
antes_dia_20,dia 11 - Soja Saudavel Vaso 3,11.0,3.0,1,309.36,45825,74.4,0.18999999999999773,0.1,45795,45855,301.75,317.32,30
antes_dia_20,dia 11 - Soja Saudavel Vaso 3,11.0,3.0,1,309.6,45826,74.21,0.19000000000001194,0.1,45796,45856,302.05,317.55,30
antes_dia_20,dia 11 - Soja Saudavel Vaso 3,11.0,3.0,1,309.85,45827,74.03,0.1799999999999926,0.1,45797,45857,302.3,317.77,30
antes_dia_20,dia 11 - Soja Saudavel Vaso 3,11.0,3.0,1,310.1,45828,73.85,0.18000000000000682,0.1,45798,45858,302.54,318.07,30
antes_dia_20,dia 11 - Soja Saudavel Vaso 3,11.0,3.0,1,310.37,45829,73.65,0.19999999999998863,0.1,45799,45859,302.79,318.3,30
antes_dia_20,dia 11 - Soja Saudavel Vaso 3,11.0,3.0,1,310.61,45830,73.49,0.1600000000000108,0.1,45800,45860,303.04,318.52,30
antes_dia_20,dia 11 - Soja Saudavel Vaso 3,11.0,3.0,1,310.86,45831,73.33,0.1599999999999966,0.1,45801,45861,303.29,318.75,30
antes_dia_20,dia 11 - Soja Saudavel Vaso 3,11.0,3.0,1,311.1,45832,73.18,0.14999999999999147,0.1,45802,45862,303.53,318.99,30
antes_dia_20,dia 11 - Soja Saudavel Vaso 3,11.0,3.0,1,311.41,45833,72.99,0.19000000000001194,0.1,45803,45863,303.78,319.22,30
antes_dia_20,dia 11 - Soja Saudavel Vaso 3,11.0,3.0,1,311.65,45834,72.85,0.14000000000000057,0.1,45804,45864,304.02,319.45,30
antes_dia_20,dia 11 - Soja Saudavel Vaso 3,11.0,3.0,1,311.9,45835,72.71,0.14000000000000057,0.1,45805,45865,304.32,319.68,30
antes_dia_20,dia 11 - Soja Saudavel Vaso 3,11.0,3.0,1,312.31,45836,72.49,0.21999999999999886,0.1,45806,45866,304.57,319.91,30
antes_dia_20,dia 11 - Soja Saudavel Vaso 3,11.0,3.0,1,312.89,45837,72.19,0.29999999999999716,0.1,45807,45867,304.81,320.14,30
antes_dia_20,dia 11 - Soja Saudavel Vaso 3,11.0,3.0,1,313.29,45838,72.01,0.1799999999999926,0.1,45808,45868,305.06,320.37,30
antes_dia_20,dia 11 - Soja Saudavel Vaso 3,11.0,3.0,1,313.54,45839,71.89,0.12000000000000455,0.1,45809,45869,305.31,320.6,30
antes_dia_20,dia 11 - Soja Saudavel Vaso 3,11.0,3.0,1,314.03,45841,71.68,0.10999999999999943,0.1,45811,45871,305.8,321.06,30
antes_dia_20,dia 11 - Soja Saudavel Vaso 3,11.0,3.0,1,314.27,45842,71.58,0.10000000000000853,0.1,45812,45872,306.05,321.29,30
antes_dia_20,dia 11 - Soja Saudavel Vaso 3,11.0,3.0,1,314.79,45844,71.37,0.10999999999999943,0.1,45814,45874,306.54,321.75,30
antes_dia_20,dia 11 - Soja Saudavel Vaso 3,11.0,3.0,1,327.99,45898,73.79,4.820000000000007,0.1,45868,45928,320.37,335.02,30
antes_dia_20,dia 11 - Soja Saudavel Vaso 3,11.0,3.0,1,328.22,45899,79.58,5.789999999999992,0.1,45869,45929,320.6,335.25,30
antes_dia_20,dia 11 - Soja Saudavel Vaso 3,11.0,3.0,1,328.45,45900,84.34,4.760000000000005,0.1,45870,45930,320.83,335.48,30
antes_dia_20,dia 11 - Soja Saudavel Vaso 3,11.0,3.0,1,328.68,45901,88.0,3.6599999999999966,0.1,45871,45931,321.06,335.73,30
antes_dia_20,dia 11 - Soja Saudavel Vaso 3,11.0,3.0,1,328.91,45902,90.71,2.7099999999999937,0.1,45872,45932,321.29,335.95,30
antes_dia_20,dia 11 - Soja Saudavel Vaso 3,11.0,3.0,1,329.18,45903,92.75,2.0400000000000063,0.1,45873,45933,321.52,336.18,30
antes_dia_20,dia 11 - Soja Saudavel Vaso 3,11.0,3.0,1,329.41,45904,93.55,0.7999999999999972,0.1,45874,45934,321.75,336.41,30
antes_dia_20,dia 11 - Soja Saudavel Vaso 3,11.0,3.0,1,329.64,45905,93.76,0.21000000000000796,0.1,45875,45935,321.98,336.64,30
antes_dia_20,dia 11 - Soja Saudavel Vaso 3,11.0,3.0,1,748.02,47550,93.1,0.710000000000008,0.1,47520,47580,740.0,755.64,30
antes_dia_20,dia 11 - Soja Saudavel Vaso 3,11.0,3.0,1,748.28,47551,92.33,0.769999999999996,0.1,47521,47581,740.3,755.87,30
antes_dia_20,dia 11 - Soja Saudavel Vaso 3,11.0,3.0,1,748.51,47552,91.96,0.37000000000000455,0.1,47522,47582,740.7,756.1,30
antes_dia_20,dia 11 - Soja Saudavel Vaso 3,11.0,3.0,1,748.73,47553,91.7,0.2599999999999909,0.1,47523,47583,741.26,756.33,30
antes_dia_20,dia 11 - Soja Saudavel Vaso 3,11.0,3.0,1,748.96,47554,91.52,0.18000000000000682,0.1,47524,47584,741.66,756.55,30
antes_dia_20,dia 11 - Soja Saudavel Vaso 3,11.0,3.0,1,749.19,47555,91.39,0.12999999999999545,0.1,47525,47585,741.91,756.79,30
antes_dia_20,dia 11 - Soja Saudavel Vaso 3,11.0,3.0,1,749.42,47556,91.28,0.10999999999999943,0.1,47526,47586,742.15,757.06,30
antes_dia_20,dia 11 - Soja Saudavel Vaso 4,11.0,4.0,1,300.32,48779,92.13,1.6600000000000108,0.1,48749,48809,292.7,308.31,30
antes_dia_20,dia 11 - Soja Saudavel Vaso 4,11.0,4.0,1,300.56,48780,90.83,1.2999999999999972,0.1,48750,48810,292.93,308.72,30
antes_dia_20,dia 11 - Soja Saudavel Vaso 4,11.0,4.0,1,300.81,48781,89.72,1.1099999999999994,0.1,48751,48811,293.32,308.97,30
antes_dia_20,dia 11 - Soja Saudavel Vaso 4,11.0,4.0,1,301.06,48782,88.73,0.9899999999999949,0.1,48752,48812,293.85,309.22,30
antes_dia_20,dia 11 - Soja Saudavel Vaso 4,11.0,4.0,1,301.3,48783,87.81,0.9200000000000017,0.1,48753,48813,294.24,309.46,30
antes_dia_20,dia 11 - Soja Saudavel Vaso 4,11.0,4.0,1,301.55,48784,87.0,0.8100000000000023,0.1,48754,48814,294.47,309.7,30
antes_dia_20,dia 11 - Soja Saudavel Vaso 4,11.0,4.0,1,301.79,48785,86.25,0.75,0.1,48755,48815,294.7,310.01,30
antes_dia_20,dia 11 - Soja Saudavel Vaso 4,11.0,4.0,1,302.03,48786,85.55,0.7000000000000028,0.1,48756,48816,294.93,310.25,30
antes_dia_20,dia 11 - Soja Saudavel Vaso 4,11.0,4.0,1,302.34,48787,84.74,0.8100000000000023,0.1,48757,48817,295.15,310.49,30
antes_dia_20,dia 11 - Soja Saudavel Vaso 4,11.0,4.0,1,302.58,48788,84.14,0.5999999999999943,0.1,48758,48818,295.39,310.74,30
antes_dia_20,dia 11 - Soja Saudavel Vaso 4,11.0,4.0,1,302.82,48789,83.56,0.5799999999999983,0.1,48759,48819,295.62,310.99,30
antes_dia_20,dia 11 - Soja Saudavel Vaso 4,11.0,4.0,1,303.07,48790,83.01,0.5499999999999972,0.1,48760,48820,295.85,311.23,30
antes_dia_20,dia 11 - Soja Saudavel Vaso 4,11.0,4.0,1,303.35,48791,82.41,0.6000000000000085,0.1,48761,48821,296.07,311.47,30
antes_dia_20,dia 11 - Soja Saudavel Vaso 4,11.0,4.0,1,303.59,48792,81.91,0.5,0.1,48762,48822,296.3,311.72,30
antes_dia_20,dia 11 - Soja Saudavel Vaso 4,11.0,4.0,1,303.84,48793,81.45,0.45999999999999375,0.1,48763,48823,296.53,311.97,30
antes_dia_20,dia 11 - Soja Saudavel Vaso 4,11.0,4.0,1,304.08,48794,80.99,0.46000000000000796,0.1,48764,48824,296.76,312.25,30
antes_dia_20,dia 11 - Soja Saudavel Vaso 4,11.0,4.0,1,304.34,48795,80.56,0.4299999999999926,0.1,48765,48825,296.99,312.5,30
antes_dia_20,dia 11 - Soja Saudavel Vaso 4,11.0,4.0,1,304.58,48796,80.13,0.4300000000000068,0.1,48766,48826,297.22,312.74,30
antes_dia_20,dia 11 - Soja Saudavel Vaso 4,11.0,4.0,1,304.83,48797,79.74,0.39000000000000057,0.1,48767,48827,297.45,312.99,30
antes_dia_20,dia 11 - Soja Saudavel Vaso 4,11.0,4.0,1,305.07,48798,79.36,0.37999999999999545,0.1,48768,48828,297.68,313.27,30
antes_dia_20,dia 11 - Soja Saudavel Vaso 4,11.0,4.0,1,305.31,48799,78.99,0.37000000000000455,0.1,48769,48829,297.91,313.51,30
antes_dia_20,dia 11 - Soja Saudavel Vaso 4,11.0,4.0,1,305.62,48800,78.57,0.4200000000000017,0.1,48770,48830,298.14,313.76,30
antes_dia_20,dia 11 - Soja Saudavel Vaso 4,11.0,4.0,1,305.86,48801,78.23,0.3399999999999892,0.1,48771,48831,298.37,314.0,30
antes_dia_20,dia 11 - Soja Saudavel Vaso 4,11.0,4.0,1,306.11,48802,77.9,0.3299999999999983,0.1,48772,48832,298.6,314.25,30
antes_dia_20,dia 11 - Soja Saudavel Vaso 4,11.0,4.0,1,306.35,48803,77.6,0.30000000000001137,0.1,48773,48833,298.84,314.5,30
antes_dia_20,dia 11 - Soja Saudavel Vaso 4,11.0,4.0,1,306.62,48804,77.28,0.3199999999999932,0.1,48774,48834,299.07,314.74,30
antes_dia_20,dia 11 - Soja Saudavel Vaso 4,11.0,4.0,1,306.86,48805,76.98,0.29999999999999716,0.1,48775,48835,299.3,314.99,30
antes_dia_20,dia 11 - Soja Saudavel Vaso 4,11.0,4.0,1,307.11,48806,76.71,0.27000000000001023,0.1,48776,48836,299.52,315.23,30
antes_dia_20,dia 11 - Soja Saudavel Vaso 4,11.0,4.0,1,307.35,48807,76.45,0.2599999999999909,0.1,48777,48837,299.75,315.53,30
antes_dia_20,dia 11 - Soja Saudavel Vaso 4,11.0,4.0,1,307.76,48808,76.02,0.4300000000000068,0.1,48778,48838,299.99,315.78,30
antes_dia_20,dia 11 - Soja Saudavel Vaso 4,11.0,4.0,1,308.31,48809,75.49,0.5300000000000011,0.1,48779,48839,300.32,316.02,30
antes_dia_20,dia 11 - Soja Saudavel Vaso 4,11.0,4.0,1,308.72,48810,75.12,0.36999999999999034,0.1,48780,48840,300.56,316.26,30
antes_dia_20,dia 11 - Soja Saudavel Vaso 4,11.0,4.0,1,308.97,48811,74.9,0.21999999999999886,0.1,48781,48841,300.81,316.51,30
antes_dia_20,dia 11 - Soja Saudavel Vaso 4,11.0,4.0,1,309.22,48812,74.68,0.21999999999999886,0.1,48782,48842,301.06,316.76,30
antes_dia_20,dia 11 - Soja Saudavel Vaso 4,11.0,4.0,1,309.46,48813,74.5,0.18000000000000682,0.1,48783,48843,301.3,317.0,30
antes_dia_20,dia 11 - Soja Saudavel Vaso 4,11.0,4.0,1,309.7,48814,74.31,0.18999999999999773,0.1,48784,48844,301.55,317.25,30
antes_dia_20,dia 11 - Soja Saudavel Vaso 4,11.0,4.0,1,310.01,48815,74.08,0.23000000000000398,0.1,48785,48845,301.79,317.49,30
antes_dia_20,dia 11 - Soja Saudavel Vaso 4,11.0,4.0,1,310.25,48816,73.91,0.1700000000000017,0.1,48786,48846,302.03,317.79,30
antes_dia_20,dia 11 - Soja Saudavel Vaso 4,11.0,4.0,1,310.49,48817,73.74,0.1700000000000017,0.1,48787,48847,302.34,318.03,30
antes_dia_20,dia 11 - Soja Saudavel Vaso 4,11.0,4.0,1,310.74,48818,73.57,0.1700000000000017,0.1,48788,48848,302.58,318.28,30
antes_dia_20,dia 11 - Soja Saudavel Vaso 4,11.0,4.0,1,310.99,48819,73.42,0.14999999999999147,0.1,48789,48849,302.82,318.52,30
antes_dia_20,dia 11 - Soja Saudavel Vaso 4,11.0,4.0,1,311.23,48820,73.26,0.1599999999999966,0.1,48790,48850,303.07,318.77,30
antes_dia_20,dia 11 - Soja Saudavel Vaso 4,11.0,4.0,1,311.47,48821,73.11,0.15000000000000568,0.1,48791,48851,303.35,319.06,30
antes_dia_20,dia 11 - Soja Saudavel Vaso 4,11.0,4.0,1,311.72,48822,72.96,0.15000000000000568,0.1,48792,48852,303.59,319.3,30
antes_dia_20,dia 11 - Soja Saudavel Vaso 4,11.0,4.0,1,311.97,48823,72.82,0.14000000000000057,0.1,48793,48853,303.84,319.55,30
antes_dia_20,dia 11 - Soja Saudavel Vaso 4,11.0,4.0,1,312.25,48824,72.66,0.1599999999999966,0.1,48794,48854,304.08,319.79,30
antes_dia_20,dia 11 - Soja Saudavel Vaso 4,11.0,4.0,1,312.5,48825,72.53,0.12999999999999545,0.1,48795,48855,304.34,320.08,30
antes_dia_20,dia 11 - Soja Saudavel Vaso 4,11.0,4.0,1,312.74,48826,72.4,0.12999999999999545,0.1,48796,48856,304.58,320.33,30
antes_dia_20,dia 11 - Soja Saudavel Vaso 4,11.0,4.0,1,312.99,48827,72.28,0.12000000000000455,0.1,48797,48857,304.83,320.57,30
antes_dia_20,dia 11 - Soja Saudavel Vaso 4,11.0,4.0,1,313.27,48828,72.15,0.12999999999999545,0.1,48798,48858,305.07,320.82,30
antes_dia_20,dia 11 - Soja Saudavel Vaso 4,11.0,4.0,1,313.51,48829,72.03,0.12000000000000455,0.1,48799,48859,305.31,321.07,30
antes_dia_20,dia 11 - Soja Saudavel Vaso 4,11.0,4.0,1,314.0,48831,71.81,0.12000000000000455,0.1,48801,48861,305.86,321.56,30
antes_dia_20,dia 11 - Soja Saudavel Vaso 4,11.0,4.0,1,314.5,48833,71.61,0.10999999999999943,0.1,48803,48863,306.35,322.05,30
antes_dia_20,dia 11 - Soja Saudavel Vaso 4,11.0,4.0,1,315.53,48837,71.22,0.10999999999999943,0.1,48807,48867,307.35,323.71,30
antes_dia_20,dia 11 - Soja Saudavel Vaso 4,11.0,4.0,1,327.76,48883,73.15,4.230000000000004,0.1,48853,48913,319.55,335.23,30
antes_dia_20,dia 11 - Soja Saudavel Vaso 4,11.0,4.0,1,328.01,48884,79.4,6.25,0.1,48854,48914,319.79,335.46,30
antes_dia_20,dia 11 - Soja Saudavel Vaso 4,11.0,4.0,1,328.25,48885,84.39,4.989999999999995,0.1,48855,48915,320.08,335.7,30
antes_dia_20,dia 11 - Soja Saudavel Vaso 4,11.0,4.0,1,328.5,48886,88.28,3.8900000000000006,0.1,48856,48916,320.33,335.92,30
antes_dia_20,dia 11 - Soja Saudavel Vaso 4,11.0,4.0,1,328.74,48887,91.02,2.739999999999995,0.1,48857,48917,320.57,336.15,30
antes_dia_20,dia 11 - Soja Saudavel Vaso 4,11.0,4.0,1,329.03,48888,92.97,1.9500000000000028,0.1,48858,48918,320.82,336.38,30
antes_dia_20,dia 11 - Soja Saudavel Vaso 4,11.0,4.0,1,329.27,48889,93.64,0.6700000000000017,0.1,48859,48919,321.07,336.63,30
antes_dia_20,dia 11 - Soja Saudavel Vaso 4,11.0,4.0,1,329.51,48890,93.75,0.10999999999999943,0.1,48860,48920,321.31,336.86,30
antes_dia_20,dia 11 - Soja Saudavel Vaso 4,11.0,4.0,1,747.8,50543,93.31,0.45999999999999375,0.1,50513,50573,740.86,755.43,30
antes_dia_20,dia 11 - Soja Saudavel Vaso 4,11.0,4.0,1,748.04,50544,92.51,0.7999999999999972,0.1,50514,50574,741.09,755.65,30
antes_dia_20,dia 11 - Soja Saudavel Vaso 4,11.0,4.0,1,748.27,50545,92.06,0.45000000000000284,0.1,50515,50575,741.32,755.88,30
antes_dia_20,dia 11 - Soja Saudavel Vaso 4,11.0,4.0,1,748.5,50546,91.76,0.29999999999999716,0.1,50516,50576,741.55,756.17,30
antes_dia_20,dia 11 - Soja Saudavel Vaso 4,11.0,4.0,1,748.73,50547,91.56,0.20000000000000284,0.1,50517,50577,741.78,756.4,30
antes_dia_20,dia 11 - Soja Saudavel Vaso 4,11.0,4.0,1,748.95,50548,91.41,0.15000000000000568,0.1,50518,50578,742.0,756.62,30
antes_dia_20,dia 11 - Soja Saudavel Vaso 4,11.0,4.0,1,749.18,50549,91.3,0.10999999999999943,0.1,50519,50579,742.23,756.85,30
antes_dia_20,dia 11 - Soja Saudavel Vaso 5,11.0,5.0,1,299.95,51361,93.51,0.23999999999999488,0.1,51331,51391,292.84,307.56,30
antes_dia_20,dia 11 - Soja Saudavel Vaso 5,11.0,5.0,1,300.19,51362,92.08,1.4300000000000068,0.1,51332,51392,293.07,307.78,30
antes_dia_20,dia 11 - Soja Saudavel Vaso 5,11.0,5.0,1,300.43,51363,90.79,1.289999999999992,0.1,51333,51393,293.3,308.07,30
antes_dia_20,dia 11 - Soja Saudavel Vaso 5,11.0,5.0,1,300.66,51364,89.76,1.0300000000000011,0.1,51334,51394,293.54,308.3,30
antes_dia_20,dia 11 - Soja Saudavel Vaso 5,11.0,5.0,1,300.89,51365,88.83,0.9300000000000068,0.1,51335,51395,293.77,308.52,30
antes_dia_20,dia 11 - Soja Saudavel Vaso 5,11.0,5.0,1,301.12,51366,87.98,0.8499999999999943,0.1,51336,51396,293.99,308.75,30
antes_dia_20,dia 11 - Soja Saudavel Vaso 5,11.0,5.0,1,301.35,51367,87.18,0.7999999999999972,0.1,51337,51397,294.22,308.99,30
antes_dia_20,dia 11 - Soja Saudavel Vaso 5,11.0,5.0,1,301.58,51368,86.46,0.7200000000000131,0.1,51338,51398,294.45,309.26,30
antes_dia_20,dia 11 - Soja Saudavel Vaso 5,11.0,5.0,1,301.81,51369,85.79,0.6699999999999875,0.1,51339,51399,294.69,309.49,30
antes_dia_20,dia 11 - Soja Saudavel Vaso 5,11.0,5.0,1,302.04,51370,85.15,0.6400000000000006,0.1,51340,51400,294.91,309.71,30
antes_dia_20,dia 11 - Soja Saudavel Vaso 5,11.0,5.0,1,302.27,51371,84.54,0.6099999999999994,0.1,51341,51401,295.14,309.94,30
antes_dia_20,dia 11 - Soja Saudavel Vaso 5,11.0,5.0,1,302.56,51372,83.84,0.7000000000000028,0.1,51342,51402,295.37,310.18,30
antes_dia_20,dia 11 - Soja Saudavel Vaso 5,11.0,5.0,1,302.79,51373,83.3,0.5400000000000063,0.1,51343,51403,295.6,310.44,30
antes_dia_20,dia 11 - Soja Saudavel Vaso 5,11.0,5.0,1,303.02,51374,82.8,0.5,0.1,51344,51404,295.89,310.67,30
antes_dia_20,dia 11 - Soja Saudavel Vaso 5,11.0,5.0,1,303.25,51375,82.3,0.5,0.1,51345,51405,296.12,310.9,30
antes_dia_20,dia 11 - Soja Saudavel Vaso 5,11.0,5.0,1,303.49,51376,81.84,0.45999999999999375,0.1,51346,51406,296.35,311.12,30
antes_dia_20,dia 11 - Soja Saudavel Vaso 5,11.0,5.0,1,303.88,51377,81.08,0.7600000000000051,0.1,51347,51407,296.57,311.36,30
antes_dia_20,dia 11 - Soja Saudavel Vaso 5,11.0,5.0,1,304.41,51378,80.14,0.9399999999999977,0.1,51348,51408,296.81,311.62,30
antes_dia_20,dia 11 - Soja Saudavel Vaso 5,11.0,5.0,1,304.8,51379,79.52,0.6200000000000045,0.1,51349,51409,297.06,311.85,30
antes_dia_20,dia 11 - Soja Saudavel Vaso 5,11.0,5.0,1,305.03,51380,79.17,0.3499999999999943,0.1,51350,51410,297.29,312.07,30
antes_dia_20,dia 11 - Soja Saudavel Vaso 5,11.0,5.0,1,305.26,51381,78.83,0.3400000000000034,0.1,51351,51411,297.52,312.3,30
antes_dia_20,dia 11 - Soja Saudavel Vaso 5,11.0,5.0,1,305.49,51382,78.5,0.3299999999999983,0.1,51352,51412,297.75,312.54,30
antes_dia_20,dia 11 - Soja Saudavel Vaso 5,11.0,5.0,1,305.72,51383,78.19,0.3100000000000023,0.1,51353,51413,297.98,312.77,30
antes_dia_20,dia 11 - Soja Saudavel Vaso 5,11.0,5.0,1,305.95,51384,77.88,0.3100000000000023,0.1,51354,51414,298.21,313.0,30
antes_dia_20,dia 11 - Soja Saudavel Vaso 5,11.0,5.0,1,306.18,51385,77.59,0.28999999999999204,0.1,51355,51415,298.44,313.23,30
antes_dia_20,dia 11 - Soja Saudavel Vaso 5,11.0,5.0,1,306.41,51386,77.31,0.28000000000000114,0.1,51356,51416,298.67,313.45,30
antes_dia_20,dia 11 - Soja Saudavel Vaso 5,11.0,5.0,1,306.63,51387,77.03,0.28000000000000114,0.1,51357,51417,299.01,313.68,30
antes_dia_20,dia 11 - Soja Saudavel Vaso 5,11.0,5.0,1,306.87,51388,76.77,0.2600000000000051,0.1,51358,51418,299.27,313.91,30
antes_dia_20,dia 11 - Soja Saudavel Vaso 5,11.0,5.0,1,307.1,51389,76.51,0.2599999999999909,0.1,51359,51419,299.5,314.14,30
antes_dia_20,dia 11 - Soja Saudavel Vaso 5,11.0,5.0,1,307.32,51390,76.26,0.25,0.1,51360,51420,299.72,314.37,30
antes_dia_20,dia 11 - Soja Saudavel Vaso 5,11.0,5.0,1,307.56,51391,76.03,0.23000000000000398,0.1,51361,51421,299.95,314.6,30
antes_dia_20,dia 11 - Soja Saudavel Vaso 5,11.0,5.0,1,307.78,51392,75.8,0.23000000000000398,0.1,51362,51422,300.19,314.83,30
antes_dia_20,dia 11 - Soja Saudavel Vaso 5,11.0,5.0,1,308.07,51393,75.53,0.269999999999996,0.1,51363,51423,300.43,315.05,30
antes_dia_20,dia 11 - Soja Saudavel Vaso 5,11.0,5.0,1,308.3,51394,75.32,0.21000000000000796,0.1,51364,51424,300.66,315.28,30
antes_dia_20,dia 11 - Soja Saudavel Vaso 5,11.0,5.0,1,308.52,51395,75.11,0.20999999999999375,0.1,51365,51425,300.89,315.51,30
antes_dia_20,dia 11 - Soja Saudavel Vaso 5,11.0,5.0,1,308.75,51396,74.91,0.20000000000000284,0.1,51366,51426,301.12,315.74,30
antes_dia_20,dia 11 - Soja Saudavel Vaso 5,11.0,5.0,1,308.99,51397,74.72,0.18999999999999773,0.1,51367,51427,301.35,315.97,30
antes_dia_20,dia 11 - Soja Saudavel Vaso 5,11.0,5.0,1,309.26,51398,74.49,0.23000000000000398,0.1,51368,51428,301.58,316.2,30
antes_dia_20,dia 11 - Soja Saudavel Vaso 5,11.0,5.0,1,309.49,51399,74.31,0.1799999999999926,0.1,51369,51429,301.81,316.43,30
antes_dia_20,dia 11 - Soja Saudavel Vaso 5,11.0,5.0,1,309.71,51400,74.14,0.1700000000000017,0.1,51370,51430,302.04,316.66,30
antes_dia_20,dia 11 - Soja Saudavel Vaso 5,11.0,5.0,1,309.94,51401,73.97,0.1700000000000017,0.1,51371,51431,302.27,316.88,30
antes_dia_20,dia 11 - Soja Saudavel Vaso 5,11.0,5.0,1,310.18,51402,73.81,0.1599999999999966,0.1,51372,51432,302.56,317.12,30
antes_dia_20,dia 11 - Soja Saudavel Vaso 5,11.0,5.0,1,310.44,51403,73.62,0.18999999999999773,0.1,51373,51433,302.79,317.35,30
antes_dia_20,dia 11 - Soja Saudavel Vaso 5,11.0,5.0,1,310.67,51404,73.47,0.15000000000000568,0.1,51374,51434,303.02,317.74,30
antes_dia_20,dia 11 - Soja Saudavel Vaso 5,11.0,5.0,1,310.9,51405,73.32,0.15000000000000568,0.1,51375,51435,303.25,318.28,30
antes_dia_20,dia 11 - Soja Saudavel Vaso 5,11.0,5.0,1,311.12,51406,73.18,0.13999999999998636,0.1,51376,51436,303.49,318.67,30
antes_dia_20,dia 11 - Soja Saudavel Vaso 5,11.0,5.0,1,311.36,51407,73.04,0.14000000000000057,0.1,51377,51437,303.88,318.9,30
antes_dia_20,dia 11 - Soja Saudavel Vaso 5,11.0,5.0,1,311.62,51408,72.89,0.15000000000000568,0.1,51378,51438,304.41,319.13,30
antes_dia_20,dia 11 - Soja Saudavel Vaso 5,11.0,5.0,1,311.85,51409,72.75,0.14000000000000057,0.1,51379,51439,304.8,319.36,30
antes_dia_20,dia 11 - Soja Saudavel Vaso 5,11.0,5.0,1,312.07,51410,72.63,0.12000000000000455,0.1,51380,51440,305.03,319.61,30
antes_dia_20,dia 11 - Soja Saudavel Vaso 5,11.0,5.0,1,312.3,51411,72.5,0.12999999999999545,0.1,51381,51441,305.26,319.84,30
antes_dia_20,dia 11 - Soja Saudavel Vaso 5,11.0,5.0,1,312.54,51412,72.38,0.12000000000000455,0.1,51382,51442,305.49,320.07,30
antes_dia_20,dia 11 - Soja Saudavel Vaso 5,11.0,5.0,1,312.77,51413,72.26,0.11999999999999034,0.1,51383,51443,305.72,320.3,30
antes_dia_20,dia 11 - Soja Saudavel Vaso 5,11.0,5.0,1,313.0,51414,72.15,0.10999999999999943,0.1,51384,51444,305.95,320.54,30
antes_dia_20,dia 11 - Soja Saudavel Vaso 5,11.0,5.0,1,313.23,51415,72.04,0.10999999999999943,0.1,51385,51445,306.18,320.76,30
antes_dia_20,dia 11 - Soja Saudavel Vaso 5,11.0,5.0,1,313.45,51416,71.94,0.10000000000000853,0.1,51386,51446,306.41,320.99,30
antes_dia_20,dia 11 - Soja Saudavel Vaso 5,11.0,5.0,1,313.91,51418,71.73,0.10999999999999943,0.1,51388,51448,306.87,321.45,30
antes_dia_20,dia 11 - Soja Saudavel Vaso 5,11.0,5.0,1,318.28,51435,70.31,0.14000000000000057,0.1,51405,51465,310.9,325.36,30
antes_dia_20,dia 11 - Soja Saudavel Vaso 5,11.0,5.0,1,318.67,51436,70.21,0.10000000000000853,0.1,51406,51466,311.12,325.6,30
antes_dia_20,dia 11 - Soja Saudavel Vaso 5,11.0,5.0,1,327.49,51474,75.54,6.609999999999999,0.1,51444,51504,320.54,335.14,30
antes_dia_20,dia 11 - Soja Saudavel Vaso 5,11.0,5.0,1,327.72,51475,80.92,5.3799999999999955,0.1,51445,51505,320.76,335.38,30
antes_dia_20,dia 11 - Soja Saudavel Vaso 5,11.0,5.0,1,327.95,51476,85.26,4.340000000000003,0.1,51446,51506,320.99,335.61,30
antes_dia_20,dia 11 - Soja Saudavel Vaso 5,11.0,5.0,1,328.18,51477,88.67,3.4099999999999966,0.1,51447,51507,321.22,335.84,30
antes_dia_20,dia 11 - Soja Saudavel Vaso 5,11.0,5.0,1,328.4,51478,91.12,2.450000000000003,0.1,51448,51508,321.45,336.06,30
antes_dia_20,dia 11 - Soja Saudavel Vaso 5,11.0,5.0,1,328.69,51479,92.96,1.8399999999999892,0.1,51449,51509,321.69,336.29,30
antes_dia_20,dia 11 - Soja Saudavel Vaso 5,11.0,5.0,1,329.02,51480,93.66,0.7000000000000028,0.1,51450,51510,321.92,336.58,30
antes_dia_20,dia 11 - Soja Saudavel Vaso 5,11.0,5.0,1,747.56,53159,92.75,0.9599999999999937,0.1,53129,53189,739.93,754.55,30
antes_dia_20,dia 11 - Soja Saudavel Vaso 5,11.0,5.0,1,747.79,53160,92.19,0.5600000000000023,0.1,53130,53190,740.17,754.83,30
antes_dia_20,dia 11 - Soja Saudavel Vaso 5,11.0,5.0,1,748.03,53161,91.84,0.3499999999999943,0.1,53131,53191,740.44,755.05,30
antes_dia_20,dia 11 - Soja Saudavel Vaso 5,11.0,5.0,1,748.26,53162,91.58,0.2600000000000051,0.1,53132,53192,740.67,755.28,30
antes_dia_20,dia 11 - Soja Saudavel Vaso 5,11.0,5.0,1,748.49,53163,91.42,0.1599999999999966,0.1,53133,53193,740.9,755.51,30
antes_dia_20,dia 11 - Soja Saudavel Vaso 5,11.0,5.0,1,748.72,53164,91.28,0.14000000000000057,0.1,53134,53194,741.13,755.84,30
antes_dia_20,dia 12 - Soja Saudavel Vaso 2,12.0,2.0,1,299.97,53957,93.44,0.269999999999996,0.1,53927,53987,292.21,307.39,30
antes_dia_20,dia 12 - Soja Saudavel Vaso 2,12.0,2.0,1,300.37,53958,91.1,2.3400000000000034,0.1,53928,53988,292.48,307.64,30
antes_dia_20,dia 12 - Soja Saudavel Vaso 2,12.0,2.0,1,300.6,53959,90.01,1.0899999999999892,0.1,53929,53989,292.71,307.89,30
antes_dia_20,dia 12 - Soja Saudavel Vaso 2,12.0,2.0,1,300.84,53960,89.04,0.9699999999999989,0.1,53930,53990,292.95,308.13,30
antes_dia_20,dia 12 - Soja Saudavel Vaso 2,12.0,2.0,1,301.08,53961,88.17,0.8700000000000045,0.1,53931,53991,293.18,308.36,30
antes_dia_20,dia 12 - Soja Saudavel Vaso 2,12.0,2.0,1,301.32,53962,87.37,0.7999999999999972,0.1,53932,53992,293.42,308.6,30
antes_dia_20,dia 12 - Soja Saudavel Vaso 2,12.0,2.0,1,301.56,53963,86.63,0.7400000000000091,0.1,53933,53993,293.65,308.85,30
antes_dia_20,dia 12 - Soja Saudavel Vaso 2,12.0,2.0,1,301.79,53964,85.96,0.6700000000000017,0.1,53934,53994,293.89,309.08,30
antes_dia_20,dia 12 - Soja Saudavel Vaso 2,12.0,2.0,1,302.03,53965,85.32,0.6400000000000006,0.1,53935,53995,294.13,309.32,30
antes_dia_20,dia 12 - Soja Saudavel Vaso 2,12.0,2.0,1,302.32,53966,84.58,0.7399999999999949,0.1,53936,53996,294.36,309.55,30
antes_dia_20,dia 12 - Soja Saudavel Vaso 2,12.0,2.0,1,302.56,53967,84.02,0.5600000000000023,0.1,53937,53997,294.66,309.79,30
antes_dia_20,dia 12 - Soja Saudavel Vaso 2,12.0,2.0,1,302.79,53968,83.5,0.519999999999996,0.1,53938,53998,294.89,310.07,30
antes_dia_20,dia 12 - Soja Saudavel Vaso 2,12.0,2.0,1,303.03,53969,83.0,0.5,0.1,53939,53999,295.13,310.31,30
antes_dia_20,dia 12 - Soja Saudavel Vaso 2,12.0,2.0,1,303.27,53970,82.52,0.480000000000004,0.1,53940,54000,295.36,310.55,30
antes_dia_20,dia 12 - Soja Saudavel Vaso 2,12.0,2.0,1,303.51,53971,82.06,0.45999999999999375,0.1,53941,54001,295.61,310.78,30
antes_dia_20,dia 12 - Soja Saudavel Vaso 2,12.0,2.0,1,303.75,53972,81.62,0.4399999999999977,0.1,53942,54002,295.84,311.02,30
antes_dia_20,dia 12 - Soja Saudavel Vaso 2,12.0,2.0,1,303.98,53973,81.21,0.4100000000000108,0.1,53943,54003,296.07,311.25,30
antes_dia_20,dia 12 - Soja Saudavel Vaso 2,12.0,2.0,1,304.22,53974,80.83,0.37999999999999545,0.1,53944,54004,296.31,311.49,30
antes_dia_20,dia 12 - Soja Saudavel Vaso 2,12.0,2.0,1,304.51,53975,80.36,0.46999999999999886,0.1,53945,54005,296.55,311.83,30
antes_dia_20,dia 12 - Soja Saudavel Vaso 2,12.0,2.0,1,304.75,53976,80.0,0.35999999999999943,0.1,53946,54006,296.84,312.09,30
antes_dia_20,dia 12 - Soja Saudavel Vaso 2,12.0,2.0,1,304.99,53977,79.66,0.3400000000000034,0.1,53947,54007,297.08,312.34,30
antes_dia_20,dia 12 - Soja Saudavel Vaso 2,12.0,2.0,1,305.22,53978,79.33,0.3299999999999983,0.1,53948,54008,297.31,312.6,30
antes_dia_20,dia 12 - Soja Saudavel Vaso 2,12.0,2.0,1,305.47,53979,79.02,0.3100000000000023,0.1,53949,54009,297.55,312.85,30
antes_dia_20,dia 12 - Soja Saudavel Vaso 2,12.0,2.0,1,305.71,53980,78.71,0.3100000000000023,0.1,53950,54010,297.79,313.11,30
antes_dia_20,dia 12 - Soja Saudavel Vaso 2,12.0,2.0,1,305.94,53981,78.42,0.28999999999999204,0.1,53951,54011,298.02,313.4,30
antes_dia_20,dia 12 - Soja Saudavel Vaso 2,12.0,2.0,1,306.18,53982,78.14,0.28000000000000114,0.1,53952,54012,298.26,313.65,30
antes_dia_20,dia 12 - Soja Saudavel Vaso 2,12.0,2.0,1,306.42,53983,77.88,0.2600000000000051,0.1,53953,54013,298.49,314.06,30
antes_dia_20,dia 12 - Soja Saudavel Vaso 2,12.0,2.0,1,306.68,53984,77.58,0.29999999999999716,0.1,53954,54014,298.73,314.62,30
antes_dia_20,dia 12 - Soja Saudavel Vaso 2,12.0,2.0,1,306.92,53985,77.33,0.25,0.1,53955,54015,299.02,315.04,30
antes_dia_20,dia 12 - Soja Saudavel Vaso 2,12.0,2.0,1,307.16,53986,77.1,0.23000000000000398,0.1,53956,54016,299.42,315.3,30
antes_dia_20,dia 12 - Soja Saudavel Vaso 2,12.0,2.0,1,307.39,53987,76.87,0.22999999999998977,0.1,53957,54017,299.97,315.6,30
antes_dia_20,dia 12 - Soja Saudavel Vaso 2,12.0,2.0,1,307.64,53988,76.66,0.21000000000000796,0.1,53958,54018,300.37,315.85,30
antes_dia_20,dia 12 - Soja Saudavel Vaso 2,12.0,2.0,1,307.89,53989,76.42,0.23999999999999488,0.1,53959,54019,300.6,316.1,30
antes_dia_20,dia 12 - Soja Saudavel Vaso 2,12.0,2.0,1,308.13,53990,76.22,0.20000000000000284,0.1,53960,54020,300.84,316.36,30
antes_dia_20,dia 12 - Soja Saudavel Vaso 2,12.0,2.0,1,308.36,53991,76.03,0.18999999999999773,0.1,53961,54021,301.08,316.67,30
antes_dia_20,dia 12 - Soja Saudavel Vaso 2,12.0,2.0,1,308.6,53992,75.83,0.20000000000000284,0.1,53962,54022,301.32,316.92,30
antes_dia_20,dia 12 - Soja Saudavel Vaso 2,12.0,2.0,1,308.85,53993,75.65,0.1799999999999926,0.1,53963,54023,301.56,317.17,30
antes_dia_20,dia 12 - Soja Saudavel Vaso 2,12.0,2.0,1,309.08,53994,75.47,0.18000000000000682,0.1,53964,54024,301.79,317.43,30
antes_dia_20,dia 12 - Soja Saudavel Vaso 2,12.0,2.0,1,309.32,53995,75.31,0.1599999999999966,0.1,53965,54025,302.03,317.71,30
antes_dia_20,dia 12 - Soja Saudavel Vaso 2,12.0,2.0,1,309.55,53996,75.15,0.1599999999999966,0.1,53966,54026,302.32,317.96,30
antes_dia_20,dia 12 - Soja Saudavel Vaso 2,12.0,2.0,1,309.79,53997,75.0,0.15000000000000568,0.1,53967,54027,302.56,318.22,30
antes_dia_20,dia 12 - Soja Saudavel Vaso 2,12.0,2.0,1,310.07,53998,74.81,0.18999999999999773,0.1,53968,54028,302.79,318.47,30
antes_dia_20,dia 12 - Soja Saudavel Vaso 2,12.0,2.0,1,310.31,53999,74.67,0.14000000000000057,0.1,53969,54029,303.03,318.73,30
antes_dia_20,dia 12 - Soja Saudavel Vaso 2,12.0,2.0,1,310.55,54000,74.53,0.14000000000000057,0.1,53970,54030,303.27,318.99,30
antes_dia_20,dia 12 - Soja Saudavel Vaso 2,12.0,2.0,1,310.78,54001,74.39,0.14000000000000057,0.1,53971,54031,303.51,319.24,30
antes_dia_20,dia 12 - Soja Saudavel Vaso 2,12.0,2.0,1,311.02,54002,74.26,0.12999999999999545,0.1,53972,54032,303.75,319.49,30
antes_dia_20,dia 12 - Soja Saudavel Vaso 2,12.0,2.0,1,311.25,54003,74.14,0.12000000000000455,0.1,53973,54033,303.98,319.75,30
antes_dia_20,dia 12 - Soja Saudavel Vaso 2,12.0,2.0,1,311.49,54004,74.02,0.12000000000000455,0.1,53974,54034,304.22,320.03,30
antes_dia_20,dia 12 - Soja Saudavel Vaso 2,12.0,2.0,1,311.83,54005,73.86,0.1599999999999966,0.1,53975,54035,304.51,320.29,30
antes_dia_20,dia 12 - Soja Saudavel Vaso 2,12.0,2.0,1,312.09,54006,73.74,0.12000000000000455,0.1,53976,54036,304.75,320.54,30
antes_dia_20,dia 12 - Soja Saudavel Vaso 2,12.0,2.0,1,312.34,54007,73.62,0.11999999999999034,0.1,53977,54037,304.99,320.8,30
antes_dia_20,dia 12 - Soja Saudavel Vaso 2,12.0,2.0,1,312.6,54008,73.52,0.10000000000000853,0.1,53978,54038,305.22,321.1,30
antes_dia_20,dia 12 - Soja Saudavel Vaso 2,12.0,2.0,1,312.85,54009,73.41,0.10999999999999943,0.1,53979,54039,305.47,321.35,30
antes_dia_20,dia 12 - Soja Saudavel Vaso 2,12.0,2.0,1,313.4,54011,73.2,0.11999999999999034,0.1,53981,54041,305.94,321.86,30
antes_dia_20,dia 12 - Soja Saudavel Vaso 2,12.0,2.0,1,314.06,54013,72.96,0.15000000000000568,0.1,53983,54043,306.42,322.42,30
antes_dia_20,dia 12 - Soja Saudavel Vaso 2,12.0,2.0,1,314.62,54014,72.79,0.1699999999999875,0.1,53984,54044,306.68,322.68,30
antes_dia_20,dia 12 - Soja Saudavel Vaso 2,12.0,2.0,1,315.04,54015,72.64,0.15000000000000568,0.1,53985,54045,306.92,322.93,30
antes_dia_20,dia 12 - Soja Saudavel Vaso 2,12.0,2.0,1,327.62,54063,72.54,1.5800000000000125,0.1,54033,54093,319.75,336.1,30
antes_dia_20,dia 12 - Soja Saudavel Vaso 2,12.0,2.0,1,327.87,54064,77.3,4.759999999999991,0.1,54034,54094,320.03,336.36,30
antes_dia_20,dia 12 - Soja Saudavel Vaso 2,12.0,2.0,1,328.13,54065,78.59,1.2900000000000063,0.1,54035,54095,320.29,336.67,30
antes_dia_20,dia 12 - Soja Saudavel Vaso 2,12.0,2.0,1,328.38,54066,79.9,1.3100000000000023,0.1,54036,54096,320.54,336.92,30
antes_dia_20,dia 12 - Soja Saudavel Vaso 2,12.0,2.0,1,328.63,54067,81.15,1.25,0.1,54037,54097,320.8,337.17,30
antes_dia_20,dia 12 - Soja Saudavel Vaso 2,12.0,2.0,1,328.94,54068,82.59,1.4399999999999977,0.1,54038,54098,321.1,337.42,30
antes_dia_20,dia 12 - Soja Saudavel Vaso 2,12.0,2.0,1,329.19,54069,83.72,1.1299999999999955,0.1,54039,54099,321.35,337.68,30
antes_dia_20,dia 12 - Soja Saudavel Vaso 2,12.0,2.0,1,329.44,54070,84.77,1.0499999999999972,0.1,54040,54100,321.61,337.93,30
antes_dia_20,dia 12 - Soja Saudavel Vaso 2,12.0,2.0,1,329.7,54071,85.75,0.980000000000004,0.1,54041,54101,321.86,338.19,30
antes_dia_20,dia 12 - Soja Saudavel Vaso 2,12.0,2.0,1,330.16,54072,87.4,1.6500000000000057,0.1,54042,54102,322.17,338.44,30
antes_dia_20,dia 12 - Soja Saudavel Vaso 2,12.0,2.0,1,330.72,54073,89.08,1.6799999999999926,0.1,54043,54103,322.42,338.7,30
antes_dia_20,dia 12 - Soja Saudavel Vaso 2,12.0,2.0,1,331.15,54074,90.15,1.0700000000000074,0.1,54044,54104,322.68,338.98,30
antes_dia_20,dia 12 - Soja Saudavel Vaso 2,12.0,2.0,1,331.4,54075,90.7,0.5499999999999972,0.1,54045,54105,322.93,339.23,30
antes_dia_20,dia 12 - Soja Saudavel Vaso 2,12.0,2.0,1,331.65,54076,91.2,0.5,0.1,54046,54106,323.2,339.49,30
antes_dia_20,dia 12 - Soja Saudavel Vaso 2,12.0,2.0,1,331.9,54077,91.65,0.45000000000000284,0.1,54047,54107,323.46,339.74,30
antes_dia_20,dia 12 - Soja Saudavel Vaso 2,12.0,2.0,1,332.21,54078,92.12,0.46999999999999886,0.1,54048,54108,323.71,340.05,30
antes_dia_20,dia 12 - Soja Saudavel Vaso 2,12.0,2.0,1,332.47,54079,92.44,0.3199999999999932,0.1,54049,54109,323.96,340.3,30
antes_dia_20,dia 12 - Soja Saudavel Vaso 2,12.0,2.0,1,332.72,54080,92.73,0.29000000000000625,0.1,54050,54110,324.23,340.55,30
antes_dia_20,dia 12 - Soja Saudavel Vaso 2,12.0,2.0,1,332.97,54081,92.96,0.22999999999998977,0.1,54051,54111,324.5,340.81,30
antes_dia_20,dia 12 - Soja Saudavel Vaso 2,12.0,2.0,1,333.25,54082,93.16,0.20000000000000284,0.1,54052,54112,324.75,341.12,30
antes_dia_20,dia 12 - Soja Saudavel Vaso 2,12.0,2.0,1,333.5,54083,93.31,0.15000000000000568,0.1,54053,54113,325.0,341.37,30
antes_dia_20,dia 12 - Soja Saudavel Vaso 2,12.0,2.0,1,333.75,54084,93.43,0.12000000000000455,0.1,54054,54114,325.25,341.63,30
antes_dia_20,dia 13 - Soja Saudavel Vaso 1,13.0,1.0,1,300.12,56519,92.43,1.1299999999999955,0.1,56489,56549,291.85,307.78,30
antes_dia_20,dia 13 - Soja Saudavel Vaso 1,13.0,1.0,1,300.37,56520,91.33,1.1000000000000085,0.1,56490,56550,292.1,308.03,30
antes_dia_20,dia 13 - Soja Saudavel Vaso 1,13.0,1.0,1,300.67,56521,90.13,1.2000000000000028,0.1,56491,56551,292.35,308.28,30
antes_dia_20,dia 13 - Soja Saudavel Vaso 1,13.0,1.0,1,300.92,56522,89.23,0.8999999999999915,0.1,56492,56552,292.59,308.53,30
antes_dia_20,dia 13 - Soja Saudavel Vaso 1,13.0,1.0,1,301.17,56523,88.38,0.8500000000000085,0.1,56493,56553,292.9,308.77,30
antes_dia_20,dia 13 - Soja Saudavel Vaso 1,13.0,1.0,1,301.41,56524,87.58,0.7999999999999972,0.1,56494,56554,293.14,309.02,30
antes_dia_20,dia 13 - Soja Saudavel Vaso 1,13.0,1.0,1,301.67,56525,86.81,0.769999999999996,0.1,56495,56555,293.39,309.27,30
antes_dia_20,dia 13 - Soja Saudavel Vaso 1,13.0,1.0,1,301.91,56526,86.1,0.710000000000008,0.1,56496,56556,293.64,309.56,30
antes_dia_20,dia 13 - Soja Saudavel Vaso 1,13.0,1.0,1,302.16,56527,85.42,0.6799999999999926,0.1,56497,56557,293.89,309.81,30
antes_dia_20,dia 13 - Soja Saudavel Vaso 1,13.0,1.0,1,302.4,56528,84.77,0.6500000000000057,0.1,56498,56558,294.14,310.21,30
antes_dia_20,dia 13 - Soja Saudavel Vaso 1,13.0,1.0,1,302.66,56529,84.14,0.6299999999999955,0.1,56499,56559,294.39,310.77,30
antes_dia_20,dia 13 - Soja Saudavel Vaso 1,13.0,1.0,1,302.94,56530,83.44,0.7000000000000028,0.1,56500,56560,294.63,311.18,30
antes_dia_20,dia 13 - Soja Saudavel Vaso 1,13.0,1.0,1,303.18,56531,82.86,0.5799999999999983,0.1,56501,56561,294.88,311.42,30
antes_dia_20,dia 13 - Soja Saudavel Vaso 1,13.0,1.0,1,303.43,56532,82.31,0.5499999999999972,0.1,56502,56562,295.32,311.73,30
antes_dia_20,dia 13 - Soja Saudavel Vaso 1,13.0,1.0,1,303.69,56533,81.76,0.5499999999999972,0.1,56503,56563,295.88,311.97,30
antes_dia_20,dia 13 - Soja Saudavel Vaso 1,13.0,1.0,1,303.99,56534,81.12,0.6400000000000006,0.1,56504,56564,296.32,312.22,30
antes_dia_20,dia 13 - Soja Saudavel Vaso 1,13.0,1.0,1,304.24,56535,80.63,0.4900000000000091,0.1,56505,56565,296.57,312.47,30
antes_dia_20,dia 13 - Soja Saudavel Vaso 1,13.0,1.0,1,304.48,56536,80.15,0.47999999999998977,0.1,56506,56566,296.82,312.72,30
antes_dia_20,dia 13 - Soja Saudavel Vaso 1,13.0,1.0,1,304.73,56537,79.68,0.46999999999999886,0.1,56507,56567,297.07,312.96,30
antes_dia_20,dia 13 - Soja Saudavel Vaso 1,13.0,1.0,1,304.98,56538,79.23,0.45000000000000284,0.1,56508,56568,297.36,313.21,30
antes_dia_20,dia 13 - Soja Saudavel Vaso 1,13.0,1.0,1,305.23,56539,78.79,0.4399999999999977,0.1,56509,56569,297.61,313.45,30
antes_dia_20,dia 13 - Soja Saudavel Vaso 1,13.0,1.0,1,305.48,56540,78.36,0.4300000000000068,0.1,56510,56570,297.86,313.7,30
antes_dia_20,dia 13 - Soja Saudavel Vaso 1,13.0,1.0,1,305.72,56541,77.96,0.4000000000000057,0.1,56511,56571,298.1,313.99,30
antes_dia_20,dia 13 - Soja Saudavel Vaso 1,13.0,1.0,1,305.98,56542,77.56,0.3999999999999915,0.1,56512,56572,298.39,314.24,30
antes_dia_20,dia 13 - Soja Saudavel Vaso 1,13.0,1.0,1,306.25,56543,77.12,0.4399999999999977,0.1,56513,56573,298.63,314.48,30
antes_dia_20,dia 13 - Soja Saudavel Vaso 1,13.0,1.0,1,306.49,56544,76.75,0.37000000000000455,0.1,56514,56574,298.88,314.73,30
antes_dia_20,dia 13 - Soja Saudavel Vaso 1,13.0,1.0,1,306.74,56545,76.4,0.3499999999999943,0.1,56515,56575,299.12,315.03,30
antes_dia_20,dia 13 - Soja Saudavel Vaso 1,13.0,1.0,1,306.99,56546,76.04,0.35999999999999943,0.1,56516,56576,299.38,315.28,30
antes_dia_20,dia 13 - Soja Saudavel Vaso 1,13.0,1.0,1,307.29,56547,78.18,2.1400000000000006,0.1,56517,56577,299.63,315.52,30
antes_dia_20,dia 13 - Soja Saudavel Vaso 1,13.0,1.0,1,307.54,56548,80.19,2.009999999999991,0.1,56518,56578,299.88,315.77,30
antes_dia_20,dia 13 - Soja Saudavel Vaso 1,13.0,1.0,1,307.78,56549,81.97,1.7800000000000011,0.1,56519,56579,300.12,316.02,30
antes_dia_20,dia 13 - Soja Saudavel Vaso 1,13.0,1.0,1,308.03,56550,83.59,1.6200000000000045,0.1,56520,56580,300.37,316.27,30
antes_dia_20,dia 13 - Soja Saudavel Vaso 1,13.0,1.0,1,308.28,56551,85.1,1.509999999999991,0.1,56521,56581,300.67,316.52,30
antes_dia_20,dia 13 - Soja Saudavel Vaso 1,13.0,1.0,1,308.53,56552,86.45,1.3500000000000085,0.1,56522,56582,300.92,316.76,30
antes_dia_20,dia 13 - Soja Saudavel Vaso 1,13.0,1.0,1,308.77,56553,87.65,1.2000000000000028,0.1,56523,56583,301.17,317.01,30
antes_dia_20,dia 13 - Soja Saudavel Vaso 1,13.0,1.0,1,309.02,56554,88.69,1.039999999999992,0.1,56524,56584,301.41,317.3,30
antes_dia_20,dia 13 - Soja Saudavel Vaso 1,13.0,1.0,1,309.27,56555,89.64,0.9500000000000028,0.1,56525,56585,301.67,317.54,30
antes_dia_20,dia 13 - Soja Saudavel Vaso 1,13.0,1.0,1,309.56,56556,90.65,1.0100000000000051,0.1,56526,56586,301.91,317.79,30
antes_dia_20,dia 13 - Soja Saudavel Vaso 1,13.0,1.0,1,309.81,56557,91.34,0.6899999999999977,0.1,56527,56587,302.16,318.04,30
antes_dia_20,dia 13 - Soja Saudavel Vaso 1,13.0,1.0,1,310.21,56558,92.23,0.8900000000000006,0.1,56528,56588,302.4,318.35,30
antes_dia_20,dia 13 - Soja Saudavel Vaso 1,13.0,1.0,1,310.77,56559,93.02,0.789999999999992,0.1,56529,56589,302.66,318.59,30
antes_dia_20,dia 13 - Soja Saudavel Vaso 1,13.0,1.0,1,311.18,56560,93.33,0.3100000000000023,0.1,56530,56590,302.94,318.84,30
antes_dia_20,dia 13 - Soja Saudavel Vaso 1,13.0,1.0,1,311.42,56561,93.43,0.10000000000000853,0.1,56531,56591,303.18,319.08,30
antes_dia_20,dia 13 - Soja Saudavel Vaso 3,13.0,3.0,1,299.87,58707,93.39,0.1599999999999966,0.1,58677,58737,291.98,308.06,30
antes_dia_20,dia 13 - Soja Saudavel Vaso 3,13.0,3.0,1,300.11,58708,92.07,1.3200000000000074,0.1,58678,58738,292.25,308.32,30
antes_dia_20,dia 13 - Soja Saudavel Vaso 3,13.0,3.0,1,300.36,58709,90.95,1.1199999999999903,0.1,58679,58739,292.51,308.58,30
antes_dia_20,dia 13 - Soja Saudavel Vaso 3,13.0,3.0,1,300.61,58710,89.97,0.980000000000004,0.1,58680,58740,292.79,308.83,30
antes_dia_20,dia 13 - Soja Saudavel Vaso 3,13.0,3.0,1,300.86,58711,89.07,0.9000000000000057,0.1,58681,58741,293.08,309.07,30
antes_dia_20,dia 13 - Soja Saudavel Vaso 3,13.0,3.0,1,301.26,58712,87.85,1.2199999999999989,0.1,58682,58742,293.35,309.32,30
antes_dia_20,dia 13 - Soja Saudavel Vaso 3,13.0,3.0,1,301.82,58713,86.42,1.4299999999999926,0.1,58683,58743,293.61,309.62,30
antes_dia_20,dia 13 - Soja Saudavel Vaso 3,13.0,3.0,1,302.22,58714,85.52,0.9000000000000057,0.1,58684,58744,293.89,309.87,30
antes_dia_20,dia 13 - Soja Saudavel Vaso 3,13.0,3.0,1,302.47,58715,85.02,0.5,0.1,58685,58745,294.28,310.12,30
antes_dia_20,dia 13 - Soja Saudavel Vaso 3,13.0,3.0,1,302.72,58716,84.55,0.46999999999999886,0.1,58686,58746,294.53,310.37,30
antes_dia_20,dia 13 - Soja Saudavel Vaso 3,13.0,3.0,1,303.02,58717,84.01,0.539999999999992,0.1,58687,58747,294.77,310.61,30
antes_dia_20,dia 13 - Soja Saudavel Vaso 3,13.0,3.0,1,303.27,58718,83.61,0.4000000000000057,0.1,58688,58748,295.03,310.86,30
antes_dia_20,dia 13 - Soja Saudavel Vaso 3,13.0,3.0,1,303.52,58719,83.23,0.37999999999999545,0.1,58689,58749,295.28,311.11,30
antes_dia_20,dia 13 - Soja Saudavel Vaso 3,13.0,3.0,1,303.76,58720,82.86,0.37000000000000455,0.1,58690,58750,295.52,311.35,30
antes_dia_20,dia 13 - Soja Saudavel Vaso 3,13.0,3.0,1,304.04,58721,82.48,0.37999999999999545,0.1,58691,58751,295.77,311.62,30
antes_dia_20,dia 13 - Soja Saudavel Vaso 3,13.0,3.0,1,304.28,58722,82.15,0.3299999999999983,0.1,58692,58752,296.02,311.89,30
antes_dia_20,dia 13 - Soja Saudavel Vaso 3,13.0,3.0,1,304.53,58723,81.86,0.29000000000000625,0.1,58693,58753,296.32,312.14,30
antes_dia_20,dia 13 - Soja Saudavel Vaso 3,13.0,3.0,1,304.78,58724,81.57,0.29000000000000625,0.1,58694,58754,296.57,312.38,30
antes_dia_20,dia 13 - Soja Saudavel Vaso 3,13.0,3.0,1,305.04,58725,81.29,0.2799999999999869,0.1,58695,58755,296.82,312.63,30
antes_dia_20,dia 13 - Soja Saudavel Vaso 3,13.0,3.0,1,305.28,58726,81.02,0.27000000000001023,0.1,58696,58756,297.06,312.93,30
antes_dia_20,dia 13 - Soja Saudavel Vaso 3,13.0,3.0,1,305.53,58727,80.77,0.25,0.1,58697,58757,297.31,313.18,30
antes_dia_20,dia 13 - Soja Saudavel Vaso 3,13.0,3.0,1,305.77,58728,80.54,0.22999999999998977,0.1,58698,58758,297.56,313.43,30
antes_dia_20,dia 13 - Soja Saudavel Vaso 3,13.0,3.0,1,306.02,58729,80.32,0.22000000000001307,0.1,58699,58759,297.81,313.68,30
antes_dia_20,dia 13 - Soja Saudavel Vaso 3,13.0,3.0,1,306.33,58730,80.06,0.2599999999999909,0.1,58700,58760,298.06,313.92,30
antes_dia_20,dia 13 - Soja Saudavel Vaso 3,13.0,3.0,1,306.57,58731,79.86,0.20000000000000284,0.1,58701,58761,298.31,314.17,30
antes_dia_20,dia 13 - Soja Saudavel Vaso 3,13.0,3.0,1,306.82,58732,79.67,0.18999999999999773,0.1,58702,58762,298.57,314.42,30
antes_dia_20,dia 13 - Soja Saudavel Vaso 3,13.0,3.0,1,307.07,58733,79.49,0.18000000000000682,0.1,58703,58763,298.82,314.66,30
antes_dia_20,dia 13 - Soja Saudavel Vaso 3,13.0,3.0,1,307.32,58734,79.32,0.1700000000000017,0.1,58704,58764,299.07,314.91,30
antes_dia_20,dia 13 - Soja Saudavel Vaso 3,13.0,3.0,1,307.57,58735,79.15,0.1699999999999875,0.1,58705,58765,299.31,315.2,30
antes_dia_20,dia 13 - Soja Saudavel Vaso 3,13.0,3.0,1,307.81,58736,79.0,0.15000000000000568,0.1,58706,58766,299.62,315.6,30
antes_dia_20,dia 13 - Soja Saudavel Vaso 3,13.0,3.0,1,308.06,58737,78.85,0.15000000000000568,0.1,58707,58767,299.87,316.16,30
antes_dia_20,dia 13 - Soja Saudavel Vaso 3,13.0,3.0,1,308.32,58738,78.71,0.14000000000000057,0.1,58708,58768,300.11,316.57,30
antes_dia_20,dia 13 - Soja Saudavel Vaso 3,13.0,3.0,1,308.58,58739,78.56,0.14999999999999147,0.1,58709,58769,300.36,316.81,30
antes_dia_20,dia 13 - Soja Saudavel Vaso 3,13.0,3.0,1,308.83,58740,78.43,0.12999999999999545,0.1,58710,58770,300.61,317.06,30
antes_dia_20,dia 13 - Soja Saudavel Vaso 3,13.0,3.0,1,309.07,58741,78.32,0.11000000000001364,0.1,58711,58771,300.86,317.37,30
antes_dia_20,dia 13 - Soja Saudavel Vaso 3,13.0,3.0,1,309.32,58742,78.2,0.11999999999999034,0.1,58712,58772,301.26,317.61,30
antes_dia_20,dia 13 - Soja Saudavel Vaso 3,13.0,3.0,1,309.62,58743,78.06,0.14000000000000057,0.1,58713,58773,301.82,317.86,30
antes_dia_20,dia 13 - Soja Saudavel Vaso 3,13.0,3.0,1,309.87,58744,77.96,0.10000000000000853,0.1,58714,58774,302.22,318.11,30
antes_dia_20,dia 13 - Soja Saudavel Vaso 3,13.0,3.0,1,313.92,58760,77.73,0.9000000000000057,0.1,58730,58790,306.33,322.15,30
antes_dia_20,dia 13 - Soja Saudavel Vaso 3,13.0,3.0,1,314.17,58761,79.49,1.759999999999991,0.1,58731,58791,306.57,322.4,30
antes_dia_20,dia 13 - Soja Saudavel Vaso 3,13.0,3.0,1,314.42,58762,80.98,1.490000000000009,0.1,58732,58792,306.82,322.65,30
antes_dia_20,dia 13 - Soja Saudavel Vaso 3,13.0,3.0,1,314.66,58763,82.35,1.3699999999999903,0.1,58733,58793,307.07,322.94,30
antes_dia_20,dia 13 - Soja Saudavel Vaso 3,13.0,3.0,1,314.91,58764,83.64,1.2900000000000063,0.1,58734,58794,307.32,323.19,30
antes_dia_20,dia 13 - Soja Saudavel Vaso 3,13.0,3.0,1,315.2,58765,85.07,1.4299999999999926,0.1,58735,58795,307.57,323.44,30
antes_dia_20,dia 13 - Soja Saudavel Vaso 3,13.0,3.0,1,315.6,58766,86.82,1.75,0.1,58736,58796,307.81,323.68,30
antes_dia_20,dia 13 - Soja Saudavel Vaso 3,13.0,3.0,1,316.16,58767,88.85,2.030000000000001,0.1,58737,58797,308.06,323.99,30
antes_dia_20,dia 13 - Soja Saudavel Vaso 3,13.0,3.0,1,316.57,58768,90.05,1.2000000000000028,0.1,58738,58798,308.32,324.24,30
antes_dia_20,dia 13 - Soja Saudavel Vaso 3,13.0,3.0,1,316.81,58769,90.68,0.6300000000000097,0.1,58739,58799,308.58,324.49,30
antes_dia_20,dia 13 - Soja Saudavel Vaso 3,13.0,3.0,1,317.06,58770,91.24,0.5599999999999881,0.1,58740,58800,308.83,324.74,30
antes_dia_20,dia 13 - Soja Saudavel Vaso 3,13.0,3.0,1,317.37,58771,91.83,0.5900000000000034,0.1,58741,58801,309.07,324.98,30
antes_dia_20,dia 13 - Soja Saudavel Vaso 3,13.0,3.0,1,317.61,58772,92.23,0.4000000000000057,0.1,58742,58802,309.32,325.23,30
antes_dia_20,dia 13 - Soja Saudavel Vaso 3,13.0,3.0,1,317.86,58773,92.58,0.3499999999999943,0.1,58743,58803,309.62,325.47,30
antes_dia_20,dia 13 - Soja Saudavel Vaso 3,13.0,3.0,1,318.11,58774,92.84,0.2600000000000051,0.1,58744,58804,309.87,325.72,30
antes_dia_20,dia 13 - Soja Saudavel Vaso 3,13.0,3.0,1,318.36,58775,93.05,0.20999999999999375,0.1,58745,58805,310.12,325.97,30
antes_dia_20,dia 13 - Soja Saudavel Vaso 3,13.0,3.0,1,318.6,58776,93.2,0.15000000000000568,0.1,58746,58806,310.37,326.25,30
antes_dia_20,dia 13 - Soja Saudavel Vaso 3,13.0,3.0,1,318.85,58777,93.31,0.10999999999999943,0.1,58747,58807,310.61,326.5,30
antes_dia_20,dia 13 - Soja Saudavel Vaso 3,13.0,3.0,1,733.88,60327,93.37,0.1799999999999926,0.1,60297,60357,726.28,742.11,30
antes_dia_20,dia 13 - Soja Saudavel Vaso 3,13.0,3.0,1,734.13,60328,92.59,0.7800000000000011,0.1,60298,60358,726.52,742.39,30
antes_dia_20,dia 13 - Soja Saudavel Vaso 3,13.0,3.0,1,734.37,60329,92.17,0.4200000000000017,0.1,60299,60359,726.78,742.64,30
antes_dia_20,dia 13 - Soja Saudavel Vaso 3,13.0,3.0,1,734.67,60330,91.86,0.3100000000000023,0.1,60300,60360,727.02,742.88,30
antes_dia_20,dia 13 - Soja Saudavel Vaso 3,13.0,3.0,1,734.91,60331,91.7,0.1599999999999966,0.1,60301,60361,727.27,743.13,30
antes_dia_20,dia 13 - Soja Saudavel Vaso 3,13.0,3.0,1,735.16,60332,91.59,0.10999999999999943,0.1,60302,60362,727.52,743.39,30
antes_dia_20,dia 13 - Soja Saudavel Vaso 4,13.0,4.0,1,119.93,60567,93.23,0.3299999999999983,0.1,60537,60597,111.75,127.46,30
antes_dia_20,dia 13 - Soja Saudavel Vaso 4,13.0,4.0,1,120.17,60568,91.93,1.2999999999999972,0.1,60538,60598,112.05,127.71,30
antes_dia_20,dia 13 - Soja Saudavel Vaso 4,13.0,4.0,1,120.42,60569,90.83,1.1000000000000085,0.1,60539,60599,112.3,128.11,30
antes_dia_20,dia 13 - Soja Saudavel Vaso 4,13.0,4.0,1,120.66,60570,89.89,0.9399999999999977,0.1,60540,60600,112.54,128.35,30
antes_dia_20,dia 13 - Soja Saudavel Vaso 4,13.0,4.0,1,120.91,60571,89.03,0.8599999999999994,0.1,60541,60601,112.79,128.6,30
antes_dia_20,dia 13 - Soja Saudavel Vaso 4,13.0,4.0,1,121.17,60572,88.19,0.8400000000000034,0.1,60542,60602,113.03,128.85,30
antes_dia_20,dia 13 - Soja Saudavel Vaso 4,13.0,4.0,1,121.42,60573,87.48,0.7099999999999937,0.1,60543,60603,113.28,129.15,30
antes_dia_20,dia 13 - Soja Saudavel Vaso 4,13.0,4.0,1,121.67,60574,86.82,0.6600000000000108,0.1,60544,60604,113.52,129.4,30
antes_dia_20,dia 13 - Soja Saudavel Vaso 4,13.0,4.0,1,121.91,60575,86.21,0.6099999999999994,0.1,60545,60605,113.77,129.64,30
antes_dia_20,dia 13 - Soja Saudavel Vaso 4,13.0,4.0,1,122.16,60576,85.65,0.5599999999999881,0.1,60546,60606,114.02,129.89,30
antes_dia_20,dia 13 - Soja Saudavel Vaso 4,13.0,4.0,1,122.46,60577,85.0,0.6500000000000057,0.1,60547,60607,114.31,130.15,30
antes_dia_20,dia 13 - Soja Saudavel Vaso 4,13.0,4.0,1,122.71,60578,84.51,0.4899999999999949,0.1,60548,60608,114.55,130.4,30
antes_dia_20,dia 13 - Soja Saudavel Vaso 4,13.0,4.0,1,122.95,60579,84.04,0.46999999999999886,0.1,60549,60609,114.8,130.65,30
antes_dia_20,dia 13 - Soja Saudavel Vaso 4,13.0,4.0,1,123.2,60580,83.61,0.4300000000000068,0.1,60550,60610,115.04,130.89,30
antes_dia_20,dia 13 - Soja Saudavel Vaso 4,13.0,4.0,1,123.45,60581,83.19,0.4200000000000017,0.1,60551,60611,115.33,131.15,30
antes_dia_20,dia 13 - Soja Saudavel Vaso 4,13.0,4.0,1,123.69,60582,82.8,0.39000000000000057,0.1,60552,60612,115.57,131.4,30
antes_dia_20,dia 13 - Soja Saudavel Vaso 4,13.0,4.0,1,123.94,60583,82.43,0.36999999999999034,0.1,60553,60613,115.82,131.65,30
antes_dia_20,dia 13 - Soja Saudavel Vaso 4,13.0,4.0,1,124.18,60584,82.08,0.3500000000000085,0.1,60554,60614,116.06,131.89,30
antes_dia_20,dia 13 - Soja Saudavel Vaso 4,13.0,4.0,1,124.43,60585,81.74,0.3400000000000034,0.1,60555,60615,116.31,132.14,30
antes_dia_20,dia 13 - Soja Saudavel Vaso 4,13.0,4.0,1,124.71,60586,81.37,0.36999999999999034,0.1,60556,60616,116.58,132.6,30
antes_dia_20,dia 13 - Soja Saudavel Vaso 4,13.0,4.0,1,124.97,60587,81.06,0.3100000000000023,0.1,60557,60617,116.83,133.16,30
antes_dia_20,dia 13 - Soja Saudavel Vaso 4,13.0,4.0,1,125.21,60588,80.77,0.29000000000000625,0.1,60558,60618,117.07,133.57,30
antes_dia_20,dia 13 - Soja Saudavel Vaso 4,13.0,4.0,1,125.46,60589,80.5,0.269999999999996,0.1,60559,60619,117.32,133.81,30
antes_dia_20,dia 13 - Soja Saudavel Vaso 4,13.0,4.0,1,125.71,60590,80.23,0.269999999999996,0.1,60560,60620,117.72,134.06,30
antes_dia_20,dia 13 - Soja Saudavel Vaso 4,13.0,4.0,1,125.96,60591,79.99,0.2400000000000091,0.1,60561,60621,118.27,134.3,30
antes_dia_20,dia 13 - Soja Saudavel Vaso 4,13.0,4.0,1,126.2,60592,79.75,0.23999999999999488,0.1,60562,60622,118.68,134.55,30
antes_dia_20,dia 13 - Soja Saudavel Vaso 4,13.0,4.0,1,126.45,60593,79.53,0.21999999999999886,0.1,60563,60623,118.94,134.8,30
antes_dia_20,dia 13 - Soja Saudavel Vaso 4,13.0,4.0,1,126.71,60594,79.31,0.21999999999999886,0.1,60564,60624,119.18,135.04,30
antes_dia_20,dia 13 - Soja Saudavel Vaso 4,13.0,4.0,1,126.97,60595,79.09,0.21999999999999886,0.1,60565,60625,119.42,135.29,30
antes_dia_20,dia 13 - Soja Saudavel Vaso 4,13.0,4.0,1,127.21,60596,78.9,0.18999999999999773,0.1,60566,60626,119.67,135.54,30
antes_dia_20,dia 13 - Soja Saudavel Vaso 4,13.0,4.0,1,127.46,60597,78.71,0.19000000000001194,0.1,60567,60627,119.93,135.82,30
antes_dia_20,dia 13 - Soja Saudavel Vaso 4,13.0,4.0,1,127.71,60598,78.54,0.1699999999999875,0.1,60568,60628,120.17,136.07,30
antes_dia_20,dia 13 - Soja Saudavel Vaso 4,13.0,4.0,1,128.11,60599,78.26,0.28000000000000114,0.1,60569,60629,120.42,136.31,30
antes_dia_20,dia 13 - Soja Saudavel Vaso 4,13.0,4.0,1,128.35,60600,78.11,0.15000000000000568,0.1,60570,60630,120.66,136.56,30
antes_dia_20,dia 13 - Soja Saudavel Vaso 4,13.0,4.0,1,128.6,60601,77.96,0.15000000000000568,0.1,60571,60631,120.91,136.87,30
antes_dia_20,dia 13 - Soja Saudavel Vaso 4,13.0,4.0,1,128.85,60602,77.82,0.14000000000000057,0.1,60572,60632,121.17,137.11,30
antes_dia_20,dia 13 - Soja Saudavel Vaso 4,13.0,4.0,1,129.15,60603,77.66,0.1599999999999966,0.1,60573,60633,121.42,137.36,30
antes_dia_20,dia 13 - Soja Saudavel Vaso 4,13.0,4.0,1,129.4,60604,77.53,0.12999999999999545,0.1,60574,60634,121.67,137.6,30
antes_dia_20,dia 13 - Soja Saudavel Vaso 4,13.0,4.0,1,129.64,60605,77.41,0.12000000000000455,0.1,60575,60635,121.91,137.85,30
antes_dia_20,dia 13 - Soja Saudavel Vaso 4,13.0,4.0,1,129.89,60606,77.29,0.11999999999999034,0.1,60576,60636,122.16,138.1,30
antes_dia_20,dia 13 - Soja Saudavel Vaso 4,13.0,4.0,1,130.15,60607,77.18,0.10999999999999943,0.1,60577,60637,122.46,138.35,30
antes_dia_20,dia 13 - Soja Saudavel Vaso 4,13.0,4.0,1,130.4,60608,77.07,0.11000000000001364,0.1,60578,60638,122.71,138.59,30
antes_dia_20,dia 13 - Soja Saudavel Vaso 4,13.0,4.0,1,132.6,60616,76.31,0.12999999999999545,0.1,60586,60646,124.71,140.66,30
antes_dia_20,dia 13 - Soja Saudavel Vaso 4,13.0,4.0,1,133.16,60617,76.16,0.15000000000000568,0.1,60587,60647,124.97,140.91,30
antes_dia_20,dia 13 - Soja Saudavel Vaso 4,13.0,4.0,1,134.55,60622,77.3,1.4099999999999966,0.1,60592,60652,126.2,142.16,30
antes_dia_20,dia 13 - Soja Saudavel Vaso 4,13.0,4.0,1,134.8,60623,79.47,2.1700000000000017,0.1,60593,60653,126.45,142.41,30
antes_dia_20,dia 13 - Soja Saudavel Vaso 4,13.0,4.0,1,135.04,60624,81.31,1.8400000000000034,0.1,60594,60654,126.71,142.66,30
antes_dia_20,dia 13 - Soja Saudavel Vaso 4,13.0,4.0,1,135.29,60625,82.98,1.6700000000000017,0.1,60595,60655,126.97,142.91,30
antes_dia_20,dia 13 - Soja Saudavel Vaso 4,13.0,4.0,1,135.54,60626,84.5,1.519999999999996,0.1,60596,60656,127.21,143.15,30
antes_dia_20,dia 13 - Soja Saudavel Vaso 4,13.0,4.0,1,135.82,60627,86.06,1.5600000000000023,0.1,60597,60657,127.46,143.46,30
antes_dia_20,dia 13 - Soja Saudavel Vaso 4,13.0,4.0,1,136.07,60628,87.25,1.1899999999999977,0.1,60598,60658,127.71,143.71,30
antes_dia_20,dia 13 - Soja Saudavel Vaso 4,13.0,4.0,1,136.31,60629,88.33,1.0799999999999983,0.1,60599,60659,128.11,143.95,30
antes_dia_20,dia 13 - Soja Saudavel Vaso 4,13.0,4.0,1,136.56,60630,89.29,0.960000000000008,0.1,60600,60660,128.35,144.2,30
antes_dia_20,dia 13 - Soja Saudavel Vaso 4,13.0,4.0,1,136.87,60631,90.33,1.039999999999992,0.1,60601,60661,128.6,144.45,30
antes_dia_20,dia 13 - Soja Saudavel Vaso 4,13.0,4.0,1,137.11,60632,91.03,0.7000000000000028,0.1,60602,60662,128.85,144.7,30
antes_dia_20,dia 13 - Soja Saudavel Vaso 4,13.0,4.0,1,137.36,60633,91.64,0.6099999999999994,0.1,60603,60663,129.15,144.94,30
antes_dia_20,dia 13 - Soja Saudavel Vaso 4,13.0,4.0,1,137.6,60634,92.14,0.5,0.1,60604,60664,129.4,145.19,30
antes_dia_20,dia 13 - Soja Saudavel Vaso 4,13.0,4.0,1,137.85,60635,92.56,0.4200000000000017,0.1,60605,60665,129.64,145.44,30
antes_dia_20,dia 13 - Soja Saudavel Vaso 4,13.0,4.0,1,138.1,60636,92.88,0.3199999999999932,0.1,60606,60666,129.89,145.73,30
antes_dia_20,dia 13 - Soja Saudavel Vaso 4,13.0,4.0,1,138.35,60637,93.11,0.23000000000000398,0.1,60607,60667,130.15,145.97,30
antes_dia_20,dia 13 - Soja Saudavel Vaso 4,13.0,4.0,1,138.59,60638,93.27,0.1599999999999966,0.1,60608,60668,130.4,146.22,30
antes_dia_20,dia 13 - Soja Saudavel Vaso 4,13.0,4.0,1,138.85,60639,93.38,0.10999999999999943,0.1,60609,60669,130.65,146.47,30
antes_dia_20,dia 13 - Soja Saudavel Vaso 4,13.0,4.0,1,554.51,62203,93.4,0.1599999999999966,0.1,62173,62233,546.16,562.08,30
antes_dia_20,dia 13 - Soja Saudavel Vaso 4,13.0,4.0,1,554.76,62204,92.69,0.710000000000008,0.1,62174,62234,546.4,562.32,30
antes_dia_20,dia 13 - Soja Saudavel Vaso 4,13.0,4.0,1,555.01,62205,92.28,0.4099999999999966,0.1,62175,62235,546.65,562.57,30
antes_dia_20,dia 13 - Soja Saudavel Vaso 4,13.0,4.0,1,555.26,62206,92.01,0.269999999999996,0.1,62176,62236,546.9,562.83,30
antes_dia_20,dia 13 - Soja Saudavel Vaso 4,13.0,4.0,1,555.5,62207,91.83,0.18000000000000682,0.1,62177,62237,547.15,563.09,30
antes_dia_20,dia 13 - Soja Saudavel Vaso 4,13.0,4.0,1,555.75,62208,91.71,0.12000000000000455,0.1,62178,62238,547.4,563.34,30
antes_dia_20,dia 13 - Soja Saudavel Vaso 5,13.0,5.0,1,299.99,62927,93.07,0.5,0.1,62897,62957,291.79,307.6,30
antes_dia_20,dia 13 - Soja Saudavel Vaso 5,13.0,5.0,1,300.24,62928,91.99,1.0799999999999983,0.1,62898,62958,292.04,307.85,30
antes_dia_20,dia 13 - Soja Saudavel Vaso 5,13.0,5.0,1,300.54,62929,90.81,1.1799999999999926,0.1,62899,62959,292.28,308.25,30
antes_dia_20,dia 13 - Soja Saudavel Vaso 5,13.0,5.0,1,300.79,62930,89.93,0.8799999999999955,0.1,62900,62960,292.53,308.81,30
antes_dia_20,dia 13 - Soja Saudavel Vaso 5,13.0,5.0,1,301.04,62931,89.11,0.8200000000000074,0.1,62901,62961,292.83,309.23,30
antes_dia_20,dia 13 - Soja Saudavel Vaso 5,13.0,5.0,1,301.28,62932,88.35,0.7600000000000051,0.1,62902,62962,293.07,309.49,30
antes_dia_20,dia 13 - Soja Saudavel Vaso 5,13.0,5.0,1,301.53,62933,87.62,0.7299999999999898,0.1,62903,62963,293.48,309.74,30
antes_dia_20,dia 13 - Soja Saudavel Vaso 5,13.0,5.0,1,301.77,62934,86.92,0.7000000000000028,0.1,62904,62964,294.04,309.98,30
antes_dia_20,dia 13 - Soja Saudavel Vaso 5,13.0,5.0,1,302.02,62935,86.27,0.6500000000000057,0.1,62905,62965,294.45,310.23,30
antes_dia_20,dia 13 - Soja Saudavel Vaso 5,13.0,5.0,1,302.26,62936,85.64,0.6299999999999955,0.1,62906,62966,294.69,310.54,30
antes_dia_20,dia 13 - Soja Saudavel Vaso 5,13.0,5.0,1,302.52,62937,85.03,0.6099999999999994,0.1,62907,62967,294.94,310.79,30
antes_dia_20,dia 13 - Soja Saudavel Vaso 5,13.0,5.0,1,302.8,62938,84.35,0.6800000000000068,0.1,62908,62968,295.19,311.03,30
antes_dia_20,dia 13 - Soja Saudavel Vaso 5,13.0,5.0,1,303.05,62939,83.79,0.5599999999999881,0.1,62909,62969,295.43,311.28,30
antes_dia_20,dia 13 - Soja Saudavel Vaso 5,13.0,5.0,1,303.29,62940,83.26,0.5300000000000011,0.1,62910,62970,295.68,311.53,30
antes_dia_20,dia 13 - Soja Saudavel Vaso 5,13.0,5.0,1,303.54,62941,82.74,0.5200000000000102,0.1,62911,62971,295.94,311.77,30
antes_dia_20,dia 13 - Soja Saudavel Vaso 5,13.0,5.0,1,303.82,62942,82.18,0.5599999999999881,0.1,62912,62972,296.21,312.02,30
antes_dia_20,dia 13 - Soja Saudavel Vaso 5,13.0,5.0,1,304.06,62943,81.7,0.480000000000004,0.1,62913,62973,296.45,312.27,30
antes_dia_20,dia 13 - Soja Saudavel Vaso 5,13.0,5.0,1,304.31,62944,81.23,0.46999999999999886,0.1,62914,62974,296.7,312.52,30
antes_dia_20,dia 13 - Soja Saudavel Vaso 5,13.0,5.0,1,304.56,62945,80.79,0.4399999999999977,0.1,62915,62975,296.95,312.8,30
antes_dia_20,dia 13 - Soja Saudavel Vaso 5,13.0,5.0,1,304.81,62946,80.34,0.45000000000000284,0.1,62916,62976,297.25,313.05,30
antes_dia_20,dia 13 - Soja Saudavel Vaso 5,13.0,5.0,1,305.06,62947,79.91,0.4300000000000068,0.1,62917,62977,297.5,313.29,30
antes_dia_20,dia 13 - Soja Saudavel Vaso 5,13.0,5.0,1,305.3,62948,79.51,0.3999999999999915,0.1,62918,62978,297.74,313.54,30
antes_dia_20,dia 13 - Soja Saudavel Vaso 5,13.0,5.0,1,305.55,62949,79.12,0.39000000000000057,0.1,62919,62979,297.99,313.85,30
antes_dia_20,dia 13 - Soja Saudavel Vaso 5,13.0,5.0,1,305.8,62950,78.73,0.39000000000000057,0.1,62920,62980,298.24,314.09,30
antes_dia_20,dia 13 - Soja Saudavel Vaso 5,13.0,5.0,1,306.1,62951,78.27,0.46000000000000796,0.1,62921,62981,298.48,314.34,30
antes_dia_20,dia 13 - Soja Saudavel Vaso 5,13.0,5.0,1,306.35,62952,77.91,0.35999999999999943,0.1,62922,62982,298.73,314.59,30
antes_dia_20,dia 13 - Soja Saudavel Vaso 5,13.0,5.0,1,306.6,62953,77.57,0.3400000000000034,0.1,62923,62983,298.97,314.84,30
antes_dia_20,dia 13 - Soja Saudavel Vaso 5,13.0,5.0,1,306.84,62954,77.24,0.3299999999999983,0.1,62924,62984,299.23,315.08,30
antes_dia_20,dia 13 - Soja Saudavel Vaso 5,13.0,5.0,1,307.11,62955,76.88,0.35999999999999943,0.1,62925,62985,299.5,315.33,30
antes_dia_20,dia 13 - Soja Saudavel Vaso 5,13.0,5.0,1,307.36,62956,76.57,0.3100000000000023,0.1,62926,62986,299.75,315.57,30
antes_dia_20,dia 13 - Soja Saudavel Vaso 5,13.0,5.0,1,307.6,62957,76.27,0.29999999999999716,0.1,62927,62987,299.99,315.83,30
antes_dia_20,dia 13 - Soja Saudavel Vaso 5,13.0,5.0,1,307.85,62958,75.97,0.29999999999999716,0.1,62928,62988,300.24,316.11,30
antes_dia_20,dia 13 - Soja Saudavel Vaso 5,13.0,5.0,1,308.25,62959,77.25,1.2800000000000011,0.1,62929,62989,300.54,316.35,30
antes_dia_20,dia 13 - Soja Saudavel Vaso 5,13.0,5.0,1,308.81,62960,81.66,4.409999999999997,0.1,62930,62990,300.79,316.6,30
antes_dia_20,dia 13 - Soja Saudavel Vaso 5,13.0,5.0,1,309.23,62961,84.25,2.5900000000000034,0.1,62931,62991,301.04,316.84,30
antes_dia_20,dia 13 - Soja Saudavel Vaso 5,13.0,5.0,1,309.49,62962,85.8,1.5499999999999972,0.1,62932,62992,301.28,317.11,30
antes_dia_20,dia 13 - Soja Saudavel Vaso 5,13.0,5.0,1,309.74,62963,87.05,1.25,0.1,62933,62993,301.53,317.36,30
antes_dia_20,dia 13 - Soja Saudavel Vaso 5,13.0,5.0,1,309.98,62964,88.17,1.1200000000000045,0.1,62934,62994,301.77,317.61,30
antes_dia_20,dia 13 - Soja Saudavel Vaso 5,13.0,5.0,1,310.23,62965,89.16,0.9899999999999949,0.1,62935,62995,302.02,317.85,30
antes_dia_20,dia 13 - Soja Saudavel Vaso 5,13.0,5.0,1,310.54,62966,90.25,1.0900000000000034,0.1,62936,62996,302.26,318.11,30
antes_dia_20,dia 13 - Soja Saudavel Vaso 5,13.0,5.0,1,310.79,62967,90.99,0.7399999999999949,0.1,62937,62997,302.52,318.37,30
antes_dia_20,dia 13 - Soja Saudavel Vaso 5,13.0,5.0,1,311.03,62968,91.62,0.6300000000000097,0.1,62938,62998,302.8,318.62,30
antes_dia_20,dia 13 - Soja Saudavel Vaso 5,13.0,5.0,1,311.28,62969,92.14,0.519999999999996,0.1,62939,62999,303.05,318.86,30
antes_dia_20,dia 13 - Soja Saudavel Vaso 5,13.0,5.0,1,311.53,62970,92.57,0.4299999999999926,0.1,62940,63000,303.29,319.11,30
antes_dia_20,dia 13 - Soja Saudavel Vaso 5,13.0,5.0,1,311.77,62971,92.89,0.3200000000000074,0.1,62941,63001,303.54,319.42,30
antes_dia_20,dia 13 - Soja Saudavel Vaso 5,13.0,5.0,1,312.02,62972,93.13,0.23999999999999488,0.1,62942,63002,303.82,319.66,30
antes_dia_20,dia 13 - Soja Saudavel Vaso 5,13.0,5.0,1,312.27,62973,93.29,0.1600000000000108,0.1,62943,63003,304.06,319.91,30
antes_dia_20,dia 19 - Soja Saudavel Vaso 2,19.0,2.0,1,105.96,65853,77.1,0.37999999999999545,0.1,65823,65883,97.2,114.76,30
antes_dia_20,dia 19 - Soja Saudavel Vaso 2,19.0,2.0,1,106.22,65854,78.27,1.1700000000000017,0.1,65824,65884,97.55,115.02,30
antes_dia_20,dia 19 - Soja Saudavel Vaso 2,19.0,2.0,1,106.48,65855,79.37,1.1000000000000085,0.1,65825,65885,97.82,115.31,30
antes_dia_20,dia 19 - Soja Saudavel Vaso 2,19.0,2.0,1,106.74,65856,80.38,1.009999999999991,0.1,65826,65886,98.07,115.62,30
antes_dia_20,dia 19 - Soja Saudavel Vaso 2,19.0,2.0,1,107.0,65857,81.36,0.980000000000004,0.1,65827,65887,98.34,115.94,30
antes_dia_20,dia 19 - Soja Saudavel Vaso 2,19.0,2.0,1,107.32,65858,82.54,1.1800000000000068,0.1,65828,65888,98.6,116.29,30
antes_dia_20,dia 19 - Soja Saudavel Vaso 2,19.0,2.0,1,107.73,65859,83.99,1.4499999999999886,0.1,65829,65889,98.86,116.61,30
antes_dia_20,dia 19 - Soja Saudavel Vaso 2,19.0,2.0,1,108.19,65860,85.56,1.5700000000000074,0.1,65830,65890,99.14,116.94,30
antes_dia_20,dia 19 - Soja Saudavel Vaso 2,19.0,2.0,1,108.46,65861,86.42,0.8599999999999994,0.1,65831,65891,99.45,117.27,30
antes_dia_20,dia 19 - Soja Saudavel Vaso 2,19.0,2.0,1,108.76,65862,87.39,0.9699999999999989,0.1,65832,65892,99.78,117.54,30
antes_dia_20,dia 19 - Soja Saudavel Vaso 2,19.0,2.0,1,109.08,65863,88.33,0.9399999999999977,0.1,65833,65893,100.11,117.81,30
antes_dia_20,dia 19 - Soja Saudavel Vaso 2,19.0,2.0,1,109.39,65864,89.18,0.8500000000000085,0.1,65834,65894,100.42,118.08,30
antes_dia_20,dia 19 - Soja Saudavel Vaso 2,19.0,2.0,1,109.65,65865,89.86,0.6799999999999926,0.1,65835,65895,100.72,118.35,30
antes_dia_20,dia 19 - Soja Saudavel Vaso 2,19.0,2.0,1,109.92,65866,90.49,0.6299999999999955,0.1,65836,65896,101.04,118.62,30
antes_dia_20,dia 19 - Soja Saudavel Vaso 2,19.0,2.0,1,110.19,65867,91.05,0.5600000000000023,0.1,65837,65897,101.39,118.89,30
antes_dia_20,dia 19 - Soja Saudavel Vaso 2,19.0,2.0,1,110.45,65868,91.57,0.519999999999996,0.1,65838,65898,101.66,119.16,30
antes_dia_20,dia 19 - Soja Saudavel Vaso 2,19.0,2.0,1,110.72,65869,92.03,0.46000000000000796,0.1,65839,65899,101.93,119.46,30
antes_dia_20,dia 19 - Soja Saudavel Vaso 2,19.0,2.0,1,110.99,65870,92.42,0.39000000000000057,0.1,65840,65900,102.2,119.76,30
antes_dia_20,dia 19 - Soja Saudavel Vaso 2,19.0,2.0,1,111.27,65871,92.74,0.3199999999999932,0.1,65841,65901,102.48,120.09,30
antes_dia_20,dia 19 - Soja Saudavel Vaso 2,19.0,2.0,1,111.55,65872,93.0,0.2600000000000051,0.1,65842,65902,102.74,120.44,30
antes_dia_20,dia 19 - Soja Saudavel Vaso 2,19.0,2.0,1,111.87,65873,93.23,0.23000000000000398,0.1,65843,65903,103.01,120.73,30
antes_dia_20,dia 19 - Soja Saudavel Vaso 2,19.0,2.0,1,112.19,65874,93.4,0.1700000000000017,0.1,65844,65904,103.28,121.07,30
antes_dia_20,dia 19 - Soja Saudavel Vaso 2,19.0,2.0,1,112.49,65875,93.51,0.10999999999999943,0.1,65845,65905,103.58,121.38,30
antes_dia_20,dia 19 - Soja Saudavel Vaso 3,19.0,3.0,1,80.61,67128,92.99,0.3199999999999932,0.1,67127,67158,80.29,89.5,30
antes_dia_20,dia 19 - Soja Saudavel Vaso 3,19.0,3.0,1,80.92,67129,93.21,0.21999999999999886,0.1,67127,67159,80.29,89.77,30
antes_dia_20,dia 19 - Soja Saudavel Vaso 3,19.0,3.0,1,81.25,67130,93.39,0.18000000000000682,0.1,67127,67160,80.29,90.04,30
antes_dia_20,dia 19 - Soja Saudavel Vaso 3,19.0,3.0,1,81.58,67131,93.51,0.12000000000000455,0.1,67127,67161,80.29,90.31,30
antes_dia_20,dia 19 - Soja Saudavel Vaso 4,19.0,4.0,1,80.9,68396,91.0,0.7600000000000051,0.1,68395,68426,80.54,90.27,30
antes_dia_20,dia 19 - Soja Saudavel Vaso 4,19.0,4.0,1,81.23,68397,91.61,0.6099999999999994,0.1,68395,68427,80.54,90.57,30
antes_dia_20,dia 19 - Soja Saudavel Vaso 4,19.0,4.0,1,81.54,68398,92.1,0.4899999999999949,0.1,68395,68428,80.54,90.94,30
antes_dia_20,dia 19 - Soja Saudavel Vaso 4,19.0,4.0,1,81.89,68399,92.54,0.44000000000001194,0.1,68395,68429,80.54,91.28,30
antes_dia_20,dia 19 - Soja Saudavel Vaso 4,19.0,4.0,1,82.24,68400,92.91,0.36999999999999034,0.1,68395,68430,80.54,91.57,30
antes_dia_20,dia 19 - Soja Saudavel Vaso 4,19.0,4.0,1,82.58,68401,93.17,0.2600000000000051,0.1,68395,68431,80.54,91.86,30
antes_dia_20,dia 19 - Soja Saudavel Vaso 4,19.0,4.0,1,82.86,68402,93.33,0.1599999999999966,0.1,68395,68432,80.54,92.14,30
antes_dia_20,dia 19 - Soja Saudavel Vaso 4,19.0,4.0,1,83.15,68403,93.46,0.12999999999999545,0.1,68395,68433,80.54,92.42,30
antes_dia_20,dia 19 - Soja Saudavel Vaso 5,19.0,5.0,1,121.99,69690,93.46,0.2600000000000051,0.1,69660,69720,112.44,131.47,30
antes_dia_20,dia 19 - Soja Saudavel Vaso 5,19.0,5.0,1,122.27,69691,91.88,1.5799999999999983,0.1,69661,69721,112.73,131.75,30
antes_dia_20,dia 19 - Soja Saudavel Vaso 5,19.0,5.0,1,122.55,69692,90.61,1.269999999999996,0.1,69662,69722,113.01,132.03,30
antes_dia_20,dia 19 - Soja Saudavel Vaso 5,19.0,5.0,1,122.83,69693,89.62,0.9899999999999949,0.1,69663,69723,113.29,132.31,30
antes_dia_20,dia 19 - Soja Saudavel Vaso 5,19.0,5.0,1,123.11,69694,88.71,0.9100000000000108,0.1,69664,69724,113.57,132.62,30
antes_dia_20,dia 19 - Soja Saudavel Vaso 5,19.0,5.0,1,123.44,69695,87.78,0.9299999999999926,0.1,69665,69725,113.85,132.97,30
antes_dia_20,dia 19 - Soja Saudavel Vaso 5,19.0,5.0,1,123.8,69696,86.82,0.960000000000008,0.1,69666,69726,114.16,133.33,30
antes_dia_20,dia 19 - Soja Saudavel Vaso 5,19.0,5.0,1,124.16,69697,85.94,0.8799999999999955,0.1,69667,69727,114.52,133.68,30
antes_dia_20,dia 19 - Soja Saudavel Vaso 5,19.0,5.0,1,124.51,69698,85.12,0.8199999999999932,0.1,69668,69728,114.88,134.01,30
antes_dia_20,dia 19 - Soja Saudavel Vaso 5,19.0,5.0,1,124.83,69699,84.41,0.710000000000008,0.1,69669,69729,115.22,134.35,30
antes_dia_20,dia 19 - Soja Saudavel Vaso 5,19.0,5.0,1,125.16,69700,83.67,0.7399999999999949,0.1,69670,69730,115.53,134.68,30
antes_dia_20,dia 19 - Soja Saudavel Vaso 5,19.0,5.0,1,125.5,69701,82.94,0.730000000000004,0.1,69671,69731,115.85,135.07,30
antes_dia_20,dia 19 - Soja Saudavel Vaso 5,19.0,5.0,1,125.89,69702,82.17,0.769999999999996,0.1,69672,69732,116.19,135.35,30
antes_dia_20,dia 19 - Soja Saudavel Vaso 5,19.0,5.0,1,126.16,69703,81.62,0.5499999999999972,0.1,69673,69733,116.64,135.63,30
antes_dia_20,dia 19 - Soja Saudavel Vaso 5,19.0,5.0,1,126.45,69704,81.1,0.5200000000000102,0.1,69674,69734,116.98,135.91,30
antes_dia_20,dia 19 - Soja Saudavel Vaso 5,19.0,5.0,1,126.73,69705,80.59,0.5099999999999909,0.1,69675,69735,117.26,136.19,30
antes_dia_20,dia 19 - Soja Saudavel Vaso 5,19.0,5.0,1,127.01,69706,80.06,0.5300000000000011,0.1,69676,69736,117.54,136.47,30
antes_dia_20,dia 19 - Soja Saudavel Vaso 5,19.0,5.0,1,127.29,69707,79.55,0.5100000000000051,0.1,69677,69737,117.81,136.85,30
antes_dia_20,dia 19 - Soja Saudavel Vaso 5,19.0,5.0,1,127.58,69708,79.03,0.519999999999996,0.1,69678,69738,118.08,137.18,30
antes_dia_20,dia 19 - Soja Saudavel Vaso 5,19.0,5.0,1,127.85,69709,78.53,0.5,0.1,69679,69739,118.35,137.52,30
antes_dia_20,dia 19 - Soja Saudavel Vaso 5,19.0,5.0,1,128.18,69710,77.98,0.5499999999999972,0.1,69680,69740,118.65,137.89,30
antes_dia_20,dia 19 - Soja Saudavel Vaso 5,19.0,5.0,1,128.52,69711,77.43,0.5499999999999972,0.1,69681,69741,118.97,138.25,30
antes_dia_20,dia 19 - Soja Saudavel Vaso 5,19.0,5.0,1,128.85,69712,76.88,0.5500000000000114,0.1,69682,69742,119.32,138.57,30
antes_dia_20,dia 19 - Soja Saudavel Vaso 5,19.0,5.0,1,129.24,69713,76.23,0.6499999999999915,0.1,69683,69743,119.67,138.91,30
antes_dia_20,dia 19 - Soja Saudavel Vaso 5,19.0,5.0,1,129.55,69714,75.72,0.5100000000000051,0.1,69684,69744,120.03,139.24,30
antes_dia_20,dia 19 - Soja Saudavel Vaso 5,19.0,5.0,1,129.91,69715,75.17,0.5499999999999972,0.1,69685,69745,120.35,139.63,30
antes_dia_20,dia 19 - Soja Saudavel Vaso 5,19.0,5.0,1,130.26,69716,74.63,0.5400000000000063,0.1,69686,69746,120.7,139.91,30
antes_dia_20,dia 19 - Soja Saudavel Vaso 5,19.0,5.0,1,130.65,69717,74.05,0.5799999999999983,0.1,69687,69747,121.06,140.19,30
antes_dia_20,dia 19 - Soja Saudavel Vaso 5,19.0,5.0,1,130.93,69718,73.63,0.4200000000000017,0.1,69688,69748,121.44,140.47,30
antes_dia_20,dia 19 - Soja Saudavel Vaso 5,19.0,5.0,1,131.2,69719,73.22,0.4099999999999966,0.1,69689,69749,121.71,140.78,30
antes_dia_20,dia 19 - Soja Saudavel Vaso 5,19.0,5.0,1,131.47,69720,72.82,0.4000000000000057,0.1,69690,69750,121.99,141.07,30
antes_dia_20,dia 19 - Soja Saudavel Vaso 5,19.0,5.0,1,131.75,69721,72.43,0.38999999999998636,0.1,69691,69751,122.27,141.36,30
antes_dia_20,dia 19 - Soja Saudavel Vaso 5,19.0,5.0,1,132.03,69722,72.03,0.4000000000000057,0.1,69692,69752,122.55,141.66,30
antes_dia_20,dia 19 - Soja Saudavel Vaso 5,19.0,5.0,1,132.31,69723,71.63,0.4000000000000057,0.1,69693,69753,122.83,141.99,30
antes_dia_20,dia 19 - Soja Saudavel Vaso 5,19.0,5.0,1,132.62,69724,71.18,0.44999999999998863,0.1,69694,69754,123.11,142.34,30
antes_dia_20,dia 19 - Soja Saudavel Vaso 5,19.0,5.0,1,132.97,69725,70.68,0.5,0.1,69695,69755,123.44,142.7,30
antes_dia_20,dia 19 - Soja Saudavel Vaso 5,19.0,5.0,1,133.33,69726,70.19,0.4900000000000091,0.1,69696,69756,123.8,143.07,30
antes_dia_20,dia 19 - Soja Saudavel Vaso 5,19.0,5.0,1,133.68,69727,69.7,0.4899999999999949,0.1,69697,69757,124.16,143.41,30
antes_dia_20,dia 19 - Soja Saudavel Vaso 5,19.0,5.0,1,134.01,69728,69.27,0.4300000000000068,0.1,69698,69758,124.51,143.77,30
antes_dia_20,dia 19 - Soja Saudavel Vaso 5,19.0,5.0,1,134.35,69729,68.83,0.4399999999999977,0.1,69699,69759,124.83,144.13,30
antes_dia_20,dia 19 - Soja Saudavel Vaso 5,19.0,5.0,1,134.68,69730,68.39,0.4399999999999977,0.1,69700,69760,125.16,144.47,30
antes_dia_20,dia 19 - Soja Saudavel Vaso 5,19.0,5.0,1,135.07,69731,67.9,0.4899999999999949,0.1,69701,69761,125.5,144.76,30
antes_dia_20,dia 19 - Soja Saudavel Vaso 5,19.0,5.0,1,135.35,69732,67.56,0.3400000000000034,0.1,69702,69762,125.89,145.04,30
antes_dia_20,dia 19 - Soja Saudavel Vaso 5,19.0,5.0,1,135.63,69733,67.67,0.10999999999999943,0.1,69703,69763,126.16,145.33,30
antes_dia_20,dia 19 - Soja Saudavel Vaso 5,19.0,5.0,1,135.91,69734,68.88,1.2099999999999937,0.1,69704,69764,126.45,145.61,30
antes_dia_20,dia 19 - Soja Saudavel Vaso 5,19.0,5.0,1,136.19,69735,69.97,1.0900000000000034,0.1,69705,69765,126.73,145.9,30
antes_dia_20,dia 19 - Soja Saudavel Vaso 5,19.0,5.0,1,136.47,69736,71.04,1.0700000000000074,0.1,69706,69766,127.01,146.21,30
antes_dia_20,dia 19 - Soja Saudavel Vaso 5,19.0,5.0,1,136.85,69737,72.43,1.3900000000000006,0.1,69707,69767,127.29,146.53,30
antes_dia_20,dia 19 - Soja Saudavel Vaso 5,19.0,5.0,1,137.18,69738,73.57,1.1399999999999864,0.1,69708,69768,127.58,146.88,30
antes_dia_20,dia 19 - Soja Saudavel Vaso 5,19.0,5.0,1,137.52,69739,74.73,1.1600000000000108,0.1,69709,69769,127.85,147.23,30
antes_dia_20,dia 19 - Soja Saudavel Vaso 5,19.0,5.0,1,137.89,69740,75.94,1.2099999999999937,0.1,69710,69770,128.18,147.61,30
antes_dia_20,dia 19 - Soja Saudavel Vaso 5,19.0,5.0,1,138.25,69741,77.1,1.1599999999999966,0.1,69711,69771,128.52,147.94,30
antes_dia_20,dia 19 - Soja Saudavel Vaso 5,19.0,5.0,1,138.57,69742,78.14,1.0400000000000063,0.1,69712,69772,128.85,148.28,30
antes_dia_20,dia 19 - Soja Saudavel Vaso 5,19.0,5.0,1,138.91,69743,79.23,1.0900000000000034,0.1,69713,69773,129.24,148.62,30
antes_dia_20,dia 19 - Soja Saudavel Vaso 5,19.0,5.0,1,139.24,69744,80.26,1.0300000000000011,0.1,69714,69774,129.55,149.01,30
antes_dia_20,dia 19 - Soja Saudavel Vaso 5,19.0,5.0,1,139.63,69745,81.45,1.1899999999999977,0.1,69715,69775,129.91,149.31,30
antes_dia_20,dia 19 - Soja Saudavel Vaso 5,19.0,5.0,1,139.91,69746,82.3,0.8499999999999943,0.1,69716,69776,130.26,149.6,30
antes_dia_20,dia 19 - Soja Saudavel Vaso 5,19.0,5.0,1,140.19,69747,83.14,0.8400000000000034,0.1,69717,69777,130.65,149.89,30
antes_dia_20,dia 19 - Soja Saudavel Vaso 5,19.0,5.0,1,140.47,69748,83.97,0.8299999999999983,0.1,69718,69778,130.93,150.18,30
antes_dia_20,dia 19 - Soja Saudavel Vaso 5,19.0,5.0,1,140.78,69749,84.87,0.9000000000000057,0.1,69719,69779,131.2,150.46,30
antes_dia_20,dia 19 - Soja Saudavel Vaso 5,19.0,5.0,1,141.07,69750,85.7,0.8299999999999983,0.1,69720,69780,131.47,150.78,30
antes_dia_20,dia 19 - Soja Saudavel Vaso 5,19.0,5.0,1,141.36,69751,86.51,0.8100000000000023,0.1,69721,69781,131.75,151.14,30
antes_dia_20,dia 19 - Soja Saudavel Vaso 5,19.0,5.0,1,141.66,69752,87.32,0.8099999999999881,0.1,69722,69782,132.03,151.47,30
antes_dia_20,dia 19 - Soja Saudavel Vaso 5,19.0,5.0,1,141.99,69753,88.21,0.8900000000000006,0.1,69723,69783,132.31,151.84,30
antes_dia_20,dia 19 - Soja Saudavel Vaso 5,19.0,5.0,1,142.34,69754,89.09,0.8800000000000097,0.1,69724,69784,132.62,152.17,30
antes_dia_20,dia 19 - Soja Saudavel Vaso 5,19.0,5.0,1,142.7,69755,89.9,0.8100000000000023,0.1,69725,69785,132.97,152.49,30
antes_dia_20,dia 19 - Soja Saudavel Vaso 5,19.0,5.0,1,143.07,69756,90.67,0.769999999999996,0.1,69726,69786,133.33,152.82,30
antes_dia_20,dia 19 - Soja Saudavel Vaso 5,19.0,5.0,1,143.41,69757,91.29,0.6200000000000045,0.1,69727,69787,133.68,153.18,30
antes_dia_20,dia 19 - Soja Saudavel Vaso 5,19.0,5.0,1,143.77,69758,91.86,0.5699999999999932,0.1,69728,69788,134.01,153.54,30
antes_dia_20,dia 19 - Soja Saudavel Vaso 5,19.0,5.0,1,144.13,69759,92.33,0.46999999999999886,0.1,69729,69789,134.35,153.84,30
antes_dia_20,dia 19 - Soja Saudavel Vaso 5,19.0,5.0,1,144.47,69760,92.71,0.37999999999999545,0.1,69730,69790,134.68,154.13,30
antes_dia_20,dia 19 - Soja Saudavel Vaso 5,19.0,5.0,1,144.76,69761,92.97,0.2600000000000051,0.1,69731,69791,135.07,154.42,30
antes_dia_20,dia 19 - Soja Saudavel Vaso 5,19.0,5.0,1,145.04,69762,93.17,0.20000000000000284,0.1,69732,69792,135.35,154.71,30
antes_dia_20,dia 19 - Soja Saudavel Vaso 5,19.0,5.0,1,145.33,69763,93.32,0.14999999999999147,0.1,69733,69793,135.63,154.99,30
antes_dia_20,dia 19 - Soja Saudavel Vaso 5,19.0,5.0,1,145.61,69764,93.43,0.11000000000001364,0.1,69734,69794,135.91,155.4,30
